"","V1","V2","V3","V4","V5"
"1",6,9,18,15,12
"2",21,12,12,6,9
"3",6,18,12,12,12
"4",15,15,12,18,NA
"5",9,12,6,15,18
"6",12,12,9,9,18
"7",6,9,12,18,15
"8",12,21,27,NA,NA
"9",9,6,12,18,15
"10",18,9,12,9,12
"11",9,12,9,12,18
"12",12,9,12,15,12
"13",6,12,12,12,18
"14",9,15,12,12,12
"15",9,12,18,21,NA
"16",9,18,12,12,9
"17",18,18,21,3,NA
"18",18,9,15,12,6
"19",9,9,12,15,15
"20",12,12,15,12,9
"21",9,9,12,21,9
"22",9,6,15,21,9
"23",9,9,9,15,18
"24",9,9,21,21,NA
"25",9,12,12,15,12
"26",9,21,15,15,NA
"27",18,21,12,6,3
"28",15,9,15,12,9
"29",12,9,12,9,18
"30",12,12,9,12,15
"31",15,15,15,6,9
"32",9,9,12,15,15
"33",15,9,18,9,9
"34",6,9,15,15,15
"35",9,12,18,21,NA
"36",9,6,12,18,15
"37",9,12,30,9,NA
"38",12,18,12,6,12
"39",9,6,9,18,18
"40",12,9,9,15,15
"41",12,15,9,9,15
"42",9,12,9,15,15
"43",12,15,9,12,12
"44",12,12,12,18,6
"45",9,18,12,12,9
"46",12,12,9,18,9
"47",12,9,12,15,12
"48",12,12,12,12,12
"49",6,15,21,12,6
"50",12,15,18,15,NA
"51",18,9,9,15,9
"52",18,15,12,6,9
"53",6,12,12,12,18
"54",12,9,9,15,15
"55",12,21,15,12,NA
"56",12,9,12,15,12
"57",9,12,15,12,12
"58",9,15,12,6,18
"59",12,6,9,15,18
"60",9,12,12,15,12
"61",12,9,9,12,18
"62",15,12,9,9,15
"63",9,12,15,12,12
"64",12,9,12,12,15
"65",9,9,15,15,12
"66",12,9,9,15,15
"67",6,12,18,9,15
"68",9,12,21,18,NA
"69",9,6,12,15,18
"70",12,12,9,18,9
"71",12,9,12,15,12
"72",9,18,15,12,6
"73",9,12,12,12,15
"74",9,12,12,15,12
"75",12,9,15,9,15
"76",6,9,15,18,12
"77",12,9,12,12,15
"78",15,6,12,15,12
"79",12,12,18,12,6
"80",12,15,18,9,6
"81",9,9,15,15,12
"82",6,15,12,15,12
"83",12,15,9,15,9
"84",12,12,12,12,12
"85",12,12,12,9,15
"86",12,9,9,18,12
"87",21,9,18,12,NA
"88",6,15,18,9,12
"89",18,12,18,6,6
"90",18,9,9,12,12
"91",9,9,12,18,12
"92",15,12,9,12,12
"93",6,9,18,18,9
"94",15,18,9,9,9
"95",9,9,15,12,15
"96",6,12,12,9,21
"97",12,9,15,15,9
"98",6,12,12,15,15
"99",6,12,9,18,15
"100",15,12,12,12,9
"101",9,18,12,12,9
"102",9,12,9,12,18
"103",12,24,12,12,NA
"104",21,30,9,NA,NA
"105",9,9,12,12,18
"106",6,6,12,24,12
"107",12,12,9,18,9
"108",9,9,21,15,6
"109",6,12,18,15,9
"110",12,9,15,12,12
"111",15,9,12,12,12
"112",21,12,21,3,3
"113",9,12,18,12,9
"114",9,9,15,12,15
"115",15,6,12,12,15
"116",12,12,9,15,12
"117",9,12,9,18,12
"118",12,9,21,12,6
"119",9,12,12,21,6
"120",18,18,24,NA,NA
"121",9,12,21,12,6
"122",12,9,18,21,NA
"123",6,6,18,18,12
"124",12,12,15,9,12
"125",9,9,15,15,12
"126",15,12,15,12,6
"127",9,12,12,12,15
"128",9,9,15,12,15
"129",9,15,9,12,15
"130",12,6,12,21,9
"131",9,9,12,18,12
"132",15,9,12,12,12
"133",12,9,12,12,15
"134",9,9,12,15,15
"135",9,9,12,12,18
"136",15,9,15,15,6
"137",15,12,9,12,12
"138",9,12,9,18,12
"139",12,9,12,15,12
"140",12,12,18,9,9
"141",9,12,15,18,6
"142",12,9,15,12,12
"143",6,12,15,15,12
"144",15,6,15,12,12
"145",9,9,12,18,12
"146",9,9,12,9,21
"147",6,12,21,18,3
"148",15,12,15,9,9
"149",12,9,12,12,15
"150",9,12,12,15,12
"151",6,9,24,12,9
"152",12,12,9,15,12
"153",18,15,18,6,3
"154",6,9,15,15,15
"155",12,15,15,18,NA
"156",9,15,12,9,15
"157",18,12,NA,NA,NA
"158",12,6,15,12,15
"159",15,12,15,9,9
"160",9,21,18,6,6
"161",12,6,9,15,18
"162",9,15,15,9,12
"163",18,15,12,9,6
"164",9,12,21,9,9
"165",12,9,9,15,15
"166",6,9,9,15,21
"167",21,12,27,NA,NA
"168",12,12,9,9,18
"169",12,15,9,12,12
"170",15,9,15,12,9
"171",12,9,15,18,6
"172",9,12,12,18,9
"173",12,15,9,18,6
"174",12,9,12,15,12
"175",6,9,12,15,18
"176",12,12,15,9,12
"177",9,9,15,15,12
"178",12,6,12,12,18
"179",21,12,21,6,NA
"180",12,9,9,12,18
"181",21,12,18,6,3
"182",6,12,18,12,12
"183",9,21,9,9,12
"184",9,6,12,18,15
"185",15,12,9,12,12
"186",12,12,9,21,6
"187",6,15,12,15,12
"188",12,6,18,15,9
"189",9,9,12,21,9
"190",12,9,12,12,15
"191",9,18,15,9,9
"192",21,9,NA,NA,NA
"193",6,12,15,12,15
"194",9,6,12,18,15
"195",9,12,9,9,21
"196",9,12,18,12,9
"197",12,18,18,12,NA
"198",9,9,18,12,12
"199",9,9,21,12,9
"200",9,15,15,9,12
"201",9,15,12,15,9
"202",12,12,9,15,12
"203",6,9,12,21,12
"204",9,15,12,12,12
"205",6,12,9,15,18
"206",9,15,12,9,15
"207",9,12,9,15,15
"208",15,6,12,15,12
"209",21,6,12,9,12
"210",15,9,9,18,9
"211",12,12,12,12,12
"212",9,6,12,12,21
"213",12,9,12,15,12
"214",12,12,9,12,15
"215",12,15,12,15,6
"216",12,15,9,15,9
"217",6,9,9,18,18
"218",18,9,12,12,9
"219",12,12,9,12,15
"220",15,9,12,12,12
"221",15,12,9,9,15
"222",6,18,9,6,21
"223",9,9,15,15,12
"224",12,9,15,18,6
"225",9,15,12,9,15
"226",9,12,18,9,12
"227",12,12,12,12,12
"228",24,9,18,9,NA
"229",15,18,12,9,6
"230",15,6,9,15,15
"231",9,12,15,12,12
"232",18,15,18,9,NA
"233",6,15,12,15,12
"234",6,9,18,15,12
"235",12,6,18,15,9
"236",9,9,12,12,18
"237",12,15,9,9,15
"238",9,12,15,9,15
"239",9,12,12,12,15
"240",12,15,12,12,9
"241",9,12,12,12,15
"242",18,18,18,3,3
"243",15,18,12,15,NA
"244",9,15,15,9,12
"245",12,6,12,15,15
"246",9,9,12,15,15
"247",12,12,18,9,9
"248",18,12,12,9,9
"249",6,12,12,9,21
"250",12,9,12,15,12
"251",15,12,9,12,12
"252",15,12,18,6,9
"253",12,15,9,15,9
"254",9,15,12,15,9
"255",9,15,12,15,9
"256",15,12,15,18,NA
"257",9,12,12,15,12
"258",12,15,12,12,9
"259",12,9,12,9,18
"260",12,6,12,18,12
"261",9,12,21,18,NA
"262",9,12,9,18,12
"263",12,12,6,12,18
"264",12,6,12,15,15
"265",15,12,12,9,12
"266",9,12,12,18,9
"267",12,9,15,15,9
"268",18,9,9,9,15
"269",12,12,12,15,9
"270",15,15,18,12,NA
"271",12,12,15,15,6
"272",9,12,18,12,9
"273",12,6,15,12,15
"274",15,9,15,9,12
"275",12,9,21,12,6
"276",12,9,15,12,12
"277",15,6,15,24,NA
"278",9,9,15,15,12
"279",9,12,6,18,15
"280",12,12,9,15,12
"281",6,9,21,12,12
"282",12,9,9,15,15
"283",18,33,9,NA,NA
"284",12,9,15,12,12
"285",21,12,27,NA,NA
"286",15,9,15,9,12
"287",15,9,15,15,6
"288",18,9,15,18,NA
"289",6,9,15,12,18
"290",12,15,12,12,9
"291",9,6,12,18,15
"292",15,9,12,12,12
"293",6,15,9,15,15
"294",21,12,9,9,9
"295",12,12,12,12,12
"296",12,12,9,15,12
"297",6,6,15,18,15
"298",15,6,18,12,9
"299",12,18,15,15,NA
"300",15,9,12,15,9
"301",9,9,9,15,18
"302",12,18,15,6,9
"303",12,12,15,12,9
"304",9,15,24,12,NA
"305",12,12,18,15,3
"306",9,12,15,9,15
"307",6,15,12,15,12
"308",12,15,18,15,NA
"309",9,9,15,15,12
"310",9,12,12,15,12
"311",18,15,18,9,NA
"312",9,15,9,15,12
"313",6,9,12,12,21
"314",9,15,18,18,NA
"315",9,12,21,18,NA
"316",6,9,15,21,9
"317",12,15,12,12,9
"318",15,12,6,12,15
"319",15,15,15,15,NA
"320",18,15,15,12,NA
"321",9,18,6,12,15
"322",9,9,12,15,15
"323",9,9,12,15,15
"324",12,21,12,15,NA
"325",6,9,12,21,12
"326",9,9,15,18,9
"327",9,6,15,18,12
"328",12,9,15,9,15
"329",9,12,15,12,12
"330",12,12,12,12,12
"331",9,15,15,9,12
"332",12,9,15,15,9
"333",9,12,9,15,15
"334",9,9,15,15,12
"335",12,12,12,9,15
"336",15,12,6,15,12
"337",6,12,18,15,9
"338",12,15,15,12,6
"339",12,12,9,15,12
"340",6,9,18,15,12
"341",9,9,15,15,12
"342",9,12,12,15,12
"343",12,6,9,21,12
"344",6,9,18,12,15
"345",15,18,21,6,NA
"346",12,15,21,12,NA
"347",12,12,6,15,15
"348",12,12,12,12,12
"349",6,9,6,21,18
"350",9,9,18,18,6
"351",15,12,9,15,9
"352",12,12,15,12,9
"353",9,12,9,15,15
"354",9,15,9,12,15
"355",9,6,12,21,12
"356",15,15,18,9,3
"357",15,9,12,12,12
"358",9,18,6,12,15
"359",9,6,21,12,12
"360",12,15,9,12,12
"361",15,12,15,18,NA
"362",12,12,15,15,6
"363",9,6,12,12,21
"364",12,9,12,15,12
"365",12,21,12,9,6
"366",9,6,12,15,18
"367",18,9,12,12,9
"368",9,12,9,12,18
"369",15,6,9,15,15
"370",9,18,6,15,12
"371",9,6,18,15,12
"372",6,15,15,15,9
"373",12,12,12,18,6
"374",6,9,18,12,15
"375",15,9,6,15,15
"376",18,15,15,12,NA
"377",6,15,9,15,15
"378",15,9,21,15,NA
"379",12,9,15,12,12
"380",18,27,6,6,3
"381",12,9,18,12,9
"382",6,12,18,9,15
"383",9,12,15,9,15
"384",12,12,21,15,NA
"385",9,9,21,12,9
"386",18,9,9,12,12
"387",9,12,15,6,18
"388",9,9,15,12,15
"389",12,12,18,12,6
"390",9,9,12,18,12
"391",12,15,9,9,15
"392",12,12,6,15,15
"393",6,12,12,12,18
"394",9,6,12,18,15
"395",15,12,9,15,9
"396",15,12,15,18,NA
"397",15,6,12,18,9
"398",9,12,12,18,9
"399",9,9,15,9,18
"400",12,12,12,9,15
"401",6,15,9,18,12
"402",6,15,24,9,6
"403",12,15,18,15,NA
"404",15,6,12,18,9
"405",9,12,15,9,15
"406",12,6,15,15,12
"407",6,15,12,12,15
"408",12,15,9,12,12
"409",9,15,9,15,12
"410",12,12,9,15,12
"411",15,9,15,21,NA
"412",9,21,12,9,9
"413",12,12,15,9,12
"414",12,12,18,18,NA
"415",12,9,12,12,15
"416",9,9,18,9,15
"417",15,9,12,6,18
"418",6,15,12,15,12
"419",9,12,9,12,18
"420",9,12,15,9,15
"421",9,12,12,9,18
"422",12,9,12,15,12
"423",21,12,18,9,NA
"424",9,12,12,9,18
"425",15,12,33,NA,NA
"426",9,18,12,9,12
"427",9,12,9,12,18
"428",9,12,12,15,12
"429",12,21,15,12,NA
"430",9,12,15,18,6
"431",15,9,12,12,12
"432",9,18,15,9,9
"433",12,12,12,15,9
"434",12,12,12,15,9
"435",9,9,18,15,9
"436",15,6,12,15,12
"437",9,12,12,9,18
"438",15,9,9,12,15
"439",12,12,9,12,15
"440",9,15,12,12,12
"441",18,15,12,15,NA
"442",6,9,15,15,15
"443",6,12,15,12,15
"444",9,12,12,15,12
"445",9,15,15,9,12
"446",9,12,18,12,9
"447",15,9,12,12,12
"448",9,9,18,15,9
"449",9,9,15,15,12
"450",12,6,12,15,15
"451",9,9,18,15,9
"452",12,12,9,15,12
"453",15,12,18,9,6
"454",9,12,15,12,12
"455",6,12,12,12,18
"456",6,12,18,12,12
"457",12,12,15,12,9
"458",9,15,12,12,12
"459",18,9,12,6,15
"460",9,18,15,12,6
"461",9,15,12,18,6
"462",9,9,12,18,12
"463",18,6,9,15,12
"464",15,9,12,12,12
"465",9,12,15,15,9
"466",12,9,12,15,12
"467",18,9,12,9,12
"468",18,9,12,9,12
"469",12,12,15,12,9
"470",9,9,15,9,18
"471",9,12,15,15,9
"472",15,15,12,9,9
"473",12,12,18,9,9
"474",15,15,9,12,9
"475",9,15,15,9,12
"476",12,12,12,12,12
"477",12,15,21,12,NA
"478",9,9,12,21,9
"479",15,9,15,12,9
"480",18,12,NA,NA,NA
"481",15,9,15,12,9
"482",9,12,12,18,9
"483",21,18,15,6,NA
"484",6,12,15,15,12
"485",6,15,15,9,15
"486",15,12,12,9,12
"487",12,18,9,12,9
"488",3,15,12,18,12
"489",6,15,15,6,18
"490",9,6,18,15,12
"491",12,6,21,6,15
"492",12,12,15,15,6
"493",15,12,18,15,NA
"494",9,15,18,18,NA
"495",6,9,15,12,18
"496",12,15,12,12,9
"497",15,9,18,9,9
"498",9,12,18,21,NA
"499",12,9,18,9,12
"500",15,15,9,9,12
"501",9,12,12,12,15
"502",9,15,12,9,15
"503",9,12,15,18,6
"504",6,9,15,18,12
"505",9,12,18,9,12
"506",9,18,15,12,6
"507",9,15,15,9,12
"508",9,6,21,12,12
"509",9,12,12,12,15
"510",6,18,15,15,6
"511",9,12,9,12,18
"512",9,12,18,9,12
"513",12,12,21,15,NA
"514",9,12,15,15,9
"515",24,9,12,15,NA
"516",12,6,9,18,15
"517",9,15,6,18,12
"518",6,21,9,15,9
"519",9,18,9,9,15
"520",9,15,12,9,15
"521",15,9,9,12,15
"522",30,15,15,NA,NA
"523",9,12,12,15,12
"524",12,15,12,9,12
"525",15,9,15,12,9
"526",15,9,9,18,9
"527",6,15,21,12,6
"528",12,9,15,12,12
"529",9,9,18,21,3
"530",9,12,12,12,15
"531",9,9,18,18,6
"532",12,12,12,12,12
"533",18,12,15,15,NA
"534",12,9,18,12,9
"535",9,15,12,12,12
"536",12,12,9,15,12
"537",9,6,12,21,12
"538",12,9,12,12,15
"539",9,6,15,18,12
"540",15,18,15,12,NA
"541",15,33,NA,NA,NA
"542",12,6,9,15,18
"543",12,6,12,15,15
"544",9,12,15,18,6
"545",12,12,9,12,15
"546",12,9,12,15,12
"547",9,12,12,12,15
"548",12,6,18,12,12
"549",9,15,12,15,9
"550",6,21,9,9,15
"551",12,15,15,18,NA
"552",9,12,12,15,12
"553",9,12,18,12,9
"554",12,12,18,18,NA
"555",9,15,15,6,15
"556",12,9,15,12,12
"557",18,15,15,6,6
"558",12,12,18,18,NA
"559",9,9,21,12,9
"560",9,12,27,12,NA
"561",12,15,15,18,NA
"562",12,12,21,15,NA
"563",12,6,18,12,12
"564",9,12,15,12,12
"565",12,9,12,15,12
"566",9,6,18,15,12
"567",9,12,18,21,NA
"568",9,9,21,21,NA
"569",9,12,12,15,12
"570",9,6,12,15,18
"571",15,12,12,15,6
"572",9,15,9,12,15
"573",12,12,9,9,18
"574",6,12,9,12,21
"575",9,6,15,15,15
"576",9,15,12,12,12
"577",12,21,12,6,9
"578",6,15,12,15,12
"579",12,9,15,18,6
"580",15,6,12,12,15
"581",15,9,15,15,6
"582",12,9,15,15,9
"583",9,12,9,15,15
"584",12,18,12,9,9
"585",9,15,9,12,15
"586",9,9,12,15,15
"587",15,6,15,15,9
"588",9,12,12,12,15
"589",12,12,6,15,15
"590",9,9,12,21,9
"591",15,12,18,6,9
"592",6,12,15,15,12
"593",15,12,12,12,9
"594",9,12,9,18,12
"595",9,15,24,12,NA
"596",9,6,12,15,18
"597",12,6,15,15,12
"598",9,15,12,12,12
"599",15,9,15,12,9
"600",6,6,12,18,18
"601",12,9,9,18,12
"602",12,9,15,12,12
"603",9,15,12,12,12
"604",12,12,9,9,18
"605",6,15,12,15,12
"606",12,15,6,12,15
"607",9,15,9,12,15
"608",6,9,21,24,NA
"609",12,15,9,9,15
"610",12,15,9,15,9
"611",12,12,6,15,15
"612",21,12,12,6,9
"613",6,18,12,12,12
"614",12,6,15,15,12
"615",15,15,9,9,12
"616",9,9,15,15,12
"617",12,15,21,12,NA
"618",15,12,9,15,9
"619",15,6,12,15,12
"620",12,9,9,18,12
"621",9,9,15,12,15
"622",9,9,9,18,15
"623",9,6,15,15,15
"624",9,12,12,12,15
"625",9,18,12,9,12
"626",15,15,9,9,12
"627",18,12,21,3,6
"628",6,9,12,21,12
"629",12,12,6,12,18
"630",18,12,9,12,9
"631",9,12,15,9,15
"632",15,9,12,12,12
"633",12,9,9,9,21
"634",12,15,9,12,12
"635",9,9,12,12,18
"636",15,12,21,12,NA
"637",12,12,9,15,12
"638",12,9,9,12,18
"639",6,15,15,9,15
"640",6,18,15,12,9
"641",9,9,15,12,15
"642",9,12,12,15,12
"643",12,9,9,15,15
"644",18,9,15,18,NA
"645",9,9,12,15,15
"646",15,9,12,12,12
"647",9,15,15,12,9
"648",12,12,12,6,18
"649",9,15,12,12,12
"650",12,6,12,18,12
"651",9,12,15,12,12
"652",12,12,15,9,12
"653",12,6,15,12,15
"654",9,15,12,15,9
"655",18,27,15,NA,NA
"656",12,12,15,12,9
"657",9,9,12,12,18
"658",6,12,15,12,15
"659",9,9,15,15,12
"660",9,12,15,9,15
"661",9,12,9,18,12
"662",12,6,12,15,15
"663",9,15,9,12,15
"664",12,18,12,9,9
"665",12,12,15,21,NA
"666",9,6,15,12,18
"667",6,12,18,9,15
"668",9,9,15,12,15
"669",12,15,12,12,9
"670",12,9,18,9,12
"671",15,9,15,12,9
"672",12,9,9,12,18
"673",15,9,9,15,12
"674",12,6,12,15,15
"675",9,18,9,12,12
"676",12,9,12,18,9
"677",15,18,18,6,3
"678",9,9,15,15,12
"679",15,12,9,12,12
"680",12,12,15,12,9
"681",9,12,15,12,12
"682",6,12,12,12,18
"683",18,9,15,12,6
"684",12,9,15,9,15
"685",9,6,18,15,12
"686",18,12,21,9,NA
"687",12,9,15,21,3
"688",21,21,18,NA,NA
"689",9,12,12,12,15
"690",12,9,12,12,15
"691",12,9,15,15,9
"692",9,12,12,15,12
"693",9,9,18,9,15
"694",15,18,21,6,NA
"695",12,9,6,18,15
"696",12,9,9,15,15
"697",6,12,21,12,9
"698",12,15,9,12,12
"699",9,9,21,12,9
"700",18,9,18,9,6
"701",15,6,12,12,15
"702",6,15,15,9,15
"703",15,12,18,15,NA
"704",12,6,15,15,12
"705",12,12,18,18,NA
"706",15,9,15,21,NA
"707",12,12,6,18,12
"708",12,9,12,15,12
"709",9,6,12,12,21
"710",9,15,15,9,12
"711",9,12,15,12,12
"712",12,12,9,9,18
"713",15,9,9,15,12
"714",12,9,12,12,15
"715",15,12,21,3,9
"716",9,12,12,15,12
"717",18,21,21,NA,NA
"718",12,18,18,9,3
"719",9,12,12,15,12
"720",12,12,6,9,21
"721",9,12,12,9,18
"722",9,12,18,9,12
"723",6,12,9,21,12
"724",9,6,15,18,12
"725",9,9,12,12,18
"726",12,12,15,9,12
"727",18,15,21,6,NA
"728",12,12,15,12,9
"729",18,12,9,9,12
"730",12,9,9,18,12
"731",9,12,15,12,12
"732",9,12,21,9,9
"733",15,9,9,15,12
"734",12,12,9,15,12
"735",15,9,12,9,15
"736",6,9,27,18,NA
"737",12,9,15,6,18
"738",6,9,15,18,12
"739",12,18,12,9,9
"740",12,12,9,12,15
"741",6,18,6,12,18
"742",15,18,12,6,9
"743",12,12,21,6,9
"744",15,9,36,NA,NA
"745",12,9,12,12,15
"746",9,9,12,12,18
"747",9,12,18,12,9
"748",12,15,9,15,9
"749",9,15,12,9,15
"750",18,18,6,6,12
"751",9,12,12,12,15
"752",12,12,15,21,NA
"753",15,9,15,9,12
"754",9,15,12,12,12
"755",9,9,18,9,15
"756",18,15,24,3,NA
"757",12,12,12,12,12
"758",6,12,15,15,12
"759",18,9,9,12,12
"760",12,12,15,12,9
"761",12,15,15,12,6
"762",12,12,18,12,6
"763",15,9,12,9,15
"764",15,12,15,12,6
"765",6,12,15,9,18
"766",12,12,12,12,12
"767",15,12,12,12,9
"768",6,12,21,12,9
"769",9,18,9,12,12
"770",12,15,15,6,12
"771",12,12,9,15,12
"772",15,24,15,6,NA
"773",12,12,9,15,12
"774",9,18,15,18,NA
"775",9,12,9,15,15
"776",18,12,9,9,12
"777",9,15,6,15,15
"778",12,18,9,12,9
"779",12,6,15,9,18
"780",6,15,18,21,NA
"781",15,9,12,15,9
"782",21,12,12,9,6
"783",12,12,9,9,18
"784",12,12,9,15,12
"785",6,15,15,12,12
"786",12,15,9,15,9
"787",12,6,24,18,NA
"788",12,12,12,9,15
"789",9,12,12,6,21
"790",9,9,21,12,9
"791",12,12,21,15,NA
"792",15,12,6,9,18
"793",6,12,21,21,NA
"794",12,15,21,12,NA
"795",12,12,9,15,12
"796",12,12,12,15,9
"797",21,15,21,3,NA
"798",9,18,12,12,9
"799",9,18,21,6,6
"800",12,12,9,15,12
"801",15,9,6,12,18
"802",12,12,12,9,15
"803",12,12,9,12,15
"804",24,12,12,NA,NA
"805",18,6,12,15,9
"806",9,21,18,12,NA
"807",6,12,12,15,15
"808",15,9,27,9,NA
"809",15,15,12,15,3
"810",12,12,18,12,6
"811",9,15,12,9,15
"812",18,9,15,9,9
"813",12,6,15,18,9
"814",9,15,9,9,18
"815",12,9,15,12,12
"816",6,9,12,12,21
"817",18,9,12,9,12
"818",12,6,6,24,12
"819",9,12,15,15,9
"820",15,18,12,12,3
"821",9,9,12,18,12
"822",12,15,12,9,12
"823",6,15,15,9,15
"824",9,9,9,15,18
"825",9,6,21,12,12
"826",9,12,6,18,15
"827",15,9,15,12,9
"828",12,9,9,15,15
"829",9,12,12,18,9
"830",15,15,15,15,NA
"831",15,18,12,15,NA
"832",9,9,12,15,15
"833",12,12,21,6,9
"834",9,15,18,9,9
"835",6,15,9,15,15
"836",21,9,18,NA,NA
"837",15,12,9,15,9
"838",12,12,12,18,6
"839",6,15,9,12,18
"840",9,9,6,21,15
"841",9,9,12,12,18
"842",9,12,15,12,12
"843",12,12,15,12,9
"844",12,9,15,9,15
"845",6,12,15,15,12
"846",9,12,18,18,3
"847",15,12,18,9,6
"848",12,9,12,12,15
"849",9,12,9,15,15
"850",18,9,12,15,6
"851",15,12,9,18,6
"852",12,9,12,15,12
"853",12,12,6,15,15
"854",9,9,15,18,9
"855",9,12,15,12,12
"856",15,9,18,12,6
"857",15,9,12,9,15
"858",9,18,18,15,NA
"859",9,15,12,12,12
"860",6,12,9,15,18
"861",9,12,9,18,12
"862",15,12,12,12,9
"863",12,12,15,12,9
"864",6,12,18,15,9
"865",12,12,15,12,9
"866",9,9,9,18,15
"867",15,15,21,6,3
"868",12,12,9,9,18
"869",12,15,12,12,9
"870",6,9,12,27,6
"871",12,15,9,15,9
"872",6,9,15,18,12
"873",9,18,9,15,9
"874",24,24,9,3,NA
"875",15,18,9,9,9
"876",15,6,15,21,3
"877",6,15,15,12,12
"878",12,9,15,15,9
"879",12,15,9,12,12
"880",9,18,15,12,6
"881",9,15,6,12,18
"882",9,6,15,15,15
"883",6,9,15,18,12
"884",15,12,33,NA,NA
"885",9,6,12,18,15
"886",15,12,12,21,NA
"887",15,12,6,15,12
"888",9,9,15,18,9
"889",12,12,15,9,12
"890",12,12,9,12,15
"891",12,12,27,9,NA
"892",12,15,9,15,9
"893",12,12,12,18,6
"894",12,6,15,15,12
"895",9,12,15,9,15
"896",9,18,9,15,9
"897",12,12,12,9,15
"898",12,9,12,15,12
"899",18,12,15,15,NA
"900",12,9,12,12,15
"901",12,9,12,15,12
"902",12,12,15,21,NA
"903",12,9,12,15,12
"904",9,12,15,12,12
"905",9,15,9,18,9
"906",9,12,9,12,18
"907",15,9,15,9,12
"908",12,9,12,12,15
"909",9,12,9,12,18
"910",9,18,18,12,3
"911",6,12,9,15,18
"912",9,9,18,12,12
"913",12,15,12,15,6
"914",6,15,33,6,NA
"915",15,6,18,21,NA
"916",9,15,9,12,15
"917",6,6,18,15,15
"918",12,12,15,9,12
"919",15,12,12,12,9
"920",12,18,18,6,6
"921",9,15,6,9,21
"922",9,9,12,15,15
"923",12,9,9,12,18
"924",6,12,15,15,12
"925",12,15,9,12,12
"926",18,12,21,6,3
"927",12,12,9,15,12
"928",12,12,15,12,9
"929",12,9,12,12,15
"930",9,12,15,12,12
"931",6,15,18,12,9
"932",15,12,21,12,NA
"933",15,12,6,15,12
"934",12,9,9,15,15
"935",15,12,18,15,NA
"936",9,12,12,12,15
"937",9,18,21,12,NA
"938",15,9,12,9,15
"939",9,12,9,15,15
"940",9,6,18,18,9
"941",6,15,12,15,12
"942",6,15,18,18,3
"943",9,6,12,18,15
"944",6,12,15,9,18
"945",15,9,12,12,12
"946",6,9,9,18,18
"947",12,9,12,21,6
"948",9,12,18,12,9
"949",9,15,15,12,9
"950",12,6,18,9,15
"951",12,18,9,12,9
"952",12,12,12,9,15
"953",12,9,18,9,12
"954",6,12,12,18,12
"955",24,18,18,NA,NA
"956",12,6,15,15,12
"957",9,9,15,15,12
"958",9,9,15,15,12
"959",6,9,24,15,6
"960",15,12,24,9,NA
"961",12,9,9,12,18
"962",18,6,12,15,9
"963",9,21,12,9,9
"964",18,12,12,18,NA
"965",9,9,15,18,9
"966",12,9,12,15,12
"967",9,15,12,9,15
"968",9,18,15,9,9
"969",9,12,21,18,NA
"970",15,18,12,15,NA
"971",15,12,12,9,12
"972",6,9,15,12,18
"973",9,12,9,18,12
"974",9,6,12,21,12
"975",15,9,15,9,12
"976",9,12,12,15,12
"977",9,9,12,15,15
"978",12,12,9,15,12
"979",12,12,21,15,NA
"980",15,6,15,12,12
"981",12,12,18,9,9
"982",12,15,12,12,9
"983",12,12,9,15,12
"984",15,6,12,15,12
"985",12,9,12,12,15
"986",15,9,18,18,NA
"987",18,6,18,12,6
"988",12,12,15,12,9
"989",12,9,12,15,12
"990",12,12,6,21,9
"991",12,9,12,12,15
"992",15,15,18,12,NA
"993",12,15,12,9,12
"994",15,12,12,9,12
"995",18,12,21,9,NA
"996",6,15,27,12,NA
"997",9,9,15,12,15
"998",9,12,9,18,12
"999",6,18,12,12,12
"1000",15,9,18,18,NA
"1001",12,15,9,18,6
"1002",12,12,15,9,12
"1003",12,9,24,15,NA
"1004",12,18,15,9,6
"1005",24,12,24,NA,NA
"1006",6,21,27,6,NA
"1007",9,18,9,15,9
"1008",12,15,12,9,12
"1009",12,6,21,15,6
"1010",15,6,12,15,12
"1011",9,9,15,12,15
"1012",12,12,15,9,12
"1013",9,12,18,12,9
"1014",12,12,18,6,12
"1015",12,6,9,12,21
"1016",12,9,6,18,15
"1017",12,9,12,12,15
"1018",12,12,9,9,18
"1019",9,18,6,15,12
"1020",9,18,9,15,9
"1021",12,6,9,12,21
"1022",9,9,12,15,15
"1023",6,12,15,9,18
"1024",12,12,15,12,9
"1025",18,9,21,3,9
"1026",15,15,9,18,3
"1027",6,9,9,12,24
"1028",9,6,15,15,15
"1029",9,12,15,12,12
"1030",12,6,12,18,12
"1031",9,12,15,15,9
"1032",9,12,12,12,15
"1033",12,12,9,9,18
"1034",12,12,9,15,12
"1035",12,9,18,21,NA
"1036",12,9,6,15,18
"1037",9,12,12,12,15
"1038",9,12,9,15,15
"1039",12,15,9,12,12
"1040",6,15,12,15,12
"1041",6,12,12,15,15
"1042",6,21,15,18,NA
"1043",12,21,21,3,3
"1044",9,12,15,15,9
"1045",18,12,15,15,NA
"1046",15,12,15,18,NA
"1047",9,6,18,18,9
"1048",9,12,9,15,15
"1049",12,9,15,9,15
"1050",12,9,12,12,15
"1051",9,18,12,9,12
"1052",15,12,12,9,12
"1053",9,12,9,12,18
"1054",9,12,21,12,6
"1055",15,6,18,12,9
"1056",12,12,12,9,15
"1057",9,12,12,12,15
"1058",15,12,9,9,15
"1059",9,15,9,6,21
"1060",12,12,9,12,15
"1061",15,15,12,15,3
"1062",9,12,21,12,6
"1063",9,6,9,18,18
"1064",9,6,18,12,15
"1065",6,12,12,15,15
"1066",12,6,18,15,9
"1067",12,9,12,18,9
"1068",6,18,12,12,12
"1069",12,18,12,18,NA
"1070",12,9,18,9,12
"1071",9,6,15,15,15
"1072",9,9,15,15,12
"1073",12,9,12,12,15
"1074",9,12,12,18,9
"1075",9,6,15,12,18
"1076",9,12,24,9,6
"1077",12,12,6,12,18
"1078",9,9,15,12,15
"1079",12,12,15,21,NA
"1080",12,12,15,21,NA
"1081",9,12,12,9,18
"1082",15,6,15,12,12
"1083",12,12,12,12,12
"1084",15,9,12,12,12
"1085",9,6,15,12,18
"1086",6,12,15,15,12
"1087",18,12,9,12,9
"1088",6,12,15,12,15
"1089",9,15,12,9,15
"1090",6,9,15,18,12
"1091",15,12,3,NA,NA
"1092",12,9,15,12,12
"1093",9,9,12,12,18
"1094",9,15,9,12,15
"1095",15,9,12,6,18
"1096",12,12,18,6,12
"1097",12,9,12,15,12
"1098",9,9,15,18,9
"1099",18,9,9,18,6
"1100",15,9,12,12,12
"1101",15,9,18,18,NA
"1102",15,12,15,9,9
"1103",12,6,12,12,18
"1104",12,6,15,15,12
"1105",15,12,9,18,6
"1106",12,9,12,15,12
"1107",9,12,12,15,12
"1108",9,9,15,12,15
"1109",9,12,15,12,12
"1110",9,12,21,9,9
"1111",15,9,6,15,15
"1112",15,15,12,18,NA
"1113",12,12,9,15,12
"1114",9,12,15,15,9
"1115",12,12,21,15,NA
"1116",12,9,12,15,12
"1117",9,12,15,12,12
"1118",12,6,12,15,15
"1119",18,3,9,15,15
"1120",12,12,15,15,6
"1121",12,12,9,15,12
"1122",6,12,18,15,9
"1123",12,12,12,12,12
"1124",12,12,15,9,12
"1125",9,15,9,18,9
"1126",6,18,12,12,12
"1127",15,9,9,15,12
"1128",12,9,12,9,18
"1129",12,6,9,15,18
"1130",12,18,21,9,NA
"1131",15,15,9,9,12
"1132",24,6,15,15,NA
"1133",9,15,24,12,NA
"1134",9,9,9,12,21
"1135",9,15,15,6,15
"1136",12,9,21,18,NA
"1137",9,15,9,12,15
"1138",9,15,12,12,12
"1139",12,9,18,9,12
"1140",15,15,NA,NA,NA
"1141",9,12,15,9,15
"1142",12,12,12,9,15
"1143",18,6,12,15,9
"1144",9,15,12,9,15
"1145",12,21,24,3,NA
"1146",15,6,12,15,12
"1147",6,9,15,12,18
"1148",9,12,9,18,12
"1149",9,9,15,9,18
"1150",9,12,9,18,12
"1151",9,12,15,21,3
"1152",6,12,15,12,15
"1153",9,12,18,12,9
"1154",9,15,12,9,15
"1155",9,12,9,12,18
"1156",24,9,15,12,NA
"1157",9,18,12,15,6
"1158",24,15,21,NA,NA
"1159",9,15,9,12,15
"1160",12,9,15,15,9
"1161",9,12,12,12,15
"1162",15,6,9,18,12
"1163",18,12,12,9,9
"1164",9,18,6,12,15
"1165",12,12,12,12,12
"1166",9,15,12,15,9
"1167",9,9,12,9,21
"1168",6,15,18,9,12
"1169",15,9,12,9,15
"1170",12,9,15,18,6
"1171",18,12,12,18,NA
"1172",12,12,12,12,12
"1173",6,12,9,9,24
"1174",6,15,21,18,NA
"1175",15,9,9,9,18
"1176",9,15,12,15,9
"1177",6,15,12,12,15
"1178",9,9,18,15,9
"1179",15,15,30,NA,NA
"1180",21,6,21,12,NA
"1181",12,12,12,12,12
"1182",6,12,15,9,18
"1183",6,15,12,21,6
"1184",15,9,12,9,15
"1185",15,15,21,9,NA
"1186",12,6,12,18,12
"1187",9,12,15,12,12
"1188",9,9,9,12,21
"1189",15,9,24,12,NA
"1190",9,12,15,9,15
"1191",12,12,9,12,15
"1192",9,9,15,12,15
"1193",9,6,18,15,12
"1194",12,9,12,15,12
"1195",15,12,3,NA,NA
"1196",12,15,12,15,6
"1197",9,12,21,18,NA
"1198",9,9,15,15,12
"1199",9,6,15,15,15
"1200",9,15,9,12,15
"1201",9,12,18,9,12
"1202",12,18,24,6,NA
"1203",15,9,18,12,6
"1204",12,9,12,15,12
"1205",6,9,12,18,15
"1206",15,12,12,12,9
"1207",9,9,12,12,18
"1208",12,12,18,12,6
"1209",15,12,9,12,12
"1210",12,9,15,15,9
"1211",12,12,9,15,12
"1212",9,12,18,9,12
"1213",12,9,15,12,12
"1214",9,15,12,12,12
"1215",6,9,15,12,18
"1216",12,12,9,9,18
"1217",9,12,6,15,18
"1218",12,15,12,9,12
"1219",12,12,12,9,15
"1220",6,15,6,18,15
"1221",9,12,9,12,18
"1222",9,21,15,12,3
"1223",12,12,12,12,12
"1224",9,6,18,12,15
"1225",12,12,9,12,15
"1226",9,21,9,9,12
"1227",6,9,15,15,15
"1228",12,9,12,18,9
"1229",9,12,12,12,15
"1230",12,6,15,15,12
"1231",9,15,12,15,9
"1232",15,12,21,12,NA
"1233",15,9,15,12,9
"1234",15,12,15,6,12
"1235",9,12,12,12,15
"1236",15,9,9,9,18
"1237",12,18,21,9,NA
"1238",12,15,15,6,12
"1239",9,12,15,24,NA
"1240",9,12,15,18,6
"1241",15,12,9,12,12
"1242",12,6,12,15,15
"1243",6,15,15,12,12
"1244",12,18,12,15,3
"1245",12,9,9,18,12
"1246",18,12,9,9,12
"1247",15,15,18,12,NA
"1248",12,15,9,15,9
"1249",9,12,12,15,12
"1250",6,18,12,15,9
"1251",6,12,15,9,18
"1252",12,9,15,9,15
"1253",9,12,12,15,12
"1254",9,6,9,18,18
"1255",12,12,15,12,9
"1256",15,12,9,12,12
"1257",6,9,15,15,15
"1258",12,12,15,9,12
"1259",9,6,15,15,15
"1260",9,15,12,18,6
"1261",9,15,12,12,12
"1262",9,9,15,12,15
"1263",12,9,12,12,15
"1264",9,9,24,18,NA
"1265",9,12,18,15,6
"1266",12,15,15,12,6
"1267",12,9,15,12,12
"1268",12,9,15,18,6
"1269",9,9,6,18,18
"1270",6,9,12,18,15
"1271",18,12,12,6,12
"1272",9,9,12,18,12
"1273",9,15,9,12,15
"1274",6,15,21,12,6
"1275",15,12,12,9,12
"1276",12,12,9,12,15
"1277",21,9,18,9,3
"1278",9,12,9,15,15
"1279",12,9,15,9,15
"1280",12,15,12,9,12
"1281",15,18,27,NA,NA
"1282",15,15,9,9,12
"1283",9,15,24,12,NA
"1284",6,12,27,15,NA
"1285",6,9,9,21,15
"1286",15,12,12,12,9
"1287",15,9,9,18,9
"1288",12,15,6,12,15
"1289",12,15,12,9,12
"1290",12,9,12,9,18
"1291",12,15,18,12,3
"1292",6,12,15,15,12
"1293",6,12,12,12,18
"1294",9,12,12,12,15
"1295",12,12,12,9,15
"1296",12,15,12,12,9
"1297",9,12,12,12,15
"1298",12,9,15,9,15
"1299",12,9,12,9,18
"1300",6,12,18,9,15
"1301",9,18,15,12,6
"1302",9,9,12,15,15
"1303",12,9,12,12,15
"1304",12,18,21,6,3
"1305",9,6,15,15,15
"1306",12,6,15,12,15
"1307",9,9,9,18,15
"1308",12,12,12,12,12
"1309",6,9,21,15,9
"1310",9,9,12,15,15
"1311",9,12,21,18,NA
"1312",15,15,18,12,NA
"1313",9,6,12,12,21
"1314",12,12,15,12,9
"1315",6,12,9,12,21
"1316",15,9,12,12,12
"1317",15,6,12,15,12
"1318",12,9,12,18,9
"1319",9,9,18,15,9
"1320",12,6,18,12,12
"1321",12,12,9,12,15
"1322",9,9,12,15,15
"1323",9,9,18,12,12
"1324",6,12,12,18,12
"1325",12,15,33,NA,NA
"1326",9,12,9,18,12
"1327",15,12,9,12,12
"1328",12,9,15,18,6
"1329",12,9,18,12,9
"1330",12,12,12,15,9
"1331",12,15,9,12,12
"1332",6,12,12,12,18
"1333",6,6,15,18,15
"1334",12,12,18,12,6
"1335",12,12,18,9,9
"1336",18,9,12,9,12
"1337",9,21,12,6,12
"1338",6,12,15,15,12
"1339",9,15,6,15,15
"1340",12,24,18,3,3
"1341",15,9,9,15,12
"1342",9,9,9,18,15
"1343",12,9,9,12,18
"1344",15,6,9,12,18
"1345",9,15,15,12,9
"1346",15,12,9,12,12
"1347",9,12,9,12,18
"1348",6,15,12,9,18
"1349",9,15,12,18,6
"1350",15,9,15,15,6
"1351",15,9,15,12,9
"1352",12,12,6,12,18
"1353",12,12,21,6,9
"1354",18,18,9,15,NA
"1355",12,9,15,9,15
"1356",12,6,15,12,15
"1357",9,12,18,21,NA
"1358",12,12,15,12,9
"1359",9,9,12,15,15
"1360",15,12,18,12,3
"1361",9,12,12,12,15
"1362",9,12,9,18,12
"1363",9,9,18,12,12
"1364",9,12,9,15,15
"1365",24,15,21,NA,NA
"1366",6,12,24,15,3
"1367",9,12,15,12,12
"1368",9,12,15,12,12
"1369",12,12,12,18,6
"1370",12,9,12,12,15
"1371",9,15,18,12,6
"1372",18,15,18,9,NA
"1373",9,6,15,9,21
"1374",15,6,15,9,15
"1375",6,15,6,15,18
"1376",6,6,12,24,12
"1377",12,9,15,12,12
"1378",15,21,21,3,NA
"1379",12,9,12,12,15
"1380",12,12,15,6,15
"1381",6,15,9,12,18
"1382",12,9,9,12,18
"1383",15,6,15,9,15
"1384",6,9,18,18,9
"1385",12,9,15,12,12
"1386",9,12,12,9,18
"1387",6,9,15,18,12
"1388",9,15,15,9,12
"1389",12,15,15,9,9
"1390",12,15,12,15,6
"1391",15,12,15,18,NA
"1392",9,12,21,18,NA
"1393",18,15,9,15,3
"1394",6,9,12,18,15
"1395",9,12,18,12,9
"1396",12,15,18,12,3
"1397",9,9,12,15,15
"1398",9,9,18,15,9
"1399",12,12,9,12,15
"1400",12,24,24,NA,NA
"1401",9,15,12,12,12
"1402",15,9,21,15,NA
"1403",12,12,12,12,12
"1404",9,12,12,15,12
"1405",12,9,12,12,15
"1406",12,9,12,12,15
"1407",15,9,18,12,6
"1408",12,12,21,12,3
"1409",12,9,6,18,15
"1410",12,12,12,9,15
"1411",12,12,18,9,9
"1412",12,24,21,3,NA
"1413",18,9,6,12,15
"1414",9,12,15,12,12
"1415",15,15,15,9,6
"1416",9,12,12,15,12
"1417",15,18,6,9,12
"1418",15,9,9,12,15
"1419",15,9,15,9,12
"1420",12,15,15,15,3
"1421",12,12,12,15,9
"1422",9,12,9,18,12
"1423",12,9,12,18,9
"1424",21,6,12,9,12
"1425",12,6,18,12,12
"1426",12,9,18,21,NA
"1427",9,12,18,12,9
"1428",15,12,21,12,NA
"1429",9,9,12,15,15
"1430",9,15,9,12,15
"1431",9,12,12,15,12
"1432",12,9,15,12,12
"1433",6,12,12,12,18
"1434",15,9,15,9,12
"1435",15,12,24,9,NA
"1436",12,12,6,15,15
"1437",15,9,15,6,15
"1438",6,12,15,12,15
"1439",12,6,12,15,15
"1440",6,12,15,12,15
"1441",12,6,9,15,18
"1442",15,12,6,12,15
"1443",12,21,27,NA,NA
"1444",12,9,15,12,12
"1445",12,9,12,12,15
"1446",18,12,6,18,6
"1447",12,9,9,18,12
"1448",9,12,15,12,12
"1449",6,9,12,12,21
"1450",12,9,12,12,15
"1451",15,9,9,15,12
"1452",9,9,9,18,15
"1453",12,15,15,18,NA
"1454",9,15,12,9,15
"1455",12,12,15,12,9
"1456",15,9,9,12,15
"1457",15,9,12,12,12
"1458",6,15,15,12,12
"1459",12,9,15,12,12
"1460",9,15,9,15,12
"1461",15,9,12,12,12
"1462",12,9,9,27,3
"1463",12,9,12,12,15
"1464",12,9,15,21,3
"1465",12,12,9,9,18
"1466",12,9,15,18,6
"1467",15,12,9,12,12
"1468",12,21,9,12,6
"1469",12,15,21,12,NA
"1470",12,15,9,9,15
"1471",9,15,15,9,12
"1472",6,12,15,15,12
"1473",12,9,18,21,NA
"1474",9,15,9,12,15
"1475",12,12,21,12,3
"1476",12,15,12,12,9
"1477",12,15,9,15,9
"1478",9,18,12,9,12
"1479",12,9,15,12,12
"1480",18,18,21,3,NA
"1481",6,15,12,15,12
"1482",9,12,15,9,15
"1483",12,6,12,18,12
"1484",9,12,9,18,12
"1485",12,15,12,9,12
"1486",9,15,9,12,15
"1487",6,12,15,18,9
"1488",6,15,15,12,12
"1489",12,15,12,9,12
"1490",9,15,15,9,12
"1491",15,12,21,12,NA
"1492",6,12,24,18,NA
"1493",9,15,9,15,12
"1494",12,15,12,9,12
"1495",9,6,12,18,15
"1496",18,12,18,6,6
"1497",6,9,15,12,18
"1498",9,12,9,15,15
"1499",18,12,18,12,NA
"1500",12,18,6,12,12
"1501",9,9,12,18,12
"1502",15,12,12,15,6
"1503",18,12,18,12,NA
"1504",9,9,18,15,9
"1505",9,21,15,6,9
"1506",12,9,15,15,9
"1507",12,12,21,9,6
"1508",3,15,18,15,9
"1509",12,12,15,12,9
"1510",12,15,12,12,9
"1511",9,6,15,15,15
"1512",12,9,21,18,NA
"1513",9,15,15,12,9
"1514",9,15,18,9,9
"1515",15,15,15,15,NA
"1516",12,12,12,12,12
"1517",9,12,12,18,9
"1518",9,9,24,12,6
"1519",15,9,12,15,9
"1520",15,12,9,12,12
"1521",9,12,15,15,9
"1522",9,9,15,15,12
"1523",9,15,12,12,12
"1524",15,15,15,15,NA
"1525",12,18,18,6,6
"1526",15,12,12,9,12
"1527",6,12,18,9,15
"1528",15,12,9,9,15
"1529",12,9,9,15,15
"1530",15,6,12,12,15
"1531",15,9,12,15,9
"1532",9,12,15,15,9
"1533",9,15,12,18,6
"1534",24,6,NA,NA,NA
"1535",12,12,18,6,12
"1536",6,12,27,15,NA
"1537",15,9,12,9,15
"1538",18,12,15,15,NA
"1539",9,9,15,12,15
"1540",6,9,21,12,12
"1541",6,21,12,9,12
"1542",12,9,9,12,18
"1543",12,15,9,12,12
"1544",9,12,15,9,15
"1545",15,6,24,15,NA
"1546",18,12,9,12,9
"1547",15,6,12,15,12
"1548",15,12,9,12,12
"1549",9,12,15,15,9
"1550",9,15,18,6,12
"1551",12,15,12,12,9
"1552",15,9,9,15,12
"1553",9,12,12,9,18
"1554",15,12,18,15,NA
"1555",9,6,15,9,21
"1556",9,9,9,18,15
"1557",12,15,12,12,9
"1558",9,21,18,12,NA
"1559",15,9,12,12,12
"1560",15,9,12,15,9
"1561",6,15,12,15,12
"1562",12,12,12,12,12
"1563",6,9,18,12,15
"1564",12,15,15,18,NA
"1565",15,6,6,12,21
"1566",9,9,15,15,12
"1567",18,9,9,12,12
"1568",18,21,21,NA,NA
"1569",12,12,15,9,12
"1570",9,12,9,12,18
"1571",9,9,12,18,12
"1572",9,15,9,15,12
"1573",12,9,21,12,6
"1574",9,15,15,12,9
"1575",15,12,18,15,NA
"1576",6,6,9,21,18
"1577",15,12,12,12,9
"1578",9,9,15,18,9
"1579",9,12,15,9,15
"1580",6,15,12,12,15
"1581",9,12,12,12,15
"1582",12,9,21,18,NA
"1583",9,9,9,15,18
"1584",9,9,12,15,15
"1585",12,9,15,12,12
"1586",9,15,9,15,12
"1587",15,15,9,12,9
"1588",9,9,18,12,12
"1589",18,6,24,12,NA
"1590",15,6,9,12,18
"1591",9,9,15,18,9
"1592",15,12,9,12,12
"1593",21,12,18,9,NA
"1594",9,9,18,12,12
"1595",9,12,12,15,12
"1596",18,9,18,15,NA
"1597",18,12,18,12,NA
"1598",15,9,18,18,NA
"1599",12,9,9,15,15
"1600",15,15,12,9,9
"1601",12,15,9,15,9
"1602",12,6,18,12,12
"1603",9,6,15,21,9
"1604",6,12,15,12,15
"1605",9,12,15,12,12
"1606",6,12,12,15,15
"1607",12,9,15,9,15
"1608",12,6,15,12,15
"1609",15,12,18,12,3
"1610",12,12,12,12,12
"1611",9,9,18,12,12
"1612",9,9,18,18,6
"1613",12,15,18,15,NA
"1614",12,12,9,12,15
"1615",9,15,12,12,12
"1616",12,9,21,12,6
"1617",9,21,18,12,NA
"1618",18,15,15,12,NA
"1619",9,6,12,15,18
"1620",9,15,12,15,9
"1621",6,15,21,12,6
"1622",15,15,21,3,6
"1623",15,9,15,9,12
"1624",27,12,21,NA,NA
"1625",12,12,12,9,15
"1626",6,15,39,NA,NA
"1627",12,9,12,15,12
"1628",9,12,15,12,12
"1629",9,9,12,12,18
"1630",15,6,12,9,18
"1631",12,9,18,15,6
"1632",9,9,15,15,12
"1633",12,18,15,15,NA
"1634",6,18,12,9,15
"1635",9,12,15,15,9
"1636",18,21,15,6,NA
"1637",15,15,15,6,9
"1638",9,9,18,12,12
"1639",9,6,24,21,NA
"1640",12,12,21,9,6
"1641",12,6,12,12,18
"1642",15,9,15,6,15
"1643",6,15,15,12,12
"1644",15,12,15,18,NA
"1645",9,15,12,12,12
"1646",12,6,18,12,12
"1647",12,6,9,12,21
"1648",12,15,12,15,6
"1649",9,12,15,15,9
"1650",12,9,15,12,12
"1651",9,12,15,9,15
"1652",3,12,12,15,18
"1653",9,27,21,3,NA
"1654",12,12,12,12,12
"1655",12,9,12,15,12
"1656",15,12,18,15,NA
"1657",12,6,12,15,15
"1658",9,18,18,9,6
"1659",9,15,21,9,6
"1660",12,12,12,9,15
"1661",12,15,12,15,6
"1662",6,12,15,15,12
"1663",15,15,NA,NA,NA
"1664",18,9,9,12,12
"1665",12,15,12,12,9
"1666",6,6,21,12,15
"1667",12,9,15,9,15
"1668",9,15,27,9,NA
"1669",18,9,12,9,12
"1670",15,15,15,15,NA
"1671",9,9,15,12,15
"1672",12,9,15,15,9
"1673",15,21,24,NA,NA
"1674",6,12,12,12,18
"1675",12,9,12,9,18
"1676",15,12,9,18,6
"1677",9,12,15,12,12
"1678",9,12,12,15,12
"1679",9,15,9,12,15
"1680",6,15,15,9,15
"1681",9,9,12,18,12
"1682",9,12,9,15,15
"1683",9,12,18,15,6
"1684",12,15,9,9,15
"1685",15,12,12,9,12
"1686",12,12,6,12,18
"1687",15,12,33,NA,NA
"1688",12,12,12,15,9
"1689",12,12,15,12,9
"1690",9,9,18,12,12
"1691",15,6,12,18,9
"1692",12,12,12,12,12
"1693",6,9,15,21,9
"1694",12,15,9,12,12
"1695",6,12,18,12,12
"1696",12,12,15,21,NA
"1697",6,12,9,18,15
"1698",9,9,9,18,15
"1699",12,15,12,9,12
"1700",12,15,12,9,12
"1701",12,15,12,9,12
"1702",15,12,9,12,12
"1703",15,12,9,12,12
"1704",9,18,12,9,12
"1705",12,15,9,12,12
"1706",15,15,15,15,NA
"1707",12,9,12,15,12
"1708",12,15,9,9,15
"1709",12,9,12,15,12
"1710",12,15,18,9,6
"1711",12,9,21,9,9
"1712",6,6,24,18,6
"1713",6,12,24,9,9
"1714",12,12,12,9,15
"1715",12,6,12,18,12
"1716",12,12,15,12,9
"1717",15,15,9,12,9
"1718",12,9,15,21,3
"1719",12,9,21,18,NA
"1720",12,6,12,15,15
"1721",12,12,12,15,9
"1722",12,12,18,6,12
"1723",12,12,12,15,9
"1724",12,12,9,12,15
"1725",15,9,15,12,9
"1726",9,6,12,18,15
"1727",9,12,12,12,15
"1728",12,12,9,15,12
"1729",12,9,9,12,18
"1730",12,6,12,12,18
"1731",15,15,18,12,NA
"1732",6,9,9,21,15
"1733",12,6,18,15,9
"1734",6,15,12,12,15
"1735",9,18,12,15,6
"1736",9,9,18,15,9
"1737",12,9,9,15,15
"1738",12,12,18,9,9
"1739",12,9,15,12,12
"1740",9,15,15,21,NA
"1741",15,9,12,9,15
"1742",12,9,12,15,12
"1743",15,6,9,12,18
"1744",12,12,12,15,9
"1745",9,9,15,12,15
"1746",12,9,15,9,15
"1747",9,12,12,12,15
"1748",9,15,9,12,15
"1749",6,24,9,12,9
"1750",9,15,24,6,6
"1751",9,12,12,18,9
"1752",6,18,21,6,9
"1753",15,6,15,12,12
"1754",12,12,12,12,12
"1755",15,15,15,15,NA
"1756",9,12,24,6,9
"1757",15,6,15,9,15
"1758",15,9,21,9,6
"1759",12,12,15,9,12
"1760",18,12,NA,NA,NA
"1761",15,9,15,12,9
"1762",9,12,12,9,18
"1763",6,18,12,12,12
"1764",18,9,21,6,6
"1765",12,12,9,12,15
"1766",15,18,15,12,NA
"1767",12,15,9,15,9
"1768",12,6,15,18,9
"1769",9,15,9,15,12
"1770",6,9,18,12,15
"1771",6,12,18,12,12
"1772",12,15,21,12,NA
"1773",12,15,15,9,9
"1774",12,18,12,18,NA
"1775",15,9,12,12,12
"1776",6,12,6,18,18
"1777",12,9,9,15,15
"1778",6,12,21,9,12
"1779",12,9,21,9,9
"1780",15,12,15,12,6
"1781",6,12,12,15,15
"1782",12,6,18,9,15
"1783",6,12,18,15,9
"1784",9,12,9,15,15
"1785",9,15,12,15,9
"1786",9,12,12,18,9
"1787",9,12,15,12,12
"1788",18,12,15,6,9
"1789",12,6,12,15,15
"1790",12,15,27,6,NA
"1791",6,12,15,12,15
"1792",15,9,9,15,12
"1793",15,9,12,12,12
"1794",15,12,9,12,12
"1795",9,6,30,15,NA
"1796",12,9,9,15,15
"1797",12,12,12,12,12
"1798",9,9,18,24,NA
"1799",12,9,9,9,21
"1800",6,12,9,15,18
"1801",9,15,6,9,21
"1802",9,12,15,12,12
"1803",15,12,27,3,3
"1804",9,15,15,12,9
"1805",6,9,15,15,15
"1806",9,9,12,21,9
"1807",9,15,18,18,NA
"1808",9,6,18,12,15
"1809",15,12,6,15,12
"1810",6,9,18,12,15
"1811",9,9,12,21,9
"1812",12,12,15,12,9
"1813",9,12,9,15,15
"1814",9,9,15,12,15
"1815",12,6,9,12,21
"1816",9,9,9,12,21
"1817",12,12,15,12,9
"1818",9,12,15,24,NA
"1819",15,12,9,15,9
"1820",9,15,12,15,9
"1821",9,9,18,15,9
"1822",18,15,15,12,NA
"1823",12,15,9,15,9
"1824",6,21,18,15,NA
"1825",6,15,15,12,12
"1826",6,12,12,18,12
"1827",6,9,15,18,12
"1828",12,9,12,12,15
"1829",6,12,21,9,12
"1830",6,9,21,15,9
"1831",15,12,21,12,NA
"1832",12,6,15,15,12
"1833",9,9,18,15,9
"1834",21,6,3,NA,NA
"1835",9,9,15,12,15
"1836",6,12,12,18,12
"1837",9,9,12,15,15
"1838",9,12,12,12,15
"1839",12,6,15,15,12
"1840",12,9,9,12,18
"1841",6,12,15,12,15
"1842",9,15,18,18,NA
"1843",9,12,12,18,9
"1844",9,15,9,15,12
"1845",18,15,18,9,NA
"1846",9,9,15,15,12
"1847",9,12,9,18,12
"1848",12,6,15,9,18
"1849",12,18,12,9,9
"1850",12,12,15,12,9
"1851",21,12,18,9,NA
"1852",12,12,12,12,12
"1853",15,18,15,NA,NA
"1854",15,9,15,12,9
"1855",9,12,9,12,18
"1856",9,12,12,12,15
"1857",15,9,15,6,15
"1858",9,12,12,15,12
"1859",9,18,9,12,12
"1860",18,12,12,18,NA
"1861",15,12,6,12,15
"1862",12,9,12,9,18
"1863",12,15,12,6,15
"1864",6,12,12,18,12
"1865",6,12,15,12,15
"1866",12,9,12,15,12
"1867",18,6,15,12,9
"1868",6,12,21,15,6
"1869",9,12,15,12,12
"1870",15,9,12,12,12
"1871",15,9,12,12,12
"1872",12,12,12,15,9
"1873",15,15,21,9,NA
"1874",15,9,12,9,15
"1875",15,12,12,9,12
"1876",12,15,9,12,12
"1877",6,18,12,15,9
"1878",15,12,12,15,6
"1879",9,6,9,24,12
"1880",9,12,6,18,15
"1881",9,15,9,9,18
"1882",18,12,12,12,6
"1883",12,12,21,12,3
"1884",9,12,15,12,12
"1885",12,9,9,12,18
"1886",9,18,12,9,12
"1887",12,15,9,9,15
"1888",12,12,9,12,15
"1889",9,15,12,12,12
"1890",15,12,21,12,NA
"1891",9,6,15,15,15
"1892",9,18,6,12,15
"1893",9,9,12,12,18
"1894",12,12,15,12,9
"1895",12,18,9,9,12
"1896",9,15,18,18,NA
"1897",12,9,9,15,15
"1898",15,12,9,9,15
"1899",9,15,12,12,12
"1900",6,18,15,9,12
"1901",12,18,18,12,NA
"1902",12,12,6,15,15
"1903",9,9,12,18,12
"1904",9,15,6,15,15
"1905",15,9,15,12,9
"1906",15,6,12,9,18
"1907",9,12,15,12,12
"1908",9,9,15,12,15
"1909",9,15,15,21,NA
"1910",9,18,6,12,15
"1911",15,9,9,18,9
"1912",12,9,9,15,15
"1913",12,9,18,15,6
"1914",18,9,15,18,NA
"1915",15,9,12,9,15
"1916",12,9,15,15,9
"1917",12,6,12,15,15
"1918",15,21,12,12,NA
"1919",12,15,18,12,3
"1920",9,18,12,6,15
"1921",15,6,9,12,18
"1922",9,6,12,18,15
"1923",6,12,12,18,12
"1924",18,9,12,12,9
"1925",12,15,15,9,9
"1926",12,15,6,12,15
"1927",9,6,15,9,21
"1928",6,12,12,9,21
"1929",15,9,12,15,9
"1930",6,18,24,12,NA
"1931",12,15,15,12,6
"1932",9,6,21,24,NA
"1933",12,6,9,18,15
"1934",18,6,12,9,15
"1935",12,6,12,18,12
"1936",9,15,12,12,12
"1937",9,9,12,9,21
"1938",9,12,15,9,15
"1939",6,15,18,9,12
"1940",12,12,15,9,12
"1941",9,9,12,18,12
"1942",12,9,18,21,NA
"1943",9,9,15,15,12
"1944",9,15,12,12,12
"1945",9,18,15,18,NA
"1946",9,9,15,12,15
"1947",12,6,12,15,15
"1948",12,12,6,18,12
"1949",6,15,6,18,15
"1950",12,12,6,15,15
"1951",15,9,12,21,3
"1952",12,6,12,15,15
"1953",12,12,12,6,18
"1954",15,12,9,15,9
"1955",12,9,12,15,12
"1956",9,18,15,9,9
"1957",6,12,18,12,12
"1958",9,9,9,18,15
"1959",9,21,12,18,NA
"1960",18,9,9,12,12
"1961",6,9,15,18,12
"1962",18,12,18,12,NA
"1963",12,6,12,18,12
"1964",15,9,18,18,NA
"1965",9,12,15,12,12
"1966",6,15,12,18,9
"1967",12,9,12,12,15
"1968",9,15,12,9,15
"1969",9,9,15,15,12
"1970",12,9,12,15,12
"1971",12,9,6,15,18
"1972",9,15,18,9,9
"1973",15,12,15,9,9
"1974",12,18,9,12,9
"1975",6,18,21,6,9
"1976",9,12,18,18,3
"1977",9,12,12,12,15
"1978",21,9,9,21,NA
"1979",6,18,12,18,6
"1980",9,12,15,12,12
"1981",21,21,6,6,6
"1982",12,9,12,15,12
"1983",18,15,12,15,NA
"1984",9,12,15,12,12
"1985",12,9,15,12,12
"1986",15,18,27,NA,NA
"1987",9,9,15,15,12
"1988",6,9,9,21,15
"1989",18,12,12,9,9
"1990",15,12,12,12,9
"1991",12,18,9,12,9
"1992",18,12,12,9,9
"1993",18,12,18,6,6
"1994",15,12,12,12,9
"1995",12,24,12,3,9
"1996",21,12,12,15,NA
"1997",12,9,15,15,9
"1998",15,6,15,9,15
"1999",12,15,15,9,9
"2000",12,9,9,12,18
"2001",6,12,15,12,15
"2002",9,12,12,15,12
"2003",12,18,15,6,9
"2004",12,12,12,15,9
"2005",12,6,12,18,12
"2006",6,12,9,15,18
"2007",6,6,18,15,15
"2008",9,15,9,12,15
"2009",15,15,15,15,NA
"2010",15,6,15,12,12
"2011",15,12,12,9,12
"2012",12,12,9,15,12
"2013",6,12,9,15,18
"2014",9,6,18,18,9
"2015",12,15,18,15,NA
"2016",6,18,15,21,NA
"2017",9,15,15,9,12
"2018",12,9,12,18,9
"2019",9,15,12,9,15
"2020",6,12,15,18,9
"2021",15,9,12,9,15
"2022",9,9,15,12,15
"2023",6,21,12,12,9
"2024",15,12,12,9,12
"2025",9,12,12,18,9
"2026",15,21,12,12,NA
"2027",6,9,9,21,15
"2028",12,9,15,18,6
"2029",12,15,9,15,9
"2030",12,12,12,12,12
"2031",6,15,18,12,9
"2032",15,9,12,12,12
"2033",9,12,9,15,15
"2034",12,9,15,9,15
"2035",12,12,21,15,NA
"2036",9,9,24,9,9
"2037",12,12,12,12,12
"2038",15,12,18,15,NA
"2039",15,9,12,9,15
"2040",9,12,12,12,15
"2041",9,3,15,12,21
"2042",12,15,12,9,12
"2043",12,18,9,12,9
"2044",15,9,15,12,9
"2045",9,6,18,12,15
"2046",18,12,21,9,NA
"2047",9,15,12,12,12
"2048",12,6,12,12,18
"2049",12,12,12,12,12
"2050",9,9,21,12,9
"2051",15,12,12,12,9
"2052",6,9,12,12,21
"2053",9,18,21,12,NA
"2054",9,12,15,15,9
"2055",12,18,9,9,12
"2056",12,12,21,15,NA
"2057",15,12,18,15,NA
"2058",15,9,9,15,12
"2059",9,9,18,15,9
"2060",15,12,9,15,9
"2061",12,21,12,15,NA
"2062",18,6,18,9,9
"2063",15,12,24,9,NA
"2064",12,12,18,18,NA
"2065",12,15,15,9,9
"2066",12,12,9,15,12
"2067",18,9,18,15,NA
"2068",12,12,12,12,12
"2069",12,12,12,12,12
"2070",12,6,15,15,12
"2071",12,9,18,9,12
"2072",15,15,15,12,3
"2073",15,12,9,12,12
"2074",12,9,12,15,12
"2075",15,15,9,12,9
"2076",12,15,12,9,12
"2077",9,15,9,15,12
"2078",12,12,9,15,12
"2079",12,12,12,12,12
"2080",18,9,12,12,9
"2081",9,9,18,15,9
"2082",6,12,9,21,12
"2083",12,12,9,15,12
"2084",12,9,15,15,9
"2085",12,12,9,15,12
"2086",12,9,12,12,15
"2087",15,21,21,3,NA
"2088",15,12,9,18,6
"2089",9,12,15,12,12
"2090",12,12,21,15,NA
"2091",9,15,12,12,12
"2092",12,15,18,15,NA
"2093",9,18,12,12,9
"2094",6,9,18,12,15
"2095",9,9,18,12,12
"2096",15,9,15,12,9
"2097",9,21,15,9,6
"2098",12,12,12,12,12
"2099",9,9,9,15,18
"2100",21,6,6,12,15
"2101",15,15,12,12,6
"2102",6,12,15,15,12
"2103",9,9,21,12,9
"2104",12,9,9,15,15
"2105",9,9,9,18,15
"2106",12,9,9,12,18
"2107",15,6,15,6,18
"2108",15,9,12,15,9
"2109",12,12,9,12,15
"2110",12,15,18,15,NA
"2111",12,15,27,6,NA
"2112",12,9,12,12,15
"2113",12,18,15,9,6
"2114",12,9,12,12,15
"2115",9,15,9,18,9
"2116",12,24,12,12,NA
"2117",9,15,12,12,12
"2118",12,12,12,12,12
"2119",12,27,21,NA,NA
"2120",15,12,24,6,3
"2121",9,15,15,12,9
"2122",15,15,12,9,9
"2123",12,6,9,15,18
"2124",9,9,12,12,18
"2125",15,18,18,9,NA
"2126",9,9,9,12,21
"2127",15,6,15,15,9
"2128",9,9,15,12,15
"2129",12,15,18,9,6
"2130",18,12,NA,NA,NA
"2131",12,6,15,15,12
"2132",9,15,15,15,6
"2133",12,12,21,15,NA
"2134",6,15,9,15,15
"2135",6,12,9,15,18
"2136",12,12,15,9,12
"2137",9,12,15,12,12
"2138",9,21,9,12,9
"2139",12,9,15,15,9
"2140",9,18,21,12,NA
"2141",12,9,15,9,15
"2142",24,21,15,NA,NA
"2143",12,15,15,12,6
"2144",12,15,27,6,NA
"2145",9,15,18,18,NA
"2146",9,6,15,24,6
"2147",15,12,12,6,15
"2148",9,12,18,12,9
"2149",12,15,9,12,12
"2150",9,15,15,9,12
"2151",9,6,18,18,9
"2152",15,15,18,12,NA
"2153",9,9,15,15,12
"2154",9,6,15,21,9
"2155",15,9,15,15,6
"2156",6,15,9,18,12
"2157",9,9,12,12,18
"2158",12,15,6,15,12
"2159",6,12,27,12,3
"2160",12,12,18,18,NA
"2161",12,9,18,9,12
"2162",12,15,12,6,15
"2163",9,18,15,9,9
"2164",33,12,15,NA,NA
"2165",9,15,12,15,9
"2166",18,12,9,12,9
"2167",15,15,18,6,6
"2168",12,9,12,15,12
"2169",9,6,15,15,15
"2170",9,9,12,9,21
"2171",12,9,18,21,NA
"2172",9,9,24,18,NA
"2173",9,15,18,9,9
"2174",9,18,18,15,NA
"2175",9,24,9,9,9
"2176",9,15,15,21,NA
"2177",12,12,12,9,15
"2178",6,9,15,12,18
"2179",6,12,21,15,6
"2180",18,12,12,9,9
"2181",12,9,18,12,9
"2182",12,6,18,15,9
"2183",12,9,12,9,18
"2184",18,9,18,9,6
"2185",9,12,9,21,9
"2186",12,9,12,12,15
"2187",9,12,12,9,18
"2188",18,12,9,15,6
"2189",12,12,12,12,12
"2190",9,12,15,12,12
"2191",18,12,27,3,NA
"2192",6,12,15,12,15
"2193",9,18,6,15,12
"2194",9,12,15,12,12
"2195",9,15,12,15,9
"2196",12,12,9,12,15
"2197",12,21,24,3,NA
"2198",15,12,18,6,9
"2199",15,15,9,12,9
"2200",9,18,12,9,12
"2201",21,9,21,9,NA
"2202",9,9,12,18,12
"2203",6,15,12,18,9
"2204",9,18,9,12,12
"2205",9,12,12,12,15
"2206",15,9,9,12,15
"2207",15,12,21,12,NA
"2208",12,9,9,15,15
"2209",15,6,9,12,18
"2210",15,9,15,9,12
"2211",21,15,24,NA,NA
"2212",12,6,12,18,12
"2213",9,15,12,15,9
"2214",15,9,15,12,9
"2215",12,15,12,9,12
"2216",9,12,15,15,9
"2217",9,18,18,15,NA
"2218",12,15,12,9,12
"2219",21,18,21,NA,NA
"2220",12,6,12,18,12
"2221",9,12,9,15,15
"2222",9,9,12,18,12
"2223",12,12,15,6,15
"2224",15,9,12,12,12
"2225",12,9,18,12,9
"2226",9,15,12,12,12
"2227",15,15,18,12,NA
"2228",12,9,12,18,9
"2229",15,15,12,6,12
"2230",12,9,9,12,18
"2231",18,12,18,12,NA
"2232",15,12,12,9,12
"2233",9,12,9,15,15
"2234",12,15,9,9,15
"2235",12,12,24,12,NA
"2236",6,9,18,15,12
"2237",9,15,9,15,12
"2238",12,9,18,12,9
"2239",9,9,24,18,NA
"2240",12,9,9,15,15
"2241",12,12,12,9,15
"2242",15,9,9,12,15
"2243",15,15,15,6,9
"2244",18,6,12,9,15
"2245",9,12,9,15,15
"2246",6,18,9,15,12
"2247",9,15,12,12,12
"2248",15,12,9,9,15
"2249",12,9,12,15,12
"2250",12,9,18,12,9
"2251",15,9,15,12,9
"2252",12,15,12,12,9
"2253",9,12,12,15,12
"2254",12,15,6,12,15
"2255",15,9,21,15,NA
"2256",15,9,15,12,9
"2257",9,9,15,12,15
"2258",15,12,12,12,9
"2259",12,9,6,18,15
"2260",18,9,18,6,9
"2261",9,12,27,12,NA
"2262",9,12,15,15,9
"2263",12,9,15,12,12
"2264",12,15,18,6,9
"2265",12,12,21,15,NA
"2266",15,30,3,NA,NA
"2267",9,12,9,18,12
"2268",9,6,15,15,15
"2269",9,9,18,24,NA
"2270",30,6,18,6,NA
"2271",21,12,18,3,6
"2272",18,9,27,3,3
"2273",12,6,12,12,18
"2274",9,15,18,6,12
"2275",18,24,18,NA,NA
"2276",9,12,12,12,15
"2277",18,12,9,9,12
"2278",6,15,24,15,NA
"2279",15,9,9,18,9
"2280",6,12,9,15,18
"2281",12,12,15,12,9
"2282",6,15,12,15,12
"2283",9,9,9,21,12
"2284",9,9,12,18,12
"2285",6,18,18,9,9
"2286",21,9,15,15,NA
"2287",12,15,6,18,9
"2288",6,9,9,24,12
"2289",9,21,12,9,9
"2290",9,6,9,18,18
"2291",12,6,12,18,12
"2292",9,9,18,12,12
"2293",12,9,15,12,12
"2294",18,12,12,15,3
"2295",9,15,9,12,15
"2296",12,9,12,12,15
"2297",15,6,12,15,12
"2298",12,9,6,9,24
"2299",15,15,12,9,9
"2300",9,9,15,15,12
"2301",15,15,NA,NA,NA
"2302",12,12,9,12,15
"2303",18,15,9,15,3
"2304",15,12,15,18,NA
"2305",9,12,15,12,12
"2306",12,9,15,15,9
"2307",15,6,12,12,15
"2308",9,12,15,15,9
"2309",9,9,12,9,21
"2310",12,15,6,15,12
"2311",15,12,12,12,9
"2312",9,6,24,12,9
"2313",6,15,21,9,9
"2314",6,18,6,18,12
"2315",9,15,15,12,9
"2316",6,12,12,15,15
"2317",12,12,9,12,15
"2318",9,9,12,15,15
"2319",9,15,6,21,9
"2320",12,9,15,12,12
"2321",18,9,15,12,6
"2322",12,21,3,15,9
"2323",9,15,18,9,9
"2324",15,9,18,12,6
"2325",9,12,12,15,12
"2326",12,9,18,9,12
"2327",12,6,15,15,12
"2328",9,12,15,15,9
"2329",12,12,6,12,18
"2330",12,18,15,15,NA
"2331",12,9,12,15,12
"2332",18,18,12,6,6
"2333",15,9,12,12,12
"2334",12,9,12,9,18
"2335",15,12,9,15,9
"2336",15,15,9,12,9
"2337",6,6,12,15,21
"2338",9,12,12,18,9
"2339",12,18,NA,NA,NA
"2340",15,12,15,9,9
"2341",9,9,18,18,6
"2342",12,9,12,18,9
"2343",9,9,12,12,18
"2344",12,9,9,15,15
"2345",12,18,9,9,12
"2346",15,12,9,12,12
"2347",12,12,12,12,12
"2348",12,9,15,15,9
"2349",15,12,6,9,18
"2350",18,21,18,3,NA
"2351",18,9,12,12,9
"2352",12,12,18,12,6
"2353",12,12,18,18,NA
"2354",12,15,6,18,9
"2355",12,9,9,15,15
"2356",12,12,6,18,12
"2357",6,12,18,12,12
"2358",12,12,9,6,21
"2359",9,12,9,9,21
"2360",9,12,15,12,12
"2361",9,9,15,15,12
"2362",9,15,9,15,12
"2363",12,9,18,12,9
"2364",6,18,12,15,9
"2365",6,9,12,15,18
"2366",18,9,15,18,NA
"2367",9,12,12,15,12
"2368",9,9,12,15,15
"2369",9,12,15,15,9
"2370",12,9,9,12,18
"2371",15,12,9,12,12
"2372",15,12,27,3,3
"2373",12,15,6,9,18
"2374",9,18,15,15,3
"2375",15,24,21,NA,NA
"2376",15,9,9,18,9
"2377",15,9,12,9,15
"2378",6,9,15,15,15
"2379",12,12,21,15,NA
"2380",9,15,12,18,6
"2381",12,15,9,24,NA
"2382",15,18,12,15,NA
"2383",9,6,15,15,15
"2384",15,18,9,9,9
"2385",12,12,12,15,9
"2386",12,18,12,18,NA
"2387",9,12,18,12,9
"2388",9,15,9,15,12
"2389",9,15,15,9,12
"2390",9,15,12,12,12
"2391",12,15,18,15,NA
"2392",9,12,15,15,9
"2393",18,15,9,9,9
"2394",9,9,9,18,15
"2395",9,15,9,9,18
"2396",18,9,9,12,12
"2397",9,12,9,12,18
"2398",6,12,18,15,9
"2399",9,9,12,12,18
"2400",12,12,15,9,12
"2401",9,9,12,15,15
"2402",9,9,15,12,15
"2403",12,12,12,18,6
"2404",9,9,12,12,18
"2405",15,27,18,NA,NA
"2406",6,9,18,15,12
"2407",12,12,12,9,15
"2408",9,15,12,12,12
"2409",9,12,12,18,9
"2410",12,15,12,18,3
"2411",9,15,9,15,12
"2412",12,15,9,12,12
"2413",9,9,18,12,12
"2414",9,15,12,9,15
"2415",6,27,12,15,NA
"2416",9,12,21,18,NA
"2417",15,21,12,12,NA
"2418",15,6,12,15,12
"2419",12,12,15,9,12
"2420",9,18,21,12,NA
"2421",9,12,24,15,NA
"2422",6,9,15,18,12
"2423",15,6,12,12,15
"2424",15,6,9,12,18
"2425",12,12,18,6,12
"2426",15,12,12,12,9
"2427",15,6,18,9,12
"2428",21,6,15,18,NA
"2429",9,24,24,3,NA
"2430",9,12,12,15,12
"2431",9,6,12,15,18
"2432",12,6,12,18,12
"2433",15,12,12,12,9
"2434",9,15,15,12,9
"2435",9,15,6,12,18
"2436",6,6,15,18,15
"2437",15,12,6,12,15
"2438",18,21,9,12,NA
"2439",12,12,9,12,15
"2440",15,6,21,18,NA
"2441",9,12,12,15,12
"2442",15,18,12,15,NA
"2443",12,12,21,15,NA
"2444",18,9,15,18,NA
"2445",12,12,21,12,3
"2446",15,12,18,15,NA
"2447",21,18,18,3,NA
"2448",9,15,6,18,12
"2449",12,9,12,15,12
"2450",15,12,12,21,NA
"2451",15,6,15,12,12
"2452",9,9,18,15,9
"2453",15,9,12,18,6
"2454",9,12,12,18,9
"2455",9,9,15,12,15
"2456",9,12,12,15,12
"2457",12,18,15,15,NA
"2458",9,12,21,9,9
"2459",15,6,12,15,12
"2460",15,9,12,9,15
"2461",9,9,15,24,3
"2462",9,18,21,12,NA
"2463",12,9,15,15,9
"2464",12,12,9,15,12
"2465",6,18,9,12,15
"2466",9,15,9,9,18
"2467",18,24,18,NA,NA
"2468",12,12,15,9,12
"2469",18,12,9,12,9
"2470",9,6,12,15,18
"2471",15,9,12,12,12
"2472",15,9,9,12,15
"2473",9,6,15,18,12
"2474",12,15,12,9,12
"2475",9,24,27,NA,NA
"2476",12,12,15,9,12
"2477",15,12,12,9,12
"2478",9,15,15,15,6
"2479",6,15,18,12,9
"2480",12,12,12,21,3
"2481",15,15,12,9,9
"2482",6,12,15,15,12
"2483",15,12,9,12,12
"2484",9,6,15,18,12
"2485",9,12,12,12,15
"2486",6,9,15,15,15
"2487",9,12,12,12,15
"2488",12,9,18,12,9
"2489",12,12,9,12,15
"2490",15,9,15,12,9
"2491",9,15,12,15,9
"2492",15,6,18,9,12
"2493",12,12,12,12,12
"2494",9,15,12,9,15
"2495",12,9,9,18,12
"2496",15,12,9,15,9
"2497",9,9,18,9,15
"2498",6,12,15,12,15
"2499",9,12,15,15,9
"2500",18,12,6,12,12
"2501",9,9,12,12,18
"2502",12,15,9,12,12
"2503",18,9,12,9,12
"2504",6,9,15,12,18
"2505",12,15,15,9,9
"2506",15,12,18,6,9
"2507",15,9,9,9,18
"2508",12,12,9,18,9
"2509",12,9,15,12,12
"2510",9,6,15,12,18
"2511",12,12,18,9,9
"2512",12,9,12,15,12
"2513",12,9,15,9,15
"2514",6,12,9,15,18
"2515",12,9,15,12,12
"2516",12,12,9,15,12
"2517",6,18,12,15,9
"2518",12,12,18,18,NA
"2519",6,12,15,15,12
"2520",9,9,9,21,12
"2521",15,12,9,15,9
"2522",6,9,18,15,12
"2523",15,15,15,6,9
"2524",9,12,9,15,15
"2525",12,12,15,21,NA
"2526",9,12,12,15,12
"2527",12,12,15,9,12
"2528",6,15,12,12,15
"2529",9,15,12,18,6
"2530",9,15,15,15,6
"2531",12,15,15,9,9
"2532",15,15,9,9,12
"2533",6,12,12,12,18
"2534",9,6,9,18,18
"2535",6,18,12,15,9
"2536",9,12,15,9,15
"2537",12,15,12,12,9
"2538",12,15,12,12,9
"2539",15,15,12,12,6
"2540",15,15,12,18,NA
"2541",12,15,12,12,9
"2542",9,12,15,18,6
"2543",15,12,12,9,12
"2544",18,9,18,12,3
"2545",12,12,15,18,3
"2546",12,15,9,6,18
"2547",18,15,12,15,NA
"2548",9,12,9,12,18
"2549",9,9,18,9,15
"2550",9,9,12,15,15
"2551",15,18,15,12,NA
"2552",18,12,12,18,NA
"2553",12,9,12,18,9
"2554",12,15,18,15,NA
"2555",6,9,18,15,12
"2556",9,12,12,12,15
"2557",12,9,15,15,9
"2558",15,15,NA,NA,NA
"2559",15,21,15,9,NA
"2560",12,9,21,18,NA
"2561",12,18,15,15,NA
"2562",6,6,18,18,12
"2563",9,12,9,15,15
"2564",12,15,12,9,12
"2565",9,9,12,12,18
"2566",12,12,12,18,6
"2567",12,9,12,12,15
"2568",15,15,15,15,NA
"2569",12,6,9,21,12
"2570",9,15,15,9,12
"2571",6,18,18,18,NA
"2572",12,6,15,12,15
"2573",9,12,15,12,12
"2574",12,12,15,12,9
"2575",9,12,15,12,12
"2576",12,9,15,6,18
"2577",9,6,18,12,15
"2578",9,12,12,15,12
"2579",15,24,15,6,NA
"2580",9,9,18,12,12
"2581",15,12,24,9,NA
"2582",15,9,15,18,3
"2583",12,6,12,15,15
"2584",9,9,21,9,12
"2585",9,12,15,12,12
"2586",12,9,12,15,12
"2587",9,15,15,15,6
"2588",18,9,9,12,12
"2589",6,9,18,12,15
"2590",9,18,12,12,9
"2591",15,15,18,6,6
"2592",12,12,9,15,12
"2593",15,12,18,12,3
"2594",18,12,15,9,6
"2595",9,9,12,15,15
"2596",9,12,12,18,9
"2597",9,12,24,12,3
"2598",36,12,NA,NA,NA
"2599",12,9,6,18,15
"2600",15,12,18,9,6
"2601",12,12,9,12,15
"2602",9,12,12,15,12
"2603",15,9,12,21,3
"2604",6,12,6,21,15
"2605",18,12,15,15,NA
"2606",12,9,18,15,6
"2607",9,12,12,9,18
"2608",9,18,12,15,6
"2609",9,12,15,9,15
"2610",9,9,15,12,15
"2611",9,12,12,15,12
"2612",9,12,21,18,NA
"2613",6,15,12,9,18
"2614",15,12,21,12,NA
"2615",9,21,9,12,9
"2616",9,6,21,15,9
"2617",6,9,12,15,18
"2618",9,12,24,9,6
"2619",12,6,12,15,15
"2620",9,12,12,9,18
"2621",9,15,12,6,18
"2622",9,12,15,9,15
"2623",12,15,9,15,9
"2624",12,18,6,15,9
"2625",12,6,9,15,18
"2626",12,6,12,15,15
"2627",9,12,12,12,15
"2628",9,15,12,12,12
"2629",15,12,9,15,9
"2630",9,6,9,18,18
"2631",6,12,12,18,12
"2632",15,15,12,18,NA
"2633",18,9,9,12,12
"2634",9,12,18,9,12
"2635",9,15,15,9,12
"2636",9,9,9,15,18
"2637",12,9,9,15,15
"2638",15,15,12,9,9
"2639",15,9,12,12,12
"2640",12,12,15,9,12
"2641",18,21,21,NA,NA
"2642",9,9,15,12,15
"2643",12,9,15,12,12
"2644",12,9,9,18,12
"2645",9,12,9,15,15
"2646",24,12,24,NA,NA
"2647",9,18,12,9,12
"2648",15,15,12,9,9
"2649",12,6,18,12,12
"2650",6,6,12,18,18
"2651",12,6,15,15,12
"2652",9,9,15,15,12
"2653",9,12,12,18,9
"2654",15,9,15,9,12
"2655",15,12,9,6,18
"2656",12,12,9,9,18
"2657",18,9,9,9,15
"2658",12,9,15,9,15
"2659",9,12,15,12,12
"2660",9,15,21,12,3
"2661",6,18,18,9,9
"2662",18,9,6,12,15
"2663",12,12,9,12,15
"2664",15,12,9,12,12
"2665",6,12,15,18,9
"2666",12,12,12,18,6
"2667",12,9,15,15,9
"2668",9,9,9,21,12
"2669",15,9,6,18,12
"2670",12,9,12,15,12
"2671",9,12,18,12,9
"2672",15,9,12,12,12
"2673",12,12,12,12,12
"2674",6,15,12,9,18
"2675",12,15,15,12,6
"2676",12,9,9,15,15
"2677",9,12,12,12,15
"2678",6,9,12,15,18
"2679",21,21,18,NA,NA
"2680",9,9,15,15,12
"2681",12,15,12,12,9
"2682",9,12,15,15,9
"2683",12,12,15,12,9
"2684",6,6,12,9,27
"2685",9,12,9,15,15
"2686",9,21,18,12,NA
"2687",12,9,12,18,9
"2688",12,12,18,18,NA
"2689",12,15,15,9,9
"2690",24,12,21,3,NA
"2691",9,15,12,9,15
"2692",6,18,15,12,9
"2693",6,6,24,12,12
"2694",12,12,12,12,12
"2695",15,9,12,9,15
"2696",15,15,12,9,9
"2697",9,15,12,12,12
"2698",9,15,15,12,9
"2699",9,12,6,15,18
"2700",9,12,12,12,15
"2701",6,18,15,15,6
"2702",12,21,18,9,NA
"2703",9,18,21,12,NA
"2704",21,21,18,NA,NA
"2705",9,12,9,12,18
"2706",12,12,12,12,12
"2707",9,15,12,12,12
"2708",9,12,12,12,15
"2709",15,9,12,15,9
"2710",15,12,18,15,NA
"2711",9,12,12,12,15
"2712",12,12,15,18,3
"2713",12,6,15,15,12
"2714",6,9,18,15,12
"2715",12,9,18,9,12
"2716",9,15,12,15,9
"2717",12,9,15,9,15
"2718",15,12,18,15,NA
"2719",15,12,9,12,12
"2720",6,15,15,6,18
"2721",6,9,12,15,18
"2722",12,12,9,12,15
"2723",12,12,15,12,9
"2724",12,12,12,9,15
"2725",12,9,12,15,12
"2726",12,15,18,15,NA
"2727",12,9,15,12,12
"2728",15,15,9,15,6
"2729",9,18,12,12,9
"2730",12,9,9,15,15
"2731",12,9,6,15,18
"2732",9,9,21,9,12
"2733",12,9,15,12,12
"2734",9,15,9,15,12
"2735",9,15,21,15,NA
"2736",6,15,12,18,9
"2737",12,18,9,21,NA
"2738",15,9,9,12,15
"2739",9,6,6,18,21
"2740",6,12,15,12,15
"2741",9,15,21,15,NA
"2742",15,15,12,9,9
"2743",9,12,15,12,12
"2744",15,9,12,15,9
"2745",15,6,18,21,NA
"2746",15,12,9,12,12
"2747",6,9,9,24,12
"2748",15,18,9,9,9
"2749",12,12,9,12,15
"2750",9,9,18,24,NA
"2751",15,9,9,12,15
"2752",9,9,9,18,15
"2753",12,6,15,15,12
"2754",9,12,9,12,18
"2755",15,9,21,15,NA
"2756",12,9,12,12,15
"2757",9,12,9,15,15
"2758",12,9,15,12,12
"2759",12,15,15,6,12
"2760",9,15,12,9,15
"2761",9,9,12,15,15
"2762",9,12,15,15,9
"2763",6,12,9,15,18
"2764",12,12,9,12,15
"2765",15,6,12,12,15
"2766",18,9,9,9,15
"2767",12,9,6,15,18
"2768",9,12,15,12,12
"2769",9,12,21,12,6
"2770",9,12,18,9,12
"2771",12,15,15,9,9
"2772",12,12,12,18,6
"2773",9,6,18,12,15
"2774",15,12,12,18,3
"2775",15,6,18,12,9
"2776",12,9,9,21,9
"2777",6,18,12,12,12
"2778",12,12,12,9,15
"2779",6,9,18,15,12
"2780",12,12,9,6,21
"2781",27,12,21,NA,NA
"2782",18,18,18,6,NA
"2783",18,9,18,15,NA
"2784",15,15,12,12,6
"2785",12,12,6,15,15
"2786",15,12,15,6,12
"2787",9,12,9,15,15
"2788",12,9,15,15,9
"2789",9,12,12,9,18
"2790",9,12,6,15,18
"2791",9,12,15,12,12
"2792",9,9,15,15,12
"2793",6,9,15,9,21
"2794",12,9,6,18,15
"2795",9,9,21,9,12
"2796",18,27,15,NA,NA
"2797",12,12,12,24,NA
"2798",18,15,27,NA,NA
"2799",9,12,15,18,6
"2800",9,9,18,12,12
"2801",9,15,18,18,NA
"2802",12,15,18,15,NA
"2803",15,12,12,9,12
"2804",12,6,9,18,15
"2805",9,9,12,18,12
"2806",12,9,9,12,18
"2807",12,12,12,12,12
"2808",21,15,24,NA,NA
"2809",6,9,15,15,15
"2810",12,9,12,12,15
"2811",9,9,18,12,12
"2812",18,9,15,9,9
"2813",12,12,18,15,3
"2814",9,9,12,15,15
"2815",9,6,9,15,21
"2816",6,15,12,15,12
"2817",21,15,24,NA,NA
"2818",15,12,12,12,9
"2819",9,12,6,18,15
"2820",15,12,3,NA,NA
"2821",12,9,9,15,15
"2822",12,9,15,12,12
"2823",12,24,24,NA,NA
"2824",12,15,12,12,9
"2825",15,15,12,9,9
"2826",12,15,12,9,12
"2827",12,6,24,18,NA
"2828",9,12,12,9,18
"2829",9,18,15,12,6
"2830",9,9,15,12,15
"2831",12,9,21,15,3
"2832",6,18,15,12,9
"2833",12,15,18,9,6
"2834",15,30,15,NA,NA
"2835",12,9,15,9,15
"2836",9,12,12,12,15
"2837",15,12,15,18,NA
"2838",21,12,21,3,3
"2839",9,12,15,15,9
"2840",9,9,15,15,12
"2841",27,6,21,6,NA
"2842",9,24,6,9,12
"2843",15,12,33,NA,NA
"2844",9,12,15,18,6
"2845",12,9,15,15,9
"2846",12,12,15,12,9
"2847",15,12,9,15,9
"2848",12,15,24,9,NA
"2849",15,15,9,15,6
"2850",6,15,12,15,12
"2851",9,9,9,18,15
"2852",9,12,9,15,15
"2853",15,15,18,12,NA
"2854",18,9,15,18,NA
"2855",12,9,12,15,12
"2856",21,9,12,18,NA
"2857",6,18,9,12,15
"2858",9,15,9,15,12
"2859",9,12,15,12,12
"2860",6,12,18,9,15
"2861",12,9,15,21,3
"2862",15,9,15,12,9
"2863",9,24,27,NA,NA
"2864",9,15,9,15,12
"2865",15,9,15,6,15
"2866",9,15,21,15,NA
"2867",6,9,15,12,18
"2868",12,12,15,12,9
"2869",9,12,18,21,NA
"2870",9,6,12,18,15
"2871",9,9,12,12,18
"2872",15,12,12,12,9
"2873",15,9,15,12,9
"2874",12,15,6,12,15
"2875",9,15,12,15,9
"2876",15,6,12,15,12
"2877",9,18,15,18,NA
"2878",9,9,12,15,15
"2879",9,9,15,15,12
"2880",6,15,12,12,15
"2881",21,9,12,9,9
"2882",9,18,21,12,NA
"2883",18,12,15,9,6
"2884",6,12,15,21,6
"2885",9,9,9,15,18
"2886",15,15,18,6,6
"2887",12,9,12,12,15
"2888",12,12,12,12,12
"2889",6,9,15,15,15
"2890",18,9,9,12,12
"2891",18,12,21,6,3
"2892",15,9,12,12,12
"2893",24,9,21,6,NA
"2894",9,12,6,15,18
"2895",15,6,15,12,12
"2896",12,9,12,15,12
"2897",15,12,12,9,12
"2898",12,9,12,15,12
"2899",18,6,18,18,NA
"2900",9,12,9,15,15
"2901",18,15,9,18,NA
"2902",15,12,12,12,9
"2903",12,6,12,12,18
"2904",9,12,15,6,18
"2905",12,6,15,9,18
"2906",6,15,15,15,9
"2907",12,15,12,18,3
"2908",6,12,9,21,12
"2909",15,12,15,18,NA
"2910",15,21,18,3,3
"2911",6,15,15,15,9
"2912",12,12,9,15,12
"2913",9,6,12,15,18
"2914",12,21,21,6,NA
"2915",9,12,15,9,15
"2916",9,12,15,15,9
"2917",18,9,9,12,12
"2918",12,18,9,9,12
"2919",12,12,12,12,12
"2920",12,9,15,12,12
"2921",15,15,9,9,12
"2922",12,21,24,3,NA
"2923",15,6,15,12,12
"2924",18,9,15,12,6
"2925",6,12,15,21,6
"2926",9,12,12,12,15
"2927",9,9,15,15,12
"2928",12,12,12,12,12
"2929",12,12,18,9,9
"2930",12,6,21,9,12
"2931",6,12,15,12,15
"2932",12,12,9,12,15
"2933",12,18,12,18,NA
"2934",12,9,15,12,12
"2935",9,12,15,9,15
"2936",12,6,12,18,12
"2937",15,12,15,12,6
"2938",9,21,15,6,9
"2939",6,12,9,21,12
"2940",12,9,18,12,9
"2941",9,6,15,15,15
"2942",12,12,9,12,15
"2943",12,9,12,15,12
"2944",9,12,9,21,9
"2945",9,12,9,15,15
"2946",15,9,15,12,9
"2947",15,27,12,6,NA
"2948",15,6,12,15,12
"2949",15,9,12,15,9
"2950",6,18,12,12,12
"2951",15,18,15,12,NA
"2952",6,9,18,12,15
"2953",27,12,21,NA,NA
"2954",12,12,18,6,12
"2955",6,9,18,15,12
"2956",6,12,12,18,12
"2957",12,12,9,15,12
"2958",12,9,15,15,9
"2959",12,9,18,12,9
"2960",9,12,6,18,15
"2961",18,12,15,12,3
"2962",9,6,15,18,12
"2963",15,12,9,12,12
"2964",12,12,15,18,3
"2965",9,12,9,12,18
"2966",12,9,12,12,15
"2967",12,9,12,15,12
"2968",12,15,12,9,12
"2969",15,6,9,12,18
"2970",9,9,24,18,NA
"2971",9,9,15,12,15
"2972",15,18,12,15,NA
"2973",15,12,9,12,12
"2974",15,6,9,12,18
"2975",18,12,21,3,6
"2976",15,15,30,NA,NA
"2977",18,9,15,6,12
"2978",12,15,15,12,6
"2979",6,12,21,6,15
"2980",21,9,NA,NA,NA
"2981",15,27,18,NA,NA
"2982",9,12,6,18,15
"2983",12,15,15,18,NA
"2984",6,12,12,12,18
"2985",6,9,18,18,9
"2986",15,12,18,15,NA
"2987",15,12,12,9,12
"2988",15,9,9,12,15
"2989",15,9,12,15,9
"2990",9,12,12,12,15
"2991",9,18,15,18,NA
"2992",21,12,18,3,6
"2993",9,12,12,9,18
"2994",15,12,9,9,15
"2995",18,12,18,12,NA
"2996",12,12,24,12,NA
"2997",9,18,18,3,12
"2998",15,12,12,12,9
"2999",15,12,9,9,15
"3000",12,12,12,9,15
"3001",9,12,15,15,9
"3002",15,6,9,15,15
"3003",12,12,15,12,9
"3004",15,12,12,9,12
"3005",6,6,18,18,12
"3006",18,21,21,NA,NA
"3007",12,9,12,12,15
"3008",12,6,9,15,18
"3009",12,18,15,15,NA
"3010",12,6,15,15,12
"3011",12,9,15,18,6
"3012",12,15,21,9,3
"3013",9,12,15,15,9
"3014",12,15,6,15,12
"3015",12,15,9,12,12
"3016",15,6,21,9,9
"3017",18,15,9,18,NA
"3018",6,12,9,15,18
"3019",9,9,12,15,15
"3020",15,12,9,9,15
"3021",6,15,15,18,6
"3022",18,18,6,9,9
"3023",6,9,21,12,12
"3024",9,15,21,12,3
"3025",9,12,12,12,15
"3026",6,12,15,18,9
"3027",6,12,15,12,15
"3028",6,6,21,15,12
"3029",12,9,15,15,9
"3030",15,6,15,12,12
"3031",18,15,6,12,9
"3032",9,12,12,15,12
"3033",9,12,15,12,12
"3034",12,9,15,9,15
"3035",6,15,9,18,12
"3036",9,12,12,12,15
"3037",6,9,12,18,15
"3038",12,15,9,12,12
"3039",12,9,9,15,15
"3040",6,15,12,15,12
"3041",15,9,12,12,12
"3042",12,15,12,12,9
"3043",6,18,12,15,9
"3044",15,9,15,12,9
"3045",12,12,15,12,9
"3046",15,15,21,3,6
"3047",6,9,18,12,15
"3048",9,12,15,9,15
"3049",9,9,15,15,12
"3050",6,12,15,12,15
"3051",15,12,9,12,12
"3052",12,9,15,12,12
"3053",9,12,15,15,9
"3054",15,12,9,15,9
"3055",15,9,12,12,12
"3056",12,12,12,12,12
"3057",6,15,18,18,3
"3058",15,15,12,12,6
"3059",9,9,15,15,12
"3060",12,9,12,9,18
"3061",9,18,9,9,15
"3062",12,6,9,18,15
"3063",9,9,12,12,18
"3064",15,9,6,15,15
"3065",12,15,9,9,15
"3066",12,6,12,15,15
"3067",12,12,18,9,9
"3068",21,12,6,12,9
"3069",9,15,12,9,15
"3070",9,6,12,15,18
"3071",9,12,9,21,9
"3072",9,12,12,15,12
"3073",6,9,15,18,12
"3074",15,12,12,12,9
"3075",9,12,12,12,15
"3076",6,12,18,24,NA
"3077",6,15,18,6,15
"3078",12,12,12,9,15
"3079",12,12,15,9,12
"3080",12,15,9,15,9
"3081",6,18,15,9,12
"3082",9,9,9,15,18
"3083",9,9,12,15,15
"3084",21,9,12,18,NA
"3085",12,9,15,9,15
"3086",12,9,15,12,12
"3087",6,15,9,18,12
"3088",9,15,12,15,9
"3089",9,12,12,12,15
"3090",9,9,24,9,9
"3091",9,9,15,12,15
"3092",6,15,18,12,9
"3093",6,18,12,12,12
"3094",6,9,15,15,15
"3095",9,12,15,15,9
"3096",12,15,9,15,9
"3097",15,21,24,NA,NA
"3098",6,9,15,12,18
"3099",6,9,15,21,9
"3100",6,12,12,15,15
"3101",15,15,9,9,12
"3102",12,9,12,12,15
"3103",9,18,15,9,9
"3104",12,12,12,12,12
"3105",9,6,15,21,9
"3106",9,12,18,12,9
"3107",12,9,9,18,12
"3108",9,12,12,9,18
"3109",9,6,18,15,12
"3110",12,12,21,15,NA
"3111",12,9,15,12,12
"3112",15,12,15,12,6
"3113",15,9,12,15,9
"3114",6,21,15,18,NA
"3115",12,9,12,18,9
"3116",9,12,18,21,NA
"3117",9,15,6,15,15
"3118",12,12,9,9,18
"3119",9,15,12,9,15
"3120",9,9,9,18,15
"3121",12,6,18,9,15
"3122",9,9,18,15,9
"3123",12,9,12,12,15
"3124",9,24,9,12,6
"3125",9,15,18,18,NA
"3126",12,18,21,9,NA
"3127",12,6,15,18,9
"3128",6,15,12,9,18
"3129",12,9,12,12,15
"3130",12,9,9,15,15
"3131",9,18,9,15,9
"3132",9,6,12,15,18
"3133",15,9,9,12,15
"3134",9,6,12,12,21
"3135",18,9,9,15,9
"3136",15,9,9,18,9
"3137",6,15,12,12,15
"3138",6,12,15,15,12
"3139",15,12,12,12,9
"3140",18,15,27,NA,NA
"3141",12,12,12,9,15
"3142",12,9,9,15,15
"3143",9,15,18,6,12
"3144",12,12,6,12,18
"3145",9,12,21,18,NA
"3146",9,15,12,9,15
"3147",12,9,12,15,12
"3148",9,12,12,15,12
"3149",9,12,9,18,12
"3150",6,9,12,18,15
"3151",9,12,12,9,18
"3152",12,9,12,12,15
"3153",12,18,12,12,6
"3154",9,15,12,9,15
"3155",12,12,12,9,15
"3156",9,12,15,18,6
"3157",12,12,18,12,6
"3158",9,18,18,15,NA
"3159",15,9,9,15,12
"3160",9,9,12,15,15
"3161",15,9,9,15,12
"3162",12,12,9,12,15
"3163",21,9,15,15,NA
"3164",9,12,18,18,3
"3165",15,15,15,9,6
"3166",15,6,12,12,15
"3167",12,9,27,12,NA
"3168",15,6,36,3,NA
"3169",21,12,21,6,NA
"3170",6,12,15,12,15
"3171",15,9,15,9,12
"3172",6,9,12,15,18
"3173",15,18,6,12,9
"3174",15,18,15,12,NA
"3175",12,9,18,12,9
"3176",12,15,12,12,9
"3177",9,15,9,12,15
"3178",9,9,15,12,15
"3179",24,6,NA,NA,NA
"3180",18,12,21,9,NA
"3181",9,9,21,9,12
"3182",21,12,12,15,NA
"3183",9,9,9,12,21
"3184",6,15,12,12,15
"3185",6,15,15,18,6
"3186",12,9,12,12,15
"3187",12,12,9,15,12
"3188",12,18,21,3,6
"3189",12,12,12,12,12
"3190",6,12,15,18,9
"3191",6,18,18,6,12
"3192",12,12,12,12,12
"3193",12,9,9,15,15
"3194",15,9,15,9,12
"3195",9,12,15,18,6
"3196",9,12,15,12,12
"3197",12,24,24,NA,NA
"3198",18,9,9,12,12
"3199",9,6,15,18,12
"3200",12,12,18,18,NA
"3201",6,15,21,18,NA
"3202",12,15,9,12,12
"3203",9,12,12,18,9
"3204",15,9,12,12,12
"3205",9,9,15,12,15
"3206",12,12,15,15,6
"3207",15,9,15,9,12
"3208",9,12,18,12,9
"3209",12,6,12,15,15
"3210",12,9,12,15,12
"3211",18,15,12,6,9
"3212",12,12,12,15,9
"3213",12,6,15,18,9
"3214",6,12,12,18,12
"3215",12,15,9,9,15
"3216",15,15,12,9,9
"3217",9,12,15,9,15
"3218",9,9,15,9,18
"3219",9,6,15,15,15
"3220",6,18,6,18,12
"3221",15,6,12,15,12
"3222",9,9,18,12,12
"3223",9,12,9,12,18
"3224",12,6,18,12,12
"3225",18,12,15,6,9
"3226",9,15,12,24,NA
"3227",9,9,15,9,18
"3228",12,15,12,12,9
"3229",18,12,12,15,3
"3230",18,9,24,3,6
"3231",12,15,12,12,9
"3232",18,12,18,9,3
"3233",9,18,6,12,15
"3234",12,12,9,15,12
"3235",15,6,15,12,12
"3236",9,12,15,12,12
"3237",6,12,15,12,15
"3238",12,12,12,12,12
"3239",12,12,12,24,NA
"3240",9,12,24,15,NA
"3241",12,6,12,6,24
"3242",12,18,9,12,9
"3243",9,15,12,15,9
"3244",12,12,18,18,NA
"3245",12,6,12,18,12
"3246",12,9,18,12,9
"3247",9,15,18,18,NA
"3248",9,9,15,12,15
"3249",9,9,15,9,18
"3250",9,15,12,12,12
"3251",9,9,12,15,15
"3252",12,15,9,12,12
"3253",12,12,12,12,12
"3254",12,9,18,9,12
"3255",9,9,12,15,15
"3256",12,9,15,12,12
"3257",12,15,21,12,NA
"3258",6,12,18,15,9
"3259",12,12,9,15,12
"3260",12,15,6,15,12
"3261",6,15,12,18,9
"3262",12,12,15,9,12
"3263",15,9,9,15,12
"3264",9,15,9,12,15
"3265",12,15,9,9,15
"3266",12,9,12,15,12
"3267",6,9,12,18,15
"3268",12,9,12,12,15
"3269",12,9,9,21,9
"3270",6,12,24,18,NA
"3271",24,15,21,NA,NA
"3272",9,15,12,9,15
"3273",9,12,12,12,15
"3274",12,12,18,9,9
"3275",12,6,15,15,12
"3276",12,12,9,12,15
"3277",9,9,15,15,12
"3278",12,15,15,9,9
"3279",18,15,18,9,NA
"3280",9,18,9,12,12
"3281",9,12,15,15,9
"3282",9,12,9,15,15
"3283",9,12,9,9,21
"3284",6,15,15,12,12
"3285",6,12,15,15,12
"3286",9,12,15,18,6
"3287",12,12,9,15,12
"3288",9,15,12,12,12
"3289",9,12,9,15,15
"3290",6,18,12,12,12
"3291",12,12,9,15,12
"3292",9,12,18,12,9
"3293",18,9,15,18,NA
"3294",12,9,12,15,12
"3295",15,12,12,12,9
"3296",9,15,12,15,9
"3297",9,9,12,18,12
"3298",6,9,15,18,12
"3299",12,12,15,6,15
"3300",12,12,12,12,12
"3301",9,12,15,9,15
"3302",9,9,15,9,18
"3303",12,15,9,9,15
"3304",9,15,9,21,6
"3305",12,9,9,15,15
"3306",15,12,12,9,12
"3307",15,18,18,6,3
"3308",12,9,18,12,9
"3309",12,6,18,12,12
"3310",15,12,18,15,NA
"3311",9,9,12,21,9
"3312",12,12,12,9,15
"3313",15,12,18,15,NA
"3314",9,9,12,30,NA
"3315",9,9,12,15,15
"3316",18,12,6,9,15
"3317",12,9,15,12,12
"3318",15,12,9,15,9
"3319",6,24,18,12,NA
"3320",9,9,18,15,9
"3321",12,9,12,9,18
"3322",6,12,12,12,18
"3323",12,9,15,15,9
"3324",9,18,9,15,9
"3325",9,9,15,18,9
"3326",12,12,12,12,12
"3327",9,9,12,18,12
"3328",9,12,12,15,12
"3329",12,9,18,21,NA
"3330",12,9,12,12,15
"3331",12,18,12,6,12
"3332",9,6,18,15,12
"3333",6,12,15,15,12
"3334",6,9,24,12,9
"3335",12,9,12,18,9
"3336",12,9,15,9,15
"3337",9,18,12,9,12
"3338",15,12,15,9,9
"3339",15,12,21,12,NA
"3340",15,24,21,NA,NA
"3341",12,9,15,12,12
"3342",15,18,12,6,9
"3343",6,12,18,12,12
"3344",15,12,12,9,12
"3345",12,9,15,12,12
"3346",12,9,15,12,12
"3347",15,9,15,12,9
"3348",15,12,6,15,12
"3349",15,12,12,12,9
"3350",9,12,15,9,15
"3351",15,15,12,15,3
"3352",9,12,6,15,18
"3353",18,9,9,12,12
"3354",12,6,15,12,15
"3355",18,12,9,9,12
"3356",9,15,15,12,9
"3357",12,15,15,12,6
"3358",9,12,12,15,12
"3359",15,15,12,12,6
"3360",12,12,21,9,6
"3361",6,9,12,15,18
"3362",12,21,27,NA,NA
"3363",12,12,15,15,6
"3364",6,15,12,12,15
"3365",6,12,12,18,12
"3366",12,12,12,15,9
"3367",9,9,18,12,12
"3368",12,9,12,24,3
"3369",12,6,12,12,18
"3370",9,15,9,12,15
"3371",18,15,15,12,NA
"3372",9,6,9,18,18
"3373",15,9,9,12,15
"3374",12,12,12,12,12
"3375",9,9,15,12,15
"3376",12,12,9,15,12
"3377",12,9,9,12,18
"3378",9,15,15,12,9
"3379",6,9,12,15,18
"3380",12,6,9,18,15
"3381",12,6,18,9,15
"3382",12,9,12,12,15
"3383",12,12,18,15,3
"3384",15,9,21,12,3
"3385",9,12,15,15,9
"3386",9,15,12,15,9
"3387",9,9,12,15,15
"3388",12,12,12,18,6
"3389",6,18,15,12,9
"3390",9,15,9,15,12
"3391",18,6,12,15,9
"3392",12,12,18,15,3
"3393",12,9,15,12,12
"3394",6,21,15,12,6
"3395",12,12,12,9,15
"3396",9,15,9,12,15
"3397",12,9,15,12,12
"3398",12,6,15,15,12
"3399",9,15,12,12,12
"3400",12,15,9,12,12
"3401",18,9,6,12,15
"3402",9,15,12,15,9
"3403",6,12,18,12,12
"3404",9,9,15,15,12
"3405",12,12,12,12,12
"3406",12,9,12,12,15
"3407",21,9,18,12,NA
"3408",15,6,12,9,18
"3409",12,9,9,18,12
"3410",18,12,18,9,3
"3411",9,12,9,18,12
"3412",9,12,15,12,12
"3413",6,15,15,12,12
"3414",6,18,15,15,6
"3415",18,12,12,12,6
"3416",12,9,18,9,12
"3417",6,15,15,9,15
"3418",15,9,15,15,6
"3419",9,18,12,9,12
"3420",9,9,12,15,15
"3421",15,15,15,15,NA
"3422",9,9,18,12,12
"3423",15,9,15,15,6
"3424",9,12,12,12,15
"3425",9,9,18,12,12
"3426",9,18,15,9,9
"3427",21,9,9,12,9
"3428",12,6,15,9,18
"3429",12,12,15,9,12
"3430",18,6,21,15,NA
"3431",9,9,15,15,12
"3432",12,9,18,12,9
"3433",12,12,18,18,NA
"3434",15,12,12,9,12
"3435",6,15,12,18,9
"3436",21,12,18,6,3
"3437",9,15,9,18,9
"3438",15,18,15,12,NA
"3439",12,9,15,12,12
"3440",12,9,12,15,12
"3441",12,9,15,15,9
"3442",9,12,18,6,15
"3443",6,6,18,12,18
"3444",6,15,9,18,12
"3445",9,9,9,21,12
"3446",12,12,9,15,12
"3447",12,9,15,18,6
"3448",6,18,12,24,NA
"3449",12,6,18,9,15
"3450",6,9,12,18,15
"3451",15,12,12,9,12
"3452",12,9,12,9,18
"3453",6,15,12,9,18
"3454",15,9,18,18,NA
"3455",12,15,12,15,6
"3456",15,9,9,15,12
"3457",18,12,27,3,NA
"3458",6,12,12,15,15
"3459",12,12,12,12,12
"3460",12,9,12,12,15
"3461",12,21,27,NA,NA
"3462",12,15,9,12,12
"3463",15,15,18,12,NA
"3464",6,12,15,12,15
"3465",6,18,12,18,6
"3466",6,15,12,15,12
"3467",9,15,6,18,12
"3468",18,6,18,18,NA
"3469",6,18,15,9,12
"3470",9,18,6,18,9
"3471",9,9,9,15,18
"3472",12,18,21,9,NA
"3473",18,21,21,NA,NA
"3474",18,12,30,NA,NA
"3475",18,21,21,NA,NA
"3476",9,12,12,15,12
"3477",9,12,15,12,12
"3478",12,9,12,15,12
"3479",15,12,9,15,9
"3480",9,12,12,12,15
"3481",15,12,15,9,9
"3482",9,9,6,15,21
"3483",15,15,6,9,15
"3484",12,12,12,12,12
"3485",18,9,9,15,9
"3486",15,6,9,15,15
"3487",18,12,12,9,9
"3488",12,12,18,9,9
"3489",9,6,18,12,15
"3490",12,15,15,15,3
"3491",18,9,12,12,9
"3492",12,9,15,12,12
"3493",12,18,9,12,9
"3494",9,12,12,9,18
"3495",12,15,9,12,12
"3496",12,12,12,12,12
"3497",15,15,12,12,6
"3498",12,9,12,15,12
"3499",6,12,9,18,15
"3500",12,12,24,12,NA
"3501",18,12,18,12,NA
"3502",12,12,12,9,15
"3503",9,12,18,15,6
"3504",12,15,15,9,9
"3505",15,9,12,12,12
"3506",6,12,12,15,15
"3507",6,12,15,15,12
"3508",6,15,9,18,12
"3509",18,15,15,12,NA
"3510",15,18,18,3,6
"3511",12,15,12,21,NA
"3512",18,12,12,9,9
"3513",9,9,9,18,15
"3514",15,18,18,9,NA
"3515",12,15,24,9,NA
"3516",15,12,12,18,3
"3517",9,9,12,12,18
"3518",12,15,12,12,9
"3519",15,9,12,12,12
"3520",9,9,12,18,12
"3521",12,12,12,12,12
"3522",21,12,27,NA,NA
"3523",12,18,9,15,6
"3524",12,9,24,12,3
"3525",15,12,15,12,6
"3526",12,9,9,18,12
"3527",9,9,18,15,9
"3528",9,15,12,15,9
"3529",18,9,12,9,12
"3530",18,6,15,9,12
"3531",21,12,27,NA,NA
"3532",6,6,15,15,18
"3533",6,12,24,12,6
"3534",12,6,12,18,12
"3535",9,15,18,9,9
"3536",9,18,15,12,6
"3537",9,6,15,18,12
"3538",12,6,12,15,15
"3539",9,9,12,15,15
"3540",9,9,12,15,15
"3541",18,15,15,NA,NA
"3542",12,9,18,9,12
"3543",9,12,15,9,15
"3544",9,12,18,12,9
"3545",15,6,15,9,15
"3546",9,21,15,15,NA
"3547",12,18,12,9,9
"3548",15,12,9,9,15
"3549",9,12,9,15,15
"3550",12,12,12,12,12
"3551",6,15,15,12,12
"3552",12,6,18,12,12
"3553",18,12,6,12,12
"3554",9,9,12,21,9
"3555",9,6,15,15,15
"3556",9,12,18,15,6
"3557",9,12,6,21,12
"3558",9,15,9,12,15
"3559",12,12,9,12,15
"3560",15,18,12,9,6
"3561",15,9,12,9,15
"3562",12,12,9,15,12
"3563",9,9,18,24,NA
"3564",9,9,18,12,12
"3565",12,9,12,12,15
"3566",9,18,12,9,12
"3567",12,12,6,12,18
"3568",12,15,21,12,NA
"3569",9,9,9,12,21
"3570",9,12,9,15,15
"3571",12,15,18,15,NA
"3572",12,6,18,12,12
"3573",15,12,12,9,12
"3574",15,18,15,12,NA
"3575",12,18,6,9,15
"3576",9,9,15,15,12
"3577",12,12,9,18,9
"3578",15,15,12,9,9
"3579",12,15,18,15,NA
"3580",6,15,15,9,15
"3581",9,9,18,12,12
"3582",15,15,12,18,NA
"3583",12,15,12,15,6
"3584",12,15,12,15,6
"3585",12,6,18,18,6
"3586",9,9,24,18,NA
"3587",9,12,21,9,9
"3588",12,15,12,9,12
"3589",12,9,15,15,9
"3590",18,9,9,9,15
"3591",18,9,6,9,18
"3592",6,9,15,15,15
"3593",12,12,15,12,9
"3594",15,6,9,15,15
"3595",12,9,18,9,12
"3596",9,9,21,21,NA
"3597",15,15,18,6,6
"3598",15,9,12,15,9
"3599",9,12,9,18,12
"3600",12,9,18,9,12
"3601",12,18,9,12,9
"3602",9,12,15,12,12
"3603",12,12,18,6,12
"3604",12,12,12,12,12
"3605",6,15,12,12,15
"3606",9,9,18,9,15
"3607",6,15,21,6,12
"3608",9,12,12,15,12
"3609",9,6,12,18,15
"3610",12,9,12,15,12
"3611",12,9,18,9,12
"3612",18,21,21,NA,NA
"3613",9,15,15,12,9
"3614",18,18,12,6,6
"3615",6,12,12,18,12
"3616",9,9,12,18,12
"3617",12,12,15,12,9
"3618",12,9,15,15,9
"3619",9,12,15,15,9
"3620",12,9,9,15,15
"3621",12,9,15,9,15
"3622",12,15,12,18,3
"3623",9,6,15,18,12
"3624",12,9,21,18,NA
"3625",9,12,9,12,18
"3626",12,15,9,12,12
"3627",15,12,9,12,12
"3628",12,9,12,15,12
"3629",6,9,18,15,12
"3630",18,6,9,12,15
"3631",9,18,12,9,12
"3632",9,15,12,9,15
"3633",12,9,15,9,15
"3634",18,12,15,12,3
"3635",15,9,9,15,12
"3636",12,12,9,15,12
"3637",12,12,21,15,NA
"3638",12,9,15,24,NA
"3639",6,12,12,15,15
"3640",9,9,15,15,12
"3641",6,15,12,12,15
"3642",9,12,12,12,15
"3643",6,12,12,21,9
"3644",12,12,12,18,6
"3645",15,12,12,12,9
"3646",12,12,9,18,9
"3647",15,12,9,12,12
"3648",12,15,12,12,9
"3649",15,12,21,12,NA
"3650",9,15,21,9,6
"3651",6,15,18,12,9
"3652",9,9,18,12,12
"3653",12,12,12,12,12
"3654",9,9,12,12,18
"3655",15,18,15,12,NA
"3656",12,12,12,15,9
"3657",18,9,12,12,9
"3658",18,24,6,NA,NA
"3659",15,6,9,12,18
"3660",15,18,6,6,15
"3661",15,9,12,12,12
"3662",9,12,9,15,15
"3663",15,15,NA,NA,NA
"3664",12,15,9,15,9
"3665",12,9,12,15,12
"3666",12,15,12,9,12
"3667",12,9,12,15,12
"3668",15,9,18,18,NA
"3669",21,15,18,3,3
"3670",6,9,18,15,12
"3671",15,9,9,9,18
"3672",6,12,15,15,12
"3673",9,9,15,18,9
"3674",12,9,15,15,9
"3675",6,12,15,15,12
"3676",15,9,9,12,15
"3677",15,12,12,12,9
"3678",9,6,12,18,15
"3679",12,15,15,9,9
"3680",9,12,12,12,15
"3681",24,21,15,NA,NA
"3682",12,12,12,12,12
"3683",18,9,15,12,6
"3684",15,12,9,12,12
"3685",15,9,15,9,12
"3686",15,9,12,12,12
"3687",15,18,18,9,NA
"3688",9,9,15,15,12
"3689",9,12,12,15,12
"3690",9,12,18,12,9
"3691",9,6,12,15,18
"3692",15,12,9,9,15
"3693",15,15,24,6,NA
"3694",12,12,12,12,12
"3695",15,9,12,9,15
"3696",12,21,18,9,NA
"3697",9,9,15,12,15
"3698",12,12,12,15,9
"3699",12,6,9,15,18
"3700",18,9,9,12,12
"3701",12,9,15,12,12
"3702",15,9,15,9,12
"3703",15,12,15,9,9
"3704",18,15,9,18,NA
"3705",6,9,18,15,12
"3706",6,15,18,9,12
"3707",12,6,12,15,15
"3708",15,9,21,15,NA
"3709",12,15,9,9,15
"3710",18,12,12,12,6
"3711",9,9,15,15,12
"3712",12,9,9,18,12
"3713",12,30,18,NA,NA
"3714",9,9,18,12,12
"3715",9,12,9,15,15
"3716",18,12,21,6,3
"3717",12,9,12,12,15
"3718",12,12,15,21,NA
"3719",9,9,12,18,12
"3720",6,9,12,12,21
"3721",12,18,9,9,12
"3722",15,12,12,12,9
"3723",9,9,12,15,15
"3724",6,9,15,18,12
"3725",18,15,9,6,12
"3726",9,6,9,15,21
"3727",9,6,18,15,12
"3728",9,9,21,21,NA
"3729",12,9,18,9,12
"3730",12,12,18,18,NA
"3731",18,12,12,18,NA
"3732",9,12,12,9,18
"3733",15,9,12,15,9
"3734",12,9,15,15,9
"3735",15,9,9,15,12
"3736",9,9,12,12,18
"3737",12,15,9,12,12
"3738",12,12,12,15,9
"3739",18,27,15,NA,NA
"3740",9,9,18,15,9
"3741",12,9,15,12,12
"3742",9,15,12,9,15
"3743",9,15,9,15,12
"3744",15,6,15,9,15
"3745",9,15,18,9,9
"3746",9,9,9,21,12
"3747",12,15,12,9,12
"3748",12,15,15,6,12
"3749",9,9,21,12,9
"3750",15,12,9,12,12
"3751",6,18,15,18,3
"3752",9,9,15,18,9
"3753",12,6,18,15,9
"3754",9,12,15,21,3
"3755",15,12,9,12,12
"3756",15,15,6,12,12
"3757",9,15,15,12,9
"3758",15,9,21,15,NA
"3759",9,18,12,9,12
"3760",12,6,12,12,18
"3761",12,9,15,6,18
"3762",9,15,12,9,15
"3763",15,12,9,9,15
"3764",9,9,18,21,3
"3765",12,9,12,12,15
"3766",9,6,21,12,12
"3767",9,15,9,15,12
"3768",6,9,15,15,15
"3769",9,6,15,18,12
"3770",6,15,12,12,15
"3771",18,9,15,9,9
"3772",9,15,18,18,NA
"3773",15,12,15,6,12
"3774",12,9,9,18,12
"3775",9,12,12,15,12
"3776",6,12,12,15,15
"3777",12,12,9,18,9
"3778",21,12,12,15,NA
"3779",21,9,27,3,NA
"3780",9,12,27,NA,NA
"3781",9,15,15,9,12
"3782",9,12,15,12,12
"3783",15,9,36,NA,NA
"3784",12,6,12,15,15
"3785",9,12,12,12,15
"3786",12,9,9,18,12
"3787",12,9,12,15,12
"3788",15,9,12,9,15
"3789",15,18,12,6,9
"3790",9,15,21,15,NA
"3791",15,12,12,9,12
"3792",9,15,12,6,18
"3793",12,12,9,15,12
"3794",12,12,15,9,12
"3795",9,9,12,18,12
"3796",6,15,21,18,NA
"3797",12,15,21,12,NA
"3798",12,15,9,9,15
"3799",15,12,15,18,NA
"3800",12,12,21,9,6
"3801",12,12,12,12,12
"3802",18,12,24,6,NA
"3803",9,12,9,15,15
"3804",12,12,12,9,15
"3805",9,15,15,9,12
"3806",9,9,15,15,12
"3807",9,9,12,12,18
"3808",12,21,18,9,NA
"3809",15,12,9,12,12
"3810",12,9,18,12,9
"3811",12,12,9,12,15
"3812",15,6,12,15,12
"3813",12,9,12,15,12
"3814",12,12,21,9,6
"3815",12,12,15,12,9
"3816",18,12,12,12,6
"3817",6,15,9,12,18
"3818",9,15,21,15,NA
"3819",9,18,18,12,3
"3820",9,15,15,12,9
"3821",15,6,12,12,15
"3822",9,18,12,12,9
"3823",12,12,15,12,9
"3824",18,9,18,15,NA
"3825",21,24,15,NA,NA
"3826",9,18,15,6,12
"3827",12,12,15,9,12
"3828",15,18,12,9,6
"3829",12,18,6,15,9
"3830",15,9,12,12,12
"3831",12,6,21,12,9
"3832",12,12,15,9,12
"3833",6,15,18,6,15
"3834",12,6,21,9,12
"3835",9,12,12,12,15
"3836",6,15,9,12,18
"3837",12,9,15,9,15
"3838",18,15,12,15,NA
"3839",30,15,3,NA,NA
"3840",9,9,12,15,15
"3841",9,9,15,18,9
"3842",12,12,21,15,NA
"3843",21,9,6,12,12
"3844",15,9,12,9,15
"3845",18,15,6,9,12
"3846",6,9,12,24,9
"3847",12,15,6,18,9
"3848",12,15,15,18,NA
"3849",6,12,15,15,12
"3850",12,12,9,15,12
"3851",15,6,9,15,15
"3852",9,18,18,15,NA
"3853",18,12,9,12,9
"3854",15,9,15,12,9
"3855",9,9,15,15,12
"3856",12,9,15,9,15
"3857",6,12,18,12,12
"3858",6,9,18,12,15
"3859",9,12,15,9,15
"3860",9,15,12,12,12
"3861",9,9,12,15,15
"3862",18,12,6,12,12
"3863",15,15,9,9,12
"3864",15,12,21,12,NA
"3865",12,12,9,12,15
"3866",9,12,15,9,15
"3867",18,24,18,NA,NA
"3868",12,12,15,12,9
"3869",12,15,6,15,12
"3870",6,15,9,12,18
"3871",6,18,9,12,15
"3872",9,15,21,15,NA
"3873",18,9,12,21,NA
"3874",9,12,12,12,15
"3875",15,12,27,3,3
"3876",9,9,9,18,15
"3877",9,12,15,12,12
"3878",9,9,12,12,18
"3879",18,15,15,12,NA
"3880",9,9,12,15,15
"3881",18,6,12,12,12
"3882",9,15,18,9,9
"3883",21,21,18,NA,NA
"3884",18,12,6,12,12
"3885",12,15,6,15,12
"3886",12,6,15,15,12
"3887",15,9,12,12,12
"3888",9,15,9,15,12
"3889",12,15,9,9,15
"3890",12,9,12,12,15
"3891",12,6,12,15,15
"3892",15,15,15,15,NA
"3893",12,6,15,12,15
"3894",6,12,12,15,15
"3895",9,15,21,15,NA
"3896",6,12,18,15,9
"3897",9,18,6,9,18
"3898",6,9,15,15,15
"3899",12,15,12,9,12
"3900",12,6,12,18,12
"3901",12,6,12,18,12
"3902",18,6,12,12,12
"3903",21,21,18,NA,NA
"3904",9,12,12,15,12
"3905",9,9,15,12,15
"3906",12,12,12,9,15
"3907",12,33,15,NA,NA
"3908",9,18,9,12,12
"3909",15,12,9,12,12
"3910",9,12,9,15,15
"3911",12,9,15,12,12
"3912",9,9,15,15,12
"3913",9,12,15,12,12
"3914",9,12,15,9,15
"3915",6,15,12,12,15
"3916",6,9,9,12,24
"3917",9,12,12,12,15
"3918",6,15,15,15,9
"3919",15,9,15,15,6
"3920",12,9,12,12,15
"3921",12,30,18,NA,NA
"3922",9,9,15,18,9
"3923",9,6,27,18,NA
"3924",15,6,12,15,12
"3925",12,15,12,15,6
"3926",6,9,9,21,15
"3927",15,12,18,15,NA
"3928",9,9,12,21,9
"3929",9,9,15,15,12
"3930",15,12,18,15,NA
"3931",9,15,18,18,NA
"3932",15,15,18,3,9
"3933",15,12,18,15,NA
"3934",6,15,12,15,12
"3935",12,12,21,15,NA
"3936",9,12,9,15,15
"3937",15,12,18,6,9
"3938",9,12,12,15,12
"3939",15,12,6,12,15
"3940",12,9,12,12,15
"3941",15,9,15,12,9
"3942",12,9,15,12,12
"3943",6,18,12,12,12
"3944",15,12,12,15,6
"3945",15,15,12,18,NA
"3946",12,9,12,12,15
"3947",15,9,12,12,12
"3948",12,9,18,21,NA
"3949",12,9,9,18,12
"3950",6,15,15,9,15
"3951",6,12,9,21,12
"3952",9,12,12,15,12
"3953",12,15,9,15,9
"3954",9,9,18,12,12
"3955",9,9,9,15,18
"3956",15,15,9,12,9
"3957",12,9,18,9,12
"3958",6,9,12,15,18
"3959",12,12,15,9,12
"3960",12,9,18,15,6
"3961",12,12,18,9,9
"3962",9,15,12,9,15
"3963",12,15,12,12,9
"3964",15,9,9,12,15
"3965",9,15,12,15,9
"3966",9,9,15,15,12
"3967",12,12,15,12,9
"3968",12,12,12,9,15
"3969",12,6,18,12,12
"3970",9,12,12,12,15
"3971",15,9,9,12,15
"3972",15,12,9,12,12
"3973",6,12,12,15,15
"3974",12,12,12,12,12
"3975",15,9,9,15,12
"3976",15,9,9,18,9
"3977",15,9,9,12,15
"3978",9,15,27,9,NA
"3979",12,9,9,9,21
"3980",18,9,12,15,6
"3981",18,12,21,6,3
"3982",9,15,15,12,9
"3983",15,21,21,3,NA
"3984",15,9,15,12,9
"3985",18,15,12,15,NA
"3986",9,12,15,12,12
"3987",12,12,12,9,15
"3988",15,12,21,6,6
"3989",9,12,21,18,NA
"3990",9,18,15,18,NA
"3991",9,12,12,18,9
"3992",12,9,9,15,15
"3993",6,18,15,9,12
"3994",9,12,18,12,9
"3995",12,12,21,15,NA
"3996",12,12,15,9,12
"3997",12,15,18,15,NA
"3998",12,9,12,15,12
"3999",9,12,9,12,18
"4000",9,9,12,18,12
"4001",15,18,21,6,NA
"4002",15,15,18,12,NA
"4003",12,12,12,15,9
"4004",9,12,21,18,NA
"4005",12,9,12,15,12
"4006",12,12,12,15,9
"4007",12,9,6,15,18
"4008",9,12,6,12,21
"4009",12,9,21,6,12
"4010",6,9,9,21,15
"4011",6,9,12,18,15
"4012",6,15,9,15,15
"4013",12,6,12,12,18
"4014",15,12,9,12,12
"4015",15,12,9,15,9
"4016",15,9,9,15,12
"4017",9,9,18,15,9
"4018",15,9,12,12,12
"4019",15,12,15,15,3
"4020",9,12,15,15,9
"4021",12,15,18,9,6
"4022",9,12,12,15,12
"4023",6,12,18,12,12
"4024",9,21,15,15,NA
"4025",18,30,12,NA,NA
"4026",12,15,9,12,12
"4027",9,9,12,12,18
"4028",27,9,21,3,NA
"4029",12,18,9,15,6
"4030",9,9,18,15,9
"4031",15,9,21,15,NA
"4032",9,6,18,21,6
"4033",18,9,6,15,12
"4034",9,12,15,15,9
"4035",12,9,18,21,NA
"4036",12,12,12,9,15
"4037",21,12,18,9,NA
"4038",15,12,12,15,6
"4039",15,9,12,12,12
"4040",27,9,18,6,NA
"4041",24,24,12,NA,NA
"4042",15,18,12,6,9
"4043",9,15,12,12,12
"4044",9,12,9,15,15
"4045",15,6,15,12,12
"4046",12,12,9,15,12
"4047",12,12,15,9,12
"4048",12,9,9,15,15
"4049",9,6,18,9,18
"4050",9,18,15,9,9
"4051",12,12,12,9,15
"4052",12,9,18,15,6
"4053",9,9,12,15,15
"4054",9,9,12,18,12
"4055",12,9,12,15,12
"4056",15,9,15,12,9
"4057",18,12,18,9,3
"4058",9,12,18,9,12
"4059",9,12,12,12,15
"4060",9,21,18,12,NA
"4061",15,9,12,15,9
"4062",9,9,12,9,21
"4063",6,9,12,18,15
"4064",18,12,12,6,12
"4065",12,12,21,6,9
"4066",12,12,12,9,15
"4067",15,15,27,3,NA
"4068",9,9,15,18,9
"4069",12,15,27,6,NA
"4070",21,12,18,9,NA
"4071",9,9,12,18,12
"4072",12,18,9,12,9
"4073",12,12,6,15,15
"4074",12,9,9,18,12
"4075",18,18,24,NA,NA
"4076",12,6,18,15,9
"4077",12,18,15,6,9
"4078",12,15,12,12,9
"4079",9,15,12,12,12
"4080",9,6,18,15,12
"4081",15,9,21,15,NA
"4082",6,9,12,15,18
"4083",9,24,27,NA,NA
"4084",9,12,21,18,NA
"4085",9,12,9,15,15
"4086",9,12,12,15,12
"4087",15,12,6,9,18
"4088",12,12,24,12,NA
"4089",12,12,9,21,6
"4090",15,12,15,18,NA
"4091",6,12,12,18,12
"4092",6,15,18,15,6
"4093",9,21,9,9,12
"4094",15,9,12,15,9
"4095",15,9,12,9,15
"4096",12,12,12,12,12
"4097",9,9,12,12,18
"4098",9,9,21,18,3
"4099",15,15,9,9,12
"4100",12,15,12,12,9
"4101",6,15,18,9,12
"4102",15,15,15,6,9
"4103",15,9,21,15,NA
"4104",9,12,9,15,15
"4105",9,12,15,12,12
"4106",12,9,21,9,9
"4107",15,9,15,9,12
"4108",9,15,15,9,12
"4109",21,12,15,12,NA
"4110",12,18,12,9,9
"4111",15,18,18,3,6
"4112",9,15,15,12,9
"4113",9,15,9,15,12
"4114",9,9,15,12,15
"4115",6,15,12,15,12
"4116",15,9,18,18,NA
"4117",12,6,12,15,15
"4118",6,12,33,6,3
"4119",18,9,12,18,3
"4120",15,12,9,12,12
"4121",12,3,9,18,18
"4122",18,9,12,12,9
"4123",12,12,15,9,12
"4124",12,6,12,15,15
"4125",12,12,21,15,NA
"4126",12,15,12,9,12
"4127",9,12,15,15,9
"4128",15,12,15,18,NA
"4129",12,12,12,15,9
"4130",9,12,9,12,18
"4131",12,12,27,9,NA
"4132",9,15,15,9,12
"4133",9,9,9,18,15
"4134",9,9,9,12,21
"4135",15,18,12,12,3
"4136",9,15,12,12,12
"4137",9,9,18,24,NA
"4138",15,12,21,12,NA
"4139",9,18,9,15,9
"4140",15,9,21,15,NA
"4141",18,18,21,3,NA
"4142",9,12,9,12,18
"4143",9,9,12,18,12
"4144",9,9,30,12,NA
"4145",15,9,9,15,12
"4146",6,12,18,15,9
"4147",9,18,33,NA,NA
"4148",15,12,12,15,6
"4149",9,12,15,15,9
"4150",9,12,12,15,12
"4151",21,12,24,3,NA
"4152",12,9,9,12,18
"4153",12,15,6,12,15
"4154",9,12,9,9,21
"4155",9,12,18,9,12
"4156",15,9,12,6,18
"4157",12,12,21,15,NA
"4158",12,12,12,12,12
"4159",18,12,12,6,12
"4160",15,12,18,9,6
"4161",12,15,6,18,9
"4162",9,12,15,15,9
"4163",12,9,12,18,9
"4164",9,9,9,15,18
"4165",12,9,21,12,6
"4166",9,12,18,9,12
"4167",6,9,15,18,12
"4168",6,15,12,18,9
"4169",9,9,12,15,15
"4170",18,12,30,NA,NA
"4171",15,6,15,12,12
"4172",12,12,12,15,9
"4173",9,12,12,15,12
"4174",9,12,15,12,12
"4175",15,12,18,12,3
"4176",15,6,15,15,9
"4177",12,21,9,6,12
"4178",21,12,15,12,NA
"4179",9,12,9,18,12
"4180",9,9,15,12,15
"4181",18,9,12,6,15
"4182",15,18,18,9,NA
"4183",9,12,12,21,6
"4184",12,12,15,12,9
"4185",15,9,12,12,12
"4186",15,12,9,15,9
"4187",9,12,12,12,15
"4188",9,9,18,18,6
"4189",12,15,12,9,12
"4190",12,12,9,9,18
"4191",15,9,12,12,12
"4192",12,6,9,15,18
"4193",15,9,21,15,NA
"4194",6,12,15,15,12
"4195",12,15,15,9,9
"4196",12,6,9,18,15
"4197",18,18,12,12,NA
"4198",9,12,9,15,15
"4199",6,9,18,18,9
"4200",12,18,21,9,NA
"4201",12,9,15,12,12
"4202",12,15,12,15,6
"4203",9,15,9,9,18
"4204",9,18,15,18,NA
"4205",21,12,15,9,3
"4206",15,12,12,12,9
"4207",6,9,15,12,18
"4208",9,12,9,18,12
"4209",6,15,15,12,12
"4210",15,21,15,6,3
"4211",12,12,15,9,12
"4212",9,12,9,15,15
"4213",12,6,15,9,18
"4214",9,6,21,15,9
"4215",15,18,18,9,NA
"4216",12,12,9,15,12
"4217",12,12,9,15,12
"4218",15,12,6,15,12
"4219",12,9,15,12,12
"4220",9,6,18,15,12
"4221",15,6,15,15,9
"4222",24,9,15,12,NA
"4223",12,9,15,12,12
"4224",12,6,15,12,15
"4225",12,6,18,12,12
"4226",9,15,12,12,12
"4227",15,12,15,12,6
"4228",12,15,12,12,9
"4229",12,12,12,15,9
"4230",9,18,18,15,NA
"4231",9,12,12,15,12
"4232",12,6,15,18,9
"4233",15,9,12,12,12
"4234",9,12,12,15,12
"4235",12,12,9,15,12
"4236",15,9,12,15,9
"4237",15,12,9,9,15
"4238",9,21,18,12,NA
"4239",12,12,12,12,12
"4240",6,12,12,12,18
"4241",9,9,18,12,12
"4242",9,9,15,12,15
"4243",9,12,15,21,3
"4244",12,9,12,18,9
"4245",12,15,12,9,12
"4246",12,12,9,12,15
"4247",15,6,18,21,NA
"4248",6,12,12,12,18
"4249",9,12,12,12,15
"4250",9,9,18,18,6
"4251",21,15,12,12,NA
"4252",12,9,18,6,15
"4253",15,6,15,12,12
"4254",6,12,15,15,12
"4255",9,15,12,12,12
"4256",9,12,15,12,12
"4257",12,12,9,12,15
"4258",6,12,24,15,3
"4259",9,9,15,12,15
"4260",12,6,15,12,15
"4261",12,15,12,12,9
"4262",15,12,9,12,12
"4263",12,15,6,15,12
"4264",6,9,12,15,18
"4265",12,12,12,15,9
"4266",15,9,12,12,12
"4267",12,12,9,9,18
"4268",9,15,12,9,15
"4269",9,12,21,9,9
"4270",12,12,15,18,3
"4271",15,12,12,12,9
"4272",9,15,18,9,9
"4273",21,15,9,15,NA
"4274",12,15,9,15,9
"4275",12,12,9,15,12
"4276",12,12,6,12,18
"4277",12,12,9,15,12
"4278",12,9,18,12,9
"4279",9,12,9,18,12
"4280",9,6,15,12,18
"4281",18,12,12,18,NA
"4282",15,9,12,9,15
"4283",9,6,15,12,18
"4284",12,15,15,6,12
"4285",9,9,24,18,NA
"4286",15,21,24,NA,NA
"4287",12,12,24,12,NA
"4288",12,6,18,6,18
"4289",6,12,12,15,15
"4290",9,9,12,18,12
"4291",6,9,18,9,18
"4292",15,6,12,12,15
"4293",12,9,15,18,6
"4294",12,9,24,15,NA
"4295",15,21,24,NA,NA
"4296",12,15,9,15,9
"4297",12,6,12,18,12
"4298",6,15,33,3,3
"4299",9,15,9,15,12
"4300",12,12,15,9,12
"4301",9,9,12,15,15
"4302",9,15,12,9,15
"4303",18,9,9,12,12
"4304",6,9,15,18,12
"4305",12,12,9,12,15
"4306",12,15,12,12,9
"4307",15,9,9,18,9
"4308",12,6,9,21,12
"4309",12,9,18,12,9
"4310",9,12,15,9,15
"4311",15,15,15,6,9
"4312",12,9,12,15,12
"4313",6,9,18,15,12
"4314",12,12,24,6,6
"4315",9,9,6,24,12
"4316",15,21,24,NA,NA
"4317",15,6,15,12,12
"4318",12,12,9,12,15
"4319",9,12,9,15,15
"4320",9,15,12,15,9
"4321",15,9,12,15,9
"4322",12,15,9,9,15
"4323",12,15,24,9,NA
"4324",12,12,12,12,12
"4325",15,9,18,9,9
"4326",15,9,18,18,NA
"4327",15,12,9,15,9
"4328",12,15,21,12,NA
"4329",9,12,18,6,15
"4330",6,12,12,12,18
"4331",15,9,15,12,9
"4332",9,18,12,9,12
"4333",12,12,15,9,12
"4334",12,9,12,15,12
"4335",12,9,15,12,12
"4336",9,6,24,15,6
"4337",9,24,24,3,NA
"4338",12,9,12,15,12
"4339",12,9,15,12,12
"4340",9,12,24,9,6
"4341",9,12,12,12,15
"4342",12,18,12,9,9
"4343",12,12,9,12,15
"4344",18,9,15,18,NA
"4345",12,9,18,9,12
"4346",18,12,15,15,NA
"4347",21,18,21,NA,NA
"4348",9,12,18,18,3
"4349",12,12,6,12,18
"4350",12,12,15,6,15
"4351",12,15,9,15,9
"4352",9,9,15,15,12
"4353",12,9,18,12,9
"4354",9,9,18,12,12
"4355",9,15,9,12,15
"4356",9,12,12,12,15
"4357",12,9,15,12,12
"4358",12,9,12,12,15
"4359",6,6,12,18,18
"4360",9,15,15,9,12
"4361",12,15,18,15,NA
"4362",9,15,27,9,NA
"4363",18,12,12,9,9
"4364",15,9,9,9,18
"4365",12,27,21,NA,NA
"4366",12,15,15,18,NA
"4367",9,12,12,12,15
"4368",6,18,15,9,12
"4369",12,12,12,9,15
"4370",9,12,12,27,NA
"4371",12,15,12,9,12
"4372",12,15,12,12,9
"4373",12,12,15,12,9
"4374",18,12,21,6,3
"4375",9,12,12,15,12
"4376",9,12,21,12,6
"4377",9,12,12,12,15
"4378",15,9,12,12,12
"4379",12,9,12,18,9
"4380",12,9,15,12,12
"4381",9,12,15,12,12
"4382",15,15,15,15,NA
"4383",12,12,9,12,15
"4384",15,6,18,21,NA
"4385",12,6,12,18,12
"4386",15,15,15,15,NA
"4387",12,6,21,15,6
"4388",12,12,9,12,15
"4389",9,15,18,9,9
"4390",12,15,15,6,12
"4391",9,12,18,9,12
"4392",6,9,15,15,15
"4393",12,18,12,9,9
"4394",12,21,12,15,NA
"4395",9,15,9,15,12
"4396",6,12,12,12,18
"4397",12,12,12,15,9
"4398",6,12,12,18,12
"4399",18,15,21,6,NA
"4400",15,18,9,12,6
"4401",12,12,15,6,15
"4402",12,9,18,18,3
"4403",12,9,15,12,12
"4404",9,12,9,9,21
"4405",12,12,12,12,12
"4406",9,9,12,18,12
"4407",18,12,15,9,6
"4408",6,18,12,12,12
"4409",9,12,9,12,18
"4410",18,6,21,15,NA
"4411",18,12,18,3,9
"4412",15,6,12,9,18
"4413",6,9,15,18,12
"4414",12,12,12,12,12
"4415",15,12,12,9,12
"4416",21,12,9,12,6
"4417",9,9,12,15,15
"4418",6,15,12,15,12
"4419",12,12,12,12,12
"4420",6,12,12,12,18
"4421",21,9,15,9,6
"4422",9,18,30,3,NA
"4423",9,6,18,15,12
"4424",15,12,21,NA,NA
"4425",9,12,12,18,9
"4426",12,15,12,9,12
"4427",9,9,12,15,15
"4428",12,12,15,12,9
"4429",12,12,18,18,NA
"4430",9,15,12,15,9
"4431",15,9,27,9,NA
"4432",12,9,9,15,15
"4433",12,12,18,12,6
"4434",9,15,15,12,9
"4435",9,9,12,12,18
"4436",12,9,9,12,18
"4437",9,12,12,15,12
"4438",12,12,9,18,9
"4439",6,12,9,9,24
"4440",9,12,15,6,18
"4441",18,9,12,9,12
"4442",6,15,18,12,9
"4443",15,9,9,12,15
"4444",15,12,9,15,9
"4445",9,21,9,9,12
"4446",3,12,15,21,9
"4447",15,9,12,15,9
"4448",9,9,18,12,12
"4449",9,12,18,12,9
"4450",12,9,15,15,9
"4451",12,15,18,15,NA
"4452",15,9,12,12,12
"4453",6,12,12,15,15
"4454",6,18,12,12,12
"4455",9,9,12,15,15
"4456",9,12,9,18,12
"4457",9,6,18,15,12
"4458",12,6,30,12,NA
"4459",12,9,12,12,15
"4460",12,9,6,18,15
"4461",15,12,15,18,NA
"4462",6,12,18,12,12
"4463",15,21,15,9,NA
"4464",12,9,18,12,9
"4465",12,12,15,12,9
"4466",6,15,12,15,12
"4467",12,21,21,3,3
"4468",9,6,15,15,15
"4469",15,6,12,9,18
"4470",12,6,15,15,12
"4471",15,9,12,9,15
"4472",6,9,15,15,15
"4473",12,18,18,6,6
"4474",15,15,18,12,NA
"4475",6,15,12,15,12
"4476",12,9,15,12,12
"4477",9,9,15,18,9
"4478",12,9,12,12,15
"4479",6,12,12,12,18
"4480",12,12,18,15,3
"4481",12,12,12,12,12
"4482",15,12,6,15,12
"4483",12,18,12,18,NA
"4484",12,12,9,15,12
"4485",9,12,15,12,12
"4486",15,18,6,9,12
"4487",9,18,12,9,12
"4488",9,15,9,15,12
"4489",12,12,9,12,15
"4490",9,15,12,15,9
"4491",12,12,9,9,18
"4492",12,12,15,12,9
"4493",9,12,18,21,NA
"4494",12,9,12,15,12
"4495",12,9,21,18,NA
"4496",12,12,18,6,12
"4497",12,15,18,15,NA
"4498",21,6,18,15,NA
"4499",12,9,12,12,15
"4500",9,12,9,15,15
"4501",12,9,12,15,12
"4502",12,12,21,15,NA
"4503",9,12,9,15,15
"4504",12,12,12,24,NA
"4505",15,12,15,15,3
"4506",15,12,15,9,9
"4507",12,21,15,12,NA
"4508",12,15,9,9,15
"4509",12,15,12,15,6
"4510",15,15,15,6,9
"4511",12,9,12,15,12
"4512",9,12,18,12,9
"4513",12,18,18,12,NA
"4514",9,9,15,15,12
"4515",9,12,18,12,9
"4516",12,9,18,6,15
"4517",12,12,18,12,6
"4518",9,15,15,12,9
"4519",9,9,15,9,18
"4520",15,15,12,9,9
"4521",12,15,9,15,9
"4522",9,12,15,12,12
"4523",12,18,12,18,NA
"4524",9,9,12,15,15
"4525",9,12,18,21,NA
"4526",12,15,18,15,NA
"4527",6,15,12,15,12
"4528",12,12,9,12,15
"4529",15,12,12,6,15
"4530",12,15,12,15,6
"4531",12,15,6,15,12
"4532",12,9,15,12,12
"4533",12,15,12,12,9
"4534",9,12,12,12,15
"4535",6,15,15,9,15
"4536",15,6,6,15,18
"4537",9,9,9,15,18
"4538",9,9,6,15,21
"4539",12,12,12,15,9
"4540",15,12,15,6,12
"4541",9,12,12,12,15
"4542",6,12,18,9,15
"4543",12,9,15,12,12
"4544",9,15,15,15,6
"4545",15,15,12,9,9
"4546",15,9,15,12,9
"4547",9,9,18,15,9
"4548",6,12,15,12,15
"4549",12,9,12,9,18
"4550",12,12,12,12,12
"4551",12,12,21,9,6
"4552",9,12,15,12,12
"4553",15,15,6,12,12
"4554",9,9,9,15,18
"4555",12,18,9,9,12
"4556",18,9,12,9,12
"4557",12,15,15,18,NA
"4558",6,18,18,12,6
"4559",6,12,9,18,15
"4560",9,18,18,15,NA
"4561",15,12,12,9,12
"4562",9,18,9,12,12
"4563",12,6,15,18,9
"4564",24,12,18,6,NA
"4565",9,9,15,15,12
"4566",9,9,15,6,21
"4567",9,15,12,9,15
"4568",15,9,12,9,15
"4569",18,9,21,12,NA
"4570",6,12,9,18,15
"4571",15,9,9,15,12
"4572",12,12,9,9,18
"4573",12,12,12,9,15
"4574",9,9,15,12,15
"4575",9,15,21,15,NA
"4576",9,9,15,12,15
"4577",15,6,9,18,12
"4578",15,9,15,21,NA
"4579",12,21,18,9,NA
"4580",12,12,9,9,18
"4581",18,12,18,12,NA
"4582",9,9,21,12,9
"4583",15,9,21,9,6
"4584",9,12,27,12,NA
"4585",12,9,12,15,12
"4586",9,15,6,18,12
"4587",15,12,9,12,12
"4588",24,9,21,6,NA
"4589",9,9,9,21,12
"4590",6,15,12,12,15
"4591",6,6,9,21,18
"4592",12,12,12,21,3
"4593",9,6,12,18,15
"4594",12,9,12,12,15
"4595",6,12,24,6,12
"4596",9,12,9,18,12
"4597",12,6,15,12,15
"4598",6,12,12,15,15
"4599",9,15,12,9,15
"4600",18,12,6,12,12
"4601",9,12,12,12,15
"4602",12,18,9,12,9
"4603",15,6,12,12,15
"4604",12,15,15,9,9
"4605",6,12,12,15,15
"4606",12,18,9,12,9
"4607",9,12,9,9,21
"4608",9,15,12,12,12
"4609",6,15,15,12,12
"4610",15,15,9,9,12
"4611",6,9,15,18,12
"4612",12,15,6,9,18
"4613",6,9,12,15,18
"4614",6,12,12,12,18
"4615",9,9,12,18,12
"4616",9,9,15,15,12
"4617",9,15,12,12,12
"4618",12,6,15,18,9
"4619",12,9,12,12,15
"4620",15,15,15,12,3
"4621",18,21,18,3,NA
"4622",12,9,12,9,18
"4623",6,12,21,21,NA
"4624",6,9,42,3,NA
"4625",9,12,15,9,15
"4626",9,9,9,18,15
"4627",9,9,12,15,15
"4628",15,9,9,18,9
"4629",12,9,21,12,6
"4630",12,12,15,9,12
"4631",12,6,18,18,6
"4632",9,15,12,9,15
"4633",6,12,9,18,15
"4634",9,12,12,9,18
"4635",15,6,18,15,6
"4636",12,12,15,9,12
"4637",12,12,9,12,15
"4638",6,9,15,12,18
"4639",12,15,18,9,6
"4640",15,12,18,15,NA
"4641",12,15,12,9,12
"4642",15,6,12,12,15
"4643",15,18,18,9,NA
"4644",12,21,27,NA,NA
"4645",6,21,15,9,9
"4646",6,15,18,15,6
"4647",6,12,12,18,12
"4648",18,12,12,6,12
"4649",12,9,12,12,15
"4650",12,9,12,12,15
"4651",18,12,9,12,9
"4652",9,9,15,15,12
"4653",12,9,12,15,12
"4654",9,12,12,15,12
"4655",21,9,9,12,9
"4656",15,9,12,15,9
"4657",24,9,12,15,NA
"4658",12,9,12,15,12
"4659",12,12,18,9,9
"4660",9,18,9,12,12
"4661",21,24,15,NA,NA
"4662",15,12,12,12,9
"4663",12,15,15,18,NA
"4664",9,6,18,12,15
"4665",15,15,9,9,12
"4666",12,12,15,6,15
"4667",27,18,15,NA,NA
"4668",12,12,12,12,12
"4669",18,6,12,15,9
"4670",9,9,15,15,12
"4671",15,6,18,12,9
"4672",12,15,6,15,12
"4673",12,18,12,9,9
"4674",9,15,6,15,15
"4675",9,12,9,15,15
"4676",9,9,12,15,15
"4677",15,9,12,12,12
"4678",6,18,9,15,12
"4679",12,12,12,12,12
"4680",18,9,21,9,3
"4681",9,9,12,18,12
"4682",6,9,15,18,12
"4683",15,12,12,12,9
"4684",9,12,15,15,9
"4685",15,12,9,15,9
"4686",15,9,12,12,12
"4687",6,9,12,24,9
"4688",12,12,6,12,18
"4689",9,15,15,6,15
"4690",6,15,12,15,12
"4691",9,15,9,15,12
"4692",12,21,12,15,NA
"4693",12,9,27,6,6
"4694",12,9,12,12,15
"4695",15,9,9,12,15
"4696",12,9,15,12,12
"4697",12,9,18,12,9
"4698",9,12,15,12,12
"4699",12,12,9,12,15
"4700",6,12,12,15,15
"4701",6,15,12,18,9
"4702",12,12,18,9,9
"4703",9,15,15,15,6
"4704",18,9,15,6,12
"4705",15,12,15,18,NA
"4706",15,15,12,18,NA
"4707",15,12,18,15,NA
"4708",12,15,6,15,12
"4709",9,12,12,18,9
"4710",15,9,9,18,9
"4711",9,12,12,12,15
"4712",6,12,12,18,12
"4713",12,12,15,12,9
"4714",12,9,15,9,15
"4715",6,24,15,15,NA
"4716",9,12,9,15,15
"4717",6,15,12,9,18
"4718",9,6,15,15,15
"4719",12,12,9,12,15
"4720",9,9,12,18,12
"4721",12,15,12,6,15
"4722",30,12,18,NA,NA
"4723",12,9,12,15,12
"4724",6,15,18,9,12
"4725",15,12,18,15,NA
"4726",15,12,12,12,9
"4727",9,9,15,15,12
"4728",18,9,18,6,9
"4729",15,15,18,12,NA
"4730",6,9,18,15,12
"4731",6,12,15,12,15
"4732",9,12,18,12,9
"4733",9,6,15,12,18
"4734",15,12,27,6,NA
"4735",12,9,12,15,12
"4736",9,12,15,15,9
"4737",15,9,15,12,9
"4738",9,24,18,9,NA
"4739",12,21,27,NA,NA
"4740",9,9,12,18,12
"4741",12,12,12,15,9
"4742",9,12,12,15,12
"4743",9,9,15,21,6
"4744",9,9,12,12,18
"4745",9,9,15,9,18
"4746",15,15,9,9,12
"4747",9,9,18,12,12
"4748",15,12,21,3,9
"4749",15,12,12,9,12
"4750",9,12,18,9,12
"4751",15,12,12,12,9
"4752",12,6,18,24,NA
"4753",9,12,18,18,3
"4754",12,9,9,18,12
"4755",12,9,21,18,NA
"4756",12,12,24,12,NA
"4757",9,12,9,18,12
"4758",12,6,12,12,18
"4759",12,12,15,15,6
"4760",9,15,12,9,15
"4761",15,9,9,15,12
"4762",12,12,12,12,12
"4763",21,33,6,NA,NA
"4764",12,12,15,12,9
"4765",15,12,12,12,9
"4766",12,9,24,15,NA
"4767",12,6,15,12,15
"4768",6,6,15,15,18
"4769",15,9,9,12,15
"4770",9,12,12,9,18
"4771",9,12,12,12,15
"4772",12,12,12,12,12
"4773",12,9,18,12,9
"4774",6,9,12,15,18
"4775",12,12,6,15,15
"4776",12,12,12,12,12
"4777",12,12,15,15,6
"4778",12,9,12,18,9
"4779",9,6,9,21,15
"4780",12,9,9,15,15
"4781",12,9,15,15,9
"4782",12,9,9,12,18
"4783",15,15,12,12,6
"4784",12,9,12,9,18
"4785",6,9,18,15,12
"4786",6,6,15,18,15
"4787",6,18,12,9,15
"4788",6,12,18,12,12
"4789",9,12,9,15,15
"4790",6,9,6,18,21
"4791",15,6,15,9,15
"4792",12,6,12,12,18
"4793",15,18,12,9,6
"4794",12,9,15,9,15
"4795",24,12,24,NA,NA
"4796",15,15,15,15,NA
"4797",15,12,12,12,9
"4798",18,6,12,12,12
"4799",18,9,12,9,12
"4800",6,18,12,18,6
"4801",9,9,12,18,12
"4802",12,12,9,15,12
"4803",6,15,12,12,15
"4804",9,12,15,12,12
"4805",21,12,6,12,9
"4806",15,6,21,18,NA
"4807",18,24,18,NA,NA
"4808",12,9,9,18,12
"4809",6,12,15,15,12
"4810",18,12,9,9,12
"4811",12,12,15,9,12
"4812",15,6,12,15,12
"4813",12,12,12,9,15
"4814",6,15,12,18,9
"4815",12,12,12,15,9
"4816",6,9,12,15,18
"4817",15,9,15,12,9
"4818",9,12,9,18,12
"4819",9,9,9,15,18
"4820",12,15,21,6,6
"4821",9,15,12,12,12
"4822",12,15,15,18,NA
"4823",12,9,15,12,12
"4824",12,12,9,9,18
"4825",12,12,12,15,9
"4826",9,12,21,18,NA
"4827",18,9,21,12,NA
"4828",9,18,12,9,12
"4829",12,12,12,15,9
"4830",6,15,12,18,9
"4831",6,15,12,12,15
"4832",12,12,21,15,NA
"4833",9,15,12,12,12
"4834",12,9,12,15,12
"4835",6,15,15,9,15
"4836",9,12,12,18,9
"4837",12,12,12,15,9
"4838",15,12,9,12,12
"4839",12,12,12,9,15
"4840",15,15,24,6,NA
"4841",9,6,12,15,18
"4842",6,9,15,12,18
"4843",9,9,12,12,18
"4844",15,15,15,9,6
"4845",12,9,18,9,12
"4846",12,15,9,12,12
"4847",12,18,21,9,NA
"4848",12,15,12,9,12
"4849",12,12,12,12,12
"4850",12,18,9,9,12
"4851",18,15,18,6,3
"4852",15,9,9,15,12
"4853",9,18,12,9,12
"4854",9,18,12,9,12
"4855",12,15,12,18,3
"4856",6,12,18,15,9
"4857",9,18,12,21,NA
"4858",21,12,15,NA,NA
"4859",18,9,21,12,NA
"4860",9,12,12,15,12
"4861",12,9,15,15,9
"4862",6,12,15,15,12
"4863",12,9,9,12,18
"4864",15,6,15,12,12
"4865",21,9,15,15,NA
"4866",9,9,9,12,21
"4867",9,12,12,15,12
"4868",9,9,9,15,18
"4869",18,12,12,12,6
"4870",9,6,18,15,12
"4871",12,9,9,15,15
"4872",15,12,15,18,NA
"4873",12,9,15,9,15
"4874",12,9,15,12,12
"4875",18,6,9,12,15
"4876",9,12,15,12,12
"4877",12,12,9,15,12
"4878",9,15,15,12,9
"4879",6,12,12,9,21
"4880",6,12,15,15,12
"4881",30,12,18,NA,NA
"4882",15,12,12,12,9
"4883",12,9,12,12,15
"4884",9,12,12,27,NA
"4885",15,18,24,3,NA
"4886",9,18,18,15,NA
"4887",12,18,15,15,NA
"4888",12,6,15,15,12
"4889",15,12,6,12,15
"4890",15,9,18,18,NA
"4891",15,6,15,12,12
"4892",12,18,18,12,NA
"4893",9,12,15,12,12
"4894",12,6,12,18,12
"4895",9,15,9,12,15
"4896",6,9,9,15,21
"4897",9,12,15,12,12
"4898",12,12,21,15,NA
"4899",12,12,12,9,15
"4900",6,12,12,15,15
"4901",9,6,15,15,15
"4902",9,9,9,21,12
"4903",9,6,12,18,15
"4904",9,12,15,18,6
"4905",12,9,15,12,12
"4906",6,9,12,18,15
"4907",6,15,9,12,18
"4908",9,6,15,24,6
"4909",12,15,18,15,NA
"4910",15,15,18,12,NA
"4911",9,9,18,12,12
"4912",6,15,18,18,3
"4913",6,15,21,12,6
"4914",21,12,9,12,6
"4915",15,6,12,12,15
"4916",18,18,9,15,NA
"4917",6,15,15,12,12
"4918",15,12,18,6,9
"4919",15,12,6,15,12
"4920",12,9,12,9,18
"4921",15,12,12,12,9
"4922",9,15,15,12,9
"4923",18,9,15,15,3
"4924",9,9,12,15,15
"4925",15,12,6,12,15
"4926",18,12,NA,NA,NA
"4927",6,15,18,15,6
"4928",9,12,12,12,15
"4929",9,15,9,15,12
"4930",15,15,18,12,NA
"4931",12,9,9,18,12
"4932",15,12,15,12,6
"4933",6,6,18,15,15
"4934",12,9,15,15,9
"4935",12,9,18,9,12
"4936",9,9,12,15,15
"4937",12,6,15,15,12
"4938",12,24,24,NA,NA
"4939",15,9,12,12,12
"4940",12,9,15,9,15
"4941",9,12,12,12,15
"4942",21,12,12,15,NA
"4943",21,12,6,6,15
"4944",9,12,12,9,18
"4945",24,12,18,6,NA
"4946",6,15,9,12,18
"4947",12,12,18,6,12
"4948",18,9,12,21,NA
"4949",9,9,12,15,15
"4950",12,12,6,21,9
"4951",21,18,9,12,NA
"4952",6,9,15,18,12
"4953",12,18,24,6,NA
"4954",12,9,12,15,12
"4955",9,12,15,9,15
"4956",6,12,15,12,15
"4957",6,6,15,15,18
"4958",9,9,12,18,12
"4959",6,12,15,12,15
"4960",18,18,9,12,3
"4961",9,15,9,12,15
"4962",9,15,9,15,12
"4963",6,9,12,15,18
"4964",15,9,24,12,NA
"4965",9,12,15,12,12
"4966",12,9,12,15,12
"4967",12,12,12,12,12
"4968",6,9,15,15,15
"4969",9,12,12,12,15
"4970",12,12,9,18,9
"4971",21,15,24,NA,NA
"4972",15,12,15,18,NA
"4973",9,12,12,15,12
"4974",12,15,12,12,9
"4975",15,12,12,12,9
"4976",18,9,12,21,NA
"4977",15,9,15,15,6
"4978",9,12,12,15,12
"4979",9,9,15,12,15
"4980",12,9,12,18,9
"4981",12,15,21,12,NA
"4982",12,12,12,9,15
"4983",9,12,9,18,12
"4984",9,12,9,12,18
"4985",9,12,12,12,15
"4986",12,12,12,12,12
"4987",6,15,12,12,15
"4988",9,15,18,18,NA
"4989",9,9,9,18,15
"4990",6,15,9,18,12
"4991",15,9,21,15,NA
"4992",12,9,15,12,12
"4993",12,9,12,15,12
"4994",12,18,18,12,NA
"4995",18,12,12,6,12
"4996",15,6,12,15,12
"4997",18,9,9,12,12
"4998",15,12,15,12,6
"4999",9,15,12,9,15
"5000",9,9,15,12,15
