"","V1","V2","V3","V4","V5"
"1",0.944516737313142,0.974139319071661,0.755427543519056,0.704616410035497,0.785979534936666
"2",0.783066563538443,0.988390364779639,0.862922734381982,0.90115452194798,0.809954686236497
"3",0.976807965397258,0.889575179464171,0.956358158168847,NA,NA
"4",0.981537305218095,0.919141722626387,1.00486460711782,0.705765571033504,0.729349884950694
"5",0.89480738900303,0.962660823659929,1.03808668526691,0.910510708598128,0.730573468998899
"6",0.957928291055495,0.916382122314959,0.789770684513984,1.01401606224058,0.807735172041002
"7",0.906596563885897,0.731756933625595,0.838907420047753,0.797624635690851,0.556399384926275
"8",0.879316683448241,0.89139290824258,0.840934399615108,0.73110504998529,0.7845261656692
"9",0.926258964016379,0.901306555049786,0.819660626089505,1.0000069230331,0.730843666010349
"10",0.974605954600602,0.895411592576752,0.762988448906842,0.636387611948037,0.627145710429117
"11",0.974705675621581,0.909818292273465,0.795501439832462,1.00883418283468,0.799352271704878
"12",0.900431034574483,0.981964923951904,0.690020583529099,0.939544287689335,0.593294583057106
"13",0.95214373621456,0.989215604097873,0.915536955782714,0.758594346969828,0.8313306242672
"14",0.965022013345944,0.979588421452935,0.97384445720877,0.881809258829074,0.713949998972684
"15",0.969973164422743,0.927441188598706,0.857301779638561,1.00126980358725,NA
"16",0.866801884752198,0.921152907349117,0.836320952363363,0.973775079166305,0.784383003639094
"17",0.992206788492704,0.939365480564873,0.8815217299451,NA,NA
"18",0.965809055871929,0.973443723436388,0.808785178948505,0.900512340655496,0.580073487546235
"19",0.965410150433487,0.853413201564717,0.857157108404319,1.03953170351712,0.811888783947529
"20",0.748992425570104,0.98460426884098,0.704026957091943,0.926580413998203,0.689822771804937
"21",0.975443050774649,0.951606706946647,1.02802197715199,0.793085774224771,0.888376882792947
"22",0.940529824049851,0.977861261034501,0.96684783703121,0.794520131221489,NA
"23",0.958748130979489,0.948488917516729,0.910564577329541,0.790104813492615,0.773788728837585
"24",0.986673537268764,0.973647096996268,0.917471573904426,0.701617258374001,NA
"25",0.905908853079152,0.884676334574102,0.820648462627133,0.955315934504077,0.94708362151325
"26",0.954729613184526,0.683826376762669,0.897198631384589,0.86364863302314,0.735891655508399
"27",0.784264937650567,0.9963756025267,0.949924665089168,0.925532786918199,0.950392075904122
"28",0.945857649459392,0.903084797213434,0.739168886526131,0.91149537579435,0.835655628660769
"29",0.941762369187279,0.994273011400725,0.758455381954919,0.582003720653124,0.643955497528773
"30",0.965514731772287,0.955153481823977,0.858158075543627,0.761681558169806,0.612432821678201
"31",0.967281482903506,0.790166982473372,0.851158935076924,0.838365717064818,0.644282221545295
"32",0.824279137062189,0.972543536453836,0.726846961482209,0.879450031089936,0.738073421629497
"33",0.979899351663473,0.941236354782205,0.790464106852889,0.588787371467138,0.505077089929058
"34",0.990344356097733,0.973632899511805,0.894328899058393,0.845377711800249,0.813573870183241
"35",0.980159000890322,0.915896607126789,0.640256247680143,0.841051280036973,0.765414963628057
"36",0.961223101527264,0.88091959489249,0.735706631537172,0.897482689986118,0.856448593298796
"37",0.908808431674576,0.940277807306405,0.897001010132435,0.862730027931675,0.470419831239324
"38",0.931897348461637,0.974790727968789,0.803634136248919,0.956042429073069,0.682825141767519
"39",0.864128144610613,0.947296640625975,0.841953690585916,0.770229898547476,NA
"40",0.972071792313792,0.91276442842104,0.792618763885872,0.83817335237507,0.813220965273036
"41",0.938106690025563,0.972712882149453,0.876375412629888,0.96436855833752,1.03961231456075
"42",0.969001853845949,0.881614389919085,0.772106038299007,0.789372795560774,0.933080661170301
"43",0.841807273263126,0.972511194963452,0.881831781481988,0.811074898745773,NA
"44",0.964683427233387,0.845865601552021,0.946668174800107,0.966428106859946,0.565610793428436
"45",0.920061233528085,0.972233128799696,0.837253330143021,NA,NA
"46",0.878338241737165,0.862365661289693,0.896795593073632,0.924907842076416,0.761644801210724
"47",0.829399858966805,0.983479995529834,0.906192188748548,0.65656121115797,0.896686440578305
"48",0.943621383005341,0.876705387837777,0.687676970436651,0.702339794773609,0.654185601172303
"49",0.868187611412445,0.873196274125728,0.778024604662709,0.496832078784051,NA
"50",0.978367660076076,0.941740675309586,0.867241007754239,0.790058257781481,NA
"51",0.976327929872102,0.982887042783271,0.964225121570938,1.02375892178428,0.754907415358838
"52",0.931415654410084,0.976554630355989,1.01399884686191,0.86655097972451,0.544499885480219
"53",0.891433758765239,0.900973869498872,0.861459997985723,0.754740381171472,0.551044588545803
"54",0.974246564578561,0.599968541358257,0.930093973524946,0.747636930038578,0.770890302698164
"55",0.948679002079007,0.987319955143027,0.785676318638284,0.915036161947328,0.682648378561938
"56",0.944822453188754,0.886065004858833,0.870689753493224,0.935057657333512,0.672356389251505
"57",0.935845863340639,0.990200798559265,0.890510205371025,0.983493382932729,0.875855913707601
"58",0.970440442205543,0.930590771867146,1.0125323428159,0.942412791575541,0.766551682328832
"59",0.952969703569902,0.986005438323402,0.717853819584103,0.838760806372259,0.856932836542514
"60",0.874987900371438,0.957371457577347,0.74459926780418,0.974579281247423,0.750197397585526
"61",0.954777547451538,0.97746403371499,0.731900194852155,0.699388953365089,0.90362740562257
"62",0.823873482453839,0.868903416240622,0.823614383572518,0.677807708953698,NA
"63",0.890914330650472,0.993472161935841,0.808870830051909,1.0171437814634,0.861641299800749
"64",0.974074722397431,0.845159313371291,0.692951818723148,1.00190767193726,0.775092451404502
"65",0.97357774152922,0.868807475825711,0.709814628868801,1.03027377669478,0.660698171552129
"66",0.827995883200532,0.96117006074814,0.927804768907543,0.865647575529214,0.50117159360815
"67",0.889267004898053,0.971787609130983,0.538175945158619,0.81517417685554,0.628200575083353
"68",0.864764994546237,0.989576734910814,0.885291656784715,0.725146941738441,0.692809230223182
"69",0.890048113390248,0.823070803495122,0.914525610075334,0.956011979003056,0.83835651530259
"70",0.956936854116267,0.955806662209762,0.684761245647384,0.926576516315848,NA
"71",0.973942940828052,0.992941153863215,0.81095267674551,0.870694030268991,0.927495492899979
"72",0.972584343721227,0.877920320292431,0.984792237992547,0.806989685348921,NA
"73",0.872295989162593,0.884603065213141,0.859381801983396,0.875204620288677,0.65015324224559
"74",0.861204189686774,0.976182334584269,0.877488014901143,0.980097654959454,0.658983848941602
"75",0.981019516523502,0.933851495627382,0.810544860152463,0.739123126965143,NA
"76",0.97337465869616,0.782546155482798,1.02126590488495,0.808979978571151,0.825662820297498
"77",0.958079656363871,0.95699445265779,0.812161340012087,0.936736482785235,0.843340442445164
"78",0.881607798342951,0.97334559836827,0.904301419495906,0.851491507535344,NA
"79",0.82578772443982,0.90142954782676,0.824071875516627,0.999834735735082,0.809004194966671
"80",0.892560746511404,0.892655267927788,0.959563793006224,1.01459327280297,0.636371086091052
"81",0.855563463678176,0.976738065133501,0.932240674481463,1.02114984215479,0.760700621679884
"82",0.970465175231759,0.902172617074421,0.755524824813403,0.834822270382516,0.774820598652164
"83",0.980808778757093,0.960897357201233,0.711004227809679,0.865520139431989,0.800323083665774
"84",0.976446923849122,0.945805685019316,0.860505449992413,0.82552499557294,0.769455202147369
"85",0.868173907462727,0.881577142477403,1.01524323354929,0.855675942066178,0.815503686907466
"86",0.943963957955393,0.926026660682182,0.787381538425546,1.01716809533061,0.710957523268933
"87",0.880632359851084,0.96686032881501,0.705295790055464,0.7022811252772,0.632171746202763
"88",0.958765298203039,0.970700697165869,0.769667749019979,0.951334895800746,0.857745004788252
"89",0.98366740729346,0.89087075823555,0.815897394836452,0.840708946261538,NA
"90",0.985583631115199,0.929341190271393,0.784642283983775,0.907826444987038,NA
"91",0.967367189929607,0.982409999763792,0.883582654610617,0.884564591423526,0.644019172990229
"92",0.945574522590704,0.90853575081902,0.793908143896964,0.869977650736834,0.738778183270121
"93",0.972004297514243,0.956417574125731,0.931457617866313,0.867631287839016,0.697745785124795
"94",0.86516183508855,0.96318675726429,0.765547904454854,0.929155532268136,0.593151834587512
"95",0.96207442304214,0.79787424731958,0.708331880713465,0.661302403437209,NA
"96",0.941077417903264,0.97741609391884,0.834640946620742,0.723921934734991,0.738931250148698
"97",0.973561442539079,0.985036495878472,0.748228979805123,0.885853988692097,0.790760566534063
"98",0.934083663598739,0.985557440426606,0.910571904567232,0.929639637825331,0.833578799595889
"99",0.975515776278595,0.98564896632156,0.814999977356835,0.742787846949101,0.736823879752792
"100",0.957137929836313,0.973510877320321,0.904059297671017,NA,NA
"101",0.961745897279143,0.998765962171182,0.759653296716309,0.705701282520904,0.660479097045769
"102",0.973220118084789,0.949813199176084,0.841408058533139,0.84388450324697,0.71213189789609
"103",0.931252518892378,0.826075108388547,0.848130430708501,0.886126154360435,0.779608898307748
"104",0.967567440128642,0.957643900111824,0.877969346214477,0.979240843491094,0.594340493284412
"105",0.974328846225016,0.934769186823575,0.787477024695702,1.03673561581555,1.0229303911882
"106",0.956040762090329,0.825539233268595,0.934394891251428,1.00367815220944,0.768537950482694
"107",0.970732939403682,0.896183433676256,0.758079785930137,0.732744160457991,NA
"108",0.939797428230817,0.98950738824296,0.894504139110586,0.745372499792135,0.69251411573483
"109",0.856137079541486,0.973883371966598,0.884828369327871,0.774154637265557,0.781445182093449
"110",0.971492247208596,0.992499441172518,0.565135897119513,1.03379128358405,0.905192397897865
"111",0.908663412050545,0.926195163986214,1.00000614710783,0.831273431347291,0.825200254140621
"112",0.979286928853893,0.976700614521257,0.786968995179418,0.935084929539037,0.786625095136496
"113",0.896897899458681,0.952824457882215,0.87684131574539,0.959371526709679,0.845562350138742
"114",0.919704697265428,0.980547040472386,0.788952971653366,1.00371433916286,0.831495252487966
"115",0.94621542699181,0.906173871400116,1.01581933267762,0.86273177048282,0.696551395866125
"116",0.98180639686855,0.873138907051599,0.7583424723993,NA,NA
"117",0.802039155530845,0.977124908283387,0.723045342922736,0.716022776594639,0.636342158789932
"118",0.976093000670741,0.981106074651335,0.71638187354939,0.708051459858993,0.625338630612373
"119",0.907053417207032,0.95466127391406,0.879907395490874,0.73708187271628,0.998562203482713
"120",0.976569153351936,0.970085045983173,0.910232641690325,0.752040267542103,0.860101742711777
"121",0.944481568903713,0.974605182856609,0.738370009021992,0.945867478025817,0.647323459980109
"122",0.972776956677961,0.981986120719465,0.908826376753286,1.02036629370595,0.720919640229194
"123",0.790052643555588,0.977458084102694,0.958976662908546,1.01125979288673,1.00551275865601
"124",0.831870140126972,0.95908155443587,0.874532216326703,0.885675996694993,0.97932552780205
"125",0.956669380493163,0.749670942168263,0.845313895984128,1.02059376909504,0.664525027788175
"126",0.968928843058178,0.966045012340859,0.903373142979433,0.82910734762318,0.79612201740654
"127",0.883928534865682,0.905442677039501,0.897985370291401,0.994528148416437,0.816442206694571
"128",0.968938914015198,0.958377187232163,0.973720043776617,0.863722238636131,0.638223053658402
"129",0.853872944665699,0.983383975126937,0.783118480426748,1.01323673679111,0.780854989197876
"130",0.885711045402656,0.730995670826662,0.898172089267497,0.785254836833616,0.599426736579631
"131",0.876128835553376,0.978798791688481,0.996605000759361,0.90867323965565,0.557681459457788
"132",0.970101956817877,0.998197336609005,0.537062422794761,0.906612120309893,0.773780081155527
"133",0.829611715126189,0.895428772360295,0.775087106068149,0.832137945618021,0.410920642908575
"134",0.922642034889091,0.885975847949339,0.871743851876908,0.823454040874252,0.549816644053532
"135",0.826953231891322,0.981805583854982,0.91470370515272,0.680578620151085,0.819698041651324
"136",0.890019226266412,0.926760211222384,0.823972177438887,0.937716212462027,0.731877014634942
"137",0.961572745689629,0.98249747237877,0.716061817008192,1.02834555587318,0.723619976740897
"138",0.980342498374513,0.891300916228093,0.926433202313783,0.922834630551202,0.845904755178694
"139",0.938191328277282,0.843247736473602,0.801961720405094,0.928197945031941,NA
"140",0.912447206645424,0.984711764578244,1.00209464162596,0.997277606577402,0.717217832273426
"141",0.970943875764212,0.905743926610452,0.730708082169404,1.00295660718042,0.759938991925268
"142",0.963535585902194,0.987985979674864,0.695316127940851,0.701068075105798,0.936768550750682
"143",0.813485203281131,0.897010383329789,1.0361540610555,NA,NA
"144",0.965060190984958,0.844738330378592,1.00228450669327,0.638960257932174,0.661576778798727
"145",0.909366814533934,0.974705958677838,0.676252926274183,0.591914892033772,0.52044339913049
"146",0.901966145009327,0.916119717871689,1.0136330168409,1.01754680740085,0.746260541030594
"147",0.948017272731158,0.820180923777266,0.696962102145308,0.923495887777132,0.51296826862564
"148",0.865854386578189,0.915261841259441,0.916948510649942,0.830884185355057,NA
"149",0.935858656823112,1.00377556829298,0.843392916822133,0.74880715556719,0.633845169016001
"150",0.908437611548579,0.985204373199665,0.741461371069547,1.00894206076238,NA
"151",0.854197327299264,0.787777884338144,1.0036251365364,0.8220007733914,NA
"152",0.979362718641869,1.00099646031045,0.781020712486289,1.01451430746363,0.930297238840758
"153",0.881150341152565,0.98978857513376,0.737330717492384,0.957241553175348,0.644834495033956
"154",0.989291250422717,0.878170675785447,0.696808144494522,0.669072777011944,0.46613453302323
"155",0.973733534427395,0.870746758832129,0.91644753429355,0.873908584875743,0.779028829746653
"156",0.955553298419962,0.721699809105433,0.760474617210714,0.763778485893461,0.730132728149725
"157",0.944116911007164,0.949373914251017,1.01170699536467,0.882969261732958,0.911990226705847
"158",0.972626218458109,0.977757911300614,0.839405447444246,0.795329303253901,0.920162445639275
"159",0.956234022474629,0.99186276945256,0.893161712143602,0.875671425455391,0.534144263784472
"160",0.826787312089018,0.952097291905425,0.739394226816606,1.00722409400791,0.873827174350748
"161",0.961902565805425,0.969989148882416,0.846766561031638,0.788180303741079,0.899195027276009
"162",0.977049848458969,0.975074613891671,0.841352968701027,0.967134929523441,0.706919332984946
"163",0.965040346893645,0.763843134582301,0.846186081606836,0.97698775166494,0.777310775328131
"164",0.979241222972362,0.788607571787684,0.744243058817761,0.89545735901009,0.805644870382828
"165",0.918388163692712,0.985249278069793,0.924358658060649,0.882791700475193,0.727906259320634
"166",0.984043289746219,0.991189998337444,0.599711712816176,0.845161284206998,0.809807282294035
"167",0.921025462004967,0.953651018153187,0.77687629545785,0.850777826357412,0.684268633191154
"168",0.975988341507515,0.844053823085678,0.899570614883186,0.907338407655561,0.785274412178924
"169",0.891066548549391,0.977722178620508,0.797337230697693,0.787703091761042,0.643397931535438
"170",0.82052984308846,0.985832410241215,0.915636257550611,0.824594123557389,0.46799157918242
"171",0.879382026375934,0.942190151354655,0.913820108216227,0.818713869628186,0.913698479318747
"172",0.860254151662949,0.99154595457483,0.942567846819482,0.907295042068071,0.593933371688489
"173",0.896594735702196,0.900584475163323,0.70382060560354,0.888149479230716,NA
"174",0.888417127515323,0.87495500395625,0.806340764384243,0.96927687254894,0.805707000360632
"175",0.909643827509309,0.976446091774698,0.790581528473928,0.75169849700195,0.651331077238511
"176",0.979152758531988,0.986870123263719,0.936997798732181,0.839954498424855,0.558230030872039
"177",0.946128347278283,0.985806640494969,1.0171396488332,0.737290826293804,0.934374054843115
"178",0.959474278607177,0.907066145383506,0.76078128714167,0.913800666434491,0.821542333916409
"179",0.967528135751429,0.803201569427103,0.661821517558633,0.88215317631249,0.769778039812319
"180",0.979921999498697,0.952421962771986,0.835184970074525,0.895019767374506,0.670744917675213
"181",0.880579403021992,0.80470970724106,0.828810090397581,0.943375179107715,0.931607159411145
"182",0.887811710389855,0.98293198755056,0.908489269180579,0.819840948482673,0.843674590641422
"183",0.938996958982479,0.970829727325305,0.631414450887408,0.714112301440079,0.705207565244028
"184",0.983929614504706,0.887626336961404,0.736884515581469,1.03799056275809,0.755191274190939
"185",0.966569521684014,0.97610361782852,0.818979338678065,0.967126836522346,0.684757402048997
"186",0.975325724758434,0.959777981002027,0.835064882533112,0.801013402674984,NA
"187",0.960045219204653,0.973484680074118,0.690700521261567,0.783737783268328,0.593057802480663
"188",0.777168959921062,0.960299836116792,1.00157994649448,0.770163056489612,0.789102624717004
"189",0.974416103587997,0.965081603326429,0.75472748920945,0.894302317487048,0.836980615439026
"190",0.970414218559845,0.977673482881687,0.924869596474501,0.631620413359386,0.864182508855689
"191",0.969210880026249,0.869863800858266,0.822724656935686,0.848179572340023,1.00159492738784
"192",0.972846745097957,0.957278663276121,0.85086575586769,0.926685428614477,0.863178951086644
"193",0.836499906528955,0.994373603440488,0.873649571213501,0.877929081549669,0.835143944393909
"194",0.890341855424676,0.950335499644461,0.737751407259067,0.954812837740549,0.873657933378782
"195",0.89368543825033,0.967329393112697,0.63958618819009,0.907220095409432,0.765887691862439
"196",0.985444099816491,0.917060143306404,0.894380429869237,1.01889948824537,NA
"197",0.894588981580519,0.997913664258353,0.907416868353717,0.731637613739336,0.717766516974544
"198",0.962088526388121,0.956545560283199,0.877153807614047,0.665184951031306,0.756983373270725
"199",0.835280149395612,0.988473894298528,0.701713186281601,0.942358866994828,0.460805432157699
"200",0.974424347821205,0.943513871157291,0.806976443136805,0.87619442571552,0.839602484077155
"201",0.978109871388832,0.902872878027272,0.758607924035335,0.996085721814473,0.725596956024548
"202",0.954509722680029,0.866848737974848,0.906840803231318,0.890616613679467,0.773035552938928
"203",0.971169024844393,0.790118988617732,1.01984621814341,0.966521750191932,0.812030516150308
"204",0.960335036842338,0.982072665706299,0.979622492622981,0.862579961247585,0.708339165766876
"205",0.948410686106602,0.984213930034366,0.907964542342772,0.794691463514178,0.678836253143641
"206",0.901248888911272,0.868215350473267,0.88017367099404,0.796359848779206,NA
"207",0.762017860329235,0.973201495833506,0.716258021403397,0.955484616690158,0.7960623125707
"208",0.952222449537233,0.984556644068014,0.79800738953054,0.781544711793363,0.75420253135752
"209",0.91779006455418,0.991253204775841,0.814985257008936,0.87385029728674,0.717112861697041
"210",0.973758124732779,0.98421001971466,0.862189446043418,0.990695396603415,0.636227447427745
"211",0.942282222117322,0.96505993533657,0.669626308897215,0.834512426954578,0.673560413036441
"212",0.968273919442379,0.789907095629646,0.925405946240079,0.885159920734694,0.919313109221486
"213",0.985467733114018,0.862847351482421,0.965326594666781,0.989658913128835,NA
"214",0.953894467597911,0.930802999878386,0.969104118131493,0.917885254000356,0.834873627883574
"215",0.96699141080858,0.966468890762793,0.89506444790563,0.871246059345153,0.633100550114668
"216",0.97246426032096,0.700509301557503,0.818196107493799,1.02635127398393,0.702778374112644
"217",0.974153144529447,0.958904350851983,0.847219747181848,0.643224877472141,0.92821424728849
"218",0.967046132141429,0.942115095101088,0.767317297342969,0.83313962381774,NA
"219",0.958266080778849,0.994449871127365,0.686503555490944,0.886217942663453,0.816213478423451
"220",0.900585786540539,0.977437497523587,0.802763016406325,0.573013846925791,0.784459165667974
"221",0.966947774211346,0.886884553933238,0.985615989929383,0.90554549155642,0.485791214309456
"222",0.969709458553753,0.849386781937068,0.895660776374825,0.984839087155454,0.541677321926027
"223",0.87888720990276,0.9851343008918,0.773630397539265,0.819104126761386,0.62458904450717
"224",0.945114376658082,0.994101348321027,0.527666973162132,0.839397473767009,0.937415507218703
"225",0.907561161213009,0.960694120443406,0.761818888520441,0.826677087995345,0.889061690606107
"226",0.838262462166981,0.816373328702937,0.754422572207906,0.960732939216551,0.65289421722479
"227",0.975743904225036,0.964936116371724,0.94647492590467,0.86378880959872,0.709871391902266
"228",0.915998313172611,0.819256316062808,1.02246159168252,0.778794895155366,0.570173096466233
"229",0.961439809206688,0.750383445662893,0.794107707839412,0.680797977066524,0.604459049066713
"230",0.988063565950826,0.84599321457224,1.02675998137414,0.865404610601785,0.953010023008336
"231",0.968326425829585,0.875838044178397,0.805102346291589,0.838502610756035,1.01282593537343
"232",0.912836452111343,0.965528423624695,0.83998741321596,0.784562663408171,0.657807820683596
"233",0.942109688618129,0.964159646087358,0.866773224681263,0.959247404511656,1.01623871009091
"234",0.984080605377796,0.991088892414375,0.990290612619279,0.779792980397115,0.803559148780586
"235",0.985896534405131,0.973969802989028,0.933139623756375,0.812356497771593,0.769313213187232
"236",0.98890923883111,0.88591810989207,0.845910668175143,0.966383816414379,NA
"237",NA,NA,NA,NA,NA
"238",0.87700251401182,0.982294531293294,0.962479432948578,0.781818749127777,0.544636646133794
"239",0.965422656045556,0.977489653374411,0.849849960899644,0.922540266964068,0.642779374576139
"240",0.950711435303449,0.982306307082221,0.83234129428035,0.935600929149391,0.621983770460138
"241",0.976608154934485,0.993789209667529,0.922617361048886,0.794914741385763,0.75822662189981
"242",0.968940922004876,0.970316754059745,0.786499855504354,0.684049886968102,NA
"243",0.872254528906645,0.871445309010015,1.02757661710836,0.818604668995145,0.855728402327688
"244",0.971378466055443,0.969906173031311,1.02809214306575,0.904315402405551,0.924742962708877
"245",0.882922762945417,0.98793347648293,0.672177938372606,0.722117641646411,0.740592584461798
"246",0.96423659590129,0.875682322528927,0.670029849566713,0.894305095638767,0.886707332735362
"247",0.850111631470778,0.972487804804731,0.889210348559322,0.817423522559972,NA
"248",0.988555620369939,0.966369778058282,0.856105234978979,0.829217120191092,0.811924788738272
"249",0.93442638467696,0.956782537714086,0.822175799672339,0.925083107416522,0.866550073982231
"250",0.988054641086036,0.794804944682688,0.673817215624352,0.84877577399759,0.750950365779073
"251",0.806202413355642,0.911889138431969,1.01959548583853,0.857414341931293,0.786643023209962
"252",0.973232138678957,0.98382219482814,0.837795009705801,0.897437948073553,0.851962805814315
"253",0.91029481501642,0.983038360034235,0.765877586065981,0.695164681171614,0.907635742566094
"254",0.923707583242261,0.982993615166015,1.03525323094417,0.786756731322665,0.930469874502125
"255",0.940304352380777,0.959337915978196,0.853441338839468,0.84076564580269,0.738173084766966
"256",0.95860773378472,0.844676353378348,0.957824005803557,0.66661346477596,0.697599787996857
"257",0.956198280746253,0.920689881796424,0.844594127004256,0.723630116116879,0.901423997777206
"258",0.944727758455646,0.743830047132152,0.952850140575457,0.915865558323803,0.762721871193923
"259",0.954118066323129,0.981557823016206,0.864052971415845,0.925616929804606,0.734048988695008
"260",0.948217086137968,0.98802705014339,0.822971116316546,0.807406988499384,0.629804164522371
"261",0.915264313659917,0.883643181509993,0.904413929477991,0.828770037611369,1.00057192919977
"262",0.979576387534203,0.886163875861271,0.806176630875828,0.843899505715599,0.543612492848536
"263",0.982805893771758,0.99306742126514,0.807462347586428,0.613705869039168,NA
"264",0.799004715625054,0.944864901695211,0.83106656805458,1.0114009295692,0.719010777729606
"265",0.9611681975601,0.885172471767932,0.714396821209173,1.00452448101496,0.574908685973054
"266",0.945411654783972,0.97630420257318,0.829825379974579,0.803114559076047,0.75641265967235
"267",0.959311442535428,0.971505013311179,0.896514040473845,1.01474691247733,0.792055359724127
"268",0.897760645589395,0.909741074628791,0.825239532743977,1.03998391206278,0.845584391083985
"269",0.956597505753484,0.855624288221048,0.880186105713767,0.83021071983007,0.734577438331384
"270",0.964236086404222,0.987274937216679,0.908497673975282,0.900236272029076,0.754158094041001
"271",0.978263643430341,0.923709730505333,0.989946407576349,0.979816395149047,0.916585093043766
"272",0.900577223501712,0.991165081758802,0.941457277214278,0.837548668043167,0.703068143429672
"273",0.789418538849849,0.978376588813022,0.882393484589894,0.852359762727274,0.753914173199628
"274",0.956634574048324,0.911006754175291,0.757963515367995,0.762668438398327,NA
"275",0.90209826626428,0.983082102961904,0.752298865248663,0.925425870912885,0.68632700727663
"276",0.979217216638115,0.958313003660811,0.764880975327549,1.01933694315346,0.809814819575541
"277",0.981001891306435,0.863321790799976,0.818538732265695,0.812967662000172,0.82557291753726
"278",0.974121332793637,0.970011570372997,0.988558269971968,0.954374555352137,0.933337557708116
"279",0.980386826354818,0.960482739437482,0.825860173706377,0.601083888036666,NA
"280",0.97453919243103,0.970892806377895,0.860121342054084,1.03294002940984,0.594635255632753
"281",0.93140672302993,0.938507309275325,1.02471261024944,0.859486136410564,0.686434480228713
"282",0.976413604349776,0.817594998355905,0.914628721345966,0.905217634315293,0.909467204793946
"283",0.82412975747199,0.984484954916315,0.917266121579293,0.960605716111935,0.922430690653449
"284",0.975919557362674,0.978608506992105,0.955240425077846,0.808206818209856,0.971142947436157
"285",0.962216431964191,0.894012753177176,0.933860044712542,1.03084606867683,0.908954228482377
"286",0.983842810395068,0.947153621823746,1.0290285946447,0.876036452119541,1.02028196148288
"287",0.946255567582434,1.00022157871902,0.738895410898967,1.04429228182338,0.567402438130747
"288",0.983550105182323,0.956148310841725,0.878242414680903,0.917290456831587,0.897040490111201
"289",0.983018304871007,0.907810088454782,0.832295427886218,0.860390386916867,NA
"290",0.868554450299728,0.982527610237735,0.818550606192113,0.875821831066185,0.560581763600483
"291",0.902584183494293,0.891597275808782,0.93951239276916,0.850423438832116,0.823389831967706
"292",0.95602408380733,0.95631343206992,0.922783940322198,0.870953097573705,1.02191101815754
"293",0.884165062683794,0.984899323550768,0.99024819839059,0.763143760493786,NA
"294",0.91798528761079,0.952963656700315,0.984933014718322,0.957696452842541,0.76400786686953
"295",0.978039165324526,0.95778094753648,0.789691181751699,0.647172922720556,0.802917951927638
"296",0.816893824264339,0.991867849039008,0.86508803007832,0.908971594399728,NA
"297",0.967388382113264,0.992690345796273,0.92920747363889,0.98159474551044,1.00982517210479
"298",0.963864068671692,0.985678657896481,0.543373910447957,1.01718850602955,0.911107557217712
"299",0.891619476559547,0.991335372143518,0.849043556139072,0.751762802186309,NA
"300",0.920453906861703,0.916559764569901,0.760946264624959,0.901840865818552,NA
"301",0.966061105348051,0.973411513041255,0.874335147334371,0.921245334443649,0.854106328778508
"302",0.988021041552982,0.911042157231656,0.846856858496824,0.80028818342726,0.655228627050318
"303",0.949444091315891,0.969498868065383,0.851703131726323,0.823577908649362,0.732025396650558
"304",0.977666490429513,0.769738973500383,0.883475841989402,0.856724343990532,0.834026803524989
"305",0.973570766802826,0.922303510634989,0.717078633026524,0.777776435952196,0.955745743360757
"306",0.837844377761909,0.970417671399583,0.739546242641006,0.839303600998182,0.866701890521891
"307",0.97172412938851,0.705748445402046,0.9242538577154,1.00757089052517,0.825942481576003
"308",0.964506419839445,0.888029406561289,0.910112989693805,0.910589525715805,1.02248399877003
"309",0.96635470799063,0.877620743148713,0.679857291611655,0.800424426788362,0.868020347152255
"310",0.964732730950477,0.976806069323295,0.850448125917506,0.962353502136916,0.783391250796274
"311",0.946439297704184,0.988631471348441,0.893730070747674,0.857808062402712,0.447440612187482
"312",0.965103373870722,0.903942418650161,0.907425607837927,0.807116499136818,0.785532333637459
"313",0.8078777542963,0.962416960410296,0.806082737535335,0.931567477155369,0.85384271755695
"314",0.950577613662504,0.97943683286425,0.864030273354201,0.934043486120496,0.789502259161325
"315",0.948552328416271,0.812689897202396,0.93752593109375,0.708563876775356,0.732729777070132
"316",0.978238205377561,0.94675682836547,1.03980881453055,0.879145241971799,0.760537439221656
"317",0.898567051795448,0.914346983805533,0.91501241832304,0.828955258008512,NA
"318",0.959840544689959,0.961842065457533,0.777428905593435,0.761643981746594,0.838881840263426
"319",0.893554986082589,0.98424149422027,0.755188379150145,0.927008172605556,0.754340202871701
"320",0.778231086323778,0.764048277373845,0.844747487231589,0.59144033900909,0.784824007546044
"321",0.864495231920455,0.884873858694537,0.670300442184555,0.817050101150641,0.687436634474912
"322",0.894780851116138,0.874283958133612,0.923230316745653,0.934352203472138,0.911587633753379
"323",0.966291984214818,0.927272896010313,0.779247421232559,1.02749414694063,0.68769558376453
"324",0.896919513852247,0.978020353434738,0.756413109361711,0.840829428663125,0.721554166267249
"325",0.935354187530602,0.812367231451409,0.936442258917268,0.709277711550006,0.756586590300662
"326",0.958920872737989,0.976973445486816,0.720165576462825,0.916778795979643,1.01590447778674
"327",0.984619192315307,0.960477647853277,0.999204370422783,0.912394878781805,0.622824728726099
"328",0.957065180141542,0.825115087393877,0.704083262501112,0.897073524178165,0.63985795065765
"329",0.957451376593982,0.984550470731886,0.85146873222028,0.817920377824872,0.54957312837212
"330",0.941866470016316,0.9150469347764,0.845775375704555,0.840211973985397,0.790235463443661
"331",0.981435935908159,0.975764469969737,0.834546133552163,1.02909034291147,0.667058587591249
"332",0.978966540835994,0.979516593348931,0.918308075169763,NA,NA
"333",0.962920289493523,0.977756870487737,0.864426249562151,0.678598314062912,0.791438588304346
"334",0.993387101670554,0.896131911328946,0.795689859136987,0.992998896533925,NA
"335",0.945190643830816,0.874482015842471,0.929157347301434,0.928944479598572,0.703937087365997
"336",0.944041295462651,0.86359638072202,0.981724744510396,0.494115286973507,0.625656385710017
"337",0.878403969747738,0.998371391158811,0.755228930052289,0.899438748486896,0.842177332067854
"338",0.937538509266422,1.00156211215769,0.806601206123317,0.896691099421185,1.00183919293566
"339",NA,NA,NA,NA,NA
"340",0.959901187306717,0.841025684165618,0.923688550364489,0.725346155262929,0.841227997473379
"341",0.975758410487843,0.98060441076122,0.896073722606768,0.806277839478834,NA
"342",0.988829489005744,0.924648607648635,0.825565538431034,0.675792472515578,NA
"343",0.939548199680114,0.910708520653431,0.827139540511656,0.795000006207679,0.76258645695445
"344",0.972852304758907,0.953765146475711,0.902188524925232,0.903459957833991,NA
"345",0.816636427929181,0.979255018321736,0.952267574923662,1.04097381143223,0.861343478502882
"346",0.981215538410911,0.7402752093082,0.750523952931138,0.944360160464072,0.487710690307999
"347",0.873311410536158,0.869906444181918,0.936751460933519,0.79556071710602,0.650723726994433
"348",0.829222469890825,0.888860719298507,0.830565270635558,0.677822361216119,0.874447330532177
"349",0.853930947888714,0.979380379616088,0.846434970055974,0.945381584629918,0.817373383678113
"350",0.957429965528021,0.99011604124795,0.689338148986899,0.744030365293335,0.864554024949406
"351",0.972985958200908,0.988716985243543,0.825154557899433,0.936998753800105,0.838676307371848
"352",0.957444186016192,0.967985454752553,0.788854541161108,0.777709980822886,0.647487615713699
"353",0.912122217335701,0.975676633847119,0.917403992962314,1.0040174394263,0.686006866612297
"354",0.947558577832605,0.809671008543628,0.786729603896198,0.887499990756753,0.755093348900859
"355",0.969248182258895,0.951354150508871,0.812971854611268,0.903636663307046,0.684950135634898
"356",0.974089932146418,0.991193700665647,0.89073527921676,1.0213504958197,0.554417569879253
"357",0.951026364448026,0.948893519626955,0.774134545683839,0.859623485855555,0.795044448928459
"358",0.963538135117683,0.990872550752015,0.936327552355728,1.01782746850039,0.90662596724036
"359",0.954249115151443,0.976805617739305,0.902288518618036,0.959275974582382,NA
"360",0.954419523717483,0.981415120943314,0.905709510752492,0.941376711026841,0.847074322994255
"361",0.977765513140434,0.88277790653423,0.466256680395318,0.571568822594953,0.810922154054913
"362",0.860444883239912,0.994652396634017,0.932093128053189,0.945827180415766,0.939044694795809
"363",0.96376297162684,0.899320780222332,0.952351250517616,1.00147344798222,0.81641090366155
"364",0.872333973484319,0.987630458043465,0.949636838770421,0.70372229216763,0.561345799233849
"365",0.882005263484822,0.983607800891629,0.866824107667443,0.776199113987504,0.709495930602365
"366",0.872125396832424,0.978962338310834,0.579563988540736,0.864053999291313,0.840749461925633
"367",0.95270135106097,0.982758003820415,1.04192218393456,0.704744636162185,0.960514213953523
"368",0.974727739927165,0.995430406387781,0.986185602057137,0.934431805133386,NA
"369",0.944849860108153,0.972154468192148,0.813224011122091,0.746257559247481,0.844393967777356
"370",0.931399480349913,0.962337591335704,1.0254154063494,0.823033730775434,0.678979576782359
"371",0.942351791172204,0.915387347714697,0.750232760445651,0.752579410645866,0.78447481347451
"372",0.796791037258076,0.955481623555345,0.640492458308132,0.897760226245548,0.813270740039788
"373",0.946808944894437,0.993219984458415,0.652407195403859,0.90540398189911,0.768244823990622
"374",0.934496461061159,0.995026925042891,0.846191899491558,0.845905983791417,0.593892852628144
"375",0.86329600804176,0.990006092463571,1.03359938629521,0.892547765492819,0.596770582164055
"376",0.954309310736001,0.980100690701898,0.91905515672003,0.836391339291892,0.520518927532159
"377",0.957920832610965,0.986826223382191,0.995964721522883,1.03070229386512,0.578208983354045
"378",0.974363040743689,0.995879814708218,0.92531740639899,0.751854755437707,0.883836147618498
"379",0.925476150551284,0.945787289026073,0.855865262913767,0.78872887291655,0.779955178938825
"380",0.971806421979236,0.983244123956352,0.909009377577826,0.754746284027193,0.867743676273232
"381",0.804436078218137,0.882831302519318,0.778423160267559,0.718592640313786,0.895611068331941
"382",0.947689327589939,0.918491570038953,1.02350738687197,0.769901285303915,0.822150861402498
"383",0.961436584101117,0.990856147089027,1.01065480135445,0.839535593861921,0.715384672539265
"384",0.983036498741691,0.944395209905894,0.955381917514417,0.946003828745997,0.891864343418219
"385",0.907596145416617,0.90451458580844,0.810820127854465,0.644254923088634,NA
"386",0.987333283264261,0.891620816347812,0.894644810575049,0.894753457277378,1.00040980775483
"387",0.88965106561468,0.929722219336479,0.836133958124665,0.579971743003326,0.757922426686958
"388",0.972918275081298,0.928606183386898,0.983376126865451,0.728329940957838,NA
"389",0.963400171212156,0.874479392562099,0.802047040295706,0.805884991326356,0.996677329352527
"390",0.90922010467086,0.994044715259387,0.722606788577608,0.791882894345784,0.902394153309707
"391",0.94989160855807,0.964378158716834,0.853954252774233,0.812467587458715,0.812175301867996
"392",0.83557615190335,0.909903045210188,0.828452868065599,0.911983264826942,0.601253469842274
"393",0.849456845677269,0.79686835636609,0.929230228138083,0.88922490229247,0.970929369984228
"394",0.982141233277486,0.937148226548127,1.04075477356847,0.974669898756135,NA
"395",0.897776869740578,0.98977308849464,0.80511063128688,0.858788620765576,NA
"396",0.965916699287061,0.76821572088756,0.914195202914879,0.71870585640489,0.756541949093954
"397",0.788626859453514,0.973252359168052,0.84699802204031,0.835184893527545,0.613449764771547
"398",0.886861373787751,0.945268488252937,0.770827446175706,1.01994329156997,NA
"399",0.824870025430062,0.980882929501314,0.94510864954115,0.818731013738328,0.810982329934372
"400",0.918790042511023,0.888726372136397,0.969484398768976,0.774711301623486,0.819432755363013
"401",0.980742380654687,0.970938188433437,1.02654018941064,NA,NA
"402",0.971733481211278,0.97351994183458,0.874964076854666,1.03734839435182,NA
"403",0.962965911926117,0.965298679439779,0.905895491052108,0.98053446007778,NA
"404",0.945544709657372,0.972223698992325,0.808643490259797,1.0171164738438,0.660110334969029
"405",0.96120159680291,0.980122657717756,0.934354445497208,0.678062458827071,0.822415653036836
"406",0.975600301431144,0.903091279228917,0.929853478902589,0.946230249248399,0.912253058454541
"407",0.84680703652286,0.7569009440778,0.946303581970785,0.8864309459653,0.719043221754995
"408",0.95174134844154,0.968542658376613,0.957792149628872,0.833691218848612,0.525331302371409
"409",0.881077020218024,0.979244226044929,0.897235321481692,0.715661047044932,0.743557202228515
"410",0.880656821687728,0.973079159520524,0.847112024096551,0.987062227482821,0.758032101908444
"411",0.954194113405772,0.956302062683067,0.731072612983135,0.856306820297993,0.824532753186605
"412",0.947077289873141,0.982733854033558,0.83262125795597,0.807490405277371,NA
"413",0.958467817701495,0.971527712805221,0.778492871584001,0.621822724984167,NA
"414",0.977724319718996,0.79506890015576,0.906149440781219,0.830340531111293,NA
"415",0.971117760315388,0.906760163649306,0.900925240362499,0.953970289355802,NA
"416",0.983979359755193,0.992832475510698,0.744310379906497,1.01426608013108,0.842367474348864
"417",0.967426922009524,0.976365407421862,1.00186179415472,1.05232530142585,0.812281371904555
"418",0.96748668833665,0.930246081676044,0.597434776164396,0.742896902185462,0.513192067342378
"419",0.967352181496699,0.929123803003996,0.765603830190469,0.88542974737345,0.70395119392942
"420",0.852362877309585,0.891001179126577,0.930869758515357,0.693952686576078,0.654571209371946
"421",0.900790404688041,0.917834436227407,0.880640810036542,0.927468233106548,0.847249989019766
"422",0.822697660859799,0.98358537299805,0.82604529231735,0.897664215405578,0.605406034626483
"423",0.951838860212091,0.882379168316542,0.914546909206555,0.70796300072584,1.00119807870749
"424",0.97549887477779,0.980637742112891,0.940392518970881,0.951918483382596,0.794527192386894
"425",0.87032239053945,0.863228418557237,0.869760831552539,0.635916177000657,0.840375148579558
"426",0.972281476279267,0.944558416999665,0.910500600067467,0.793639005148057,0.721764916591639
"427",0.82498786529051,0.977493791669073,0.793738734544822,0.73463240787428,NA
"428",0.949412487355425,0.784097718541589,0.722358270513926,0.830932539699404,1.02010912693492
"429",0.978956045605466,0.969251347988636,0.791227162426398,0.812177720337098,0.800734346805636
"430",0.896090972896026,0.917081228097319,0.87911888723983,0.871388887600256,NA
"431",0.918182875109465,0.902987147447759,0.930489559789729,0.954853155392526,0.817251647918498
"432",0.906096624858791,0.976961439977357,0.940884895995134,0.845934885108267,0.669058833196058
"433",0.969617981734431,0.895476021982251,0.817228669991795,0.872704756633727,NA
"434",0.956023425871498,0.914118669871184,0.817833162977002,0.636749482961573,0.682598889212293
"435",0.961332447791478,0.866898345888847,0.843448362969724,0.886231846375145,0.673823644084217
"436",0.652144220001437,0.825763868162253,0.67976937853946,0.869666123703887,0.577547885406141
"437",0.866499946538816,0.969297723554894,0.871760964713282,0.689852567386791,0.810743561712499
"438",0.809895682346292,0.757303611586564,0.865586308231135,0.785342875083295,0.852615425026247
"439",0.864005483498236,0.972223551995779,0.653215314126382,0.913639150659046,0.629212648282346
"440",0.973120062281075,0.987514182121656,0.770599004367658,0.963872393295822,NA
"441",0.969340943883878,0.992429307866066,0.69961728921099,0.846334350732376,NA
"442",0.965037007720318,0.968501281969403,0.810422467619843,1.00388094283515,0.585937685168013
"443",0.920578669759571,0.905781549914421,0.90558186111293,0.865850271320815,0.760360961198605
"444",0.976262602346915,0.876229053518906,0.737902096004708,0.897996898480049,0.66216625627057
"445",0.947878960883073,0.980849545469295,0.747329467359731,0.644304377436938,0.782954752060196
"446",0.962016406318464,0.864777107497867,0.871424457262421,0.739100139720494,0.827395145512792
"447",0.947190909750482,0.968857463875681,0.899822524507991,1.03466528358394,0.734877554577818
"448",0.957393326241933,0.933385410976294,0.920847183989383,0.680110105071941,0.677048536753087
"449",0.967620093027916,0.801521365941301,0.930962582834322,0.938483815970155,0.6792618103405
"450",0.970781957314544,0.984602588762848,0.897059226748092,0.744296892820839,NA
"451",0.969754608410521,0.885353005987034,0.567521244411995,0.784101125316641,0.76075269936447
"452",0.973851318889818,0.838466762635814,0.952773666706568,0.798695323359153,0.632360803649667
"453",0.963551528505988,0.97415874670956,0.966176073003305,0.880052839332208,0.807988267493943
"454",0.841972988373782,0.874336008589372,0.836027647788793,0.731035194775073,NA
"455",0.963001419490769,0.77790621038327,0.834101333725587,1.0448107818893,0.763719550475499
"456",0.988240954752047,0.938548569989034,0.726018662457704,0.886643913907443,0.789627125115948
"457",0.949128088309093,0.843288391991563,0.721794403823391,0.78746414415869,0.832697589598748
"458",0.976157057857268,0.768153473954714,0.878286062677041,0.926997767546971,0.745393535799214
"459",0.951849711892407,0.982903835958445,0.937731307632887,0.932340205021353,0.621653909308093
"460",0.960467788846106,0.975374246101493,0.953356736600443,0.708256878466226,0.719673291303254
"461",0.962492724492431,0.880501832825196,0.875831383525433,0.82597158255639,0.883882985965847
"462",0.982930705327447,0.916095184332791,0.862565817825185,0.987000652630823,0.821884721973609
"463",0.891538964539273,0.972976280676846,0.909408087767811,0.683152570658708,0.55916941548024
"464",0.947205949564188,0.969513651101223,0.946867254065773,0.97132763769699,0.760726168234486
"465",0.860232676034603,0.965051859392197,0.965050240031492,0.92465601769216,0.874631901569973
"466",0.920024002014361,0.996023777641623,0.922818473801794,0.740268069882166,0.612968534230076
"467",0.915098413461981,0.979211082462479,1.01781566645422,0.770127726782086,0.896029516443773
"468",0.961301120482652,0.880615316613243,0.7467087616786,0.950310472477757,0.723344527730309
"469",0.906749256260045,0.988883636259387,0.737415465918883,0.687078036217091,NA
"470",0.904561907916807,0.991574515938563,0.922361362015167,0.82021769999718,0.659892106088238
"471",0.909478967204658,0.874057038335545,0.715492735234377,NA,NA
"472",0.944303678999545,0.977973573625181,0.824197935408629,0.892958477508428,0.813114757705407
"473",0.966646052274782,0.819373831912796,0.958493503741819,0.935990033959212,0.537012848878078
"474",0.846215739768856,0.874997634089834,0.939156004192979,0.898379802397755,0.597712480982749
"475",0.957852242543408,0.991006750003745,0.74637721676212,0.909382102379061,0.592459232988073
"476",0.536595811476382,0.816643535639651,0.938374031444122,0.760979364073385,0.827789351818306
"477",0.964332859853162,0.988806367033178,1.01349957865036,0.802974290223187,0.76183419933238
"478",0.858324315627738,0.99000551691225,0.725385790474199,0.905207716679796,0.773377601410006
"479",0.979560573266854,0.987172416924855,1.03168959647702,1.02107391489283,0.796481892965534
"480",0.892755020496248,0.979091736369085,0.844944182166931,0.781813027495442,NA
"481",0.966666732021036,0.978429524194591,0.922904267585617,0.809144492001271,0.763590461587123
"482",0.979944385118383,0.968489874241256,0.76161360732674,0.806187565193817,0.876453448088495
"483",0.969096242634016,0.938431445212919,0.662804075940544,0.781466152141085,0.727311364702993
"484",0.966030541977626,0.856061566422798,0.782177591981327,0.736404319716286,0.668835777241918
"485",0.940599027844158,0.753422179053274,0.855767771804332,0.780877632469957,0.640634539881681
"486",0.968368893193562,0.916784060639794,0.844785813786089,1.01327492260724,0.689137545584956
"487",0.976268487202561,0.966562975375677,0.773584250761808,0.964028142732238,0.783324117923697
"488",0.949656682337134,0.841546462046667,0.865222563288723,0.808285055052685,0.744581875882763
"489",0.849868728901017,0.992067355303309,0.944120111411768,0.816150332761971,0.793537519747234
"490",0.965954070297873,0.970512359743968,0.87034978208808,0.746168083782884,0.722566535023173
"491",0.965454936024916,0.984297892969201,1.02259400921403,0.964314318080369,0.799616107896443
"492",0.982034586176342,0.972182564465144,0.682366401540454,0.762124480330641,NA
"493",0.98065433103906,0.994490607923154,0.952637133504847,0.679067805281864,0.841182000405196
"494",0.982932083504559,0.961379991190759,0.7499417850038,0.869430897908383,0.629227010297856
"495",0.883822179363635,0.977199966345168,0.842895760060873,0.753138333592161,0.717793304780248
"496",0.980798158345148,0.855331526181485,0.656613899391908,0.87847367572562,NA
"497",0.913296468037118,0.990208930009451,0.934829494856504,0.875968992730869,0.996632483681275
"498",0.959136202668223,0.99512280572783,0.844933970648627,0.727926713224321,0.662962985422417
"499",0.921017984012415,0.966539223873113,0.766823669849035,0.937615708708323,0.642679590441975
"500",0.970674012837197,0.909439690925834,0.996784379394598,0.824731258187223,0.646231407737706
"501",0.948169658284855,0.964736167600387,0.673157686489852,1.03839677178327,0.716179164984741
"502",0.881159628061753,0.984273179187452,0.889013521930929,0.954875454145924,NA
"503",0.88751290900785,0.845326618861259,0.77455707974631,0.773862849399942,NA
"504",0.984887062718807,0.822187554767336,0.63581121008479,0.864111205437949,0.69341704547278
"505",0.878421541437164,0.843972783626367,0.860614959164837,0.857860645411505,0.485169555710259
"506",0.964105851134197,0.961959566042078,1.02188165655183,0.858790343506491,0.853077401814466
"507",0.976467108247397,0.879206135083118,0.876432584806264,0.807050094059532,NA
"508",0.775704587356181,0.932898709932768,0.931686930645255,0.764572848859512,0.703019755365976
"509",0.836691989618046,0.975524020059115,0.965784716221447,0.828488849758849,0.706655008415317
"510",0.969377393109971,0.988053121895429,0.84626767407406,0.931230738406315,0.742645414482089
"511",0.953325154527001,0.874667477775496,0.861568384637751,0.907483305106957,0.650571272662453
"512",0.899284293987256,0.990124130203322,0.772134008493862,0.788715261830308,NA
"513",0.965105040558364,0.920331260304745,0.856506757640382,0.785041532682975,0.650369022618608
"514",0.978801998232823,0.742685894787329,0.706855867086092,0.653264190763648,0.64426834185388
"515",0.938901101190854,0.801511939325927,0.761730563759886,0.731805183579081,0.688935376749006
"516",0.912664252174906,0.965638250331687,0.919882460175655,0.745887668754729,NA
"517",0.955814807169617,0.965953947411445,0.752308634731788,0.882734677069383,0.724010210087037
"518",0.800551681258559,1.00631220857806,0.945319008874087,0.832232034481781,0.681843157768927
"519",0.965759474657968,0.978149998543087,0.972564126305925,0.856557270971958,0.792317682137846
"520",0.896769693025525,0.910134655213242,0.782877480306222,0.978527811253658,NA
"521",0.981976000650768,0.979770704833661,0.838902158733408,0.597525032405803,0.705260529894386
"522",0.972987941524734,0.991073976233675,0.982980589509648,0.965404371876394,0.726704712781668
"523",0.956346306904086,0.963777570388389,0.597833397529499,1.03156389382435,0.823789757916677
"524",0.961397606247904,0.963634505281038,0.92143151912213,0.908808206820483,0.789985438294243
"525",0.940504382309836,0.918214774404676,0.958692529238258,1.03410151047986,0.542915229934202
"526",0.971307736841838,0.963879439645864,0.750463868555093,0.848404446163393,NA
"527",0.941053068762476,0.91035052414399,1.02319924950612,0.8694661296138,0.727857594684872
"528",0.868340864299239,0.834086083429187,0.962729787717025,0.967400311789334,0.866252850668811
"529",0.976048125779791,0.941926125878943,0.826660482138997,0.853798845227565,0.781505185547498
"530",0.96909834170687,0.981625058166084,0.812585702710664,0.783451647974059,0.597847678301424
"531",0.977812694783673,0.89550091740999,0.837291852604007,0.860972148675956,NA
"532",0.919201108674362,0.985415561616758,0.84337051651474,0.712872197370481,0.573952510728786
"533",0.977138274537404,0.967885831438026,0.912809375999863,1.01640314397094,0.736365029488562
"534",0.961414745878509,0.983090143092027,0.640680261067629,0.882272283674147,0.701176868448051
"535",0.958195201743122,1.00458423614538,0.737739952091584,0.941619614825335,0.907031671409267
"536",0.958789176956604,0.757153738237347,0.717348120892043,0.823212152943751,0.652190676579081
"537",0.979994326068638,0.841021722471491,0.890481581190838,0.627418434933892,0.605402544706062
"538",0.969337967197592,0.772639600007638,0.838363068329757,0.884838652305762,NA
"539",0.975997493611366,0.857748353740663,0.784155012305147,1.02309240038947,0.815160607221967
"540",0.884585515923998,0.930794978448975,0.852567724048686,0.884380851516664,0.771930883405425
"541",0.949768079437673,0.981587820557337,0.852632488209981,0.791855657557038,0.677456246048306
"542",0.962748771177032,0.872400345714917,0.954163692115455,0.797120475499483,NA
"543",0.962313687065017,0.987781076435918,0.944725572170306,0.745818011261208,0.570511421376809
"544",0.825346950970291,0.892305539782696,0.810880062830622,1.00814487748057,0.867527110736271
"545",0.947653186554086,0.957669452866008,0.774680675186505,0.746375565773692,0.635176327312055
"546",0.960029055095872,0.978096629259142,0.720486427098477,0.675682826043256,0.902766921389493
"547",0.891227589800187,0.940806438422127,0.731380120456315,0.992204834364446,0.744475154864937
"548",0.973263883526344,0.98186359570939,1.00892468389259,0.808559044568287,0.935358251476506
"549",0.980594613938728,0.973442453556033,0.863017558188137,0.850363362217076,0.709238207413254
"550",0.896988647073059,0.867147315083169,0.973383637746101,0.742220823323748,0.775083283397341
"551",NA,NA,NA,NA,NA
"552",0.964322095926709,0.85687745535102,0.900414550417489,0.848826401742707,0.732504530348335
"553",0.942770506468468,0.973604452982456,0.804301117674776,0.93389573840996,0.857232839874469
"554",0.985167032872377,0.990714750396551,0.834022380976837,0.805846793755502,NA
"555",0.890687874401527,0.958599050390094,0.826971627285631,0.923145895941381,0.608818678586201
"556",0.856217594902716,0.982889547906381,0.764597584816615,0.652671652499508,0.881076852094894
"557",0.949061744501461,0.846118622797054,0.65758998197634,0.984044676928206,NA
"558",0.988259255709156,0.93065544640584,0.744077303953149,NA,NA
"559",0.977897112911816,0.968525995421587,0.974541448656666,0.768347175726903,0.568053350590546
"560",0.84644716791997,0.971965326417904,0.773922012085752,0.903103114019846,NA
"561",0.934619363803511,0.853733723166395,0.804501944753656,0.834229060496559,0.848997208216717
"562",0.859078491402843,0.988590440254758,0.86824596610999,0.915930496711893,NA
"563",0.970527733896464,0.875074603078306,0.947911286004501,0.705196349774892,1.03017981575942
"564",0.968214427925504,0.965735960898241,0.709381798776512,1.02371758400604,0.804209168183347
"565",0.94229375292821,0.995479372123181,1.00764595462515,0.806529355592919,0.758722138858042
"566",0.975522184051423,0.922018097282692,0.864378440344706,1.02873639510775,0.646543864906035
"567",0.945666209760452,0.97391657061304,0.901037845467369,0.806332246586594,1.01018510442399
"568",0.970233991807619,0.837706204493122,1.04253485718062,0.835005443871992,NA
"569",0.930304638151052,0.938096408136473,0.766438974283027,0.951479887819831,0.787364452563296
"570",0.96878990215856,0.965018684777477,0.858905711778459,0.771034096081968,0.815286510461692
"571",0.930966916084016,0.97603822645272,0.760038092497245,0.823791032733834,0.926671790301784
"572",0.863276196039052,0.882101293720204,0.850055351955537,0.965254462927452,0.752890564299129
"573",0.975165647674842,0.987985111586659,0.975188318497761,0.677855971557075,0.736027664942839
"574",0.973325715058665,0.95246808976849,0.916510237881558,0.940342596933943,0.822293891160804
"575",0.894013646692052,0.979107729014212,0.831757648954162,0.861306659428933,0.582383302682774
"576",0.957320555691143,0.994463441246716,0.873498928263032,0.700857649086686,0.950194475053362
"577",0.977429079409092,0.984860341360309,0.805485812999205,1.00676283984827,0.822790587672871
"578",0.954404217340086,0.908899531994563,0.85679659902057,0.836578714000443,0.622660023807238
"579",0.96109771201364,0.98955019792409,0.974186428363271,0.960644660410042,0.925931006924002
"580",0.957595896712367,0.981340300963186,0.873651368538191,NA,NA
"581",0.900449061903765,0.970872637199124,0.904901172394304,0.88184426805466,NA
"582",0.966533551811495,0.990870608919173,0.793629301525529,0.895146531625352,0.639293996178854
"583",0.886057308521565,0.926163253225063,1.01184063357467,0.70749684071227,0.818595774419747
"584",0.957959576675341,0.938063393338604,0.907033835498281,0.887566387766008,0.807594899008807
"585",0.97440009085455,0.966436490547235,0.858574667707382,0.79285967813157,0.678217827748498
"586",0.731797978752513,0.976215932872591,0.852233380953946,0.634903081544183,0.826544056955708
"587",0.870291560665497,0.891400648536842,0.899378122347907,0.956799710421914,0.894546237873224
"588",0.915407972893574,0.947211535117941,0.614753241460755,NA,NA
"589",0.972287507392232,0.875330674857045,0.997542475965802,0.758381078604259,0.740014351898879
"590",0.962479371958087,0.947873770935898,0.793049193136176,0.78989155029884,0.652851553130509
"591",0.948367820951336,0.980101182795187,1.0127127699352,0.773678647189522,0.823359989563639
"592",0.968599940171645,0.974978740122615,0.78518984485099,0.91383055513956,0.853370842726223
"593",0.957646916254429,0.850404318833302,0.907298726360466,0.75112825814427,0.77936282938427
"594",0.913875280550818,0.887938323582149,0.805214893208295,1.00037446081356,NA
"595",0.946462748974833,0.850095175164135,0.892957696513999,0.835501571215201,0.650129884757435
"596",0.972360932995582,0.962564961573346,0.856711050421977,0.828114833241541,0.619279355394362
"597",0.947045071781085,0.841440191664801,1.02532352895818,0.97715389383271,0.812846387103445
"598",0.860787316192618,0.943496415242121,0.829924571954475,0.614209101485244,0.684436371615916
"599",0.968876900961051,0.978304717145571,0.898301920761329,0.894891036875902,0.656029100976202
"600",0.957263147797192,0.969723482000721,0.733249752700765,0.81606672195819,0.800231676840842
"601",0.972512759571128,0.937144671395964,0.856727548993665,0.781523654586581,NA
"602",0.976477608572303,0.850669560529069,0.895455612695746,0.771877048890911,0.614845358964205
"603",0.959355613625182,0.948405261530015,0.906958981972337,0.939397236466083,0.686697455387061
"604",0.953828683341812,0.979302741974215,0.883291981474891,0.745321031050339,0.794460192134389
"605",0.913215737889936,0.794282032821801,1.01677679588281,0.878032012537092,0.786000986387517
"606",0.881773874086208,0.965186819653786,0.971230740169318,0.954314592602846,0.74719472758292
"607",0.89743087797912,0.879323382211623,1.02167399483843,0.905634349845561,0.685298372595559
"608",0.933315754083108,0.908303900982056,0.932384150877943,0.918525394117237,0.751253105509561
"609",0.962408447568184,0.875006851286814,0.934407880383389,0.884833696337058,0.60165007087159
"610",0.96659139901638,0.998276280021466,1.00956854638138,0.890006245437893,0.632308341638066
"611",0.964740139082024,0.941712238326388,0.756429670978259,0.821387105018928,0.853757244014782
"612",0.959231797302638,0.958920684756385,0.705778232643459,0.814723097435036,NA
"613",0.973227076875935,0.886696450128208,0.819387244615114,0.798176430493415,0.646336504642818
"614",0.89395139337521,0.896059001923684,1.03633228280389,0.780264269676143,0.69680881721474
"615",0.975998093287342,0.872903721166206,0.686218913834303,0.894477130225211,0.742496612798679
"616",0.96409521893351,0.986256364259725,0.829967387011111,0.743675226895898,NA
"617",0.964478389713339,0.987015240577106,0.909389662105172,0.851912081222195,0.705351351921917
"618",0.961169035724073,1.00435375959446,0.753576554164955,0.94098904351356,0.622460691482348
"619",0.980651549467359,0.830120331828568,0.86110665685554,0.699748760075873,0.794669326672051
"620",0.93861636583266,0.921154587144463,0.763745209015121,0.886277084996192,0.644655715417474
"621",0.857493329073274,0.971207147839826,0.683680949520033,0.95141817052502,NA
"622",0.852673110904896,0.914529248499032,0.759171638752738,0.993004342254157,0.930283079544141
"623",0.826800807096649,0.958929687380009,0.91697444535765,0.765050706010871,0.745665478979702
"624",0.915842689084304,0.962521670846124,0.745321412464918,0.912528167289288,0.487126979681331
"625",0.972832090877498,0.992135463474,0.920153426076331,1.03692951429003,0.789569308087425
"626",0.983155949315162,0.897400767764979,0.996738852248941,0.790834321173968,0.874878415510864
"627",0.988513142347743,0.887386076035334,0.895258970484372,NA,NA
"628",0.975389261629042,0.794326555564247,0.615885670621891,0.768860620891618,0.744704158839914
"629",0.894245329057065,0.933916887714201,0.914399621550815,NA,NA
"630",0.931159441943975,0.980851884767831,0.756751492047891,0.85454236531207,0.573799227691883
"631",0.974170594046718,0.896243802508664,0.893192135658108,0.792100352920572,0.709841066873727
"632",0.949811953044141,0.967509234651323,0.879812933756337,0.889394897860485,0.801196991379915
"633",0.859180129523906,0.950769736762844,0.839421736439035,0.649464636305298,0.700200472165672
"634",0.865615297616284,0.969783228664139,0.758688349161672,0.912988350575411,0.87011488090324
"635",0.958625689385608,0.973192417790437,0.81221175268724,1.02094908558899,0.711949219333722
"636",0.862812844076538,0.973962834530972,0.953811571674945,1.00592837096266,0.91919118166535
"637",0.943643538298842,0.951876742697128,0.96825428148478,0.814714999921621,0.784334556830701
"638",0.853598282545515,0.998900027108385,1.01361874555753,0.921434161105222,0.801430948996474
"639",0.909234526958425,0.852649982341064,1.02003303143173,1.0197114993165,0.669626449792697
"640",0.781449087683814,0.882819297373366,0.764454009680794,0.868136127908865,0.627901727213181
"641",0.874795896919046,0.967191854011842,0.908508582762858,0.975617871448537,NA
"642",0.916902632979369,0.985474851078273,0.769121297446328,0.919472463778276,NA
"643",0.967345068503665,0.994720989620995,0.937380753890639,0.72233010707964,0.640925783379589
"644",0.857134649087905,0.927117779336337,0.882767849652905,0.607773937522137,NA
"645",0.980202635523671,0.907227637242631,0.885224790521321,0.963642975816104,0.717957156015636
"646",0.975387827454169,0.961469417851727,0.860157881654154,0.836871771374658,0.544029482159368
"647",0.903553355245775,0.99474757757501,0.99139410252942,1.00243768955271,0.699460288035153
"648",0.990501618638152,0.983742735744002,0.822822575878617,1.01988017391605,NA
"649",0.748995350610556,0.99409523378902,0.949617376239766,1.00218130739925,0.607721589650534
"650",0.974218850922225,1.00176480443332,0.568882703330975,0.847797332909726,NA
"651",0.941366907973514,0.919935951306875,1.01975925568473,0.919011491000063,0.91860463390942
"652",0.918832720419975,0.993094849024794,0.839726353002389,0.823375090460424,0.496228961364128
"653",0.782834348388414,0.965191455098316,0.789376365735908,0.758793963945255,0.894607058497981
"654",0.80958935423268,0.981101023058142,0.890782960079273,0.789962304787578,0.491152989069679
"655",0.937834664370327,0.987244240804484,0.925064056072633,0.669809195416657,0.67511179050014
"656",0.962629688175548,0.867609809915606,0.774510177338449,0.757847976743889,0.692296575250934
"657",0.719635093369839,0.989915350184336,0.839417273438311,1.00584962968398,0.674073180280616
"658",0.73777843336882,0.962118047264127,0.750387472834075,0.94966075738158,0.88244704218912
"659",0.9616055757725,0.965614755921897,0.821361464237558,0.865556364206409,0.844657301561845
"660",0.788275519867479,0.830578070605237,0.721261955282227,0.991454986170273,NA
"661",0.891872094221949,0.954101630690441,0.873338855019369,0.86369736860708,0.757832035491776
"662",0.896569093190693,0.962661969116265,0.887471681185167,0.885290097681786,0.715802649890369
"663",0.963481947430591,0.980138650903598,0.781633643199463,0.565842878650134,NA
"664",0.9162981075304,0.991452242697794,0.926048169679245,1.02288652923039,0.609252279923459
"665",0.965284637245369,0.880694334354447,0.962072004471421,0.693749126421026,0.813180962341408
"666",0.962502593627494,0.966130833657162,0.859718838450779,0.884735329571394,0.815628873197884
"667",0.754099707382595,0.749738785275468,0.721200589034703,0.776704671036128,0.729557561237046
"668",0.927054394291439,0.958197150884593,0.824999008539265,0.881480256168552,0.659902045785467
"669",0.97048954361462,0.809205656205432,0.93921187886444,1.03279261138923,0.454749445588253
"670",0.992430325421838,0.987702068055588,0.907643801928546,0.697993685081324,0.789387007717266
"671",0.95761558982386,0.994684715458865,0.859440508285452,0.881185178981519,0.715588802269339
"672",0.966205480177781,0.882204018184195,0.807776223764078,1.02625586697399,0.771791196927586
"673",0.958766139913559,0.846514364084425,0.822916084324386,0.895416215727783,0.67987956855714
"674",0.949816483879576,0.896401498737213,0.895550925852,0.71527982408284,0.688504318507526
"675",0.942919532075594,0.962444295543988,0.969693184636616,0.982747644521229,0.777966579486553
"676",0.866303377668799,0.98350414266407,0.843775063384044,0.803976867241766,NA
"677",0.961962613474944,0.859324781363173,0.943259774305962,0.76975529817368,0.686221104552588
"678",0.979411537011299,0.988887583560274,0.755419413905123,0.988126061662222,0.608640993112039
"679",0.976480424853362,0.972618687969571,0.603431487348202,0.999159281067465,0.73678115295669
"680",0.958865592628459,0.980939656423499,0.8689956454254,0.937111538850008,0.695621530000153
"681",NA,NA,NA,NA,NA
"682",0.95972679891759,0.985349480084221,0.864523912293494,0.854018856457364,0.811410143605251
"683",0.860927085199832,0.965557286485789,0.898559360069755,0.63740644122393,NA
"684",0.983365173617453,0.93392358381029,0.640380864087646,0.946335246532082,0.933944914366603
"685",0.947842232425912,0.983271062113982,1.01293654398827,0.806459945908101,0.818484525421981
"686",0.954616987959143,0.960613232855562,0.564763742610025,0.774392983373852,0.548913048378202
"687",0.927641534243506,0.979620701938218,0.98839233456908,0.738383287296191,NA
"688",0.945075519218444,0.980328323205278,0.818244319197601,0.753416665859524,0.622432547186474
"689",0.893480485645642,0.97063352031204,0.799630477596951,0.913242005902968,0.81271724092201
"690",0.901022647411036,0.870582655937865,0.911769719048311,0.789020317993641,0.611025829858201
"691",0.922173474484836,0.89956869069391,0.648244824170087,0.868969330932118,0.807707573731957
"692",0.984140797901054,0.934536203097707,0.89211659237473,NA,NA
"693",0.806764279214023,0.819208249135868,0.954213037302969,0.77701104390363,0.829189360771454
"694",0.876991922590662,0.901929511639636,0.807216018873266,1.0241875172019,0.885171990437519
"695",0.952901006834417,0.988002318703825,0.923329402203008,0.857604471334609,0.664016723122439
"696",0.814518027616824,0.92103782487664,0.799017460029269,1.0266115035672,0.755751087069025
"697",0.920874471065804,0.94344836620066,0.982502639156363,0.597958763126066,NA
"698",0.92195836393123,0.886321793337893,0.820417225855829,0.956577275134276,0.679479038030232
"699",0.979693879443528,0.990693862473717,0.832788567049563,NA,NA
"700",0.895748995949111,0.943018425299402,0.972286138615907,0.76332544005615,0.562037162709149
"701",0.962894120485609,0.924035602224602,0.932439571046119,0.766092461812038,0.707704367626757
"702",0.972556608131308,0.920683293112335,0.874053852795448,0.745176005819954,1.00811907236506
"703",0.935321019885332,0.799030219944597,0.744730303108449,0.795674872966623,0.85820423265079
"704",0.972821205510793,0.962962692863139,0.761412233644001,0.947641446727973,0.844708019154153
"705",0.95881102637512,0.962540774330585,0.85686659623715,0.923157050897817,0.706697898633124
"706",0.942250908753756,0.991340816573387,0.855697654740999,0.795551791373162,0.556622555951933
"707",0.884830907590189,0.823079505766725,0.848119937893121,0.876483409441471,0.564619062274097
"708",0.986567322427476,0.880468998890239,1.02260509209554,0.91050814484186,0.813456202438518
"709",0.966379377766252,0.911646483351079,0.838802650393577,0.952347287483503,0.497273769549502
"710",0.867904171836511,0.964686933912977,0.770296800962256,0.930718902542957,0.655515627486368
"711",0.975675842270792,0.984967157910774,0.887645058533324,0.66091631587994,0.473238789549702
"712",0.955384859380294,0.846464644828926,0.898248157354335,0.902685633434493,0.854331472488618
"713",0.97779013811414,0.966444840079279,0.966510016799671,0.831580435437786,0.920865865467476
"714",0.884364596008248,0.911340307787376,0.835829131002388,0.747993743028434,0.64115282517811
"715",0.97200262890559,0.832832872400419,0.973679570424704,0.807255706913823,0.763172972741847
"716",0.971020854563395,0.933071441435518,0.96823190412177,0.698085330288306,0.557132539592825
"717",0.867202518679529,0.969304133405307,1.03824991293753,0.850032605877589,1.03332607606823
"718",0.838639779508157,0.985208008003699,0.907715990315854,0.935760134953693,0.75458576541298
"719",0.948963692532752,0.754264794631882,0.89860372571706,0.815538308593475,0.860241655383348
"720",0.968634699388692,0.835463718690725,0.722350009582545,0.676556020047448,0.493706340433625
"721",0.649822246169239,0.873290633705537,0.746657097608873,0.880969316329394,0.678736652507572
"722",0.929671015880295,0.979937036007147,0.975956226980472,0.91565294276054,NA
"723",0.942638778665078,0.997335144109487,0.814190814746876,0.82107792138869,0.6913765085673
"724",0.976921595894135,0.987497942453863,0.656524352000434,0.803801443129427,0.897435550532247
"725",0.951534431345204,0.884447232697013,0.876814974639768,0.78464002033349,NA
"726",0.944432555221486,0.99717919653097,0.829604878845375,0.876605506901422,0.751859154535414
"727",0.921085624885542,0.922266479144629,0.783853816855585,0.800164947899453,NA
"728",0.960294480349932,0.867973299058924,1.0275434571804,0.872548808485548,0.77288309644792
"729",0.840698538226243,0.967820645250879,0.846232734578105,0.937190494519435,0.770779403258344
"730",0.802283198047203,0.931523206240518,0.932178225225459,0.76570056117579,0.784077074946106
"731",0.852454480967513,0.892726964927901,0.996885084287913,1.04242490165156,0.618615051850731
"732",0.940727497481606,0.960418246650331,0.984375005532175,0.95642072077414,NA
"733",0.811159347571924,0.978371649535016,0.741774142877956,0.627292709412572,0.916321726670961
"734",0.947929671838333,0.97657137538609,0.834952572745064,0.878710349415028,NA
"735",0.977286455744756,0.88121212610873,0.833266950989995,0.657238355282444,0.744614456548661
"736",0.940421370326853,0.973301512492538,0.747727606693135,0.68390154227886,0.749135758316923
"737",0.945335328223012,0.939301329041734,0.684754898662271,0.952382336058966,0.929536779685068
"738",0.944258525738486,0.976592076204633,0.83784682536657,0.78517433634043,0.749384112593604
"739",0.859954697602371,0.908139957725742,0.778744543839832,0.864175821488932,0.855239537434953
"740",0.969827757152446,0.856666637808881,0.880724815231176,0.63682093179084,0.885769273959157
"741",0.932656287458913,0.998015349235334,0.838016023196161,0.90341178678458,0.654600894405173
"742",0.943355713249366,0.964005792939193,0.916375225216168,0.929058486051452,0.795409868967766
"743",0.947293205532666,0.975984971167797,0.84531249475877,0.894367275908468,0.605518955931158
"744",0.967719009043207,0.862441039860246,0.951649286598861,0.748853895892807,NA
"745",0.965014333705859,0.900905490128325,0.806491929920348,0.928576259231423,0.713447220933604
"746",0.953714613750138,0.975084674026906,0.854860849810077,0.781209000688514,0.882632500252873
"747",0.840000395826601,0.976362039038569,0.689195031094574,0.798743152364366,NA
"748",0.960139225455671,0.789570238283438,0.882684381467443,0.807590255047169,0.849788599656884
"749",0.829296472254698,0.959520927580531,0.86111482748939,0.954254451450059,0.764969439002328
"750",0.84976965941203,0.962097946891228,0.971379030713926,1.02543319861892,0.737410002450047
"751",0.960869971789615,0.875165823868833,0.669771580263,0.702272737653663,0.921878669767604
"752",0.978692584437126,0.843704871187192,0.8482011157143,0.993515440187888,0.850702910678129
"753",0.9623717453552,0.991523327376628,0.905852932766867,0.884098721558371,0.848143947051344
"754",0.939733923229592,0.932022543268458,0.805664183632596,0.888024568173479,0.666138276678449
"755",0.940787798545596,0.998986019247361,0.837733938838337,1.02427375285713,0.961889019083662
"756",0.970615447288799,0.797647691952546,0.748132442135412,0.910856705290616,0.821699341252453
"757",0.965996085250642,0.985808245991403,0.892529131392883,0.953236750273207,0.865358713457173
"758",0.894077388007755,0.978101016936334,0.811735961558066,NA,NA
"759",0.963583907475383,0.922718257078113,0.819081213609971,0.934478067172004,0.584128115689411
"760",0.956117832859317,0.97199707193272,0.793691158484393,0.979833459165889,0.734013639907276
"761",0.930599197435582,0.720363078245312,0.926240183920628,0.746383186033883,NA
"762",0.916576768196191,0.845240982244073,0.744778858343979,1.0101954889027,0.761982206606073
"763",0.968332773758218,0.979975795037796,0.917012437918309,1.03357998440605,0.664239554053665
"764",0.944922668529167,0.995162811743895,1.02531717841455,0.753745695347337,0.746666351203757
"765",0.909320488214508,0.893952215257339,0.820024841777444,0.929632829405166,0.536531251258408
"766",0.938688911399121,0.913984084738908,0.84220554512539,0.943072876753687,0.759879446742716
"767",0.965025586739899,0.843235716630341,0.866198279576472,0.802494742389482,0.666447763540514
"768",0.98255500411301,0.902363113660543,0.751658501123915,0.853574521798971,NA
"769",0.944229686433086,0.914306343972511,0.777144306888531,1.04353180992855,1.02415382982593
"770",0.835122902416895,0.981890588296098,0.921478300193427,0.84199514161587,0.838575795901303
"771",0.962699617765836,0.854470914005453,0.759279907156878,0.8020780656702,0.678318458167413
"772",0.938905580022077,0.847872972069659,0.806874562672477,1.0234983528243,0.770589970005825
"773",0.966291333576752,0.960053346075255,1.03514675902408,0.828176010837731,0.499392025194565
"774",0.955192590910751,0.786555294062733,0.852322669048709,1.00006053035142,0.73112716348783
"775",0.972647405410086,0.984229953988506,0.982248816627725,0.63855502060806,0.635438878957057
"776",0.82963828655452,0.95802293748937,0.949538493150216,0.743400373618985,0.749361255637956
"777",0.947238045485622,0.960800222982726,0.817935035611913,0.959988590353478,0.554481768346709
"778",0.961576272205102,0.968096737302412,0.878946090340307,0.805956263480914,0.83358536562967
"779",0.980482974482683,0.988324937374555,1.02605676412169,0.849887145441615,0.788319890848353
"780",0.959662341607739,0.989242533627657,1.02148512016864,0.831438651584106,0.946938582338296
"781",0.926629379822409,0.98641355514739,0.862971758302424,0.603674611422792,NA
"782",0.903478728837659,0.913556577311191,0.845037986267346,NA,NA
"783",0.835887135028601,0.767446596021202,0.892525712565071,0.865034205935653,0.540126732344062
"784",0.962458304835105,0.909635926660755,1.04252146855173,0.870394741500698,0.719102425785181
"785",0.933819970962638,0.884929453049545,0.843137781530057,1.01030028404515,0.718008520884678
"786",0.923114545518571,0.9056516918291,0.676147392166425,0.839372486040508,0.673126931119502
"787",0.964227101844813,0.938373639882823,0.904823173751142,0.883049774100245,0.891140305268538
"788",NA,NA,NA,NA,NA
"789",0.94663354092191,0.923769686347913,0.972961690689566,1.00567255721838,0.716300248763524
"790",0.918383292470808,0.693228905182732,0.824441973356195,0.825033347613347,0.715863311990233
"791",0.864134367131851,0.974989773323886,0.964926043027886,0.848990055474049,0.655635698262769
"792",0.987313100003491,0.991698392601761,0.895583444914053,0.966139800810966,1.00133267475342
"793",0.953506108503647,0.958540589339759,0.766937310626695,0.882007048924128,0.960413068149314
"794",0.953159797540892,0.858683122090029,0.86734428506333,0.897696036580197,0.887136183237052
"795",0.776569463588569,0.958951254685046,1.01203812163109,0.915957506601639,0.754063898036277
"796",0.950616244853127,0.985380919634158,0.706946361322287,0.831915759421812,0.6899925975392
"797",0.894853088156514,0.955865267787952,0.910175116749406,0.848998917229774,0.623794183074666
"798",0.892225307561742,0.966281752731134,0.775554173740292,0.838220658407782,0.690330016632364
"799",0.970187351916316,0.969363810776285,0.807629134442556,0.904594128848344,0.795837921064235
"800",0.970684602701033,0.867326976604623,0.721280299537717,1.03864536917695,0.876375977676041
"801",0.982942362804637,0.967413512334285,0.813312293446805,1.00858055584911,0.532122693014966
"802",0.981753818047376,0.988927375948549,0.769877050999956,1.01041777804715,NA
"803",0.854474839098682,0.962235708886293,0.829346518008793,0.913769178861291,0.757125713891114
"804",0.972676709706068,0.86385692452086,0.902869933514381,0.811257375679298,0.758752369569632
"805",0.663178052508393,0.777278921824252,0.744128724196915,0.605853725987394,0.982283407206373
"806",0.965988117641935,0.935947352705276,1.01417790264689,0.985430074831712,0.780004796443997
"807",0.96391377257958,0.958931452157171,0.909895552891657,1.0308001799814,0.734387735942649
"808",0.967978766202081,0.998115058474417,0.823602169178191,0.695223066334659,NA
"809",0.944613742550766,0.987695987641869,0.862625948921186,0.845281004796961,0.821846330983564
"810",0.900707234527991,0.977894942215397,0.944202552881699,1.02646574253649,0.83381637021818
"811",0.732566404420076,0.867845948625269,0.830968181118596,0.8905417712718,NA
"812",0.982439854590237,0.971836682060774,0.717532568238213,0.893248942523406,0.749906799292781
"813",0.941442745782082,0.900090465618915,0.863992988869009,0.943077438561151,0.654161057290274
"814",0.96736772642203,0.883915263907842,0.996403722432216,1.00638227494237,NA
"815",0.95959919572489,0.925911657079121,0.727145653657743,0.936202153197284,0.869777335611677
"816",0.934589457692338,0.90641610344258,0.870432370353043,NA,NA
"817",0.979646800078353,0.918625408822555,0.89008673984008,0.71578060039049,0.61681610143262
"818",0.765062145423287,0.986520200746512,0.777102812021136,0.934410474493861,0.781033079909592
"819",0.898098227859857,0.991563910673304,0.673879009981694,0.893831741516979,NA
"820",0.735411166355425,0.878302573391314,0.817722910924158,0.882045377502115,0.656249968919575
"821",0.94582749338281,0.927019872528489,0.913452910327823,0.900137555997627,0.772134649228526
"822",0.93903371342517,0.931453425854194,1.03572929489107,0.934896907180948,0.848917472977771
"823",NA,NA,NA,NA,NA
"824",0.94583635395241,0.930949996094893,0.733006422489972,0.737651628139621,0.870126708917055
"825",0.971439948641227,0.701081533899188,0.919810100197134,1.00599021875224,0.786294209858816
"826",0.952551534456181,0.95378750125708,0.880756956751709,NA,NA
"827",0.943371917799139,0.979615289283869,0.901993740528124,0.96564370958364,0.659399255352187
"828",0.978861198343113,0.976228582594928,0.932956226977305,1.00599202804431,NA
"829",0.852797030146106,0.979141332526472,0.825874392909707,0.973359068569723,0.647715525386633
"830",0.882839047443685,0.983881949458608,0.973713854033424,NA,NA
"831",0.924277873547906,0.909497362533431,0.892605301071172,1.01258485776366,NA
"832",0.851927186165444,0.941329719427547,0.789178290437575,0.861724385300276,0.744631810697073
"833",0.972260885881756,0.852621441279218,0.898919728870896,0.719860799280264,0.732413719783039
"834",0.900503811858136,0.974005263281704,0.979214106170367,0.995868436882305,0.734159243695958
"835",0.975828162791147,0.967932297342379,0.722969110612631,0.879814099675809,0.665754910982695
"836",0.953253121210513,0.939176641047947,0.823356284192207,0.823017519072205,0.585915404359642
"837",0.966424042097505,0.920203780861606,0.845010040822421,0.824708495249442,NA
"838",0.908258607097359,0.832852372657059,0.931423259169165,0.9378768752297,0.842263908632921
"839",0.982121171402035,0.968244473995784,0.924971088457932,1.01182636586618,0.836899683652403
"840",0.925179977875112,0.926079874768768,0.766123693361799,0.497045376831875,0.66513334253258
"841",0.971114003606072,0.873397012212878,0.914339152573007,1.02178187375303,0.694777785854599
"842",0.869228598555947,0.928709826746999,0.597716572230882,0.961659951301203,0.703315424535927
"843",0.964012112738984,0.896381272473963,1.0276267958819,0.606423663353788,0.865200449905686
"844",0.973306835668859,0.989293636306424,0.961918193924682,0.854111226820524,0.659926048047329
"845",0.889087606674365,0.986340841417982,0.730761752468432,1.04302525616837,0.947333966672028
"846",0.97763544426434,0.868223765330654,0.79411739467887,NA,NA
"847",0.837788883314277,0.972108117551356,0.76755763896937,1.00064157092987,0.738031249744553
"848",0.974353112452677,0.998214587540599,0.929497471385746,1.0136009929358,0.722207342343744
"849",0.971375950398179,0.866783457620116,0.96439991903053,0.73517405565482,0.83314142270235
"850",0.950996223931742,0.8329788326173,0.844437039163813,0.909558495011164,0.828271734246829
"851",0.896201747993112,0.91899908941576,0.979887021073712,0.821531426684398,NA
"852",0.944751427149116,0.840814257523719,0.941145282663162,0.915493327826833,0.824028278398912
"853",0.782858473746612,0.971721799674255,0.799048766985573,1.02681862150649,NA
"854",0.93957342129647,0.985765478043623,0.907556988698479,0.939323214548222,0.633432468919608
"855",0.93666224790333,0.974139206931119,0.719613211330343,0.803819887988635,NA
"856",0.967218238015628,0.866484725358894,0.772235928211821,NA,NA
"857",0.920989916072961,0.900138199002376,0.760806422941242,0.839102671837693,0.827179969748873
"858",0.94566672495052,0.899934417305687,0.648888567560352,0.781458507498928,0.816584706161945
"859",0.978028729691759,0.992124455574532,0.668547966183284,1.02755110144152,1.01485558470261
"860",0.965280280434414,0.970365514217899,0.862751477360315,0.626113639139614,0.745257412465346
"861",0.913995784627826,0.906368297958495,0.904511369299256,0.870159688113209,0.734486906768993
"862",0.98968119661917,0.98642748084483,0.785034983128799,0.758270679238644,0.822701866003333
"863",0.833659789700935,0.969988946313599,0.903432609628615,0.811477743379562,0.502877072928246
"864",0.950975582374269,0.985592474485666,0.74869195596253,0.893321246882916,0.552770885490151
"865",0.949882696165488,0.973776541165207,0.983114681438785,0.733763837592044,0.975319451545354
"866",0.880728918367349,0.976877526373148,0.856314894174999,0.766577507240299,0.750438406419678
"867",0.946964747286751,0.97209432807751,0.960599093932249,0.93029004147708,0.715909423221421
"868",0.954690072361687,0.990222926817159,0.960875751672465,0.782562236149324,0.960525235453201
"869",0.975026239404607,0.96101039983292,0.843989642475291,0.725784605508482,0.717745286308118
"870",0.849204363172259,0.916336868169879,0.714562627929517,0.87457667009889,0.754899735749577
"871",0.899874955483528,0.907224530797384,1.01070490078712,0.83491804645204,0.795187890847243
"872",0.873366903577225,0.958036140323213,0.836773589793538,0.80326590270356,0.540376210101586
"873",0.965098752782914,0.954609622368929,0.761389810840312,0.81235838298385,0.787943485472476
"874",0.983692046811747,0.920473498106534,0.625903334709396,NA,NA
"875",0.926692035762318,0.842566185068729,0.792475797581749,0.858902183487064,0.81559155225191
"876",0.95711443426401,0.971063771010402,1.02271633611282,0.868075389723343,0.549223628299973
"877",0.971067410993237,0.992745918178877,0.87001247221555,0.899990293963951,0.646345766494539
"878",0.953000725235113,0.86673417993643,0.780562836310454,0.943170724507528,0.999809589329619
"879",0.928168891172316,0.905980719226961,0.76619055067841,0.883905131066051,NA
"880",0.827099142452118,0.874879849257099,0.726931206115242,1.01598034419223,0.643649852506972
"881",0.965545289929471,0.893782885804835,0.877494793437443,0.942366156521015,0.76212496774231
"882",0.873711553010528,0.975496561254757,0.746554497050964,0.674986242822305,0.745504473172745
"883",0.961162950841315,0.974386443989443,0.956839714913563,0.859412608792918,0.635102986686633
"884",0.903667564664356,0.991931538193917,0.794765040561087,0.966596794971944,NA
"885",0.966915027864332,0.836309380825002,0.907094540641069,1.02714846771197,0.677686112192185
"886",0.957961190349223,0.974070067203329,0.849595309550037,0.626090846725131,0.68670061150928
"887",0.980244567476853,0.883840753560075,0.887983982568669,NA,NA
"888",0.79989572139788,0.912545745052708,0.768308068282047,0.980682197750882,0.891648266438302
"889",0.984183545477475,0.995515481194235,0.587263352662497,0.909284165653528,NA
"890",0.936479940542231,0.853919586392295,0.695402304681637,1.00123355254591,0.866631800569879
"891",0.938049887453551,0.923922629559581,0.848353912934439,0.828804586553201,0.549814742146336
"892",0.935053661706943,0.865324062093945,0.854146574338999,0.67792580510942,0.719946306197416
"893",0.974617352045404,0.772184830588834,0.777654905687079,0.743201489162916,0.789917224881541
"894",0.974066558588876,0.909897540900589,0.942530739920221,0.85306189246976,0.622233084539564
"895",0.900757181939213,0.967767704708116,1.03228437360372,0.762041136198994,0.700260896537128
"896",0.968837024320393,0.988772577725751,0.670410035419978,0.937673701927893,0.514644825465714
"897",0.971623501562397,0.845641285987998,0.779633003983808,0.831452962459532,0.679842024654264
"898",0.829156497897725,0.981096488252189,0.889520284890146,0.81764030285693,0.613623104953274
"899",0.797223405378488,0.975100745679936,0.768271059085585,0.759778301459735,0.685884799184716
"900",0.979852618938546,0.978173108606433,0.766623424822366,1.02956179840058,0.757751054789035
"901",0.965838259805504,0.867223529916752,0.943466825842263,0.615547901893568,0.788791950692494
"902",0.958152793084243,0.969236739609914,0.870188449829509,0.966438866757161,0.712175313166238
"903",0.927114628342901,0.983207547258828,0.920094926268927,0.906733892649736,NA
"904",0.973142004071883,0.99355476904945,0.794406126106192,0.792351865749256,0.679426118477166
"905",0.966476792853953,0.857417586767893,0.919430156199236,0.759605714744733,0.811663720597758
"906",0.941451794887561,0.962909098792968,0.927100639700063,0.730449762731111,0.634864851211502
"907",0.961288942651244,0.97095824458595,0.72060966027428,0.735999652046368,0.706181348920031
"908",0.962667318139399,0.894120704051032,0.738737746746147,0.853637188591978,0.932082171262377
"909",0.944974653922932,0.920829828030274,0.934594386383625,0.926293951525655,0.939951978517366
"910",0.899232401728393,1.00339955454466,0.768606419762909,0.96209073577017,0.709330249183982
"911",0.965510664834825,1.00095288734434,0.596190267893285,0.90869784327755,0.5525271556212
"912",0.951350948385157,0.973816126997181,0.904270029274307,0.851857254560244,0.650722309647421
"913",0.900140277344019,0.985681440493306,0.861794455487435,0.859028036460991,0.504585231632924
"914",0.972298533809152,0.973135595519207,1.03139882555405,0.756260013627238,0.885577827242248
"915",0.963276263602889,0.865470366321293,0.936912725084811,0.95790688284936,0.597955821474362
"916",0.838038607375794,0.970722631594447,0.7947711405143,0.872872246612229,0.546814749520342
"917",0.9218240337243,0.989799631120915,0.747177903098671,0.950252705529355,0.937080924334025
"918",0.940683835818115,0.973362589948981,0.835544091953506,0.705452585191325,0.918008580839778
"919",0.981189913432994,0.90203673818458,0.916007061519213,0.811696988602976,0.909094029137866
"920",0.949769910465156,0.978317211621915,0.794049656305451,0.825532381767279,0.58126554580497
"921",0.979219862895631,0.970504014640535,0.629581377781165,0.587896275753155,0.591860817973385
"922",0.67152959195662,0.978833190833736,0.805748350290854,0.795741337085066,0.682655938085029
"923",0.947718904103105,0.986628092715122,0.659594197733436,0.924229096988599,0.790469346000489
"924",0.972538218291815,0.861191759059213,0.868055572161786,0.660644769365269,0.547545258541478
"925",0.747268992931375,0.807073948919817,0.670406154134045,0.696352951010512,0.693420334752943
"926",0.869282249911881,0.950053475701829,0.868464023916526,NA,NA
"927",0.955337565769922,0.967615670083182,0.760160204063813,1.02997815293366,0.733738474302447
"928",0.975017568217802,0.871690976839264,0.793796667056222,1.00773047919392,0.820619470447153
"929",0.927641834983185,0.817923083615576,0.725340440565616,0.866904118823826,0.763972847477092
"930",0.96128835180671,0.975905487581362,0.82891088833197,1.02039405147782,0.91616870233623
"931",0.989413500613234,0.850977906261119,0.996380826799966,0.729436352279007,0.539239989649786
"932",0.891256738340887,0.979310656654808,0.763818844680664,0.75456532135425,0.847631593411155
"933",0.912227241527199,0.970356468802998,0.829882642960882,0.779516101809636,0.562244863323968
"934",0.980666935159164,0.798517836187134,0.835773089881648,0.771914430867622,NA
"935",0.78822077846987,0.98309477557348,0.749729520937214,0.865704066467117,0.800671140372977
"936",0.971275059042588,0.820394204702972,0.744853510621656,0.728403017107672,0.697058202156572
"937",0.942902664936631,0.842699296988933,0.630359289281309,0.923272799192757,0.78330591465756
"938",0.948879879265107,0.985389692607937,0.909270219192483,0.824027482896818,0.947451475206485
"939",0.948833287871145,0.919072641032543,0.978666437365653,0.74137592336634,NA
"940",0.941684938733486,0.965311047415945,0.908770257159456,1.03712679877577,0.800370936752651
"941",0.964423500452198,0.968702688871014,0.819055010198086,0.880108660094347,0.611719116724553
"942",0.983561802707131,0.826969679286069,0.64538535895288,0.839645340391364,0.752331374053185
"943",0.874073256221903,0.989673798355509,0.82209554244808,0.720792265397854,NA
"944",0.956272950731472,0.980333515545259,0.85972585815743,0.966344120693892,0.804006191739557
"945",0.938953390262314,0.950208706087183,0.784873217986571,0.933460535869814,0.593033741065134
"946",0.969200046606646,0.885715529064744,1.00923513567327,0.766090853632933,0.585096628401245
"947",0.911632030801246,0.957881838833016,0.713117257239689,0.900883946657895,0.826702248217836
"948",0.976351369693046,0.787174303022399,0.689439379659369,0.892260365742239,NA
"949",0.923126302256255,0.963396598297397,0.895993026933389,0.819363593702021,0.730540258621029
"950",0.965650107591055,0.883672368165733,0.898024390697574,0.89957828763048,NA
"951",0.861251968959305,0.826515596081918,0.837562510617538,0.953850113840656,0.68891645176247
"952",0.975189302684991,0.860933844894967,0.762200247359948,0.975040816723122,0.686590948771437
"953",0.942658219017346,0.892105423690655,0.917137351053871,0.877174388565094,0.703031273234388
"954",0.985666335054959,0.915410815993125,0.820318845430793,0.707580694351655,0.494787097028951
"955",0.976140299374832,0.917718653296212,1.01884956508024,0.872545582704137,1.02296745110459
"956",0.908441182673378,0.757936557434448,1.03768111380032,0.908689296728192,0.689977380955802
"957",0.8892609268917,0.977071558451727,0.910226845890332,0.690870944313138,0.644708853143302
"958",0.898099344540372,0.985633010235253,1.02791557718585,0.734751031856141,0.672947824724218
"959",0.883490387058849,0.964433098113798,0.763829720597662,0.966796829500274,NA
"960",0.871469017745136,0.824305538770935,0.760120562848599,0.7775105365293,0.99674008785093
"961",0.972547401769512,1.00148611083319,0.861506372676659,0.844809917118814,NA
"962",0.913805230801565,0.920837441822359,0.876109427856029,0.822204722851639,0.731555466061649
"963",0.854699790942021,0.991466575470101,0.929539140595263,0.74588017080015,0.604162228154497
"964",0.932076481339157,0.916529929793661,0.900254055860455,0.815711086212574,0.708984405351625
"965",0.716510012601688,0.898098667151003,0.661574628443292,0.78997563359861,0.847528197158988
"966",0.972918514726496,0.895416998718147,0.882691687670909,0.948016757251296,0.708986023710109
"967",0.859150027092866,0.983007637134145,1.03414287692131,0.805729446594991,0.833708545820055
"968",0.911876781678493,0.985799345670169,0.896972293056181,0.894715170751563,0.665927429988166
"969",0.958729315362958,1.00146253059411,0.903078135598716,0.881015678412208,NA
"970",0.972758785765645,0.783994088381493,0.75503465042239,0.838223646838858,0.706168379973764
"971",0.944495648545097,0.986739014689204,0.897922824233749,1.02879522223267,0.64230225189862
"972",0.980573969945681,0.961435189747565,0.913816357859365,1.00791070039616,0.710653961813943
"973",0.913400076884951,0.891767597075576,0.795313820089672,0.967246254560598,0.766960885690563
"974",0.876025904202605,0.854529964087192,0.833876899121757,0.729059631544779,0.734491597765475
"975",0.945144716095861,0.962058521888765,0.69263172806707,0.9319502075011,0.653252513240623
"976",0.970343786992678,0.834034701793358,0.944009893935041,0.682763110241659,0.515333021367615
"977",0.921309583303412,0.984270486811501,0.88039812747039,0.977672330331092,NA
"978",0.947448355954711,0.938399249503336,1.02175872229093,0.843406358922671,0.673911144292841
"979",0.961184466103973,0.916260129875612,0.802194819569869,0.965340908201203,0.762786615762826
"980",0.97293426633897,0.932552062075097,0.768820850275261,1.02885882128237,0.847227244860631
"981",0.829974088655651,0.833509492318211,0.914956663658707,0.900194214713859,0.934902883126991
"982",0.972668319591496,0.978405198181967,0.924561741431198,0.896232406338389,0.545754033516205
"983",NA,NA,NA,NA,NA
"984",0.96161418782477,0.986475144631113,0.862283964402296,1.02046748597558,0.568456218313345
"985",0.966883719012776,0.974021531063658,0.938032793799378,0.77790098436638,0.995006749594929
"986",0.973875035196683,0.973336753178754,0.826523840526307,0.899842303667295,0.898299276753052
"987",0.895504418762393,0.994268638211657,0.798414138205603,0.750224142270058,NA
"988",0.966225591433254,0.765324389286997,1.00307460825116,0.741125864392527,0.836241291286432
"989",0.944114679404992,0.869828647927452,0.85859081480983,0.938913433174212,0.980688444176418
"990",0.976621823299857,0.940197008893755,0.86242146388902,1.00823802695132,NA
"991",0.97444225109221,0.980685781447601,0.841897935845835,0.825193698066603,0.632985642157944
"992",0.891971180668863,0.979685337633081,0.898009757228721,0.751302235892424,0.666521961492145
"993",0.965426079425655,0.973298308082346,0.770677242534803,0.759340610191844,0.885750747881711
"994",0.957718006623388,0.92974654904597,0.756928361644732,0.868906942685266,0.813598748403358
"995",0.798551574683041,0.97993053673528,0.920731089575614,0.940431670959431,0.734281205799007
"996",0.974482702926067,0.987984748954202,0.897902896605654,0.754925027195266,0.80080101689146
"997",0.933863793886511,0.994946725408717,0.790804050299939,NA,NA
"998",0.897400263567934,0.934386371876738,0.854537706694187,0.801379132826439,0.874116144297445
"999",0.905295865129585,0.966618754535839,0.919209030142965,0.804765572737607,0.616697384403977
"1000",0.901092194760883,0.976267094868693,0.786249420869667,0.968495486470972,NA
"1001",0.960858358503224,0.897019312117226,0.679800501258536,0.849516709974317,0.750056223284367
"1002",0.965140393201389,0.989340981860672,0.737238970200271,0.831899336674732,0.791293204623875
"1003",0.914762674449689,0.974403223885238,0.887426039450315,0.83017965450182,0.804369400055384
"1004",0.951654230129783,0.990245931143415,0.726863292292698,0.670794558467841,0.797995441345751
"1005",0.800883587349694,0.922474837873636,1.00398125880506,0.829556125044029,0.71951312467221
"1006",0.967153336247654,0.977925164984652,0.725877909267116,0.715952961218387,0.626407685126384
"1007",0.970762029629146,0.72883083154157,0.922698030532819,0.795437602342032,0.921182553496881
"1008",0.914333782510754,0.87861634020832,0.841808668666672,0.756106836416623,0.674018669181768
"1009",0.950266315336024,0.88922140256781,0.848147308766807,0.747744094037794,0.645300054686817
"1010",0.97802102023123,0.98758581303216,1.00651931470622,0.871723729903973,0.811989934480253
"1011",0.950376689030732,0.933141053538789,0.798713157478921,0.88656451351487,NA
"1012",0.885884075620598,0.893176470838024,0.947328080291674,0.716334603963505,0.725612824249903
"1013",0.969039367820567,0.993428889377536,0.795409867535393,0.86826031492362,0.912799766497377
"1014",0.835232054802154,0.906951088815821,0.968070093974501,0.775421733263185,0.746233489100974
"1015",0.953751422205296,0.981651218497725,0.876439904083119,0.961894290017367,0.839029744811477
"1016",0.959646154235312,0.87016008246011,0.991802977414073,0.923912789559465,0.810096314995777
"1017",0.947647818724777,0.92657796498178,0.910702375762845,0.925892711695365,0.733001361989581
"1018",0.962716615014048,0.96465958309648,0.926165432234466,1.02119012154012,0.646933375286624
"1019",0.971955776816258,0.985206580502346,1.0248421581359,0.772159851337773,0.881612341841115
"1020",0.972805099149599,0.952474653862772,0.813336574594802,0.895923376688228,0.540447394111069
"1021",0.913959042961882,0.977998995390762,0.818942836584637,NA,NA
"1022",0.967053613484847,0.829932144031054,1.00670608740724,0.74251263781817,0.631595213617628
"1023",0.971947563489289,0.895332773049427,0.884139789287274,0.728386467280487,0.627833117343899
"1024",0.961776150349433,0.959374599551591,0.811132651445586,0.85273187089153,0.638211306591608
"1025",0.965278574130777,0.941291873924448,1.01445359369723,0.927477864407391,0.630602021608325
"1026",0.884376143931321,0.899865200192131,0.992273553727638,0.765743931869829,0.904427352710516
"1027",0.930264384149611,0.943058661782182,0.609734866475712,NA,NA
"1028",0.848670071990212,0.821442657567135,0.853599285364846,0.857922400141117,0.92049969036623
"1029",0.891256239383276,0.955332379582618,1.01532159485666,0.789276900027536,0.764207398299087
"1030",0.954423626005396,0.899453353189854,0.92697594058008,0.840939758761513,1.03107843746961
"1031",0.969043171258372,0.97105876276472,0.883740132602115,0.941802955654012,0.797284196453511
"1032",0.873222765000081,0.929115197940226,0.855357109180061,0.815321800343097,0.887220986730109
"1033",0.974435679808409,0.883650052341698,1.02688263176196,0.726696470505369,0.789485372786862
"1034",0.984510235669072,0.994349757918523,0.949029171627188,0.525703303898683,0.600840465493585
"1035",0.960043916635191,0.975268618653031,0.600158845507631,0.871607624405783,0.743519318027672
"1036",0.846484096359124,0.927813505159442,0.774254563100044,1.00560743423491,0.924482676622589
"1037",0.932071883322843,0.986942746188127,0.86955715102269,1.02840356733131,0.690051199529752
"1038",0.97726561548055,0.980808232226566,0.790781952371428,0.853180974908113,NA
"1039",0.872098852590747,0.76409231925606,0.902433688427724,0.69189616486589,0.660569143014205
"1040",0.947495730738953,0.906279460516927,0.862685783140216,0.956827436638931,1.04128552210786
"1041",0.959586920614683,0.895587044470315,0.691129105268207,1.03124183095574,0.855282382105553
"1042",0.849274050708946,0.915498082229543,0.539282211587576,0.86688922394689,1.02765766118786
"1043",0.955611316712725,0.958569013725502,1.04112338653296,0.962601279652094,0.83877330763406
"1044",0.97991866978964,0.894934589760444,1.01975833392007,0.765734260875671,0.710954839894356
"1045",0.949417828707805,0.721625889960599,0.799411190507975,0.725950342328517,0.832185342416513
"1046",0.979796089824455,0.858648962640706,0.809972829583155,0.79144147838945,0.968554788117265
"1047",0.936268053293369,0.98829469866061,1.02097876407375,0.928082495597673,0.73150794743961
"1048",0.957734823179271,0.934439165298082,0.904287635708373,0.757357841971069,0.647236055923205
"1049",0.968837746776888,0.978304360813619,0.966329383919882,0.861635723466468,0.742382553494509
"1050",0.852242903689504,0.974733124986004,1.02653046790629,0.81838621891949,0.988070695803074
"1051",0.961847885578174,0.981750662125289,1.01426803584829,0.819041343010245,0.55577813113395
"1052",0.948754495688489,0.979604773578523,0.770086098413407,0.953319884309798,0.819785080099656
"1053",0.972984888894862,0.984744985029567,0.875371270014725,0.948681193483491,NA
"1054",0.977119208627414,0.952493598996422,0.629522194594402,0.927296688744795,0.542709337072786
"1055",0.840694903452664,0.974142025172158,0.8459677430982,0.918685138004587,0.722558784766685
"1056",0.96420954574287,0.890641092942991,0.89324984100533,0.766731040343781,0.596520973726633
"1057",0.960932413284776,0.910958403160109,0.969686452367023,0.862031535207195,0.903662923363726
"1058",0.943890884294123,0.985572975832798,0.856804155845459,NA,NA
"1059",0.959852565043505,0.997282002674908,0.886811392877787,0.997986125075488,0.814298044274267
"1060",0.975460906813533,0.89392464036373,0.86655995266549,0.982211574115544,0.767623316264366
"1061",0.871773594241039,0.973348938858273,0.828274766994624,0.880430184017397,0.745310646974541
"1062",0.962344828819427,0.839813110851129,0.751993180891531,0.900545138353241,0.826975617797626
"1063",0.870019615128026,0.972109987178966,0.964788166773044,0.83245142336411,0.809196272720394
"1064",0.962520616132089,0.776708751815689,0.72646163178642,0.964803251390014,0.755006417921554
"1065",0.973668048232623,0.994278059837187,0.815951126006206,0.824076140132584,NA
"1066",0.893729280264346,0.906306152450496,0.921377755388854,0.78743859757049,0.787266134347165
"1067",0.916100278273538,0.918883705798952,0.798676991971707,1.01385300439687,0.765371370710279
"1068",0.747980513348583,0.896951158245154,0.795629375696307,0.966007235709241,0.577770659553121
"1069",0.973565452882435,0.972548511350957,0.978957790550613,0.748678077130798,0.639295337400274
"1070",0.966757184837276,0.968538943295689,0.7296977864005,0.899895258455018,0.766138992255291
"1071",0.973112990339062,0.822072941204472,1.03088028882199,0.761443053230687,0.582082642929597
"1072",0.97535291214179,0.983410893743172,0.908421936090797,1.02281917004251,0.730830843444904
"1073",0.880327912605422,0.974999319993622,0.953050297003203,0.984735807359982,0.991064219043557
"1074",NA,NA,NA,NA,NA
"1075",0.772059410357743,0.97802679859396,0.858162725082071,0.886699893799437,NA
"1076",0.922840104940731,0.992120884544438,0.866696520801466,NA,NA
"1077",0.977288033170041,0.873442960174902,0.937711842588649,0.89690985696423,0.585235167174732
"1078",0.947826878853728,0.901259853140156,0.835645769531982,1.02713572048634,0.587932873326593
"1079",0.963984250338803,0.965871298339994,1.02507138987578,0.763927096112245,0.664364126303581
"1080",0.951787644374474,0.910307097219231,0.821371669335571,0.945736027773698,0.506792951246714
"1081",0.889105068508405,0.97488075526909,0.843157154009917,0.793206256534359,0.484791803836701
"1082",0.845580363227817,0.939245599623929,0.844685060866334,0.822704527967958,0.721467034621879
"1083",0.969914421123169,0.989631437441301,0.818890240251155,0.769462348920848,0.942469412965604
"1084",0.942305962477309,0.905091477018098,0.783936081927286,0.919538394918322,0.815064715419533
"1085",0.959629002826784,0.889236227367483,0.781432372864046,0.905485075043115,0.471999349094579
"1086",0.888761697357781,0.938543918386176,0.893550181707403,0.888218616490197,NA
"1087",0.70283118923315,0.925461448907678,1.02420666765132,0.897675199311698,0.766662509162089
"1088",0.971201802828566,0.964923917233052,0.802959059979941,0.944857146351928,0.76562844982497
"1089",0.964906426994035,0.974789821933882,0.831681826419082,0.876724327296464,0.763608700006213
"1090",0.971098751551221,0.994069075869975,0.814607197995257,0.715637822903603,NA
"1091",0.95175308263743,0.914366966578891,0.692177104106787,0.695454133192104,0.774121544221374
"1092",0.895393736544269,0.966935168550461,0.932668920903849,0.799548127179823,0.736962399770054
"1093",0.853143217131052,0.967746288444981,0.811513379125763,0.762459682148548,0.790634471416997
"1094",0.932477221616755,0.957806415114876,1.01181694917104,0.74963445213374,0.934759993378521
"1095",0.944940531638685,0.874484409341031,0.818425834273848,1.01379372206232,1.02861357658057
"1096",0.976312035031888,0.885262201436253,0.969918856038308,0.78570091700795,0.767156275655685
"1097",0.896965392761481,0.965487688731422,0.726366269135549,1.0376441865219,0.850858003275884
"1098",0.934232995039499,0.984001836018347,0.900878276322369,0.881979241647376,0.680794901465672
"1099",0.866679949481429,0.887810069309147,0.829056909372549,0.695738992773209,NA
"1100",0.968832407362334,0.974259944689082,0.810672248319418,0.881998295111843,0.821167091890731
"1101",0.823754751838141,0.886959335381427,0.716601208999552,0.568820590781521,0.850998029544696
"1102",0.946390032961225,0.729542839778405,0.897557389016607,0.842043574254846,0.749014435413396
"1103",0.963688973632226,0.979227969292825,0.896503220642708,0.922496358936013,0.686133352370034
"1104",0.952849463812633,0.97634329763403,0.867992335275458,0.850608772969571,0.960138662892321
"1105",0.94639278041581,0.892320034577712,0.730656074736448,0.828929040026698,NA
"1106",0.957899226632384,0.954172267314096,0.778656593014621,0.68404471526199,0.794583377522019
"1107",0.853285131997164,0.879906753496949,0.633587745686439,0.958018191387439,1.02964697039646
"1108",0.970652885815625,0.725705438626161,1.04302335594012,0.843723031700421,0.779047724246663
"1109",0.905169477350635,0.998011899700118,0.98054089228351,1.0065561217855,0.460609960938348
"1110",0.968149934978015,0.80763237293809,0.824340708265923,0.920812909157337,0.641287800706544
"1111",0.986671796666585,0.922701148570646,0.802873223064878,0.760302956340708,NA
"1112",0.899302683601525,1.00282551809526,0.663716167154286,0.975351849097687,0.769357762184606
"1113",0.99070293528641,0.695244536971202,0.995715501377311,0.810807505598913,0.774350876044124
"1114",0.969471070902851,0.944732923682527,0.924283462507167,NA,NA
"1115",0.98574336547186,0.856794501925571,0.791880807120013,0.958571075082628,NA
"1116",0.969454771418339,0.992813012435415,0.863143045701507,0.761168504967106,0.593930105618538
"1117",0.967414533550846,0.887188578531211,0.90895854958139,0.684333273270522,0.829803958494462
"1118",0.733933430488736,0.971041020436706,0.710086840787068,0.755253239057982,0.666708407860789
"1119",0.877742822815285,0.973486527771185,0.785754252460639,0.834459096832744,NA
"1120",0.970471969627109,0.91613529491475,0.824726505310792,0.944941373635276,1.08072806612747
"1121",0.847943594503351,0.984085348226525,0.962234581102748,0.820307339671968,0.694025479138995
"1122",0.966128594177048,0.924828556875742,0.779852611945097,0.818396220015083,0.736070911377417
"1123",0.987302426282177,0.979008517430707,1.01567697034937,0.969484235884648,NA
"1124",0.850707802669696,0.857076876742129,0.890166354073362,0.882110326362329,0.827186883214991
"1125",0.842199328095405,0.96633488543609,0.910541604381031,0.908797738128901,0.85896613158077
"1126",0.970543135791256,0.792301582827641,0.799460742768654,0.817845509069919,0.883414583352237
"1127",0.913856363069432,0.967244148374271,0.976643547046641,0.919338679360084,0.738934983063664
"1128",0.904270255136754,0.975152232954477,0.937628743197378,0.923080885975983,0.794709500051634
"1129",0.971853066406595,0.961998519653707,0.832526458235411,0.953213101573817,0.76928824573345
"1130",0.972718768240101,0.834559135054481,0.968891020395503,0.862449175787049,NA
"1131",0.897368164160396,0.871439945375495,0.682681637063108,0.798667601128654,0.823026146820698
"1132",0.967287222028421,0.906410444250413,0.76343630145037,0.758062492352895,NA
"1133",0.89724450824416,0.992585177874785,0.879407001355295,0.878319813049921,NA
"1134",0.953710441964052,0.936446430790109,0.871105341912761,0.969433893301972,0.665147813359702
"1135",0.888363980384318,0.975115591333887,0.842923509908753,1.02211144875253,NA
"1136",0.956158455148041,0.996548319415937,0.87026464457331,0.803105327311831,NA
"1137",0.972570612178564,0.972784749652378,0.930539263054297,0.757422985646822,0.601912060526856
"1138",0.882699764597255,0.910012185536861,0.930327494285395,0.840684628072375,0.860310437969644
"1139",0.950276756994983,0.857195659952556,0.895223825555983,0.759199981732117,0.701654227942368
"1140",0.976528827086622,0.989040540013605,0.9479820323038,0.805006770430174,0.487740056701492
"1141",0.894171723782923,0.932073572709691,0.982987408154561,0.891925821933757,0.626718213246641
"1142",0.966524353866411,0.916718590683266,0.69467888631771,0.95422691582099,NA
"1143",0.917192883551656,0.978555819379186,0.919777006107054,0.941526685930833,0.773493106760361
"1144",0.714770197997968,0.929928179525699,0.750543171416021,0.743882328787867,0.785154445927854
"1145",0.955982121340623,0.973138698670139,0.815927154531356,0.977203787571437,0.763029562468295
"1146",0.941037304390458,0.903260665345154,0.998391804943037,0.846859495447957,0.549484340350083
"1147",0.970984708876637,0.98403916620878,0.953053725763631,0.801542208595899,0.679189282648455
"1148",0.987061523134549,0.9630213808044,0.954217607096383,1.01769349602999,0.876298106461053
"1149",0.972605947663758,0.933112894050112,0.905060795271655,1.01735811861671,0.917463842090861
"1150",0.977967651983128,0.967768507895537,0.883368797252255,0.815141115960843,0.636640241798839
"1151",0.963640495899868,0.913200464297652,0.826357996971743,0.896803161274004,0.773400720892907
"1152",0.895720637194369,0.973916194474314,0.912168887283969,0.910847572378191,0.537312474697975
"1153",0.977453611345834,0.970474542400483,1.00749470121015,0.879197272223784,0.880647766633746
"1154",0.967225328977192,0.983218427358767,0.787995200913754,0.790232066205466,0.985060989915348
"1155",0.91596523717785,0.872229382368866,0.804730413955802,1.01304533645604,0.652094059895834
"1156",0.82076468467458,0.886728266716348,0.858526858162822,0.758029502657772,0.698728472068554
"1157",NA,NA,NA,NA,NA
"1158",0.888829741711472,0.908562600585848,0.557785821977196,0.798512826090848,0.851905012434059
"1159",0.976697736456838,0.991858845693212,0.85226681313828,NA,NA
"1160",0.90778139493429,0.97870405321391,0.875902942594724,0.80905201666508,0.564389395235482
"1161",0.944574451954232,0.988428366442465,1.0362172573683,0.841629528466855,0.958156139670485
"1162",0.964644471091026,0.898718306166312,0.914069894648619,0.813846150351727,0.833921025927813
"1163",0.96631112555838,0.768615520829429,0.950386085145251,0.847737969052417,0.883370441785674
"1164",0.839043461091766,0.984974032017553,0.810332308412405,0.856719476465861,0.55367730565428
"1165",0.934040577102062,0.953905277170394,0.78508132157059,0.770719878250357,NA
"1166",0.954438446439353,1.00381803234057,0.670413710514275,0.80184072386967,NA
"1167",0.979948304469237,0.96215843133679,0.912941051862255,0.843488858338611,0.736615718980901
"1168",0.882945090417344,0.942516106373204,0.801570224765585,1.03569439093089,0.773214499328004
"1169",0.970642345862293,0.92790439382025,0.844249340697778,1.03918976466952,0.731674311226169
"1170",0.957482692792345,0.973988958204172,0.820809825279104,0.788586104418917,0.710792854632108
"1171",0.935262839203039,0.884456228762417,0.663604320928643,0.956580722288563,0.754735555659351
"1172",0.968035724674127,0.99042640299088,1.04129672616405,0.92608015589967,NA
"1173",0.896155840277616,0.954951675648032,0.653712375673919,0.820881929891011,0.821122359504115
"1174",0.868855501000366,0.965218450733217,0.766656332633695,0.949085273049778,0.745510288035163
"1175",0.981761189876802,0.981155615651794,0.90704299434834,0.593012469582342,0.984636253921017
"1176",0.948104292523371,0.969514176850894,0.695634647623907,0.817243847514985,0.90030542956712
"1177",0.960830283977035,0.970801127067498,0.852699272933591,0.695186804217145,0.689498303055151
"1178",0.841820042889593,0.889573296420991,1.01723263175256,0.931305980008892,0.973154191023352
"1179",0.985181259408301,0.971868915770691,1.03865626931213,0.613376808664432,0.618504151789116
"1180",0.844625427116072,0.984626968982551,1.02227595274715,0.887227605124985,0.974505829158437
"1181",0.965524927120006,0.954948464071682,0.865286921408688,0.86921273960942,0.634359165401148
"1182",0.944866211347467,0.976115931431423,0.711113185358248,0.847874444227066,0.73832633632751
"1183",0.882866955904089,1.00190826345876,0.958779848242949,NA,NA
"1184",0.965254901913154,0.986631427482427,0.856931960916313,0.813781334507746,NA
"1185",0.894858078705341,0.932162221901603,0.708890728390486,0.859859903546867,0.83341199772934
"1186",0.815386231395088,0.957638143281639,0.917484445030243,0.847751395675545,0.771650788756324
"1187",0.948316042245184,0.812608016055339,0.998633817370739,0.723151503996918,0.837235360388433
"1188",0.966591436524509,0.940816204879525,0.722601213797849,0.97691622874746,0.641292480162049
"1189",0.957051936744637,0.921462566753224,0.769270991761052,0.793022290178529,0.822857859319146
"1190",0.965810515668821,0.869634180748722,0.95849007555409,0.725431189695477,0.990912016231347
"1191",0.942840947981627,0.894993755696269,0.794758189910676,0.858813953282308,0.749162094200558
"1192",0.958819633610688,0.906207347125039,0.849724099075578,0.866938217762812,0.747225613506935
"1193",0.982824005620994,0.978205704974549,0.743333394545078,0.884853313154765,0.66309135876329
"1194",0.85169893911067,0.980360046253026,1.01020345107735,0.829149438035339,0.756556601717202
"1195",0.960683346046345,0.972268557630633,0.769864876207666,0.845928559730395,0.687553253744833
"1196",0.97727594928235,0.973094847046878,0.82042607379051,0.803453589762305,NA
"1197",0.969018938163848,0.960162627194371,0.779771970768625,0.895466384148418,0.68754978821082
"1198",0.981803455633147,0.983011428525879,0.55469931472394,0.9847632799839,0.966452544046426
"1199",0.93387292161385,0.903516345888511,0.889768138451731,NA,NA
"1200",0.952909820731243,0.856501964668908,0.886649236714027,0.816930997723314,0.855071963570617
"1201",0.867517378202477,0.996971517731393,0.858111826973242,0.757390726723737,0.907900925250952
"1202",0.979803815506934,0.988607314447136,0.787126215734933,0.651427673027423,0.683519277472584
"1203",0.954657831452252,0.990235367388928,0.822090534500909,0.903911785879729,0.719515534101715
"1204",0.963298495914578,0.974413989862301,1.01119157861804,0.762194326028506,0.681864586458032
"1205",0.89087990399826,0.961381012530102,0.987558505248793,0.806145054359675,0.64451104862808
"1206",0.960431281497802,0.97434367533279,0.886292922312995,0.865068226352103,0.794049219531656
"1207",0.767452449790915,0.813337166239484,0.637054866294994,0.910527338919236,0.68393188735215
"1208",0.787552915132183,0.798134401206222,0.962206777322734,0.878093398526939,0.803138699161662
"1209",0.807656944456892,0.970466621811061,0.78029512782867,0.950362803982432,NA
"1210",0.907863954982509,0.974981479019515,1.03059775966903,0.823647565145039,0.678342182062523
"1211",0.968047426986429,0.970336404712814,0.744279008518286,NA,NA
"1212",0.927308683087756,0.973250636782497,0.725969917367568,0.894282049350777,0.73225127609936
"1213",0.87916580871004,0.75737059253062,0.863782686495304,0.929972035911216,0.502467952882824
"1214",0.977951594859946,0.958931614046318,0.868375987954387,0.931522478865889,0.691038451595256
"1215",0.88332146325129,0.982758168814982,0.854887538602861,1.02781628565708,0.766803843169655
"1216",0.952397722618506,0.88075937136018,0.81537986379442,1.0197277638763,0.873216680222438
"1217",0.935329085311008,0.914866684567467,0.815685516363648,0.851790522458971,0.770053362656834
"1218",0.92519915781726,0.957073707497692,0.93731131607204,NA,NA
"1219",0.847357325496549,0.844419926907117,0.755691217355298,0.890469527068823,0.836192556063694
"1220",0.950218895453334,0.989625973055233,0.817718287634996,0.6889943087414,1.04004129125548
"1221",0.903252932686244,0.990096446570454,1.03700460101313,0.831708589187813,0.905265217476988
"1222",0.975755136077593,0.964840699776862,1.02356347852853,1.02110658219034,0.679836291705588
"1223",0.98806405268811,0.937115309214416,0.809518141481365,0.981492155808195,0.637279566786989
"1224",0.874366159463325,0.98590252421737,0.964791336345326,NA,NA
"1225",0.95513834695949,0.941772825483758,0.838188127597378,0.90165550989663,0.846389847147601
"1226",0.940707213260463,0.935920420317766,1.0202558040818,0.79522541081818,0.765696864885173
"1227",0.778101023675717,0.985923460570733,0.933260270387526,0.689457761431367,0.771968245967936
"1228",0.993010578157727,0.993994137062799,0.789752254301058,NA,NA
"1229",0.724045812123358,0.968309926036644,0.903034911877167,0.644137892816732,0.672985737119765
"1230",0.958377926438925,0.969489557394804,0.909520808038474,0.835723081631007,0.773701874098927
"1231",0.946672086232037,0.97603121029383,0.914022400499711,0.869435935156264,0.980448108074156
"1232",0.972149715892532,0.978014506120418,0.782205998270971,0.742643157026656,0.884816873886041
"1233",0.965712324072131,0.940048894898831,0.897077875071062,0.737204390985202,NA
"1234",0.972257765672984,0.963086001885626,0.88064826973399,0.922961437208822,0.700485924847995
"1235",0.988755636239479,0.935700568407292,0.916441773094959,NA,NA
"1236",0.975887566845177,0.992921407813666,0.934617043369359,0.788958162803353,0.734680713966305
"1237",0.887486809957468,0.987193891050199,0.919618275677299,0.70435930886575,0.694190895330161
"1238",0.968089393599629,0.950381053229882,0.820381357847281,1.00922085420626,1.0279840737614
"1239",0.955752327083569,0.782459156112552,1.00724363580949,0.662005870365249,0.647459542902701
"1240",0.969121695841773,0.992047191519725,1.01844911105275,0.95823860229644,0.701972625382858
"1241",0.980551132436887,0.982607800970507,0.820847968734674,0.773230758174281,0.752970443624172
"1242",0.978147043348104,0.735810386803801,0.94018453347879,0.817555937949768,0.48037859915441
"1243",0.864171476485686,0.976341485131291,0.96761309119731,0.974618468377825,0.663572275479095
"1244",0.992642171346721,0.978163335794455,0.868094288001182,0.777300342074354,0.832779425327826
"1245",0.941562678401876,0.949259606050507,0.892066565158851,1.03489017266175,0.631015935120496
"1246",0.957738229049279,0.842088023614204,0.787754374852359,1.02610339244404,0.823833792546174
"1247",0.973797566744394,0.910992870193141,0.918468711156298,0.970633389840734,0.755731750002217
"1248",0.964255496364773,0.980574813847499,1.03407677722314,0.708361398923928,0.620798098253579
"1249",0.963629160367355,0.837452194733693,0.862564851819505,0.897004319229077,0.834471443455162
"1250",0.848616342131533,0.848818660730751,0.908281224122095,0.838350859638937,0.661869364452198
"1251",0.985032885701265,0.957433549511761,0.858619443362121,0.905089749709856,NA
"1252",0.968230102059413,0.902547788089644,0.843248195561949,0.822246655911729,0.646551262859424
"1253",0.852411509285211,0.947891260849368,0.932284477042945,0.970416980494972,0.637279084536372
"1254",0.948659272026888,0.929035158029319,0.994856032139235,0.786657476144717,0.911377093484721
"1255",0.975095928504047,0.693752886410026,0.84593254561786,0.745031721237922,0.602024418065897
"1256",0.746153465828122,0.87559517987273,0.934013008169301,0.898699655744451,1.02998368179422
"1257",0.960722844069674,0.973788887646902,0.948492010437432,0.652559675918423,0.811977600170247
"1258",0.949203787863962,0.982381940142936,0.93569803059276,0.770676386292363,0.686584591267915
"1259",0.88434485066398,0.975182183583033,0.897775037549071,0.78267833905234,0.833067857209829
"1260",0.774168171486336,0.985277025188691,0.790874338579921,0.87934220809198,0.744162411654563
"1261",0.961930081159799,0.980515319305402,0.76618989474121,0.82133565075606,NA
"1262",0.941536516911345,0.916253007764402,1.00966384631259,0.725221699977732,0.721129749322746
"1263",0.949768026999489,0.96700061298615,0.88379259495912,0.872913393989954,0.832191642941169
"1264",0.875127066165973,0.992368858543633,0.998714442597726,1.02771308528563,0.586155421241567
"1265",0.964538021575127,0.992113560085667,0.910735125096808,0.835912499137469,0.57954880777661
"1266",0.944756722726782,0.988913181493064,0.81841439811737,0.944933800308202,NA
"1267",0.98492417815014,0.948590964074979,0.940036515136591,0.728884366475417,0.900663884196119
"1268",0.960273039140763,0.849095368184761,0.8683690163648,0.942296544334496,0.768361365890282
"1269",0.955964070241306,0.979680808438096,0.822283204237709,0.84838150780763,0.650642277946378
"1270",0.943257338362436,0.97857956573865,0.715085961571677,0.645772105659137,NA
"1271",0.968074965915815,0.888802698589587,0.88328212518525,0.756713044522442,0.761509934927125
"1272",0.972475150571184,0.922718412089612,0.673514934008841,0.809403563175176,0.727875545784051
"1273",0.919238615398742,0.951441173474671,0.969710714851385,0.838740074499648,0.760833536804523
"1274",0.953582055959914,0.681356230176212,0.792790917541413,0.82965386480387,0.591844137020558
"1275",0.953088964458343,0.945333502790288,0.909589024756227,1.01252607770497,NA
"1276",0.955231314133044,0.96828590306945,0.911504156945048,0.823912575743453,0.465128145500952
"1277",0.963718568135957,0.932420823734008,0.906803887393567,0.793940656562712,0.810425850994476
"1278",0.94534399382592,0.867576000792146,0.938251834165216,0.892107821085778,1.02341558573994
"1279",0.878517592770945,0.830413074088276,0.741770394060034,1.01462818405426,0.616919750704874
"1280",0.987422922692397,0.961694967519842,0.797651487094109,0.693337139370009,1.00779201901673
"1281",0.980529733794753,0.974995382378247,0.988563839594146,0.81874158281336,0.810936286185853
"1282",0.978522736151777,0.987616815245046,0.994520412915009,1.00863674766092,0.855525425281485
"1283",0.902707418719436,0.968680200952984,0.959615299836669,0.876297503246448,1.01864154942223
"1284",0.969449282407276,0.944416588373008,0.901986763970913,1.02841710881743,0.727553400086542
"1285",0.970404866774808,0.820186161583607,0.770777795848421,0.886758261573058,0.713700275781853
"1286",0.970585523827088,0.999107594694524,0.869399962362781,0.742878366185243,0.72880874730944
"1287",0.98122348750799,0.972375509878205,1.03013618585246,0.824508124833158,0.689688499942403
"1288",0.983568161170932,0.971131781871715,0.903661490992526,0.903018481811664,0.694020641576661
"1289",0.97278540867794,0.976336785311507,0.789315714086904,0.802224414962333,0.670517988604611
"1290",0.901432464784164,0.978379652420949,0.755799959725832,1.03028111190959,0.899846274134419
"1291",0.972100282717458,0.970344759382134,0.943504327219741,1.0040364004841,0.83494529731318
"1292",0.918503293029177,0.969034691924276,0.938962020114287,0.832641929217603,0.776099917084234
"1293",0.831218614611697,0.77211787191674,0.813428205924179,0.905268636083715,0.599205416759105
"1294",0.929943175756048,0.830528624961219,0.752705178185342,0.754048851292034,0.565846072166998
"1295",0.988652449428323,0.956353365622854,0.819217559439313,1.00904699605539,0.572602191024702
"1296",0.980608470045328,0.986060839561874,0.708032573835688,0.977046436554035,0.918930369590206
"1297",0.889751679983156,0.977310112739116,1.03674526746557,0.936828595750485,0.704274188475472
"1298",0.900133912971042,0.966625576779733,0.849487524584627,0.816571467109623,0.671887325052939
"1299",0.959436567488539,0.928833657620408,0.852143045236609,1.03320561066852,NA
"1300",0.968113854128777,0.919576036390594,0.94189391130523,0.943930477087684,0.863562090015793
"1301",0.972920809777263,0.960627651011152,1.01125911718713,0.88369426195038,0.596489872274473
"1302",0.921116419083817,0.965075209164658,0.924062267687414,0.850305333265134,0.636015360524726
"1303",0.881125033676706,0.906172490852256,0.928484307971037,0.888530084968495,1.00948902209509
"1304",0.959038778193045,0.977425973136602,0.701923897527958,0.67381717299434,0.613152461435481
"1305",0.868257730171026,0.955980562230694,0.912883919721317,1.01798749034755,0.702873809256674
"1306",0.983347022299047,0.986323118586057,0.863382621983352,1.00634791874814,0.913159156269143
"1307",0.757308341043622,0.986697910685421,0.634943395452543,0.885884307265426,0.701703205122035
"1308",0.872930232937636,0.957438024274879,0.877071953265637,0.925459598879646,0.683934651793292
"1309",0.966628772388091,0.928218731333723,0.877274470306999,0.974570009021919,0.787967092353644
"1310",0.971260991188967,0.788991362322333,0.764424220029797,0.760564444629732,0.667761173448006
"1311",0.832616437089097,0.973235339936239,0.790842479693638,0.841132701113417,0.543261827936211
"1312",0.903105259366529,0.971659866605821,0.917854535918337,0.958360607062867,NA
"1313",0.975476271798422,0.9216352139722,0.882283963244445,0.921958703884282,0.639613703440815
"1314",0.969926843922071,0.813824923804253,0.793223460946543,0.930377452826305,0.73140093768109
"1315",0.932783939775059,0.987748395385936,0.838004014112313,0.60876158219489,NA
"1316",0.948510637319491,0.761792479843628,1.01594215765944,1.02403352527552,0.78078633307898
"1317",0.963994810597597,0.943776395350476,0.836592126682824,0.660497113378343,NA
"1318",0.959312271499459,0.910824945747005,0.789820503713501,0.720974057052666,0.910785755838332
"1319",0.874522665196838,0.98666588480559,0.966258540824846,0.717980553033546,0.633012555686784
"1320",0.968606905493195,0.961798142060242,0.872327454787672,0.870248314416523,0.686411583575205
"1321",0.95365024649825,0.984523958442011,0.836178948953255,0.852169572521274,0.793160539422125
"1322",0.910532693020022,0.904302595986803,0.897430136887694,0.883928626518528,0.684314386413041
"1323",0.941329820922041,0.976052518255594,0.837834056570362,0.648555890224094,0.636292140603816
"1324",0.949965752756127,0.865449741740265,0.821460226998576,0.750785613790774,0.766363097681436
"1325",0.907436006005201,0.990981262753658,1.02651444483329,0.708076992837445,0.451221482619742
"1326",0.971774532057665,0.977050605641196,0.949482400235715,0.936452328218329,1.01557370535797
"1327",0.901568724250292,0.916378259175314,0.670042980930715,0.797497191918572,0.594450243838277
"1328",0.974988604064773,0.981554005047948,0.997110157783497,0.821572742429355,0.835690382192247
"1329",0.929411870748818,0.971060924790072,0.883435084989156,0.874167852729421,0.542807466895514
"1330",0.877032533216974,0.995038360871735,0.929000953068475,0.631237401851396,0.830453705160256
"1331",0.956974886159009,0.996905220678356,0.760123403792233,1.02062416584771,1.03328154726483
"1332",0.980429691603941,0.960764578576559,0.856258389064039,0.813464694249113,0.610171353772156
"1333",0.906821417246304,0.93060379692651,0.736058696202443,0.742734427603422,0.859803507734969
"1334",0.804019737067483,0.994269747029689,0.899932301623838,0.882125993882639,0.963664278451681
"1335",0.967670994860312,0.902474995195972,1.00477804263953,0.952872368472021,0.709611058002557
"1336",0.963709812108056,0.733782959304939,0.80254722393072,0.913478413975967,0.643878023530901
"1337",0.975448126950584,0.960695609434889,0.742258867360842,0.939596441552356,0.729717591068413
"1338",0.963581143146732,0.906909677066751,0.939502598577366,1.03078970934187,0.758188995069771
"1339",0.976773672701339,0.983647866703518,1.03416156675221,0.923223128102558,NA
"1340",0.969789534724129,0.867552600059537,0.884700575728388,0.956175050176144,0.710310226105549
"1341",0.950332437844105,0.97829788954593,0.914905457591338,1.00178494612641,0.69992106182273
"1342",0.946797604061427,0.868581544523509,0.822326481547457,0.866584256235755,0.639301345689521
"1343",0.967139268075238,0.876713711377071,1.0004695147765,0.815659514459311,0.700589154371208
"1344",0.955622338370627,0.871468479243737,0.932376789459821,0.852328232979315,0.713638458778112
"1345",0.951184875168102,0.968131724076366,0.960167441340166,0.750225610571985,0.735885930297364
"1346",0.970995353413113,0.980801451160102,0.861218519971833,0.917311567607312,0.891863620575557
"1347",0.944801407695226,0.859550053003261,0.823979312154123,0.822039793977458,0.869869865549155
"1348",0.973768803181837,0.981255939586159,0.718821250258667,0.817165303067453,0.80909531598467
"1349",0.978803919765371,0.902178851071284,0.928194712497134,0.70396939100534,0.56290891986746
"1350",0.806112933010378,0.84285349818425,0.721212457329669,0.783957555796819,1.00298766671391
"1351",0.808180521423153,0.921170937795698,0.83542363201824,0.868645290382225,0.836025477502468
"1352",0.900082833203807,0.834345492715948,1.00094658235656,0.944878713432777,0.70297820346246
"1353",0.97700356195828,0.84424590331263,0.797216184549372,0.992464476183688,0.797301793547431
"1354",0.886983626008367,0.938750638435736,0.888779748349945,1.02081953504466,NA
"1355",0.985780381022209,0.955433383799246,0.605621206496358,0.813658059759232,0.809126397171045
"1356",0.978731361631857,0.88503075009606,0.918386947057868,0.861902896088546,0.771762250247874
"1357",0.956284431055022,0.869097858661316,0.881562749731481,0.791008738642122,0.958132171057108
"1358",0.970819756732812,0.984191820073142,0.960373611187998,0.712055447138203,0.92976788922417
"1359",0.979361023775454,0.922805472825473,0.891384057699613,0.937007022651513,NA
"1360",0.953604418682777,0.575527687585001,0.883437382493602,0.975774148350388,0.888598636299973
"1361",0.96552227060693,0.8902420430031,0.729768264012474,0.970538260574772,0.786615971815849
"1362",0.978537300432816,0.90329634323414,0.902367546355561,0.750355893838799,0.722770753131155
"1363",0.977992872068605,0.980737169095357,0.610870515250533,0.859561192159918,0.906010524707093
"1364",0.969369411133266,0.973151594020551,0.919973050426759,0.796839856451347,0.76734431910096
"1365",0.96144713390998,0.827002371664822,0.799104844609285,0.697745174751366,NA
"1366",0.86786644786092,0.99357017927855,0.809961370386147,0.782134670167622,0.616396136809415
"1367",0.960077457953535,0.963802591027746,0.768476658638103,0.836534980837705,NA
"1368",0.961074370023828,0.860831052110984,0.88003243682857,0.760628967677824,0.580932989607524
"1369",0.951369178019991,0.943787723381187,0.991157860676737,0.916761184541445,0.679110863229865
"1370",0.965017160585777,0.991750995227891,1.01663546782282,0.820757177978512,0.708852742018072
"1371",0.963317950074148,0.826334574820144,0.84353914103084,0.999774949807233,1.00186617443614
"1372",0.708309439295596,0.98901763769839,0.846562696770824,0.924850250049444,0.88264650873592
"1373",0.966418941077282,0.869927783472615,0.953838468706695,0.79030284729253,0.619608499007944
"1374",0.792351050618924,0.969193911267675,0.733810629641477,0.828457992135768,0.807061280826779
"1375",0.919845235645643,0.913351468329773,0.791530702656232,0.939220290380719,NA
"1376",0.959667137798068,0.812884030052893,0.83298318731811,0.661620080318584,0.667463230248987
"1377",0.967126394761094,0.805237524591047,0.663925912034366,0.967224908709865,0.8123799778603
"1378",0.967879089851035,0.965998220735011,0.936200594865121,0.788617321316026,0.740417967774122
"1379",0.960880385937468,0.925481319237969,0.916792038984104,0.971168839377213,0.803222289498697
"1380",0.921157326901158,0.933697090725153,0.695310220891566,0.860522091431559,0.788558041927738
"1381",0.967353834954233,0.970630285825562,0.80318130756311,0.931140779409369,0.710229925643795
"1382",0.92832733166075,0.933975853519188,0.814798448354907,0.723798772803176,0.64936571761492
"1383",0.974142935208341,0.92576710881499,0.831696684092692,0.727349576030005,0.841091728551244
"1384",0.965915898106364,0.984635172421009,0.929246095894728,0.82615453015474,0.752710515035869
"1385",0.952702727538066,0.91785921157586,0.837362859222879,0.784421015650787,0.763854109897846
"1386",0.925593269210793,0.972319701034849,0.84519578952961,0.832513190105754,0.956241875126707
"1387",0.834512336379016,0.931587671746448,1.00833783252419,0.721581208064422,0.773476814587206
"1388",0.850097303869778,0.969191377360615,0.864458833350131,0.852775921879505,0.742529083188075
"1389",0.973667726144992,0.921441795699282,0.887422718298265,0.862460208663965,0.621939905410072
"1390",0.86660577353344,0.823509085821016,0.790925583183099,0.712014487725889,0.736942788097318
"1391",0.965045374658575,0.984472805872678,1.01696331185377,0.862911030790375,0.65378305863109
"1392",0.971412992750108,0.930616666753044,0.811805991992933,0.782855591952416,0.76982007660389
"1393",0.931443408929321,0.980814518278809,0.878695014888653,0.783105781183213,0.879326403502829
"1394",0.95520624920717,0.921157960094747,0.931120390807015,0.703220776504115,0.785383173974528
"1395",0.943224293298151,0.97924419447969,0.965126600825012,0.824087939166255,0.918027279975824
"1396",0.974943929771842,0.956513986472565,0.951854442491746,0.841757336681004,0.640592058974577
"1397",0.957762926532512,0.980050055900508,0.84618772995451,0.837277426719601,0.764292494896831
"1398",0.862683865887376,0.726940754963507,0.887294934874685,0.820764823774015,0.82000264868041
"1399",0.980558258101364,0.978680474435576,0.854707285551496,0.948431799671185,0.900405001929845
"1400",0.963783709899677,0.988079056768066,0.874792798430421,0.565430482432785,0.752982894109867
"1401",0.949119560081697,0.84998981920777,0.704151640324701,0.835309698291918,0.790501934095373
"1402",0.823945290704074,0.946371369176405,0.751832703699426,1.02028527918383,0.880215291928254
"1403",0.967047640340316,0.942815425900828,0.939276178445729,0.943527887048311,0.74538761015739
"1404",0.976764790728081,0.987439678651072,0.843216466830084,0.996014977856832,NA
"1405",0.95106843626814,0.89615642273264,0.963874087625643,0.74191257631998,0.816827768974112
"1406",0.902238534948619,0.977269860902862,0.877812037683494,0.773156959131295,0.483182341547165
"1407",0.782584807194475,0.97085869511669,0.677468741636408,0.813685918719832,0.765423543723536
"1408",0.845054336895674,0.984983038998954,0.786332838399962,0.880343639301608,0.750777637828435
"1409",0.745256701534708,0.867076071515204,0.871817669039933,0.851438780328326,0.635856476175604
"1410",0.978884242943869,0.979852704904883,0.783465784426636,1.00116354056606,0.666032379326915
"1411",0.964357025370311,0.874894804945058,0.778730167656984,0.742032446840604,0.823721410956542
"1412",0.965836591593481,0.996782408639439,0.810521845538242,0.91436854564521,NA
"1413",0.973032406243451,0.988095620631326,0.805113407344452,0.950407351984425,0.782820155456911
"1414",0.973805518012655,0.886390550704974,1.01456122340326,0.903107728860057,0.651893426538245
"1415",0.922317811626399,0.955852913519361,1.02030138673639,0.953806619760446,0.719575408459615
"1416",0.948388985812081,0.976654103895742,0.873123402645845,0.812990350485065,0.713760133189196
"1417",0.974263059397449,0.986918135153162,0.839346414505504,1.00484662430086,0.594618694092825
"1418",0.975736271101863,0.959913080955392,0.686491256831157,0.803276016109619,0.666166544030737
"1419",0.969051985196649,0.965057537027372,0.64400669808116,0.841086199400822,0.836747531363856
"1420",0.883382084204873,0.840654602218382,1.04301959886483,0.882747849455615,0.556956391771858
"1421",0.962395652948761,0.971961269463952,0.894909451233683,0.858378805136184,0.858571295735232
"1422",0.980483857274115,0.99232148679368,0.80251457341561,0.881502706596207,NA
"1423",0.971692611798656,0.918983965690299,0.83889683370974,0.700631154740335,1.01060612429179
"1424",0.975951673101378,0.974548869945892,0.741093890154367,0.880351529132622,NA
"1425",0.951941338134157,0.846300497908747,0.912438377251964,NA,NA
"1426",0.851712566750207,0.97810045491687,0.955991280305544,1.04077418224599,0.617573059395785
"1427",0.977301444633575,0.958843137039967,0.982962655050425,0.749947319469789,0.766070136368864
"1428",0.96351460407765,0.991006854805711,0.779109132394957,0.958889192093418,0.805259831735231
"1429",0.898449037911732,0.841869004286498,0.89379050492059,0.846641491751589,NA
"1430",0.946168660075478,0.952364188448707,0.746240056382741,0.691914812917592,NA
"1431",0.983257473482282,0.941446121309007,0.821918172415177,0.948693184386641,0.909382663305263
"1432",0.965149605007333,0.74509639763028,0.795011739825923,0.886749622933802,0.942547362220531
"1433",0.954405472142038,0.871960095813833,0.857447496665228,0.914960937289777,0.862433774286251
"1434",0.874499198079033,0.877245963837279,0.741809293830186,1.02641576931953,0.724410921874776
"1435",0.959985272599463,0.904610940962881,0.909096852059443,0.991542891279848,0.69693904900981
"1436",0.944329719486154,0.973906806018413,0.860332132587774,0.778249600107867,0.609486453932805
"1437",0.962153201202863,0.928868241491901,0.958291583073552,0.786415012724362,0.779563138954297
"1438",0.868724392195516,0.982443298492443,0.848422301524122,0.890848664771381,0.906504072386176
"1439",0.898850424247066,0.997443986350968,1.00384154047089,0.90515645334977,0.516136129321005
"1440",0.894001011901188,0.903652274899195,0.97271318173806,0.761024832302509,0.894739145609253
"1441",0.963631434085852,0.978365934124469,0.679690115513337,0.766432104200427,0.843944952118687
"1442",0.973067990121862,0.975544740170195,0.818778859866982,0.829360290259754,0.814049789692912
"1443",0.95042379304241,0.99508755217467,0.827824107983824,0.875873857706412,0.734075610974527
"1444",0.954584619438625,0.976565716582043,0.735997633456438,0.959485937065996,0.57717832753626
"1445",0.876017455491117,0.845220009141148,0.685593706394766,0.800386675040244,0.684392677805914
"1446",0.920185576667831,0.977210867731976,0.878209385745966,0.883824420859741,0.826123164703396
"1447",0.963356343607441,0.905475674145744,0.726755188457171,0.810945472558521,0.914746849109288
"1448",0.975394312929186,0.934376963772822,1.00801046342478,0.928544021552154,0.767296794644233
"1449",0.832030080823932,0.954087061184901,1.00656680593844,0.72545710610472,0.619594202271057
"1450",0.870895685332504,0.872220789773731,0.842015699893798,0.949488341678394,NA
"1451",0.940493769832256,0.89241720705244,0.895989816733433,0.851354405840193,0.859749430783619
"1452",0.876971917225068,0.745293163266109,0.706801752813566,0.967902702480227,NA
"1453",0.956113064671757,0.983266332030501,0.975285438311301,0.921064228393662,0.896066879094438
"1454",0.884868326605777,0.98550640538952,0.811464034982837,1.02350723724051,0.708536314259086
"1455",0.949567047742844,0.909757619679676,1.02385449491248,0.893346696742322,0.920864003432453
"1456",0.977334011226544,0.989559535869056,0.921195983094679,1.01207001970821,NA
"1457",0.909674237410372,0.977948091049079,0.946617723615552,0.765462867354649,0.625903865613266
"1458",0.885823790506786,0.981982589414176,0.944899994848074,0.964487213806462,NA
"1459",0.982772285589126,0.978089029524351,0.668801333536525,0.951799853633896,0.607612847728642
"1460",0.954566521318151,0.988274281141378,1.01268642697854,0.958698591944179,0.752517261822343
"1461",0.857130212135407,0.954856243888646,0.814366438696257,0.948673594586512,0.654672662870665
"1462",0.907465961520394,0.917919112019855,1.0273979976849,0.881363776497709,0.830526831144341
"1463",0.98679460649067,0.97148691134142,0.863326076420904,0.896014374238771,NA
"1464",0.969425037144886,0.988134154209116,0.908961837266085,0.952335374513405,0.94463812105906
"1465",0.944311983154063,0.775766430331053,0.911701961517643,0.864042059964588,0.769108923792681
"1466",0.95731569928032,1.00401258122207,0.870205179983133,0.691856944913383,0.864462179340847
"1467",0.958151629166092,0.985129640106971,0.74999994735691,1.05534845847625,0.934085664187592
"1468",0.741732056109207,0.804551730245034,0.95191309320491,0.693652159798244,0.684612769349907
"1469",0.88808141653739,0.858677450663624,0.736819321492174,0.832935500383265,NA
"1470",0.977099463010512,0.897677408101421,0.778957874559723,0.801251306500727,NA
"1471",0.918594024829372,0.890462299787028,1.00087395809658,0.865271876222406,NA
"1472",0.972361043328072,0.979869366624848,0.962284990381724,0.962284406174501,0.662450698909791
"1473",0.907224237436244,0.861066527541393,0.802859275156762,0.791513665414591,0.845660454137781
"1474",0.772657026439832,0.894672618930823,0.809603183658508,0.84563493854705,0.73105736770525
"1475",0.896516894271906,0.858023315466882,0.972781758666235,0.803251546872353,0.78829883329076
"1476",0.967530541220769,0.977536546066321,0.746224082884702,0.598241780404935,0.906997093206973
"1477",0.960687125952135,0.980567328305822,0.747230919358591,0.804844276265453,0.659567011121313
"1478",0.931330320915968,0.958876493085797,0.793712735279613,0.939396453956811,0.58876499578381
"1479",0.968846263712492,0.987200457007949,0.793159959648429,0.95018163004933,NA
"1480",0.951737262759819,0.965853970836731,0.891318033348736,0.740517586188688,0.850946575197762
"1481",0.942933314005608,0.985295947419828,0.776257196373632,0.92586134648824,NA
"1482",0.898307975663984,0.970347788186558,0.768787248944867,0.937926395421245,0.568197271022455
"1483",0.838779966746537,0.979489824724954,1.03818999148435,0.919442881645292,0.903952494203825
"1484",0.942554435538334,0.926326912516331,0.877582902889082,0.787240820818362,0.765991423657096
"1485",0.96692069854114,0.933535164738867,0.9415305941992,0.65010274063182,0.996439071041272
"1486",0.886887902163774,0.807147701687409,0.890181360007474,1.03175979445639,0.8841365298788
"1487",0.844569570529624,0.942359955486092,0.737658004574985,0.845106057171385,0.752386808119465
"1488",0.984754555450198,0.984856669694112,1.03239962054626,0.78961929730603,0.670691211967212
"1489",NA,NA,NA,NA,NA
"1490",0.973399478557597,0.897856487838105,0.700587956508589,1.03513814648712,1.01467561934725
"1491",0.937962695226114,0.993781078884677,0.959576351951184,0.831955666033989,0.812212120765103
"1492",0.817247862570013,0.945802527188569,0.81055190290597,0.831915841166776,0.875889201790237
"1493",0.957976239430315,0.9851808863179,0.941088108711981,0.920235340511454,0.851765863632663
"1494",0.866033165177449,1.00061730321597,0.844787843025426,0.825265658133986,NA
"1495",0.972197159005028,0.996358116666135,0.892106275127855,0.663292221864844,0.72988191418333
"1496",0.962076058306397,0.849721493508809,1.02139014071677,0.676466304671187,0.851575895893677
"1497",0.942025005625123,0.97591025883283,0.853408568237466,0.999582410144334,0.892187051791136
"1498",0.795081604973243,0.90551967273709,0.959058286236514,0.695847884059921,0.720020212698477
"1499",0.979747150833209,0.948720217714529,0.852487346225356,0.878106319063262,0.673275771654912
"1500",0.848852150899803,0.962081920767003,0.709289634677151,0.792426742932976,0.740035952822521
"1501",0.90928399844514,0.988045822757603,0.670414911730234,0.804888538605605,0.965821098037132
"1502",0.915425265651207,0.82923659807825,0.819365533967252,0.872643802208454,0.635927705872924
"1503",0.972550059799898,0.973946321279808,0.798756301158418,0.888051230526192,0.584981645974189
"1504",0.975421760051736,0.913658667968699,0.816984103868636,0.836298734059018,0.909157349549056
"1505",0.970348529906855,1.00249542188442,0.8914673110164,0.823842313645064,NA
"1506",0.911933204683607,0.959801540517418,0.875050985428711,1.01596240948235,0.646204745488025
"1507",0.973958269656252,0.988877284528859,0.71094539355221,0.841722222823161,NA
"1508",0.918967201119043,0.830072835728105,0.824577989381253,0.950477711058163,0.904801532701267
"1509",0.939194175347094,0.85608900647125,0.6793983914628,0.837901251187256,0.747718117082202
"1510",0.791098065193349,0.983817717144976,0.832017452423456,1.04223058382909,0.722281965343157
"1511",0.928339201740777,0.885084331305268,0.836236470627781,0.799337333249501,0.534478920397633
"1512",0.979018508715862,0.991680300589017,0.836759202836866,0.769925637133294,NA
"1513",0.985160105394374,1.00213012435363,0.880018381402593,0.966868879041669,0.83226929510237
"1514",0.840821275283204,0.97807357191127,0.915011818340353,0.873432146759612,NA
"1515",0.888983674784467,0.894870099206628,0.89073497085544,0.820487495551949,0.913046694409093
"1516",0.968278806733061,0.998105746975425,0.811894184319945,0.858179914173116,NA
"1517",0.927500450680203,0.98687620590828,0.837233437585869,0.930686831558607,0.839018098468186
"1518",0.968940947388192,0.981484929518327,0.849992926716436,0.866624686286051,0.975925602851037
"1519",0.943520190044032,0.974136522979616,0.722153432999262,0.841787555039581,NA
"1520",0.969231817337091,0.992788172916447,0.792197500572314,0.931366706851349,0.586554648820699
"1521",0.94180721222082,0.904898354645481,0.754316109303775,0.743334157741631,0.611149552281149
"1522",0.899905668864007,0.891516722884815,0.901588406732873,1.02002576322035,NA
"1523",0.884623097612795,0.982309984149108,1.01717092118696,0.827748245435273,0.7966008877456
"1524",0.88691296455346,0.814341720799157,0.892462889367283,0.971671917277048,NA
"1525",0.974713067958594,0.97857061171766,0.91589566013462,0.907570552711627,NA
"1526",0.978737479072273,0.986367825968394,0.695933387648834,0.919213659011505,0.767167876320669
"1527",0.963057887371096,0.98929695388268,0.977462581031952,0.786377662062414,0.659210071100177
"1528",0.973485089191915,0.92818264876185,0.959319577296935,0.873183567325008,0.775365393122953
"1529",0.793977427886383,0.976231776257881,0.879686100929829,0.866335317884999,NA
"1530",0.954519870822692,0.951440810716684,0.848608521627423,0.693854871166843,0.655687190234057
"1531",0.94225498482363,0.893724778871332,0.947336213732449,0.823002284267766,0.901739684199476
"1532",0.97273816321888,0.961623381851142,0.893307349409378,0.870325181530816,0.673296787774767
"1533",0.919956648082457,0.986451722921543,0.875611756623181,0.827476041841727,0.802416354392847
"1534",0.854296050511405,0.948404361947535,0.779159701828288,0.793988153552908,NA
"1535",0.979410947735072,0.983236651440564,0.92913041123653,1.02013099902169,0.797401025640005
"1536",0.839955394884899,0.969790569563234,1.02297936429685,1.00852156125217,0.663446882280843
"1537",0.963129171912119,0.95593209488986,0.85333434811122,0.85539631037802,0.790794579252158
"1538",0.971115899081915,0.954162746818442,0.871431346719023,0.992969459760261,0.686469742367187
"1539",0.961862240320116,0.988849350667055,0.788919432826214,0.92145781357614,0.722177997506189
"1540",0.963971109206567,0.982612170434057,0.786638930747864,0.658653261622145,0.575305555058551
"1541",0.956116186582252,0.903387990814051,0.813919843159516,0.908104901784262,NA
"1542",0.948975332476595,0.92887953285053,0.801865156960954,0.873916016194899,0.744838794624807
"1543",0.982768491352937,0.965316089208191,0.910483722635036,0.98786246438189,0.680154085297223
"1544",0.852212520738996,0.962422763434413,0.790714327199243,0.930726259188957,0.910754385879724
"1545",0.977040345639538,0.971236327463184,0.987172558604213,0.856824003292312,0.819189390466061
"1546",0.947721613094914,0.920150816482726,1.0243441348248,0.857711263424386,0.668273893780892
"1547",0.96807044904407,0.880563522744852,0.819542871660816,0.968060957238957,0.868647346442017
"1548",0.956932662160519,0.912034826972094,0.802370690873697,1.0142367976876,0.694770696737919
"1549",0.892120948834545,0.90883939076977,0.909060527447131,0.939227169777335,0.938107631403506
"1550",0.891388688156014,0.905847118609844,0.887457478541358,0.884100701172478,NA
"1551",0.947881302833373,0.920522963044724,0.865333515790848,0.905307600704465,NA
"1552",0.984774816464982,0.902469601203249,1.03940655097923,0.778196834179876,NA
"1553",0.953133567288098,0.928649775467798,0.832552520115987,0.909525245994549,0.869779747029423
"1554",0.974226196968649,1.00157148004812,0.630290464930237,0.820147530905868,0.685550217202925
"1555",0.981818445310082,0.8429660677207,1.02424540563292,0.755551824846036,0.935032550671544
"1556",0.969948699778776,0.991023994874985,0.756781285045341,0.635616511635504,0.517027886985567
"1557",0.980296915694194,0.911577339340567,0.83444731275171,0.823964619361317,NA
"1558",0.965450978872922,0.89425901829881,0.802996280263874,0.670842079938361,0.655763849975407
"1559",0.950661309050981,0.988430145349694,0.969051046158966,0.921328204964735,0.930485223302896
"1560",0.944836141130165,0.858617405024988,0.870172070083481,0.821763629274712,0.841900234665742
"1561",0.965178915582493,0.982079288306664,0.750857617613209,0.802676845389894,0.825964198107956
"1562",0.969651337992385,0.763652152875861,0.732141736324795,0.836755081902651,0.566674789180312
"1563",0.968855671304753,0.986992109533124,0.815145149876527,0.961936661677615,0.529118672972119
"1564",0.955522906393834,0.850680391868738,0.913776254756311,0.851342297839421,0.729382993202011
"1565",0.969385764618259,0.970739761676207,0.851906741191517,0.843006835804436,0.778374765129748
"1566",0.966373043068776,0.95396080572808,0.832254561096325,0.746994625261011,0.648663234445028
"1567",0.945567668405769,0.984350569269488,0.750294839689508,0.843070432509116,0.892364764467292
"1568",0.860691357602807,0.975523142510482,0.765799781983887,0.834490988972568,0.73776015907979
"1569",0.881437660536247,0.933017972526429,0.867415544226766,0.927451681266159,NA
"1570",0.975563729474273,0.96708557678049,0.921773530061082,1.00422812879274,0.581078229688602
"1571",0.983002112625407,0.902498657481929,0.795930401358522,1.02517893729401,0.605083762934374
"1572",0.947831617123816,0.984551444033087,0.887863631453966,NA,NA
"1573",0.767167269991801,0.804961972731808,0.901314413129999,0.81293743005447,0.697712452493862
"1574",0.906203220096201,0.840434601299241,0.627941597591591,0.887386834244967,0.789118553650464
"1575",0.791587742220323,0.987491742998341,0.923012106647364,0.62641332269441,0.613632028255275
"1576",0.963360641727012,0.969832652313406,0.931406679504992,0.770667022592186,0.723039231606241
"1577",0.967459514070363,0.992700030286403,0.933248155706066,0.812905094337086,0.82582548839988
"1578",0.967807769258839,0.85589649558883,0.889826926197604,0.627341964642492,0.589333653387652
"1579",0.975653042826593,0.891922577385768,0.922117907165782,0.766912438828626,0.881002929995153
"1580",0.896145911585242,0.975742917709844,0.718983596354984,0.816066225183718,0.712207216281079
"1581",0.962860107824208,0.983755241497672,1.03010612165798,0.918460712278332,0.871789074347636
"1582",0.958565958395746,0.953143806825014,0.79128016955018,0.794085528277707,0.688134846487591
"1583",0.947637096465896,0.796405343968704,0.816091214995582,0.94895684045736,0.728795315388497
"1584",0.962452382092525,0.991251339656158,0.781373307547914,0.675387907813316,0.618050149394311
"1585",0.986817968134689,0.933288674873487,0.972125265529978,NA,NA
"1586",0.907626718687994,0.968798389261171,1.02650206795542,1.03115293662647,0.740689594558529
"1587",0.972834515820438,0.909824815875098,0.835965716748873,0.87263168738383,0.7340881623471
"1588",0.962076716396976,0.955673928336918,0.732543384756277,0.685488290212845,0.664962953847908
"1589",0.9815823456318,0.987095338052513,0.935116725657994,1.00140639719121,0.792219349976955
"1590",0.973308877102043,0.948428834458661,0.734024435676452,0.762982413802729,0.773745630559512
"1591",0.948901075029729,0.922946650347441,0.932359392874766,0.939906973831311,NA
"1592",0.894717730206902,0.989867862051368,1.02135885267958,0.91553408158153,NA
"1593",0.983414133033094,0.995856082673784,0.783598531732651,0.830752209925268,NA
"1594",0.9726652721769,0.980788726977959,0.870182679910461,0.750296294679938,NA
"1595",0.976593927744084,0.901473813572821,0.79284357514909,0.913357144090984,0.637369188328901
"1596",0.880655042490977,0.937402034357182,0.884344547593575,NA,NA
"1597",0.957249369473383,0.974904642725466,0.838626102300245,0.860859244480828,0.915198901397159
"1598",0.943950027176479,0.962625714615569,0.953110881687322,0.975615008978348,NA
"1599",0.945002813235172,0.961777445963045,0.942955243232269,0.824853281654211,0.850054840558722
"1600",0.968217312040068,0.952226550948308,0.681473077237075,0.947247997164845,0.806366448027065
"1601",0.847600244440848,0.975665602598654,0.90354824791186,0.911670240706074,NA
"1602",0.861394708188433,0.988402455751965,0.777961070995464,0.85371543600638,0.666970255806009
"1603",0.910506335618863,0.979667995284875,0.881496157224347,0.797049672269492,0.879447983431185
"1604",0.900889985178278,0.876395060031455,0.812341910347633,0.949660220173478,0.620210457395517
"1605",0.945072236506901,0.996488434461515,0.873985731525534,0.842050432972268,0.975704923830074
"1606",0.86536835676621,0.948058008661251,0.725325376004271,0.994427453070038,0.733877842587037
"1607",0.927256588455336,0.7538652767755,0.721610871622054,1.00839160125347,0.638169479695858
"1608",0.889926493796037,0.956311468683273,0.955675359042268,1.01052291887004,0.735672363112024
"1609",0.985349894576248,0.988727397531931,0.854489031429661,0.987085770805661,0.944772129439497
"1610",0.938685472934137,0.895818030054672,0.78133237584827,0.783292151069925,NA
"1611",0.915876900916418,0.928481071915395,0.917386288453954,1.03318854341385,0.570450035855634
"1612",0.748397184468214,0.942396928036921,1.02321770101002,0.848289028164006,0.686294790320566
"1613",0.832846755160368,0.916957254988689,0.970134981295839,0.925653621150482,0.695169282162641
"1614",0.959619403474875,0.979715392109998,1.00925502637186,0.837856881170486,0.78146663893385
"1615",0.96344517568661,0.891602378016148,0.793870669803834,0.686760446128539,NA
"1616",0.974899831445601,0.897760469130919,0.725346096857381,1.03252865073395,0.765621831076946
"1617",0.917793494537711,0.980723244726174,0.826996165783805,0.613699688748471,0.795002320465701
"1618",0.961931531444337,0.986674219429306,1.02148668963943,0.924616849034742,0.768169670225251
"1619",0.976117363546456,0.977202861527284,0.889662868551686,0.84954168932904,0.83477005706784
"1620",0.963657244661082,0.906553680509195,0.945099033133604,0.803228968139275,0.647999363081722
"1621",0.927781443220494,0.848282022732467,0.840920662640942,0.901333431123796,0.689796001679779
"1622",0.971210978739421,0.887560832401777,0.956197869432339,0.736118279681988,NA
"1623",0.862447920767982,0.861568974409981,0.734647493429614,1.04028727843529,0.757427916421758
"1624",0.966827318056667,0.961302796643565,1.0366809384037,0.728132317121329,0.584364366822624
"1625",0.778448607025125,0.980833949965534,0.819715816275859,0.888916398195354,0.513760920502718
"1626",0.967734626781972,0.998034659766862,0.891721685455953,0.830024587400072,NA
"1627",0.855016841100101,0.98948272385122,0.937168041453711,0.782594593897719,0.635845767189623
"1628",0.969145741398037,0.800546988651016,0.847409732476647,0.797578349847573,0.933229612665244
"1629",0.913497789023096,0.997039065135378,0.936199100047466,0.888015948938157,0.822301865813503
"1630",0.974189130529186,0.953028352749324,0.793706798235587,0.881188469087806,0.846927344989745
"1631",0.887913016848063,0.797554339193674,0.640644212353001,0.881150238881063,0.654809027552182
"1632",0.833234800279576,0.972049211767258,0.949824642339702,0.76999868466797,0.773094846312873
"1633",0.866138754798518,0.930544185034522,0.820482357784541,0.697548675988719,0.999433691236308
"1634",0.973010849104689,0.983556603524986,0.805059865080817,0.980317791942711,0.590160279878994
"1635",0.970884908401109,0.937113085570867,1.02707531467912,0.72817644272547,0.769634055027726
"1636",0.963474573554558,0.868351672989002,0.953706772009717,0.927588024596804,0.883200029818579
"1637",0.963692793319785,0.989283749490889,0.976179718501506,0.797636539986951,0.939759650960135
"1638",0.885502306301314,0.845401237510306,0.864781910273931,0.872024673018661,0.612161443424622
"1639",0.826492275680145,0.981291747655264,0.889837346199523,0.746624131386516,0.621266362967729
"1640",0.941592561258125,0.902155652866035,0.851351204555199,1.01100405555819,0.640935161059588
"1641",0.892271815194129,1.00253832308935,0.990584238354784,0.727696614581504,0.703287247171088
"1642",0.903565689631206,0.973113713317558,0.912681230045697,0.887090210948362,NA
"1643",0.97598115722119,0.978115762685737,1.02945701500018,0.897532994781831,0.871525982120783
"1644",0.941450892356148,0.904827603818413,0.820766123178283,0.859449397857657,1.00048952386196
"1645",0.891881400304263,0.908486056018372,0.737555888263193,0.885360367885471,0.846298251693902
"1646",0.796687764315132,0.967916065185095,0.820857878322093,0.921568087646466,0.573746133850978
"1647",0.948815705483055,0.981671901792502,0.799145898163922,0.767387490822489,0.946623367709314
"1648",0.880454057945734,0.982751693685318,0.914350004198476,0.807537227465227,NA
"1649",0.988431915743437,0.989960518468584,0.722243754907103,NA,NA
"1650",0.963450936661275,0.994257957611125,0.798775903982594,0.836127650520307,1.0047280471543
"1651",0.974788905087305,0.88627126350578,0.825112395248129,0.881758715935902,0.601618046660672
"1652",0.881471877030248,0.823124566264971,0.927183305022093,0.833347256391521,0.701526776417444
"1653",0.836622342053266,0.965548608218572,0.924626531359099,1.00120794323825,0.780903571354334
"1654",0.854512115118091,0.840472108198891,0.885555601010987,0.920913542145445,0.849348827460572
"1655",0.904961128501455,0.790337343154495,0.771687429910963,0.854138587916048,0.855825564795068
"1656",0.869164025140108,0.812881529403848,0.775524918884894,0.837833760143894,0.698519055815371
"1657",0.970366457070635,0.970382981419931,0.85344738018039,0.768193231331905,0.727862950719174
"1658",0.859011664349945,0.923681757483185,0.911937107200509,0.841408198404534,0.927553140220493
"1659",0.957131802053235,0.813053412375398,1.0493367949913,0.829801544056087,0.509822132543621
"1660",0.96116056432148,0.935700967454165,0.826460822174602,1.01925780661252,0.754502407222136
"1661",0.952155770050426,0.969620497080269,0.866948534275196,0.903125180373783,0.694501243283949
"1662",0.923139297818858,0.976581549350134,1.04105710538893,0.85117815988275,0.558535178342126
"1663",0.968944873085269,0.916620302540186,0.810398993149871,0.925579217253613,0.561986252727724
"1664",0.973752970569539,0.979026565317367,0.838291592265753,0.750599725760019,0.884025490828631
"1665",0.93107214418912,0.955604877099674,0.692718354258029,NA,NA
"1666",0.939692938576604,0.954071474319413,0.911762754243487,0.775624076808008,0.762541611415674
"1667",0.887487074961444,0.875368266112173,0.725758116438103,0.825954217185883,0.825788384638479
"1668",0.983689526363994,0.979089605969622,0.843061348125289,0.792264331881885,0.920001080509566
"1669",0.978642005753078,0.912331601241469,0.65909992656699,0.789168265936396,0.892958314854165
"1670",0.911961150555678,0.989085898268224,0.843375873182687,0.831305476701538,NA
"1671",0.978810326472725,0.960902280384528,0.918476504439661,1.00132484629989,0.653981007157519
"1672",0.943532186739302,0.97984752630929,0.948467572609636,0.835649753227522,0.772661318537256
"1673",0.97645272153192,0.928390632129881,0.948114722606621,0.689525383759844,0.830365528578521
"1674",0.96954402159731,0.946975031927056,0.971117136280116,0.768132123442566,0.870540464497895
"1675",0.979683396610976,0.88550076531008,0.924297159588406,0.746116946364101,0.869253582238707
"1676",0.964146303798278,0.827805400691566,0.732274839867013,0.853872720021728,0.678739362860002
"1677",0.972773803680179,0.983773991935932,0.859077948250944,0.819044214776116,0.608949593555296
"1678",0.968268263845128,0.789038982238769,0.818562918404658,0.881937658693488,0.738141155693438
"1679",0.95875457462584,0.990434864106738,0.723736959126816,0.606430734026414,0.887753853589476
"1680",0.966202884768571,0.916080067836282,0.827715886289004,0.689032223072705,0.854311584773135
"1681",0.958355259984345,0.977507421700688,0.884972431502391,0.879099761764828,0.815021586166669
"1682",NA,NA,NA,NA,NA
"1683",0.989158151014942,0.972104098858552,0.990465454072869,0.744283832077315,0.767496719351971
"1684",0.974607665376732,0.983147337685326,0.94800460131049,0.718916378263366,NA
"1685",0.848183187424467,0.79078745243759,0.82324661629965,0.924964460990861,0.415408690234633
"1686",0.964515327445394,0.988667768996118,0.905758922500553,0.583212699301507,0.781552792218975
"1687",0.960536366197283,0.98815760892516,0.931441667332258,0.820204970357966,0.839512373337143
"1688",0.97288675862842,0.978178994012114,0.725199124221214,0.927809144928001,0.645475600414878
"1689",0.961786112209722,0.974295115489774,0.823800036412132,0.692060416866131,0.838938300770388
"1690",0.964374648545919,0.936187338061974,0.925183555745966,0.899011201295749,0.87935324338322
"1691",0.963261634768761,0.889294496009017,0.866069729041385,1.02200436475515,0.752121771559492
"1692",0.971558158145399,0.917207233512928,0.837625825598113,0.846193904550216,NA
"1693",0.862965379178004,0.968163422885429,0.688981037107219,0.861782962307867,0.654732017380822
"1694",0.96139343927459,0.96572690198422,0.71783544651629,1.03528024007619,0.750844715346805
"1695",0.775775178820689,0.965679462735233,0.80943617421089,0.713675138973209,0.723960009802906
"1696",0.923660531360869,0.985540138603118,0.886653834357645,0.823236897485226,0.597301214166684
"1697",0.951779933982634,0.85995997640561,0.971570243340862,0.868985104674633,0.82874452718674
"1698",0.972369832069849,0.984780860532582,0.836243988954587,0.962965067265181,0.618952837787787
"1699",0.96886145148922,0.93672341175274,0.781075968105131,1.01143361566576,0.695865919541937
"1700",0.907355549829394,0.990061087038494,0.842865276930527,0.788981424354875,NA
"1701",0.966770506688414,0.962207222096354,0.909015071990574,0.905033823802836,0.836728860683014
"1702",0.971399740450931,0.818363544574137,0.772924057912913,0.826348388778024,0.735601434365599
"1703",0.936659976051061,0.984416861490119,0.766661868885144,0.826352900760042,0.813137538090955
"1704",0.965845604527468,0.869207109394394,0.953981794999997,0.906335992210096,0.759721534431455
"1705",0.972580545820254,0.724618423072404,0.968508243860968,0.723362973645067,0.620404857816551
"1706",0.965999539922736,0.962241639150378,0.840862872748966,0.848496863060428,0.76460261449654
"1707",0.865799005153221,0.864578840044113,1.01370565388364,0.826310066306425,0.766565256835477
"1708",0.949266749007766,0.974544193239327,0.702783260729794,0.925922833662094,0.64903813748192
"1709",0.892100293018608,0.979936808614182,0.906242023366127,0.715693680226579,0.8392854130688
"1710",0.945679477184073,0.907852083578993,0.737886971850131,0.827945866997685,0.862941480494651
"1711",0.968246073978124,0.990096062572298,0.817540413908326,0.920980034908684,0.700059941077602
"1712",0.940459893949898,0.968710216763608,0.850169881941114,0.751108414465016,0.799472466209893
"1713",0.960238275014621,0.883577320011281,0.974913685092517,1.00876454441076,0.674120911296828
"1714",0.965384855150719,0.825104402424067,0.864932150989891,0.624944271214968,0.882522083297215
"1715",0.962307990663834,0.943858090029248,0.758529965730365,0.800570935245765,0.816343099142437
"1716",0.97335579711318,0.822118656400523,0.809833790591466,0.574243503187932,0.675687421355443
"1717",0.961150444231442,0.98531929694471,0.879389212544418,0.969236971507903,0.655104149089717
"1718",0.938718386539388,0.985199814740869,0.846718809553588,0.875757631506949,0.85456690812387
"1719",0.966476326413758,0.991994783403627,0.756704296512887,0.680426125399147,NA
"1720",0.975061962202403,0.863455108168033,0.796987956389533,0.559838779813017,0.841234840577705
"1721",0.885201229444107,0.977050170040069,0.784991056455475,0.857968852636879,0.570900511036831
"1722",0.919110768231336,0.981491358318389,0.974674856926657,0.847338736585459,0.733124612131368
"1723",0.968262521294565,0.987726539244784,0.799661059232918,0.81297227173103,0.738877295433087
"1724",0.945735592931797,0.994359586404362,0.806308715343707,1.03213105831211,0.85037043937787
"1725",0.964628897860252,0.98045911780231,0.930092305142771,0.781094244042811,0.798472573104749
"1726",0.984218130292461,0.986495789367901,0.819641357613342,NA,NA
"1727",0.889515889349611,0.98052138130758,0.870867045126312,0.863291725141381,0.897710258098195
"1728",0.97059160184766,0.965039852732827,0.881956819051789,0.820609633790446,0.955221408560284
"1729",0.890652452224585,0.794664257455112,0.882766212473622,0.905800332265639,0.600859130696477
"1730",0.946590412225473,0.972922803615182,0.696311954549587,1.01685434798008,0.780232440763503
"1731",0.936243586426023,0.979423350112942,0.839295285281699,0.834800092136128,0.749689373562253
"1732",0.839583079246057,0.983195064847109,0.879997283012014,0.956530834544587,0.825378956968692
"1733",0.969696193182404,0.973886965229701,0.869957015131122,0.771369070703821,0.643968694969397
"1734",0.978075000315726,0.982790152193382,1.00708760592514,1.01605622902759,0.724152681490781
"1735",0.991261894545501,0.96044866707987,0.549898507013717,0.964016746965511,0.770005580501234
"1736",0.979182760427918,0.979308913469956,0.691017088735073,0.925866198572366,0.841796793310271
"1737",0.960694993959076,0.805868322476187,0.717561356945477,0.889401962442507,0.750683251916819
"1738",0.961220257335931,0.910770757171737,0.688541012737483,0.879203073266754,0.920745944298192
"1739",0.933395694079611,0.959878951814376,0.9117056165473,0.898877521353125,0.824427718953289
"1740",0.97132899999558,0.975723136163407,0.837443894292815,0.892793908654587,0.761944978953109
"1741",0.891725732352904,0.973079221811858,0.83776966779704,0.951567547688568,0.724584084085585
"1742",0.945811377013727,0.98840286798273,0.688658849971245,0.698839048119313,0.738996432050097
"1743",0.872260528451601,0.967353432205748,0.758123990701021,0.70151497490369,0.784672079404224
"1744",0.85902631286247,0.977584890539854,0.858710386776938,0.96180456084609,0.75518887509808
"1745",0.975800212528515,0.982561456459378,0.996337924844435,1.01177893220207,NA
"1746",0.956157147931265,0.908335750390197,0.94779334374994,0.837461190842849,0.674324983399768
"1747",0.880080484299024,0.992820697101131,1.00261806910584,1.00241584041302,0.74706270138384
"1748",0.968532952397408,0.963453818025445,0.741930987219761,0.923210620094664,0.827064291293311
"1749",0.96971159773652,0.92426139776973,1.00971914927479,0.83430835909335,0.755121033989553
"1750",0.978365196371531,0.971920195113335,0.785377760199623,0.783162689443081,NA
"1751",0.926878420612345,0.991867707530717,0.970321320332299,0.757702069303924,0.5339213397147
"1752",0.958263640949371,0.982415796057235,0.999153877514844,0.821835140791234,0.664655137226406
"1753",0.872258803105925,0.98057296408477,0.836843341203889,NA,NA
"1754",0.880259116210575,0.970883230739265,0.892471567465307,0.832272527452201,0.86667629673731
"1755",0.921124322027338,0.961876137433599,0.866334733744092,0.878979473746609,0.841984288763214
"1756",0.966535234912524,0.981684479464321,1.00323919327345,0.884896625097246,0.65946045644921
"1757",0.966391808130522,0.836367466377996,0.994904257545158,0.965751528909676,0.908121078259858
"1758",0.855508614413661,0.909526746561819,1.0255061217401,0.898751455887511,0.938775868144914
"1759",0.969920425807968,0.992256736230946,0.924937108861487,0.909580798681848,0.549305076906543
"1760",0.968411289210634,0.840593550124873,0.894008042634915,0.916353264143703,0.81543449397271
"1761",0.977440074270853,0.991168423984948,0.765294572588436,0.815307198050553,NA
"1762",0.898667569116845,0.995485672051107,0.875856806845268,0.635540483270452,NA
"1763",0.940886540204494,0.983205911768846,0.970660274094477,0.956113491404986,0.554329790076429
"1764",0.913555080673897,0.980430296574115,0.846127844526263,0.905080105189078,0.803684846451158
"1765",0.971083878677402,0.977378897714011,0.801234212452168,1.03278721125686,0.614629176209658
"1766",0.961181237554053,0.974104152064831,0.793464671157034,0.872087763487344,0.977749869486782
"1767",0.848524660984635,0.979722477845929,1.01541560856501,0.962671886342159,0.621549643680524
"1768",0.876941292426017,0.903791802061369,0.701601291851508,0.66159852535858,0.829128554497851
"1769",0.972520852808439,0.99292594346903,0.79680387987087,1.01663411489524,0.60660601005682
"1770",0.979899259006268,0.972638856700726,0.828215477406721,NA,NA
"1771",0.949790060770712,0.921501261193338,0.922478615264388,0.848909799389078,0.87687325162673
"1772",0.984142506662558,0.939777223973828,0.920251112464632,1.01647781684523,1.00989944557393
"1773",0.963478889960208,0.874268233979026,1.0249589693952,0.958962878572042,0.681780002268472
"1774",0.879370498361084,0.988342839808271,0.828434762926844,1.0240376721123,0.740798919536052
"1775",0.941681574992354,0.989174677489205,0.842993743066769,0.851743475092342,0.745580216114913
"1776",0.943802952034324,0.76018586440713,0.80488014115015,0.902872680916486,1.01191250773388
"1777",0.964141218344849,0.85321037517593,0.796122370029643,1.00726299194065,0.604500826120624
"1778",0.966683851094645,0.984043849163619,0.953415770965775,0.793862650371337,0.748366359194525
"1779",0.976162690395643,0.973800605104959,0.898451202634631,0.842332420829214,0.911939401396782
"1780",0.985465648922279,0.997594257553917,0.77272879447668,0.771903151624762,0.929335639467022
"1781",0.98325665587628,0.989373268389184,1.03815045222068,0.871284337222948,NA
"1782",0.984442272702882,0.981232911113712,0.734145316962232,0.845113068307633,0.780108992261319
"1783",0.885626933040096,0.843436043639977,0.756896323317988,0.715038300784227,NA
"1784",0.972873193655858,0.856998387003556,0.702671215618734,1.02960039012571,0.729735492675254
"1785",0.981657838997868,0.747907261280663,0.71034596925484,0.93141492917299,NA
"1786",0.977104794029085,0.915919702452098,0.61252898559319,0.727880017296797,0.895409533965749
"1787",0.897548449132343,0.949071959683275,0.824788262380552,0.75354003509603,NA
"1788",0.976873429493698,0.768706210536285,0.784430961591222,0.750036618090796,NA
"1789",0.986802436892435,0.812452578482302,0.822003245877735,0.955407622728543,0.755441305879588
"1790",0.9778715124646,0.968066045245657,0.796655094150405,0.809316810621922,0.889482226972317
"1791",0.938876938017698,0.908289182743279,0.752232748664968,0.837215561698241,0.586870701660922
"1792",0.843791874224493,0.877955868125251,0.812771790493646,0.967712239936725,0.891106304194494
"1793",0.968676645016028,0.987677038009038,0.816236120179732,0.653349399575035,0.831278086711397
"1794",0.965302445688653,1.00338718645123,0.813049166423164,0.619765520251883,NA
"1795",0.968135281311035,0.880412797142585,0.751095047643073,1.00695847145511,0.773030222655955
"1796",0.954616330946397,0.953968689053802,0.843003165922376,0.740084049702247,0.823246812058111
"1797",0.964352121581784,0.786268244687211,0.906274765507614,0.881843984141286,0.816413958812997
"1798",0.967849415886019,0.901629376716856,0.71850149783185,0.8719371882513,0.880159394242537
"1799",0.897856960385694,0.907669712657329,0.783363854797085,0.972006965493113,1.00319284136231
"1800",0.95585208141572,0.944632027863373,0.78185647379684,0.962169488791281,0.630268732525896
"1801",0.941250073712871,0.558271489362077,0.817801176065121,0.921594481995048,0.91149944934153
"1802",0.957874709688395,0.768155443929362,1.03010754026132,1.01360275791968,0.624752071914669
"1803",0.93292845750245,0.881713922691816,0.765945309800663,0.984658040333979,0.808192556485142
"1804",0.849528663412352,0.909269506194265,0.754931274587173,0.939500987585142,0.798491055051218
"1805",0.985212895886588,0.957850456575681,0.950421874215866,0.753576160169508,0.638033183523039
"1806",0.876021189756447,0.988898301551935,0.962634739866805,0.643436526241203,0.46744991703035
"1807",0.979081024861513,0.700080999088937,0.851520015471044,0.850987230990778,0.920605178062456
"1808",0.968337881864685,0.917252041118063,0.879135989951378,1.00489383278234,0.761499540932791
"1809",0.902860155367909,0.97000326555263,1.03710075726376,0.939961403611055,0.860865255464602
"1810",0.922587498190436,0.74350507781312,1.0203603006245,0.689458297815821,0.918672392768288
"1811",0.861007888455115,0.986325107724475,0.743733827585718,0.929378965797023,0.616343332566249
"1812",0.969516557090952,0.97443142682418,0.894935485438985,0.596039433994472,0.787299237154719
"1813",0.871702462610697,0.967831526350251,0.892596880176011,0.902115868401385,0.646406136051462
"1814",0.953419073508214,0.977310613390574,0.804200132931996,0.675509487926839,0.736917563581567
"1815",0.973810285237952,0.979841176326659,0.701385907483325,1.00486227217206,0.7063750046235
"1816",0.967808698637964,0.996317438063189,0.879895779075535,0.956856547203449,0.654688262788683
"1817",0.869699878908549,0.970661095565194,0.961014760329662,0.820897748958205,0.689229732656484
"1818",0.837993636899027,0.757248250836825,0.914515508860841,1.00833231891107,0.748477045148626
"1819",0.880251174312799,0.918510907518511,0.725269011507375,1.01511185310844,0.804306404431649
"1820",0.937762189594039,0.92054878732416,0.893595862843975,0.779718742294858,0.933100945786332
"1821",0.967005756129436,0.910487569752791,0.768361734360544,0.925041292908777,0.646019980678739
"1822",0.957317336875319,0.990023107290389,0.728199028122142,0.965381387507344,0.867357958870265
"1823",0.943290798886702,0.999427825399999,0.819630140870498,0.824853548925712,0.960670440028372
"1824",0.970168135796289,0.909034001110926,0.882587878242917,1.04177600735661,0.937238249737874
"1825",0.979208932893498,0.897194544372072,0.881403783307042,0.72821903392576,NA
"1826",0.955675628105482,0.833440774525086,0.847411621041361,0.925755513753666,0.932073813039145
"1827",0.710402437366133,0.978751661815422,0.832479384322789,0.810263030084117,0.671700785682663
"1828",0.974067496303461,0.887105602892801,0.936737895685442,0.824170209510205,0.765458296370024
"1829",0.969086007822877,0.726980281614408,0.871679589958952,1.01855656662683,1.01843938048259
"1830",0.983930297066127,0.904546564188477,0.730607454896914,0.879336640839623,0.533722761539664
"1831",0.843106047278204,0.983256606959954,0.738562763097837,0.892715225049301,NA
"1832",0.963558345868581,0.978898072312216,0.73303734107949,0.847669979084415,0.800980729282738
"1833",0.94834995003248,0.988764550892507,0.705376081685989,0.686832656713005,0.707858651717966
"1834",0.953605418567962,0.989096360925356,0.771694402241495,0.874110124159314,0.786613990015008
"1835",0.942077281171365,0.998777861458508,0.788593140141714,0.895155751259345,0.802947161463881
"1836",0.9603842707067,0.888488869399949,0.89436256356705,0.92159411916527,0.534228027441498
"1837",0.97383160226676,0.986831503401311,0.843094153595125,0.698234361902105,0.681693842935741
"1838",0.97412223304887,0.978131107062594,0.870897286310751,1.0109921374621,0.650204019107241
"1839",0.771294237248826,0.907839153766708,0.746525284854281,0.852626801535666,0.921574145786247
"1840",0.975257892717346,0.76085880670837,0.88978979331692,0.961292219411746,0.757903210870424
"1841",0.974561165059805,0.932000688942708,0.754803656302262,0.751346964077635,0.733004348966209
"1842",0.981870002084689,0.936717660922742,0.81637097276779,1.02101875073923,NA
"1843",0.951671092054838,0.799353486756506,1.02449331614963,0.983817712132755,0.616816052771899
"1844",0.967375410760423,0.983646237803146,0.961386117628746,0.911716935336114,0.80842870458688
"1845",0.905381796919051,0.954230904840789,0.765802618746918,0.888705099702515,0.715112053290195
"1846",0.949345960081283,0.863334367224048,0.769805077308614,0.840718624163604,0.84916979226323
"1847",0.968357452343059,0.911144754076283,0.803301867538637,0.891797754285187,0.656245975639178
"1848",0.934312669891958,0.830804488670663,0.861245248746277,0.963363440802142,0.66856435553337
"1849",0.965040831926797,0.906816457041622,1.01931162491042,1.01414762875388,0.980300801663996
"1850",0.979354276582103,0.982935336117817,1.03100423490009,1.01544660378257,0.781331156971197
"1851",0.966923142968098,0.982686454003671,0.638509762056196,0.743011228035288,0.876414718709765
"1852",0.977870058597645,0.937165758304119,1.01204585533993,1.04652250508209,1.00356990004537
"1853",0.976935775570744,0.988348776510795,0.991780389007742,0.938330658671559,0.730158629073741
"1854",0.876686071601059,0.978068721352021,0.846218216261257,1.01270759139147,1.01442651325854
"1855",0.972184420920715,0.98524238367094,0.720401472204346,0.829099546790858,1.03051630595916
"1856",0.919182124348099,0.771017922759722,0.79706808885732,0.564179241991803,NA
"1857",0.83074565767981,0.913076611351349,0.661522846680247,0.853651266343499,0.739105426234456
"1858",0.977115711947909,0.976212370453839,0.788324405312524,0.913213994559869,0.690285732907534
"1859",0.961183584386996,0.988673655647106,0.738061520954048,0.830468911148701,1.01874160972957
"1860",0.936870739600675,0.928971426277664,0.805009138132662,NA,NA
"1861",0.964435554575855,0.971822733794818,0.745115201347363,0.872228906574333,0.682781244742123
"1862",0.94380464440173,0.947390881346791,0.674084391483056,0.878580603489623,0.875467827495063
"1863",0.935950807359185,0.985685872757436,0.900563989535437,0.595302400908994,0.762630148400385
"1864",0.966096928610557,0.844113056054992,0.694263377317781,0.870529428324238,NA
"1865",0.961485950976858,0.910277197974466,0.819155307629471,0.766371357264567,0.640344972980477
"1866",0.943333762697024,0.960134447564837,0.797803484400832,0.789759316859063,0.637245422626464
"1867",0.848122796465783,0.864888823074622,0.887915469517301,0.76105682152,0.682931561236838
"1868",0.977583461787687,0.830082807712344,0.783108259391826,0.830120221215047,0.650179902135492
"1869",0.978360893412111,0.983857912773933,1.02113617302144,0.869196638168969,0.880795047403173
"1870",0.898762118398717,0.989306867038223,0.978039041598641,0.827583905462185,0.687317212508712
"1871",0.976981382663609,0.989240150835277,0.658493362982268,0.75716478379183,0.712688213976052
"1872",0.955312528200092,0.892688094428573,1.01440884007429,0.77378909027075,0.910536905802843
"1873",0.963937720401113,0.940860831531875,0.849511992099509,0.842952831633315,0.665137665748834
"1874",0.969905341786881,0.857248642223666,0.923977142819029,0.826154903104876,0.747843837651683
"1875",0.915197542941997,0.980091201553097,0.893854598111686,1.020595947939,0.80846802766495
"1876",0.929201742104844,0.885069599147165,0.956425707338205,0.780983734244031,0.617010855360106
"1877",0.931395527498327,0.996992944655692,0.832251293840825,1.03299578897736,0.928949114960577
"1878",0.955585024191409,0.902290621556782,0.704459213513332,0.685036284641572,0.806148235796831
"1879",0.978382954344839,0.905409372159883,0.983964038851122,0.816721704530054,0.976379002165816
"1880",0.938242989809241,0.989557051944791,0.879492058569327,0.994217279349462,0.67263466840047
"1881",0.925429723184364,0.975596026912873,0.923684923922821,0.602815994568448,0.856391900900409
"1882",0.865549222218912,0.988528065053089,0.980666411319597,0.824789640824306,0.690666820188035
"1883",0.975636849131218,0.918114800914409,0.799161863368918,0.789720959193716,0.976330408981293
"1884",0.959807767932648,0.785848843046532,0.970794254482873,0.858151636061861,0.687331028876324
"1885",0.944367720319642,0.930009349340072,1.01403378765734,0.77434989407854,0.569237145173959
"1886",0.985537164510399,0.985195454478175,0.851953579221389,0.628258875759784,0.691712331478408
"1887",0.871046907332293,0.985779496475997,0.921278830459822,0.7985418316521,0.991334953283818
"1888",0.950983327815461,0.990521178354266,0.935075762053229,0.902986828492947,0.680409758461023
"1889",0.883339896959383,0.872672614013098,0.888480620854748,0.937102489024294,0.642201959372203
"1890",0.912807409477339,0.767676088746581,0.784451856742543,0.809626454796534,0.611046397514448
"1891",0.887172485949134,0.963422985765008,0.775264201397763,0.819736526224135,NA
"1892",0.976595484577227,0.970562624569215,1.01675153131623,0.956453797579616,0.87860377914472
"1893",0.923452657703556,0.984167469703409,0.798323627513716,0.658615450081782,0.963987408817355
"1894",0.959443932826092,0.996992515691563,1.01861153723911,1.03353325019649,0.777221930045662
"1895",0.974406778924834,0.975576157368911,0.758107339824109,0.696413687796168,0.784687166878502
"1896",0.946494462264056,0.913556044763966,0.798195189439607,0.925295831700352,0.638619587472915
"1897",0.902139753600871,0.887716039358087,0.837913943841003,0.910082692402359,0.648296252525997
"1898",0.97032317534225,0.921054756713061,0.922255594232526,0.856165330160291,0.679314608722266
"1899",0.892689355843884,0.887906567131039,0.983125221000716,0.946448690177553,0.842727880868727
"1900",0.950857581148418,0.993832486544046,0.784705579616651,0.923418419109604,0.439421639610066
"1901",0.968654461986412,0.992782685591157,0.789042506219853,0.796413056207991,NA
"1902",0.979887236965265,0.971728935840407,0.850913273681514,0.913948759943686,0.921151577912596
"1903",0.950930995381618,0.932571085919519,0.824131696554896,0.699163572371652,0.791740086635498
"1904",0.881528833103403,0.958003434619791,0.72336141549582,0.842176721996996,0.576532471046441
"1905",0.948341535239557,0.986966087472456,0.797013191833471,0.771649142457781,0.820210628255662
"1906",0.944825544996317,0.837098033932635,0.820865599912085,0.91326543535312,0.786183696309836
"1907",0.968178941211775,0.871479645598194,0.782907292600181,0.929299683079379,0.726722106129594
"1908",0.967393778198651,0.978861278718728,0.810165193330469,0.806799829309329,0.817658241898124
"1909",0.92174297507286,0.963243279027413,0.759632378198585,0.80831051467774,0.591584331553327
"1910",0.975546657975779,0.968683812222248,1.0153343686357,0.890579545688773,0.875857021184621
"1911",0.929053873184534,0.932443640143567,0.920533989478623,NA,NA
"1912",0.672330701203442,0.975461189656617,0.926962685386864,0.848435486234712,0.73899811669803
"1913",0.898694582926799,0.823960818681835,0.84550524289942,0.917367225631609,0.785193032521692
"1914",0.950064090082277,0.872646520797521,0.594082194593665,0.756269528480221,0.645314750450411
"1915",0.924806349512462,0.857324860605858,0.802398763576229,0.638842796134664,NA
"1916",0.957795318745921,0.74819308560872,1.02779453762351,0.78552538370081,NA
"1917",0.917695987023339,0.94073194587223,0.854299693692789,0.891035238796631,0.660762936702475
"1918",0.919373846653008,0.975128042910643,0.869665129536261,0.909605333684194,0.766149757325994
"1919",0.847166046082674,0.98581574475133,0.921588893386187,0.822027291822661,0.624325689650792
"1920",0.969833236711391,0.825764471576696,0.784947304233971,0.816927099227593,0.728142377035067
"1921",0.966878924910154,0.806559106757091,0.630688651574876,0.762544043712018,0.534186584544523
"1922",0.975229254595984,0.989704739911196,0.882299045207721,0.933923396766027,0.652547512571944
"1923",0.933212747305073,0.837039861237596,0.84112169085495,0.85555946876328,0.77829231155355
"1924",0.878930790192706,0.986560470886047,0.888993153619894,0.836105632003927,0.663725591239271
"1925",0.978608583297194,0.763823032635126,0.979785488476891,0.904613481299668,0.845573905771472
"1926",0.955292412866578,0.980106667896698,0.8949199533743,0.788227579019178,0.702516312128785
"1927",0.967154055640721,1.00290340628809,0.799931185115832,0.817852303413531,1.01936791458108
"1928",0.95400001364549,0.977090096135363,0.818054330822521,0.817373434710368,0.675374993671285
"1929",0.961677668485087,0.906279502411028,0.821374788588244,0.78061977767429,0.634414013427744
"1930",0.965821341384914,0.971576076821967,0.76304019279665,0.787292972598969,0.782683911097979
"1931",0.97269714238071,0.915378167908642,0.685390682324911,0.768604370859875,0.873079070651734
"1932",0.967743001400429,0.807537636887567,0.660226960942158,0.721174725659299,0.634021520700692
"1933",0.963475425820004,0.894279269235654,0.782532499459572,0.568188132011002,0.931993288953634
"1934",0.871775233707993,0.942402323160068,0.813757831061641,0.870666199741074,0.953784235368481
"1935",0.974590425379597,0.967874252123228,0.96649474324545,0.649267628853538,NA
"1936",0.956698171400922,0.993017529007683,0.921064576225005,0.896816886950047,0.759371482010056
"1937",0.963386503683953,0.910723348060238,0.809523341078012,0.914480528223346,0.898851756364194
"1938",0.94084180766511,0.95906187108781,0.90618004817286,0.976576546238518,0.792288829262178
"1939",0.973012888422135,0.981972080476268,1.01689017589337,0.755234538493442,0.693450163463125
"1940",0.82966607034254,0.954265981573069,0.805590009105934,0.909205847134063,0.593697372196326
"1941",0.914735201518988,0.821937434995745,0.750873302134297,0.870784993483246,0.731759260913209
"1942",0.978087185400411,0.958913567709688,0.869059890828753,0.881808885631994,0.762712377854847
"1943",0.974683843017756,0.882293417793437,0.845990573127686,0.774096465742892,0.856372025171858
"1944",0.966682662057803,0.917222571124261,0.894895596784662,0.910606116827058,0.665834159864797
"1945",0.980613564438455,0.935763985373546,1.04122798980307,0.916623123032882,0.770173100875715
"1946",0.979949076861595,0.89790479123267,0.828400533366848,0.864340104011037,0.738909674099957
"1947",0.868816079524324,0.991487336922465,0.741022975089116,0.931329821149573,1.02024013641088
"1948",0.903861911289367,0.971960665375095,0.924729269676435,0.928636086217201,0.900875585765616
"1949",0.921350069154098,0.928536391195198,0.694250451310047,0.802842988587246,0.940874763259675
"1950",0.97609198097112,0.838497679582799,0.734125916670768,0.776711945666809,0.636265584860743
"1951",0.979211214436192,0.790149095461957,0.656407811509973,0.658348682872699,0.856094138799354
"1952",0.972341826517358,0.988071977603024,0.788611418319074,0.845346988547685,0.72330932553375
"1953",0.919340917782992,0.916489489924034,1.03357194599847,0.919352111338306,0.795509994888767
"1954",0.969376063617206,0.964410238247179,0.932675918888877,0.837941340714223,0.645750521359416
"1955",0.920280772487971,0.909363989322851,0.558517838071502,0.758894596024924,0.85045752946439
"1956",0.978725059312079,0.973229329024799,1.02822322340089,0.847465970887638,0.804687313278695
"1957",0.787194703899349,0.980900159149652,0.671261047181825,0.794790054377148,0.955631074469408
"1958",0.962667763083896,0.755204708836803,0.784660810880807,0.972753163103764,0.807213476440078
"1959",0.919371032770056,0.962043395086795,0.752479540624259,0.850375556330155,0.733536521848732
"1960",0.963101245740812,0.942878451495432,0.712239922213659,0.901388994768802,1.02912625807189
"1961",0.878293493546976,0.881839790030294,0.836601602907176,0.753743915457614,0.744181331164982
"1962",0.96619259706204,0.90954129805994,0.636655949175499,0.912678592569803,0.71685353164408
"1963",0.961666138883486,0.949570026687533,0.88876914360216,0.751654574518977,0.705740792837014
"1964",0.966674409031685,0.952076604526181,0.746822059217159,0.78786578333258,0.77027176850192
"1965",0.732966464632164,1.00299904679762,0.752443538744884,0.750198522303647,NA
"1966",0.971814061750711,0.969060842241449,0.861496469730677,0.668207956841619,0.915342663341802
"1967",0.956927914301042,0.989146370232575,0.927173357587448,0.581445698885063,0.579405489549575
"1968",0.806412510087083,0.985303649480278,1.01314293191237,0.858073358356311,0.698862229489204
"1969",0.944130786792815,0.949403542235491,0.794887939479105,0.715145440200399,0.603381357337381
"1970",0.976898560024354,0.985576827565389,1.00773975234234,0.961399879297117,0.690275067910832
"1971",0.736089909591715,0.960965555641163,0.937179855111741,0.940791537596187,0.712395927144664
"1972",0.879400928663293,0.967630034698475,0.842465324733481,0.795937685834404,0.641760988062184
"1973",0.975578417460924,0.905081784377966,0.773689354609633,0.652295622970453,0.806736202161818
"1974",0.975912716552699,0.88648225501171,0.97784171389292,0.746965723214328,0.772825885332158
"1975",0.971813848251641,0.905020042692346,0.808343598423422,0.736207291802543,0.935088617729424
"1976",0.971213380543597,0.864997969685912,0.780173884605139,0.754920009633943,0.907910800510073
"1977",0.968313823501245,0.934715475364155,0.676369310832142,0.929493328569095,NA
"1978",0.962702067548621,0.873416236964853,0.866409726878121,0.856670772164687,0.575779458169817
"1979",0.943144202627558,0.935331120955714,0.81319826857763,0.809025831802866,0.901370650315135
"1980",0.96366158843682,0.935153317715581,0.9850409670133,1.01851883616479,0.768004743187213
"1981",0.850411241589444,0.970689051758108,0.851797396085019,0.586816270542379,0.731097942505622
"1982",0.980718970192589,0.96924679543317,0.970110037682702,0.893135342622366,0.877311217028034
"1983",0.876434220926236,0.814383305028263,1.0074132426793,0.843160256715947,NA
"1984",0.930509553583257,0.905358270041938,0.993922242241114,0.981743148018587,0.592982755699882
"1985",0.713336357597237,0.959164956656555,0.834619565053134,0.795634703229188,0.779248256148312
"1986",0.958003931771822,0.979180799249922,0.910453846220455,0.737693537779212,0.781106637823218
"1987",0.970318525375083,0.891996473714576,0.716138809867789,0.75529142971235,0.702403446945565
"1988",0.948788249079938,0.819192795314374,0.811035561840444,0.955521479825509,0.750625376468617
"1989",0.97741250483268,0.813248974982424,0.863318644977833,0.912513473590213,0.526106030705838
"1990",0.9676435637607,0.984770416155914,1.01446291424657,0.825607827214573,0.727668233373134
"1991",0.96061481582343,0.985880607335838,0.946000163429203,0.732325606239096,0.77768532572754
"1992",0.962136514727884,0.862974717261869,0.823856572926434,0.698902572188722,0.769064272426683
"1993",0.974931645049749,0.959210089145448,0.914797254266074,0.807948708305747,0.852447687069316
"1994",0.959783995392109,0.957220717455453,0.900655717118945,1.01929861178936,0.880805691598887
"1995",0.919650413175389,0.865909202598291,0.928967637679389,0.637676111702158,0.520157347474257
"1996",0.866290572595625,0.926716812310949,0.896884368727377,0.729500487825583,0.712057721952272
"1997",0.857465555761464,0.763359423191793,0.836357799346671,0.821715496714488,0.913770367601572
"1998",0.893276845086912,0.966453639410275,0.798805144109957,0.776701954732119,0.526414576527376
"1999",0.958475526236605,0.991618112275149,0.717769642541992,0.680107112465348,0.795332573688116
"2000",0.895632349938697,0.988604351892561,0.643727351527692,0.999373750480908,0.788206322130183
"2001",0.951571912711593,0.998432034732573,0.758625954046653,0.783456064969228,0.623947298648462
"2002",0.961155105235026,0.787714344868228,0.883103279292223,0.597303045466301,0.742179198471427
"2003",0.981879237348869,0.980134348947874,0.808733381271782,0.772183968445482,0.847463775133462
"2004",0.974868076138723,0.945764864251321,0.888652040478812,1.0019762169112,0.701306941918902
"2005",0.970022751636088,0.972677698042423,0.803472365224688,0.880065857578988,0.728172901213171
"2006",0.973787137263866,0.899037470028481,0.714108676546269,0.923458505727805,0.765606204007091
"2007",0.825802129623747,0.976326251014865,0.863698012182883,0.759898957290952,1.00320004416888
"2008",0.902255440978522,0.909612530205514,0.893084009148246,0.833306643967029,0.768948244451586
"2009",0.750990191518755,0.994666002260843,0.996426478372446,0.91479410568036,NA
"2010",0.924532746913388,0.981732913273107,1.00793003634187,0.742307052913636,0.796409288079395
"2011",0.980634206888214,0.892826008313156,0.923465317234012,0.875006549891563,0.781610957892947
"2012",0.841451129961692,0.917690839275539,0.929557339615258,0.689350144788917,0.638905995847538
"2013",0.840862179031115,0.973011271431756,0.884350985950688,0.942398482862725,0.746903530380707
"2014",0.958809358320876,0.959185095853582,0.931283896533458,0.936027639517328,0.724210578073132
"2015",0.976595290011609,0.987483264326963,0.683402627263153,0.745417240839374,NA
"2016",0.939815631954906,0.842559501318009,1.0174862624528,0.779765587307343,0.773320997955961
"2017",0.975154303169298,0.990126878818005,1.00983815893965,0.874052493709553,0.924995579756642
"2018",0.955863454265412,0.941055160189695,0.972510689869676,0.919112532588901,0.806428341263736
"2019",0.97215578633887,0.975572938550573,0.915345895891615,0.882613443156301,0.976842699296841
"2020",0.849783792580712,0.903852967211732,0.830734318646514,0.862847392811762,0.694111659348516
"2021",0.950135956789866,0.842041102051735,0.682067328536912,0.805902549014612,0.804130202171268
"2022",0.96410162012745,0.990240539306326,0.681884598887342,1.03534455895406,0.640990105405966
"2023",0.973671870950376,0.879623974329323,0.80737604753555,0.884735956016854,0.717812107409143
"2024",0.974725911585556,0.908528731732817,0.886327803444332,0.763433138331614,0.760369173700411
"2025",0.976160728491282,0.963268867081002,0.860788491938412,0.902096776764763,NA
"2026",NA,NA,NA,NA,NA
"2027",0.903961177988062,0.9210961774308,0.910569789494792,0.800579440502146,0.845171256387395
"2028",0.947727967456437,0.926155167567466,0.875911622652711,NA,NA
"2029",0.951125649876984,0.88030340216741,0.885253474466842,0.951844882419541,0.790622211311386
"2030",0.93534885597684,0.974566392382196,0.773351929549984,0.808482094350203,0.824822442826192
"2031",0.979265557062424,1.00285790671355,0.87823755424084,0.872103459699677,NA
"2032",0.79475877956333,0.905500922401559,0.74142628005831,0.774211756271812,0.766567636362569
"2033",0.929301161382711,0.960269720166729,NA,NA,NA
"2034",0.910371835768467,0.948791506183098,0.967668129688985,0.690772593211011,0.975856925012069
"2035",0.945094579956243,0.842088018274407,0.765717902134934,0.858737306985811,0.613715533490636
"2036",0.954611294788718,0.689802948063308,1.01893406292809,0.853103381059345,0.915599804582585
"2037",0.964996201111913,0.878741554438631,0.634244694414372,0.742826450619587,0.770474238867106
"2038",0.975607740663341,0.961444766805983,0.686465524961775,1.03546532864324,0.910684919682002
"2039",0.944356814559379,0.9750927929072,1.02950941512134,0.912052235669891,0.660881586389391
"2040",0.967430290578708,0.96214195806965,0.796029463042219,0.854985688788712,0.776834722288966
"2041",0.97547576286085,0.973794152872559,0.8714418091104,0.626941077874598,0.605264843969827
"2042",0.869239609566726,0.91750906848276,0.906548774382072,0.859568985636792,0.768167887210041
"2043",0.931176622354365,0.908928594209117,0.891595606599106,0.949046882056835,0.785911627629707
"2044",0.966235468314625,0.9706201693978,0.696333797696836,1.02848332578134,0.759067814287402
"2045",0.917698605265662,0.872798593365804,0.873310615224456,0.974305202144096,0.722810869110125
"2046",0.945055121801805,0.867896732638099,0.702614605104073,0.870119779846778,NA
"2047",0.88597416116186,0.958284318916153,0.76928400247364,0.87504013359122,0.766921343072874
"2048",0.986951715363432,0.930289343523836,0.805119480001607,0.763100519976234,NA
"2049",0.969248945781695,0.833015514943496,0.916711976789909,0.911544425012574,0.831584118419875
"2050",0.955411854924534,0.938698663458704,0.923908785308854,0.554392590865649,0.400561911463447
"2051",0.964893429490353,0.908782723363598,0.66347489132791,0.800891263973764,0.641920759369432
"2052",0.961597521512544,0.962522644666061,0.894876480105171,0.882420340686448,0.681959946865348
"2053",0.971489388856071,0.890479017826071,0.852085882574247,0.853636476144652,0.748669347989862
"2054",0.906793171535187,0.976087279203341,1.02754107768548,0.669781922970336,0.587713131739832
"2055",0.98586131775788,0.907554961205653,0.800137862965287,0.842651989598069,0.526433833999897
"2056",0.762398841933476,0.899500678332961,1.01395440853551,0.834535859650503,0.671722261556636
"2057",0.955715863929462,0.965358288794199,0.765198448056814,0.908302922565399,0.789016668376499
"2058",0.966238300795573,0.994568887700051,0.794852313588832,0.904683268725101,NA
"2059",0.97243670690414,0.791778532742732,0.76293390858343,0.73570936278696,NA
"2060",0.96798513457512,0.826868421914582,0.732441787447741,0.829045850721193,0.751893042193661
"2061",0.970353785214243,0.933751088966402,0.615872028655791,0.896773838792752,1.06527020907967
"2062",0.97579295456451,0.972113715925028,0.85734009049631,0.881980679066851,0.729807458712056
"2063",0.943327954667154,0.990904700103776,0.853537685881207,0.70346283646358,0.642540159458366
"2064",0.912262831226028,0.927449721134649,1.01003676193912,0.5431278193631,0.600051119078742
"2065",0.975868473751098,0.901513860453589,0.756364420565563,1.02270514100323,0.654176078934818
"2066",0.936154951842375,0.971162401303137,0.818473385502147,0.693301711941626,0.819523210089047
"2067",0.97101395741525,0.921691537384546,0.860198352765614,0.779639884694345,0.741627253217488
"2068",0.964757972091973,0.953505796694086,0.733124895225125,0.682022932459946,0.708388246096758
"2069",0.978958195837917,0.981745043739399,0.714039345944386,0.78336199602204,0.636788927079573
"2070",0.849889312076194,0.988861340117449,0.800929294125428,0.977498405423189,0.9030327321741
"2071",0.960750890028947,0.972676665222944,0.778034392461014,0.913431707805539,0.770144910939259
"2072",0.967010951886149,0.830677817973892,0.788418561586897,0.929917419106624,0.817586710110875
"2073",0.981817227526012,0.97947145392145,0.800791953833209,0.874373181636783,0.640179585210907
"2074",0.980519401690798,0.885075399162681,1.01216224426883,0.846110072667439,0.949062203515425
"2075",0.969429035592363,0.902416778700649,0.771613046497325,0.930653071404929,0.611192120021114
"2076",0.983299692883702,0.986366193703347,0.917296576742081,0.951491707675691,NA
"2077",0.967683036147956,0.986190588272637,0.834020925381779,0.932308424580833,0.801700896754038
"2078",0.976963590523945,0.85973399386934,0.988049897921138,0.743730814799976,0.559631936392803
"2079",0.946716980776713,0.986397200655945,0.839274719417714,0.89887189717691,NA
"2080",0.859918229558764,0.873365051317122,0.850326340828333,0.830702111907893,0.790922464417335
"2081",0.945190556769702,0.980992779753712,0.758864830926029,0.909040364478965,0.700722754123324
"2082",0.95721169963545,0.994701650040207,0.796170552241345,0.84862973204594,0.639676194703829
"2083",0.963348492065375,0.999522237291404,0.887806725214009,0.863163655432329,0.932671048375651
"2084",0.822482492117225,0.87979168462552,0.878489942481363,0.957974018284057,0.87701523413039
"2085",0.971825312211635,0.997640406106967,0.845364646074441,0.964282408969342,NA
"2086",0.881283057616007,0.929053216009547,0.990826491706763,0.732428166205231,0.81017444102079
"2087",0.987615908025999,0.984413313470495,1.0389566272496,0.989626127803043,0.906322360987428
"2088",0.962114651350436,0.984387170013834,0.901947805126802,0.822960373410479,NA
"2089",0.976310415867105,0.780575808494892,1.03377915796844,0.955008151311551,0.924724727021864
"2090",0.862973861607047,0.978031793117455,1.00595364005401,0.732219814515998,0.834836723022152
"2091",0.943113760955891,0.878369546204411,0.823917060508352,0.874341849037959,0.858620884938431
"2092",0.856343926261644,0.922889596211241,0.693547729762762,0.698734698664379,0.921595082344977
"2093",0.959041606283138,0.97620539797245,0.645095821077865,0.743075407177026,0.66605659369278
"2094",0.909783030701953,0.983044262291412,0.850582144673467,0.967743925541741,0.70519230896003
"2095",0.95744051102237,0.988906845373952,0.873863611252649,0.852801987642907,0.597661608154836
"2096",0.940051320034373,0.978929623304413,0.576729619807584,0.955816286343586,0.806732318129702
"2097",0.97443754657058,0.832547125068817,0.963833465882699,0.80246267796416,0.756196459777125
"2098",0.972377987513113,0.975210005406568,0.842061329711593,0.948178944778518,0.836223487087675
"2099",0.945944861287802,0.986885816325611,0.88613810882801,0.766785439675778,0.63597034725282
"2100",0.956596073845788,0.982476316513726,0.828551003556514,0.873634975593257,0.77229619087565
"2101",0.967246680514168,0.923028433802792,0.877352171649843,0.756461272771914,0.694478067777756
"2102",0.965073344034648,0.946626893352004,0.906037499874326,0.922247639523728,0.786245829888933
"2103",0.846525882879961,0.96725463226621,0.687814892796451,0.58685696894714,0.734632729431039
"2104",0.829327339652152,0.959201437149852,0.896972557465952,0.84353329753069,0.71832661928672
"2105",0.955169850197527,0.864097863270434,1.00106979907235,0.784378255238466,0.747689648746477
"2106",0.862373972314898,0.962624747839962,0.915740987313983,0.88559973147484,0.579916456054677
"2107",0.852161517197499,0.985792171779469,0.878511873100397,0.806236819778039,NA
"2108",0.981054315792777,0.980050457979909,0.893314531460906,1.02483332433102,NA
"2109",0.951815574281713,0.979949400035164,0.97606886629987,0.708829998255112,0.636665996677544
"2110",0.742140266258756,0.979634885058867,0.91980304508709,0.728621348729168,0.693840207427863
"2111",0.974712333945655,0.983705889559559,0.7275207362337,1.02483466260223,0.861093894651874
"2112",0.886301632356518,0.920255084707697,0.854445056353514,0.747190586007522,0.878930637860371
"2113",0.951654039969137,0.819531492434781,0.879630780374417,0.907140421754016,0.795168450357621
"2114",0.95286865014704,0.783490232868853,0.888904572687288,0.900586211986911,0.635097958841423
"2115",0.927045093077996,0.861768344083583,0.489960280313795,0.927688493890471,0.548049605912206
"2116",0.77005738992951,0.749720731754871,0.867535078933274,0.817179765555285,0.751802180354291
"2117",0.882509564307703,0.990399465009011,0.757669677947861,0.451021165517315,1.0186913864501
"2118",0.939632061700978,0.87499180537425,0.847302504977348,0.692499983882929,NA
"2119",0.859942622023515,0.865041344914756,0.865524699344452,0.790580808955375,0.844160414949594
"2120",0.906389801593488,0.977584153627465,0.742459615636249,0.753784446744931,NA
"2121",0.950009686907725,0.983517367788326,0.916822445444041,0.71133380774776,0.594810112881237
"2122",0.974710063971454,0.948748423648894,0.934573742622525,0.84503668929998,0.748589020011768
"2123",0.874258139738464,0.890477286018317,0.871645348162272,0.792277792447297,0.752493841329096
"2124",NA,NA,NA,NA,NA
"2125",0.967949742019225,0.96809263464774,0.936165253762994,0.878298080116379,0.885211270736298
"2126",0.973251914087085,0.981376388325488,0.907992400147593,0.863652217047417,NA
"2127",0.885324586867434,0.971351437880025,0.963462015953703,0.824303543561912,0.681771254449493
"2128",0.964280717354271,0.9706796023788,0.938448032195462,0.863587698820832,0.867689910504407
"2129",0.969354722872174,0.852248136931103,0.985002308409772,1.02143529599986,1.01119220745702
"2130",0.976708241323759,0.917735565721663,0.987122942256871,0.868676737132162,NA
"2131",0.85740702995083,0.986556659512224,0.826943283333997,0.678383317073574,0.630622995597211
"2132",0.915438893663663,0.996936726785993,0.562162659879415,0.8304834077142,NA
"2133",0.79171277912116,0.989297547312599,1.01051450363095,1.00645560069088,0.730940933940356
"2134",0.962076779671334,0.977501980339335,0.864545875124479,0.637349992551162,0.599176902785192
"2135",0.967245587821912,0.986634088958977,0.835288375859259,0.924605717588053,0.561871750692916
"2136",0.925217836687335,0.62717816214214,0.70024264593687,0.950395306429801,0.881690898288217
"2137",0.963223487123599,0.971113491818012,0.836094315914276,0.916153581529477,0.753410984637207
"2138",0.930378348635134,0.883388505741333,0.805068542623882,0.92063824157881,NA
"2139",0.895206731762121,0.991189720022012,0.951497993721525,0.995254052481637,0.69817552030597
"2140",0.903357032758944,1.00281938214288,0.92671274299702,1.01485262516733,0.633909725789057
"2141",0.943476895663482,0.846500811944967,0.693743507367917,0.867221644101082,0.831831115948345
"2142",0.944510059901303,0.922499488532877,0.713217245770969,0.815684201217829,0.749897113834147
"2143",0.972313866188089,0.953231659319663,1.011387573067,0.92799251165202,0.912563795884102
"2144",0.977946005368083,0.970416246621592,0.96865550134832,1.01218250394772,0.926874032256124
"2145",0.921599400699253,0.971833325761992,0.883977823993936,NA,NA
"2146",0.972274961157378,0.971247310915696,0.839458473081897,0.845475099466071,1.00368879117509
"2147",0.970513343629292,0.987643014082083,0.784354125146233,0.869795345230833,0.893957715436777
"2148",0.869857600618679,0.911619569252641,0.932177117558596,0.631205631498767,0.640925175960831
"2149",0.863928692411855,0.984243451072213,0.77360911139637,0.885795431263489,0.698656129551793
"2150",0.882174982398794,0.972377998850989,0.733206862683363,0.920933607763957,0.771457585549019
"2151",0.936306748767803,0.927796390645223,0.868028736593579,0.685953964154477,0.782323296012545
"2152",0.964196668996462,0.898625568904039,0.888210921310609,0.839853085059556,0.795331418348082
"2153",0.903054133782523,0.87817613638739,0.850218360707577,0.839466060607281,0.784085093854057
"2154",0.843347860376393,0.916677880116566,0.799560568749791,0.76824735058732,0.876950031106421
"2155",0.978412112848116,0.80130822331436,0.900238225829729,0.860525993406313,0.986588730999027
"2156",0.970941258361289,0.99416395508291,1.01167082435544,0.825853642155099,0.817891568839346
"2157",0.943213250957046,0.993161871948913,0.717827687383563,0.944059393999843,0.871559215912481
"2158",0.80089058626948,0.95561787749407,0.957930380868265,0.905623389025127,0.719832313290252
"2159",0.970893309558076,0.990247701543833,0.976807611203005,0.864080835536616,0.708711588601203
"2160",0.97294610372305,0.872200424600432,0.963789967320762,1.00375199155669,0.709892946206275
"2161",0.971144779357382,0.96501194648942,0.940774541151979,0.876428959603227,0.92679198148417
"2162",0.880179067792523,0.996210332945109,NA,NA,NA
"2163",0.913444753070444,0.981448777290918,0.879133329714605,0.755128385577535,0.669684608618299
"2164",0.971241375597342,0.990922317802571,0.913091570627072,0.822179500604911,0.634195550200341
"2165",0.970677277093662,0.867832055615508,1.03310410859012,0.795936343622274,0.948893898718125
"2166",0.949957832599677,0.927867503934783,0.821929709954335,0.777476216431767,0.848889217259674
"2167",0.951481907673904,0.936412201484087,0.895748750316408,0.770719344640902,0.761901267912267
"2168",0.885182755790643,0.753108251768976,0.966647044869452,0.723407099333989,0.727463099006172
"2169",0.937874983533641,0.954566362374761,0.731928989938629,0.680962002323998,NA
"2170",0.959831162479061,0.952227235993207,0.828240997599118,0.791535868536482,0.621214317695569
"2171",0.847598276155655,0.972337958973384,0.902133240569859,0.856766479943238,0.914841498333982
"2172",0.964573160273389,0.9181830592417,0.845917120530905,1.00043737267274,0.644443461898499
"2173",0.965512979608561,0.981478348506336,0.914425671836293,0.752412968179693,0.6265370701542
"2174",0.94813614989699,0.987797583244475,0.956073032818531,0.793505366461673,1.00116005745191
"2175",0.882741690750413,0.94713919793819,0.821061720013242,0.758353395727279,0.686742278924569
"2176",0.851532017046293,0.964158821957763,0.714620384980235,0.865792027365261,0.697815644678721
"2177",0.960335899820014,0.991439122025242,1.0235948967418,1.02356276164758,0.57171851969378
"2178",0.95974140090984,0.924096589993702,0.909456642384348,1.02443491342917,0.672345014080526
"2179",0.907121289852642,0.886728725285519,0.790764555280049,0.928078049122796,NA
"2180",0.957039762798627,0.902456862604079,0.796186916669853,0.935783718134675,0.845934529021113
"2181",0.979223332452234,0.927744013133544,0.840774151864655,0.654631497989477,0.794617437156397
"2182",0.965577354797574,0.929470778403308,0.901867172308846,0.961556005440246,0.733033745181354
"2183",0.980488684221854,0.98340955088379,0.818585806690326,1.0015026500651,NA
"2184",0.902340603426459,0.956467418809044,1.03075261472766,0.805995044576255,0.714560874278101
"2185",0.922688790869305,0.972009014608209,0.765659920809779,0.715533978317421,0.557848713975263
"2186",0.94239447470519,0.933701370407406,1.02307219773181,1.01831226229829,0.787094512617673
"2187",0.978896024095916,0.911061687005147,1.01663300557043,0.897085600888753,0.85246599415381
"2188",0.882129006077251,0.978734296975587,0.944553432547842,0.901430090397445,0.85923191733359
"2189",0.947837965047476,0.752471636585753,0.893807133594881,0.955038559536041,0.649409483263239
"2190",0.974402337657152,0.902371126428156,0.766059604623584,NA,NA
"2191",0.920354909028161,0.993508188712998,0.805163255726458,0.939798056836297,0.71304862324557
"2192",0.976938442330295,0.891080263909348,0.698954693116925,0.624817153224801,0.523843966298125
"2193",0.80965961660481,0.909365146893765,0.8958073721428,0.585629733130602,0.53935652566441
"2194",0.980286940289275,0.999227852302961,0.971307406782196,0.869311423202583,0.751486119757855
"2195",0.96817179887687,0.835766135375735,0.900984511061082,1.00869244708891,0.817397256370434
"2196",0.969497511370802,0.970697784894419,1.02713543722606,0.805297956331344,0.620729077799708
"2197",0.901312664345272,0.805148945748513,0.880596383791098,0.998206406631042,0.817872362648237
"2198",0.827042063252838,0.985904229903616,0.779317174752875,1.01966581008475,0.814047872796524
"2199",0.971976412212454,0.968055416224432,0.81599097764196,0.970800076452474,0.836149219160916
"2200",0.756502234062986,0.969542696982827,0.816688807860929,0.897079855163116,0.749849422914203
"2201",0.944099820035377,0.995636316560429,0.79184896993669,1.01708877867472,0.677175689525255
"2202",0.940712350942583,0.866629221663232,1.04275753861957,0.83400370777605,0.645482303378302
"2203",0.961451226249369,0.988384581999024,0.90800189473494,1.03283146678956,0.675371017800997
"2204",0.903404791410654,0.983041021119993,0.777994577981329,0.751658013893906,0.822639842589733
"2205",0.972487068645701,0.879750369031082,0.760670101431254,0.889524927303057,NA
"2206",0.958346487524627,0.928951696592613,0.880488696579062,0.808842385795125,NA
"2207",0.9459390640249,0.967732920008117,0.948641244031582,0.907436379621832,0.60667453769434
"2208",0.970794058667689,0.817100415473838,1.01911021957526,0.793029214846188,1.00272644595909
"2209",0.908685073998716,0.966756640369855,0.81007545587441,0.970942703175101,0.790980143277393
"2210",0.971954985832167,0.967848931940027,0.972099662050439,0.883342056152839,0.91557485886239
"2211",0.73177598640669,0.993887250244018,0.860573572309529,0.741812406708662,0.718434007885507
"2212",0.900330591941123,0.941623114751064,0.872514984072625,0.767739725586386,0.700850837492687
"2213",0.944703031343172,0.883690951956119,0.960036299848702,0.783806671727902,NA
"2214",0.964443907985316,0.976925099470143,0.730249977703519,0.877027956153955,0.792881641125014
"2215",0.856571462879082,0.860006532347508,0.961123468432222,0.943987488111249,0.815161988037843
"2216",0.905725973251929,0.980786464166691,1.02679093818287,0.893085786958741,0.853184806711823
"2217",0.978773308890742,0.972775423334451,0.981656696504266,0.903333942243806,0.48834852679072
"2218",0.897459868811766,0.974299330474252,0.881402873009005,0.841983983876169,0.513517745262324
"2219",0.819622191079708,0.661518570641875,0.761994239904416,0.981462834896417,0.636250441420838
"2220",0.828819247183653,0.890852909078894,0.997115978520693,0.815357414123937,0.751149006891742
"2221",0.982004626301938,0.885432758190895,1.02180101498414,1.01020746057905,NA
"2222",0.895498141149505,0.972453200651254,0.76343186651083,0.827541699163711,0.658199290958284
"2223",0.887102876718747,0.998967047290786,0.733346731036071,0.783384933397591,0.878819902783444
"2224",0.981335874911946,0.955556052524512,0.632007296119575,0.934726149560993,0.982109703944746
"2225",0.898248975121168,0.767742641550757,0.90804898225164,0.84867888030973,0.844845747125085
"2226",0.96771257032705,0.942057503577754,0.833270828070676,0.928928231584187,0.901166913528585
"2227",0.955780307139743,0.962380443725097,0.824239393368694,0.866959156905171,0.707200909408188
"2228",0.972394896416624,0.924757327706504,0.877908419173176,0.901710757183146,0.750032418729541
"2229",0.78998612929627,0.972708460124148,0.956935649873213,0.765534654985016,0.712478363580177
"2230",0.883622488863276,0.931772926408709,0.930263222586664,0.851328175025771,0.702761708496696
"2231",0.888980818697271,0.931509479962507,0.692439583281824,0.972456760384448,0.877850597536414
"2232",0.985193505715115,0.976283448243066,0.906068200165532,0.634346963819732,0.598754036972941
"2233",0.968273131230658,0.973830093006476,0.949697427349031,0.926451450740787,NA
"2234",0.945047332905627,0.888157029732505,0.881595536412911,0.941035598531583,NA
"2235",0.808368917414971,0.994877188987774,1.01381996255515,0.8734511050104,0.833105658667643
"2236",0.973281148294484,0.947567524270934,0.73572061860606,0.480875304560367,0.574979054412565
"2237",0.936217521194515,0.972650251507946,0.811986246255814,0.747867246597684,0.770866223622176
"2238",0.981134897596904,0.971163044421496,0.628304628716292,1.02653928990773,0.697348894687492
"2239",0.862824272491521,0.971664348083196,0.755388869278813,0.972823107475389,0.821308421824929
"2240",0.850279306171609,0.629144003762532,0.916419015450643,0.890272587257633,0.709685622757297
"2241",0.849207771915201,0.895882720710761,0.764027918290026,0.890154609594509,0.699505571486795
"2242",0.962697049875331,0.90853441719662,0.797559321538346,0.920182404411286,0.759725953922892
"2243",0.980548569873422,0.930044503016769,0.930788481828671,0.931895853203188,NA
"2244",0.826779239701267,0.924778634384907,0.8416327052964,1.0067534261492,0.923827149590609
"2245",0.947391231640662,0.950556573089634,0.909634226179586,0.724223093082049,0.729691439568181
"2246",0.868936224028428,0.978901822965515,0.879475693234008,0.777966320762783,NA
"2247",0.969609560940056,0.986737254361536,0.760758537780996,0.729744487457142,0.897749212385658
"2248",0.94119695530992,0.988614601876639,0.882994409466866,0.793440855686013,0.743795719676365
"2249",0.81678601190728,0.99282859188337,0.906202242090317,1.02566579822041,0.704724163893653
"2250",0.826538113505137,0.991585757310664,0.903122965815369,0.961106617988653,0.547187358304294
"2251",0.950500463762757,0.907028342319694,0.821848509491649,1.01037887584307,0.636378863270154
"2252",0.950932725823808,0.886408422777538,0.858249558727366,0.761068083646486,0.614349672815401
"2253",0.893070688165894,0.836836634467065,1.03553035666488,0.941301592868813,NA
"2254",0.908097057574535,0.915699709123014,0.860868604642392,0.927489793353082,NA
"2255",0.981174773584366,0.957386754488586,0.867525962285531,0.781218459574946,NA
"2256",0.945160790705167,0.922983434087779,0.933175141829492,0.824609356762753,0.812942007042361
"2257",0.931166540288763,0.862760508798399,0.642895721472286,0.974803764459381,0.796910864028567
"2258",0.944009993728359,0.978479527420787,0.865333040330889,0.771950187702917,0.828587598577561
"2259",0.970217606892185,0.886663674097806,1.00973594577334,0.792163117421046,0.799830738451816
"2260",0.865424048830388,0.89471922657066,0.639216811416868,1.02110672145668,0.745976138257046
"2261",0.782650393897124,0.946546727287089,0.915176442381332,0.967926311675711,0.687651819490395
"2262",0.97324749209493,0.80278709079287,0.758513027128133,0.85734087185002,0.636637400366626
"2263",0.939423847779928,0.978126287881,0.888871841781167,1.02871321042515,0.950104539893103
"2264",0.902264955909495,0.89976544874094,1.03536394226239,0.863592903651077,0.547317859591602
"2265",0.879578404794786,0.898464288339798,1.04373799485694,0.695904781904998,0.804421498296279
"2266",0.95031724979897,0.951109223745815,0.854449226096915,0.868240418134612,0.764733882562584
"2267",0.901824551995661,0.972345339562043,0.91130609992761,0.706268631936329,0.752611473398981
"2268",0.957109925890608,0.99998488875916,0.980689776306667,0.813059092481611,0.739063243491001
"2269",0.860576886187309,0.967506160381681,0.944378523120887,0.955398891878553,0.682136972303929
"2270",0.968384121793978,0.997381705017074,0.866129146358133,0.881023941279628,0.839497397662517
"2271",0.94916508456229,0.985519324489329,0.899916866981577,0.937870031021186,0.691058134538767
"2272",0.955533944065121,0.958462842706441,0.836902548864523,0.699844912905982,0.677583503361818
"2273",0.942127558888395,0.958914998042014,0.687068217185659,0.963629199328045,0.469585385349732
"2274",0.957838893318341,0.983887299479949,0.786620147691258,1.03114544004289,0.744170347449443
"2275",0.986032939126466,0.976365750957887,0.550641524105705,0.76947889305922,NA
"2276",0.965301787165235,0.977815163633441,0.899317866870349,1.00761367862539,0.99148851894134
"2277",0.949003894589353,0.986851296525509,0.798302542941214,0.931524407585363,0.763600185555476
"2278",0.954569108217541,0.929010509022931,0.75022119227672,0.905127720041728,0.563339810370147
"2279",0.964880049900221,0.987019358822426,0.924282475155656,1.01669507614599,0.626206943964849
"2280",0.945265982551895,0.979320139845873,0.888660260698641,0.884188512647475,0.800585922042581
"2281",0.972766307052424,0.827162436403855,0.917295268407237,0.815350531496709,0.792243408095903
"2282",0.939523838686344,0.919257214106052,0.895495644505535,0.944562605915824,0.86950922971786
"2283",0.865479917788385,0.998401521324026,0.968735448277353,0.778451449674582,0.960120085766548
"2284",0.980639818579249,0.896199800610916,0.677336782957917,0.941166208042365,0.69817635168892
"2285",0.959750201158183,0.987752516993204,0.869162472831149,0.961105112464996,0.89842091555456
"2286",0.779117969529349,0.99027592964964,0.907690072052317,0.951816201915247,0.706545064410559
"2287",0.771262059469618,0.830809604759118,0.909620600794949,0.710708673924151,0.601500366263863
"2288",0.888043306236956,0.892597627844812,0.89109681525603,0.818030625718916,0.990021529575899
"2289",0.943711567934613,0.954615121840032,1.01746082788033,0.775321815302859,0.587626524889727
"2290",0.858107595761266,0.985827931632463,0.81807195189804,0.962652341429068,0.858913011554388
"2291",0.967567011342153,0.966214660316262,1.00700231405875,0.86966749762327,0.821299296084634
"2292",0.866427369780503,0.975486820500542,0.789408436135163,0.717413657732042,0.781572703547186
"2293",0.950835749302516,0.774131511578278,NA,NA,NA
"2294",0.969316057514591,0.98925241203573,0.98312202688375,0.947500118517407,0.785042379234803
"2295",0.868140017431965,0.975303095743372,1.0281411805054,0.831003452695865,0.891913813970638
"2296",0.978851451200875,0.991529374117987,0.74570749368486,1.00215046450421,0.91424451888573
"2297",0.981816716028936,0.903544554990619,0.68403485389412,0.840832180807754,0.789114783720756
"2298",0.976642109653283,0.929337639135232,0.876277719316589,0.996765580773004,0.781832811053476
"2299",0.900675775097239,0.971579798833258,0.857699635584681,0.766273897454722,0.679029345237692
"2300",0.981923854413343,0.785008998288176,0.8679652306492,0.777689298960965,0.930241367593909
"2301",0.966118720655735,0.93041798156543,1.01046713420969,0.866869498301154,0.676013858714562
"2302",0.941018498974907,0.810921165010019,0.980045966605546,0.94341663087139,0.73007223667196
"2303",0.856278432277456,0.987080699166623,0.818679575139828,0.961216099109587,0.897028190661955
"2304",0.962644351496563,0.871882243470105,0.846967924091132,0.768177926891571,NA
"2305",0.957408979358001,0.967952892057587,0.854995230642456,0.980480959686504,0.682317720487695
"2306",0.976011174228927,0.996789878015997,0.650479856302873,0.745794833875667,0.838053689942548
"2307",0.991628821487858,0.883941557132455,0.529836454904038,0.727792468498841,0.740406489659751
"2308",0.964580687788911,0.937888035567943,0.695145790192828,0.771333158411352,0.536368711992875
"2309",0.814367053000295,0.975287314490898,0.879781944325333,0.694761471005115,0.791431433871135
"2310",0.915166687442052,0.968033894708658,0.94598022304979,1.02109050285284,0.76109032694536
"2311",0.959360587926828,0.877404351284925,0.808227172447984,0.713609793318252,0.703543058385647
"2312",0.973912950316586,0.984322551576754,0.781132360190843,1.00572687535806,0.752015192408777
"2313",0.929201520625354,0.986503967160183,0.852193119960718,0.623538183894492,0.735772847422508
"2314",0.903907235095328,0.957454906884296,0.971631061251593,0.833077237970655,0.71655102163182
"2315",0.969067732549109,0.907632912341591,1.03636623744757,0.798563312511527,0.65486262006179
"2316",0.858070903964005,0.993856290826672,0.893490832835286,0.794398700636126,0.753992111123917
"2317",0.963609568155488,0.989366801285698,0.864203839698254,1.01411564091995,0.876416896518535
"2318",0.86869557299838,0.94177233926766,0.830610874642947,0.765647670585655,0.795502980567538
"2319",0.980562823762908,0.996389767644018,0.919118615514629,1.01497828486527,0.622197871203084
"2320",0.971064425029543,0.967534487692457,0.651808746993666,0.883994604427087,0.890999753439168
"2321",0.968505690493495,0.984668227043521,0.843642143749096,1.01026542357353,NA
"2322",0.974914268408153,0.939927852324067,0.907795571889471,NA,NA
"2323",0.966054814823945,0.983973979704135,1.03547011508195,0.713615222526892,0.839947246031818
"2324",0.851615675864593,0.956226833151049,0.880966277700989,0.853931759475505,0.702741657413167
"2325",0.913432097988462,0.887503382592433,0.776946144175511,0.784022494590869,NA
"2326",0.824310936459426,0.978031387751251,0.99121391706284,1.02468517649857,0.711323776883728
"2327",0.974616856687145,0.832501472972198,1.03164970261762,0.881557477763583,0.727587808158732
"2328",0.892238137825322,0.929249776956086,0.95201428107151,0.964774648057151,0.920287909187871
"2329",0.947501388875242,0.910441801573353,0.816126049208882,0.924069038989071,0.703356035253463
"2330",0.889446177698627,0.9184849129294,0.724675862834388,0.785806629803317,NA
"2331",0.849677887931333,0.909608427998095,0.858223037888059,0.753512434053403,0.998837796542318
"2332",0.949395926517349,0.985873080873873,0.763288590693475,0.752673919686434,0.986551798267229
"2333",0.96043538184222,0.900975650311327,0.902115842523043,0.925129036639769,0.779029989617884
"2334",0.987254810646963,0.994070303181765,1.03471182496055,0.856566692212366,0.809238911041067
"2335",0.959077950337946,0.939230537393858,0.95373849917389,0.843338213657607,NA
"2336",0.978344371437492,0.967250246347489,1.02252106613436,0.748111806677133,0.739987028602229
"2337",0.785192638162902,0.861722280473779,0.950995861222874,0.93208573394828,0.90458510316414
"2338",0.945484889142864,0.995508677868826,0.930809441034683,1.02026695524941,0.810879114111187
"2339",0.956256187578173,0.930325795642351,0.701365070806276,0.904181178108844,0.800599009668566
"2340",0.94524833777496,0.961642238160199,0.842452123970331,0.858218109014651,0.753399026808022
"2341",0.908521688029735,0.917184066360837,0.863264510738764,0.731216566468522,0.599204105632911
"2342",0.971874649035773,0.989835436469039,0.676215822843299,0.814542281864389,0.829314093937397
"2343",0.960803035595257,0.988167229967183,0.811610067940647,0.837336483296073,0.614656318487348
"2344",0.929529182007047,0.980255620914711,0.573901121590716,0.913085213778577,0.754988908854862
"2345",0.893914850657889,0.963343823377694,0.881814445131958,1.02719695037514,0.949118511993033
"2346",0.976975114148715,0.871431798755985,0.801678084209864,0.813940743006566,0.794224190656672
"2347",0.936862713668473,0.980122823771752,0.908310491612625,0.869777766922781,NA
"2348",0.970051514266659,0.981569004746445,0.939254054753268,0.869742815770566,0.888730967455897
"2349",0.987912302289875,0.965228751248111,1.04311134015059,0.901872519493932,NA
"2350",0.99413141762815,0.982763223201498,0.781077740902767,0.740748777659978,0.756104737665297
"2351",0.967046994991054,0.790056504520204,0.896956547279341,0.811526300443132,0.444425749036333
"2352",0.879425514265349,0.905072157536022,0.897209536270171,1.00150767963722,NA
"2353",0.900657021733888,0.979233692694861,0.886815303630655,1.01264035986885,0.782481564060924
"2354",0.944855075210021,0.861304603192297,0.856721184531991,0.848642365960965,1.02255260635142
"2355",0.901920632320295,0.808678763798136,0.802933086890279,0.963913466375537,0.581501107705015
"2356",0.964166576895734,0.983177141746313,0.760349245325049,0.942070076596637,0.742301373072021
"2357",0.972095645011741,0.984389366592514,0.613285990428141,0.888077210829285,0.690869979504672
"2358",0.854170628498551,0.940863700171069,0.670318156256166,0.811513392691215,0.578081598400432
"2359",0.952544158020396,0.915997001259972,0.788423954241489,0.79716314921656,0.930078645240993
"2360",0.949268386969019,0.98863834299342,0.860412195576729,0.824056642188487,0.950355045922037
"2361",0.874036806585392,0.980572427480354,1.02112534539266,0.942965867336259,0.741706298764775
"2362",0.902494522448656,0.977209377726371,0.927534250580986,1.01159425594717,0.796784532413904
"2363",0.964965670078784,0.974870644062966,0.722452190849871,0.833503543261577,0.758116243654474
"2364",0.912452137729442,0.896312383791467,0.693040279603028,0.753556477768995,NA
"2365",0.980254895936185,0.991128713521819,0.891826785197018,1.00885749617802,NA
"2366",0.916048975152732,0.931065913874077,0.800044206861898,1.02626026483293,0.962326456591748
"2367",0.967731304277244,0.992371190971359,0.998488409472567,0.70505099044414,0.797769994388205
"2368",0.976304310369604,0.968229222330694,1.03646732448113,0.647005148922232,0.716626082508147
"2369",0.966903411681947,0.986051847688068,0.67655613306397,0.831317967115596,0.86112194199176
"2370",0.957753983479301,0.967332921608252,0.870616151964735,0.940218286436927,0.579674102247748
"2371",0.955738447305937,0.983288799268991,1.02480312566835,0.675746464724981,0.760542549285503
"2372",0.977889190594384,0.987460266977124,0.952236318445887,0.829224114430298,NA
"2373",0.94434772632209,0.986515283568647,0.727507135784848,0.785134654109615,0.778336036269524
"2374",0.94386831727374,0.971567253776079,0.714661671851373,1.02226806260776,0.69626163855773
"2375",0.893467963676633,0.935642152577668,1.02632525867962,0.889609612398904,0.780438171166704
"2376",0.965632284872909,0.977890507983738,0.816934939397437,0.813888283897728,0.729910090454457
"2377",0.969538048030868,0.986596266268266,0.688097189979494,1.01630960507238,0.573520422150957
"2378",0.959975683611809,0.844707864615585,0.960873709726094,0.706110325386839,0.822714524088341
"2379",0.873256147260502,0.972038361016882,0.842647650460303,0.946971819320434,0.50572247373488
"2380",0.8892234790636,0.92773277472863,0.884286081837296,0.703345627969165,0.934572742748421
"2381",0.960055084206962,0.919798626351138,0.716276950921137,1.00833951437886,0.643489407153501
"2382",0.953738291758702,0.91269805397565,0.758105437363536,0.634492728818526,0.706754282014722
"2383",0.967295905019874,0.87615588201912,0.863336362397645,0.755217022254945,NA
"2384",0.806430707856589,0.981532269439544,0.64223065135924,0.817595936983266,0.675634431708698
"2385",0.961353851340333,0.972217816223423,0.695920371659233,0.664071728919977,0.695615767433645
"2386",0.965250471185499,0.841310789846099,0.817634562474235,0.94664325889716,0.854881231168668
"2387",0.796795668804431,0.980632829915844,0.897810343157483,0.855730249666906,0.648106318878825
"2388",0.980643692916876,0.923641808948234,0.857481966243835,0.870872800558141,0.619472909443157
"2389",0.882233015812416,0.980551123277922,0.542973134815117,0.666575563997097,0.577147028289397
"2390",0.999661187462467,0.967616080479547,0.820092418917057,0.651720998458131,0.583896443847351
"2391",0.934055438822518,0.932256894412311,0.960227332716624,0.953038584794739,0.726167674598051
"2392",0.970576654014175,0.845694682923276,1.02555456241165,0.821649342641674,0.921706241061203
"2393",0.982786162434594,0.79399433100994,0.810642034395434,0.982639582517878,1.01286683430447
"2394",0.943038874737629,0.979173794668849,0.853943549178967,0.927196983045013,0.672312777117684
"2395",0.945003821312833,0.967703259316821,0.961721678535123,0.841679967805632,0.758611965427899
"2396",0.962021608689395,0.965440935624483,1.0147864816506,0.880514174394283,0.864258705534676
"2397",0.961068073487406,0.812491525789173,0.606500765933739,0.917586026301623,0.901802614715466
"2398",0.953574011571301,0.971410537122915,0.783204006076594,0.893799991961685,0.840195668181465
"2399",0.85515346719253,0.909003168255365,1.01621297007762,0.838172763932985,0.84121834156413
"2400",0.941021532545644,0.971441464358589,0.851747720937645,0.951230307155325,0.843210585405847
"2401",0.974086651961799,0.795913374443011,0.831546547145585,0.827997138383504,NA
"2402",0.901964983919216,0.965900480145274,1.03437830995874,0.833045615067337,1.00370118771576
"2403",0.838089946945932,0.997356825331865,0.898623868754559,0.893464903938544,0.959377492759407
"2404",0.889595612089248,0.974460379747156,1.03421020806783,0.763537634271262,0.67499244869231
"2405",0.972588597073669,0.958892454102343,1.01196632974808,0.824410488129154,0.912733535482085
"2406",0.939183211971827,0.93926987856139,1.00256615232248,0.877657648533769,0.949599613547621
"2407",0.949271668510963,0.966438186798207,0.871538399789644,0.905532313323914,NA
"2408",0.845502955655052,0.967262247324616,0.76514901793532,0.900413997323014,0.657295560844709
"2409",0.982990055456914,0.878634556266904,1.01065118296552,1.02308510228088,0.926023810001051
"2410",0.862502129069343,0.86704981436552,0.959309560002786,1.0036449117714,0.755028643324356
"2411",0.882982999106859,0.978880080742753,1.02189441431979,0.887031485155953,0.699208242067116
"2412",0.973730826182539,0.93468149427408,0.957756454342263,0.910920936385885,0.630649128606347
"2413",0.947534428724606,0.97092948757062,1.02077203766635,0.803220260131726,0.846859208109645
"2414",0.90709674646249,0.974007015123626,0.839669163535325,0.745496873514087,0.915371202421594
"2415",0.961956521908435,1.00076676815654,1.00714106890488,0.773219221353429,0.625949254982363
"2416",0.9724596276572,0.966698654431733,0.722209322736459,0.873458991322686,0.978692890431488
"2417",0.986758572669448,0.974650326213338,0.856930728595398,0.87203112430119,0.703720198519266
"2418",0.884050269945409,0.960148914054166,0.913326940279556,0.864015430794803,0.766054913713117
"2419",0.882253920302525,0.921090335398601,0.749237078768609,0.937358559033143,0.636821591309104
"2420",0.984642009973939,0.81664620056505,0.971434484304699,0.63064698598055,NA
"2421",0.916268507769282,0.971326497370448,0.813430640308516,0.804509939877701,0.569363807881563
"2422",0.893157042667728,0.89918070260611,0.892699280846182,NA,NA
"2423",0.950216177663942,0.97969145112517,0.83928785815186,0.839824969340653,0.765396410397958
"2424",0.957208255374563,0.990972575397811,0.956743624582871,0.916609310988461,0.903299494723999
"2425",0.972999731268054,0.974949758253054,0.767018985498488,1.02540412125284,0.553730381765982
"2426",0.942412041864651,0.919758033456387,0.931960626510732,0.804453293848194,0.602006907423582
"2427",0.811948572009855,0.915952136062662,0.873977359168365,0.840895232934058,NA
"2428",0.902898522977077,0.96026608512698,0.897722099218887,0.873160857400116,0.772910932797168
"2429",0.966922757799466,0.965437413846823,0.798077061130405,0.674195379211584,0.753202181664525
"2430",0.949504142951318,0.988467906791359,0.907788759756723,1.01951321169616,0.80905216039661
"2431",0.974375985008127,0.836482371590964,0.847104716621614,0.991013463883313,0.621686292582415
"2432",0.957661682691932,0.982614554967158,0.764302902464968,0.892491267726555,0.654214842266024
"2433",0.977813345001603,0.96779833620263,0.596838319139533,0.789065997497108,0.676706583467398
"2434",0.877429782722523,0.868429500650871,0.92592392442092,0.890197644370721,0.850786940035724
"2435",0.889096695870465,0.842705866985522,0.998053270114907,0.754270096055576,0.784751463619095
"2436",0.861709149246055,0.912304816724173,0.845509390552224,1.01330575143409,0.827679259169372
"2437",0.943424042919318,0.964667749601966,1.01057039277433,1.01894162656487,0.790033990965165
"2438",0.969770810104665,0.929729542863269,0.725914426263951,0.856664373626224,0.659540736658776
"2439",0.676324156527934,0.979432393268921,0.949617650739777,0.629781383735527,0.952651111835087
"2440",0.971950517742552,0.921169189129271,0.714567428961751,1.02256728016951,0.647301435702683
"2441",0.946704358829959,0.98236395227587,0.82716684968333,0.969158734430463,0.859362031937114
"2442",0.735906943775355,0.974567687351898,0.877984500437135,0.654808697305604,0.704456479367417
"2443",0.936925275881005,0.82745678486989,0.917948481516485,0.698467620708373,0.69090322377009
"2444",0.905377552412119,0.863832280994509,0.866873251617194,0.739362402205863,0.859689372731859
"2445",0.588775824285128,0.983013913309482,0.923958270937559,0.888069211102987,0.714276383004175
"2446",0.969042695253812,0.976852427402748,0.819223663010071,0.743388925342761,0.646686569697307
"2447",0.978517801437668,0.988055344333766,0.684036177772343,0.892181432352156,0.651885969571232
"2448",0.961934244353669,0.992940495618849,0.831728269230578,0.849221993047772,0.845882765406157
"2449",0.957191648901556,0.846177349866272,0.801110492675724,0.862147377680008,0.86192197482667
"2450",0.973490911102557,0.782132067115085,0.662279130858619,0.845377308850789,0.661938276179182
"2451",0.902965840640484,0.971516745125415,0.754530597461935,0.737713021465556,0.641148163427506
"2452",0.769045213353056,0.952009750985158,0.826654277512473,0.903118988302861,0.739255711154968
"2453",0.729645777980881,0.95703387166234,0.911625790777192,1.0295445988194,0.558178296364871
"2454",0.938100086220314,0.979501919074366,0.894364064949442,0.833402023321931,0.782321501581788
"2455",0.975821965057236,0.990542062025399,0.944807027808941,0.841246244379745,0.792123041729668
"2456",0.983727874113109,0.991254921564229,1.03218515089511,0.772138635701253,0.698762344296086
"2457",0.960212150449764,0.806104278886016,0.837259917046134,0.923410139613237,0.882791149382032
"2458",0.94175993622128,0.98754865333715,0.900603390610839,0.851179882814986,0.688822910592908
"2459",0.949068342194591,0.932986245924025,0.767329037541722,0.813911307179129,0.668818261816819
"2460",0.907344878638312,0.992195216115834,0.892690976512466,1.02572372110299,0.80012028446005
"2461",0.956905060427863,0.924132131608037,0.898692416851789,1.0107779536482,1.02285810426732
"2462",0.948949573465049,0.88593076621014,0.82432347256391,0.863206018773936,0.734152319564776
"2463",0.932997571226781,0.855534950717154,0.899300112621169,0.902792760374534,0.885632492027789
"2464",0.889068379950456,0.884588418262094,1.03658532838881,1.03730109957511,0.701431492091303
"2465",0.960332374771663,0.943443846435645,0.536104718935509,0.901111136047556,0.793512381147619
"2466",0.967124287513953,1.00094024120441,0.817549669592469,0.909024464162336,0.918981518704353
"2467",0.67422919775183,0.970892571088083,0.875127062356625,1.02531267349146,0.679479089689033
"2468",0.989705031427025,0.907530844105968,1.0042390383229,1.02628164635937,1.01735277219836
"2469",0.896613107844549,0.974717330670592,0.929020576442031,0.753269908645156,0.707155906794981
"2470",0.96860186816627,0.987823374612064,0.862705617109124,0.882884277280784,0.784932536900967
"2471",0.962974179822764,0.917119125867145,0.809780454422534,0.898590258569155,1.01760417736492
"2472",0.968056558871835,0.964882127102861,0.962915953516722,0.606419482082655,0.858934104097272
"2473",0.976851856713281,0.832252929306356,0.800575458967105,0.927039505674823,0.836660003949823
"2474",0.96164549871158,0.930847031431441,0.6371248087206,0.905095328887347,0.827646893712039
"2475",0.877414166398111,0.967711551547172,0.937078111495501,0.808711478773181,0.800252905509428
"2476",0.983725596959353,0.943246406833603,0.853562205843593,0.855092187433457,0.919543545958244
"2477",0.666306705334009,0.993504069793833,0.812037536047362,0.900513419291207,0.837324266120154
"2478",0.959516549118099,0.854847075313454,0.676975732173568,0.868274948256043,NA
"2479",0.848430091425676,0.955759729510762,0.788863716407775,0.800254921768476,0.590286193602724
"2480",0.966769762199095,0.97028092097296,1.01977212682572,0.777716735989004,0.835066700212329
"2481",0.979574955764787,0.999903959203109,0.829219513390555,0.846360156062644,0.594968311888691
"2482",0.956253993921154,0.885112308478522,0.678736995824136,0.919628934524477,0.64219480058964
"2483",0.958739450570745,0.879968827859304,1.02804685050697,0.896684231236791,0.813211819014268
"2484",0.880520699367302,0.968533932093816,0.914413356256728,0.930879070033511,0.660106585669425
"2485",0.976671014268821,0.997508585500934,0.941656637171985,0.638397731834825,0.829712893994046
"2486",0.962351194668977,0.872787883008083,0.847935413633132,0.845524627257773,0.721165194493298
"2487",0.967142348290337,0.956816856217874,0.90330919478467,0.842018050067746,0.906599545053211
"2488",0.976221423654399,0.89477966638341,0.770598050824976,0.891447493494958,NA
"2489",0.936514573936192,0.824189758266118,0.947814317372866,0.87298719723151,0.928548491326806
"2490",0.974242567119271,0.913471546381869,0.880132467740559,1.01109896776443,0.729901178175771
"2491",0.936859928613093,0.849102770951875,0.701040869705066,0.883749812516368,0.76288532807713
"2492",0.972989889409863,0.912800432957144,0.857910966863914,0.820334977150307,0.673882623395501
"2493",0.960096451878629,0.975335405290004,0.871326809965804,0.92517261334055,0.542398626330108
"2494",0.965471280248562,0.909377884352902,0.852661704322255,0.923760130696395,0.563989335277747
"2495",0.969037747917267,0.90900356467025,0.891757735097927,0.940297454102745,0.782842206636725
"2496",0.927432373525388,0.914454034844967,0.994887039270773,0.974927128054593,0.843113567495831
"2497",0.970098155762267,0.974411436437423,0.838872767461857,0.769256061823034,0.994833185730777
"2498",0.951717078026894,0.964050220788741,0.859530897297056,0.900302377860287,0.658823410272375
"2499",0.959673114801961,0.901610644252243,0.812602590424351,0.773575266058514,0.811588236100948
"2500",0.946236815515166,0.969017307123885,0.868672526337968,0.789998337208338,0.760719874361136
"2501",0.853152662703154,0.955943590548519,0.931510490292599,0.560238200670676,0.692104173255638
"2502",0.916389312656756,0.974239883466156,0.792136274122156,0.656675535831138,0.691929914538817
"2503",0.958424064250272,0.953771084331625,0.814870876460458,0.986774444092584,0.769458062650281
"2504",0.768567218472618,0.985030831427143,0.821168389176687,0.931404257964722,NA
"2505",0.95639973872336,0.890102737145333,0.936530664997377,0.998485063301447,0.772011345697663
"2506",0.946532741012616,0.956185433207743,0.912900774572658,0.831223700924679,0.645700253214864
"2507",0.9644785733041,0.985542904776969,0.978681967546081,0.858927858134197,0.464149078862425
"2508",0.960476012976443,0.891968332046062,0.832370176702025,0.828360735186977,0.765803830425694
"2509",0.932917722318242,0.966568739459155,0.746322906023516,0.837486913832187,0.724064823842267
"2510",0.882497729954659,0.983120044978026,0.834264462107356,0.728733727732792,0.606771230386202
"2511",0.920989445365112,0.978098937610773,0.994371139850924,0.732525554822215,NA
"2512",0.95712895719339,0.994220548191083,0.684012292388253,0.780972621228505,0.842405696006388
"2513",0.883030146434212,0.981496399519281,1.00743191069454,0.830737474832491,0.686829932290551
"2514",0.972932490170052,0.86292443837262,0.737775630571563,0.979122784003129,0.669854952608828
"2515",NA,NA,NA,NA,NA
"2516",0.958837861118216,0.999180479089705,0.87394185264834,0.715759225519622,0.932214103117115
"2517",0.891009508438298,0.973801128834063,0.754262478880874,0.772347590128307,0.814357173106796
"2518",0.968737177034516,0.958594093153958,0.926043550155881,0.819383957150643,0.77633837120433
"2519",0.990668493709703,0.965424444572166,1.01207288541199,1.02561247545864,0.860754893172928
"2520",0.949279137841888,0.907178028063322,1.0093359465676,0.859940218735524,0.738724794112028
"2521",0.898488380441145,0.956661741323038,0.72472750819443,0.967409331093208,NA
"2522",0.944377976118049,0.921093901332816,0.944192154649542,0.950626635868755,0.819367850361553
"2523",0.959523681589356,0.992670178885923,0.888736224894628,0.737824041442169,0.718485817958081
"2524",0.980580096991031,0.989474066592059,0.796063113551397,0.873041236381946,NA
"2525",0.971476466854946,0.983852245171146,0.796785653395659,0.983356960616983,0.682211990159381
"2526",0.747333288898822,0.995076213103836,0.665838476788088,0.591928010465249,0.611054168689714
"2527",0.93160463681039,0.988012209053603,0.813563112425393,0.877311587375477,0.845350960753355
"2528",0.902906349548015,0.923783254804434,1.02962000868465,0.813978364373687,0.719240082908753
"2529",0.962866847111818,0.995217881385676,0.797653291782892,0.831983380669311,0.537087864423529
"2530",0.956604865313919,0.881584408083702,0.979445677123258,1.02066123134275,0.62810735431411
"2531",0.931490008802786,0.960359134452014,0.762913650189982,0.843798678638748,0.841438678515223
"2532",0.971533578155974,0.968943029750636,0.936940302426733,0.857621404323043,NA
"2533",0.948532725436469,0.879234194122246,0.788785160382877,0.788728783328645,0.859795439895353
"2534",0.922571465414805,0.980877766646862,1.03791280728499,0.924301622382348,0.584934573700315
"2535",0.97133206684464,0.788811166057676,0.903759089390567,0.924345534757307,NA
"2536",0.950856931513506,0.943626881650737,0.905080377156793,1.01128420549199,0.866807069035003
"2537",0.944207217646771,0.881095190785217,0.870232167619166,0.967939772125964,0.629646256268757
"2538",0.982625679907138,0.922295493763588,0.820979192895627,NA,NA
"2539",0.967667951342432,0.973327795466989,0.85714422619293,0.8251613295368,0.929814188849076
"2540",0.965570812060971,0.989079561087112,0.924076032883471,0.893347963384199,0.686200526274791
"2541",0.96530633628699,0.791868443230954,1.01175026259945,0.768458775230111,0.668045111854037
"2542",0.880243328358439,0.963208286292903,0.970091098810759,0.96833939640286,0.849077800199699
"2543",0.903293532071388,0.958926052162103,0.844354303851968,0.750876939073967,0.825756796087054
"2544",0.877140610115106,0.983092094439606,0.884074073298615,0.901481874335177,0.856117423164991
"2545",0.961592089729043,0.985003392120235,0.900309126995897,0.938977682987683,0.681952991174206
"2546",0.926333421804765,0.997342432519578,0.691126357406323,0.62431260050454,0.971417313179445
"2547",0.973029470610078,0.96943589170326,0.980236882720884,0.760065346846167,0.860819144890519
"2548",0.968769798080243,0.979240909554627,0.865641843982508,0.863492660913153,0.796460176472453
"2549",0.970834238356033,0.984133684931314,0.768199689415387,0.698153362862629,0.673412111996702
"2550",0.964572674564603,0.981598595491303,0.928044645954897,1.01359656716455,0.608939650895411
"2551",0.892518927273236,0.790673740229797,1.03459964174879,0.903210784144974,0.711010352012856
"2552",0.97708903385169,0.791811158354745,0.858965861379712,0.967204214968589,0.664242178043065
"2553",0.948629236163526,0.989203321447636,0.761247557339479,0.994294029321001,0.740748195048336
"2554",0.953059270987084,0.997077530842843,0.95716172007158,0.979488937346169,0.747820699192967
"2555",0.96853765045706,0.818908779062822,0.87474937793977,0.964051848693007,0.935618888830115
"2556",0.966404657516114,0.840796458056527,0.760995817090041,0.790452712424146,0.585136832943382
"2557",0.976533658801666,0.988493718026709,1.04644158331389,0.703149068475562,NA
"2558",0.983088424111223,0.683501199995127,0.922128158758657,NA,NA
"2559",0.958005555155163,0.781869379002676,0.830317620245588,0.843160877165267,0.453643696966162
"2560",0.978471733166423,0.985909274538028,0.953732443978041,1.02815871649363,0.798261293781207
"2561",0.963213588654063,0.873095679780062,0.845919868319942,0.872741194939224,0.878588571028155
"2562",0.982488310263095,0.952280520553667,0.737789615536262,NA,NA
"2563",0.967154674306054,0.846612898929793,0.926713616780246,0.755439664970608,0.909971195998614
"2564",0.967537725447995,0.986981980754178,0.982354592248767,0.748652854036967,0.716113505952064
"2565",0.97795598210061,0.985314617621736,0.80243163286013,0.751685206929799,NA
"2566",0.965941832902544,0.972843239974465,0.915432231050613,0.921732789923541,0.719491794183103
"2567",0.960938144032372,0.844729158739878,0.772304623418026,0.770416776957073,0.780362692248584
"2568",0.977758787772188,0.845206593146244,1.0236767601326,1.03846922202999,0.784353977255908
"2569",0.970500719797373,0.898066172777613,0.992894968565749,0.807010936186708,0.983955073984219
"2570",0.975367115975458,0.972289796856815,0.802384951208488,0.835452489104307,0.817228332353242
"2571",0.919866860378549,0.851309912917924,0.940829057020308,0.756377459957089,1.00978419030256
"2572",0.937875120780431,0.865716343021288,0.948477778089667,0.82034865480327,0.706754790948506
"2573",0.967061289022836,0.973027892567507,1.04839068540702,0.675161906932474,0.412521553751216
"2574",0.967643748913697,0.989845277122414,0.864103836569914,0.945397295460166,NA
"2575",0.971369197233745,0.918309018894073,0.909498572499877,0.925804332848626,0.819216914224017
"2576",0.975229672291052,0.98331143858727,0.933367865325943,0.856909208342616,0.78051369944446
"2577",0.887884008034685,0.973207466259996,0.842156064350831,0.991138187674842,0.73213104089429
"2578",0.956928879466849,0.984406127688523,1.03479209895686,0.943979381765871,0.952898144592668
"2579",0.826771870145581,0.977806317030602,0.687797501940269,0.751787501647387,0.628343078220733
"2580",0.983839994917015,0.929820762291924,0.790177379793386,0.750827097802044,0.918639086525229
"2581",0.977689025359487,0.88086705135754,0.907090413469235,1.00240980015515,0.758754407502296
"2582",0.766151785353701,0.969643907702399,1.00305069051002,0.718745551791572,0.540903511287398
"2583",0.978719256316116,0.75451411188941,0.884912324845403,0.886153128827858,0.86911251645711
"2584",0.968741527478394,0.907841314643015,0.892444632239833,0.926118099066147,0.543697539839183
"2585",0.974522240207792,0.988231912595094,0.728261960565524,0.903880756829186,0.691941691068352
"2586",0.878508167536997,0.917190397822916,0.8668522198314,0.817297068930333,NA
"2587",0.933721488873916,0.961808080316261,0.955172160838637,0.759737791955573,0.851072201393343
"2588",0.975644096072564,0.891879762077111,0.934449964175059,1.02511931725563,0.92143615754166
"2589",0.97557840123922,0.992844851516731,0.840837582108151,0.749555324888762,NA
"2590",0.972080211443916,0.993435993878204,1.02341079250663,0.664992033662522,0.738426854601701
"2591",0.899528388809304,0.97100822070449,0.616784009329155,0.944035688333277,0.795671326828255
"2592",0.964711191179718,0.970475446905217,0.863609021237889,0.960100514640931,0.830255082307496
"2593",0.962405579978966,0.89141535742792,0.857563557013867,0.877586476804793,0.523241398109252
"2594",0.888029885007337,0.913679160413252,0.817957263102941,0.775388794041557,0.837402116282438
"2595",0.977674281976254,0.898710086385709,0.805640729737254,0.96032808537604,NA
"2596",0.949363598102745,0.93369011141786,0.875647848853179,0.838955587738938,0.697397148768899
"2597",0.950811045000334,0.979522109760062,0.804752902082787,0.941287422876144,0.773557410063104
"2598",0.943134001313756,0.932882933020922,0.848495614556906,0.922346398855452,0.758120822631603
"2599",0.851383145669711,0.920568594069568,0.735865175647149,NA,NA
"2600",0.908964455493065,0.974144469767012,1.02586469574396,0.644922824374466,0.807542669661276
"2601",0.946138967261348,0.984708873468794,0.869011065663754,0.680859656091909,0.944733966272762
"2602",0.972574660187063,0.979269904727847,0.953762052592057,0.618813428366492,0.670816242753031
"2603",0.946366042515873,0.915235763610151,0.774432836028601,0.944533342234722,0.822436190806626
"2604",0.911482487545362,0.984858052987693,0.770412283338119,0.765893425957447,0.938346055049645
"2605",0.931680580967818,0.983060600064231,0.666602704300316,0.820894564926942,NA
"2606",0.965275493912289,0.747158476873515,0.894011869101034,0.774987168260778,0.722273530217072
"2607",0.958826403488152,0.976569291884771,0.781372932145296,0.693063094055874,0.63154762425379
"2608",0.963420106381279,0.911580276546947,0.913320319813256,0.61899433778932,0.678465377483796
"2609",0.957066582675529,0.953382959651135,0.875068274830922,0.842513135446201,0.666949916375861
"2610",0.973061290023438,0.980725692369955,0.749154973687277,0.80205451712107,0.887482454571287
"2611",0.960367234419825,0.860469425638686,1.01593806007241,0.950114619145317,0.744057696796554
"2612",0.931007381692387,0.96115682036176,0.6703802300418,0.761323644796773,NA
"2613",0.87987453801715,0.940464321155059,0.809562041087158,0.815714660313462,0.806334339749111
"2614",0.97627036493973,0.930029415629857,0.870100624438508,0.830373156588011,0.731426723151323
"2615",0.975876807451028,0.866955219544754,0.818852873714546,0.905308121154359,0.793505645475849
"2616",0.84777451182754,0.908081619516917,0.717248539914158,0.728218909424918,0.762718105378015
"2617",0.742661110962869,0.776357452135006,0.740414760806617,0.778990850897718,NA
"2618",0.911276186355225,0.95745962798308,0.917995534513764,0.813066890984223,0.61504715223331
"2619",0.942014717214759,0.959991641722397,0.959225045714689,0.929599341494702,0.796351278708805
"2620",0.942221920304755,0.733840247886074,0.831931472586212,0.650352233514953,0.757914789788739
"2621",0.97143468677332,0.958706811031241,0.861618999702727,0.917250827315987,0.760932943275605
"2622",0.970095027413298,0.896702289827677,0.843221662435462,0.828239899826307,0.78127416210961
"2623",0.970315880816563,0.896389847403123,0.803003030275253,1.00999479939525,NA
"2624",0.982850615611489,0.94967609421995,0.995452173457946,1.01887042623952,0.936358964349571
"2625",0.887272790654725,0.998386086638049,0.953060287277293,0.792633932001703,0.766615046096802
"2626",0.933663262718559,0.981237253186318,0.873544954443539,1.02284925659509,NA
"2627",0.764945131751846,1.00423773015848,1.01878217258926,0.877756867234195,0.771267100137842
"2628",0.971300783335899,0.905410261881896,1.03449033856658,0.759387402980354,NA
"2629",NA,NA,NA,NA,NA
"2630",0.964953858129234,0.988238765061134,0.831567610901371,0.902595894657019,0.627904033189912
"2631",0.952229591447021,0.909733471397079,0.782002497222161,0.8815978048667,0.852881705947611
"2632",0.94144621771323,0.918626261832695,0.793738886951392,0.76633442167907,0.981481760025363
"2633",0.974964789987471,0.882952010454028,0.803449567543225,0.619685247601618,0.965703879030309
"2634",0.937125656815252,0.849766775346466,0.930256230029515,0.8869217496008,0.907609102941762
"2635",0.96964559963128,0.973851616367243,0.842012461634076,0.839264082614089,0.679584617667092
"2636",0.977368885732798,0.973596288186318,0.786281925854052,0.929912437336615,0.686209014551793
"2637",0.809030784956626,0.911308443467447,0.942822911618486,0.842922465932181,0.56874845374857
"2638",0.910134158900237,0.973287154775541,0.881845168575151,0.847888881349262,0.591383051741794
"2639",0.978145517637657,0.825974858457145,0.886680707845674,0.488783769060926,NA
"2640",0.944506946102541,0.862080357993118,0.828884262034814,0.796588103467566,NA
"2641",0.955499593562336,0.968884074956539,0.910709128995918,0.884931558111189,0.66171943193759
"2642",0.970902856324173,0.976911919807665,0.858927442609466,0.595521385138678,0.670421484833439
"2643",0.903209773696686,0.985774469481732,0.933033519911214,0.865487839572824,0.778890285615024
"2644",0.95737369865329,0.931268252473418,0.824060702772804,0.803712220385815,0.799721550749779
"2645",0.965060908996296,0.858663783430102,0.840275549759435,0.796629092930487,0.83823642523563
"2646",0.907269111920839,0.805835978808464,0.686109468020357,0.879561867891841,0.708619498087608
"2647",0.899664530678013,0.90866092487497,1.03623276298148,0.884256795645094,0.824689326644138
"2648",0.897967371848184,0.994094642517543,1.02750166541496,0.941171851962146,0.789105587262152
"2649",0.916791326773978,0.923768528983669,0.855488712361401,0.989368733762536,NA
"2650",0.794786591526297,0.898603919234605,0.80258489180644,0.929996396649612,0.974699633479705
"2651",0.978230506829866,0.945199754874051,1.0212559674762,0.724270821174946,0.692583446177478
"2652",0.979631531811323,0.803829374042467,0.810927153281171,0.766286579795946,NA
"2653",0.907641457530233,0.690027999114728,0.874799126480505,0.842534124521861,0.874919455550397
"2654",0.982618048038633,0.975639625939216,0.886594997590797,0.74259508195588,0.798583209671375
"2655",0.850622528851287,0.979368086042101,0.813633171383142,0.880519176355274,0.72242366395031
"2656",0.90512428473422,0.98017821621113,0.929577223327014,1.01387796017004,0.706334777436544
"2657",0.835030866918204,0.999014452438834,0.865955678291299,0.699997849923037,0.676879047778983
"2658",0.980429560643268,0.978390794954251,0.795381637563886,0.823189571614278,0.625411273484704
"2659",0.961370660127045,0.892626762723185,0.762383423406269,0.944715984144384,0.80923878410044
"2660",0.962331735749205,0.981465555408692,0.986865124849381,0.838546783494072,0.702202134270055
"2661",0.979131769501386,0.96947887862665,0.936436683084901,0.911111093941283,NA
"2662",0.965658611624876,0.966879309050234,0.97159309202905,0.837964190102589,0.58805086968856
"2663",0.98236774298882,0.967578839329044,0.954940638588323,0.806045909037121,NA
"2664",0.971676753911219,0.973456078787565,0.922837529125272,0.968807980910374,0.748322961074625
"2665",0.975389823708765,0.881891243249839,0.93867448411012,0.799643504253849,0.806046193598341
"2666",0.972337173459753,0.977924541904709,0.832670689934886,0.814411895745819,NA
"2667",0.95773849055218,0.993302909798061,0.857805562483521,0.764948563815451,0.818047210980669
"2668",0.70928511658562,0.984388799800656,0.733212685631114,0.704591061614348,0.829057515167092
"2669",0.961686190393914,0.987584438945319,0.821720037090943,NA,NA
"2670",0.96462928574839,0.95525123759354,0.646759674085157,0.86257570833412,0.756307243381945
"2671",0.962977977471303,0.990354240629411,0.793279121001196,0.813456676041991,0.619018901584475
"2672",0.899620307007308,0.992056064406354,0.816585544739905,1.0006829493314,0.83329446398696
"2673",0.896134737941238,0.788220253938577,0.869317744712094,0.795459797924639,0.779256961793944
"2674",0.966345367160874,0.808727519913614,0.85611914825068,0.893623028851065,0.773760221065696
"2675",0.973664382939525,0.986487055509212,0.731270033055416,0.755390280293359,0.709765985529543
"2676",0.887335400978735,0.906429652992081,1.0292620679983,0.877334748927891,0.737962737011404
"2677",0.972934847969523,0.906116207649202,0.758728957336934,0.792669406645798,0.589897674253018
"2678",0.920513267192257,0.993504957950843,0.782892735800038,0.914816646785062,NA
"2679",0.975435335189589,0.978074452218054,0.993696172039551,0.946068281271056,0.679437873303083
"2680",0.959178831012038,0.90659885543435,0.896600381585592,0.899618402062591,0.71422377309229
"2681",0.971568352769381,0.867726869869205,0.96057788416066,0.924513370026914,0.596295184216696
"2682",0.967710737960888,0.976863817966677,1.02020981950689,0.810488141761508,0.695773953795818
"2683",0.964795001522531,0.696347369435399,0.848284882291636,0.99499531679465,0.890812614238334
"2684",0.93709757890818,0.9732477699805,0.950532462545868,0.921772830731952,0.595919272073657
"2685",0.959637589834775,0.906912558328957,0.877425674259229,0.827107048628646,0.717759967105372
"2686",0.865968894968258,0.967169779470658,0.782335118147836,0.871365321783143,0.880381165719312
"2687",0.9778367829006,0.905724017682258,0.965920798428079,0.741358624334848,0.631894802665072
"2688",0.947230619909697,0.927259759550294,1.03242730438782,0.95901469118894,0.850306555105419
"2689",0.963731816849059,0.954123413593771,0.863343746990107,0.64089603633503,0.855252141619534
"2690",0.977750932033298,0.977551919960377,0.751049661737922,0.700465994384346,NA
"2691",0.973056867878308,0.977013592581194,0.954139391458451,0.927423270297656,0.616639452884626
"2692",0.987032529087171,0.940103785561112,1.00168023932662,0.709333388663969,0.710158638976043
"2693",0.957700407190663,0.978997800974066,0.910058617594337,0.874384722942471,0.582714194350572
"2694",0.952837630457928,0.910282239114805,0.950898016795174,0.80124435246255,0.747813495116639
"2695",0.964669989502237,0.894184779370121,0.884667103933779,0.763326443985733,0.81804312817824
"2696",0.974636816943027,0.826086978739029,0.74142943391464,0.985890124788328,0.820566380257912
"2697",0.848743142188051,0.931485771099994,0.913860458407286,0.815637017257494,NA
"2698",0.97492340409942,0.99752168686923,0.867462215669312,0.819448282688112,NA
"2699",0.957238151969986,0.992269413599952,1.00243601189761,0.943380779232988,0.718291042709757
"2700",0.96906940406052,0.807347983585937,0.8096096195527,0.781108119517035,0.866869265859678
"2701",0.974698207687681,0.982831187224643,0.958023705159951,0.787794056172344,NA
"2702",0.95878861763408,0.969486322697514,NA,NA,NA
"2703",0.826226379049778,0.997815277265218,0.847071927993126,0.836775307884174,0.78686325130576
"2704",0.848017911128328,0.970846039638896,0.765754768134347,0.740184445475857,0.741284180339985
"2705",0.973047748329525,0.825390675342469,0.716227016441878,0.622229126610721,NA
"2706",0.943971813635986,0.928171579385206,0.835544434669324,0.839165577880407,NA
"2707",0.976391690766449,0.879020799308382,0.886261833079238,0.91538113707396,0.848766492312509
"2708",0.943775462118927,0.987317156815558,0.728769855012922,0.69153652468458,0.919896312932588
"2709",0.972262726981209,0.963195881398524,0.844960393600956,0.799934566652988,0.748874202628886
"2710",0.919399734315079,0.84196932342383,0.777011691933567,0.945826584602746,NA
"2711",0.647566624709689,0.979388361963321,0.713313122987641,0.746939386945683,0.760313054379394
"2712",NA,NA,NA,NA,NA
"2713",0.866304812729112,0.780666029419247,1.01864294924814,0.795169197354295,0.936818377454505
"2714",0.952423030148401,0.989875833278366,0.864113602439365,0.823165857600162,0.557782628721231
"2715",0.914525734192084,0.985732246081793,0.899367267851979,0.868223867211932,0.654064039251902
"2716",0.947709737377955,0.997109800789825,0.888369930001787,1.03878803834526,0.933033992909754
"2717",0.849372516032276,0.87198333048581,0.784863799076733,0.882024620399796,0.730257040055676
"2718",0.966433787617883,0.924912053137851,0.849260889578966,0.845363003004922,0.39322554319771
"2719",0.936862141887281,0.837138411002938,0.812723280504872,0.928017561198202,0.889849928177906
"2720",0.957026575230838,0.970803491131024,0.746138300288567,0.701716674784218,0.67753673429584
"2721",0.957954624601952,0.961342801082791,0.891966769504171,0.751699745449374,1.00801158648649
"2722",0.912829000458476,0.856706099106259,0.923981885324898,0.820294760802872,NA
"2723",0.894286423663831,0.976431560281225,0.896939456132741,0.869373380814673,0.769252372791765
"2724",0.888463566433043,0.978040468201939,0.839310935641515,0.814916675605004,0.950248097253378
"2725",0.956451426557927,0.81201722861091,0.958447699758272,0.926274288716217,0.62319130471667
"2726",0.981717278148703,0.721221967769725,0.870298377434703,1.02517566458233,0.819580128902356
"2727",0.838815583366823,0.952526036104357,0.847065631929197,0.639869694377268,0.96819363188212
"2728",0.98579787311919,0.87035770272618,1.01332835969891,0.859131533018968,0.629817419101355
"2729",0.980019840815426,0.813054086532301,0.889683328880479,0.947838142218185,0.650318962314334
"2730",0.975496365472313,0.841670084970583,0.83692261825302,0.778109116821799,NA
"2731",0.849608852056028,0.905610935463743,1.00694253582912,1.02784159374625,0.789666510543002
"2732",0.877945895911956,0.960604653374331,1.0184749842914,0.702556491509477,0.830220181967017
"2733",0.982220016336624,0.970911918861326,0.969836954675133,0.76559723928588,0.904757491692392
"2734",0.909196310014547,0.980488434741517,0.896749064639323,0.726323587691334,0.733026435154997
"2735",0.98398933685824,0.856957808554633,0.930734488689665,0.758431576291475,0.690559281699759
"2736",0.968744669528962,0.990761719689929,0.908888214589035,1.03120156626419,0.658563143980795
"2737",0.909923915950392,0.947200636307954,1.00747179972545,0.758134034086292,0.782097088453319
"2738",0.953178162895644,0.989921159211529,0.73475708981094,1.01842993394579,0.768918312244812
"2739",0.893055291211434,0.970717363377587,0.915478632566494,0.925761019580034,0.812317822298363
"2740",0.981783154098042,0.988470978359202,0.728016010668057,1.01089160384104,0.69926257046239
"2741",0.953555408099365,0.965750404591675,0.897537069806901,0.877838169569295,0.699587141557929
"2742",0.868011430117504,0.913444795549443,1.01023355983238,0.764945765460902,0.628547785327568
"2743",0.956835896898847,0.94356924171704,0.941141287509093,0.903559337695795,0.685992979723234
"2744",0.944398087076652,0.911861621670143,0.801897965290902,0.761817224849671,0.992685255773768
"2745",0.911479856091514,0.973643524579294,0.789071229151945,0.807826783786473,0.623911626565249
"2746",0.94224702937131,0.987876470726888,0.637392426401382,0.837507871849524,0.719270370098462
"2747",0.945855643999521,0.982647594582588,0.94353734191276,0.92104315354904,0.566429170116007
"2748",0.977315530236888,0.994264320550747,0.762365224791335,1.02833588007311,0.825368550039114
"2749",0.814608464417505,0.990942814411976,0.77834721735952,0.842652735719725,NA
"2750",0.960834699107785,0.969037977816695,0.806660076373677,0.736053233863631,0.851017944015413
"2751",0.892929878900635,0.964595660228521,0.829016859493072,1.03470393258195,0.612201551292395
"2752",0.966758941363406,0.906755810342171,0.89745399573655,0.734888392948254,NA
"2753",0.90990567881445,0.938572401561392,0.98130477046334,1.01805158953411,NA
"2754",0.976121257889767,0.989035816923097,0.951299863782396,0.846438103350224,NA
"2755",0.805418848091641,0.969585695735228,0.846121697023311,0.813395956241674,0.903231879198509
"2756",0.987572425795282,0.922070293022282,1.00945967607043,0.991738174287706,0.829415522808801
"2757",0.947148313779752,0.887303655137437,0.88757318743006,0.66371413958335,0.701906390321097
"2758",0.916496660959373,0.748664183216592,0.942064244928709,0.930694920069782,0.674348867415841
"2759",0.988612502222893,0.963412022655429,0.920544733153265,0.818909850932944,NA
"2760",0.925519799555012,0.970660609384733,0.919991183094608,1.00714849409121,0.59673435829384
"2761",0.958621383777585,0.867346593925373,0.918977838702463,0.890709574796162,0.731669051912949
"2762",0.829141222406949,0.977889567627051,0.956906674495358,0.961494463800348,0.734035785706181
"2763",0.958394235833839,0.950811279519345,0.758592761260166,0.967055366563791,0.547557694393501
"2764",0.947112234602262,0.945438035975539,0.739123455996152,0.627929990158952,0.797489546662833
"2765",0.979068114384733,0.991983535184099,0.960257927393904,0.893323462246452,0.59129116781943
"2766",0.935622406428129,0.980039309943377,0.747721058484654,0.911296353262398,NA
"2767",0.945525095429391,0.83175192337911,0.876118350892958,0.712982911962464,NA
"2768",0.980440990589062,0.956715552866475,0.78966851975279,0.816080955698979,0.711675163364043
"2769",0.970799036119189,0.943411321281636,0.878412010339406,0.868571040060237,NA
"2770",0.983037082774897,0.976137653585301,0.85924369962823,0.847917655465038,0.616400994287098
"2771",0.913814739090721,0.926255111447199,1.00149288409275,0.87529309859786,0.796167659907151
"2772",0.94494382598827,0.989878084708835,0.70717448001609,0.784623394040285,0.816625504734561
"2773",0.945074561897912,0.984072054332558,0.667693647219203,0.941223483833019,0.827763137126712
"2774",0.899296334243197,0.987381573318377,0.648490394604573,1.02448075100512,0.647176738123283
"2775",0.768337012128705,0.913605623557084,0.763785708028503,0.859148014899562,0.709988951203394
"2776",0.988085379341416,0.68902888851641,0.793244412276569,1.0224685486914,0.699259587225953
"2777",0.893255700833011,0.981484091895716,0.918151885348228,1.03139807213601,0.848348537951124
"2778",0.895384250544567,0.88301735465736,0.752180846874348,0.713701879691094,NA
"2779",0.896239429471521,0.973131341289418,0.841058737571383,1.03266823131988,0.791064474627373
"2780",0.979817041485627,0.922720571568232,0.76090488157648,0.856814300446442,0.820846119354549
"2781",0.963245132314292,0.861679356601677,0.869883144874287,0.874420343288572,0.596264123308444
"2782",0.875391509105301,0.98828297283308,0.835163793981016,1.0300854000369,0.763223157932104
"2783",0.956302047437626,0.970308556293927,0.765510675076331,0.858246104233587,0.834761321202368
"2784",0.881758574075122,0.960878912437562,0.909955535542348,0.758569049440876,0.747052089688682
"2785",0.907582074658135,0.791678556614561,0.887444666170877,1.00619023896843,0.836819324041582
"2786",0.924946523627985,0.985729846376644,0.839781261915095,NA,NA
"2787",0.833693844712639,0.935085564541886,0.716590407362827,0.689235067116092,0.814599604474638
"2788",0.960556080443991,0.957204856905944,0.600679827317075,0.792679536845077,0.503769340817854
"2789",0.964183113872715,0.883560370948749,0.784262090973845,0.868550328853605,0.786862693824597
"2790",0.954953141381427,0.978075280564181,0.892318781600455,0.779521739910753,0.551046399199675
"2791",0.964924542968951,0.961599381868183,0.842713533595469,0.971175191927631,0.678721418069963
"2792",0.982888940172568,0.827278136992048,1.03262714785094,1.02308568988919,0.81317239750313
"2793",0.973188603339236,0.981515947012133,0.967298889871213,0.814935380988277,0.673836841518906
"2794",0.946961940241433,0.721722630950321,0.942062701750248,0.802466454330118,0.637597563870524
"2795",0.972933406812055,0.981944390036436,0.830585263430213,1.04023183339553,NA
"2796",0.978549574513528,0.941872320085552,0.721245103917468,1.0256577018075,NA
"2797",0.953456355325579,0.972398607970835,0.860633985551535,0.69868571350592,0.497680454572293
"2798",0.959606986058967,0.74676479729142,0.83592479903074,0.865285513619361,0.583368444035689
"2799",0.911102922179044,0.870623891150188,0.940693753366207,0.694557270023076,0.626357786392421
"2800",0.879331405232677,0.874091061085889,0.814099293666466,0.668916839281186,0.661763381181523
"2801",0.974326250951916,0.909339076722097,0.801271700230685,0.780792141282238,0.66706073161838
"2802",0.902124729527366,0.840236781558897,0.755248051916096,0.745956369654052,0.924593121409459
"2803",0.974490062229882,0.972137449917898,0.801212662233172,0.931310860813769,0.87578323841575
"2804",0.768311543468866,0.949401694570453,0.927124123402335,0.88518174763541,0.801385583083768
"2805",0.975344696805834,0.814248337204494,0.73578291842563,0.746967445562909,0.977961344682409
"2806",0.951124778985472,0.982060140188695,0.887199958112714,0.801316074345064,0.591382775183123
"2807",0.978775282758425,0.955965900424064,0.563172858527941,1.0397414869188,0.720837880053085
"2808",0.93791687946075,0.986767672803817,0.938215167381922,0.866947605771565,0.853253384512595
"2809",0.970633393935773,0.990870096662554,0.71065469622713,0.938247366437105,0.735460793645107
"2810",0.823084095246644,0.905661793549328,0.76247460469904,0.942137917511844,0.929614635357826
"2811",0.984607299842937,0.991767786929934,0.844202532445933,NA,NA
"2812",0.923084502541588,0.980769614302445,0.80906994329437,0.936417365487953,0.899738743716945
"2813",0.954466266551906,0.982898142505903,0.791954065214041,1.01781291064334,0.830266121734033
"2814",0.965251974791965,0.962885944097073,0.721606259046436,0.826838691655929,0.751760081275232
"2815",0.95562449807563,0.918906190247125,0.725090231364303,0.837251868746448,0.611414860302789
"2816",0.952571759518733,0.983650027075513,0.973248530083376,0.909965899488527,0.768409498409607
"2817",0.709744656556004,0.985183581256975,0.932710537254702,0.926583145491135,0.888995094667715
"2818",0.981475971473472,0.864351026514122,0.865164666739621,0.933680840838522,0.656398460768235
"2819",0.948933839708207,0.884882997578666,0.715538916500078,1.01569917962348,0.477724053524374
"2820",0.932995609760143,0.997928113178698,0.68754838233479,0.935024149722164,0.492808927592892
"2821",0.980849186917512,0.987318904495305,0.875544057345971,0.798804644803046,0.844675952902881
"2822",0.709111572894527,0.974316569954357,0.767505112661295,0.866772911789933,0.896930825255852
"2823",0.861308091255325,0.97152433722365,0.841970690780224,0.767464564325927,0.792922651359083
"2824",0.900059572691581,0.973796356837317,0.919187824853528,0.858004971614763,0.755400708780163
"2825",0.952727657539135,0.666962687866724,0.877291375476185,0.760695559308615,NA
"2826",0.856567518167116,0.876045421803865,0.853092375278664,0.943024370938838,NA
"2827",0.953343922175065,0.979746096161577,0.957633257813741,1.01829863542804,0.830551366187537
"2828",0.804970042589257,0.986334021327765,0.894804109123805,0.751479896900981,0.736245872858156
"2829",0.95786595898806,0.886956285825119,0.832136168114961,0.8446119545689,0.604189306284353
"2830",0.888962046287812,0.967492247964862,0.891565450072872,1.02032010342936,0.772299846178374
"2831",0.771756417856858,0.933157710969392,0.957381128013564,0.84517548441265,0.73324547958982
"2832",0.93395405750959,0.934948422734093,1.03086751831119,NA,NA
"2833",0.750807034731794,0.88868229851032,1.02445209338486,0.67676098296241,0.629313030615877
"2834",0.967184848582023,0.967487521703663,0.996824308991487,0.658744678056302,0.860253037039367
"2835",0.970332927603263,0.995910019404011,0.670128960576915,1.03055749467676,NA
"2836",0.983036161940705,0.972356923145227,1.04760493769402,0.872407891441611,0.788612072007746
"2837",0.970783930555824,0.994100878179484,0.728856659900088,0.841413357353631,0.623639060262679
"2838",0.845421616414715,0.983557790726087,0.817303104260282,0.944010667744906,0.630761627189879
"2839",0.95043352880861,0.998271220168091,1.02608990182607,0.939979726994451,0.845313067958399
"2840",0.960525088743624,0.829214993982533,0.968823172537629,0.875501101143337,0.760664453488101
"2841",0.882188048856886,0.9829828921113,0.821074415504229,0.934384368901157,0.633252002334893
"2842",0.965068332839299,0.988281417309768,0.887425516444379,0.863097818719546,0.705024767848068
"2843",0.968818485709282,0.958277378174904,0.809222214055394,0.812823571723514,0.729022912571023
"2844",0.839207042274388,0.971328147515427,0.811893210538065,0.760718897444842,0.604110889945371
"2845",0.959433952377616,0.952271599399561,0.928015884826187,0.862694604664308,0.738076682538836
"2846",0.982079986606765,0.980872727759258,0.952603850596772,1.03353012762576,0.638963027294298
"2847",0.975614277729182,0.976732461180113,0.619855197685882,0.897569324352199,1.00662607503385
"2848",0.972075092490575,0.985352110513755,0.819875349958422,0.935184947223753,0.785511267200056
"2849",0.962583185591013,0.917659017279717,0.772985810616454,0.846286915529439,NA
"2850",0.98125269859951,0.87259884083661,0.978951321063934,0.859722451089183,0.823310022494187
"2851",0.963809796946553,0.9551398726504,0.919087811732681,0.928271921595619,0.770009415900285
"2852",0.965891186428152,0.893087951111344,0.795969425071231,NA,NA
"2853",0.85085642600733,0.907955730116261,0.795496111062685,0.772289103729074,0.713136546692428
"2854",0.965069495899745,0.951234853062473,0.893024702188103,0.928909583003651,0.675363878102887
"2855",0.966635626099435,0.979465718577783,1.04114687572938,0.793704908565881,0.828643001713637
"2856",0.977603783570085,0.984211239250486,0.873694706746748,0.83551187628847,0.594629284086508
"2857",0.978185616729312,0.969911005009298,0.826133018548719,0.879843177068377,0.883151534381597
"2858",0.960951172431417,0.979993704815556,1.04159589732684,0.900706240726675,0.781468245585112
"2859",0.94677606927246,0.973304312646642,0.882894315820676,0.894403445373889,0.777986603867764
"2860",0.807876993510133,0.978683064059159,0.905755342812331,0.896196728873868,1.02713858124721
"2861",0.893391781129859,0.982967724634991,0.901852419303422,0.906981460355038,0.579739942386507
"2862",0.974611288377541,0.991543899543709,0.942954948330005,1.0387369749273,0.634003198288166
"2863",0.950274556360636,0.992871755015225,0.755838437820541,0.742899551020108,0.745462470636479
"2864",0.967271203176985,0.982171716001262,0.862880570385079,0.869399452258152,0.748345568132434
"2865",0.863647260472552,0.923514799961669,0.94652978774319,0.786439351219732,0.598923097009774
"2866",0.86884673527465,0.86055815609494,0.762218667520866,0.788922901258495,0.582699597287097
"2867",0.955089857787582,0.849518316889893,0.803310019554144,0.917426024549841,0.711944988247805
"2868",0.934641221854252,0.986787215061551,0.748986018105245,0.989057052565406,0.631521066683379
"2869",0.832311227603368,0.979269345872277,0.920914007392462,0.778505879314997,0.680589265218959
"2870",0.846574062495551,0.977225495514173,0.78262279280978,1.01663875244645,NA
"2871",0.975574871368272,0.975359457089217,0.759753737016955,0.875196442978516,0.863722361238186
"2872",0.979775007056915,0.945084103797313,0.657699377535628,NA,NA
"2873",0.959351926961035,0.930381941439095,0.809822607168945,0.927810613189934,0.743751188337995
"2874",0.979970750807715,0.818578056115362,0.731200994698032,0.861185539167387,0.734948926835788
"2875",0.932753171346691,0.862175324633305,0.881289246927371,0.879782025891867,0.689891788294783
"2876",0.968221350719152,0.966779791081418,0.81638255804573,0.854659422798045,0.75516189798249
"2877",0.768953303172295,0.895403744056962,0.784879631976862,NA,NA
"2878",0.983091912781724,0.96927051915665,1.03084305737405,0.93935267408444,0.950937756544048
"2879",0.957378447535343,0.972036395341128,0.995934050028368,0.788268759452376,0.667914018140691
"2880",0.738840814564213,0.908155292221835,0.869697375072137,0.938786782679501,0.70683388773153
"2881",0.938770213672092,0.965377504625082,0.963935256456389,0.850269530909631,0.764697083363452
"2882",0.931268563705514,0.726708322534175,0.642949335836658,0.858972278404007,NA
"2883",0.742065366372122,0.924142956125417,0.71325349079705,0.852345480008787,0.641890993315867
"2884",0.982175690907764,0.91243131047343,1.04295234652903,0.933820570422215,0.712677912895775
"2885",0.88673270421137,0.794040655911246,0.770498448980607,0.951465792531054,0.528011408030822
"2886",0.873914787077641,0.974055595231556,0.830932500984819,0.971266923663981,0.754938431914931
"2887",0.984525381519059,0.880798602442014,0.741337136085723,0.880971488525514,0.843575772217941
"2888",0.97123585508867,0.991963960089396,0.80069518469849,0.755187200546519,NA
"2889",0.968421960422929,0.933404400684395,0.674464802575483,1.02865921170123,0.717422477144789
"2890",0.980924878266049,0.975353722137694,0.933662641253233,0.66638401659919,0.78081225182056
"2891",0.957736651686852,0.976738405165662,0.617699487579689,0.907779179160424,0.536878491862338
"2892",0.981685896928312,0.986020788518718,0.92106973185839,NA,NA
"2893",0.977614337361245,0.901879279599672,0.954712522969185,0.920904304401644,NA
"2894",0.968394246246338,0.964497111072094,0.602383774315941,0.731145198422416,0.827996011194342
"2895",0.970833857232703,0.98480803776848,0.840614622449106,1.01239119925877,0.808790084412134
"2896",0.943002911610096,0.892850807848236,0.728452974372538,0.820328017971075,0.74376069037745
"2897",0.979779791912792,0.810824865990583,0.862523898765128,0.784782001171485,NA
"2898",0.941050217593733,0.969029569299898,1.01335212113365,0.863659126930407,0.689944139748011
"2899",0.961652064782738,0.798214108731506,0.671417570381913,0.553728910434993,0.823052126245563
"2900",0.975867348286432,0.967658237178233,0.804376465815576,0.947238295268229,0.779361403535612
"2901",0.899654833488422,0.854814929822097,0.981055232379559,0.786479631508695,1.00257791204504
"2902",0.982727557945368,0.945301467621898,1.0396151342284,0.89846979497675,NA
"2903",0.883643209465924,0.949051813908089,0.812596865291843,0.914342696466851,0.850212054701514
"2904",0.954565511241113,0.988205237699883,0.720949635284412,0.934168580080828,0.832708226965046
"2905",0.909319256654824,0.904687013535989,0.759762844875197,0.825058856922309,NA
"2906",0.954032014239134,0.997674976688275,0.70235775534139,0.553694848086237,0.79588608153343
"2907",0.943379569546661,0.679770130452665,0.918671663522574,0.82326797597641,0.691476126101088
"2908",0.933651440163581,0.895500403528262,1.01971265014655,0.994128429584224,0.613635508742051
"2909",0.953185952780359,0.983094393572432,0.994868330540308,NA,NA
"2910",0.964799060883767,0.926673560204043,0.866204840100447,0.915732585887785,0.881038603182787
"2911",0.956047853674532,0.861643717442928,0.808986421352306,0.806568939202531,0.671448521954224
"2912",0.967363284869984,0.892948369506248,0.90812891166107,0.788449026510271,0.893721257851507
"2913",0.866003787187059,0.880280135752212,0.804287935928642,0.768700911561972,1.03134539147085
"2914",0.970445381841031,0.753816460917317,0.803523244792528,0.907955359036083,0.529817302792845
"2915",0.970967790725411,0.906092052165751,1.02469611249606,0.817895777526102,0.645529520773754
"2916",0.965276606756669,0.868300238754776,0.741553802704257,0.858742316101664,0.7424170718598
"2917",0.914520224882705,0.988307230256781,0.847948141178422,0.905698309587206,NA
"2918",0.85109430455959,0.883983036346164,0.918435388537123,0.916287717385777,0.922988752457665
"2919",0.966981963286014,0.979244971976703,0.817791667957185,0.827330808536148,0.847560397030378
"2920",0.740822751395171,0.956257168045197,0.714424519418843,0.845568667349074,0.921239070327701
"2921",0.967156060784563,0.747412301745656,0.809558739995043,0.816580162541297,0.759932101699792
"2922",0.796573518678321,0.983875722136324,0.865520372703928,1.02902779485648,0.68110526450206
"2923",0.975328814635478,0.976002376756151,0.850443369774352,0.832648237375975,0.688543430875839
"2924",0.971955033707399,0.967576084709216,0.812947087518023,0.887580159195166,0.799416201980759
"2925",0.948823380378013,0.977522897909678,0.98489466171749,0.810977666135443,0.965810592860328
"2926",0.967868947179476,0.911043882488417,0.985603296903749,1.0184146454648,NA
"2927",0.976166697039422,0.82856795827561,0.736229380873634,0.836079534504304,0.766042390002312
"2928",0.959534592349489,0.82323201534832,0.724746839701009,0.930195240851465,0.699480285699186
"2929",0.91448146916474,0.794396026125076,0.991788816533953,0.859575171481964,0.824435036961779
"2930",0.965706659856373,0.98208814991896,0.823109004930686,0.922666172969447,0.792038077012161
"2931",0.970717267263548,0.95018798342938,1.00304524147268,0.813053321962173,0.481333321985275
"2932",0.959931130796658,0.961705946969237,0.710278772943686,0.682257566939703,0.862346446784199
"2933",0.869376031271253,0.961981365856761,0.76381056315181,0.747746075271921,0.874150088687855
"2934",0.979370436573563,0.80982479370963,1.00802526773559,0.843616551356943,0.818829524995086
"2935",0.939022591067475,0.989165512397876,0.913295354998148,0.848951225721393,0.73673715426166
"2936",0.950969362063407,0.818152708887856,0.911763998530431,0.941166459003481,NA
"2937",0.970493758187237,0.952491233461351,0.870266234921049,0.896853795079151,0.837909968936774
"2938",0.83093103640228,0.932769544857403,0.80352445427614,0.769393335246273,0.645297028670071
"2939",0.955072177435736,0.90517773378159,1.0288546706024,0.97954561380286,0.496091183580516
"2940",0.966025885999252,0.9542762794236,1.03012224060742,1.00406391564379,0.562065250749751
"2941",0.964460474619141,0.986845116832249,0.727548679393238,0.872542777103726,NA
"2942",0.945393020519771,0.971096476732559,0.868624679257044,0.879891459141192,0.80752667680183
"2943",0.976202573595495,0.892070433028649,0.889696544060654,0.847390854297494,NA
"2944",0.943605442894197,0.914020212528697,0.898780760224049,0.917091788619948,0.977354707851366
"2945",0.900183673699538,0.972539763153587,1.04168780099427,0.844904770442373,0.820840044588615
"2946",0.887635194441446,0.896265577765997,0.921637436762646,0.795719043715941,0.598307260683707
"2947",0.976485702343051,0.9624223791939,0.668920563919411,0.881327719381174,0.813958367193421
"2948",0.86809620429436,0.691228206181271,0.782911213420544,0.744143350120886,0.609291453235607
"2949",0.947272631398871,0.918866986250477,0.54900666729283,0.824355042363081,0.749937635092558
"2950",0.948170780342109,0.990692344956592,0.963171988905775,1.0071660540888,0.864303031407785
"2951",0.963344067550814,0.963344985881684,0.731066186178479,0.894117251390541,0.700447982141675
"2952",0.883865340028701,0.949316273039519,0.944533585980254,1.03884214807784,0.649418127967105
"2953",0.902869216052867,0.979498467712218,0.98663404407042,0.837204011685138,0.62297588233403
"2954",0.820325955378672,0.933662924705241,1.02432075857163,0.78037400334192,0.748314604640057
"2955",0.971723684132519,0.836130563916306,0.940576903772911,0.886930349965344,0.72475429878938
"2956",0.976217665982951,0.981761589895108,0.92302003566228,0.697639948475004,0.632527021700144
"2957",0.785074155392904,0.89780737030849,0.996027429083925,0.843614429794045,0.647973274963719
"2958",0.903217401112339,0.856285155667794,0.79203957152518,0.502361663479854,0.514080203750535
"2959",0.967108992466262,0.982320570382491,1.01952292187694,0.883886197031568,NA
"2960",0.94319307610338,0.841221037803309,0.966740229202614,0.705798371801881,0.723743050880709
"2961",0.9169868396295,0.819929366830346,0.937464479401631,0.857149562518491,0.879303736376524
"2962",0.969551231374237,0.877972827487625,0.877693470081222,1.01009320275706,0.916620576124412
"2963",0.91929092986866,0.978902865933718,0.809780971259222,0.946931396476342,0.605116760523396
"2964",0.95283311135819,0.9554283137903,0.826848743241946,0.838011759935923,0.704123860871137
"2965",0.960653723759697,0.965036882134342,1.04875491139441,0.701093634307515,0.657124527069009
"2966",0.95858568361095,0.92947789292956,0.744087849916818,0.837401802081193,0.743204943051094
"2967",0.973940124948795,0.879228365435556,0.741063735601063,0.940872362957228,0.817952551827172
"2968",0.978716289478706,0.984006165765468,0.929681035640522,0.885500246166605,NA
"2969",0.97650235751397,0.962592001595508,0.692640174779686,0.851906569146679,0.727695102039323
"2970",0.958185505358649,0.947633333096898,1.0437789319566,0.9393069337405,0.890401959637774
"2971",0.903349408296976,0.975580396567527,0.89836403954519,0.918751040474332,0.786241419760959
"2972",0.955576116072311,0.934426731836028,0.953134609431351,0.867471933612252,0.708401164849277
"2973",0.963790085340885,0.948581283611675,0.948329867639911,0.840298516323641,0.932889488444745
"2974",0.930313004022698,0.700414979026367,0.918039683945686,0.81653514435879,0.802781678278065
"2975",0.83255031837123,0.90502213007469,0.840221255599396,0.865511251058402,0.793773213118706
"2976",0.957828870458813,0.905669631753426,0.82774890328206,0.88267217447162,0.822900460418453
"2977",0.965886666378953,0.879251248102767,0.845665891043103,0.816080248917822,0.748801174906968
"2978",0.938794123388817,0.977049366235348,1.00863462740367,0.774960855920642,0.863101707758991
"2979",0.916549785925317,0.885353892031245,0.778377626788497,0.813409234726333,0.836815317181333
"2980",0.963914858384608,0.760859106329483,0.728668593250563,0.893271012758176,0.717801059326458
"2981",0.957093360283159,0.978583101374426,0.822702015472671,0.86774726392636,0.629338116290632
"2982",0.85599935832519,0.979525579368831,0.777046503725613,0.762737622690974,0.570421284096813
"2983",0.85002154773149,0.9581513123082,0.657658330518675,0.930275660415528,0.819166923205813
"2984",0.922826572731233,0.965471100075562,0.932693349549028,0.751222336359302,0.710999684727342
"2985",0.975157635776442,0.912136623620887,1.03950622767925,0.825629331319118,0.640726958311424
"2986",0.97659325387931,0.979675027021111,0.971442749147424,0.779319442525925,0.798524526741392
"2987",0.970736806136622,0.899954612012278,0.89043308503775,0.830971096835122,0.697369715521189
"2988",0.938965668537938,0.914084094980767,0.811235287597242,0.868326985135591,0.81018046739485
"2989",0.960047998023006,0.962225947949036,0.74860548028577,0.849985146661779,0.75739350427171
"2990",0.97494252682964,0.942961826493575,0.724375125339727,0.676547812601417,0.763485787532588
"2991",0.978829734294559,0.977191021064854,0.944536872983435,0.831865775347642,0.698190314407757
"2992",0.803918957262368,0.954300430035203,1.03777313166503,0.898616015365579,1.02659893382293
"2993",0.95518469581951,0.983278621637502,0.785738968144959,0.97835385499725,NA
"2994",0.964212457781897,0.986750686851879,0.883217227068042,0.765332522201866,0.560686734743873
"2995",0.989850585861213,0.981003389003902,0.952622233488844,0.683644044484414,NA
"2996",0.978419534749264,0.876844457108025,0.811115513653413,0.720347094645291,NA
"2997",0.942785881930555,0.854890614438866,0.770023779767782,0.762793550519926,0.667890855815296
"2998",0.958829146483334,0.964048158897839,0.976536717801299,1.03352603581602,0.794227154532752
"2999",0.963937618755006,0.890236022536031,0.907319068784214,0.94235576017026,0.913189174679062
"3000",0.805809840306772,0.804672292686596,0.673497505289103,1.02688446104548,0.610325653203974
"3001",0.962078416950561,0.975585156434557,0.920869269609604,0.902168010394306,0.786939476855881
"3002",0.959219421028779,0.987079477011522,0.923550599798184,0.901217465205008,0.615148700415627
"3003",0.850402184819713,0.807440770651969,0.720421709058474,0.745558448351598,0.720382834361374
"3004",0.98569840087794,0.829350814547771,0.832249873997326,1.03421551655929,0.754703573073715
"3005",0.909751699333264,0.970768083304841,0.956683414522972,0.900578483352218,0.698461086090466
"3006",0.828783904603462,0.959456025162098,0.964235527684303,0.960562048038745,NA
"3007",0.97132736658352,0.977204900425861,0.928963913042819,0.861372560156581,0.745315607270002
"3008",0.973196070749914,0.995684871760796,0.894232703289938,0.843887586741428,0.563543920186659
"3009",0.940542551078462,0.841929957369271,0.642154271843171,0.747487753615577,0.686986849190139
"3010",0.938413136605894,0.881618400773201,0.784280249004028,0.942732843291417,0.875220485043706
"3011",0.967080387921309,0.842858683216824,0.78604954568207,0.947152983629166,0.889000577539665
"3012",0.963887026638869,0.994372706998332,0.634938353303774,0.975344747555157,0.740304369382098
"3013",0.957716255856435,0.914367772165891,0.796242983216118,0.925031226964489,0.733691606570037
"3014",0.887007914431739,0.97840774579344,0.82023699325753,0.943475411534993,0.800629114913802
"3015",0.988156337042496,0.928997612960827,1.02548817180542,0.749988718419705,0.642682847414652
"3016",0.917856293276686,0.9845893736587,0.636521904980076,0.760722135498827,0.697203085506298
"3017",0.967057778373532,0.963802916052955,0.84448975897934,0.928455800682086,0.746228843240771
"3018",0.965690040809118,0.99481853221789,0.7262539358252,0.916961565330199,1.01485440096388
"3019",0.986113559587778,0.956199751432742,0.873871617572724,0.955747274144954,NA
"3020",0.814890724268274,0.809785981858488,0.882625282772321,1.03313159594897,0.509160575735678
"3021",0.84348438420499,0.990353752388504,0.911240101897002,0.644306429435013,0.624141467896198
"3022",0.822782419232623,0.964178247154357,0.832628952005342,0.766305401799462,0.792656815441376
"3023",0.951942396787944,0.951465613991749,0.794386530545051,0.834488733578767,0.710336988485395
"3024",0.831158955608456,0.993813607074714,0.899438601461798,0.790709260894973,0.812547800116089
"3025",0.870989185020997,0.971135145234302,0.814197785927698,0.784746825259036,0.768199791287236
"3026",0.90326221909873,0.947250453585128,0.922288471143021,1.01397339014762,0.660027047479433
"3027",0.947066124418292,0.89757943534146,0.888772379457423,0.830971383168958,0.671387681015301
"3028",0.962058262481228,0.975499709936306,0.750375776589449,0.716946101512413,0.967518279269691
"3029",0.826193544495265,0.983564593295371,0.847896309657621,0.894843001338584,0.471947537845115
"3030",0.948195917048232,0.868085916179786,0.828915857408447,0.812335119622299,1.03418427406382
"3031",0.980903819867754,0.980241308872487,0.761489888157817,0.727086295194372,NA
"3032",0.955279512678917,0.942374943560657,0.92333239449099,0.995489299182589,0.651490404402618
"3033",0.856521292610001,0.865717543329058,0.845346059019279,0.778031617195476,0.648010649109409
"3034",0.971290023717928,0.98919731440341,0.779510471759065,0.733505432964593,0.57114559183131
"3035",0.962985359798389,0.997109016240158,0.917756896989996,1.01185855982851,0.903908236162539
"3036",0.98829008852928,0.990554417679818,1.01575178330746,0.761262006796917,NA
"3037",0.944163949963638,0.962946166804119,0.89096619035276,0.861225628210791,0.905105789280733
"3038",0.888904600949075,0.790216656123221,0.926965965079057,0.707071075242041,0.608430414932956
"3039",0.957152800864745,0.843848324299432,0.78013224260496,0.816100691778308,0.980851101186943
"3040",0.90831795990971,0.9878718711714,0.989026157570081,0.89057033301695,0.731024474723211
"3041",0.907323901776321,0.790987742034059,0.867917172081187,0.877710613563564,0.948836516180805
"3042",0.917796943506128,0.95982602926387,0.68971089587096,0.915614898167322,0.8713227583652
"3043",0.964929400379956,0.876859327064829,0.758754283637237,0.802467728926346,0.710351900655529
"3044",0.982172118093321,0.916361415879429,0.93379151821514,0.701814180231342,NA
"3045",0.957288444935502,0.867203118373804,0.814911359856754,0.928209148908805,0.585966767520462
"3046",0.767730438150777,0.902388226082546,0.950279803123767,0.941687388459698,0.76846185888656
"3047",0.944834870252806,0.991289277181035,0.95551261707604,0.960476210973696,0.964630104241517
"3048",0.988521562248384,0.956124443151435,0.760603446879082,NA,NA
"3049",0.848385104544461,0.974515107114594,0.919531031594633,0.812347141288126,NA
"3050",0.909089372550332,0.948637482437974,0.863799053033997,0.889359359768803,0.857325905468422
"3051",0.901328247142827,0.934432161002251,0.803281172492465,0.935986578019682,0.802180793553661
"3052",0.941862888043886,0.99440565816462,1.03398796012009,0.756927772711161,0.748834168146166
"3053",0.961122549114076,0.977794280928295,0.928305371235371,1.00711094988329,0.796771025694546
"3054",0.859785794733451,0.989627493582926,0.936890984899441,NA,NA
"3055",0.958449225155141,0.79962254535647,0.886794935545888,0.480755303734899,0.566357400326403
"3056",0.901599268488009,0.987640579044396,0.588093543726097,0.894757146515949,0.82953709448072
"3057",0.815488211585573,0.974042212960381,0.770866808478495,1.01235480881104,NA
"3058",0.894856550507219,0.987969316993112,0.737847847187827,0.841827703515064,0.889192373193258
"3059",0.986406883453174,0.983436141625275,1.02433208683931,0.748894740314735,0.785805732017331
"3060",0.96551409861763,0.9249658408834,0.835881856108226,1.03642575339561,0.732395036025481
"3061",0.961532137938072,0.991988950240755,0.770215556581285,0.943774080489188,NA
"3062",0.877116849005747,0.961374579942869,1.00737642232203,1.03346787322166,0.70219193576859
"3063",0.909554764863736,0.930413281008585,0.669289161728394,0.938128422589651,0.881978709456006
"3064",0.918385564278778,0.797413380301459,0.914785240622933,0.832608802381727,0.646857926292413
"3065",0.912368933191256,0.802263009677422,0.9508982583116,0.89930075101156,0.928210677783183
"3066",0.97632413812923,0.999180702707354,1.01033532540387,0.816813846043443,0.715593412535105
"3067",0.989610097494536,0.988477910228923,0.826722547027123,0.936689911897989,NA
"3068",0.903758049226295,0.795534828670234,0.865782766788062,0.860483948596997,0.735149394960266
"3069",0.98245624520636,1.00231443775197,0.932574444842577,0.874901928624018,0.64972305651125
"3070",0.984679907373281,0.783084340413494,0.849412760839488,1.05351719679055,0.834648277040391
"3071",0.87452321583927,0.891287508161744,0.929060186458147,1.00684586786954,0.818104130698896
"3072",0.958315453081093,0.961126941975372,0.868661855344853,0.968041467455271,0.625026487543846
"3073",0.86360441558837,0.989550247959273,0.812221458967839,0.838014116904216,0.637172011104096
"3074",0.981563610660382,0.987264190414826,0.949193675542791,1.02837697535407,0.743475976402202
"3075",0.864221156831375,0.963029343668175,0.786695580208841,0.752717952821609,0.687236670858563
"3076",0.783429306106173,0.977148339482483,0.810439843011851,0.863032930418069,0.939079680710003
"3077",0.941528097481171,0.971520485018115,0.861002138593919,0.785279994136411,0.994588751774576
"3078",0.979269329978854,0.991381597119245,0.677412308365347,1.01621353841604,0.718334010040401
"3079",0.829471720972031,0.974595050204625,0.926936333727274,0.810991462232255,0.849639989885659
"3080",0.97284763207537,0.918033904145417,1.02272540587909,0.870829036631436,0.972369248969932
"3081",0.975195990870891,0.977146028612384,0.872247720093615,0.9475850300968,0.867527688646143
"3082",0.880499362403774,0.98452108229749,0.855859559928576,0.888833792101158,NA
"3083",0.951206938994403,0.915350489796939,0.824734659733777,0.836983360849528,0.735078102331355
"3084",0.738651337199522,0.899679846959702,0.700146299210877,0.832022430639591,0.833135033713657
"3085",0.949899605773408,0.95779067232507,0.737903026406581,0.837592878316534,0.763473267673539
"3086",0.975890009814486,0.96261791197192,0.832774524292835,0.812421466983618,0.584200832375321
"3087",0.941979988587544,0.922182903984381,0.900324186741163,0.873639195715101,0.718475729219053
"3088",0.979569499467884,0.983927740037913,0.745515537984075,0.610868608460223,0.720913494371648
"3089",0.96305261569194,0.997720343842671,0.922551260639491,0.750771961259744,0.705324927129442
"3090",0.95530267953507,0.86384793350823,0.850700363954323,0.777452561854239,0.977837158999777
"3091",0.929189816100859,0.978132361213988,0.838560389820613,0.95224896080788,0.677598792186799
"3092",0.905647547084257,0.9098975536271,0.8840101356814,0.958854163320597,0.707139584202868
"3093",0.950967160073846,0.975372934070725,0.986727448032865,0.833849926536637,0.741935249132627
"3094",0.865444544281595,0.836912363672076,1.03017237646407,1.00526953714242,0.515975247093378
"3095",0.779964847975102,0.986310652121583,0.938210467817,0.914035936342626,0.754056175948664
"3096",0.983841740548188,0.987379148249341,0.869957383373835,1.01298892644745,0.633452834358474
"3097",0.920214083536621,0.871420252195683,0.796172758263469,0.845951186946121,NA
"3098",0.948913954905207,0.972197185155948,0.989270420553586,0.90798547606344,0.665477603404324
"3099",0.952183695343586,0.985523596875886,0.916672945821033,0.874543501839364,0.742519885953818
"3100",0.848782184225915,0.978191016336866,0.90229536656204,0.833831388776966,0.710237514079036
"3101",0.950991664846173,0.981494733673644,0.892899287264751,0.816090482410446,0.937892197285541
"3102",0.915715670639211,1.00535371040537,0.896347661937675,0.885084128719748,NA
"3103",0.945378991175485,0.979259816388681,0.826176841151662,0.751035149642008,0.724099417687235
"3104",0.809941161340663,0.873464246233881,1.02956738578514,0.943294062924185,0.792490468301189
"3105",0.854253201744772,0.883539048198787,0.766512328253037,0.877466776545787,0.826274101626788
"3106",0.977209864186133,0.969801520193154,0.968940262919477,0.968550664840396,0.783398870006611
"3107",0.962972894845667,0.945833294435361,0.948633892039241,NA,NA
"3108",0.964999955201013,0.993635156760533,0.938697758459603,0.757192763273512,NA
"3109",0.911099516116375,0.976767071995721,0.987637660279451,0.947528977509566,0.721841029461649
"3110",0.894000265624225,0.941232535886558,0.81305951468465,0.565079023488574,NA
"3111",0.971020328243366,0.98424178287077,0.735909075896466,0.722479517072119,0.745822157661138
"3112",0.982025264554181,0.978923690459549,0.839617497680146,1.02317734023146,0.81724304814105
"3113",0.8337727046814,0.949579738158263,0.915214997233174,0.793694013749176,0.694401845060184
"3114",0.956318370718132,0.972049644832444,0.881439115162328,0.961538797401079,0.854556780475751
"3115",0.931957881273803,0.878371530623753,0.770564534126587,NA,NA
"3116",0.874228264549069,0.883311741759742,0.786974436313369,1.05067246324036,0.802082811966246
"3117",0.823677015950324,0.89647355181251,0.887954147635692,0.965695041301533,0.801744792419505
"3118",0.80508691067716,0.936744024540424,1.0205476496833,0.684411341907224,0.729664053103847
"3119",0.980658629328574,0.962008872306896,0.957909785287243,1.02392046062983,0.58954699370887
"3120",0.964096945105348,0.979744829465274,0.903535696944566,0.885868038532265,0.833526660464538
"3121",0.966179144794223,0.99619338236689,0.750406586286747,0.938513840068845,0.892904946158415
"3122",0.977040108128553,0.921259456072435,0.980487984965752,0.79331057271645,NA
"3123",0.973204913127603,0.895742360722053,0.726814642116751,0.931738886974328,0.886221637621823
"3124",0.965042783357449,0.787010715295341,0.680058117512486,0.905894293619363,0.693591074432053
"3125",0.913478418587817,0.965558262642158,1.03153659287806,1.01705701686194,0.738189214375505
"3126",0.966288080728165,0.759438550103943,0.898430188572088,0.877849105428951,0.742748664561337
"3127",0.884811996179676,0.965306969369009,0.916285139039743,0.786179891218481,0.749106288476948
"3128",0.958304201099027,0.975914413694569,0.773370126142248,0.869055841305667,0.449465224267684
"3129",0.767364258417182,0.883119423286955,0.818235485455454,0.779600028118561,0.657136332627116
"3130",0.980666586716962,0.891658519027349,0.845783159500607,0.942782149705973,0.642710452634406
"3131",0.991048389156738,0.893709136558231,0.671710828056356,0.964868542100854,NA
"3132",0.964315852389762,0.850204410327792,0.897372798562121,0.88881873765462,0.863628020486957
"3133",0.86410296688726,0.893897902245494,0.846323776402217,0.754561348905584,0.656328650030609
"3134",0.82924831604029,0.904027410069678,0.860308820206705,0.676980386591392,0.87446267850258
"3135",0.958862079214097,0.892634162086378,0.95034650668683,0.866274073337707,0.658775446886137
"3136",0.886847584916841,0.955952389414261,0.777952179684361,0.776854438674594,0.564170151487912
"3137",0.962010494341011,0.807410529864853,0.845606504587266,0.945465604008219,0.814439895697346
"3138",0.937841456939322,0.992562135743558,0.946456587716102,0.83308987901406,0.770234975331169
"3139",0.874538255194665,0.831149586574321,0.862779149194242,0.858352608520696,NA
"3140",0.974606548273255,0.979761323066998,0.831238385970801,0.885397099671754,NA
"3141",0.919570660661367,0.776386790957764,0.82039622171287,0.821995553635688,0.723958578874817
"3142",0.888580216199347,0.983435557437346,0.877860861363468,0.803411176681189,0.57002521280117
"3143",0.978469009466988,0.883238888639985,0.717518140946575,0.898574646134597,0.79448797420545
"3144",0.870121949512469,0.982507512195563,0.849471366552043,0.819106382901136,NA
"3145",0.892061910177927,0.927955492758506,0.986422438529824,0.81014066941054,0.806247150088048
"3146",0.975659096884578,0.886884620196907,0.717028607719797,1.0214113508254,0.904105515696813
"3147",0.963017147927725,0.987077897994693,0.94248884368998,0.933437509046903,0.688824334284136
"3148",0.970321261309193,0.914365886743785,0.818992709806758,0.746115796538999,0.800302548310221
"3149",0.961902288503373,0.929544785170146,1.02504215489232,0.962200832964476,0.857106046577636
"3150",0.974962642517865,0.957519758177831,0.894017301210141,0.899263200477257,0.756743036342743
"3151",0.961490870280546,0.975308309616798,0.940934978199846,0.699126182489722,0.645997981621535
"3152",0.956031360543864,0.988591954438993,0.684044224104999,0.836917480457408,0.964833837130157
"3153",0.959695801462478,0.807699770716882,0.867665569032069,0.707806280245242,0.821712927677497
"3154",0.946445126301283,0.937049989318081,0.831023129438585,0.833286848152154,0.492853662120248
"3155",0.876216858671942,0.991448779183045,0.864847764716515,0.961847180930068,0.634618732838008
"3156",0.952237511815023,0.927202377029767,0.859914651382007,0.911330507375088,NA
"3157",0.962875881318194,0.912922141806725,0.951460969789696,0.853372730119943,0.687104637275942
"3158",0.978371168120056,0.957894316496914,0.774557708290885,0.895089548858536,0.852878275696151
"3159",0.977930162866316,0.938908757584188,0.805292311841763,1.03034635997874,NA
"3160",0.980906456912243,0.982641765094877,0.765327527045447,1.03313432877849,0.64108063069079
"3161",0.960434203832911,0.927019049186612,0.850856144961219,0.772608856690058,0.650828178026474
"3162",0.962703742639909,0.962987187566018,0.93479043987131,0.719067054788044,0.563803589626798
"3163",0.951541567739874,0.988054285652777,0.916068211669657,0.748348121071988,0.476530533503343
"3164",NA,NA,NA,NA,NA
"3165",0.964652134082397,0.979106871095118,0.963915474450855,1.03457978069669,0.809327677319548
"3166",0.902537608152908,0.929240774170429,0.897303002065424,0.91778155031446,NA
"3167",0.906909292157634,0.989645109007197,0.877598054747739,0.862919123150273,0.557428384362409
"3168",0.912826874292231,0.98817183170477,0.834425903937953,1.00635383685228,0.89255868812552
"3169",0.864960433045166,0.967757314868691,0.983570043929757,0.85719528130093,0.589195266423965
"3170",0.805073862483898,0.983108577178019,0.846095815471682,0.78631766963374,0.89957990628003
"3171",0.944424164099697,0.90063540163506,0.840674216452914,0.827870117230434,NA
"3172",0.890928271460824,0.944283049001311,0.790253065612272,0.909280232712871,NA
"3173",0.964540955433664,0.994696988323845,0.816441379051493,1.01320027413722,NA
"3174",0.842092736103705,0.877016126296698,0.761412875449097,1.00811611693709,0.822999611828831
"3175",0.855850972241181,0.976408307234236,0.886934450431215,0.869882367923394,0.575946750888881
"3176",0.954614230168459,0.989858740738925,0.773699758912689,0.987816766554989,0.98890688129273
"3177",0.964932609350756,0.916536873565404,0.941701736068621,0.883692477759015,0.653943864580823
"3178",0.942054950182048,0.885131996618079,0.975619710284942,0.854985888578769,0.775958196764414
"3179",0.966589906339217,0.919648861140601,0.909335910372422,0.968583892739761,0.566489250995136
"3180",0.971213452215955,0.884622162415918,0.558064596012307,0.888278461272548,0.955306399727675
"3181",0.843267206824638,0.811546372318406,0.839479238840189,1.01201362694087,NA
"3182",0.977424626153529,0.983079192240341,0.879250510971539,0.779127403426185,NA
"3183",0.964301482587916,0.970725230461641,0.763390854755322,1.02619102008368,0.795410324992422
"3184",0.940888446462189,0.984056941633538,0.902756502233248,0.671569456035802,0.457822259514552
"3185",0.916400439536187,0.871703978291667,0.820346617651137,0.819728809852259,0.950333000490833
"3186",0.902933572789966,0.863652991861869,0.759479548075855,0.863564310229494,0.773692592542647
"3187",0.965976702737552,0.994194035594213,0.999519294221452,0.888842773073948,0.619451241067308
"3188",0.892171058465384,0.872362781822729,0.894593833333195,NA,NA
"3189",0.979844945277763,0.982393673494123,0.929466254803914,0.685312714027932,0.621187625067734
"3190",0.951569622347645,0.921097484418529,1.04683502438799,0.790816935460296,0.606873877184603
"3191",0.975757353373948,0.909731365687119,0.779689784434548,0.76732921481094,0.537999199593878
"3192",0.960677314161405,0.838201553746161,0.861299051381005,0.887666594358074,0.768982086003149
"3193",0.94912654281445,0.98305114755863,0.871223409514867,0.845666615619152,0.729283091987408
"3194",0.965262807262596,0.963654827707244,0.774821653731224,0.79908479043748,0.845554311946473
"3195",0.870045191045876,0.963003210008757,0.582765541109191,0.853415103548569,0.634463052131235
"3196",0.878809093231525,0.983507973461698,0.844432839874321,1.01764747366347,0.847788718221439
"3197",0.959042915325246,0.988713529759816,0.642585046315481,0.900790062083447,0.953339839800641
"3198",0.978813425662388,0.916144166527064,0.899400958650555,0.880227884953516,0.572926532220859
"3199",0.965725867847518,0.852581428474685,0.943193168892647,0.748084647259699,0.884671910854156
"3200",0.975906295218861,0.970328849553324,0.821615359220537,1.03388868280243,NA
"3201",0.963714928612496,0.998372960364132,0.8403202708157,0.90991833222909,0.942583740823149
"3202",0.958292450628546,0.97824197319933,0.706431424128297,0.782994793574056,0.849109281272722
"3203",0.957826466127255,0.975734641060512,0.886288570162996,0.560407465250108,0.757404206659382
"3204",0.840410613463336,0.999610563304032,0.845706092732641,0.834833374119673,0.511302657091517
"3205",0.979829634449574,0.838127536122202,0.735213625965898,NA,NA
"3206",0.96031320038352,0.951855603426623,0.847852930085275,0.708059449284598,0.803798553046834
"3207",0.960927742692295,0.91324232680079,0.90284258048635,0.833202433688862,0.69106771992732
"3208",0.94192403819175,0.983116673726404,1.02483461674274,0.751573000690656,0.615505410336993
"3209",0.819736493778516,0.977603459661581,0.767028101463063,0.847126688402114,0.910085874627392
"3210",0.965403434172189,0.988427754580596,0.775493306533047,0.975101121107362,NA
"3211",0.965029782569065,0.859691541441499,0.932353295182502,0.914249642429198,0.66978326472428
"3212",0.957320177294708,0.875891833288556,0.934032358180347,0.828049508343273,NA
"3213",0.814461964463884,0.905973726527894,0.918633456753553,0.671899946527791,0.549002591694133
"3214",0.913255422649742,0.859564536919354,0.5598869895691,0.762866730267258,0.630124559797237
"3215",0.835422667925988,0.968240599947743,0.686262491359309,0.853137774043372,0.780420868617458
"3216",0.894747044598124,0.908482779209173,0.862636151468338,0.817269541834257,0.624947341083395
"3217",0.866232724956139,0.93733900748168,0.913238777142154,0.813845610100024,0.844408826215188
"3218",0.887293694134314,0.978839362196866,0.932820741042421,0.768107971325942,0.658464459819449
"3219",0.89786059093522,0.807790645165277,0.802642390207328,0.903217975261385,0.937985985554089
"3220",0.830629420315327,0.869978109050953,0.930303445349048,0.78383601710827,0.845321988214885
"3221",0.826214369415793,0.800363466037048,0.957995812238671,0.785035733293987,0.877197595577386
"3222",0.9749159965124,0.954508911391797,0.934686689874294,0.976728301243325,0.817253800815455
"3223",0.961653233815094,0.945091039771441,0.777878960820442,0.573717863013579,0.513355053822482
"3224",0.926141158671085,0.986495010211705,0.922207398478588,0.849615342477938,0.706276232472172
"3225",0.973804094022964,0.902490343612827,0.742124726949148,0.816735840425379,NA
"3226",0.969026025115966,0.919098310246054,1.026291827783,0.948513138765045,0.596187796022223
"3227",0.977100542469279,0.747970857569258,1.03250344860163,0.790973731181185,0.801131565776434
"3228",0.96825261929754,0.96969668669489,0.869171579201403,0.77098927970163,0.679737916348198
"3229",0.965949567393067,0.979552743541472,0.858978486930858,0.706291228932156,0.63263861342354
"3230",0.95995830041682,0.896924047954253,0.795663839086422,0.85875983752152,0.79177624920387
"3231",0.978184153129712,0.859848768518365,0.941220906994707,0.828037221971416,0.882600955304798
"3232",0.92461385709768,0.97964914640093,0.828237449523604,0.95968833344438,0.841209015900283
"3233",0.853300271760968,0.965817463995007,0.707811439992457,0.780620280580132,0.877733523949304
"3234",0.958301881378486,0.787614992896561,0.858047595522472,0.686960329546001,0.772132643768322
"3235",0.976359768912637,0.83106024731001,0.863096281905223,0.668637686129902,0.687210782221464
"3236",0.96456639270452,0.974076769540582,0.966288955816633,0.942843629584537,0.677740626427244
"3237",0.916212848013241,0.632336434094633,0.711968561179073,0.90250027072612,0.750959946773672
"3238",0.963502907851785,0.918371025669442,1.03902637047975,0.740230452244931,0.717535558096129
"3239",0.967884909294383,0.983075099328788,0.843128003953667,0.810650843870486,0.822276932821137
"3240",0.979413715279475,0.979875865360244,0.845319251555039,0.902709367860691,0.640756916988551
"3241",0.958271941073875,0.832290730048065,0.901519738259392,0.703041040188633,0.772431963401337
"3242",0.756129889174243,0.982413195231315,0.735805257921674,0.929908310480419,0.512748553997218
"3243",0.95705228401026,0.908834184112296,0.901939954813866,0.880781170931085,0.764762921662803
"3244",0.950095191047543,0.882037824722406,0.818155552351404,0.846911307255086,0.6286878730044
"3245",0.849707395656795,0.913603663640195,0.933665826705287,0.966673015891908,0.630146176485406
"3246",0.97802481341401,0.974683023761099,0.838073237964306,1.02106922938214,0.816228959231579
"3247",0.905626318852424,0.977602657776982,0.944033750074829,0.730549555901809,0.836509322047602
"3248",0.85037010596652,0.96670648620005,0.839213304160221,0.948505573066087,0.797625644389582
"3249",0.972230178474703,0.891681093696833,0.749990168691121,0.876739388218664,0.842824333462402
"3250",0.893788410782785,0.882476890291333,0.830833234090576,0.902407326396597,0.811111761923863
"3251",0.972171762626353,0.96999448857184,0.960032450144326,0.714293637003191,0.699681669217903
"3252",0.733494394452039,0.96895400108298,0.788702643724845,0.745363748773725,0.647893177956847
"3253",0.962378865455753,0.909228992693052,0.887252789892397,0.849345529210209,0.790082893768697
"3254",0.966367701569806,0.853482977292878,0.856479447308302,0.850306826424529,0.731266660458103
"3255",0.931749483064724,0.908354913541204,0.763785066958312,0.874116619604048,0.667548781465971
"3256",0.932577053435056,0.963704320302166,0.893302394128376,0.746814567499604,1.03013818460552
"3257",0.893289836195177,0.847163166932125,0.919666361358189,0.886329869779013,0.755913403942309
"3258",0.978300127402436,0.956564547667037,0.76122249805219,0.633211053024961,0.627834154746897
"3259",0.800917455021751,0.952475574424883,0.939816195557104,0.945091132149344,0.693615387737197
"3260",0.958664843274026,0.95599846782839,0.821404591919252,0.989513590791637,0.835412397574067
"3261",0.797578938023734,0.777108746787103,0.856573308732078,0.847753556684215,NA
"3262",0.974863922522623,0.977042501922024,0.919801543934784,0.843238106884307,0.739723918872062
"3263",0.907981025593011,0.9883184377606,0.742189491908567,0.707924869803357,0.790177495972442
"3264",0.967352808529611,0.961413876274219,0.895332900487692,0.71914367972287,0.650712441424318
"3265",0.963786264294357,0.982775763866625,0.881896348777349,0.762266411618184,0.643239352177386
"3266",0.787133965415627,0.997823270498116,0.841057779617818,0.795648293993944,0.622886774801797
"3267",0.974210590909756,0.985335446123516,0.947633964663443,1.02199662931149,0.962399060851338
"3268",0.903839446512864,0.967804365369922,0.764566820312853,0.921555150473358,0.731563723515317
"3269",0.963635838313541,0.84570108155123,0.755516120764466,0.79878163044375,0.774502768599104
"3270",0.974498523866244,0.978524632546363,0.805779932909535,0.871684927119985,0.848823611898278
"3271",0.976603068459566,0.939452500233701,0.901087853959926,0.852206943680416,NA
"3272",0.878359773792172,0.960851313129194,0.919809379257294,0.69044200018798,0.75420506976047
"3273",0.953302022109571,0.913940438858958,0.881652278338581,0.927822893793653,0.679800300391796
"3274",0.951438269301725,0.968591689166762,0.798765545670561,0.886807789355028,0.722196490763151
"3275",0.981203258226167,0.95407659388471,0.836904232957259,0.856876891063459,NA
"3276",0.840889760037834,0.985035858750078,0.639538963926388,1.01715176748997,0.689498194477164
"3277",0.859002044694827,0.915156730663552,0.89385165776682,0.85247025185897,0.637091883488865
"3278",0.915881864816114,0.975417448888475,0.969968920711752,NA,NA
"3279",0.976227856829548,0.885100760986698,0.869539215369123,0.717768423774323,0.777195826317209
"3280",0.971272859744683,0.976846680480228,0.921124005026537,0.832861940866052,0.777784621084933
"3281",0.961413809898594,0.783176132587669,0.892194258164541,0.972682455404271,0.521199552646514
"3282",0.956979403680493,0.880154289803568,0.794183246771716,1.00595210778699,0.820731451514023
"3283",0.944282438488981,0.924452373296912,0.784018877389386,1.0151399610404,0.532398042856397
"3284",0.976415366675092,0.794141451150094,0.809572308753332,0.788785812040087,0.721003686859136
"3285",0.973547087991868,0.983852633169114,1.02704724447072,0.601891683570836,0.68568214863076
"3286",0.899939381284781,0.981877692507111,0.866435901807031,0.968227866189008,0.762215529934856
"3287",0.972496731535153,0.98203672289686,0.764813827041072,0.892772046395104,0.672307194357048
"3288",0.964501555954731,0.930439322304015,0.931886677697469,1.02111060997024,0.630262993067763
"3289",0.901241778894012,0.975038624732196,0.692161073855426,0.76874602851437,0.965545213351161
"3290",0.849414873523126,0.88939890868265,0.66802663186122,0.857461927089715,0.869289948762064
"3291",0.969461240462182,0.975298895731044,0.870874169121788,0.95690581909058,0.880672665429333
"3292",0.867908866504403,0.89817093023276,0.884922799969228,0.933339502041509,NA
"3293",0.963193821328423,0.985301176640871,0.86505660465955,0.911562665938845,0.884672402655138
"3294",0.975832508127669,0.917232225914714,0.996885281693305,0.86768579212013,0.731859161820703
"3295",0.982645270262867,0.918442080928984,0.911093722418786,0.882026939333154,NA
"3296",0.963923726044517,0.974273359433174,0.917401367925713,0.985587617903833,0.837852788315639
"3297",0.977833791499911,0.985300354946952,0.844429646167915,1.01740204722547,NA
"3298",0.964721310542387,0.954587507242098,0.749100567343876,0.792228865972164,0.905200943320423
"3299",0.867137760042533,0.905990581901892,0.80678246794709,0.723746896757469,0.925031753015287
"3300",0.954176638046839,0.986712070596103,0.923491298099533,NA,NA
"3301",0.961994095833163,0.85129962306687,0.824881061989047,0.935531161817546,0.964082315319483
"3302",0.971008234236376,0.957771166951077,0.947941721754392,0.742922110889884,0.603057490831477
"3303",0.887509363683954,0.978283472625209,0.840030671194283,1.0038500317105,0.883373231976881
"3304",0.962092085205595,0.956908112274467,0.739153529933002,0.942539709586607,0.631707210625871
"3305",0.962365213411724,0.979811172294446,0.77932702652705,0.923900038880223,0.592009510657874
"3306",0.961541058007093,0.925863831159458,0.720234905256543,0.961949212793455,NA
"3307",0.958546620187319,0.992754204779017,0.83599131564682,0.888957689597313,0.744580435583819
"3308",0.945285477497841,0.995900617229087,0.936557394824302,0.645027011711174,0.747751879522779
"3309",0.942879111640913,0.977644375437479,0.812861831693771,0.862946096272207,0.488353350328062
"3310",0.976695257287231,0.906926237827814,0.909073773061562,0.913345175836454,0.910108147225777
"3311",0.967401331899187,0.961280754723547,0.640352534628597,0.916646082983606,NA
"3312",0.900989970600235,0.962127300903083,0.804292753169849,0.810828438502384,0.923861499939376
"3313",0.977447473623414,0.870652947202877,0.977409697891601,0.734927937042327,0.671316942719939
"3314",0.986188208197778,0.783924444032814,0.894147800094392,0.780815411787107,0.645329284898953
"3315",0.985074302522502,0.991450087903146,0.79114718930737,0.904865916126728,NA
"3316",0.914436290945861,0.932920883464247,0.81936656943038,0.969007834549896,0.670430674929476
"3317",0.968046657310517,0.991335999952315,0.826351511887924,0.882996686287972,1.01446002344114
"3318",0.975111291587321,0.901249121893365,0.832147673851988,0.821682649360523,NA
"3319",0.710860460362498,0.862953422624436,0.730809698545262,0.808077173446058,0.748248310447877
"3320",0.957147211404843,0.984801428106426,0.779279946450001,0.646761406854548,0.785992220309335
"3321",0.957203711982827,0.896144644432221,0.864774208215228,0.738321653620935,0.889645400158529
"3322",0.807642095972972,0.993630540799058,0.831315840899784,0.845313593719433,0.770790744327263
"3323",0.923564413022491,0.963203521789396,0.913401112701483,0.836558601434396,0.774438790008915
"3324",NA,NA,NA,NA,NA
"3325",0.975600793781519,0.96009660705014,0.69405969333141,0.969696781048541,0.768320400930544
"3326",0.923119266799122,0.92249661515075,0.881653529986606,0.881617586094751,0.748991912885014
"3327",0.957350984414633,0.963205925584811,1.02218952258618,0.847709112980658,0.592573905384612
"3328",0.961654778545258,0.992708555426432,1.03683563255584,0.832107898341312,0.774772061155132
"3329",0.967645725310182,0.867493557742123,0.820097212631454,0.658330765234975,0.764875808470851
"3330",0.943076452880744,0.890451637947218,0.829884767243651,0.875709913356754,0.973414419568227
"3331",0.785284668569176,0.969331836710448,0.808504797822717,0.737423340710258,1.02452640029636
"3332",0.911833723046451,0.988157998553747,0.998523510038084,0.897540279566836,0.821331677393979
"3333",0.864917053411766,0.98001610756411,0.96727880981154,0.841118083025872,0.744215354590859
"3334",0.889631727962539,0.871377504590965,0.953361440462873,0.917939861051314,0.765513751780687
"3335",0.938304584043159,0.9401895668222,0.751544517301248,0.852328107768441,0.66514659087126
"3336",0.890880861653107,0.965300806391004,0.920916198446063,0.803243754364971,0.883849825446698
"3337",0.976230841058156,0.972240752698947,0.972684164415172,0.963092538808617,0.730883089054038
"3338",0.955782053165634,0.944477091227367,0.7974917161267,0.935158213302191,0.650216410385019
"3339",0.941321941872373,0.986347102597357,1.04784999950968,0.775261958008362,NA
"3340",0.810868278621069,0.955089407968619,0.807956019841333,1.01202594815099,0.540879746430124
"3341",0.958919726026243,0.823184045063624,0.910480336334862,0.808497030263946,0.746230163989903
"3342",0.944256148673016,0.873610271110882,0.946529169760489,0.984207312590792,NA
"3343",0.769766058840888,0.886175077992774,0.77504571289504,0.729805635271711,0.744022277572318
"3344",0.931411891459332,0.980607613451432,0.885702596693862,0.921706597600544,0.650605890339367
"3345",0.969980851749957,0.992513384794092,0.852582287291376,0.843685993716035,NA
"3346",0.923865200037664,0.971184857145372,0.802874237462528,0.953249659410758,0.847394115319879
"3347",0.880873097136787,1.0065733458824,0.886500822748001,1.00161660568741,0.831461523753275
"3348",0.979624330232298,0.981586045175777,0.76765919812895,0.873576886151554,0.833395368760534
"3349",0.853106274585777,0.966258451774149,1.02148201549164,0.825291060159351,0.636874607974392
"3350",0.949908290326609,0.963305319510629,0.969240543926991,0.717824528704813,0.95011313596229
"3351",0.973823406552707,0.995379350172503,0.921061597294265,0.939168195595179,0.799150599340906
"3352",0.845877337427552,0.838693245148648,0.881283967009393,0.724839700030447,0.613993252931597
"3353",0.94942765517599,0.981694120467995,0.877315514114678,0.86117230828129,0.833297774386787
"3354",0.911642350733377,0.965756965938684,0.929986732744092,0.986412055512546,0.769971620966188
"3355",0.946262353594879,0.982864067690131,0.839068149627827,0.69668942142465,0.905096276111974
"3356",0.971774173024165,0.929994201629627,0.873852225460009,0.909228596866184,NA
"3357",0.987962391481313,0.988090255887417,0.827737979466336,0.940378719605726,NA
"3358",0.945305402714966,0.994616215291627,0.94089001078165,0.798635325347024,0.742706248240906
"3359",0.962865418471199,0.882307065766702,0.929948001207703,0.826056732767547,0.817161193344532
"3360",0.955926467676953,0.805614217728305,0.594751951797711,0.643009194955139,0.727858175173749
"3361",0.950571068161898,0.983563859183369,0.711009359477679,NA,NA
"3362",0.975241422485603,0.735310290852757,0.669369921157734,0.876546516929051,0.692247226029487
"3363",0.956701693819069,0.993815491691069,0.679009153951563,0.71589079212009,0.758298581599535
"3364",0.960054692066946,0.99640763339829,0.789644891127884,0.814739189838952,0.585252470411976
"3365",0.956806772173824,0.987191208144412,0.772784244951497,0.862674285874417,0.829914104614637
"3366",0.806477560641193,0.979429885386683,0.879590999788326,0.925258008011145,0.359490548397018
"3367",0.862822301496484,0.830667950949069,0.894134923770685,0.878836725301922,1.02606946081881
"3368",0.807236579879576,0.883297620559994,0.948852443514558,0.692382717207384,0.640242931043568
"3369",0.826487404680067,0.948708862693721,0.875021168248808,0.844905631652007,0.922255303683008
"3370",0.979677570963448,0.836952141756666,0.799732525831209,0.791370377909179,0.803760079743001
"3371",0.954063423599152,0.994284503664946,0.934856256946257,0.855907239131033,0.72999079265995
"3372",0.850091435670219,0.930850794673855,0.906025963669693,0.806525548908564,0.920183749064993
"3373",0.957133744310129,0.991971085711318,0.79205935998209,0.789481181939974,0.833529799788027
"3374",0.965168406633397,0.932412075262289,0.87766690541797,0.834290497869522,0.887989245903656
"3375",0.943496648275484,0.979005699062609,0.910923748336462,0.850505186878321,0.51658285866503
"3376",0.769006448875717,0.92466005888363,0.796752130154888,0.721960193973297,0.930250320747306
"3377",0.976273387513326,0.932492350748047,0.765925128932764,0.933519146601077,NA
"3378",0.955414792806849,0.98040866344405,0.964803554565689,1.0239214868385,0.58070949687624
"3379",0.869316805801142,0.927795537828015,0.624691059301538,0.87638778025197,0.623417014115586
"3380",0.954943127697722,0.970469781664652,0.973480643444241,0.90766229307907,0.712163188572691
"3381",0.902660200799096,0.992711583866272,0.807805768493307,0.762502330373276,0.587967707174665
"3382",0.92252702938852,0.858426246992128,0.847803748278431,0.964701791259337,0.576774462362401
"3383",0.968295395301888,0.895309654599069,0.865115910997982,0.821681692493671,0.783069832983796
"3384",0.907129976987375,0.982410911848036,1.03485496237621,NA,NA
"3385",0.975995227787888,0.965097470207782,0.97879582004892,1.02054961963571,0.889070185273733
"3386",0.978424743057227,0.843314618238791,0.980300716507236,0.942459413033296,0.730936975556854
"3387",0.832050045498075,0.982192603927134,0.862013295892709,0.92277188072914,0.641588612333894
"3388",0.968509830679051,0.994991076662753,0.851856065749421,0.709693257817336,0.799614793189104
"3389",0.9417509642654,0.976087313393592,1.00315067119589,0.866381892864428,0.632041743808534
"3390",0.667060160824633,0.908099675802904,0.937546927800228,1.00739838243338,0.565382264009433
"3391",0.983604665199681,0.785092010636837,0.699140156765462,0.857213013893208,NA
"3392",0.963675383603818,0.98734128850899,0.721696239127105,0.874036282487809,0.833441978652326
"3393",0.870117606778672,0.979290278125191,0.896861724746408,0.726943932348322,0.838809171499096
"3394",0.927293606249991,0.985666354891264,0.913612755507369,0.996799013626464,0.64355829006924
"3395",0.979148048844502,0.980397285397819,1.03274782205069,0.684487171047562,1.01305034087527
"3396",0.850576847834431,0.770775304994301,0.772162880304538,0.799025576197344,0.838989146843149
"3397",0.908895096697085,0.959432309947649,0.672824156162457,0.844969407577191,0.799458991081402
"3398",0.942660461772907,0.984587011085378,0.764331138930317,0.875154621995685,0.967662169782308
"3399",0.953215148048758,0.972213724631632,0.695143546628046,1.04587547756222,0.813224098272021
"3400",0.956334553588915,0.992203238709405,0.854063044609528,0.80087238605989,0.928726192624762
"3401",0.809091636403144,0.982615871259584,0.770630212880596,0.725044468598094,0.863182905504961
"3402",0.967886271533482,0.849192057690604,0.755441540853368,0.817875472267078,0.787207438364127
"3403",0.903543379408944,0.917730425751911,0.561622966427903,0.829836532513473,0.835759153320985
"3404",0.954601487672403,0.761139387403113,0.814522436628289,0.920786712957124,0.890951927807918
"3405",0.972346624110608,0.987124457906269,0.830855920017196,0.936600548928979,0.784341839675379
"3406",0.882294172893151,0.968179420743905,0.928075605018357,0.821592200984098,0.629869859536917
"3407",0.789912065875395,0.929880955496417,0.83240286058891,0.961659345425852,0.910456740964342
"3408",0.924970371394055,0.975834029559546,0.900234578911402,0.705144940849412,NA
"3409",0.974985514540707,0.97757111113742,1.01964521435963,0.918983527760412,0.874432321693739
"3410",0.668058388849831,0.919761410499443,0.938635712528736,0.820374607447207,0.852302338607772
"3411",0.894327236658786,0.984267693406047,0.805700763788989,1.00469280811548,0.820724458499951
"3412",0.94166720755644,0.79566623709098,0.779920226073256,0.917040355675826,0.764027673515152
"3413",0.911243058638087,0.956105031250473,1.0169643687876,0.833337366735279,0.727542480866707
"3414",0.957484712886277,0.969746830919079,0.814130735025747,0.870592197244634,0.801289001834472
"3415",0.961488351590497,0.968677822318018,0.903829002806394,1.02918570979733,0.721861436351734
"3416",0.936485291729741,0.968771546358542,0.994681874938614,1.0363342499619,0.845842873041636
"3417",0.954815531102954,0.924955357006599,0.83733843482728,0.856959559571816,0.715183967361397
"3418",0.882276359802166,0.868252847389201,0.799546303811718,0.809638761866894,0.893375570833272
"3419",0.873299387868122,0.9302552786452,0.916121871363028,1.03028444726178,0.623310770703367
"3420",0.894525099554324,0.982343305835088,1.02117214263093,0.954494239684529,0.85139686450797
"3421",0.87482262343323,0.906713038344775,0.944168329063272,1.03210511453381,0.847634261706941
"3422",0.960751822958658,0.990360321008772,0.828588979650815,1.0236995628569,1.01970763684247
"3423",0.941469460001576,0.741977844413866,0.798292591464937,0.872818110297795,0.743450471720545
"3424",0.960350100511021,0.965042537859048,0.757314438863009,1.02015240142933,0.80562764073405
"3425",0.982532529694623,0.990416372115549,0.878981425330349,0.900519092521938,0.717560745782461
"3426",0.966648908520261,0.989788571812211,1.01436010587367,0.642416196175464,0.803615974801436
"3427",0.966669485262408,0.908705668314536,0.821693036086433,0.789704438397795,NA
"3428",0.976012605874133,0.977382319574051,0.777059565930016,0.758147490176179,0.737583047354397
"3429",0.96146181702858,0.826718892717986,0.825322167814403,0.831210474860329,0.721056556884081
"3430",0.94493721279682,0.921410407321769,0.849881125752096,0.903985878846311,0.945594215795737
"3431",0.97338510471851,0.801307283001614,0.973118536169867,0.71074715375387,0.824745266253709
"3432",0.928347053201679,0.816630339072216,0.696299640215167,0.939314431435428,0.819163409073627
"3433",0.966105237657291,0.954276308163918,1.01583407990297,0.879757803441592,0.883303450855045
"3434",0.901512506381189,0.886088668819404,0.913442797251148,0.810394392195867,NA
"3435",0.917253197883017,0.962915369289772,0.750917964744802,1.02693343460257,0.674250326273524
"3436",0.947419523322361,0.906766833669713,0.816060350742029,0.786011519097797,0.808518289706829
"3437",0.971792801381742,0.859799558277596,0.860998762652828,0.797698316701005,NA
"3438",0.969447940953202,0.900366310157042,0.878912079475515,0.862754412634335,NA
"3439",0.889212357418438,0.990431372022219,0.876673484383413,0.889940163860045,0.854441831369226
"3440",0.828940691919369,0.974286655770674,0.955490215383532,0.948635387135072,0.783169872199418
"3441",0.965145810747105,0.932242985469662,0.815763802067948,1.04205392201265,0.919723224669716
"3442",0.970964973266595,0.97562993725103,0.797196622929235,0.724043572769814,0.659931042584671
"3443",0.829087153191911,0.971885519573286,0.83535072533559,0.91483451404064,0.887956790975882
"3444",0.944463332438432,0.999813726396117,0.941175345966133,0.648575169037918,0.745060141471196
"3445",0.947177912519877,0.975063884376957,0.814915033626754,0.959109206401017,0.669577721295565
"3446",0.923039415247533,0.927695502196248,0.939924077782685,0.874925651928503,0.73335958331008
"3447",0.989253697644225,0.981609036940122,0.810191414234214,0.940209074662143,0.818048554748126
"3448",0.957930100759791,0.928572629937406,0.764001286944887,0.78402567163454,0.874827646297381
"3449",0.961454367668318,0.968076284000275,0.9161812168885,0.913771905264141,0.821514485702345
"3450",0.769299880183363,0.969183193273357,0.809434619105879,0.86326460849462,0.667994729981444
"3451",0.979580088116833,0.969402166855585,0.88417371489568,0.98079903807589,0.872549209443347
"3452",0.971747626165539,0.983048832868501,0.913952563205086,1.00650097213093,NA
"3453",0.939716930100824,0.98290838657309,1.02340569282264,0.788944248631452,0.729338370824097
"3454",0.938442471411241,0.919544106853093,0.625759938014546,0.949460232715648,0.549936869387654
"3455",0.810808442572484,0.969153336731636,0.781513216308778,1.01521272353525,0.622057251235949
"3456",0.958450025743341,0.980687765546742,0.892462415006576,0.892878173634355,0.616913022625289
"3457",0.981101755104213,0.928636725287155,0.645538086462323,0.93171124426045,0.797910371182348
"3458",0.954101117084986,0.850938668878359,0.714505349532636,0.669317490063684,0.830695257729389
"3459",0.824936187897114,0.954139046553074,0.614941645998815,0.844182168546132,0.874858270647851
"3460",0.963247009026863,0.964537870856757,0.905668864670036,0.682124607172067,0.784805601886551
"3461",0.873218527384509,0.864284794809561,0.998049134166726,0.971590389112268,0.648495396872691
"3462",0.927751372267793,0.858492552911482,0.913392045382197,0.704008230549347,0.655566619010435
"3463",0.96264000054253,0.976562185687814,0.68254637364881,0.843721464944382,0.84046446872689
"3464",0.965053312080402,0.907773442344755,0.795022933566361,0.888616029647786,0.995706693977732
"3465",0.868648283570323,0.867394963031101,0.898402932095895,0.73754554572777,0.775893899248467
"3466",0.959312021056979,0.904093482777027,0.79855175203872,0.942182411417338,0.587237178095825
"3467",0.974755331271685,0.978685612163032,0.71274447910383,0.931018670833541,0.727671132429071
"3468",0.966525215162496,0.90040632903482,1.0390337748028,0.944052017629842,0.870177268028805
"3469",0.671563397139487,0.809436239614079,0.816487502978426,0.938803824099623,0.81430716309487
"3470",0.98297084201898,0.886893759736742,1.02238818159221,NA,NA
"3471",0.949659664883398,0.965578004483705,0.90173646802152,0.90245502593986,0.795338462902797
"3472",0.949546108483385,0.880515340803236,0.939682741922402,0.897865236943796,0.887566044353741
"3473",0.965986845063649,0.989974286250869,0.774515755842113,0.897696716989026,0.581347665174802
"3474",0.952976898261553,0.880320823996112,1.04244660129746,1.03928226604442,0.580419857851501
"3475",0.903191166416578,0.826420774327002,0.846065911874808,0.810673632277639,0.777258028585818
"3476",0.886696743014912,0.979605207716099,0.811710051706734,0.89988479485929,0.885986613252237
"3477",0.971856404807863,0.90937409954479,0.85033872634046,0.940695097836322,0.820821133735142
"3478",0.875634728920151,0.977833235114754,0.894967047730808,0.845605233774899,0.962017549142728
"3479",0.977734376740277,0.848975762344672,0.790069634132443,0.978489711723477,0.611643891099345
"3480",0.961059439902431,0.950937947418739,0.837638395516155,0.972381508718312,0.907248991646868
"3481",0.951827014052748,0.981265358229104,0.775489334113435,0.843780728136507,0.667408988641871
"3482",0.953045802197842,0.966244173210045,0.83206041772017,0.837587317978035,0.747102887891966
"3483",0.880187955852106,0.9352850720771,0.643974125998273,0.780630339792896,0.613863162806034
"3484",0.88940645810793,0.964209771821777,0.939402872943378,0.822523241415062,NA
"3485",0.947632021527811,0.990649362317206,0.824742099763068,0.910438599658602,0.75491337654477
"3486",0.868244866910117,0.986560937563648,0.83768596088638,0.783335514284337,0.578273260449669
"3487",0.937856170497017,0.974664864684411,0.894177171517652,0.778532696631238,0.898580006961509
"3488",0.852469305243606,0.893123126375828,0.864362367256519,1.03015927265145,0.959657054303805
"3489",0.831353692340198,0.920188455028358,0.904122010020333,0.891096632396277,0.650792092146521
"3490",0.951975076343112,0.875678584841367,0.851001709475907,0.894820245499073,0.544448073820553
"3491",0.952404522232366,0.968152228140447,0.975592964727847,0.712355723144522,0.867782674699888
"3492",0.941310347704073,0.986286340729912,0.785321583776812,0.685118576603525,0.840430990219535
"3493",0.858499319717512,0.974135145231496,0.740908892899521,0.857859537732444,0.736683863368008
"3494",0.960761328465716,0.742813439266051,0.952854318951182,0.927413983002101,0.594085933070451
"3495",0.867094699813798,0.955386396698147,0.875002314229041,0.764069300132085,NA
"3496",0.843005896982761,0.920575056920643,0.938100745529969,0.978948298175053,0.907397640284875
"3497",0.945367833434817,0.9366753483336,1.01656000213021,0.602687631138299,0.831831155104222
"3498",0.899695204443076,0.972575460440944,0.887807481573069,0.662742246944609,0.691410589188677
"3499",0.962567974639144,0.975464265879299,0.784618109783038,0.817909577839975,0.539558543094552
"3500",0.877856790673301,0.977798796390364,0.762203128152194,0.85624433144129,0.623899286047767
"3501",0.942322103352712,0.926052552289955,0.70244586441059,0.848769501897745,0.709163087624652
"3502",0.973800797925666,0.893620009418676,0.807504276778107,0.945005436349311,0.57244781687828
"3503",0.830463125842151,0.972199162445239,0.851513043481494,0.935253015632079,0.953527591246499
"3504",0.990943638646126,0.988313014700516,0.791331545730781,NA,NA
"3505",0.929928744558051,0.956211719551074,0.779544849449499,0.908919783730279,0.798693521335474
"3506",0.971115135609913,0.871298444445577,0.867762317777594,0.809371248095907,0.841226867392375
"3507",0.973371019259269,0.977516399497577,0.948743186578995,0.939244765466335,0.757978886956205
"3508",0.83461163995742,0.973685580212209,0.971873086765245,0.744101991302167,0.639434218341234
"3509",0.863784187847978,0.888230989208131,0.780619152354098,0.988285544468723,0.663026007927838
"3510",0.976026968662672,0.955836719070933,0.907651490204893,0.840358892589054,0.891449447394712
"3511",0.943657807467829,0.841972545996085,0.864107186161611,0.782754985838828,0.959126758541604
"3512",0.874119065156863,0.984552997764191,1.0091476424718,0.781448964532945,0.572937239120653
"3513",0.968888907042882,0.882763636192884,0.652889981790657,1.01347479299748,0.732489346947945
"3514",0.954883188817789,0.86770855851903,0.794207512710332,0.921152711076362,0.751397770912569
"3515",0.964217180705905,0.886416017976251,0.812173147284657,0.638396546411667,0.859401186008033
"3516",0.964379814998535,0.977916861977572,0.69882967894051,1.02385461752275,0.712299381910262
"3517",0.976224659556205,0.9465066343182,0.929789031974866,0.771295697526018,0.70048835554601
"3518",0.954400947149845,0.786595102294983,0.738880075881575,0.720793729143795,0.639068475259199
"3519",0.982217518679826,0.979914551722835,1.01507612071586,0.962283645348907,0.86544540827976
"3520",0.96378024255765,0.982188439035265,0.821991476911785,0.984192103199594,0.782299094432764
"3521",0.989695430447364,0.981559189766015,0.886752881609389,NA,NA
"3522",0.948553099988044,0.857812429234992,0.80260658987826,0.655914132840735,0.788745461646164
"3523",0.736770451198483,0.973022616982034,1.00584810837952,0.951399580808393,0.716732855639752
"3524",0.906631157191555,0.974834329044061,0.853225754457738,0.889508034787872,0.754374153292829
"3525",0.867161799227554,0.91775471757465,0.68309584378236,0.84858852528346,0.788063039369209
"3526",0.878663246031943,0.887137044773267,0.91182220305833,0.926975633635699,0.512978688798854
"3527",0.968230537247976,0.826447138383438,0.933432003272855,1.03678115099421,0.580793003692527
"3528",0.974366221989957,0.946873345708205,0.815160780735847,0.790761981100377,0.57357939390507
"3529",0.967382122707046,0.889740329571881,0.896250452256253,0.792093401336571,0.606384402467079
"3530",0.886001757254141,0.75979545948406,0.875527849524561,0.888452375965631,0.731787729662425
"3531",0.937944595729627,0.984646550446981,0.684389529829149,1.01639232421297,0.627456102087275
"3532",0.720713679335911,0.983931608257379,0.878203074506814,0.884149495418153,0.680662568261375
"3533",0.910338563585995,0.987956307166922,0.856603205022638,0.638149883867974,0.878713926034843
"3534",0.971325547321125,0.976439863179668,0.823038396511504,0.859183152471019,0.757281544921713
"3535",0.962472002593283,0.99918494991647,0.816152318072115,1.02305438372586,0.357739029569339
"3536",0.958070384496916,0.883513555015187,0.675949937564855,0.833930837077979,0.52292886577193
"3537",0.976994270905518,0.996963037342271,0.82166359585607,0.913736861512567,NA
"3538",0.942768321207744,0.895943903097339,0.788393043617191,0.720393115492923,0.585101059636002
"3539",0.781127895663869,0.782218968791027,0.872341187004286,0.910996170175693,0.847523767418598
"3540",0.962923572626441,0.935472773204732,0.871353541235827,0.967975810217062,0.800200118971917
"3541",0.969134700015579,0.86607431596793,0.976617710998641,0.741374696843053,NA
"3542",0.824728199659883,0.981234790441049,0.824997104556739,0.922785395766196,0.764170205956705
"3543",0.964264890032851,0.98697456110337,0.874839224509271,0.781458054095557,NA
"3544",0.951763711603928,0.982159929324361,0.847137286807482,0.700076031217707,0.625512644603335
"3545",0.972926984533068,0.984285765760772,0.866390155277762,1.01744997248163,0.6726891772691
"3546",0.895549641479014,0.962304477844056,0.688747407304033,0.829326604452169,0.882212265081252
"3547",0.991212652972524,0.888857675418656,0.718836002349883,NA,NA
"3548",0.795297134846797,0.959675499740803,0.851310274612874,0.912431870667511,0.870828181619967
"3549",0.902717671652574,0.922821784613202,0.883660696581579,0.736173705454197,NA
"3550",0.806961689037302,0.910798331065932,0.805976180867257,0.670550446560986,0.823981413019333
"3551",0.960094948308571,0.99208858649176,1.00065134992427,0.879153835717183,0.602211022043587
"3552",0.953443618611792,0.844772784970835,1.02304228972489,0.919232845933895,0.669417309896513
"3553",0.98961984143742,0.986882448262523,0.828157033868002,0.941563222650469,0.76709433335397
"3554",0.966023772713747,0.957965063333834,0.895245336399955,0.92002034415179,1.00890908867344
"3555",0.978149889793443,0.743834202212074,0.643214471517099,0.918710675610735,0.979586124701933
"3556",0.98974412105849,0.934917084271551,0.794336956897995,NA,NA
"3557",0.867156224251775,0.980372951713885,1.02805429265866,0.667837246592859,0.722977902313318
"3558",0.977092072521377,0.8124937696998,0.979306463754902,0.837899277757534,0.666618816934243
"3559",0.823268181701918,0.975860116347361,0.934100404670526,0.831524727010683,0.915102265835612
"3560",0.965278943628365,0.960622549771218,0.999453733416136,0.955130871390413,0.772791330094711
"3561",0.914667239718555,0.934922694179115,0.627932299859308,0.849416652129506,0.880469717815164
"3562",0.906029802000919,0.884732233912011,0.959476337943961,0.695597410024942,NA
"3563",0.965838231669422,0.949781274832728,0.839342962377459,0.836468662936438,0.861907964334111
"3564",0.86921291903905,0.828883106952414,0.813846685429358,0.803987859718929,NA
"3565",0.832399960097739,0.980137177744819,0.857828858445421,0.647754557053005,0.845581937179068
"3566",0.842994278436827,0.87397210406622,0.832515553126688,0.839049464693289,0.75174103139011
"3567",0.93356272084836,0.851442280384964,0.845409429038185,0.848910985411626,0.50417938645055
"3568",0.965597769233121,0.920183649711547,0.929021953937985,0.995836971104209,0.652100821752529
"3569",0.930696221975977,0.982696981485617,0.891282997799213,0.863194476815907,0.656776758922106
"3570",0.767535182968971,0.979789506413158,0.853758067965161,0.711472580082113,0.812152677249067
"3571",0.956333341245304,0.866733750579443,0.867360574779924,0.801457943552073,0.794799540766742
"3572",0.84979474150276,0.982451524852542,0.97220565730952,0.685298301726687,0.708975150748698
"3573",0.969686631349706,0.998119429149467,0.867345358749377,0.640106926165661,NA
"3574",0.97168256369741,0.930984596669154,0.953569979943579,0.743849481567713,0.936692783985841
"3575",0.937285808235989,0.980943380920638,0.743400262396414,0.932418546479556,0.703622206335162
"3576",0.891523309603402,0.925680283754757,0.906171214177069,0.705271957053693,0.645187384204833
"3577",0.846176175289142,0.990454531788137,0.888501378691273,0.89702281088047,0.688696637894141
"3578",0.896058199263216,0.887066742614145,0.859959923316991,0.448293411743674,NA
"3579",0.973457500002393,0.822020936485204,0.619361303645186,0.905013642812558,0.841833507777336
"3580",0.90689804301265,0.971720164896173,0.932594039964097,0.948409261736367,0.711593903448287
"3581",0.846861513938046,0.882286745445005,0.681180905718849,0.822142003942413,0.75871125889922
"3582",0.974694042646259,0.96603518250677,0.867195781130606,0.91860630572496,0.646629464601547
"3583",0.905257680835719,0.866852288752909,0.936120183750054,1.02808760602748,NA
"3584",0.97381322437585,0.96540619637898,1.02120749529585,0.852589458502786,0.903127490352387
"3585",0.966319019945712,0.966298102017509,0.866737432753197,0.741483675665911,0.867133711898643
"3586",0.932449360776366,0.97664954793848,0.822834470055205,0.768387301245933,NA
"3587",0.903961578965188,0.983960386985048,0.828809921903173,0.936435632539968,0.936853128628119
"3588",0.983886430970729,0.845223750278266,0.907426716902295,0.938098063757381,0.826962394569849
"3589",0.949395429656564,0.866419492933019,0.858418541006273,0.922406166263885,0.831446950080258
"3590",0.976397183487573,0.928243988092368,0.851018329391945,0.943915578141522,0.781909071868221
"3591",0.962192355365569,0.90158651103068,0.889042783844039,0.889312299354866,0.803909389948457
"3592",0.91447130574137,0.957590258963244,0.810796935512534,0.958035027719161,0.797381354817994
"3593",0.933921424543118,0.98209345161215,0.997365073619536,0.909865130732694,0.988332181982663
"3594",0.947992416097449,0.90631478529285,1.02930887462024,0.802437710263912,0.829706832365081
"3595",0.978947217315441,0.998059533469585,0.671161647915812,0.992852421956274,NA
"3596",0.847792437496198,0.984227893840103,0.833270627696011,0.593049479702354,0.856934715608191
"3597",0.943270842212397,0.995740423137282,0.846606822855645,0.86012884136549,0.717337263802896
"3598",0.974853153371943,0.982470140002314,0.623145577024106,0.878491550297473,0.718776940010107
"3599",0.955916385735534,0.854909756712885,0.924075081521326,0.770630827223719,0.757891835011964
"3600",0.940299830880973,0.884835844885759,0.613601523111525,0.762570479149451,0.961589130148562
"3601",0.946473909473449,0.987451247498863,0.772544192150982,0.94528251131544,0.883266422365224
"3602",0.921528497138125,0.861691886303737,0.706075665848566,0.935414945937201,0.488517405229524
"3603",0.967468956737405,0.98898181800181,0.842997423196945,0.767191626837019,0.677979455406852
"3604",0.947587514908343,0.9811818525466,0.708808454140628,0.832510852543929,0.886237202991649
"3605",0.887674850928586,0.838889410305669,0.734356507010744,0.817240208257122,0.500079695621618
"3606",0.89901658980803,0.983530673721833,0.936884753016818,0.78608693141469,0.876372611738856
"3607",0.828813688915744,0.952588290865339,0.759337623317265,0.882796139187067,0.831297407811347
"3608",0.829131918141096,0.979513003878956,0.837616590485604,0.905368726664834,0.596390773293281
"3609",0.949803478322805,0.967964408651254,1.00055701017841,0.70041970480519,0.685825454705709
"3610",0.967807123675698,0.993024139664079,0.996682202187655,0.82345633860837,0.719100362119559
"3611",0.970121762614199,0.991791339397845,1.02167124675071,0.864874225674439,0.949019841570749
"3612",0.97320710914155,0.881312647418074,0.854991447018217,NA,NA
"3613",0.965512662941685,0.970626000230709,0.980507375681921,0.73242620424717,0.754006373525181
"3614",0.845013513932124,0.996343015887806,0.874784435311295,1.03217252757872,0.580795274350807
"3615",0.79760565489523,0.982958076353685,1.0223149843648,0.941492887616414,0.836129813886367
"3616",0.949153228953758,0.988278335171529,0.766061154584338,0.928576670615574,0.799235205549066
"3617",0.897353499586294,0.911928355240381,0.677823457186848,0.841709083171567,0.609920809024682
"3618",0.903412807851169,0.861820859698803,0.970632377377595,0.780960733502738,0.645285576042718
"3619",0.953016510951285,0.927934288541867,0.76094257983568,1.02455951109492,0.584884531881509
"3620",0.951492813553285,0.931908373951239,0.837125496440058,0.797528457821828,0.692302045653655
"3621",0.927787400404306,0.975751288647801,0.886146326471777,0.927567275838497,0.703454338309077
"3622",0.83014440744863,0.983982500888569,0.852654122016838,0.690860702653287,0.564781197227349
"3623",0.845378412414157,0.927149654893339,0.894363067945743,0.808339438552415,NA
"3624",0.970935668307513,0.98207628507532,0.835242890727317,0.920723294651485,NA
"3625",0.80755314020441,0.99907128422269,0.95212226030846,0.745112161548253,0.703476057894362
"3626",0.947176043258985,0.984131418616637,0.881462077772298,0.740834208429466,0.871300440561313
"3627",0.971500823793518,0.978078048715068,0.814814617768375,0.971120363397024,NA
"3628",0.963027156307967,0.921030822097608,0.779779673980626,0.641340663497947,0.696932006322415
"3629",0.959951243471878,0.854219299052952,0.93120119415452,0.85981062858507,0.762086911574708
"3630",0.932995809798112,0.973720325116165,0.748852775075116,0.712977542228241,0.736203017991334
"3631",0.967313999968897,0.983155581992061,0.843633855639525,1.00998096242539,0.77724916656421
"3632",0.959249651646519,0.964015244778794,0.918082343588204,0.73339804760531,0.74462880357734
"3633",0.98442743532611,0.984219623825351,0.818551752507637,1.01360282191397,0.704903041470475
"3634",0.963878211671164,0.81766048777646,0.947983731889943,0.944158986538169,0.685635036726498
"3635",0.986958148736666,0.995628353291988,0.802730455657322,NA,NA
"3636",0.951239339049524,0.879661732069352,0.973078073150241,0.93606638337496,0.8506235207468
"3637",0.94010590093166,0.852638750325001,0.802547287124808,0.760210422595218,0.905015570017149
"3638",0.971019631145734,0.793701283633705,0.970893433211,0.923819592671253,0.654949434333057
"3639",0.967709292157999,0.849175873978883,0.827110504081451,0.947021524677725,0.961195108794765
"3640",0.968162723662493,0.917044291778666,0.851447310382351,0.854469902091877,0.901281149387058
"3641",0.97210003193189,1.00603670848519,0.762127203722284,0.754500291513343,NA
"3642",0.96097174853317,0.930881320115939,0.872996581922708,0.760606401494874,0.845888374192628
"3643",0.972693874699482,0.975392469656764,0.931678288150757,0.867458790161353,0.618375227435573
"3644",0.88951422020304,0.91300271928872,0.737118295827123,0.756088005292058,0.698026743726765
"3645",0.902514408937795,0.892498630426888,1.04342346738094,0.933793736317001,0.567689658769847
"3646",0.965056794553811,0.979762217018342,0.730422864954685,0.955096569331744,0.825750485447171
"3647",0.943147436002432,0.974713334784947,0.910243444964564,0.95914845558512,0.632462224533456
"3648",0.888645848765254,0.99593840555609,0.589115407874956,0.946718861515243,0.696026188568474
"3649",0.98126600356399,0.824392955304211,0.787767103586384,0.661354893015125,NA
"3650",0.851550542820903,0.973318801624723,0.895832688950832,0.787456262593212,0.701055225624612
"3651",0.838218177237894,0.944554239565671,0.768333179505991,0.879500720899338,NA
"3652",0.969776573895138,0.975358538165132,0.956427346380214,1.00037216511935,0.636860023221325
"3653",0.965165906103702,0.987689502011807,0.851364393689375,0.789920094066766,0.760414844323083
"3654",0.726932159517016,0.867695001058202,0.722941131203809,0.804268970505291,0.917544967528725
"3655",0.900031292676938,0.937537372479351,0.844044114866274,0.490352371050159,0.570040245482251
"3656",0.951802135718337,0.81399271268037,0.716532143257461,0.959007514729813,0.891951366802736
"3657",0.964911064347734,0.891892950356298,0.823318234817712,0.783264449571802,0.855221417777067
"3658",0.953229732491953,0.985440562528952,0.840113006083855,0.914007043637481,0.597787049824823
"3659",0.942615384161911,0.893813526177585,0.914843108109349,0.964050679468375,0.703119033345521
"3660",0.925159238885986,0.966935905404516,1.01992157147513,1.0275896738616,0.632559345013014
"3661",0.782956284195728,0.97463099754102,0.886984069287716,1.01891586762733,0.714056585727761
"3662",0.906737051930804,0.794521103118456,0.957642844536994,0.764031971635539,0.574723054199769
"3663",0.966016329484282,0.958355127549698,0.855365532414664,0.923293523267146,0.640478608981079
"3664",0.940197077127075,0.819152570536564,0.628570077505197,0.844984317191327,0.623073299827719
"3665",0.86534502743079,0.806153972086354,0.945890450191528,0.79487353534937,0.684029840282693
"3666",0.9590864816468,0.810594265900117,0.933160187013933,0.848471823197707,0.851113300461588
"3667",0.808334634810215,0.818158065670936,0.81726467493183,0.766866558720185,0.70024724694324
"3668",0.981985587069445,0.970671199655202,0.805050969340182,0.958781314274107,0.996502662640048
"3669",0.82948112532187,0.981656025748324,0.957508479881506,0.930872429617034,0.616569945898588
"3670",0.893793323373157,0.95608201157003,0.9677408181997,0.922054512163488,0.628099441620472
"3671",0.977101449594355,0.975422428839507,0.975428660809581,0.893479291733392,0.555941485342938
"3672",0.961562635896736,0.944214457769876,0.752440858187794,0.840554233975119,0.673186290699915
"3673",0.964474285439145,0.984970573412686,0.593272079773825,0.964039098062794,0.742579447822597
"3674",0.977958900400292,0.963539466427347,0.744584594503148,0.896455018644701,0.718010220808452
"3675",0.978120032143038,0.98437963641534,0.917764900977146,0.810902862687382,0.860137576997033
"3676",0.966272604133037,0.939279728672941,0.931796284463066,0.805631404160761,0.659820502313804
"3677",0.857580753699969,0.85803135072526,0.973872180207981,1.01553821268016,0.545687472918763
"3678",0.967263125056576,0.974147796526577,0.757976132497401,0.754908531436466,0.867524831725387
"3679",0.967270081225278,0.875904617589751,0.750602004046623,0.762117556334845,0.836875304790494
"3680",0.962226142187318,0.98587322139543,1.02729649699981,0.804351256993511,1.0284857020546
"3681",0.9673455230695,0.993737247563292,0.811390817534475,0.920559187277831,0.717827866691529
"3682",0.883224641216439,0.937743018661117,0.711233350153656,0.883625237445099,0.812321316581769
"3683",0.895676999193946,0.995156524476754,0.991391137652235,0.724312379795592,0.930688505289995
"3684",0.860541526220438,0.914249379571588,0.849879126959415,1.03651491235566,0.657863721258596
"3685",0.921708815688056,0.764411518599851,0.957871365738111,0.646151765734201,0.820251769322175
"3686",0.817369735361641,0.76913443317866,0.789071227742729,0.525775736092752,0.814099343014171
"3687",0.943820709045693,0.996528645086881,0.874326782790172,0.854470363170619,0.622752768710073
"3688",0.977884921880517,0.989105174018758,0.948649005220202,0.728792479277102,0.624691590749889
"3689",0.96750782542094,0.902376298564473,0.640917304660942,0.709700844031523,0.634677588624053
"3690",0.970319474975628,0.913306361983279,0.831799997004127,1.03153663754385,0.818346172849165
"3691",0.950282515417534,0.922847046187195,0.711064475203738,0.909911457692967,0.955944541818895
"3692",0.949132062625285,0.922659749862616,1.02207003646169,0.775466400123829,0.78406492770002
"3693",0.958734387790231,0.812326581004784,0.835992274789741,0.891538331753885,0.699407792751364
"3694",0.89661378171096,0.912118392345194,0.997930957105988,0.660051326010169,NA
"3695",0.958032357124815,0.954713432066922,0.823985814496146,0.786842414184881,0.710331751843984
"3696",0.962812330936595,0.973702006827673,0.959378152180686,0.689449489727802,0.610971662357776
"3697",0.89257071866846,0.876637038995584,0.923621013329289,0.958422551395862,0.788936474791564
"3698",0.967993452650136,0.95568934603983,0.95801204124694,0.941249066160282,0.896606145075706
"3699",NA,NA,NA,NA,NA
"3700",0.976494502116838,0.948623447904947,0.7261661986774,0.897680192734066,0.687691152611239
"3701",0.964587203562144,0.993554761142014,0.66155789621332,0.983700745844687,0.938575710256724
"3702",0.950296609708803,0.916861614983068,0.983240369376062,0.965717968545098,0.569276142295998
"3703",0.921048623271202,0.964460035333452,0.953228262944996,0.898825745364457,0.704843424282944
"3704",0.97292927121686,0.875896748749679,0.861086462225338,0.870696656369129,0.695234167521909
"3705",0.971008509027348,0.98625046309581,0.766578989274727,0.792290904557558,0.731408532013604
"3706",0.979638333181428,0.905176619507995,0.980307253829569,0.962922996083644,NA
"3707",0.984523997242563,0.988177230479241,1.0272652474062,0.791849852845402,0.733504199400658
"3708",0.946479861634871,0.917850664980988,0.677681045082768,0.906695347980825,0.791087167036698
"3709",0.976457047084574,0.96587531960348,0.807074500037652,1.00576521457119,0.539327423674021
"3710",0.91771286449058,0.971105620103774,0.877664749947068,0.768588713858802,NA
"3711",0.976999767345654,0.948412440486882,0.678771554671092,0.931551497299799,0.782936592292792
"3712",0.946431504216601,0.916126694131685,0.685892130622959,1.03803839906439,0.719313229424462
"3713",0.969664190691239,0.991072634394467,0.805822215392256,0.797876827099907,0.739181179125093
"3714",0.983365650844861,0.799356116549764,0.934285275907547,0.994350189591917,0.623480003067016
"3715",0.959136118056548,0.856782001964271,0.908651572698959,0.71633577278078,0.683146996037912
"3716",0.946406459996402,0.944270901143089,0.760440564109595,0.788468749625825,0.930874914525187
"3717",0.804372091871661,0.872879813768556,0.749866279064549,0.939831327727937,NA
"3718",0.956892013815193,0.881615273108049,0.799100793012402,0.832093800611512,0.680818980566646
"3719",0.9483801105959,0.84026401747913,0.74128978757005,0.795870207107923,0.814112991284686
"3720",0.881591006276945,0.90453647314982,1.05257142792191,0.69060020237671,0.622829137833167
"3721",0.921690784048712,0.867505146733174,0.747545548907803,0.922785658300178,NA
"3722",0.963433809954287,0.985003765485946,0.763519073767364,1.01706034411551,0.894323083910353
"3723",0.976320150555063,0.969517416446185,0.802084275861632,0.786874600165278,0.7258284192258
"3724",0.955736642008503,0.974510902883494,0.808369652073487,0.989762844632436,0.683436711715427
"3725",0.786223611658679,0.977792183279027,0.774009956879955,0.866015577049028,0.786204637741953
"3726",0.957952391439698,0.907704997121037,0.750632409823174,0.85216570041137,0.51228683231416
"3727",0.981299859073267,0.973590522503482,0.873344367743727,0.95092286799963,NA
"3728",0.834909732026746,0.964879722931368,0.836920987170976,0.90830347437193,0.787547987042569
"3729",0.97311854786318,0.925249973608325,0.845549278793545,0.711190255187316,0.991792795527848
"3730",0.968080524371601,0.96589279936031,0.823171711269786,0.874180946904102,0.683173439069977
"3731",0.977095847434307,0.978609985682732,0.797121578406313,0.907757321010544,0.911703104425953
"3732",0.946814533402353,0.99104443544152,1.00669522319181,0.90867566465903,0.768744588898103
"3733",0.973007756600471,0.89870870090792,0.95040097550239,0.803594706963963,1.01830882008055
"3734",0.959863373255174,0.996516453703982,0.93505093040041,1.03577911817004,0.8168841900966
"3735",0.951008678395161,0.935440049605095,0.928199475099872,0.91508201505321,NA
"3736",0.903185578874486,0.985413403946027,0.919936444434919,0.930019443623728,0.384547820138353
"3737",0.958990464150075,0.912535397793441,0.666913157765477,0.886400574885048,0.822779069080373
"3738",0.984929649755265,0.894617791776071,0.889383310940536,0.629549353885683,NA
"3739",0.772319344748426,0.954030691639883,0.936143253830391,0.612742675814618,0.685048298716554
"3740",0.921824884087225,0.918665211835308,1.02341630483895,1.03015778664256,0.765728093650525
"3741",0.961788470017943,0.975548819695832,0.873649270237097,0.910397801199685,0.936839606264164
"3742",0.958555204182443,0.957817488607565,0.898807959639752,0.871163039213337,0.801892225745065
"3743",0.851117618733022,0.9058792585057,0.738782250698152,1.02338870327257,0.763556165566247
"3744",0.979632744805804,0.97302072318867,0.995109722531514,0.673788893159898,NA
"3745",0.835793985174311,0.972356379610115,0.935367653514332,0.669047385942409,0.699115865439332
"3746",0.94396007428821,0.96896284665386,0.859275354183592,0.860766391213422,0.761277454241087
"3747",0.963567694559152,0.892908510631189,1.03782129137738,0.910574112042763,0.839288512271624
"3748",0.959157853045132,0.860005017027182,0.923150657544159,0.712342402362344,0.634978698489024
"3749",0.963842747738502,0.869469536176837,0.918877041387711,0.959074260728572,NA
"3750",0.96862000474361,0.994914581170249,0.869319650911042,0.954788882996907,0.642173870341385
"3751",0.856487616871195,0.876948830367295,0.850583944237333,0.887672428784548,0.748627001935733
"3752",0.898672390764992,0.97064019634983,0.750475258971336,0.778386623769402,NA
"3753",0.895221230067993,0.968996408821548,0.893724299493787,0.881358685347924,0.722911898615828
"3754",0.9812933427761,0.967211202008394,0.890436925852949,0.925669590560758,1.00423853896813
"3755",0.890815261263974,0.980289196499257,0.77063215626277,1.03102144428933,NA
"3756",0.978246037784937,0.970751571762947,0.810586573004315,0.884730416518675,0.859861739033963
"3757",0.966162122950213,0.974110984385527,0.920731379428564,0.904309723608634,0.675127612851416
"3758",0.94560392831538,0.97886318215467,0.895860477215813,0.863085050692755,0.79032157819378
"3759",0.972054272108537,0.872378551929832,0.820956227664234,0.728836105844137,0.782401949572422
"3760",0.942485433942474,0.975109547354762,0.790043769635537,0.784628753303481,0.605172267240735
"3761",0.92700920277561,0.791673217209289,0.792727558992548,0.901417711678273,0.715238421106573
"3762",0.968857603853978,0.981534203510614,0.820489033674624,0.578033117761914,NA
"3763",0.975871499901818,0.872699862080487,0.861345698911931,0.806206573827625,0.670220096183314
"3764",0.982165249444273,0.961303713464348,0.915459622064876,0.783082680230617,0.819070183162234
"3765",0.946466711786591,0.914602722591553,0.910372740433487,0.954534717321928,0.823871464684626
"3766",0.937037342740092,0.877454727195666,1.03792362559031,0.73263619627715,0.6820024129221
"3767",0.894377399930137,0.983094680645865,0.801503929938711,0.983102033725446,0.838143458269934
"3768",0.983288537794691,0.975870012177336,0.86060462784045,0.78112074594672,NA
"3769",0.844361960992453,0.986023364585761,0.686477335454502,0.802745147431377,0.661901684515884
"3770",0.964248080612076,0.924397585696908,0.908190218706495,0.934371765430554,0.870856548632602
"3771",0.881420716794916,0.976360821191872,0.97733963689978,0.923796243704072,0.441043591250963
"3772",0.941406216249117,0.872861211300386,0.790534704561091,1.00902640408444,0.847789184299729
"3773",0.970824137471743,0.997115392876398,0.959592676366916,0.730231775692703,0.724655898702139
"3774",0.86745658474612,0.886059586349858,0.831848786760728,0.905429335539316,0.929285407996099
"3775",0.9727765919457,0.992159493380051,0.849052615295803,0.883526396576289,0.928150360556864
"3776",0.937960233110795,0.926071793644268,0.696463776216455,0.864601105399323,NA
"3777",NA,NA,NA,NA,NA
"3778",0.939999729707927,0.988661326263508,1.00365135111648,0.890140778719215,0.73180758102538
"3779",0.969760850820389,0.76521271833726,0.672189632063456,0.673460425704639,0.682785223416102
"3780",0.963954400114885,0.844749598560159,1.01812309853154,1.03139770182487,0.703802997448056
"3781",0.960765578206644,0.8959620505439,0.873276876759846,1.01190210213044,0.640458872069874
"3782",0.833252109916185,0.887641176180991,0.911288449497069,0.819964339241503,0.595522240367644
"3783",0.948931996068952,0.86390956305117,0.848088343893848,0.870580879290458,0.639942058642485
"3784",0.972896295734736,0.999433952811996,0.792778281212042,0.67353115409777,0.678768632433223
"3785",0.967633259792111,0.909442827361109,0.86349678436984,0.922329956212969,0.727965011643018
"3786",0.76740089725781,0.887793721801545,0.888901160203129,0.895617598207075,NA
"3787",0.974263783568386,0.991023185054749,0.858971682508788,0.78685752734186,0.398652838000064
"3788",0.982970640931048,0.978583511632842,0.680985172670424,0.818317703944082,0.589245228692961
"3789",0.97902800138625,0.971588181923911,0.895244862692264,0.843091344175448,NA
"3790",0.794348048322239,0.880270122979579,0.908369456387523,0.787902384459344,0.782603363932949
"3791",0.958447803649897,0.93282372646469,0.847502315072871,0.79088362172777,0.892530829678951
"3792",0.974501077272481,0.9012480658361,0.94661859152388,0.811607647662229,NA
"3793",0.817597229152516,0.997765194532441,0.6770896523304,0.952804030617622,NA
"3794",0.958787832806892,0.858433848848262,0.886493541614629,0.73585519654977,0.913727948027496
"3795",0.902167390375352,0.967813818550945,0.881094301620597,0.809173562231875,0.741848968131456
"3796",0.947948568335713,0.965025089639954,0.786896377993697,0.759266197373149,0.783299427102082
"3797",0.971994177352244,0.953878392598004,0.865880998828012,0.675032619292294,NA
"3798",0.969636397964177,0.987144081059522,0.874147104301667,0.725609771589172,0.693707203322255
"3799",0.897941465622529,0.756952658321358,0.888169382300164,0.827976905535978,0.77816806332377
"3800",0.978848067385726,0.985572564073564,0.871953546379576,0.88051726522546,NA
"3801",0.939563984250614,0.977462701090939,0.939316456388872,1.01972583050462,0.713645382831799
"3802",0.822928869686497,0.936196976597268,0.888711254082642,0.923947726314263,0.6574607827817
"3803",0.945941371205583,0.893972380998865,0.769743477950655,0.682828068118577,0.508140458615919
"3804",0.79371732253334,0.957520405166374,0.741192923694389,0.677781775982572,0.683245845684676
"3805",0.972257209334844,0.840780805491194,0.894225167924032,0.748201019579168,0.62567053059389
"3806",0.961205239841259,0.904750483872404,0.812698415414495,0.900789870261705,0.704521422547178
"3807",0.959202596788461,0.987999649828277,0.754733744215789,1.0033983084562,0.705027270553974
"3808",0.939474246392892,0.991885964735346,0.796142372859771,0.848295960461533,0.723994558074169
"3809",0.851199145583667,0.981482420378916,0.854208003287788,0.887342345660689,0.402766795934448
"3810",0.946172025412319,0.993551968564708,0.912640413741744,0.668980667366776,NA
"3811",0.922019351442801,0.837905365446421,0.85021622231808,0.721535155472404,NA
"3812",0.953859847277778,0.976808861894193,1.00865212510904,0.828977781793484,0.495021273813506
"3813",0.831575984477844,0.90178017953483,0.924839273131363,0.835508802736149,0.682742549929361
"3814",0.976001442236733,0.996742880375472,0.891762825705556,1.01812109166268,0.522805411249296
"3815",0.887731487860738,0.994499087841227,0.776161484320859,0.930858378591558,0.820363596143269
"3816",0.949432572343137,0.967118219379862,0.897024287431941,1.04383457412864,0.541245403795049
"3817",0.973774381684497,0.898694232533643,0.8074297362282,0.818971978742374,0.777007678458689
"3818",0.914330662851284,0.978721620815287,0.965609894649022,0.919778920793399,0.806998827711736
"3819",0.955397611301498,0.99535295067755,0.830004915727047,NA,NA
"3820",0.961176403457519,0.979710150142329,0.95126328114282,0.756592142765037,0.712938370471929
"3821",0.990337468053336,0.959827039588532,0.977034360599951,NA,NA
"3822",0.969368862007024,0.950144395337447,0.796045976261144,0.819424762735418,NA
"3823",0.895882310326529,0.986015660937093,0.886836110326872,0.883365666100519,0.91200488074046
"3824",0.963671658994,0.978456012394302,0.935432757798007,0.721396063170183,0.682056684587562
"3825",0.952783434719826,0.832095879031702,1.02321316932696,0.782620244402205,0.751329482641931
"3826",0.968539521514598,0.969712648993113,0.868740090911328,0.914007957103516,0.781816109159906
"3827",0.983002505335711,0.914573279710689,1.01402657800165,0.67394424232135,0.533520338083844
"3828",0.969202342795972,0.973066787177004,0.969501637731485,0.860185432357484,0.793212722898849
"3829",0.964878893671768,0.934540576618437,0.838949716633648,1.02663377709361,0.581203928283355
"3830",0.903250809043437,0.998284091107262,0.928257322389345,0.612476591152425,0.780013317404782
"3831",0.973536276263804,0.974573013621428,0.773296340603625,0.670372219637758,0.871069014771368
"3832",0.747266422722725,0.96803114001934,0.83492126553476,0.816695776273609,0.813220399381478
"3833",0.882202653379641,0.989017983473167,0.771449036739055,0.797093945320886,0.832270893766182
"3834",0.813424174929679,0.982787007885638,0.728670988389376,0.894217234747062,0.699447103973912
"3835",0.957283051285463,0.903761523202951,1.03405906696957,1.03626296211349,0.529441759571911
"3836",0.966460408382808,0.959303890425374,1.02944520533851,1.00189259910437,0.626302076132357
"3837",0.879838209961467,0.865552501120792,1.02238829798373,0.631948376260683,0.893137277074608
"3838",0.753675799739981,0.744916859194255,0.750308262886498,0.712941905342875,0.755130541261882
"3839",0.888709219547911,0.901777859858128,0.813475563417365,0.911725231163827,0.897842326239682
"3840",0.963066365363314,0.946911467425186,0.852882446086157,0.827393587662361,0.857671972399876
"3841",0.976256035592513,0.889776857402635,0.732169416274516,0.698536200257934,0.635418263719256
"3842",0.949904000112566,0.987140716079946,0.794758398246279,0.968738488422401,0.636459424999856
"3843",0.978143005636785,0.968814517057527,0.952433829567993,0.712993897658767,0.533965100500535
"3844",0.855275787061837,0.941642010133912,0.943221300040273,0.73634305104777,0.783759712200291
"3845",0.954571347273982,0.981459046071036,0.745879295344011,0.818156647234993,0.872943108343939
"3846",0.896595189608046,0.975503733333026,0.933477566793189,0.755305452868417,0.580774832604664
"3847",0.897038064646102,0.77547887026438,0.7484171131365,0.875482847368961,0.825863780032438
"3848",0.960431281396519,0.812445999955626,0.925984438708599,0.803760056190145,0.974221165306009
"3849",0.966685635432636,0.987088147301391,0.821049764871767,0.910187066247611,0.732547065819736
"3850",0.932892554831118,0.978695244859574,0.896119268324575,0.813983278098484,0.776893735596467
"3851",0.924916080206265,0.90283045892767,1.02335995825366,0.849621644209827,0.777679938105529
"3852",0.973635220913343,0.877646918939538,0.936182477583585,0.772611668136322,0.766615217848786
"3853",0.959164261882396,0.984521073248542,0.693762069877421,1.01059340971487,0.765456297265642
"3854",0.724571319994414,0.983495151904184,0.912850817056407,0.720886282255794,0.729217585298024
"3855",0.919189547321554,0.822172722360897,0.89491347277401,0.711918004984524,0.600743632449236
"3856",0.943242656739063,0.967063748589795,0.958975934403434,1.03935197648277,0.908206664501475
"3857",0.97468389493178,0.911947854282374,0.922825003371757,0.796253510245156,0.903070465363374
"3858",0.943522746521112,0.960598780926607,0.885863568576312,0.941528577921321,0.698969537404059
"3859",0.96994938998689,0.986114730823457,0.937351174738587,0.874323254510337,0.505009465326699
"3860",0.961744767312979,0.899593775377584,0.85593706012246,0.814653450504485,0.668889354493951
"3861",0.905834129471633,0.974892107107605,0.854531517044676,0.792862863612248,0.82886307667804
"3862",0.928933599157791,0.990200763186294,0.894866809476444,0.558492330396911,NA
"3863",0.975582073054545,0.968549324768355,0.560587031959241,0.944277988973611,0.742559263974269
"3864",0.962115052267475,0.982665031596159,0.770382037469582,0.82036604298652,0.621850963526151
"3865",0.950128083117543,0.994822569086922,0.825733566361683,0.82404308277457,0.874093519847176
"3866",0.973610944529948,0.960773132922052,0.881792704501,0.702355727811852,0.836444688472057
"3867",0.954377800949713,0.989318071469137,0.803729334812254,0.886561913511222,0.845382958396674
"3868",0.956081924544409,0.997848615117052,0.926476812303292,0.858278010336613,0.727091904561565
"3869",0.974943818577429,0.983169400322842,0.809678321611161,0.896968296627759,NA
"3870",0.849451806919689,0.958381856408489,0.917653165436932,0.740528974331816,0.777788791720202
"3871",0.898438895890751,0.941508885355289,0.959352994703692,0.409489941021867,0.896571124627616
"3872",0.885210332049789,0.987356345498881,0.736385235464032,0.794032559350788,0.821446425330127
"3873",0.894773169818393,0.903611192085419,0.899877362597181,0.817658030250266,0.802762591277708
"3874",0.909340182189553,0.979351489504908,1.02788265830977,0.885408717796184,0.596523262881377
"3875",0.938489967319134,0.913021553756053,0.868443886626428,0.911850217093848,0.699128004630434
"3876",0.98367019043092,0.939827623263824,0.87245310254513,0.789209488244004,0.652811368581322
"3877",0.951951758533115,0.970417821951272,0.840918995143229,0.916801662290478,0.594365383553043
"3878",0.76425513106247,0.990448100740756,0.920212755866294,0.710276213052874,0.60735091256002
"3879",0.852287804665971,0.961014539120868,0.911922577371569,0.815327852013614,0.742252572807446
"3880",0.963549308889021,0.821021919545511,0.902986872266405,0.703959815769696,0.639558007358092
"3881",0.967414321203872,0.987855176994036,1.01992891997327,1.05032691663483,0.76575735754588
"3882",0.955013673274082,0.984346948242786,0.843821590831842,1.01666229057289,0.880571933988467
"3883",0.889519333852294,0.98661248131326,0.952339031593872,0.865753993436536,0.613025350934585
"3884",0.94029908656723,0.896688779523125,0.969461568335335,0.853268262194793,0.801122404981685
"3885",0.940605824527541,0.914329991853418,0.869996660379806,0.886700149097256,0.849810261318044
"3886",0.909101677664595,0.907974791672913,0.796277340772493,0.844351284506232,NA
"3887",0.855699383346763,0.964821928307089,0.851395746579902,0.928918001627602,0.691246085768545
"3888",0.773345210979282,0.992388050830982,0.96667547775174,0.702058268769634,0.751806844143571
"3889",0.85485760000804,0.984971884876163,0.918274626418249,0.761840544785613,0.638395627727056
"3890",0.912539051976082,0.968981854650078,0.842744530565017,0.700578928451098,NA
"3891",0.967398870864376,0.84784469248141,0.91078544796384,0.868996090730207,0.65737282849404
"3892",0.959225199225332,0.971000141854658,0.971603252416004,0.933808583596782,0.807203108667531
"3893",0.966922273239872,0.946340330177257,0.813119407051527,0.760354149238128,0.45336028326148
"3894",0.770160886633296,0.923567660680237,0.726173575452265,0.815984239122761,0.813402768775018
"3895",0.968193422400009,0.967112973495366,0.831914627597387,0.912441239190224,0.86937601893976
"3896",0.892674863918166,0.963420774257304,0.934341808456851,0.70955855747066,0.538295696743075
"3897",0.961131412837559,0.901004965991146,0.943377095466567,0.884686112935565,0.739447660028849
"3898",0.876709123411357,0.789479190749972,0.852721480665185,0.836630208612061,0.907308251425068
"3899",0.978772110903538,0.96521741906498,1.00801724174927,1.02343348580938,0.811351905425285
"3900",0.905050869034479,0.832614716665278,0.901063258794756,0.690295982396266,0.772000454410874
"3901",0.976720448520859,0.883067346732605,0.858778171814035,0.818538204933133,0.680073012089993
"3902",0.981391967610136,0.985918184987766,0.750716664055226,1.01025768064322,0.774195003231615
"3903",0.982259249754313,0.97768131277139,0.937595988106603,1.02068960253032,0.775266788244753
"3904",0.959538569224113,0.985229487873618,0.859298866607297,0.954829204728823,0.967525944774734
"3905",0.965734165415706,0.835618435479396,0.767684273632659,0.887049852519426,0.731867625312837
"3906",0.982916959415619,0.982858209444632,0.65342659191401,0.87865064044283,0.705620403956966
"3907",0.950904351628504,0.953968183922154,1.02115910974539,1.0265488468619,0.743800303964954
"3908",0.964346178333097,0.871001640322338,0.687327529145749,0.759832343855487,0.92095537037432
"3909",0.960304329490879,0.864342945909938,0.836734212202066,0.797621968624366,0.943878330495465
"3910",0.802357287194923,0.984206253756616,0.64255353922822,0.928658854478663,NA
"3911",0.959350512020674,0.982870981734098,0.838747341936213,0.945530780995677,0.832668149193264
"3912",0.941560963432609,0.9923102718919,0.933906064751129,0.979108636935403,0.934279472374888
"3913",0.797581298016168,0.985249655884762,0.836357354327868,0.789526211815879,0.668744635348458
"3914",0.963134206206012,0.97197261875112,0.922354204506428,1.00908722751366,0.739562280089341
"3915",0.949406555626504,0.899733492895541,0.648233597258865,0.982491950046754,0.998871728267788
"3916",0.899297789872965,0.970582702182936,0.943273023403731,1.03454635006959,0.822983364049227
"3917",0.962916917100748,0.877800591567854,0.934348474839322,0.878010311319112,0.809376507593563
"3918",0.953580217266285,0.925299800733548,0.679383779983611,0.751045328344859,0.791665723832124
"3919",0.950773361246849,0.801126044881403,0.952758489851886,0.885510512841284,0.713120992265707
"3920",0.765885474824648,0.892041827413178,0.83937796537084,0.784625775819449,0.790043741111718
"3921",0.973936131875368,0.823412584042688,0.82888614597434,0.91330156616507,0.763229518095684
"3922",0.979967226657663,0.992788479157645,0.833482777169927,1.01845547839805,0.701457237251768
"3923",0.970818176426422,0.917897774605326,0.732148089931468,0.722319440875445,NA
"3924",0.944827582401661,0.893508302377049,0.809680249473281,1.03130491591536,0.621765749711554
"3925",0.913756359988788,0.958632321788054,0.675706914633078,0.765130696647127,0.599763639593422
"3926",0.958995486742295,0.893140995520868,0.893782949480023,0.718550221716047,0.882674293709795
"3927",0.902755034087278,0.988876066150181,1.00667374485981,1.01645892054047,0.730964772759243
"3928",0.974308793092397,0.9346024202157,0.679304420115858,0.839434413615404,0.921658603027969
"3929",0.797171136867078,0.992772684181441,0.756915305967646,0.937309613668142,NA
"3930",0.954520161208752,0.995807628597,0.824517898469321,0.900602394857899,0.739695307433272
"3931",0.95986406918183,0.977662730744389,0.887819968343552,0.798389792738548,NA
"3932",0.961120711796351,0.921274088254044,1.00092722222139,0.932654557209428,0.699525095906152
"3933",0.968660283989152,0.957688890398505,0.916244883840545,0.848198342461785,0.68400760141219
"3934",0.977526335857174,0.733459244195197,0.760778445364102,0.940204789595311,0.765795121648996
"3935",0.861398669118972,0.907306800437008,0.821716601182884,0.815836040743701,0.757634687672335
"3936",0.975973723613174,0.970173635620136,0.785165931998323,0.860600636618833,0.763131609948508
"3937",0.91987918340977,0.988590089525078,0.943951272615898,0.997718656803811,0.789213984121803
"3938",0.942864413767462,0.960389405401556,0.795595017192164,0.691327171247205,0.717803010910392
"3939",0.851496805391899,0.905414313468048,0.860860748034264,0.839185920926958,0.935191295261776
"3940",0.966230368971017,0.938429881471069,0.962767619134723,0.901475154064124,0.848612400536675
"3941",0.891868516793055,0.953654023115842,1.00283508501368,0.933454150220794,0.714029501948182
"3942",0.958471759419391,0.886089772343592,0.949009497889963,0.982006808426159,1.02884929549723
"3943",0.887923486501237,0.991371555239095,0.829584025886545,0.787616774332251,0.86264176225407
"3944",0.981452097130949,0.97352576420702,0.868851541283053,0.911300738076301,0.80669421774494
"3945",0.952346540124143,0.866413379485245,0.955119723282111,1.03405461741217,0.818580520052142
"3946",0.941765892669569,0.988127475916747,0.881263170582395,0.695361481193841,0.761079572453632
"3947",0.959322127570279,0.903046569014993,0.693082185701753,1.0015050455543,NA
"3948",0.856116459690854,0.975295037033359,0.805925203562963,0.985516214103614,0.703510742604316
"3949",0.972870227429363,0.964009322175014,0.920670234156438,0.657226250452554,0.939681678238936
"3950",0.946327127373613,0.973398257142877,0.790651055796804,0.968466632392179,0.775579206248251
"3951",0.853187487203727,0.903143693826006,1.026711158438,0.761556196990553,0.726368355291154
"3952",0.942701459692134,0.980717150985956,0.797983297849595,0.918638399840471,0.799308461201389
"3953",0.928425238413205,0.972809466602283,0.863790955127536,0.957242660616106,0.839534350001718
"3954",0.975208299163896,0.823119993173548,0.879848209952664,0.937827466040933,0.670805588546473
"3955",0.963119570623802,0.908644792235485,0.729846062162573,0.85498212084018,0.876543836902402
"3956",0.956625149813169,0.925085413317997,0.880308954176484,0.884263971748155,0.757511000576541
"3957",0.924203078084392,0.720270380177705,0.875780423446196,0.766988669587741,0.995052079353531
"3958",0.830585732630328,0.822011655647266,0.834702525117048,0.713386264336967,0.789431194547867
"3959",0.848709095531343,0.846882628564637,0.781529848688666,0.792113980054451,0.695179151640179
"3960",0.990940356294359,0.983075234184091,0.856351409756632,0.932797322487374,0.958449833675243
"3961",0.922125281385871,0.890273848324587,0.993597910790442,NA,NA
"3962",0.969889814191871,0.991503503386581,0.915452192009576,0.935661641896233,0.839387211116804
"3963",0.900165549954623,0.771354923100493,0.631733975110928,0.837036070561587,0.629075614977655
"3964",0.957924455876993,0.92162524325318,0.861572121998024,1.0168850073686,0.567770667915523
"3965",0.862133182515035,0.882558510663471,0.782759818830485,0.652854614121997,1.02892451463163
"3966",0.943839071461212,0.961836664572837,0.833022736992162,0.884918116583202,0.76585714620475
"3967",0.855348941085025,0.978162405627528,0.635207568294716,1.00593776265206,0.942101239415403
"3968",0.972670414063851,0.898658888489691,0.680332736673197,1.01447937543688,0.62807635076804
"3969",0.972276364135498,0.957909913061964,0.807224857237494,0.793852120496866,0.820846514096164
"3970",0.928584025752707,0.899422097646681,0.830675471296753,0.882075826016926,0.739680539028397
"3971",0.911731456890333,0.967575426100411,0.713158018307973,0.894471539859752,0.834528653458907
"3972",0.953938299614121,0.974118493419149,1.01822670342828,0.932640739947524,0.894805645401117
"3973",0.881168028723423,0.894940600568746,0.762437108960979,0.714709044924151,0.752748180811719
"3974",0.957466302607524,0.894296098285055,0.6444218952664,0.903510124063549,0.628982724318442
"3975",0.975838781484127,0.854220891895859,1.01686068579277,0.930485070621095,0.693355849492554
"3976",0.966629713792699,0.877771864689681,0.948769662794613,0.879937579880266,0.650842434123337
"3977",0.975269936671314,0.909194693188594,0.917193019579034,0.855810204131383,0.707166254611731
"3978",0.937636089459343,0.987032639097469,0.56325330740205,0.767886170338411,0.939154339851521
"3979",0.973385816194905,0.983775322999727,0.766235604981379,0.734359831050825,NA
"3980",0.976459795204885,0.950690909496539,0.916457724482174,0.856549567056391,0.936135587457341
"3981",0.987189744936404,0.902883411339655,0.866410791864346,0.711659539831064,0.766690763550608
"3982",0.865807341146402,0.870163566205556,0.926710920241054,0.841880609025776,0.772640396992467
"3983",0.863580642386219,0.852941887672319,0.971572078519834,0.712944336862937,0.831948359517949
"3984",0.951659290390027,0.982987681826167,0.813648579892077,0.86141721030209,0.635706297040904
"3985",0.966621575741417,0.900502361798742,0.830995066803028,1.02559922108198,NA
"3986",0.91924582979401,0.960204237010385,0.870464728179667,0.887925292516591,0.749285896585104
"3987",0.918382993548506,0.970077987682583,0.999656849917357,1.02585520054261,0.888897627763706
"3988",0.959916971409018,0.902951405438453,1.0071646333939,0.91909418144928,0.796942768539561
"3989",0.945273558777799,0.924493461911124,0.839598309955405,1.02715764959345,0.789285050928017
"3990",0.968696747507439,0.995596131781327,0.889418218963735,0.735193342474405,0.946541482127038
"3991",0.950708557147369,0.966643368139789,0.872478102247823,0.820966718637362,0.601209422793802
"3992",0.96513242924796,0.783636822760119,0.909979158428537,0.757305489410967,0.774915345526275
"3993",0.954443258032132,0.914814632137114,0.589975563255954,0.638589819653712,0.78924272683799
"3994",0.969044282349542,0.941889515262829,0.86778013962087,0.610200805965054,0.842026589142668
"3995",0.865507009427419,0.98171092587102,0.965423921529106,0.911355682206773,0.603782528496744
"3996",0.966359567991013,0.98333022708656,0.843216957363619,1.02731128550115,0.61054423560993
"3997",0.954097180379777,0.976498927596373,0.966509317702336,0.956121752107442,0.940549179545651
"3998",0.974154907399049,0.946332046087327,0.716623861346896,0.923949774347245,0.464356671638105
"3999",0.858117110326966,0.912440954862295,0.910189571638059,0.794398338024733,0.742114575145984
"4000",0.792934826345554,0.980253555234068,0.918780800834273,0.783206494780047,0.71936164812894
"4001",0.970879513997037,0.905376834384067,0.749356651141116,0.714870679109204,0.82364189800299
"4002",0.942969283102066,0.860688559678384,0.843240535272652,0.811763631134763,0.771692573099264
"4003",0.98552479523185,0.944777598986579,0.993425738782824,0.737927341298016,0.866382907835482
"4004",0.958314515153198,0.867999515222828,0.768178610168548,0.621413968084527,0.695600293997503
"4005",0.954273873578033,0.994819546588528,0.903111869679569,0.606576781776797,NA
"4006",0.857479349665809,0.915193302209256,0.878629264585558,0.639662879770077,0.640724491473978
"4007",0.948524849294864,0.982680116980186,0.859878171856716,0.885539533852592,0.799350018585043
"4008",0.928865820767819,0.848896876132399,0.786211527492756,NA,NA
"4009",0.921974720258288,0.986675009278132,1.02506452044895,0.758438029349469,NA
"4010",0.959522758034175,0.974307037891387,0.499591692910815,0.841394291451442,0.908920067011808
"4011",0.854935352190624,0.990383034907699,0.805391915488721,0.780349005176795,NA
"4012",0.847845247769228,0.972652864519883,0.813186647728405,0.839338391195571,0.713132473077576
"4013",0.808836150734432,0.990388086406278,0.791101052025127,0.831553236687816,0.598942105770817
"4014",0.88891751930435,0.931465892979945,0.874565125951358,0.804547870665544,0.791945682223725
"4015",0.967790819506037,0.932176824159107,0.956209599921526,1.01338028309297,0.536625246182269
"4016",0.952535320566763,0.97927458410455,0.928330647756414,0.935155729954492,0.999951266829457
"4017",0.983692773990714,0.977854973418457,0.929238334175889,0.816335678948102,0.713965901398402
"4018",0.976329986146618,0.923844200772809,1.02176219445244,0.739202939483909,NA
"4019",0.960029516175685,0.967982298571016,0.741249524315228,0.882058696708619,0.640659173134797
"4020",0.956280444972744,0.848298719899416,0.815900562733423,0.842687220046445,0.798147128180997
"4021",0.965306348976415,0.834900295592076,0.956906010522677,0.885925040453787,0.76548671424109
"4022",0.983106589327607,0.963857612494655,0.944857521623959,0.850038289760068,0.702406659971401
"4023",0.978858431411824,0.98596567401885,0.738755398740968,0.922225046759794,0.814361522604667
"4024",0.973415174262052,0.845701021417155,1.00742896375244,0.823919397766925,0.798289793348699
"4025",0.941939369519649,0.875045506946226,0.896867156552479,0.693461796428265,0.853034944799037
"4026",0.98116400521059,0.952843674992888,0.82961442281373,0.77709433449308,NA
"4027",0.972548048919594,0.967451231845915,0.830320612819392,0.9274538992457,0.913215401189613
"4028",0.961157644276938,0.977107138387684,0.840969904385463,0.817588848941276,0.690328010398499
"4029",0.949724908877258,0.981992756051608,0.823450457049472,0.892596169253357,0.918549217196103
"4030",0.969339666823423,0.944195387198194,0.886264941856113,0.757079100809076,NA
"4031",0.979016806393723,0.989605430918725,1.02032292995622,0.919973940455471,0.727478174357381
"4032",0.905518575275696,0.984364559179885,0.689064886877259,1.00497655584585,NA
"4033",0.967645705676392,0.887607046963442,0.997792739118079,0.909331641931682,0.645746442971422
"4034",0.913696839827038,0.957644167629565,0.901912643484558,0.487882635497338,0.698177293459791
"4035",0.971312586266021,0.903939101958129,0.87343254063815,0.795251656404956,0.793672684206814
"4036",0.853190506771432,0.995918830054332,1.02700675762884,0.997263750112792,0.867811956122648
"4037",0.892430195996337,0.908245425760891,0.89370911722204,0.946464707265452,0.790816585120687
"4038",0.917263879323245,0.900303261968964,0.825138766972826,0.939233486301179,0.758138332194664
"4039",0.949384869616567,0.961927310728725,0.835177635427942,1.01461064221826,NA
"4040",0.822849905283567,0.833766408009418,0.961700718919313,0.836963845988438,0.671599818028108
"4041",0.951512544991675,0.932109997048911,0.922182558231393,0.764689959081838,NA
"4042",0.87726087423007,0.978750713627613,0.919206051795735,0.925136599444692,0.722116920836261
"4043",0.978394367446367,0.843053217809001,0.672284431359309,0.830909697890871,0.791020189737061
"4044",0.973802001143829,0.97495064492123,1.02853027914899,0.786371117455363,0.719458835410921
"4045",0.964821050130575,0.989957307234542,1.00164509342921,0.883805438824246,0.710217747712829
"4046",0.969346988752292,0.876155969161028,0.734994026368867,0.687056085998535,NA
"4047",0.961253742052551,0.992652688886447,0.906775143267103,0.774137220430779,0.701717595698729
"4048",0.886250455456385,0.864286739809362,0.904325838055392,0.891594279963738,1.01155562230872
"4049",0.955023009833712,0.906377917664995,0.814135423882118,0.749905910634455,NA
"4050",0.913188866245813,0.926205423139345,0.98180927056218,1.00325987570537,NA
"4051",0.975190197156559,0.97152170397069,0.951715840005443,0.868371146207364,0.645616725920541
"4052",0.96193996849427,0.893908063137623,0.831338732415462,0.817325374076321,0.703220927618475
"4053",0.967501233931259,0.910498985865926,0.936186976331099,1.03168826379246,0.595049772272116
"4054",0.981937592287079,0.955660857412029,0.928971070087127,0.705718624675288,NA
"4055",0.969856345293793,0.914745040390446,0.911432854561712,0.93595465987046,NA
"4056",0.979241003009243,0.978511847143788,0.800241165458517,0.847536209555926,0.91593059148037
"4057",0.967315067988274,0.986922386974962,0.915094711063819,0.921262664007589,0.914423720449911
"4058",0.852183843059428,1.00093690984493,0.847547083701488,0.864023091311135,0.725126522900742
"4059",0.934649755134059,0.805304199178385,1.03858332482664,0.724263979256518,0.871024033406186
"4060",0.895677573512074,0.890188948591241,0.795633292333527,0.83552886114115,0.725539056576469
"4061",0.945901872293768,0.997434273499835,0.72681248416839,0.747712458677988,0.915586618162172
"4062",0.939254911763833,0.974812990569581,0.867399222460729,0.916695673914236,0.546413465593587
"4063",0.975387427519091,0.993643338413938,1.02288964087811,0.855537417931428,NA
"4064",0.897882610547715,0.986857787399886,0.918461617197917,1.02528002729721,1.01857856711998
"4065",0.854837590421554,0.775973991065615,0.832251672134597,0.82606482814183,0.655695543101378
"4066",0.966645030583677,0.830080968598116,0.704781259479218,0.769912428590003,0.584161441417204
"4067",0.932171641673944,0.977320937056656,0.753331457235448,NA,NA
"4068",0.859459911490996,0.997441548611771,0.907387643498374,1.04294970686111,0.567678360861737
"4069",NA,NA,NA,NA,NA
"4070",0.992614636907537,0.988728549764659,0.917115032112158,0.869281720369454,0.941253768937347
"4071",0.968415376721342,0.971419532806593,0.871994597045614,0.912899762553122,NA
"4072",0.974727025039161,0.971798261241062,0.702553707614674,0.859005143882221,0.58655645929845
"4073",0.971308292473083,0.973983274965465,0.891560668196027,0.863735212859849,0.744499023682766
"4074",0.97587589850052,0.987116352858898,0.98073465646798,0.810861166939338,0.574473521035142
"4075",0.921130246879935,0.909053627641024,0.872402077027829,0.751224872739623,NA
"4076",0.963635589969327,0.909777217391165,0.858379650294213,1.02368097875422,0.812279879242362
"4077",0.968677678709139,0.938260670175156,1.03667108746773,0.989799162216041,0.782404360816642
"4078",0.964020756772736,0.883318785137882,0.667973463669336,0.601961606887568,0.535545520455267
"4079",0.974929043842108,0.916215362828288,0.882652923663089,0.876559824128537,0.976940996469379
"4080",0.973102453921063,0.985195362249566,0.823928059446378,0.917348891036146,NA
"4081",0.858431968986877,0.765767974852703,0.790629519245096,0.742598078147007,1.01599639819453
"4082",0.930006177019448,0.957674944782485,0.811144708240425,0.943301137831575,0.643101564307118
"4083",0.94556212700916,0.870504274047764,0.824080216723972,0.682994833479112,0.654884125127212
"4084",0.972754153399524,0.74206616300835,0.844725770194083,0.717199700402771,0.805574443760109
"4085",0.966558118058133,0.978756760402209,0.718894097320247,0.843165645285486,0.68097146772609
"4086",0.986414741615376,0.961123099983159,0.836847824600744,0.768047348601442,0.888197695227173
"4087",0.945566752339487,0.932606632751813,0.883744298560568,0.87105952939155,1.03094407670785
"4088",0.969816481851637,0.907748491696058,0.806255058728201,0.741667793575329,0.733417953136628
"4089",0.968677713222846,0.7442006760881,0.670473607648744,1.02342772021278,0.909174549041211
"4090",0.907421545256033,0.917020590129294,0.841265309682696,0.907317643987086,0.802409619727775
"4091",0.874679070103194,0.979610269747527,0.818156805095417,1.00894427517422,1.0251351894792
"4092",0.967633282963607,0.983320486121565,0.870972518077754,0.716821565906174,0.818893306353113
"4093",0.878240487360024,0.95522583112237,0.777200935509029,0.711261081798644,0.74558379814497
"4094",0.971811805596821,0.939685983024074,0.719963929217617,0.831953167187577,0.557505455107018
"4095",0.869319757293397,0.922959536917922,0.661778219325602,0.890394447881404,0.809327894665562
"4096",0.951612351918106,0.994099441116581,0.83991406132026,0.876678945494919,0.73984497494163
"4097",0.865850200644743,0.912263955702502,0.596868653779561,0.962511004897297,0.820250538546542
"4098",0.916756789933635,0.994892497353767,0.849778833064718,0.942449096696546,NA
"4099",0.983179537603905,0.990070543124849,0.874458105200835,0.632484302607807,0.89785728650378
"4100",0.986150273237684,0.954180922680635,0.943650991999719,0.915102071618651,NA
"4101",0.935333942491357,0.981813478020124,0.808817134904306,NA,NA
"4102",0.875602508978364,0.929575792677834,0.844292136067683,0.63884207292604,0.708105498031567
"4103",0.909569273715967,0.98305119624245,0.82266660065395,0.877612770653856,0.85241289831419
"4104",0.935577422304244,0.920688144984515,0.875875378880389,1.02540684577828,1.02191735383937
"4105",0.965187272860179,0.943514723217633,1.01488084960855,0.959600667064738,0.743124233767441
"4106",0.93903398581049,0.873968582000376,0.849373805191873,0.871908077227669,NA
"4107",0.976017524546473,0.879768103563014,0.94246356754953,0.941816899018934,0.677024444086572
"4108",0.881846306511424,0.994875588863298,0.984762507127461,1.02300721848535,0.813964606563689
"4109",0.973945785816582,0.940514579050185,0.677366258172091,0.783232219772458,0.585047706239074
"4110",0.949797714600679,0.872407851834133,0.722078561898793,0.855975040262251,0.757488915611343
"4111",0.961945702266138,0.842836491778544,0.923065914006221,0.831488924853245,1.02624142838755
"4112",0.98070827970786,0.972914944806582,0.738506520121587,0.653867985019132,0.77904363606016
"4113",0.954605654831051,0.988515103199973,0.84114381065653,0.84013200816503,1.01779274603367
"4114",0.943040150721566,0.764368432520155,0.779848494347929,0.822261668992535,0.765054328319408
"4115",0.929890940022956,0.965764412140909,0.971145167894941,0.696749823553339,0.821439482868963
"4116",0.964945510278243,0.95438226206007,0.887299045113127,0.982270683471093,1.01838540498837
"4117",0.941546235487527,0.787227364099314,0.744282127074688,0.852746290880412,0.75773916987267
"4118",0.763179232395921,0.978349656687288,0.972761109977488,1.01702351181489,0.75405183060666
"4119",0.894655785808832,0.986862904393869,0.969127961994307,0.864888780947899,0.516612738951409
"4120",0.851069519790404,0.978508105175726,0.763257100085719,0.863408361721153,0.949803661365993
"4121",0.893625783778174,0.921154546610167,0.785042294034737,0.989534817263496,0.921077300112673
"4122",0.953493988663175,0.887345062714965,0.863087795427091,0.963237057131944,0.804943375214181
"4123",0.722235696861627,0.885122911799341,0.624118267830828,0.849308442034394,0.548710711708671
"4124",0.968473510542972,0.97860871150033,0.826216384877566,0.821832053216016,0.63928984048026
"4125",0.949684718235259,0.805285923853536,0.933843887724181,0.924223774252379,0.538656651642876
"4126",0.973978474707524,0.976397627432363,0.906610779696385,0.752636321209342,1.0279401981658
"4127",0.980852095386393,0.920080548207576,1.03004735047233,1.01497694800453,0.567034514446439
"4128",0.833500485753897,0.815962405267056,0.810112737644433,0.828734886292731,0.586129245930458
"4129",0.884208447662041,0.957840487525212,0.647671016997029,0.840761158169022,0.764476116991042
"4130",0.981131295170804,0.888418655938848,0.969140321475754,0.768803493621369,0.869266733498769
"4131",0.814553202211985,0.973975513209762,0.830104711120537,1.0175997814181,0.821004308023861
"4132",0.971440251929355,0.981898495607318,0.95206470175691,0.959300711204433,0.814999035784074
"4133",0.927295792587724,0.868898379058654,1.03519817909299,0.956940696762799,0.825705381890092
"4134",0.965869675814926,0.859982164027098,0.885210006456135,0.926329787895714,0.788852130115942
"4135",0.898572680464757,0.96816822700302,0.774000426983326,0.865363776988702,0.699450752980017
"4136",0.919015246357501,0.912368828244476,0.932717551438961,1.02350321593461,0.804077770676138
"4137",0.982087122466677,0.962836986204484,1.03394464661382,0.837126313182628,0.608611576786049
"4138",0.982277921298739,0.967340451953438,0.961488088553177,0.854036129220923,0.722320742345713
"4139",0.827843811410945,0.918298996498854,0.927316822900149,0.810007764557262,0.887080102973094
"4140",0.806238319087952,0.981756175002627,0.958123751094241,0.784161674618308,0.798389763571029
"4141",0.923064059575125,0.955181052903654,0.857420836095756,0.763848482271235,NA
"4142",0.97716284400422,0.920615384288756,0.944668189960568,0.878088454296163,0.693225154870329
"4143",0.961623122644581,0.886656273557635,0.88056350268028,0.721719556101035,0.620643621891582
"4144",0.974878479347524,0.989107001032404,0.947628823794334,0.922513474049822,NA
"4145",0.967017171193906,0.823057961369217,0.817996089218637,0.867560186973384,0.542117157308877
"4146",0.958630012028167,0.961401379055038,0.865926499079898,0.75096094100773,0.741141520980128
"4147",0.801456342573805,0.99551676174192,0.813406180839247,0.827533620649825,0.957936947360054
"4148",0.954687949310535,0.832989523385533,0.980274591949815,0.953128690402337,0.885608067522469
"4149",0.976472991632546,0.955987170366205,0.719581301885257,0.859419531320774,0.686981336621509
"4150",0.962772485908791,0.9698281901272,0.797489500632843,0.90009075046552,0.664128113166066
"4151",0.798448798215873,0.888272577574854,0.776064672308351,1.03420675920917,0.552239789306639
"4152",0.972536926513042,0.952743435754337,0.898990616425406,0.869749870032423,0.681080747599007
"4153",0.875421737747006,0.974196866729201,0.733470075193608,0.744862942230606,0.528961306707254
"4154",0.933004277194247,0.983964348003662,1.03467017185935,0.767789186361779,0.711343600527559
"4155",0.849285832489914,0.816017723805869,0.967638578049867,0.760822933103834,0.898931027356624
"4156",0.830663946977191,0.99040310352529,1.02961380420349,0.888504546226831,1.00181991640222
"4157",0.917653449074001,0.916137208801364,1.03840167290253,0.936369541667622,0.562714254971363
"4158",0.921810508295074,0.909548470135584,0.787348928822568,0.808994113842732,0.757633183930561
"4159",0.962693194806398,0.989061622228736,0.85860336908596,1.04153656904101,NA
"4160",0.958907401370569,0.902755967914331,0.761279244031054,0.851021782051711,NA
"4161",0.898043536311312,0.975319047647585,0.709604721936823,0.931704443331895,0.965545232002393
"4162",0.909671408726955,0.827956707204534,0.900970253328792,0.929190627927902,0.959265377993427
"4163",0.965259020457015,0.981076721804295,0.89936929941553,0.783740749590654,0.910029142248101
"4164",0.96876160302994,0.86661021095616,0.804833009670158,0.738702000418818,0.72864529831123
"4165",0.943726603691095,0.960594339342606,0.912260317355262,0.84486465496957,0.801535409822987
"4166",0.89831104221603,0.984673358120662,1.008314278506,0.804882455487618,0.813288995308295
"4167",0.956566627199214,0.905136250375461,0.817903987710619,1.01234996780064,0.540207857791003
"4168",0.880575504856285,0.970373622279476,0.870377112206229,1.04081391168957,0.706080253976592
"4169",0.974300532729594,0.973682636450098,0.73962053283366,0.944313485110041,0.610074066392619
"4170",0.966406516709031,0.999127489241677,0.840935796166293,0.92953851114622,NA
"4171",0.915032941154219,0.9700821996287,0.805903081173019,0.881235251675197,0.702511788816949
"4172",0.979309898619775,0.980198437574461,0.790152765221324,0.894709575805745,0.880901305852406
"4173",0.977428498056706,0.850090472726234,1.02139550680858,0.930177325266133,0.785033377139039
"4174",0.960976263029189,0.983731514971651,0.897139004438456,0.716352087404161,0.804193713115476
"4175",0.937787585686353,0.893322968311542,0.813659860591294,0.916408586702321,0.792361186787463
"4176",0.940851696187881,0.877995555148384,1.04063094012777,0.936344802023416,0.887972330178142
"4177",0.946616072981922,0.981061262318064,0.879809417569605,1.01664163850392,0.854324213831312
"4178",0.886724533852289,0.981125464919864,0.87184193519522,0.931571999228488,0.565892483620533
"4179",0.920792427201264,0.979682129139397,0.931250497304788,0.807089497770985,NA
"4180",0.978325132854559,0.941696709727908,0.967410327312566,1.02580932546133,0.500001387456889
"4181",0.960112524747753,0.984128390936442,1.03847236722377,0.745127580225183,0.597334876581749
"4182",0.940194139447867,0.983000369339979,0.864838932374088,0.738615907085654,0.560828961133372
"4183",0.937614296481643,0.925608517982416,1.0099818999114,0.833515867879624,NA
"4184",0.959320296598931,0.961410940206429,0.698114071527595,0.870549396076002,0.611363328498772
"4185",0.980029929018241,0.962878282143359,0.993752259530623,0.859029057429526,0.744807510738878
"4186",0.951979680102595,0.985940100112672,0.708128793451633,0.776247949505956,0.843204048700129
"4187",0.979286763650608,0.902065627909345,0.65624965707321,0.860138361705034,0.743659395311157
"4188",0.877098753245255,0.940113612500758,0.594277658575107,0.640525657611455,0.601336937261373
"4189",0.925527933164655,0.782831499718148,0.968058839933875,0.795408067566464,0.666127403210342
"4190",0.968977334139018,0.981271508004043,0.758378385566992,0.93062624863909,0.951915865460926
"4191",0.962435624792135,0.883328306857324,0.721248408533129,0.889568833207209,0.612804491044965
"4192",0.977950651069806,0.791431859487285,0.62799290069903,0.934051637289381,0.767424122704029
"4193",0.959476714525984,0.890304521996219,0.852830119457074,0.595375120598594,0.810647652740133
"4194",0.961828076170136,0.873346753580892,0.83224246610391,0.897773473283606,0.782553633432036
"4195",0.896441545576155,0.983947384885227,0.974596766372499,0.854529553635452,0.690701515262144
"4196",0.962809093872741,0.673262774689038,0.956156444306981,0.810269680902584,0.881112598747848
"4197",0.872217265959618,0.881087812923157,0.872753740048383,0.896932308877181,0.815670369088987
"4198",0.812259149397369,0.954454627300198,0.733429522509984,0.916489704757763,0.798598929856298
"4199",0.972647381685362,0.986114510105032,0.848162553367448,0.88307083244465,0.761723095175779
"4200",0.880589766744895,0.993728514188859,0.732524565226482,0.879712280686538,0.805473053107552
"4201",0.912872927492288,0.829960425537156,0.89080266244313,0.921304292465099,0.889306158530701
"4202",0.808257053498143,0.858272750451599,0.829361251604071,0.763671105139704,0.845099954866632
"4203",0.912309426476086,0.925211610308958,0.76497262406957,0.947660690245642,0.697706596698874
"4204",0.930637448133097,0.867973591583043,0.809262316995231,0.767033288710792,0.668874033827137
"4205",0.892667271190388,0.859534538417089,0.80936735958634,0.787051948610032,0.906371245828818
"4206",0.951176426690889,0.967516321610305,0.73749636803001,0.913006583516658,0.623080866461809
"4207",0.981082538145276,0.974535592685462,0.801587950242565,0.781755912256565,0.973929323838887
"4208",0.949649524220187,0.921244088552355,0.811048146485791,0.750636711063101,0.934867531220921
"4209",0.967169572895756,0.983432137782189,0.808741258093351,0.809110488246125,0.752883302243058
"4210",0.885040368288202,0.956430376026336,0.776775390852024,0.903274577880124,0.717511556845772
"4211",0.934289406363537,0.963138972435483,0.93767884162113,0.619939935218395,0.843870219906256
"4212",0.966921321190719,0.980530022482459,0.954389142806098,0.969455801325547,0.701215344404987
"4213",0.953947091633523,0.668874711410013,0.978230397866512,0.878153490053167,0.797827535249199
"4214",0.981007598590256,0.985140197861115,1.02590901403924,0.820271890318257,0.582529106256401
"4215",0.887639499322364,0.988982360838305,0.857344542168248,0.71015066225191,NA
"4216",0.937774338738215,0.992856809334996,1.03568480828039,NA,NA
"4217",0.961462849758643,0.894568027873898,0.679968362995949,0.756924762750353,0.579239632711711
"4218",0.963104637989189,0.964323249587903,0.895733992826232,0.821970636608516,0.567368196138499
"4219",0.937312499513768,0.876546222163439,0.804674566484709,0.815436154362493,NA
"4220",0.964105575002552,0.987382195180478,0.774254368405215,0.838763524375948,NA
"4221",0.961281785064907,0.97065635237091,0.940947395647098,0.711677025581798,0.911438299280841
"4222",0.9856474013601,0.894678151121038,0.651707488615831,1.02553570818378,0.916472088793058
"4223",0.9037428271808,0.975283357427465,0.929897572543249,NA,NA
"4224",0.97152203641524,0.983537232993838,0.769258538796226,0.908427992530695,0.664601591289878
"4225",0.975422553427234,0.97743202242786,1.04457266732933,0.810095967882742,0.720570710058218
"4226",0.850731712412613,0.971122174717769,0.873005561625406,0.878719154234056,0.737718963334746
"4227",0.89253929792408,0.982175816571574,0.964978464936156,0.879632034360023,0.796287912833396
"4228",0.831156450146614,0.993935530899113,0.648367239753364,0.939293371440351,0.727598968384694
"4229",0.975239288143563,0.921457834755414,0.779431541577801,0.861599996819303,0.820545767661914
"4230",0.910914587716679,0.990650208794112,0.811000249626577,0.716065084543103,0.710468233207193
"4231",0.947187145637829,0.96473192652168,0.929428792233541,0.911968683414193,0.721659426394721
"4232",0.922508766890617,0.975136318707256,0.676147261127028,1.02153808920353,0.81860109893382
"4233",0.967887052494082,0.746329857825154,0.874045878726907,0.860756681903155,0.759023072427109
"4234",0.980551386193124,0.919426289681758,0.668488126985077,0.949432585937382,NA
"4235",0.972238031581044,0.866490887358971,0.899332168847547,0.898432073073279,NA
"4236",0.975367051173377,0.828428447528653,1.0042367902593,0.918477015461592,0.737110846608962
"4237",0.939144436205721,0.914076662152849,0.951585522382891,NA,NA
"4238",0.954129589732678,0.966140949366101,0.749922577706036,0.903292462129944,0.628052593397615
"4239",0.968673687001675,0.842308362860311,0.872028812830912,0.868869328732567,0.925813556694798
"4240",0.947373197410765,0.796906100846746,0.691938592752622,0.788518739750231,0.759908101106384
"4241",0.960997900912333,0.854038010891005,0.843137615552556,0.798622847863076,0.598486302987341
"4242",0.975711872580836,0.961681322234708,0.827294767896005,0.971754983183229,NA
"4243",0.871670907662882,0.879291432495293,0.708103206171319,0.933984038728322,0.712827599373349
"4244",0.936416351510993,0.983908103076641,0.798596972516182,0.942475246463898,0.539293101471423
"4245",0.971533959954816,0.987816875165251,0.880742864409603,0.831933052234495,0.974873193595979
"4246",0.974892144326138,0.974812040078979,0.897277704741267,0.889076650082114,0.823514819051949
"4247",0.973519623328942,0.987448121398048,0.939826431791341,0.759241503793788,0.547775940155662
"4248",0.94930395664629,0.913549495929815,1.01306496537228,0.811612847095318,0.610359149537607
"4249",0.95033493788773,0.992257743125622,0.980504154687562,0.681603345951302,NA
"4250",0.950830468949134,0.989946590091722,0.936243270892996,0.943744427014865,0.724434307002369
"4251",0.974212073668451,0.889907387381792,0.800205396178414,0.801776638310516,NA
"4252",0.972905122250629,0.935803111554618,0.892478738969494,0.835549277451814,0.640249290253623
"4253",0.849064741144385,0.844338632398269,0.957751433224082,0.678118016135255,0.530529968056515
"4254",0.961886281664278,0.927247255740666,1.02536079318538,0.626804649379195,0.952458145098323
"4255",0.939364954416416,0.822427499519778,0.726987179487813,0.759669866497611,0.711334391386467
"4256",0.870338181492321,0.977929769425531,0.761471496678923,0.810408123894767,0.796537768648313
"4257",0.950622142421993,0.95554231108565,0.669402939858799,0.732151521624545,0.794655768752439
"4258",0.975456278458861,0.931288784766002,0.764810510904657,0.807192577172308,0.783237592649617
"4259",0.901090939513127,0.799445985116666,0.752535452506003,1.00888552020373,0.854208651225516
"4260",0.944909957521114,0.903021974703337,0.824695612595721,0.903599252674456,0.616908650637294
"4261",0.869297338953794,0.946933411234042,0.952109337347537,0.816942962649759,0.585965277010806
"4262",0.985727355629036,0.838855015048274,0.807582166441198,0.860845218021879,0.662519421575948
"4263",0.964392938976955,0.987099557483291,0.845183630016001,0.974212150101774,0.679350913338681
"4264",0.970145939613411,0.871839291791587,0.801438874387994,0.90474502859078,NA
"4265",0.845861108926194,0.965640011797436,0.766736365999229,0.869807708952819,0.658055323174435
"4266",0.964382365042197,0.934686269751793,0.922571664012442,0.937358704844317,NA
"4267",0.932997295398306,0.980471496947642,1.01096374244758,0.931597170807818,0.84789184879534
"4268",0.833806954906202,0.86489930870531,0.941048738078896,0.740954212085654,1.00161552311186
"4269",0.918115179229693,0.985229855211519,0.839452118621341,0.810438512274387,0.848876531634124
"4270",0.871037382074745,1.00325553942294,0.789904138960064,0.934522604767443,NA
"4271",0.956221876739478,0.989980236250048,0.926227539963202,0.816689158280901,0.664271006760298
"4272",0.965703604658153,0.94777989593258,0.957149794006167,0.839529504020919,1.02576187900641
"4273",0.823894945409097,0.993028197627426,0.968036267817828,0.675543972073568,NA
"4274",0.969049694751141,0.903725579356591,0.9072522876815,0.853944974929918,0.861183985826223
"4275",0.972634686863776,0.974966601397391,1.031072967399,0.715893533863219,0.681128071695042
"4276",0.908351083716302,0.949431665857457,0.983539827577632,0.818088736642865,1.00510990759021
"4277",0.845952723913454,0.736203108305989,0.861835255571591,0.841556940532001,0.706899542234363
"4278",0.947057721949502,0.844075802802119,0.678413586409013,0.886104395672879,0.705335339627786
"4279",0.973752412270845,0.89103627041817,1.00992200746298,0.645982174663014,0.607847761087693
"4280",0.970616422786919,0.97603156997948,0.828684468085885,0.833116741603489,0.641376141348905
"4281",0.930775878201355,0.987928422042356,0.856366615363706,0.710015454501671,NA
"4282",0.962514275540777,0.983497293030624,0.741604574593782,0.777558221010985,0.760691956645284
"4283",0.926795545619003,0.987687659628089,0.754224286171572,0.636269477228516,0.557256820305209
"4284",0.97700801306745,0.942973219902188,0.794209481484797,0.714868088333808,0.872049671730586
"4285",0.916083899063127,0.913622143439265,0.923902486923331,0.897104733737854,0.644992976709065
"4286",0.927647348900924,0.962572204355017,0.719376561644682,0.798199410827368,0.922690094771812
"4287",0.971269123152203,0.982401775658443,0.718156442207809,0.934677334860867,NA
"4288",0.806073966153092,0.840503815616703,0.920031949266787,0.933485239409526,0.94226192135157
"4289",0.973579136568816,0.944610152316208,1.01752672502564,0.831158564254364,0.68491145658291
"4290",0.897064682014709,0.991886275306748,0.877259942176361,0.791783948980716,NA
"4291",0.978272844284992,0.971704354027376,0.781958123810722,1.02789011911166,0.914690294006426
"4292",0.97879337317281,0.97546583672532,0.598836922053458,0.773312951970064,0.875508242153348
"4293",0.946427293148681,0.983968076013849,0.953895496023963,0.983415878989329,0.598841896533445
"4294",0.974903784065023,0.958830937496169,0.928398781041222,0.848132466433636,0.72090230474756
"4295",0.946430094696483,0.936897208251304,1.0118519600592,0.893496636682423,0.60396169612117
"4296",0.963583757416492,0.888390735898454,0.674203051217063,0.810933193128584,0.710888705819941
"4297",0.974748169892826,0.885178647086259,0.728320469709739,0.60651345644404,0.887955803161724
"4298",0.97054771015708,0.984499029778039,0.621785188263613,0.995081693950944,0.801164043033715
"4299",0.900162664219064,0.878375541323444,0.777745096927285,0.746353411401475,NA
"4300",0.940200013999805,0.867027034249157,0.948206124039822,0.960004956183658,0.906480738390002
"4301",0.974461834379663,0.932566576563038,0.931182044544784,0.889413868035822,0.848483888422136
"4302",0.98251130969161,0.971552048718593,0.890416387613262,0.935722228171683,0.938739175733313
"4303",0.904181197153268,0.809326707465188,0.8454127762737,0.844408410403266,0.853885020012254
"4304",0.890104628583995,0.868555615948889,0.892285444569275,0.929140255166238,0.659914657710902
"4305",0.948729579743744,0.985364430133485,0.943540779505754,0.743486485683807,0.718270840425471
"4306",0.978912135867767,0.980675476917444,0.968381833991741,0.772908258390676,NA
"4307",0.96374332205073,0.881727920713264,0.885322187078888,0.808738139986003,0.652518953412583
"4308",0.978175015275128,0.824800560181145,0.982842270193907,0.832922841401369,NA
"4309",0.971888543884165,0.967652106750859,1.03543943485627,0.986684574475142,0.667538952377444
"4310",0.95127545193307,0.888059615820265,0.889940984575636,0.743923186846662,0.788917848580367
"4311",0.961265464251587,0.9126934905726,0.907899778159273,0.726447108570143,0.728900550897815
"4312",0.955894667105802,0.887762595026261,0.710950795251303,0.808828700479269,0.551211327340108
"4313",NA,NA,NA,NA,NA
"4314",0.973124809985798,0.986551741831739,0.959511697603412,0.987555963027551,0.718767261593486
"4315",0.967206523160057,0.996141516077246,1.0261996176601,0.906364169806846,0.608226990000367
"4316",0.895544812697174,0.952431344591576,0.669257788371605,0.703923195933892,0.743847295056409
"4317",0.907424148144681,0.957483006336795,1.04401694164856,0.770165260606573,0.790080748907638
"4318",0.971002331035683,0.963184917322802,0.759994167245207,0.895545149362247,0.715988314275314
"4319",0.950277142315236,0.883322363994435,1.00245342357132,0.837360733829916,0.726166046122516
"4320",0.935102889385843,0.980902164082172,0.796809898861885,0.832962166332042,0.725700965882543
"4321",0.955462923326837,0.972213283421106,0.870646714222429,0.758003035842721,0.591430562044457
"4322",0.959353243566781,1.00188613129637,0.893052720642288,0.895666894804151,0.650889166416859
"4323",0.899172173402871,0.891815051881669,1.00513657203165,0.906074351592338,0.799494962444213
"4324",0.874819184716202,0.926210035819802,0.912991044110209,0.640984546090714,0.869425072626313
"4325",0.914951779511278,0.872694275006244,0.716221861094929,0.904845296007915,0.807243257833959
"4326",0.964147891959671,0.966217083158203,0.872242135411174,0.971990560857044,0.882473235581914
"4327",0.9625263781878,0.91338853814097,0.783200521949395,0.778857359638293,0.77745278966915
"4328",0.914881208934218,0.879260288054207,0.860244257316993,0.921332787939398,0.716678372058649
"4329",0.99189477618808,0.937084610287677,0.761821085543674,0.958940528448166,NA
"4330",0.796068825530964,0.984895891900509,0.943894732474491,0.674543903699744,1.00383418577093
"4331",0.960508097550997,0.934181530343928,0.83498949586529,0.76573807020692,0.7413547787895
"4332",0.878612418910732,0.972468111771632,0.786438547460804,0.867190623371844,0.685187493591431
"4333",0.850227087915925,0.989883766895491,0.826518843360484,0.823025115593622,0.672225142546117
"4334",0.980200106256824,0.904222333943395,0.783903416488596,0.910594627144548,0.7293723751472
"4335",0.98168548027528,0.735705532066217,0.833428214557904,0.865632522075229,0.686109599611072
"4336",0.893026280612094,0.913810748121467,0.955610776464393,0.787244831710537,0.692293911706314
"4337",0.935105072928658,0.877896943252277,0.950857632284662,0.791633777386819,0.64882754348016
"4338",0.607527615300493,0.858291866130961,0.617210052019745,0.988722914348172,0.93346906836054
"4339",0.907967043818291,0.919244916418297,0.880662079417592,0.837719992294558,0.74976290181274
"4340",0.834592187076219,0.916846142892377,0.948352540064947,0.988249289119402,0.726702472666008
"4341",0.948657332884161,0.976084514960921,0.79986766097486,0.867133647654304,0.808261038207167
"4342",0.76881738735845,0.98038027232144,0.940956131001995,0.925402580274682,0.760308274667385
"4343",0.865902428060621,0.986328671643767,0.966400716897052,0.600678148991205,0.7710276890752
"4344",0.968358895280567,0.987598691808472,0.878955469989687,0.832168393572757,NA
"4345",0.910301514288077,0.869070625308338,0.80357543226655,0.614335125697426,0.909517815273862
"4346",0.976305852660295,0.9684487770351,0.751777891503573,0.886930081551558,0.67749460058429
"4347",0.944278648348381,0.984390787477627,0.946654357706016,0.880667456632798,0.728956958078086
"4348",0.99036141823787,0.91026407847466,0.931948408307929,0.849497051928046,NA
"4349",0.963952632885926,0.980507838928503,0.862436356070459,0.794316097847995,0.738473657691564
"4350",0.891750884575438,0.965967295864004,0.876627991192199,0.815929022245523,0.645115293056283
"4351",0.902549139372622,1.00399171609633,0.720980947857882,0.790635800891734,0.643447730762247
"4352",0.7714599018832,0.965972529774913,0.980092364956986,0.820578605074745,0.835129048489946
"4353",0.969366663261661,0.964338900348689,0.873559305512581,0.823586482089573,0.836160143557479
"4354",0.965707060605454,0.98335630519682,0.759459576538991,0.898973198066128,0.704556605017335
"4355",0.975057900415341,0.974565961565486,0.768318312320448,0.872290202358895,1.0049858036185
"4356",0.969612213195902,0.907756320289141,0.87112085443827,0.935007400880242,0.726458082533058
"4357",0.961059746990743,0.888583606628814,1.02856097369518,0.878520236017059,0.761281759997363
"4358",0.953411207265927,0.924794702137251,0.948631090078656,0.724171804900543,0.626342198739609
"4359",0.962460727085021,0.919647148053226,0.842049246226847,0.941971118077167,0.644793008764269
"4360",0.963912366382498,0.962557454740512,0.72339842418362,0.952575134062198,NA
"4361",0.981733976791261,0.835254149898849,0.918543154670348,0.930129689949552,0.599945143370787
"4362",0.947366832811712,0.959611230071175,0.850461497586146,0.731380108871949,0.783056038025975
"4363",0.955373813629703,0.917657188357824,0.82060357452064,0.831648591377987,0.680755246315857
"4364",0.987074564866656,0.905076213441939,1.03404996503568,NA,NA
"4365",0.629670867369403,0.989197464260333,0.87045594773679,0.747970520637064,0.800326062932747
"4366",0.974006276208094,0.97075860810495,0.93083522788201,NA,NA
"4367",0.946329046241279,0.979795967474975,0.793351239572591,1.01333809486367,NA
"4368",0.969300547353007,0.811145814647957,0.752956720700591,0.786757601583794,0.780402561164894
"4369",0.983858986490367,0.907056746197728,0.800794553943847,0.812876169470417,0.711632341826796
"4370",0.933941192734676,0.943950138942117,0.898214042544323,0.878927057178762,0.790702677502215
"4371",0.712522514995999,0.910175905015082,0.813465578087213,0.861113299766428,1.00951224322616
"4372",0.917732837151347,0.933171963970953,1.00768070010525,0.938100262006381,0.748471232278145
"4373",0.980397186430733,0.939421168096632,0.563103272933905,0.623436529563284,NA
"4374",0.977677631802235,0.977024220261608,1.01536944922314,0.973871831461949,0.734450707196636
"4375",0.978417569812178,0.985819339817519,0.848223800892604,0.873870732204909,0.822186739238806
"4376",0.956579275256269,0.951515628287965,0.740083801497079,0.633367017840759,NA
"4377",0.952065924285744,0.964170019395894,0.929073975602578,1.00263235702055,0.772917282725151
"4378",0.949560310431179,0.915469932042181,0.82608246556461,0.914540520482539,0.703276355076374
"4379",0.977182525547922,0.967258337647271,1.02004460959379,0.93814715084331,0.836266382465609
"4380",0.974085306137405,0.849084791870868,0.886697225960105,0.945038316190045,0.913567382258183
"4381",0.970091753633689,0.973300716840981,0.826579641838148,0.7631186769169,0.682190125081966
"4382",0.959327418597364,0.833677311774732,0.61255479693085,0.668695878723311,0.635741400055789
"4383",0.86403307493277,0.97746552352858,0.75576841816541,0.945239452588817,0.673862695580539
"4384",0.942595109807672,0.929872492386875,0.879351971033943,1.04426919750646,0.867097577756441
"4385",0.932387288416327,0.831429175012529,0.872511759003766,0.895202417626298,0.616691708822884
"4386",0.875514123141312,0.987141054923992,0.8173270823916,0.791514774201639,0.753225896783231
"4387",0.959735699258776,0.837507731061035,0.985468729787069,0.869017225187982,0.698462155662702
"4388",0.972842786276634,0.969702677825987,0.725745944814294,0.925535921801106,0.679510567721937
"4389",0.94616204118013,0.960398718770199,0.696267663451561,0.925159511414268,0.714159477855738
"4390",0.927577285912585,0.980565722577185,0.893640092040732,0.605459922533056,0.763737213757162
"4391",0.867488725226595,0.988656897881797,1.00163212343458,0.911156193505844,0.773075021753652
"4392",0.973513781276569,0.877516905961343,0.834302082084659,0.848525479965048,0.623294659811191
"4393",0.942875249242889,0.987611377669924,0.752799210186342,0.567487194857025,0.777107072069396
"4394",0.941953177874241,0.877715011866079,0.819796773120622,0.640326544784649,0.840993340914328
"4395",0.977567728024949,1.00110742969413,0.972791193883322,0.767057616944277,NA
"4396",0.952812192200842,0.86530571039083,1.02704341917336,0.797743757929018,0.8273524997744
"4397",0.9476979227848,0.843990619818242,0.918956732708109,0.81218363424327,0.868225442627697
"4398",0.972292915452975,0.847327336952884,0.89722333684871,0.911287104831922,0.721407642052571
"4399",0.875380657562781,0.984671469372089,0.774478137185079,0.899115896715649,0.405645003821664
"4400",0.965945250567386,0.903713738168958,0.856722736899093,0.702757459178697,NA
"4401",0.943994418003242,0.993430236939175,1.0128785297497,0.8200557589628,0.683233635407383
"4402",0.973166799694485,0.918105410686308,0.717329597697472,0.911539543923916,0.764962232316617
"4403",0.849694384459569,0.992857995006529,0.643636343731738,1.04508535043351,0.863977650207364
"4404",0.967369644309677,0.81519613274638,0.79602318430435,0.777480317589657,0.70000573809494
"4405",0.964270184538667,0.8700277619783,0.839680369114953,0.794248184500895,0.806357511422594
"4406",0.964710342139231,0.932393579285558,0.784630735984232,0.95829987249915,NA
"4407",0.963218716065514,0.900242155548104,0.8271645040667,0.818218889509223,0.792071708652447
"4408",0.966669090139297,0.769970822679813,0.996411811405393,0.716737388488607,0.817767135691112
"4409",0.963110861148536,0.858596269880471,0.967608508151408,0.972305473688932,0.822392646311555
"4410",0.961555007098619,0.91411141582289,0.754359517855552,0.946401666137682,0.785471976116638
"4411",0.945239687430026,0.929246075487215,0.937720960020458,0.92813018381747,0.852196638853755
"4412",0.798427327958779,0.979720906804695,0.978322348323215,1.02618896565234,0.494902589500486
"4413",0.962706051012389,0.974628764792695,0.786244848185257,0.965038817626318,0.76107062750728
"4414",0.969561573979953,0.995797272014154,0.578288332621426,0.705936363079215,0.482544737978325
"4415",0.961055125074731,0.852504389592642,0.663689934987417,0.906643649760134,0.817331358807769
"4416",0.872937379805165,0.978924219546094,0.802819105763523,0.853829508767712,0.76841925155123
"4417",0.827477039641926,0.998659138309391,0.874253989943072,0.836649847900667,1.01388896535692
"4418",0.961239479480981,0.910350196087836,0.71320826607379,0.989738473565355,0.795371570671205
"4419",0.959194246538128,0.949060341046393,0.806519676482524,0.83399432747652,0.854113029515959
"4420",0.945528835756898,0.987797622684299,0.876686217025087,0.920086804354016,0.754961608088469
"4421",0.955539792375449,0.975774274570521,0.914651663189992,0.887848429264163,0.96437607234633
"4422",0.889644577732604,0.981241493482465,0.661599406781374,0.82749709094365,0.768703114396248
"4423",0.939295638987395,0.955502173582255,0.687921239139813,0.930391862417406,0.756154663454665
"4424",0.959535655800006,0.96531285674922,0.81576107306688,0.854266784326599,0.696534498825693
"4425",0.96619694830478,0.851149574001795,0.998357932310808,0.899775370491908,0.794288173083752
"4426",0.947050161648281,0.8457771796641,0.895227253944505,0.904992173806024,0.720209423253772
"4427",0.965677583888686,0.941719666084009,0.838721123556358,0.997291184435042,0.606429049617513
"4428",0.914188977098784,0.910926243493462,0.636188188839868,0.897213106160949,0.896391214936624
"4429",0.974270213324547,0.888185833461762,0.921574718604677,0.935133592440708,0.648199731565591
"4430",0.926013813076299,0.812835423654668,0.895417128441267,0.82963164384995,0.864405362587669
"4431",0.968792992613615,0.986200573947611,0.870557586220099,1.00063439707093,NA
"4432",0.970719365292673,0.904583673523601,0.724489365679828,0.768676887479944,0.687166568653757
"4433",0.97691657111161,0.948914235989522,0.931131784936897,0.869438638099646,0.733667810060257
"4434",0.965915266823977,0.86892099737646,0.830018688000839,0.829478089946078,0.770177927600725
"4435",0.95799979010884,0.920448062776146,0.870152395858448,0.965351401214887,0.609758038147907
"4436",0.962461139601812,0.992081973025278,0.686138188389643,0.946905026357875,0.831349060515905
"4437",0.951943802279724,0.920852759687639,0.872085371092236,0.648730673502794,0.723685227889318
"4438",0.977298584705691,0.989122120571859,0.721579044230765,0.7587403326564,0.769969915112948
"4439",0.827024742118546,0.92002951736786,0.906102134658788,0.626749182908857,0.63351895881207
"4440",0.951490095180331,0.996256450571083,0.635522612374569,0.946415066489202,0.644611092776962
"4441",0.970912390838061,0.992724171976587,0.753175185856123,1.04391631061197,0.913252157061574
"4442",0.973526787661605,0.89161753354679,1.02558877530837,0.850027404126598,1.01736341556623
"4443",0.965944720110713,0.918539001629982,0.921173804152374,0.869160516599506,0.650215826623532
"4444",0.921857656342041,0.954955318566644,0.699318272333838,0.92000063300844,NA
"4445",0.965930082884337,0.975691793441752,0.859483147060284,0.846375929906699,0.753603129774345
"4446",0.98492390587636,0.849490371608774,0.866298925334961,1.02256067728923,0.619012311701827
"4447",0.953694585750592,0.927283925085418,0.994719142393624,0.851631517284791,0.736720997044496
"4448",0.978340515973701,0.864226066570917,0.820419352171015,0.925960429182817,0.928800180839951
"4449",0.956786612050246,0.914149999535768,0.876341141160539,0.76225115687443,0.723776964696865
"4450",0.946168118896472,0.909505899297469,0.810533701363227,0.631431038856022,0.841570108754016
"4451",0.983599242690834,0.870186027897688,0.762680366031697,0.91225221265442,0.800993673963192
"4452",0.946596613311608,0.974727408749286,0.834513004995381,0.939126176798793,0.541249368813688
"4453",0.914575651559318,0.959032972733942,0.96074978176881,1.01463806860601,0.906845397191721
"4454",0.967981871075656,0.866148664203029,0.949301007843496,0.8515374880471,0.579486020917862
"4455",0.953823269206917,0.859034386968418,0.745852863052787,0.65427126158223,0.643636767475624
"4456",0.936963029206269,0.914050287807222,0.97050139155411,0.824777129908959,0.833694551800687
"4457",0.947976826394713,0.90446377776089,0.848970943886441,0.938729090776043,0.93196228810624
"4458",0.907845041071731,0.978608564212369,0.958935322503281,0.915361211813385,0.705746086792012
"4459",0.959646836651179,0.99470085735961,0.716441767715113,0.844691622839244,0.704619102525625
"4460",0.976541895300922,0.985342398926302,0.788865594237422,0.919580221253864,0.680718728409596
"4461",0.810479181283453,0.904860685241585,0.821851702503434,0.981307266827436,0.911341886266941
"4462",0.883621187931617,0.969963386766576,0.860806976037612,0.799753810099741,0.68688892326978
"4463",0.887979186488878,0.859346658737466,0.959377051794229,0.857247315033656,1.00647313058882
"4464",0.952054898476039,0.898064183559203,0.86458330576747,0.95830885770074,0.666112571171534
"4465",0.968055349142009,0.980414266149369,0.886246202954705,0.755534448518928,0.914319004683044
"4466",0.963440283920568,0.903746052995384,0.72496218623152,0.863826573742733,0.644844102186204
"4467",0.884201311737604,0.959335284673674,0.719013211408825,0.686996053825131,0.721404242458615
"4468",0.973720003155211,0.984883043411657,0.838818824634125,0.952660596940291,0.73274657567444
"4469",0.964756610615511,0.880001724827417,0.738244993378602,0.751766664869686,0.753752463466385
"4470",0.855750244489184,0.739168423831796,0.841716433327866,0.808794523932131,0.759517672104097
"4471",0.963619657055654,0.907495757019705,0.861317037445676,0.765255572644562,0.836176062735108
"4472",0.893088825355496,0.995766877152354,0.880735252168761,1.02520371326864,0.776804621947097
"4473",0.955451485316295,0.75426104273038,0.787294839506896,1.01488398752504,0.866383043707067
"4474",0.985802889441777,0.982740392799189,0.9509759702331,1.01581141724374,0.729290252412098
"4475",0.942443655766124,0.995218355190444,0.874708384955415,0.844178269020207,0.719559050581872
"4476",0.968476511447467,0.986562600650903,0.746832281137014,0.717392302338787,0.534553513044333
"4477",0.968619276888871,0.975814928326738,0.899305079243071,0.868793663454875,0.73098266821112
"4478",0.954801418887494,0.786471797329327,0.95659200031022,0.912477191432988,0.815313078671606
"4479",0.964362779020957,0.836987675381314,0.971162990216394,0.826760708750132,0.693686998521046
"4480",0.979282131450834,0.96234478491984,0.950312968012186,1.03387504910405,0.756896575295573
"4481",0.924289155401377,0.809934053521706,0.817580690666748,0.731550435525397,0.593021184616041
"4482",0.894707374458468,0.930818391067534,0.949235858467758,0.775435476197417,0.644480767153756
"4483",0.964695904143073,0.969705870061654,0.787032611191505,0.714496660709587,0.759239343319238
"4484",0.772030033797308,0.985529520511441,1.01606684346656,0.780600977733377,0.742555175148436
"4485",0.911005390740297,0.891674988903383,0.854664513835371,1.02193080781091,0.75548624235683
"4486",0.954126856794881,0.928424534007535,0.716114453408348,0.931721005630092,0.576538620638235
"4487",0.970953085450024,0.899831971078079,0.984312441017552,0.634337318403279,0.641636590705383
"4488",0.938546078686663,0.806633130924335,0.819243280296064,NA,NA
"4489",0.968713168363489,0.984155455565577,0.831628076226562,0.892313682748522,0.766268058080835
"4490",0.969535540357502,0.973642470062551,0.710691035651895,0.793609426784494,0.621458512027983
"4491",0.95936325133296,0.993897622545588,0.855307099286579,1.00824513918671,0.724935481414258
"4492",0.973918052412596,0.956035040152756,0.783171141671612,0.669679592822534,0.788637701813867
"4493",0.828615430676778,0.783901074710732,0.916287578458451,0.795636859087509,0.765832643109111
"4494",0.9025348391741,0.982232294840015,0.895337084236025,0.878362259840377,0.619531647278751
"4495",0.96740426716127,0.991497293165658,0.811635818795327,0.891137214654325,0.495652469067878
"4496",0.97690430456252,0.876982681971032,0.748705291415289,0.900881763397466,0.899848429934494
"4497",0.98454533383742,0.995606100989906,0.9312100818137,0.782101276280491,0.64904662499307
"4498",0.734728344834456,0.904122258733069,0.81322734080901,0.818128137320268,NA
"4499",0.899199863100491,0.872128615222739,0.849805187027657,0.854501665140222,0.918631793713084
"4500",0.979536500651557,0.980260181722516,0.994023043214802,0.696657540392396,0.933890680903038
"4501",0.956869972283923,0.880480125924127,0.685358654584831,0.674451990761066,NA
"4502",0.969390240748223,0.870478644647027,0.93392319027734,0.916352029451167,0.902964827054624
"4503",0.966979720900065,0.972417604567853,0.791184221127726,0.771360362628896,0.744284536827604
"4504",0.801350485977665,0.975215090161313,0.816874496184471,0.91171872211004,0.485897354339594
"4505",0.975081014699899,0.878187419849817,0.745949157100917,0.970569663143029,0.783193033712223
"4506",0.981030464103306,0.97388743833392,0.958679993570454,0.870811386509793,0.744974803338552
"4507",0.967945434026258,0.897284399993642,0.924946771369567,0.946420076740035,0.707390777639998
"4508",0.95049448695623,0.965230324912111,0.893946486569664,0.825887782888087,0.763516883458946
"4509",NA,NA,NA,NA,NA
"4510",0.966523141396616,0.974960722128999,0.733179095596281,0.620335766519609,0.924287272522203
"4511",0.959040290269681,1.00182241371913,0.67137034939188,0.814436617969002,0.719564937114992
"4512",0.963437144763718,0.990504094032409,0.821612230258311,0.942352693841702,0.776077891910384
"4513",0.977243083225783,0.879991227187707,0.773344452575713,0.882494809430383,0.714807497499095
"4514",0.748626385285851,0.973716440833872,0.855893168188007,0.868320067233281,0.554332206175781
"4515",0.799451022629907,0.69328184323409,0.84263840990606,0.654928941760364,0.916532191953811
"4516",0.979801621597595,0.983573713728167,0.931286153248846,0.816746939627607,0.626930878762422
"4517",0.975172662204644,0.827794793420216,0.803684873408108,0.73974668110703,0.960104284678949
"4518",0.904466985482846,0.975939502191799,0.860934306288734,0.711350956196483,0.569607286037946
"4519",0.966432218190783,0.991692581819202,0.79523806196754,0.819511647085157,0.71535202516176
"4520",0.976997469043905,0.961642574485533,0.915465521070474,0.809407235138672,0.838149898225489
"4521",0.964333716802433,0.893998269089505,0.724294640680677,0.855812980951299,0.709307677129703
"4522",0.973849568181652,0.907326072724525,0.709964149880655,0.79586347591763,NA
"4523",0.96742828388459,0.747653079433324,0.949043830467412,0.788979073373523,0.964711183936181
"4524",0.930306903740987,0.975179231425937,0.99370060918003,0.991621816743002,NA
"4525",0.66431124819118,0.961681512487577,0.917667802149282,0.841555272320807,0.759636558082708
"4526",0.909359888543322,0.979877046099455,0.944823221967473,1.01535967523078,0.452474852782229
"4527",0.944341633603535,0.788314607203236,0.839961109158356,0.840212731999455,0.937965041539896
"4528",0.827826883274164,0.913384939107092,0.854191032438212,0.631188136565662,0.707712881815892
"4529",0.958708653281911,0.977541971229658,0.966623293354589,0.859207455053416,0.859197737188187
"4530",0.964307310915539,0.992410294761358,0.900694256060128,0.734880153346615,NA
"4531",0.8657003814113,0.96208812778691,0.694497333251078,0.816500647816994,0.810953152087383
"4532",0.972178355362943,0.979767932128898,0.868651818554817,0.952555036581285,0.553443904650253
"4533",0.801168432492542,0.82078257192877,0.788798588053404,0.797745391018663,0.890446654640436
"4534",0.890040999436584,0.778733440728849,0.581993764725716,0.939240065031746,0.677746741755509
"4535",0.851621720553674,0.801797012228832,1.02911025024234,0.869113040365517,0.77884308429749
"4536",0.936079312206239,0.933558170540056,0.711792844688737,0.836019827678334,0.570614321977214
"4537",0.974833066305101,0.985308033276153,0.782543627645071,0.765551200946572,1.00979764303533
"4538",0.824443299008044,0.981913446441647,0.872496727392177,0.731203986758632,0.559916693497664
"4539",0.95594548565777,0.69493611435271,0.76129986585896,0.907960361460857,0.438983058040545
"4540",0.944792598879292,0.904146486485669,0.869765759230148,0.872071543530761,0.857139014275167
"4541",0.954817387035444,0.981784258506282,0.928806149433526,0.882010220271285,1.02852102972531
"4542",0.88710443900012,0.821459655172497,0.876538331398489,1.01627369417791,0.627564205645572
"4543",0.952501697004039,0.991637268255459,1.02708449959345,0.843415670979123,0.699224787305911
"4544",0.882625632810608,0.892998165093302,0.819524899147987,0.908880309575036,0.743638473495819
"4545",0.890976864678924,0.899710116711683,0.892237730949463,0.847737006214401,0.788600738726198
"4546",0.971125369214995,0.873426834946252,0.903560869977485,0.910936111693339,NA
"4547",0.950373609799897,0.972521857132863,0.933181286744949,0.951388754208527,0.60513367585982
"4548",0.931805846011352,0.78848543758596,0.743999380412151,NA,NA
"4549",0.978363184848539,0.947883772224328,0.968500461054568,0.835441244368905,0.892582612321967
"4550",0.811304225481148,0.982095073385357,0.838445672567398,1.02491192301412,NA
"4551",0.973392926404919,0.872040046692362,0.838966310121116,0.854461062424178,0.685079553208414
"4552",0.870008510622877,0.806263755468057,0.860212116508599,0.885726730143763,NA
"4553",0.945845806006669,0.951142456217384,0.919979100340405,1.0010092414897,0.714804801240512
"4554",0.957816229783248,0.962684621257403,0.732365943654557,0.889466444473217,0.641161285072197
"4555",0.864679171585455,0.945091509090853,0.884658239422315,0.948353338497298,0.777442965987371
"4556",0.868307763937263,0.987647991511342,0.983450509344681,0.919907341919997,0.899780073725852
"4557",0.966986654649769,0.918735536782381,0.831933072627234,0.802568115371372,0.722951273800192
"4558",0.978735148640193,0.879787752540807,1.02578067426768,0.918027556605613,NA
"4559",0.993314628803294,0.979103436284424,0.829165692937937,NA,NA
"4560",0.933328539050716,0.914025263063932,0.757203654325001,0.772803245527782,0.654765092987766
"4561",0.969623593851435,0.975237628595052,0.800693657048866,1.02835588271768,0.771615066278335
"4562",0.965935895471186,0.851209416902442,0.862075655577664,0.949032134583561,0.565756111730492
"4563",0.947809214823095,0.964669872199535,0.812221348004029,1.03008881393302,0.795534486105358
"4564",0.975644113413721,0.86028401391506,0.900337815808648,1.0282773516626,0.866938685072279
"4565",0.974178977930316,0.969887167060401,0.783370421974324,1.01928232473253,0.68341708856902
"4566",0.921010025517067,0.973482261656198,0.789589955083595,1.00749523011777,0.624250354087056
"4567",0.853643707305611,0.983080541343059,0.980108693959164,0.725661345845721,0.73892878745685
"4568",0.96319542802115,0.963307167261224,1.03920046598668,0.780877357688653,1.03786450364901
"4569",0.894987311877977,0.99192712156081,1.01803870428203,0.934129286056913,1.03394662704722
"4570",0.944762107865471,0.967069905048981,0.79642426690475,0.705320992584129,0.856887212023404
"4571",0.881654325959969,0.900541441196239,0.753321185403052,0.972085289782488,NA
"4572",0.970221938358387,0.862089978519292,0.679747533623176,0.74834040852511,0.840553963207505
"4573",0.889630264421855,0.823511734040565,0.759407322907391,0.823399654004555,0.740493663849358
"4574",0.851173026802516,0.754541886043021,0.875251364151362,0.832121553633779,0.683735629253533
"4575",0.980697545283806,0.965361904753493,0.883092376307908,0.946453840334037,1.01462755342094
"4576",0.972740772685803,0.884776671477785,0.773823904865855,0.894207209106378,0.524077356548156
"4577",0.846540076028926,0.756066601307545,0.879656318333927,0.78751993808017,0.807638605109956
"4578",0.968993762049007,0.874395322146374,0.85233004843748,0.597460024217548,0.686272303514374
"4579",0.964387374321704,0.978640792296299,1.01197878273905,0.977811822393481,0.698157994583039
"4580",0.936791938072675,0.921735526359893,0.989497627672155,0.7750953682529,1.00925241642117
"4581",0.974307320612504,0.992713531607832,0.851093311465413,0.709471921002371,0.636587908649381
"4582",0.948323840896954,0.990227925598464,0.843201242278936,0.932425730173699,0.756780490967442
"4583",0.949349111377895,0.982896647000652,1.02600969600049,0.971730590379143,0.865160077246767
"4584",0.960240002967144,0.960726792817531,0.833311713355019,0.743074084721836,0.706177187304333
"4585",0.955938957422941,0.976770400639798,0.956657964972098,0.829065575382601,0.737817042628708
"4586",0.973325742601548,0.980607956908018,0.861124020765587,0.746724414461003,0.880193615324374
"4587",0.971265159225237,0.992114601987918,0.786461631313144,0.901870895674203,0.754866481641961
"4588",0.945484511899969,0.975664580596834,0.986377098176304,0.822323277611107,NA
"4589",0.973111585781476,0.848722402876364,0.898086564360237,0.890366651327275,0.543666470093226
"4590",0.978689507502097,0.894104217350349,0.816280879784438,1.00584568528032,0.888965060728531
"4591",0.975097191595949,0.96149326953869,0.57662065263715,0.960709503555902,0.800067064552687
"4592",0.966072390189787,0.893509989587903,0.819084626348803,0.884529648867925,NA
"4593",0.974826537682795,0.852365313907302,0.822296263852031,0.819613351405445,0.825133550154922
"4594",0.959580278268838,0.973012030313459,0.839989195560663,0.76261222103809,0.819599452830096
"4595",0.975100751543619,0.89845166456338,0.644181347870873,1.03180723871418,0.675284917406071
"4596",0.973724625929037,0.949669309008996,0.943835198404402,0.740859654896429,0.573139853604555
"4597",0.953397431313519,0.985708603662502,0.795867625713425,0.950329940473568,0.757429525491447
"4598",0.966618038518381,0.858195141307891,0.805479073748907,0.876594936354032,NA
"4599",0.879468090843264,0.777769598130818,0.706909951296386,0.98879281008751,0.838966176259851
"4600",0.952606600571771,0.922808167656287,0.891832467353109,0.812133437785145,0.705301662020912
"4601",0.989382876415222,0.978181230793118,0.904561689358021,1.0283400554566,NA
"4602",0.963448181933509,0.852429950715427,1.0215276345439,0.916508531439889,0.829781572348026
"4603",0.971368419481185,0.901092430159012,0.880318975578222,0.887795172435479,0.559020203431647
"4604",0.977132002594975,0.97630826126103,0.974830239780258,0.805422137914569,NA
"4605",0.941073287147434,0.986045771622144,1.01713621796626,0.822484073551108,0.674674060071823
"4606",0.97928443966593,0.900746361534062,1.01976016949008,0.935986929325054,0.625738574432677
"4607",0.962555829047213,0.911939158733391,0.943016217050818,0.829878198146987,0.757870708965263
"4608",0.877058397895844,1.00104687029526,0.937586282789744,0.868039907650385,0.713302579455268
"4609",0.848555649474672,0.962608124191182,0.881722276971818,0.704565445498362,0.552997270505996
"4610",0.945054896723603,0.990461884154426,0.704099697731588,0.836968845148482,0.613293900778459
"4611",0.856356188569036,0.977473566868312,1.0012996670242,0.776022169250869,0.757954041546165
"4612",0.960138833644183,0.907593575004689,0.820211140107072,0.693963647664633,0.560969217863197
"4613",0.963932885606961,1.00022175188514,0.95310349233775,0.837594468422244,0.576067002472072
"4614",0.923738841246998,0.874001330695697,0.805523724008575,1.0265816771272,0.738084946562418
"4615",0.924727094826451,0.916797787079308,0.963658827204593,0.851697316157829,0.83070290626661
"4616",0.983319624172058,0.98633330102642,0.605872630332671,0.688871424342527,NA
"4617",0.948005167672769,0.845402842225768,0.920721477074118,0.635267928595255,0.617848607255784
"4618",0.97445144108743,0.981728468362107,0.995026142106638,0.838008059132556,0.760418278501657
"4619",0.981907478795917,0.906406251073794,0.979730294870595,1.00572245444204,NA
"4620",0.977254044199267,0.880079928534319,0.889963169658023,0.981997221240969,0.62732844910325
"4621",0.899516470605837,0.953921338396392,0.906551762209497,0.897429837866127,0.710155277023228
"4622",0.961073914750113,0.832581144574115,0.797834798389107,0.8814774839264,1.00558279991458
"4623",0.947048182015362,0.924514419178065,0.791657330163481,0.784807339386654,NA
"4624",0.955094440470486,0.882339631146743,0.826056330387163,0.699692476657722,0.853494890435898
"4625",0.751620558894202,0.942895255736813,0.923124044916142,0.7622020357766,0.353248067410789
"4626",0.957387631705473,0.991970127398576,0.80052461827897,0.758934236914797,0.762780636601754
"4627",0.883853659462134,0.965102841131635,0.902712556970545,0.938548549411946,0.796774272266081
"4628",0.939444490561204,0.906085201098064,0.675487592971907,0.7184785207097,0.601436102359783
"4629",0.974446970243892,0.884828309779991,1.02032991993949,0.699598776106019,0.421872752384674
"4630",0.971168173818409,0.995794962078963,0.808992281912645,0.797083245872978,0.866657855840857
"4631",0.865783108991382,0.919124679868217,0.785157525043582,0.726517606008827,0.706681341968591
"4632",0.980402032873326,0.979465723394917,0.604843830396737,0.933482864287662,0.758485704747291
"4633",0.97523483913623,0.895140916925644,0.949921495119207,0.812665632402178,0.608516576953734
"4634",0.972697052459743,0.926838781689771,0.921749177802539,0.935621141259742,0.718613377826644
"4635",0.962570234050878,0.950137569116667,0.895205023276238,0.605198059904119,0.641127748200888
"4636",0.957326899149654,0.89942594052319,0.856533348983977,1.0175755657979,0.783357812389752
"4637",0.975723877428309,0.832364407727699,0.860767246488566,0.828721943073099,0.61001754123686
"4638",0.978593417369557,0.981213497844554,0.749635456227215,0.763437973562378,0.94612365283077
"4639",0.958421660652523,0.83162546987923,0.747171025410776,1.00014251158496,0.848133565828433
"4640",0.942665017651272,0.90566108023569,0.761578962911422,0.857689151647827,0.834031554837799
"4641",0.979257221937781,0.974929561748591,0.940815720751762,NA,NA
"4642",0.927708997891397,0.987602223723917,0.767320219607756,0.970961635880673,0.823640108385908
"4643",0.976551292809495,0.951476158209323,0.760065808156655,0.876727767804555,NA
"4644",0.978811930242723,0.902473152866944,0.682161104990977,0.880049547104823,0.646236807739002
"4645",0.904915593357934,0.972634513084855,1.01957191947059,0.842641069982144,0.548460605232929
"4646",0.976661204866488,0.975283884880069,0.776792609798581,0.917996928456248,0.64326821510333
"4647",0.935965436653118,0.854936043609558,0.889847596008398,0.952400442908262,0.764857337346422
"4648",0.958557570647188,0.980377015175081,0.844938007730293,0.788793878178804,0.75888457740123
"4649",0.896598040603213,0.991145666688449,0.882855891065054,0.887841469564642,0.768014323608752
"4650",0.967803171958696,0.900822622299589,0.990692573139364,0.946132399354635,0.774867206531804
"4651",0.863732230647861,1.00146484828634,0.744673284468986,0.853572158870273,0.743485803749258
"4652",0.972136691931654,0.882923510774797,0.801779346348348,0.87742756589169,0.653099419704327
"4653",0.946229288975455,0.974102200968529,0.865789983064322,0.720538635235048,0.616111520059451
"4654",0.978936628194585,0.838283722327789,0.821120278798357,0.946899350154777,0.571101409660296
"4655",0.898375384002303,0.884148515654033,0.877560212787587,0.874428794091362,0.564176039362118
"4656",0.878703682439607,0.901290970614809,1.023669715237,0.859122045111558,0.646369864422739
"4657",0.736521815373068,0.927718311558291,0.918708356990567,1.01916468674511,0.614230525854181
"4658",0.959624267341188,0.91761212169047,0.748432120495977,0.771941747572146,0.751751129987469
"4659",0.89218560539028,0.986621701574161,1.01324606631201,0.964257581571824,0.80045600176778
"4660",0.778865653070786,0.982460995288701,0.90641700262736,0.790881603870354,0.662206796102513
"4661",0.93795434634896,0.989394560413033,1.01925804076493,0.725687277269882,0.856664766871431
"4662",0.893740473028072,0.962500915925143,0.853517564598303,0.746593067791812,0.83699498536576
"4663",0.973957107614639,0.988702152513331,0.902711621111601,0.854140242103774,0.595259494558977
"4664",0.972349424032512,0.980407929759257,0.869928904591224,0.94533348472446,0.778116120834886
"4665",0.949430967904215,0.987527298236881,0.921872371035648,0.848974545909008,1.00593585674035
"4666",0.962426759844871,0.912738168416343,0.749059518505784,0.78277997510894,NA
"4667",0.948533673473983,0.981038706453511,0.762905966592606,0.900907500221753,0.633426944597373
"4668",0.908294077584378,0.946339172407209,0.664111932410835,0.948238834647771,0.942826911796485
"4669",0.968241541266171,0.838880055353825,0.90745675253385,0.961777065546536,0.821007388471205
"4670",0.939443297307116,0.969800705651563,0.790302222895919,0.82300254731487,0.760554098305894
"4671",0.838906977402339,0.974971002761805,0.794429663200857,0.709321500137433,0.639219518486089
"4672",0.942088438014846,0.937619147536961,0.961869882676689,0.860446499649551,1.03336829590593
"4673",0.873615414635148,0.947662765724039,0.990698495376584,0.839299197642472,0.712970321917862
"4674",0.708965448659349,0.790132591428638,0.784254305175725,0.782383072580805,0.779026236870682
"4675",0.882743762424276,0.971818403586777,0.75079561816139,1.00169818071919,0.680275248672715
"4676",0.978697615535425,1.00161855758619,0.765770045347325,0.844317202149196,0.561937579093772
"4677",0.917289967510523,0.834216337268372,0.956059412834801,0.954794643997877,0.817068794554548
"4678",0.968774708272457,0.952370989417844,0.816641122142092,0.870080244420865,0.745333041536152
"4679",0.951297046247085,0.995809503876559,0.931193105722474,0.834509638592778,0.744547372406115
"4680",0.968898245299164,0.983022027425387,0.781800107431458,0.953966645890518,0.659743442057238
"4681",0.974779319987056,0.987049541758299,0.79740856974185,0.731503377062324,0.775775761305756
"4682",0.966952654500572,0.962421101786291,1.03349020749973,1.04266522420885,0.540535827322815
"4683",NA,NA,NA,NA,NA
"4684",0.93778213168195,0.826070430752207,0.94416736629142,0.877513032142869,0.743930533404542
"4685",0.893430105012687,0.948115468793427,0.839643301242628,0.769503303816289,0.863914342297143
"4686",0.900825214901277,0.755458720464621,0.726567487681575,0.80987230142397,0.632853512245122
"4687",0.989760247171554,0.842978232274185,0.765986628223701,0.741506889540426,NA
"4688",0.877848816160831,0.872864292547151,1.02019802682713,NA,NA
"4689",0.978453817738027,0.904354264119716,0.885002230013844,0.766111272120456,0.604332704906773
"4690",0.959946760285897,0.949539339723873,0.890035895531104,0.927335823085612,0.69995376484417
"4691",0.987052610627309,0.985993262088005,0.94682344345143,0.803945722687443,0.632538189333682
"4692",0.980204174211983,0.851244872020179,0.884695384503961,0.77244242661646,NA
"4693",0.884755077528241,0.983802281684312,0.766313087614777,0.877756674033393,0.552096699381445
"4694",0.955547039142197,0.981219821206411,0.782819481396691,0.697790740402273,0.54544440542923
"4695",0.9476989149292,0.962400834617479,0.753423650486325,0.870415559828178,0.770949073242561
"4696",0.851817026312613,0.980226950879029,0.898761296777679,0.85444026743463,0.753307923790224
"4697",0.978352371886804,0.990854045731535,0.924340609138491,0.789900831092991,0.729561363011382
"4698",0.977425948907578,0.845638070535614,0.77346161710931,0.865922825909342,NA
"4699",0.890499329183407,0.849714685358066,0.848786447761285,0.782445632660686,0.802412898937825
"4700",0.969763731697434,0.89560066039599,0.741628190711206,0.945480482910454,NA
"4701",0.974787687852468,0.976252717535412,0.856826615313661,0.675290044536769,0.76615206808311
"4702",0.966030936288426,0.96538719524472,0.883710723508211,0.819371381503591,0.728472239193138
"4703",0.980171478373128,0.844124012245271,1.04051789949125,0.876267840248616,0.851301516421788
"4704",0.974625318952462,0.980732267592095,0.796632786361482,0.787387132324659,0.629256357949506
"4705",0.959563927287974,0.913945395636931,0.950741159543728,0.670681276290242,0.780142507791425
"4706",0.984239442901567,0.992201835187862,0.807046617843906,0.638112302783896,NA
"4707",0.97341211174687,0.78619115701106,0.731980497337961,0.77311917485338,0.9100975238616
"4708",0.95952759088866,0.918198746463338,0.713211901830438,1.02098439530366,NA
"4709",0.901797500905395,0.922520088555802,0.775150504097228,0.900018107203816,0.604718498565508
"4710",0.893552364637511,0.850744744971162,0.697868931767017,0.849370020107665,0.855248681019337
"4711",0.899144769007853,0.97956369689893,0.823819071060442,1.03556340834187,0.780349358383159
"4712",0.961758078093562,0.994683231011325,0.932918029050723,0.898230974913479,0.822565377176818
"4713",0.904937720376101,0.853008163400551,0.845521342386947,0.896035291333658,NA
"4714",0.94577323166723,0.86122322031926,0.887832786505681,1.00319532743357,0.691248652169607
"4715",0.968834482586493,0.987840539888133,0.808685444599342,0.720766785856487,0.742607765726386
"4716",0.962220640748906,0.804144972045994,0.994210015765126,0.740862724366493,0.755543471385903
"4717",0.986412661415152,0.991489404539529,0.895432326156129,0.963704089524072,0.775212056408834
"4718",0.97813652091515,0.985673724388839,0.845482115758373,0.731988815863632,0.799732399128693
"4719",0.900358653811275,0.913083979318536,0.989680759638678,0.800052482073086,0.85197697412716
"4720",0.964092664693335,0.977022992537889,1.01151344716012,0.943756014706704,0.874736411197206
"4721",0.90180584982066,0.974310450383906,1.02181839651445,0.753056146962237,0.873528832523111
"4722",0.959738515697789,0.958282352646466,1.03027754550935,0.639457605799678,0.745116480044537
"4723",0.860833249052545,0.866615778311391,1.00412252070641,0.862483265639895,0.811170853888519
"4724",0.929469579075607,0.864827239833689,0.880012748490221,0.909411068285343,0.832171947477264
"4725",0.895669688951525,0.992998425047615,0.765236915036909,1.04064356095699,0.619075323750184
"4726",0.97921214911649,0.920378769746426,0.84655940744063,0.945065035841557,0.619325448476543
"4727",0.979974227936946,0.974257157092751,0.748111172546174,0.959358995867332,1.01366889652271
"4728",0.902668314647328,0.955060860782017,0.705127833044068,0.847124688832874,0.775355568885097
"4729",0.901034505958737,0.903829170790828,0.932152535130035,0.884827729169607,0.730358756586552
"4730",0.96591052066354,0.982954202633568,1.02809295189162,0.919033895887839,0.729782771669034
"4731",0.971867725604599,0.987039428613565,0.694669722636131,0.999796579189326,0.583706332970249
"4732",0.945624296488658,0.987984276255805,0.874268953060176,1.02109964184961,0.747196282951896
"4733",0.974713582937375,0.768614226332924,0.850931429741109,0.8435461229943,0.721911424444011
"4734",0.987043808219593,0.98582590947783,0.872135719958475,0.736969789400228,0.759620863010097
"4735",0.975618636162958,0.980324054789076,0.819306094979937,NA,NA
"4736",0.95041930710428,0.902154266536579,0.744575286870664,0.911360384610661,0.681432170282722
"4737",0.790840882301282,0.958214329280359,0.898759628446838,0.722992364139598,0.726970227206003
"4738",0.888701038273245,0.908451938813429,0.820084660435476,0.948186316593394,0.869977702050493
"4739",0.972446011191742,0.910479198980047,0.860202601179071,0.858849548600047,0.779371474348089
"4740",0.810171879584556,0.992995371949432,0.917804529933388,0.7522673324666,0.622021765766112
"4741",0.890419622606015,0.995456357820532,0.873662238968169,1.02083655692098,0.748600894695945
"4742",NA,NA,NA,NA,NA
"4743",0.949576108363392,0.90504811344029,1.02532316491705,0.858997403032939,0.788662122312756
"4744",0.975377579704914,0.812369489734384,0.750036326154347,1.04195871758741,0.850408309310542
"4745",0.825793484047995,1.00403506945665,1.01943508814709,0.80653509985538,0.915429530508556
"4746",0.942866434424684,0.979802650702259,0.880032876828509,0.870630595673809,1.00559083869182
"4747",0.962266777936868,0.9841742882915,0.951805093838722,0.843415491301465,0.586019399650645
"4748",0.891873326402783,0.984727739471842,0.826617045965905,0.855713610816838,0.655353559871113
"4749",0.861337120322239,0.981535204457916,0.922903836637274,0.83969576401035,NA
"4750",0.948546194965134,0.986839447572828,0.891260771944908,0.486770946542911,NA
"4751",0.846607329409144,0.96758370971603,0.739704908218653,0.809213082688139,0.672554181306394
"4752",0.863855774713132,0.896355446978522,0.809617137257226,1.03453771264717,0.709055947855727
"4753",0.966768277586559,0.987823264693563,0.976219172467524,NA,NA
"4754",0.968357818876183,0.799475122134257,0.732433712063106,1.03350322728239,0.726020520034829
"4755",0.960074340648898,0.817690004542119,0.715394064213521,0.890818943077547,NA
"4756",0.963081028592034,0.95661975157481,0.834341932430793,0.861977488317207,0.674855996716024
"4757",0.968150692104388,0.972335608718859,0.891546269671907,0.955168181161707,0.867447387171949
"4758",0.978016991367124,0.966136028723716,0.924800706598254,0.800287579340416,0.616569874712754
"4759",0.980652031233783,0.925838560389907,0.879485712419624,0.808837102645517,NA
"4760",0.979646562095493,0.925804257421253,0.71251026467182,0.775374900556235,1.02027316714757
"4761",0.96714306844789,0.886222746499288,0.880910782466987,0.769110694904617,0.683695661018732
"4762",0.967661588403009,0.973906227803584,0.859161433240272,0.679839662064266,0.72685985803423
"4763",0.966614269161491,0.9781990704651,1.00766315235165,0.858749778240074,0.754067193422408
"4764",0.945577574980775,0.82190191034302,0.893944461088539,0.707286103902094,NA
"4765",0.972317306303952,0.961163576486438,0.637972890165807,0.950807827986156,0.993265949684569
"4766",0.868767411069328,0.874874671990948,0.835098025822561,0.903004948249508,0.52752330050842
"4767",0.959681110416622,0.85834784846943,0.637973727071892,0.965644699293239,NA
"4768",0.901976311400307,0.857272683183523,0.950688388309184,0.842961128813914,0.875958789243984
"4769",0.973891692568343,0.931386971657252,0.75624274488096,0.880211274911551,NA
"4770",0.92094057980006,0.787561144916955,0.815409913985049,0.858616173388122,0.868829376784083
"4771",0.959623918213844,0.800948632590179,0.909423215862638,1.02542959908288,0.733891923212591
"4772",0.9709200479646,0.900969891848961,0.796621312267014,0.706109068245975,0.671936726761833
"4773",0.951776633867403,0.853358952114261,0.782221190656676,0.74841746005822,1.0101961642127
"4774",0.903791383797187,0.963309643664489,0.994282289511423,0.941695905175821,0.872377956517671
"4775",0.958981418668229,0.989326952030138,0.66519548758614,0.723314372588349,0.809410418075
"4776",0.831744995294163,0.912631599144947,0.729264079296392,0.973468414732648,1.0032553699422
"4777",0.85025403309474,0.741654138600595,0.826232812962081,0.912342972558117,0.617520374934461
"4778",0.93311565183303,0.919067136483577,0.979271721274837,0.762865833259805,0.79055218551918
"4779",0.805345940137315,0.879259978125274,0.9156093437499,0.925698981089606,0.700654090341128
"4780",0.840448575378542,0.987669826540929,0.921933229220466,0.886521155693738,0.861036851789225
"4781",0.94510620810205,0.980667417269811,0.83612444927525,0.810038472510616,0.754654217565646
"4782",0.986631444039934,0.982016625868677,0.880601205861629,0.926687130904126,0.69491400915345
"4783",0.973383038223506,0.958837167306886,0.642804416280313,0.917994541955866,0.830665334220857
"4784",0.981831601843887,0.963653425826845,1.00455871181864,0.859711554269159,0.715100206368621
"4785",0.886641676257246,0.976090961380134,0.952340680150223,0.820908526966514,0.926702150846031
"4786",0.822024597393131,0.927840615700494,0.80978061457128,0.816107470241575,0.839570250981023
"4787",0.959551279148452,1.00046078284245,0.750942993554753,1.01464396584702,0.950689332374374
"4788",0.974963697359522,0.954482747727636,0.886838633473668,0.741454121889515,0.547613418517012
"4789",0.979275600552762,0.854755264538249,0.728386860847838,0.892732851676957,0.879564601194013
"4790",0.941211264621509,0.99465674087877,0.859705037693594,0.942444035847461,0.958049359225458
"4791",0.898176286844778,0.981264893742739,0.949788602770668,0.72730978797312,0.671742269175453
"4792",0.84296029081197,0.922249328600496,0.829234078380324,1.01321180406954,0.777726182137545
"4793",NA,NA,NA,NA,NA
"4794",0.967837632133199,0.918872315847953,0.903330873907905,0.94023853010919,0.546301857719572
"4795",0.945933504359553,0.750618262436929,0.9342953719634,0.742170660161484,0.70433743593421
"4796",0.977083328556341,0.965571253202816,0.908142726710973,1.02441508790396,0.736880280266357
"4797",0.97330348665184,0.986509565222403,0.780234055714619,0.790561745085849,0.525904791709648
"4798",0.891383792403036,0.834952285395323,1.02335835603806,0.861124358273632,0.657446421296842
"4799",0.965668250816658,0.91248546263753,0.850097389760598,0.830917598703365,0.707474444618205
"4800",0.955764998629238,0.82924062767549,0.81145897613018,1.02364342181982,0.707789980878088
"4801",0.896709396444857,0.907169127407662,0.966861008601186,0.936258219779459,0.892267747279247
"4802",0.900917697945453,0.843140170001027,0.826006801754194,0.812791568214937,NA
"4803",0.966930900283426,0.954233050655452,0.935040961468348,0.867006583241985,0.782069368337901
"4804",0.970721653739034,0.95750510411455,1.03390668572885,1.04076629826626,0.614359271448939
"4805",0.960840788348795,0.973771673348391,0.948533262172344,0.864926598017887,0.689008954562892
"4806",0.964924054486859,0.994374181347253,0.85035305164379,0.760883398000918,0.63910708261516
"4807",0.908313193044633,0.970047886315123,0.799050180040056,0.78697248448141,0.803603611591824
"4808",0.872676393012151,0.934773812814083,0.966350506290991,0.852504403319089,0.802745319571624
"4809",0.899339041963371,0.965493208639965,0.759318799411373,0.562371268558741,0.780601719485523
"4810",0.962462219856059,0.821062714467711,0.884417789092835,0.930840391550046,0.826961593343448
"4811",0.853979771025791,0.975429341875359,1.00056297967292,0.936892216978654,0.573401602440946
"4812",0.961188048896627,0.934389042234937,0.920530763585873,0.807462782702075,0.825775136213508
"4813",0.93851655142885,0.891514570002266,0.907150554793441,0.876407959031544,0.778814984634106
"4814",0.95764092534223,0.977031995513858,0.960605141058977,0.607563252263015,0.680401585875665
"4815",0.983284431670437,0.97794231185447,0.847195278166629,0.796362294321325,0.968500247856338
"4816",0.83107641622972,0.9576116095285,0.934290417700899,0.844207165079075,0.755846996181378
"4817",0.793638508260204,0.852889441059973,0.813317791945137,0.848584005310565,0.592041313678471
"4818",0.962518861340488,0.890454686713781,0.775246344974343,0.669022484340879,0.639812848406834
"4819",0.942215761494255,0.925698419766395,0.945715795725526,0.983617669317018,0.698600891956893
"4820",0.987570589786181,0.984880225499603,0.86326305595728,0.863240603196341,NA
"4821",0.921878700742898,0.740135453015167,0.969725413050878,0.862059779935099,0.541681367938445
"4822",0.798204856390825,0.964485187136844,0.907976189699449,0.918245149116596,0.731075100586245
"4823",0.907021075654484,0.971730723007687,0.950021152201736,0.72405089506489,0.830245386278257
"4824",0.962252407420687,0.829073919361543,0.703933282701243,0.80013981673378,NA
"4825",0.954291480823823,0.986290924433475,0.803100281166354,0.768166780779544,0.467077580596338
"4826",0.969422956266819,0.890401929624882,0.908702996438287,0.702228853608163,0.643217906416755
"4827",0.783167567428604,0.99966847876147,0.765774195243405,0.843260324535062,0.919391550841811
"4828",0.956376969909702,0.941046912761598,1.00997281960759,NA,NA
"4829",0.880638418983732,0.801194879086389,0.909018001672385,0.686494506393451,0.812203570821745
"4830",0.981652801131874,0.954075385326016,0.787965202612759,1.03581158739116,0.820778432688145
"4831",0.881655272315541,0.879644482507099,0.824353274151602,0.82377306173716,0.793117087264859
"4832",0.987401106269682,0.992275826250758,0.73454042069825,0.436562263620895,NA
"4833",0.97567224950051,0.959989727296757,0.861347155577027,0.894266742813221,0.814766369278398
"4834",0.96368875708572,0.924008962066244,0.868612588391008,0.927676475745317,0.728319781672101
"4835",0.96483921221206,0.978960687545596,0.998732232450568,0.89200345681677,0.894824242690545
"4836",0.940380129401094,0.860571891612298,0.938210298182691,0.855448453996974,0.683189221229618
"4837",0.808210109163626,0.990246461736372,0.829460728793223,0.994927617138094,0.982784598780171
"4838",0.957872393138901,0.938334073736277,0.894068059506432,0.895919701509172,NA
"4839",0.82603834215332,0.906497574021368,0.897510636806743,0.795717110860741,0.909319453540835
"4840",0.955948026827943,0.982816557842562,0.986684316782833,0.697807932104421,0.641322825633183
"4841",0.976465334211535,0.86746088211695,0.957256706045377,1.02886523666975,NA
"4842",0.97040571255966,0.973175542447937,0.951418856509698,0.93140119275957,0.725846390300296
"4843",0.885343643837273,0.990349125264785,0.906206935268667,0.850166728590136,0.744390381958072
"4844",0.802559834539098,0.813962581502364,0.745847963547807,1.02558990657009,0.68732048085373
"4845",0.989588272016803,0.926568938292554,0.648444752541225,0.752560846069022,0.642925488584571
"4846",0.97242615340388,0.8800314143205,0.926687775979827,0.894880538345584,0.870383417699459
"4847",0.821699321516543,0.977730370004869,0.690756785126603,0.602283508784808,0.527221288197303
"4848",0.811699571627745,0.91953884901534,0.815536765618958,0.888626410144508,0.698649446765603
"4849",0.881076128111815,0.980914570652494,0.887739086710903,0.801551067101944,0.572514164120061
"4850",0.983296504428614,0.748580112595498,0.969118931067417,0.694553785913246,0.647804138647757
"4851",0.884342632904936,0.971593597702584,0.842953660937095,0.908732764388471,0.702040465608334
"4852",0.846137966807955,0.988365149087664,0.983187316362388,0.758458083400534,0.923176879427872
"4853",0.96707435805748,0.986442894728774,0.885422564086208,1.03895680410029,NA
"4854",0.923971343495599,0.711395116084749,1.0325348629051,0.856144456965165,0.557107988610256
"4855",0.892268155256815,0.99139110582039,0.798397621495517,0.738655315586357,NA
"4856",0.939907380346784,0.860097106934466,0.82795912053469,1.00778491574866,0.779964796645032
"4857",0.945790557117371,0.965271332973189,0.822379354973097,0.870893335710899,NA
"4858",0.910091494500154,0.953693663552407,0.837212526511177,1.02894703942051,NA
"4859",0.893514597570064,0.899193549779877,0.985256493076654,0.834334646888352,0.595734371029553
"4860",0.96429014568362,0.95417828118106,0.940763847866748,0.922196914808688,0.720069663812302
"4861",0.960174231100462,0.994562026790917,0.891875412816042,0.838867790162322,1.01854681044114
"4862",0.901706687292748,0.970411561910645,1.00094769932139,0.823771775966763,0.858997383773766
"4863",0.849244651189471,0.996940678815489,0.98629545821269,1.01658661901234,NA
"4864",0.847993553399993,0.873391840789151,0.690260023188205,0.948497054718725,0.6554116677514
"4865",0.904982094841826,0.810012514214289,1.03459785724333,0.731599361449271,0.825962869471577
"4866",0.949150624167112,0.83730898854878,0.934100210924559,0.947898889899356,0.718702393025018
"4867",0.967365215717559,0.971363001908625,0.797601425294765,0.893076412943493,0.786454128936196
"4868",0.969272156562849,0.836698690869385,0.596266790422473,0.734986339679311,0.780877555285466
"4869",0.958736866568892,0.800126270461839,0.913918928503318,0.824514890646668,0.855471662883287
"4870",0.902319981283094,0.988116856272561,0.819245009661469,0.791368455018706,NA
"4871",0.844413137233511,0.95616875013732,0.947870187059579,0.867909339911747,0.726119516329189
"4872",0.82831837884738,0.925720481376377,0.873608245641451,0.639187350241932,NA
"4873",0.976178357988124,0.992264429792619,0.879770773417831,1.00184105032557,0.860535850948803
"4874",0.887809860244427,0.868804876804349,0.821303364750829,0.917748657280378,0.755976697307417
"4875",0.971894838345159,0.809766549509769,0.822156208320499,1.0392887991342,NA
"4876",NA,NA,NA,NA,NA
"4877",0.977776111544656,0.979332092076758,0.819291508123431,1.0172671178654,0.999933086744696
"4878",0.962208274189279,0.948023231711583,0.918221438201893,0.756000959887137,0.867990081256122
"4879",0.977809025156605,0.859576535918055,0.829953731886201,0.880330014351145,0.720139476490696
"4880",0.854704323908049,0.897789850608694,0.777897340567999,0.922357625467386,0.624874398745692
"4881",0.970313821091687,0.848578225157772,0.970098826405059,0.879947954480088,0.945791814267103
"4882",0.958261554786717,0.914876462030264,0.932559690869648,0.840304071573712,0.611450109914582
"4883",0.852119033439946,0.990893179449998,0.792042925035362,0.797714985260626,0.786121410524452
"4884",0.848475711400165,0.863718106232695,0.957974530313073,0.884712938679745,0.705275557432351
"4885",0.984880381162192,0.985570727304463,0.861902207149729,0.662368150921512,0.859133478166539
"4886",0.7923441703383,0.749168191067395,0.676717576536253,0.92599568063269,0.710345001457725
"4887",0.886164245189062,0.993485568921058,0.944177892528862,0.844785888246655,0.581959718570188
"4888",0.952641127222221,0.989162061954283,0.896982229794363,0.756985281631742,0.70762565841883
"4889",0.962331306956635,0.984621594363103,0.675169813191036,0.84110111633091,0.913882354694781
"4890",0.969498987693343,0.90742684514113,0.79411224968178,0.877942692173757,0.799477309181277
"4891",0.964322927501877,0.926645338981574,0.974888417235368,0.846043566293753,0.766755189558896
"4892",0.884870230596518,0.92937999350087,0.974400363108866,0.983464508296626,NA
"4893",0.840221803657956,0.934052202542355,0.749781518840291,0.715783186760097,0.91689965928861
"4894",0.873063988853508,0.846185989484162,0.733221065629437,1.03202890501939,0.635590205860877
"4895",0.991739938193674,0.994140666212204,0.861391421188672,0.769750360868198,0.720133092626763
"4896",0.958239318727361,0.977524051668639,0.829010146892562,0.882387612662438,0.808764276345218
"4897",0.977067591100025,0.951422080168842,0.801691160642142,0.811803000906454,0.654502955023947
"4898",0.963535508941297,0.990326500786613,0.920577793165139,0.938089223259214,NA
"4899",0.937345654618974,0.870662554664555,0.740763876972347,0.837697031771961,0.805821478522719
"4900",0.938906804793121,0.935462309565623,1.0357533154693,0.81376124501519,0.847473464090303
"4901",0.951286830659218,0.942843204095676,0.908793058488508,0.960051190437226,0.784111032872293
"4902",0.976293549583053,0.981486991607647,0.908196738144366,1.03010046599139,0.761599260423836
"4903",0.900012008180905,0.806940778807618,0.906332839695845,0.82571071611495,0.841963251632277
"4904",0.980764597868675,0.952702956809553,1.0068066037066,0.851815520557117,0.726379836672347
"4905",0.950730772184062,0.912383326470552,0.763544499785705,0.797279396792868,0.6722180977215
"4906",0.962911517019567,0.864970177241026,0.770126126859874,0.955971036645419,0.761659403452857
"4907",0.705644567181388,0.91933857700515,0.828252426537447,0.823210839587335,0.753503196341434
"4908",0.81355647424057,0.846896317976028,0.965733547459218,0.922515264853689,NA
"4909",0.950122243300017,0.971650462732745,0.845458625113739,0.973580016654616,0.553242384031187
"4910",0.928127626098784,0.926586882344138,0.701544851321775,0.55426198851618,0.916318294760441
"4911",0.964890246366645,0.920463433384775,0.839004718191594,0.909005537599968,0.978643787137311
"4912",0.94418047747232,0.977620620407732,0.957001377111067,1.01311767471179,0.629888008469042
"4913",0.978677946617959,0.986158975015332,0.929904888817231,0.751093239065601,NA
"4914",0.965531454646132,0.975746305626306,0.848933217615976,0.868193910627942,0.707549158042897
"4915",0.927398631466176,0.929380305304474,0.833506408652331,NA,NA
"4916",0.948137561428814,0.928205203807109,0.874807829021189,0.669942482448458,0.600563287880087
"4917",0.968049493297472,0.969567466957655,0.919155961318821,0.835789902842344,0.743467208701542
"4918",0.974616251441634,0.881763558237504,0.873019427801563,0.763779270860555,0.875553031494119
"4919",0.888329203738479,0.977940630475542,0.837842934082173,0.775634648100051,0.673459996669767
"4920",0.968513750711457,0.896654342151692,1.00491978794057,0.891457390868106,0.726256841381377
"4921",0.968334979598078,0.878258933310912,0.686325920603325,0.840197004945985,0.761402530776854
"4922",0.96323668636096,0.97105113129818,0.953582412395152,0.974485847845658,0.787698294701856
"4923",0.844018776270901,0.990715299937306,0.95709804167951,0.917830381417765,0.602796009294662
"4924",0.978152393674403,0.995158153617285,0.77950076517635,0.797625524323729,NA
"4925",0.891823585953566,0.978062403241939,0.735459727559333,0.851899441080532,0.705652126283718
"4926",0.897075989797351,0.919694766644317,1.01226994143996,1.00345393896646,0.834930367855766
"4927",0.947425293917793,0.984467433779431,0.876047279763532,1.01772895805704,0.774115341530814
"4928",0.873392682676425,0.97102641394047,0.723497306485694,0.803005881238197,0.745325772396529
"4929",0.95691848926357,0.967052266938407,0.694167676627154,0.831044112951431,0.790773258079658
"4930",0.820187622460833,0.892702406910973,0.858331350190933,0.892005633531637,NA
"4931",0.968450873937616,0.981688141981322,0.942334731703891,1.02486857746479,0.641968325528632
"4932",0.937755328507109,0.970635804864522,0.895909051325404,0.883893362127678,0.69564744466627
"4933",0.971211436678717,0.906054853601574,0.970093236777104,0.84990138997298,0.891605565548354
"4934",0.952409387600248,0.743047956582849,0.734967027012723,0.705614665755695,0.791268683758212
"4935",0.966814162000834,0.781892687233782,0.879150664682426,0.86484917452063,0.739906390161581
"4936",0.870542115732909,0.988632595123623,0.844393239149072,0.952896598117863,0.773147726432405
"4937",0.943672254322073,0.889192146027211,0.891737788450443,0.857437250847393,0.758587576615101
"4938",0.948857075056983,0.972286881843628,0.902879986204776,0.974033780510929,0.856883246869377
"4939",0.950559963624078,0.98785739771886,0.586599731840976,0.880314332466996,0.817961945760193
"4940",0.901921976611471,0.843913303326676,0.885272819362984,1.03054105288102,0.913091479402744
"4941",0.86126628444242,0.913945137268361,0.872380067484619,0.807510115721808,0.765949261757959
"4942",0.729323885554653,0.999715654524797,0.855554037846453,0.866372615921045,0.776849811881289
"4943",0.967714572396588,0.896449471547664,0.947160341999076,0.892723898085336,0.899382572419076
"4944",0.935989383889464,0.98508825059535,0.909360572114828,0.704553604480942,NA
"4945",0.89307822890503,0.988396909485766,0.7833757676114,0.891414849939862,0.74594105008442
"4946",0.962754954184358,0.896207710431406,0.792409330107268,0.610926310291864,0.765466088352368
"4947",0.916521068008125,0.950257794566532,0.715166006708831,0.91499061179221,0.69774110022006
"4948",0.937685374700784,0.880547533950029,0.920546264202648,0.73533399884447,0.629037796552276
"4949",0.902756729207351,0.974940905191396,0.807103927345691,0.780245995979435,0.721098318100223
"4950",0.965746410522538,0.96080664148055,0.82768223219432,0.93208969044079,0.867652434733254
"4951",0.973800978325248,0.904694629081374,0.877764675071292,0.847673441143117,0.896077960573862
"4952",0.938451489315495,0.929100717628541,0.935280918188409,0.64343510868297,NA
"4953",0.975868755735306,0.981182510059586,1.00271791393363,0.693463537318854,0.825633598806753
"4954",0.954186429731347,0.962075716167791,0.975764826574908,1.0301052138292,0.678222694495982
"4955",0.97598207104868,0.744986838417421,0.758182097286834,0.691432393713243,0.638899832852436
"4956",0.888176917714727,0.959235400863008,0.975633745089343,1.01827307791259,0.573787503338102
"4957",0.980475410832618,0.891228403630014,0.688765096556758,0.702128080182582,0.703103336359211
"4958",0.977225989949439,0.859116976918075,0.922663662254625,0.834107433706411,0.629997814279568
"4959",0.984234824474636,0.881491409724635,0.874736694977124,0.822575772287745,0.823621705172598
"4960",0.923752276279554,0.98862490379648,0.954893399956066,1.02779520711173,NA
"4961",0.972184730174683,0.969790730152931,0.888049406128946,0.847300630124009,0.750136211785141
"4962",0.937738317643931,0.890672440672105,0.840128476492746,0.764828937011684,0.810414384335747
"4963",0.984859413590923,0.759461200276937,0.94519920422326,0.994384456288537,0.710358140472332
"4964",0.945979918920375,0.981666291907144,1.02508745760639,0.668045419491753,0.978592927988038
"4965",0.975399757247934,1.00083250971542,0.952523588167213,1.01909694364869,0.816372808926097
"4966",0.937989988822911,0.903832991370825,0.714599337079347,0.768986075433773,0.977470566121128
"4967",0.973460489435619,0.820687001984212,0.86908610007916,0.984589546583634,0.84029496947782
"4968",0.966496811181671,0.961139595627761,0.874918031278565,0.781996513691312,0.923564740956364
"4969",0.955160597064526,0.988654742187683,0.972326860784348,0.880698818338608,0.849119769442096
"4970",0.974102562095898,0.965575799753509,0.807451338413962,0.925308376363402,0.797559990932356
"4971",0.863044566305381,0.97353439340732,0.890984980552652,0.830244051897519,0.559869572510998
"4972",0.960073604633457,0.977011490285049,0.933230433790526,1.01447717794717,0.897647484664271
"4973",0.919044313007712,0.923338228489105,1.03844082931217,1.03595203930088,0.856519201070285
"4974",0.972932061213993,0.959512503651229,0.909130181484874,0.728091038401027,0.729394241602489
"4975",0.970117367144587,0.772611006432338,0.796427775405902,0.718769298237434,0.77716739322262
"4976",0.975667276763206,0.908700296458583,0.809142348513128,0.833731892295534,0.95094515256426
"4977",0.870620956004914,0.98254328963784,0.662921187820919,0.828351322123071,0.799235838878672
"4978",0.915534116371935,0.876756147488247,0.976039567857682,0.88074284509437,0.890353390491158
"4979",0.95094276271439,0.845466964518876,0.898900056034406,0.847066440939725,0.697361406612819
"4980",0.987421329596781,0.869132342046866,0.757212795092429,0.909472972970844,NA
"4981",0.833298394540736,0.982030678127455,0.756094492237812,0.930566194175961,0.867224150469131
"4982",0.971130704844897,0.975752169271535,0.763433602444972,0.883821920861842,0.589628320393707
"4983",0.85726920322398,0.731560369418275,0.801864558653353,0.748728416107624,0.790978428103239
"4984",0.975146857839052,0.867622153469172,0.815872845844462,0.751078528669904,0.596882302082543
"4985",0.963474640629045,0.882504907559136,0.813471254555004,0.646878508830091,0.879333681745496
"4986",0.846416756935262,0.885589130794682,0.756310766367666,0.79354777767882,NA
"4987",0.927390046833082,0.948387205873557,0.98040967389787,0.527907465086496,NA
"4988",0.97717017709294,0.96298734681327,1.02275908624944,0.80427291759494,0.732181155695687
"4989",0.986734131601797,0.977946451683901,0.806806432735212,0.81132300388856,NA
"4990",0.936263790060438,0.984301504042893,0.873545187268379,0.87529967231759,0.761773806306312
"4991",0.891601070461162,0.942534867137559,0.898347305013715,0.842658231861929,NA
"4992",0.910118117599188,0.922944435099009,0.767195568262706,0.915660847026147,0.723296758453324
"4993",0.965357632671013,0.963126577973946,0.918616852342527,0.866840841279704,0.850890643834194
"4994",0.893250125323194,0.991441639302654,0.932599513181523,0.71412911272945,NA
"4995",0.975468975779142,0.834141448925182,0.728948309037386,0.859917122274998,0.68602647792747
"4996",0.965909961802561,0.982403387731617,0.941295536617906,0.873419404167639,0.701231028304535
"4997",0.832153409951165,0.862867272772047,0.768023148501256,NA,NA
"4998",0.902179104511366,0.85951437327652,1.03052770888965,0.794833857535231,0.848446670327182
"4999",0.976493547571182,0.959893431592422,0.91932420910644,0.646299415887472,0.456128361385633
"5000",0.964420424899855,0.92008813419165,0.845819757544672,0.880681836457738,0.577319899101956
