"","V1","V2","V3","V4","V5"
"1",0.0668787878787879,0.0668787878787879,0.347010101010101,0.378020202020202,0.378020202020202
"2",0.132010101010101,0.132010101010101,0.214313131313131,0.214313131313131,0.297272727272727
"3",0.0454646464646465,0.136434343434343,0.136434343434343,NA,NA
"4",0.0421010101010101,0.104434343434343,0.105474747474747,0.412050505050505,0.412646464646465
"5",0.0882424242424242,0.0882525252525253,0.0882525252525253,0.171020202020202,0.370636363636364
"6",0.0646363636363636,0.12349494949495,0.179454545454545,0.179454545454545,0.300171717171717
"7",0.121090909090909,0.292222222222222,0.293181818181818,0.308616161616162,0.591060606060606
"8",0.142292929292929,0.142292929292929,0.257111111111111,0.35979797979798,0.35979797979798
"9",0.0996363636363636,0.131292929292929,0.19210101010101,0.192121212121212,0.426313131313131
"10",0.0478888888888889,0.141212121212121,0.350808080808081,0.504555555555556,0.566868686868687
"11",0.0477373737373737,0.12959595959596,0.184383838383838,0.184383838383838,0.321484848484848
"12",0.0817373737373737,0.0817373737373737,0.291828282828283,0.291828282828283,0.552212121212121
"13",0.0562020202020202,0.0562020202020202,0.172373737373737,0.325171717171717,0.325171717171717
"14",0.050989898989899,0.0556767676767677,0.121171717171717,0.214808080808081,0.416747474747475
"15",0.0565454545454546,0.105363636363636,0.167050505050505,0.167050505050505,NA
"16",0.137969696969697,0.137969696969697,0.180616161616162,0.180616161616162,0.321434343434343
"17",0.0283636363636364,0.0925757575757576,0.204919191919192,NA,NA
"18",0.054969696969697,0.0604040404040404,0.22289898989899,0.22289898989899,0.592
"19",0.0581111111111111,0.160676767676768,0.160858585858586,0.160858585858586,0.286333333333333
"20",0.119828282828283,0.119828282828283,0.273434343434343,0.273434343434343,0.441292929292929
"21",0.0458888888888889,0.0768686868686869,0.0770606060606061,0.257888888888889,0.257888888888889
"22",0.0691414141414141,0.0693636363636364,0.122121212121212,0.31640404040404,NA
"23",0.0616868686868687,0.0902929292929293,0.186070707070707,0.321171717171717,0.35889898989899
"24",0.0346868686868687,0.0631313131313131,0.173151515151515,0.489010101010101,NA
"25",0.113616161616162,0.156656565656566,0.202727272727273,0.202727272727273,0.225757575757576
"26",0.0762323232323232,0.255666666666667,0.255666666666667,0.256686868686869,0.421919191919192
"27",0.109141414141414,0.109141414141414,0.144222222222222,0.160353535353535,0.166929292929293
"28",0.0776363636363636,0.144040404040404,0.27830303030303,0.27830303030303,0.27830303030303
"29",0.0571818181818182,0.0571818181818182,0.356616161616162,0.559767676767677,0.559767676767677
"30",0.0558181818181818,0.0773131313131313,0.23289898989899,0.363010101010101,0.56489898989899
"31",0.0568181818181818,0.252030303030303,0.259373737373737,0.259373737373737,0.510646464646465
"32",0.113040404040404,0.113040404040404,0.301444444444444,0.301444444444444,0.375585858585859
"33",0.0442323232323232,0.096010101010101,0.329020202020202,0.588434343434344,0.753777777777778
"34",0.0295353535353535,0.062,0.18159595959596,0.244020202020202,0.270959595959596
"35",0.0484343434343434,0.130161616161616,0.375949494949495,0.375949494949495,0.383474747474748
"36",0.0616666666666667,0.171313131313131,0.26230303030303,0.26230303030303,0.26230303030303
"37",0.100929292929293,0.100929292929293,0.190838383838384,0.253575757575758,0.753272727272727
"38",0.0622626262626263,0.0622626262626263,0.210787878787879,0.210787878787879,0.433828282828283
"39",0.110171717171717,0.110171717171717,0.251747474747475,0.310919191919192,NA
"40",0.0472727272727273,0.130020202020202,0.291909090909091,0.291909090909091,0.384474747474748
"41",0.0663030303030303,0.0663030303030303,0.11169696969697,0.11169696969697,0.11169696969697
"42",0.0562626262626263,0.161676767676768,0.263636363636364,0.263636363636364,0.263636363636364
"43",0.121757575757576,0.121757575757576,0.212484848484848,0.291565656565657,NA
"44",0.057969696969697,0.154414141414141,0.154505050505051,0.154505050505051,0.594393939393939
"45",0.0786868686868687,0.0795151515151515,0.255787878787879,NA,NA
"46",0.139868686868687,0.168070707070707,0.176363636363636,0.176363636363636,0.359131313131313
"47",0.108757575757576,0.108757575757576,0.191686868686869,0.365878787878788,0.365878787878788
"48",0.0745555555555556,0.160080808080808,0.442787878787879,0.449191919191919,0.50449494949495
"49",0.14879797979798,0.161757575757576,0.319212121212121,0.635646464646465,NA
"50",0.0383838383838384,0.0916363636363636,0.219151515151515,0.507636363636364,NA
"51",0.0452323232323232,0.0566969696969697,0.0993333333333333,0.0993333333333333,0.392818181818182
"52",0.0751616161616162,0.0758383838383838,0.0824646464646465,0.232626262626263,0.616525252525253
"53",0.127636363636364,0.138646464646465,0.229383838383838,0.351787878787879,0.612959595959596
"54",0.0476464646464647,0.295020202020202,0.295020202020202,0.339606060606061,0.345050505050505
"55",0.0555757575757576,0.0555757575757576,0.245020202020202,0.245020202020202,0.453858585858586
"56",0.0794848484848485,0.152808080808081,0.186555555555556,0.186555555555556,0.456818181818182
"57",0.0546565656565657,0.0546565656565657,0.14469696969697,0.14469696969697,0.260626262626263
"58",0.0536262626262626,0.0829090909090909,0.0829191919191919,0.148969696969697,0.34220202020202
"59",0.0635353535353535,0.0635353535353535,0.315181818181818,0.315181818181818,0.315181818181818
"60",0.107969696969697,0.107969696969697,0.234141414141414,0.234141414141414,0.360313131313131
"61",0.0600808080808081,0.0600808080808081,0.337040404040404,0.337242424242424,0.337242424242424
"62",0.18659595959596,0.18659595959596,0.299929292929293,0.436808080808081,NA
"63",0.0838383838383839,0.0838383838383839,0.169242424242424,0.169242424242424,0.222727272727273
"64",0.0479191919191919,0.194656565656566,0.243424242424242,0.243424242424242,0.357919191919192
"65",0.0476868686868687,0.169979797979798,0.231464646464646,0.231464646464646,0.500707070707071
"66",0.131181818181818,0.131181818181818,0.149414141414141,0.248383838383838,0.749818181818182
"67",0.0924040404040404,0.0924040404040404,0.437919191919192,0.437919191919192,0.50269696969697
"68",0.0922525252525253,0.0922525252525253,0.222030303030303,0.390292929292929,0.420858585858586
"69",0.118181818181818,0.167555555555556,0.167555555555556,0.167555555555556,0.269989898989899
"70",0.0602222222222222,0.0812121212121212,0.284656565656566,0.284656565656566,NA
"71",0.047,0.047,0.222808080808081,0.222808080808081,0.222808080808081
"72",0.0427070707070707,0.129222222222222,0.129222222222222,0.277838383838384,NA
"73",0.152888888888889,0.152888888888889,0.225222222222222,0.238535353535354,0.501393939393939
"74",0.102808080808081,0.102808080808081,0.162424242424242,0.162424242424242,0.46530303030303
"75",0.0436060606060606,0.106686868686869,0.297272727272727,0.365646464646465,NA
"76",0.0484444444444444,0.133141414141414,0.133141414141414,0.295757575757576,0.306383838383838
"77",0.0617171717171717,0.0776666666666667,0.205141414141414,0.205141414141414,0.256323232323232
"78",0.101242424242424,0.101262626262626,0.199434343434343,0.252292929292929,NA
"79",0.160343434343434,0.160343434343434,0.196838383838384,0.19689898989899,0.301686868686869
"80",0.118535353535354,0.118868686868687,0.118868686868687,0.118868686868687,0.504878787878788
"81",0.113383838383838,0.113383838383838,0.118686868686869,0.118686868686869,0.350666666666667
"82",0.0572424242424242,0.132212121212121,0.321272727272727,0.321272727272727,0.354050505050505
"83",0.0453737373737374,0.0785656565656566,0.302979797979798,0.302979797979798,0.329191919191919
"84",0.0405959595959596,0.0864141414141414,0.214515151515152,0.250929292929293,0.356222222222222
"85",0.115212121212121,0.115212121212121,0.115212121212121,0.250727272727273,0.312717171717172
"86",0.0745252525252525,0.104919191919192,0.170464646464646,0.170464646464646,0.426373737373737
"87",0.105262626262626,0.105262626262626,0.422444444444444,0.423020202020202,0.506252525252525
"88",0.0598484848484849,0.0598484848484849,0.245808080808081,0.245808080808081,0.246070707070707
"89",0.0361414141414141,0.143868686868687,0.281626262626263,0.281858585858586,NA
"90",0.0397373737373737,0.11489898989899,0.259737373737374,0.26020202020202,NA
"91",0.0532626262626263,0.0532626262626263,0.212515151515152,0.212515151515152,0.503434343434343
"92",0.078020202020202,0.141767676767677,0.280383838383838,0.280383838383838,0.393212121212121
"93",0.0545555555555556,0.0755151515151515,0.154070707070707,0.231979797979798,0.446646464646465
"94",0.109848484848485,0.109848484848485,0.252232323232323,0.252232323232323,0.548191919191919
"95",0.0653030303030303,0.263151515151515,0.413313131313131,0.456626262626263,NA
"96",0.0671313131313131,0.0671313131313131,0.275151515151515,0.395434343434343,0.395434343434343
"97",0.0445555555555556,0.0481616161616162,0.271868686868687,0.271868686868687,0.309707070707071
"98",0.0637979797979798,0.0637979797979798,0.17030303030303,0.17030303030303,0.274464646464646
"99",0.0471212121212121,0.0553838383838384,0.286070707070707,0.400919191919192,0.418676767676768
"100",0.0607979797979798,0.0658484848484849,0.189585858585859,NA,NA
"101",0.0457272727272727,0.0457272727272727,0.358010101010101,0.417121212121212,0.50879797979798
"102",0.0502929292929293,0.0868181818181818,0.249373737373737,0.249373737373737,0.407252525252525
"103",0.093989898989899,0.214646464646465,0.230242424242424,0.230272727272727,0.35569696969697
"104",0.0478787878787879,0.0684848484848485,0.172828282828283,0.174292929292929,0.553131313131313
"105",0.0438484848484849,0.103626262626263,0.10679797979798,0.10679797979798,0.10679797979798
"106",0.061979797979798,0.174161616161616,0.174686868686869,0.175010101010101,0.329949494949495
"107",0.0565858585858586,0.14679797979798,0.35130303030303,0.391414141414141,NA
"108",0.0627373737373737,0.0627373737373737,0.215717171717172,0.397151515151515,0.431939393939394
"109",0.0947272727272727,0.0947272727272727,0.211808080808081,0.330858585858586,0.330888888888889
"110",0.043020202020202,0.043020202020202,0.266868686868687,0.266868686868687,0.266979797979798
"111",0.0991010101010101,0.0991010101010101,0.100545454545455,0.280080808080808,0.280080808080808
"112",0.048020202020202,0.061979797979798,0.239636363636364,0.239636363636364,0.318505050505051
"113",0.0958888888888889,0.0962929292929293,0.181858585858586,0.181919191919192,0.250141414141414
"114",0.0805858585858586,0.0806969696969697,0.172181818181818,0.172181818181818,0.269919191919192
"115",0.074010101010101,0.0926060606060606,0.0926060606060606,0.237616161616162,0.441858585858586
"116",0.0404444444444444,0.173151515151515,0.352353535353535,NA,NA
"117",0.115858585858586,0.115858585858586,0.404858585858586,0.405333333333333,0.505636363636364
"118",0.0478484848484849,0.0478484848484849,0.393464646464647,0.414222222222222,0.504616161616162
"119",0.0994949494949495,0.100111111111111,0.232242424242424,0.246161616161616,0.246161616161616
"120",0.0399393939393939,0.0656666666666667,0.211818181818182,0.30249494949495,0.30249494949495
"121",0.0643333333333333,0.0643333333333333,0.241020202020202,0.241020202020202,0.508575757575758
"122",0.0462626262626263,0.050040404040404,0.138131313131313,0.138222222222222,0.393555555555556
"123",0.106808080808081,0.106808080808081,0.106808080808081,0.106808080808081,0.107141414141414
"124",0.126838383838384,0.126838383838384,0.198151515151515,0.198151515151515,0.199090909090909
"125",0.0718585858585859,0.190737373737374,0.190737373737374,0.190737373737374,0.509141414141414
"126",0.0493838383838384,0.0740707070707071,0.18059595959596,0.251424242424242,0.313171717171717
"127",0.13,0.13,0.13430303030303,0.134606060606061,0.288888888888889
"128",0.0595454545454545,0.0908686868686869,0.119020202020202,0.243606060606061,0.512868686868687
"129",0.0948989898989899,0.0948989898989899,0.206707070707071,0.206707070707071,0.350383838383838
"130",0.143383838383838,0.257575757575758,0.257575757575758,0.320878787878788,0.619717171717172
"131",0.0960505050505051,0.0960505050505051,0.0995252525252525,0.173818181818182,0.650464646464647
"132",0.045949494949495,0.045949494949495,0.39520202020202,0.39520202020202,0.39520202020202
"133",0.170717171717172,0.170717171717172,0.321909090909091,0.321969696969697,0.906777777777778
"134",0.0903131313131313,0.150060606060606,0.212323232323232,0.276040404040404,0.640030303030303
"135",0.107272727272727,0.107272727272727,0.172181818181818,0.358606060606061,0.358606060606061
"136",0.12440404040404,0.12440404040404,0.229676767676768,0.229676767676768,0.388656565656566
"137",0.0596969696969697,0.0596969696969697,0.223141414141414,0.223141414141414,0.392565656565657
"138",0.0404444444444444,0.148535353535354,0.180333333333333,0.180333333333333,0.264020202020202
"139",0.0825353535353535,0.195434343434343,0.255747474747475,0.263030303030303,NA
"140",0.0792121212121212,0.0792121212121212,0.0843737373737374,0.0843737373737374,0.414010101010101
"141",0.051969696969697,0.131090909090909,0.240181818181818,0.240181818181818,0.380848484848485
"142",0.0506464646464646,0.0506464646464646,0.366313131313131,0.366313131313131,0.36730303030303
"143",0.117959595959596,0.117959595959596,0.117959595959596,NA,NA
"144",0.0573434343434343,0.150131313131313,0.152666666666667,0.486707070707071,0.486757575757576
"145",0.0861111111111111,0.0861111111111111,0.462171717171717,0.602323232323232,0.656363636363636
"146",0.0906868686868687,0.0906868686868687,0.0906868686868687,0.0906868686868687,0.386010101010101
"147",0.0764040404040404,0.222747474747475,0.28979797979798,0.28979797979798,0.690737373737374
"148",0.13789898989899,0.13789898989899,0.173707070707071,0.281727272727273,NA
"149",0.0508888888888889,0.0508888888888889,0.29510101010101,0.373242424242424,0.502737373737374
"150",0.0765353535353535,0.0765353535353535,0.218505050505051,0.218505050505051,NA
"151",0.138373737373737,0.138373737373737,0.138373737373737,0.262535353535354,NA
"152",0.0416767676767677,0.0416767676767677,0.168969696969697,0.168969696969697,0.179010101010101
"153",0.0913737373737374,0.0913737373737374,0.213969696969697,0.213969696969697,0.510070707070707
"154",0.0369292929292929,0.161121212121212,0.442212121212121,0.442212121212121,0.75549494949495
"155",0.048,0.17310101010101,0.197393939393939,0.224747474747475,0.353737373737374
"156",0.0653030303030303,0.32840404040404,0.35520202020202,0.366989898989899,0.403787878787879
"157",0.0714141414141414,0.079989898989899,0.086,0.206474747474748,0.206474747474748
"158",0.0468686868686869,0.0603939393939394,0.268585858585859,0.269676767676768,0.269676767676768
"159",0.0528888888888889,0.0528888888888889,0.216171717171717,0.216171717171717,0.620040404040404
"160",0.135757575757576,0.135757575757576,0.237323232323232,0.237323232323232,0.244
"161",0.0565252525252525,0.0621818181818182,0.254545454545455,0.266282828282828,0.266282828282828
"162",0.0445858585858586,0.0576161616161616,0.18169696969697,0.18169696969697,0.425060606060606
"163",0.0608181818181818,0.195484848484849,0.195484848484849,0.195484848484849,0.320727272727273
"164",0.0406464646464647,0.252020202020202,0.284424242424242,0.284424242424242,0.316090909090909
"165",0.086989898989899,0.0878787878787879,0.154949494949495,0.21879797979798,0.397030303030303
"166",0.0378282828282828,0.0481313131313131,0.382212121212121,0.382212121212121,0.382212121212121
"167",0.083949494949495,0.0881010101010101,0.300191919191919,0.300191919191919,0.457545454545455
"168",0.0435858585858586,0.187393939393939,0.187393939393939,0.200919191919192,0.324727272727273
"169",0.0924747474747475,0.0924747474747475,0.320878787878788,0.320878787878788,0.502070707070707
"170",0.113242424242424,0.113242424242424,0.190313131313131,0.272090909090909,0.752949494949495
"171",0.111252525252525,0.111252525252525,0.173666666666667,0.237909090909091,0.238252525252525
"172",0.0838686868686869,0.0838686868686869,0.142282828282828,0.221363636363636,0.558090909090909
"173",0.125434343434343,0.136646464646465,0.338515151515152,0.340191919191919,NA
"174",0.12710101010101,0.167,0.196656565656566,0.196656565656566,0.278484848484849
"175",0.088979797979798,0.088979797979798,0.295818181818182,0.354040404040404,0.504323232323232
"176",0.0455959595959596,0.0455959595959596,0.157656565656566,0.25820202020202,0.614929292929293
"177",0.0628282828282828,0.0628282828282828,0.0628282828282828,0.263757575757576,0.263757575757576
"178",0.0574040404040404,0.124383838383838,0.254121212121212,0.254121212121212,0.273939393939394
"179",0.0551313131313131,0.231929292929293,0.347737373737374,0.347737373737374,0.355767676767677
"180",0.0413333333333333,0.0764646464646465,0.225454545454545,0.225454545454545,0.504464646464647
"181",0.137323232323232,0.204535353535354,0.204535353535354,0.204535353535354,0.204535353535354
"182",0.092989898989899,0.092989898989899,0.170848484848485,0.269131313131313,0.277949494949495
"183",0.0729393939393939,0.0729393939393939,0.442141414141414,0.442181818181818,0.442181818181818
"184",0.0414444444444445,0.153666666666667,0.194787878787879,0.194787878787879,0.352717171717172
"185",0.0547676767676768,0.0601313131313131,0.185010101010101,0.185010101010101,0.424707070707071
"186",0.0489090909090909,0.0791616161616162,0.291292929292929,0.303292929292929,NA
"187",0.0537777777777778,0.0537777777777778,0.372747474747475,0.372757575757576,0.580171717171717
"188",0.124151515151515,0.124151515151515,0.124151515151515,0.32769696969697,0.330030303030303
"189",0.0495252525252525,0.0806363636363636,0.266242424242424,0.266242424242424,0.268333333333333
"190",0.0515858585858586,0.0558484848484849,0.182353535353535,0.362272727272727,0.362272727272727
"191",0.0480909090909091,0.165757575757576,0.194535353535354,0.194535353535354,0.194535353535354
"192",0.0473434343434343,0.0766464646464647,0.184161616161616,0.184393939393939,0.229565656565657
"193",0.0962929292929293,0.0962929292929293,0.217686868686869,0.217686868686869,0.265444444444444
"194",0.108585858585859,0.10889898989899,0.24689898989899,0.24689898989899,0.24689898989899
"195",0.10569696969697,0.105959595959596,0.336131313131313,0.336131313131313,0.359070707070707
"196",0.0340707070707071,0.117919191919192,0.129080808080808,0.129131313131313,NA
"197",0.0741515151515152,0.0741515151515152,0.192373737373737,0.392656565656566,0.430515151515152
"198",0.0585454545454546,0.0735656565656566,0.208737373737374,0.413919191919192,0.413919191919192
"199",0.111070707070707,0.111070707070707,0.279919191919192,0.279919191919192,0.754363636363636
"200",0.0444141414141414,0.0952121212121212,0.252727272727273,0.252727272727273,0.264868686868687
"201",0.0466161616161616,0.139909090909091,0.217737373737374,0.217737373737374,0.377919191919192
"202",0.0672222222222222,0.171060606060606,0.183,0.231666666666667,0.31689898989899
"203",0.0551616161616162,0.139535353535354,0.139535353535354,0.139535353535354,0.303060606060606
"204",0.0545555555555556,0.0545555555555556,0.0940505050505051,0.223808080808081,0.430989898989899
"205",0.0628989898989899,0.0628989898989899,0.193767676767677,0.323989898989899,0.446626262626263
"206",0.118636363636364,0.169474747474748,0.210828282828283,0.310454545454545,NA
"207",0.140969696969697,0.140969696969697,0.246535353535354,0.246535353535354,0.311959595959596
"208",0.0631919191919192,0.0631919191919192,0.306717171717172,0.326313131313131,0.369363636363636
"209",0.0798080808080808,0.0798080808080808,0.254636363636364,0.254636363636364,0.378464646464647
"210",0.0508888888888889,0.0553333333333333,0.17079797979798,0.171464646464646,0.507080808080808
"211",0.0682020202020202,0.0682020202020202,0.340848484848485,0.340848484848485,0.456686868686869
"212",0.0583232323232323,0.19589898989899,0.196151515151515,0.196838383838384,0.196838383838384
"213",0.0434848484848485,0.13310101010101,0.13310101010101,0.141191919191919,NA
"214",0.0616161616161616,0.105030303030303,0.130212121212121,0.192424242424242,0.282646464646465
"215",0.0627676767676768,0.0768686868686869,0.223828282828283,0.243353535353535,0.518020202020202
"216",0.0514343434343434,0.243353535353535,0.243353535353535,0.243353535353535,0.431282828282828
"217",0.0558484848484849,0.0769191919191919,0.25659595959596,0.345565656565657,0.345565656565657
"218",0.0596060606060606,0.0976565656565657,0.333242424242424,0.333828282828283,NA
"219",0.0514242424242424,0.0514242424242424,0.311181818181818,0.311181818181818,0.311424242424242
"220",0.0846464646464647,0.0846464646464647,0.316737373737374,0.482575757575758,0.482575757575758
"221",0.053020202020202,0.125252525252525,0.125252525252525,0.177060606060606,0.743767676767677
"222",0.0520808080808081,0.165414141414141,0.166555555555556,0.166585858585859,0.660818181818182
"223",0.0954747474747475,0.0954747474747475,0.323525252525253,0.323575757575758,0.551282828282828
"224",0.0561616161616162,0.0561616161616162,0.356717171717172,0.356717171717172,0.356717171717172
"225",0.094020202020202,0.0955555555555556,0.283313131313131,0.283313131313131,0.289161616161616
"226",0.189343434343434,0.207666666666667,0.22459595959596,0.22459595959596,0.496909090909091
"227",0.0438282828282828,0.0765353535353535,0.131080808080808,0.22120202020202,0.446989898989899
"228",0.104919191919192,0.13010101010101,0.13010101010101,0.317454545454545,0.589272727272727
"229",0.0557272727272727,0.297282828282828,0.323929292929293,0.456050505050505,0.547939393939394
"230",0.0354040404040404,0.140585858585859,0.140585858585859,0.17140404040404,0.17140404040404
"231",0.0525353535353535,0.164535353535354,0.218606060606061,0.218606060606061,0.218606060606061
"232",0.0953636363636364,0.0972020202020202,0.281838383838384,0.326191919191919,0.453959595959596
"233",0.068959595959596,0.068959595959596,0.146969696969697,0.146969696969697,0.147323232323232
"234",0.039040404040404,0.046989898989899,0.0763232323232323,0.324444444444444,0.340676767676768
"235",0.0350808080808081,0.0528080808080808,0.151707070707071,0.29420202020202,0.320828282828283
"236",0.0344242424242424,0.147333333333333,0.19459595959596,0.194979797979798,NA
"237",NA,NA,NA,NA,NA
"238",0.0972121212121212,0.0972121212121212,0.133919191919192,0.328838383838384,0.660909090909091
"239",0.0547373737373737,0.0547373737373737,0.213454545454545,0.213474747474747,0.501181818181818
"240",0.0667474747474747,0.0667474747474747,0.223323232323232,0.223323232323232,0.502353535353535
"241",0.0461515151515152,0.0461515151515152,0.165363636363636,0.309565656565657,0.347929292929293
"242",0.0585656565656566,0.0644545454545455,0.318131313131313,0.444818181818182,NA
"243",0.121080808080808,0.121080808080808,0.121080808080808,0.26620202020202,0.26620202020202
"244",0.0533333333333333,0.0533333333333333,0.0533333333333333,0.185868686868687,0.185868686868687
"245",0.0914343434343434,0.0914343434343434,0.410989898989899,0.410989898989899,0.412686868686869
"246",0.0513939393939394,0.171878787878788,0.302,0.302,0.302020202020202
"247",0.115272727272727,0.115272727272727,0.207282828282828,0.303919191919192,NA
"248",0.0339292929292929,0.0734444444444445,0.250030303030303,0.277606060606061,0.277606060606061
"249",0.0901010101010101,0.0901010101010101,0.237222222222222,0.237373737373737,0.241888888888889
"250",0.0363030303030303,0.25810101010101,0.35789898989899,0.35789898989899,0.405535353535354
"251",0.127333333333333,0.127333333333333,0.127333333333333,0.262050505050505,0.326181818181818
"252",0.0455555555555556,0.0629292929292929,0.235646464646465,0.235646464646465,0.256939393939394
"253",0.0724646464646465,0.0724646464646465,0.313555555555556,0.314131313131313,0.314131313131313
"254",0.0666060606060606,0.0666060606060606,0.0666060606060606,0.227666666666667,0.227666666666667
"255",0.0775656565656566,0.0775656565656566,0.240111111111111,0.261343434343434,0.365020202020202
"256",0.0575353535353535,0.167141414141414,0.167141414141414,0.456161616161616,0.460515151515152
"257",0.0616767676767677,0.12130303030303,0.283484848484849,0.29330303030303,0.29330303030303
"258",0.0772424242424243,0.206444444444444,0.206444444444444,0.206444444444444,0.359484848484849
"259",0.062020202020202,0.062020202020202,0.206272727272727,0.206272727272727,0.395969696969697
"260",0.0601212121212121,0.0601212121212121,0.273050505050505,0.30120202020202,0.512353535353535
"261",0.102969696969697,0.152242424242424,0.170929292929293,0.171141414141414,0.171141414141414
"262",0.0433030303030303,0.153676767676768,0.288131313131313,0.288131313131313,0.653959595959596
"263",0.0396565656565657,0.0446666666666667,0.305767676767677,0.516464646464647,NA
"264",0.16749494949495,0.16749494949495,0.17649494949495,0.17649494949495,0.405181818181818
"265",0.0622626262626263,0.154454545454545,0.257525252525253,0.257525252525253,0.595626262626263
"266",0.0618686868686869,0.0618686868686869,0.274555555555556,0.304141414141414,0.364606060606061
"267",0.0585454545454546,0.0737070707070707,0.135858585858586,0.135858585858586,0.309929292929293
"268",0.124828282828283,0.124828282828283,0.133767676767677,0.133767676767677,0.249282828282828
"269",0.0626363636363636,0.195424242424242,0.235080808080808,0.276747474747475,0.382919191919192
"270",0.0613030303030303,0.0613030303030303,0.168545454545455,0.184909090909091,0.378959595959596
"271",0.0383636363636364,0.0979191919191919,0.0981616161616162,0.11969696969697,0.170313131313131
"272",0.0748383838383838,0.0748383838383838,0.156,0.256040404040404,0.428545454545455
"273",0.133868686868687,0.133868686868687,0.214979797979798,0.288383838383838,0.389232323232323
"274",0.0568282828282828,0.124424242424242,0.354616161616162,0.354656565656566,NA
"275",0.0870707070707071,0.0870707070707071,0.242585858585859,0.242585858585859,0.442313131313131
"276",0.0397575757575758,0.0784747474747475,0.189717171717172,0.189717171717172,0.30910101010101
"277",0.0482222222222222,0.173646464646465,0.294454545454545,0.294454545454545,0.297010101010101
"278",0.0491010101010101,0.0775252525252525,0.104181818181818,0.146848484848485,0.160858585858586
"279",0.0406363636363636,0.0781818181818182,0.297929292929293,0.494,NA
"280",0.0527575757575758,0.0702929292929293,0.13910101010101,0.13910101010101,0.557060606060606
"281",0.0869090909090909,0.0914848484848485,0.0963131313131313,0.232585858585859,0.519454545454546
"282",0.044969696969697,0.188373737373737,0.189060606060606,0.194454545454545,0.194454545454545
"283",0.121070707070707,0.121070707070707,0.150343434343434,0.150343434343434,0.156717171717172
"284",0.0524141414141414,0.0570707070707071,0.143414141414141,0.237646464646465,0.238646464646465
"285",0.0507979797979798,0.12220202020202,0.12259595959596,0.12259595959596,0.181575757575758
"286",0.0368787878787879,0.0781717171717172,0.0856363636363636,0.127717171717172,0.127717171717172
"287",0.0507878787878788,0.0507878787878788,0.189545454545455,0.189545454545455,0.630070707070707
"288",0.0378282828282828,0.0784242424242424,0.191030303030303,0.199808080808081,0.221060606060606
"289",0.0381919191919192,0.136040404040404,0.252686868686869,0.252686868686869,NA
"290",0.111757575757576,0.111757575757576,0.246272727272727,0.246272727272727,0.618656565656566
"291",0.117717171717172,0.142848484848485,0.155525252525253,0.253414141414141,0.283949494949495
"292",0.0590909090909091,0.0740707070707071,0.140636363636364,0.142464646464646,0.142464646464646
"293",0.0957070707070707,0.0957070707070707,0.0957070707070707,0.334434343434343,NA
"294",0.0865151515151515,0.0880505050505051,0.102484848484848,0.130848484848485,0.348191919191919
"295",0.0475050505050505,0.0775858585858586,0.306787878787879,0.415090909090909,0.415090909090909
"296",0.104080808080808,0.104080808080808,0.21459595959596,0.21459595959596,NA
"297",0.0563030303030303,0.0563030303030303,0.0995959595959596,0.0995959595959596,0.0995959595959596
"298",0.0527575757575758,0.0527575757575758,0.263161616161616,0.263161616161616,0.263161616161616
"299",0.0817171717171717,0.0817171717171717,0.258262626262626,0.343040404040404,NA
"300",0.103505050505051,0.118474747474747,0.265090909090909,0.265090909090909,NA
"301",0.0445454545454545,0.0571010101010101,0.181565656565657,0.183111111111111,0.245383838383838
"302",0.0397474747474748,0.140969696969697,0.25369696969697,0.324757575757576,0.501686868686869
"303",0.0711515151515152,0.0711515151515152,0.259252525252525,0.290191919191919,0.399606060606061
"304",0.0380606060606061,0.23810101010101,0.23810101010101,0.260050505050505,0.281555555555556
"305",0.0533737373737374,0.145414141414141,0.289313131313131,0.289313131313131,0.289313131313131
"306",0.120666666666667,0.120666666666667,0.278141414141414,0.278141414141414,0.278141414141414
"307",0.0478181818181818,0.182010101010101,0.182010101010101,0.182010101010101,0.274646464646465
"308",0.0573838383838384,0.137121212121212,0.137121212121212,0.137151515151515,0.137151515151515
"309",0.0532424242424242,0.152343434343434,0.331585858585859,0.331585858585859,0.331585858585859
"310",0.0541212121212121,0.0541212121212121,0.192717171717172,0.192717171717172,0.320676767676768
"311",0.0684141414141414,0.0684141414141414,0.202212121212121,0.260989898989899,0.78220202020202
"312",0.0488181818181818,0.132909090909091,0.200565656565657,0.304828282828283,0.32849494949495
"313",0.152080808080808,0.152080808080808,0.244505050505051,0.244505050505051,0.264242424242424
"314",0.063989898989899,0.063989898989899,0.199171717171717,0.199171717171717,0.318070707070707
"315",0.0721414141414141,0.195050505050505,0.195080808080808,0.413979797979798,0.415424242424242
"316",0.0436060606060606,0.0716161616161616,0.0716161616161616,0.222454545454545,0.349787878787879
"317",0.125080808080808,0.125080808080808,0.171969696969697,0.269010101010101,NA
"318",0.0607979797979798,0.0765959595959596,0.316030303030303,0.322585858585859,0.322636363636364
"319",0.0917474747474748,0.0917474747474748,0.281888888888889,0.281888888888889,0.36820202020202
"320",0.254070707070707,0.275060606060606,0.275060606060606,0.432979797979798,0.432979797979798
"321",0.155434343434343,0.155434343434343,0.38379797979798,0.38379797979798,0.441040404040404
"322",0.133606060606061,0.165161616161616,0.165161616161616,0.165161616161616,0.176585858585859
"323",0.0573636363636364,0.114424242424242,0.173262626262626,0.173262626262626,0.447606060606061
"324",0.100252525252525,0.100252525252525,0.319313131313131,0.322959595959596,0.436272727272727
"325",0.0915050505050505,0.188545454545455,0.188545454545455,0.395282828282828,0.398090909090909
"326",0.0541212121212121,0.0541212121212121,0.213121212121212,0.213121212121212,0.213121212121212
"327",0.0395959595959596,0.0779393939393939,0.0779393939393939,0.184989898989899,0.507151515151515
"328",0.0712424242424242,0.207626262626263,0.274555555555556,0.274555555555556,0.499434343434343
"329",0.0582222222222222,0.0582222222222222,0.26120202020202,0.30630303030303,0.635767676767677
"330",0.0746969696969697,0.128383838383838,0.249777777777778,0.269424242424242,0.519989898989899
"331",0.0420707070707071,0.0618080808080808,0.168141414141414,0.168141414141414,0.455525252525253
"332",0.0377272727272727,0.0481010101010101,0.160505050505051,NA,NA
"333",0.0664343434343434,0.0664343434343434,0.23030303030303,0.398929292929293,0.398929292929293
"334",0.0345555555555556,0.143333333333333,0.205191919191919,0.205191919191919,NA
"335",0.0811212121212121,0.157555555555556,0.157555555555556,0.16910101010101,0.461111111111111
"336",0.0746161616161616,0.125494949494949,0.125494949494949,0.631252525252525,0.631252525252525
"337",0.0738181818181818,0.0738181818181818,0.270343434343434,0.270343434343434,0.278606060606061
"338",0.0587272727272727,0.0587272727272727,0.209868686868687,0.209868686868687,0.209868686868687
"339",NA,NA,NA,NA,NA
"340",0.0566565656565657,0.179141414141414,0.183525252525253,0.323080808080808,0.323080808080808
"341",0.0438181818181818,0.0552121212121212,0.2,0.291020202020202,NA
"342",0.0336767676767677,0.112181818181818,0.27449494949495,0.43449494949495,NA
"343",0.0779393939393939,0.114818181818182,0.286656565656566,0.320121212121212,0.375919191919192
"344",0.0473131313131313,0.0882828282828283,0.19089898989899,0.191282828282828,NA
"345",0.113959595959596,0.113959595959596,0.113959595959596,0.113959595959596,0.26430303030303
"346",0.0422020202020202,0.254191919191919,0.257,0.257,0.760050505050505
"347",0.14749494949495,0.158070707070707,0.158070707070707,0.317949494949495,0.506040404040404
"348",0.18169696969697,0.181707070707071,0.279222222222222,0.327959595959596,0.327959595959596
"349",0.0996666666666667,0.0996666666666667,0.198222222222222,0.198222222222222,0.277757575757576
"350",0.0597575757575758,0.0597575757575758,0.333565656565657,0.333565656565657,0.333565656565657
"351",0.047,0.047,0.225212121212121,0.225212121212121,0.296535353535354
"352",0.0632121212121212,0.0705151515151515,0.326777777777778,0.333858585858586,0.512070707070707
"353",0.0804949494949495,0.0804949494949495,0.133666666666667,0.133666666666667,0.446636363636364
"354",0.078010101010101,0.234717171717172,0.267939393939394,0.267939393939394,0.354070707070707
"355",0.0525959595959596,0.0792323232323232,0.25110101010101,0.25110101010101,0.459919191919192
"356",0.0453535353535354,0.0584141414141414,0.126363636363636,0.126363636363636,0.623757575757576
"357",0.0661212121212121,0.0746969696969697,0.276646464646465,0.276989898989899,0.325464646464647
"358",0.056,0.056,0.108707070707071,0.108707070707071,0.184555555555556
"359",0.056949494949495,0.056949494949495,0.161,0.161040404040404,NA
"360",0.0608686868686869,0.0608686868686869,0.175606060606061,0.175616161616162,0.253414141414141
"361",0.0440707070707071,0.159838383838384,0.526909090909091,0.526909090909091,0.526909090909091
"362",0.0800505050505051,0.0800505050505051,0.149181818181818,0.149181818181818,0.149181818181818
"363",0.0580808080808081,0.125585858585859,0.125585858585859,0.12630303030303,0.302181818181818
"364",0.103060606060606,0.103060606060606,0.149070707070707,0.434020202020202,0.62079797979798
"365",0.0846464646464647,0.0846464646464647,0.235323232323232,0.350686868686869,0.38920202020202
"366",0.0974444444444445,0.0974444444444445,0.355939393939394,0.355939393939394,0.355939393939394
"367",0.0556565656565657,0.0556565656565657,0.0556565656565657,0.287292929292929,0.287292929292929
"368",0.0406565656565657,0.0406565656565657,0.114717171717172,0.157656565656566,NA
"369",0.0666767676767677,0.0666767676767677,0.293232323232323,0.338818181818182,0.338818181818182
"370",0.0762727272727273,0.0800505050505051,0.0800505050505051,0.287454545454545,0.472606060606061
"371",0.0745757575757576,0.129121212121212,0.345787878787879,0.357909090909091,0.357909090909091
"372",0.138606060606061,0.138606060606061,0.335141414141414,0.335141414141414,0.335141414141414
"373",0.0613030303030303,0.0613030303030303,0.323292929292929,0.323292929292929,0.356636363636364
"374",0.055989898989899,0.055989898989899,0.250888888888889,0.250888888888889,0.547868686868687
"375",0.0782020202020202,0.0782020202020202,0.0782020202020202,0.190181818181818,0.553939393939394
"376",0.0618080808080808,0.0618080808080808,0.176090909090909,0.272959595959596,0.707909090909091
"377",0.0530505050505051,0.0530505050505051,0.0738989898989899,0.0782121212121212,0.56469696969697
"378",0.045949494949495,0.0496868686868687,0.142575757575758,0.306777777777778,0.306777777777778
"379",0.0844343434343434,0.0879191919191919,0.236010101010101,0.314171717171717,0.352292929292929
"380",0.0507979797979798,0.0507979797979798,0.193939393939394,0.289565656565657,0.289565656565657
"381",0.180030303030303,0.180030303030303,0.298161616161616,0.304767676767677,0.304767676767677
"382",0.0794040404040404,0.102525252525253,0.102909090909091,0.321222222222222,0.321222222222222
"383",0.0547070707070707,0.0547070707070707,0.0625050505050505,0.257525252525253,0.397414141414141
"384",0.0392121212121212,0.0912626262626263,0.11879797979798,0.140292929292929,0.250787878787879
"385",0.114131313131313,0.133959595959596,0.286323232323232,0.482393939393939,NA
"386",0.0331313131313131,0.140505050505051,0.156424242424242,0.156424242424242,0.156424242424242
"387",0.118151515151515,0.118151515151515,0.277252525252525,0.49169696969697,0.492060606060606
"388",0.0485757575757576,0.107676767676768,0.123484848484848,0.372929292929293,NA
"389",0.0628383838383838,0.173060606060606,0.247949494949495,0.247949494949495,0.247949494949495
"390",0.0808484848484849,0.0808484848484849,0.330676767676768,0.330676767676768,0.330676767676768
"391",0.0615656565656566,0.0615656565656566,0.248181818181818,0.28110101010101,0.291393939393939
"392",0.147737373737374,0.147737373737374,0.214292929292929,0.214292929292929,0.53710101010101
"393",0.171141414141414,0.186989898989899,0.186989898989899,0.186989898989899,0.18769696969697
"394",0.0404242424242424,0.0788484848484848,0.0788787878787879,0.113606060606061,NA
"395",0.0822424242424243,0.0822424242424243,0.262191919191919,0.262191919191919,NA
"396",0.0563434343434343,0.230717171717172,0.230717171717172,0.401383838383838,0.401383838383838
"397",0.147616161616162,0.147616161616162,0.239888888888889,0.285333333333333,0.508626262626263
"398",0.112393939393939,0.112393939393939,0.218313131313131,0.218313131313131,NA
"399",0.109676767676768,0.109676767676768,0.155929292929293,0.286828282828283,0.299707070707071
"400",0.106424242424242,0.127676767676768,0.127676767676768,0.310636363636364,0.327727272727273
"401",0.0441313131313131,0.0557676767676768,0.0570606060606061,NA,NA
"402",0.0451111111111111,0.0584343434343434,0.114272727272727,0.114272727272727,NA
"403",0.0631717171717172,0.0700808080808081,0.152717171717172,0.152717171717172,NA
"404",0.0708989898989899,0.0708989898989899,0.165939393939394,0.165939393939394,0.46820202020202
"405",0.0537777777777778,0.0537777777777778,0.172272727272727,0.379242424242424,0.379242424242424
"406",0.0460505050505051,0.145111111111111,0.160929292929293,0.161060606060606,0.197888888888889
"407",0.170434343434343,0.213959595959596,0.213959595959596,0.213989898989899,0.413474747474747
"408",0.0694242424242424,0.0694242424242424,0.121323232323232,0.283969696969697,0.630232323232323
"409",0.0995353535353535,0.0995353535353535,0.212606060606061,0.382181818181818,0.382626262626263
"410",0.096939393939394,0.096939393939394,0.193070707070707,0.193676767676768,0.37140404040404
"411",0.0615050505050505,0.0768787878787879,0.296555555555556,0.296555555555556,0.30149494949495
"412",0.0630808080808081,0.0630808080808081,0.262939393939394,0.301454545454545,NA
"413",0.0591717171717172,0.066949494949495,0.298010101010101,0.525363636363636,NA
"414",0.0463030303030303,0.219333333333333,0.219333333333333,0.265545454545455,NA
"415",0.0521111111111111,0.131090909090909,0.167191919191919,0.167191919191919,NA
"416",0.0387070707070707,0.0461616161616162,0.189060606060606,0.189060606060606,0.287
"417",0.0461616161616162,0.0564040404040404,0.0564040404040404,0.0564040404040404,0.302191919191919
"418",0.0575151515151515,0.114878787878788,0.48079797979798,0.48079797979798,0.71140404040404
"419",0.0563434343434343,0.104787878787879,0.271717171717172,0.271717171717172,0.411080808080808
"420",0.155919191919192,0.155919191919192,0.172565656565657,0.442191919191919,0.506565656565657
"421",0.121464646464646,0.121464646464646,0.194929292929293,0.194949494949495,0.256555555555556
"422",0.113727272727273,0.113727272727273,0.232292929292929,0.232292929292929,0.543191919191919
"423",0.0766262626262626,0.154262626262626,0.183222222222222,0.238363636363636,0.238363636363636
"424",0.0543434343434343,0.0543434343434343,0.14069696969697,0.14069696969697,0.325808080808081
"425",0.153717171717172,0.172717171717172,0.238414141414141,0.383727272727273,0.383727272727273
"426",0.0461616161616162,0.0865656565656566,0.169161616161616,0.308121212121212,0.410757575757576
"427",0.120474747474747,0.120474747474747,0.300292929292929,0.345505050505051,NA
"428",0.0776262626262626,0.235353535353535,0.238353535353535,0.238353535353535,0.238353535353535
"429",0.047959595959596,0.0563838383838384,0.305737373737374,0.308969696969697,0.329717171717172
"430",0.120020202020202,0.120020202020202,0.205707070707071,0.222515151515152,NA
"431",0.101545454545455,0.142272727272727,0.142464646464646,0.142464646464646,0.296858585858586
"432",0.0844343434343434,0.0844343434343434,0.127313131313131,0.250919191919192,0.499262626262626
"433",0.0531010101010101,0.146323232323232,0.258616161616162,0.26130303030303,NA
"434",0.071020202020202,0.123323232323232,0.28949494949495,0.477212121212121,0.477212121212121
"435",0.0666161616161616,0.168979797979798,0.218171717171717,0.225969696969697,0.459919191919192
"436",0.293424242424242,0.293424242424242,0.33269696969697,0.33269696969697,0.588333333333333
"437",0.103666666666667,0.103666666666667,0.234333333333333,0.372838383838384,0.372838383838384
"438",0.214565656565657,0.257565656565657,0.258545454545455,0.280939393939394,0.280939393939394
"439",0.106515151515152,0.106515151515152,0.34079797979798,0.34079797979798,0.509535353535354
"440",0.0456464646464647,0.0492727272727273,0.217434343434343,0.217434343434343,NA
"441",0.0437878787878788,0.0437878787878788,0.339656565656566,0.339656565656566,NA
"442",0.0534646464646465,0.0585656565656566,0.182666666666667,0.182666666666667,0.571232323232323
"443",0.0999090909090909,0.131484848484848,0.185858585858586,0.235272727272727,0.367272727272727
"444",0.0473131313131313,0.169040404040404,0.286868686868687,0.286868686868687,0.464606060606061
"445",0.0529292929292929,0.0529292929292929,0.363717171717172,0.404010101010101,0.404010101010101
"446",0.0592424242424242,0.167636363636364,0.220737373737374,0.336323232323232,0.336323232323232
"447",0.0693636363636364,0.0693636363636364,0.103858585858586,0.103858585858586,0.373232323232323
"448",0.0693838383838384,0.106525252525253,0.184868686868687,0.456525252525253,0.456525252525253
"449",0.0582121212121212,0.184777777777778,0.184777777777778,0.184777777777778,0.468434343434343
"450",0.0483838383838384,0.0483838383838384,0.200131313131313,0.362767676767677,NA
"451",0.0484242424242424,0.148717171717172,0.406252525252525,0.406252525252525,0.406252525252525
"452",0.0424040404040404,0.159313131313131,0.159313131313131,0.310787878787879,0.498787878787879
"453",0.0495454545454546,0.0591515151515152,0.117858585858586,0.209646464646465,0.312555555555556
"454",0.168222222222222,0.174050505050505,0.263,0.380050505050505,NA
"455",0.0582323232323232,0.165545454545455,0.165545454545455,0.165545454545455,0.359878787878788
"456",0.0347171717171717,0.0944848484848485,0.299707070707071,0.299707070707071,0.308434343434343
"457",0.0730505050505051,0.193818181818182,0.333131313131313,0.333161616161616,0.333161616161616
"458",0.0473636363636364,0.218242424242424,0.218242424242424,0.218242424242424,0.393535353535354
"459",0.0604343434343434,0.0604343434343434,0.137242424242424,0.168111111111111,0.500252525252525
"460",0.0536262626262626,0.0591111111111111,0.127757575757576,0.42889898989899,0.42889898989899
"461",0.0563737373737374,0.147858585858586,0.224181818181818,0.236464646464646,0.236464646464646
"462",0.0453434343434343,0.113575757575758,0.188626262626263,0.190161616161616,0.276666666666667
"463",0.105040404040404,0.105191919191919,0.184666666666667,0.443838383838384,0.639141414141414
"464",0.0665555555555556,0.0665555555555556,0.123252525252525,0.123252525252525,0.347606060606061
"465",0.117333333333333,0.117333333333333,0.124444444444444,0.171242424242424,0.231606060606061
"466",0.0652323232323232,0.0652323232323232,0.155555555555556,0.395252525252525,0.548111111111111
"467",0.0705454545454546,0.0705454545454546,0.0706464646464647,0.256343434343434,0.256343434343434
"468",0.0571616161616162,0.158606060606061,0.248444444444444,0.248444444444444,0.400131313131313
"469",0.0735050505050505,0.0735050505050505,0.378545454545455,0.411454545454546,NA
"470",0.0786666666666667,0.0786666666666667,0.197111111111111,0.301383838383838,0.511565656565657
"471",0.115808080808081,0.159313131313131,0.405363636363636,NA,NA
"472",0.062010101010101,0.062010101010101,0.231151515151515,0.231151515151515,0.291464646464646
"473",0.0531717171717172,0.159535353535354,0.159535353535354,0.159535353535354,0.606191919191919
"474",0.162363636363636,0.162363636363636,0.16869696969697,0.184979797979798,0.552636363636364
"475",0.0523333333333333,0.0523333333333333,0.286474747474747,0.286474747474747,0.574474747474747
"476",0.266545454545455,0.266545454545455,0.266545454545455,0.307242424242424,0.307242424242424
"477",0.0462626262626263,0.0462626262626263,0.074949494949495,0.32230303030303,0.362212121212121
"478",0.0877575757575758,0.0877575757575758,0.261525252525253,0.261525252525253,0.349373737373737
"479",0.0358787878787879,0.0456868686868687,0.0533030303030303,0.0653333333333333,0.310979797979798
"480",0.0958888888888889,0.0960505050505051,0.25840404040404,0.318393939393939,NA
"481",0.0566464646464647,0.0623434343434343,0.172525252525253,0.283979797979798,0.352222222222222
"482",0.0446161616161616,0.0573131313131313,0.297747474747475,0.297747474747475,0.300080808080808
"483",0.0524545454545455,0.107232323232323,0.409424242424242,0.409434343434343,0.439777777777778
"484",0.0547070707070707,0.176525252525253,0.310606060606061,0.354010101010101,0.495787878787879
"485",0.0757979797979798,0.266747474747475,0.266787878787879,0.357515151515152,0.509070707070707
"486",0.0465757575757576,0.118848484848485,0.166505050505051,0.166505050505051,0.439545454545455
"487",0.052,0.0673030303030303,0.226979797979798,0.226979797979798,0.332111111111111
"488",0.0784646464646465,0.193121212121212,0.240676767676768,0.297989898989899,0.381383838383838
"489",0.0968888888888889,0.0968888888888889,0.143686868686869,0.32040404040404,0.32040404040404
"490",0.0509090909090909,0.0609393939393939,0.232242424242424,0.361626262626263,0.414818181818182
"491",0.0486565656565657,0.0598989898989899,0.0598989898989899,0.121515151515152,0.318474747474748
"492",0.0364343434343434,0.0542222222222222,0.394666666666667,0.394666666666667,NA
"493",0.0386363636363636,0.0466464646464647,0.14030303030303,0.339484848484849,0.339484848484849
"494",0.0425555555555556,0.0737575757575758,0.274454545454545,0.274454545454545,0.500505050505051
"495",0.0933434343434344,0.0933434343434344,0.24810101010101,0.341626262626263,0.386676767676768
"496",0.0592121212121212,0.185050505050505,0.363020202020202,0.363020202020202,NA
"497",0.0785959595959596,0.0785959595959596,0.157333333333333,0.166464646464646,0.167121212121212
"498",0.0495555555555556,0.0495555555555556,0.253787878787879,0.392454545454546,0.461717171717172
"499",0.0858080808080808,0.0876767676767677,0.25610101010101,0.25610101010101,0.507949494949495
"500",0.0512929292929293,0.102949494949495,0.103181818181818,0.271969696969697,0.502454545454545
"501",0.0725151515151515,0.0725151515151515,0.269434343434343,0.269434343434343,0.408939393939394
"502",0.089979797979798,0.089979797979798,0.168111111111111,0.168212121212121,NA
"503",0.127737373737374,0.187454545454545,0.336535353535354,0.350919191919192,NA
"504",0.0381212121212121,0.213767676767677,0.358121212121212,0.358121212121212,0.448919191919192
"505",0.13949494949495,0.195262626262626,0.23159595959596,0.265040404040404,0.833515151515152
"506",0.0585050505050505,0.0586767676767677,0.0586767676767677,0.254010101010101,0.254010101010101
"507",0.0415050505050505,0.171828282828283,0.229959595959596,0.292363636363636,NA
"508",0.15749494949495,0.15749494949495,0.162343434343434,0.361161616161616,0.421323232323232
"509",0.122050505050505,0.122050505050505,0.122050505050505,0.258212121212121,0.446525252525253
"510",0.0545858585858586,0.0545858585858586,0.207343434343434,0.207343434343434,0.388838383838384
"511",0.0676464646464646,0.171313131313131,0.213262626262626,0.213444444444444,0.505232323232323
"512",0.0836666666666667,0.0836666666666667,0.327828282828283,0.339383838383838,NA
"513",0.0674747474747475,0.127828282828283,0.265676767676768,0.330141414141414,0.516161616161616
"514",0.0420505050505051,0.294868686868687,0.411919191919192,0.496292929292929,0.509888888888889
"515",0.0815353535353535,0.248333333333333,0.347969696969697,0.386626262626263,0.438383838383838
"516",0.0861111111111111,0.0882626262626263,0.166676767676768,0.351252525252525,NA
"517",0.065939393939394,0.065939393939394,0.294808080808081,0.294838383838384,0.429474747474748
"518",0.0779191919191919,0.0779191919191919,0.132616161616162,0.275888888888889,0.443787878787879
"519",0.0616767676767677,0.0616767676767677,0.107535353535354,0.257929292929293,0.326454545454545
"520",0.13269696969697,0.13269696969697,0.203434343434343,0.203434343434343,NA
"521",0.0393737373737374,0.053979797979798,0.260353535353535,0.539888888888889,0.539888888888889
"522",0.045959595959596,0.045959595959596,0.102676767676768,0.133040404040404,0.443848484848485
"523",0.0610808080808081,0.067989898989899,0.240686868686869,0.240686868686869,0.293474747474747
"524",0.0553838383838384,0.0766262626262626,0.171545454545455,0.183545454545455,0.317151515151515
"525",0.073989898989899,0.0947070707070707,0.0947070707070707,0.0947070707070707,0.599858585858586
"526",0.052949494949495,0.0764242424242424,0.342515151515152,0.342808080808081,NA
"527",0.0853535353535354,0.0966464646464646,0.0966464646464646,0.234707070707071,0.397656565656566
"528",0.145747474747475,0.146969696969697,0.146969696969697,0.149535353535354,0.249080808080808
"529",0.0423131313131313,0.0843232323232323,0.245040404040404,0.253151515151515,0.345141414141414
"530",0.0552929292929293,0.0608888888888889,0.29520202020202,0.321414141414141,0.552858585858586
"531",0.042959595959596,0.137242424242424,0.246484848484849,0.246484848484849,NA
"532",0.0715151515151515,0.0715151515151515,0.271020202020202,0.41040404040404,0.578646464646465
"533",0.045959595959596,0.0706262626262626,0.121979797979798,0.121979797979798,0.381707070707071
"534",0.0496868686868687,0.0496868686868687,0.338757575757576,0.338757575757576,0.43989898989899
"535",0.0428484848484849,0.0428484848484849,0.227525252525253,0.227525252525253,0.238959595959596
"536",0.0595959595959596,0.281313131313131,0.339323232323232,0.339323232323232,0.504141414141414
"537",0.0421717171717172,0.19620202020202,0.227929292929293,0.541545454545455,0.55530303030303
"538",0.058020202020202,0.257828282828283,0.257919191919192,0.257919191919192,NA
"539",0.0454444444444444,0.172656565656566,0.180010101010101,0.180010101010101,0.284262626262626
"540",0.122828282828283,0.122828282828283,0.235232323232323,0.235232323232323,0.357767676767677
"541",0.0603232323232323,0.0603232323232323,0.257262626262626,0.325444444444444,0.465393939393939
"542",0.0512323232323232,0.146555555555556,0.146555555555556,0.298838383838384,NA
"543",0.0513939393939394,0.0513939393939394,0.155848484848485,0.381424242424242,0.597434343434343
"544",0.168393939393939,0.168393939393939,0.199808080808081,0.199808080808081,0.236747474747475
"545",0.0721010101010101,0.0721010101010101,0.321979797979798,0.378727272727273,0.503666666666667
"546",0.0627777777777778,0.0627777777777778,0.329171717171717,0.329171717171717,0.329171717171717
"547",0.108060606060606,0.113060606060606,0.223191919191919,0.223191919191919,0.391191919191919
"548",0.0462020202020202,0.0595151515151515,0.0664343434343434,0.231313131313131,0.231313131313131
"549",0.0428282828282828,0.0630707070707071,0.234131313131313,0.234131313131313,0.423686868686869
"550",0.131111111111111,0.138131313131313,0.138131313131313,0.37020202020202,0.370515151515152
"551",NA,NA,NA,NA,NA
"552",0.0610707070707071,0.178474747474747,0.194606060606061,0.253,0.410717171717172
"553",0.0663434343434343,0.0663434343434343,0.218333333333333,0.218333333333333,0.252313131313131
"554",0.041020202020202,0.0434646464646465,0.276393939393939,0.295767676767677,NA
"555",0.112484848484848,0.112515151515152,0.230656565656566,0.230737373737374,0.594969696969697
"556",0.0901212121212121,0.0901212121212121,0.350686868686869,0.362949494949495,0.362949494949495
"557",0.0716666666666667,0.177838383838384,0.248070707070707,0.248070707070707,NA
"558",0.035,0.102222222222222,0.345191919191919,NA,NA
"559",0.045,0.0692020202020202,0.121262626262626,0.38230303030303,0.589363636363636
"560",0.118979797979798,0.118979797979798,0.285787878787879,0.285818181818182,NA
"561",0.0907272727272727,0.197272727272727,0.288717171717172,0.288717171717172,0.288717171717172
"562",0.100555555555556,0.100555555555556,0.204161616161616,0.204161616161616,NA
"563",0.0497575757575758,0.146434343434343,0.146434343434343,0.225323232323232,0.225323232323232
"564",0.0548787878787879,0.0824444444444444,0.237292929292929,0.237292929292929,0.304484848484849
"565",0.0547373737373737,0.0547373737373737,0.0955050505050505,0.313020202020202,0.373111111111111
"566",0.0452222222222222,0.108020202020202,0.142020202020202,0.142020202020202,0.493777777777778
"567",0.0684040404040404,0.0684040404040404,0.18669696969697,0.197292929292929,0.197292929292929
"568",0.051979797979798,0.115060606060606,0.115060606060606,0.270323232323232,NA
"569",0.0790505050505051,0.103636363636364,0.242585858585859,0.242585858585859,0.316161616161616
"570",0.0573030303030303,0.0698383838383838,0.233949494949495,0.305777777777778,0.305787878787879
"571",0.0765151515151515,0.0767070707070707,0.263828282828283,0.263828282828283,0.263828282828283
"572",0.157040404040404,0.157040404040404,0.179858585858586,0.179858585858586,0.38079797979798
"573",0.0387171717171717,0.0475959595959596,0.100333333333333,0.428787878787879,0.43310101010101
"574",0.050030303030303,0.0808787878787879,0.167757575757576,0.17030303030303,0.302585858585859
"575",0.0945454545454546,0.0945454545454546,0.249262626262626,0.249414141414141,0.591
"576",0.0551717171717172,0.0551717171717172,0.210272727272727,0.265606060606061,0.265606060606061
"577",0.0495858585858586,0.0533131313131313,0.19979797979798,0.19979797979798,0.287878787878788
"578",0.0747272727272727,0.11849494949495,0.251010101010101,0.279727272727273,0.501181818181818
"579",0.051949494949495,0.051949494949495,0.117515151515152,0.127040404040404,0.167515151515152
"580",0.0515151515151515,0.054030303030303,0.214616161616162,NA,NA
"581",0.0935353535353535,0.0936767676767677,0.182888888888889,0.195777777777778,NA
"582",0.0585151515151515,0.0585151515151515,0.26279797979798,0.26279797979798,0.514414141414141
"583",0.106454545454545,0.106454545454545,0.106454545454545,0.330848484848485,0.331090909090909
"584",0.0682525252525253,0.106313131313131,0.172878787878788,0.233343434343434,0.283979797979798
"585",0.0461919191919192,0.0664343434343434,0.229606060606061,0.320282828282828,0.417919191919192
"586",0.160767676767677,0.160767676767677,0.256434343434343,0.393131313131313,0.393131313131313
"587",0.15749494949495,0.15749494949495,0.166959595959596,0.166959595959596,0.200646464646465
"588",0.0994343434343434,0.100252525252525,0.483151515151515,NA,NA
"589",0.051,0.121292929292929,0.12149494949495,0.34720202020202,0.355989898989899
"590",0.0619393939393939,0.0951111111111111,0.320565656565657,0.320565656565657,0.507929292929293
"591",0.0614646464646465,0.0614646464646465,0.0614646464646465,0.319181818181818,0.320717171717172
"592",0.0512929292929293,0.0556969696969697,0.259686868686869,0.259686868686869,0.264767676767677
"593",0.0621111111111111,0.196272727272727,0.196272727272727,0.353262626262626,0.353262626262626
"594",0.108858585858586,0.146484848484848,0.211212121212121,0.211212121212121,NA
"595",0.0806363636363636,0.187414141414141,0.187414141414141,0.259363636363636,0.510484848484849
"596",0.0448888888888889,0.0782626262626263,0.27669696969697,0.27669696969697,0.558343434343434
"597",0.0765151515151515,0.125323232323232,0.125323232323232,0.125575757575758,0.306939393939394
"598",0.114727272727273,0.114727272727273,0.274606060606061,0.532353535353535,0.538828282828283
"599",0.057969696969697,0.057969696969697,0.204888888888889,0.204888888888889,0.517868686868687
"600",0.0591919191919192,0.0591919191919192,0.324010101010101,0.324010101010101,0.324010101010101
"601",0.0535151515151515,0.0964545454545455,0.228242424242424,0.31210101010101,NA
"602",0.0472626262626263,0.181040404040404,0.188878787878788,0.359282828282828,0.551686868686869
"603",0.0585151515151515,0.0960404040404041,0.16549494949495,0.166020202020202,0.435121212121212
"604",0.0582828282828283,0.0582828282828283,0.23769696969697,0.358030303030303,0.358151515151515
"605",0.106505050505051,0.163161616161616,0.163161616161616,0.216383838383838,0.322121212121212
"606",0.102949494949495,0.102949494949495,0.11020202020202,0.132030303030303,0.396424242424242
"607",0.110414141414141,0.110444444444444,0.110444444444444,0.181878787878788,0.453191919191919
"608",0.0904444444444445,0.144555555555556,0.166585858585859,0.166585858585859,0.367737373737374
"609",0.0629090909090909,0.154080808080808,0.16610101010101,0.216353535353535,0.572444444444445
"610",0.0402121212121212,0.0402121212121212,0.0648989898989899,0.210070707070707,0.502181818181818
"611",0.0569191919191919,0.107050505050505,0.289272727272727,0.289272727272727,0.28989898989899
"612",0.0623636363636364,0.0785151515151515,0.341929292929293,0.341929292929293,NA
"613",0.057979797979798,0.152585858585859,0.273656565656566,0.318070707070707,0.502343434343434
"614",0.0993333333333333,0.0993333333333333,0.0993333333333333,0.324505050505051,0.436818181818182
"615",0.0428484848484849,0.168121212121212,0.317484848484849,0.317484848484849,0.389646464646465
"616",0.0469090909090909,0.0469090909090909,0.258828282828283,0.344363636363636,NA
"617",0.0533232323232323,0.0533232323232323,0.184717171717172,0.256939393939394,0.457767676767677
"618",0.0481010101010101,0.0481010101010101,0.266888888888889,0.266888888888889,0.504565656565657
"619",0.0426060606060606,0.207020202020202,0.23730303030303,0.368262626262626,0.368262626262626
"620",0.083979797979798,0.112373737373737,0.271555555555556,0.271555555555556,0.502
"621",0.106636363636364,0.106636363636364,0.319787878787879,0.319787878787879,NA
"622",0.132808080808081,0.132808080808081,0.203212121212121,0.203212121212121,0.204313131313131
"623",0.126606060606061,0.126606060606061,0.171222222222222,0.349060606060606,0.377707070707071
"624",0.083979797979798,0.0847474747474748,0.252010101010101,0.252010101010101,0.742888888888889
"625",0.0420707070707071,0.0485858585858586,0.105222222222222,0.105222222222222,0.321393939393939
"626",0.0416969696969697,0.109232323232323,0.109242424242424,0.28969696969697,0.28969696969697
"627",0.035040404040404,0.153454545454545,0.183414141414141,NA,NA
"628",0.046989898989899,0.238030303030303,0.42879797979798,0.42879797979798,0.42879797979798
"629",0.119050505050505,0.122565656565657,0.198,NA,NA
"630",0.0660909090909091,0.0660909090909091,0.308272727272727,0.308353535353535,0.570383838383838
"631",0.0435656565656566,0.139111111111111,0.194525252525253,0.31320202020202,0.409868686868687
"632",0.0646969696969697,0.0646969696969697,0.202818181818182,0.203535353535354,0.302181818181818
"633",0.12110101010101,0.12110101010101,0.269515151515152,0.469464646464647,0.47020202020202
"634",0.108434343434343,0.108434343434343,0.265030303030303,0.265030303030303,0.265030303030303
"635",0.0596262626262626,0.0596262626262626,0.159010101010101,0.159010101010101,0.406252525252525
"636",0.103010101010101,0.103010101010101,0.104232323232323,0.104393939393939,0.183585858585859
"637",0.0797373737373737,0.0797373737373737,0.132929292929293,0.299060606060606,0.333868686868687
"638",0.0828080808080808,0.0828080808080808,0.0887878787878788,0.174,0.328262626262626
"639",0.0932020202020202,0.0940606060606061,0.0940606060606061,0.0940606060606061,0.466707070707071
"640",0.194727272727273,0.195080808080808,0.294414141414141,0.294414141414141,0.50759595959596
"641",0.106090909090909,0.106090909090909,0.154161616161616,0.154161616161616,NA
"642",0.0808888888888889,0.0808888888888889,0.245555555555556,0.245555555555556,NA
"643",0.0514848484848485,0.0514848484848485,0.159444444444444,0.400454545454546,0.510363636363636
"644",0.138131313131313,0.138131313131313,0.215626262626263,0.519868686868687,NA
"645",0.0440909090909091,0.135232323232323,0.170464646464646,0.171060606060606,0.421707070707071
"646",0.045989898989899,0.0706464646464647,0.240393939393939,0.257141414141414,0.755919191919192
"647",0.0695555555555556,0.0695555555555556,0.0788585858585859,0.0788585858585859,0.425050505050505
"648",0.0347676767676768,0.0525353535353535,0.162111111111111,0.162111111111111,NA
"649",0.123282828282828,0.123282828282828,0.123282828282828,0.12340404040404,0.546828282828283
"650",0.0376969696969697,0.0376969696969697,0.382272727272727,0.382272727272727,NA
"651",0.075030303030303,0.0902222222222222,0.0902626262626263,0.165666666666667,0.175484848484848
"652",0.0718585858585859,0.0718585858585859,0.272323232323232,0.286161616161616,0.755090909090909
"653",0.141,0.141,0.28610101010101,0.290808080808081,0.290808080808081
"654",0.125444444444444,0.125444444444444,0.197424242424242,0.323181818181818,0.752545454545455
"655",0.0620909090909091,0.0620909090909091,0.157070707070707,0.464808080808081,0.464808080808081
"656",0.0590909090909091,0.169606060606061,0.350161616161616,0.379191919191919,0.41340404040404
"657",0.149787878787879,0.149787878787879,0.176575757575758,0.176575757575758,0.454525252525253
"658",0.171868686868687,0.171868686868687,0.239707070707071,0.239707070707071,0.242484848484848
"659",0.0638787878787879,0.0638787878787879,0.251616161616162,0.251616161616162,0.255626262626263
"660",0.237737373737374,0.241727272727273,0.256838383838384,0.256838383838384,NA
"661",0.105555555555556,0.105737373737374,0.234848484848485,0.239222222222222,0.352545454545455
"662",0.105292929292929,0.105525252525253,0.192878787878788,0.201666666666667,0.41640404040404
"663",0.0528282828282828,0.0528282828282828,0.329313131313131,0.583717171717172,NA
"664",0.0736464646464647,0.0736464646464647,0.118131313131313,0.118161616161616,0.503686868686869
"665",0.0564848484848485,0.143909090909091,0.143909090909091,0.356676767676768,0.356676767676768
"666",0.0598383838383838,0.0824949494949495,0.22,0.22,0.303333333333333
"667",0.272414141414141,0.286414141414141,0.35759595959596,0.35759595959596,0.395090909090909
"668",0.0813434343434344,0.0862929292929293,0.249040404040404,0.249040404040404,0.501616161616162
"669",0.0563030303030303,0.145232323232323,0.145232323232323,0.145232323232323,0.726717171717172
"670",0.0403232323232323,0.0516969696969697,0.17949494949495,0.375808080808081,0.375808080808081
"671",0.0508383838383838,0.0508383838383838,0.235131313131313,0.235131313131313,0.416343434343434
"672",0.0560707070707071,0.156424242424242,0.176878787878788,0.176878787878788,0.353161616161616
"673",0.0629191919191919,0.195111111111111,0.229727272727273,0.230070707070707,0.466353535353535
"674",0.0771616161616162,0.141242424242424,0.19689898989899,0.398585858585859,0.455040404040404
"675",0.0724545454545455,0.0724545454545455,0.116010101010101,0.116010101010101,0.322111111111111
"676",0.0994646464646465,0.0994646464646465,0.252060606060606,0.31249494949495,NA
"677",0.0541313131313131,0.153252525252525,0.153252525252525,0.35259595959596,0.467272727272727
"678",0.0411212121212121,0.0411212121212121,0.202838383838384,0.202838383838384,0.562959595959596
"679",0.0466565656565657,0.0671616161616162,0.343989898989899,0.343989898989899,0.39910101010101
"680",0.0581717171717172,0.0581717171717172,0.192060606060606,0.192090909090909,0.442363636363636
"681",NA,NA,NA,NA,NA
"682",0.0530909090909091,0.0530909090909091,0.231919191919192,0.254535353535354,0.282454545454545
"683",0.114646464646465,0.114646464646465,0.19120202020202,0.476515151515152,NA
"684",0.0373636363636364,0.0982424242424243,0.276252525252525,0.276252525252525,0.280686868686869
"685",0.0599090909090909,0.0599090909090909,0.0658989898989899,0.291292929292929,0.291424242424242
"686",0.0692929292929293,0.0783030303030303,0.480191919191919,0.480191919191919,0.622444444444444
"687",0.0740808080808081,0.0740808080808081,0.0986161616161616,0.379343434343434,NA
"688",0.0643535353535354,0.064959595959596,0.26979797979798,0.389292929292929,0.513020202020202
"689",0.093030303030303,0.093030303030303,0.24689898989899,0.24689898989899,0.316434343434343
"690",0.12620202020202,0.176434343434343,0.192383838383838,0.316646464646465,0.564050505050505
"691",0.100444444444444,0.154777777777778,0.347686868686869,0.347686868686869,0.347686868686869
"692",0.0371414141414141,0.0997676767676768,0.196464646464646,NA,NA
"693",0.199262626262626,0.199262626262626,0.199262626262626,0.316727272727273,0.316757575757576
"694",0.135343434343434,0.135343434343434,0.159909090909091,0.159909090909091,0.220010101010101
"695",0.0591313131313131,0.0591313131313131,0.174919191919192,0.261040404040404,0.509545454545455
"696",0.156969696969697,0.156969696969697,0.159727272727273,0.159727272727273,0.383424242424242
"697",0.0992121212121212,0.0992121212121212,0.112434343434343,0.527686868686869,NA
"698",0.103454545454545,0.161989898989899,0.202212121212121,0.202212121212121,0.452444444444444
"699",0.0416868686868687,0.0416868686868687,0.249313131313131,NA,NA
"700",0.103929292929293,0.104020202020202,0.110838383838384,0.366848484848485,0.616545454545455
"701",0.058010101010101,0.113868686868687,0.157020202020202,0.355747474747475,0.423161616161616
"702",0.051959595959596,0.111888888888889,0.228343434343434,0.238676767676768,0.238676767676768
"703",0.0773131313131313,0.258111111111111,0.314262626262626,0.314262626262626,0.314262626262626
"704",0.0471717171717172,0.0762323232323232,0.236222222222222,0.236222222222222,0.273121212121212
"705",0.0643737373737374,0.0810505050505051,0.211707070707071,0.211838383838384,0.431191919191919
"706",0.057,0.057,0.231020202020202,0.315777777777778,0.609868686868687
"707",0.14540404040404,0.218,0.248565656565657,0.248979797979798,0.594454545454545
"708",0.0357272727272727,0.0875353535353535,0.0875353535353535,0.194030303030303,0.307636363636364
"709",0.0634242424242424,0.134121212121212,0.19620202020202,0.19620202020202,0.799343434343434
"710",0.113373737373737,0.113373737373737,0.267454545454546,0.267454545454546,0.454272727272727
"711",0.0466666666666667,0.0541818181818182,0.213727272727273,0.518080808080808,0.844949494949495
"712",0.0621212121212121,0.191505050505051,0.192212121212121,0.193717171717172,0.257373737373737
"713",0.0425050505050505,0.0624747474747475,0.121828282828283,0.262020202020202,0.314505050505051
"714",0.12479797979798,0.12479797979798,0.296393939393939,0.362464646464646,0.505141414141414
"715",0.0537171717171717,0.149515151515152,0.149515151515152,0.279181818181818,0.31979797979798
"716",0.0484545454545455,0.112525252525253,0.120929292929293,0.440919191919192,0.644727272727273
"717",0.0805454545454545,0.0805454545454545,0.0805454545454545,0.132787878787879,0.132787878787879
"718",0.11379797979798,0.11379797979798,0.173131313131313,0.173131313131313,0.366080808080808
"719",0.0661717171717172,0.243707070707071,0.243707070707071,0.283505050505051,0.283505050505051
"720",0.054969696969697,0.21349494949495,0.398414141414141,0.455949494949495,0.694262626262626
"721",0.23030303030303,0.230323232323232,0.290727272727273,0.290727272727273,0.459929292929293
"722",0.0793737373737374,0.0796767676767677,0.11020202020202,0.161868686868687,NA
"723",0.0671010101010101,0.0671010101010101,0.292979797979798,0.292979797979798,0.476818181818182
"724",0.0493030303030303,0.0532020202020202,0.353484848484849,0.353484848484849,0.355848484848485
"725",0.072989898989899,0.161030303030303,0.224717171717172,0.314787878787879,NA
"726",0.0568484848484848,0.0568484848484848,0.240515151515152,0.240515151515152,0.357414141414141
"727",0.0999191919191919,0.121606060606061,0.293121212121212,0.326505050505051,NA
"728",0.0583434343434343,0.0915151515151515,0.0915151515151515,0.235353535353535,0.358121212121212
"729",0.11520202020202,0.11520202020202,0.201848484848485,0.201848484848485,0.349151515151515
"730",0.145565656565657,0.145565656565657,0.155111111111111,0.340121212121212,0.340121212121212
"731",0.107505050505051,0.107505050505051,0.107505050505051,0.107505050505051,0.549333333333333
"732",0.0729292929292929,0.0866464646464647,0.115181818181818,0.133070707070707,NA
"733",0.124282828282828,0.124282828282828,0.326010101010101,0.344484848484849,0.344484848484849
"734",0.0623232323232323,0.0660404040404041,0.244222222222222,0.302010101010101,NA
"735",0.0451313131313131,0.155353535353535,0.254868686868687,0.407181818181818,0.424626262626263
"736",0.0651212121212121,0.0651212121212121,0.352676767676768,0.427191919191919,0.427191919191919
"737",0.0722424242424242,0.0985858585858586,0.269989898989899,0.269989898989899,0.270040404040404
"738",0.0675252525252525,0.0675252525252525,0.266070707070707,0.315939393939394,0.351818181818182
"739",0.144262626262626,0.144262626262626,0.276313131313131,0.276313131313131,0.276535353535354
"740",0.0497171717171717,0.185767676767677,0.225858585858586,0.323464646464647,0.323464646464647
"741",0.0595555555555556,0.0595555555555556,0.206939393939394,0.206939393939394,0.504747474747475
"742",0.0728686868686869,0.0728686868686869,0.162808080808081,0.162808080808081,0.325646464646465
"743",0.0655858585858586,0.0655858585858586,0.229828282828283,0.229828282828283,0.493545454545455
"744",0.0589191919191919,0.150464646464646,0.150464646464646,0.365060606060606,NA
"745",0.0543838383838384,0.127606060606061,0.222070707070707,0.222070707070707,0.42459595959596
"746",0.0608484848484849,0.0608484848484849,0.259333333333333,0.270292929292929,0.270292929292929
"747",0.118393939393939,0.118393939393939,0.363585858585859,0.363585858585859,NA
"748",0.0625151515151515,0.245727272727273,0.245727272727273,0.264484848484848,0.315767676767677
"749",0.127717171717172,0.127717171717172,0.190131313131313,0.190131313131313,0.352707070707071
"750",0.102707070707071,0.102707070707071,0.102707070707071,0.102707070707071,0.395777777777778
"751",0.0706060606060606,0.174212121212121,0.346707070707071,0.346707070707071,0.346707070707071
"752",0.0437272727272727,0.166,0.166111111111111,0.166111111111111,0.253383838383838
"753",0.0473030303030303,0.0473030303030303,0.192939393939394,0.219292929292929,0.252939393939394
"754",0.0724545454545455,0.102929292929293,0.246080808080808,0.246080808080808,0.448080808080808
"755",0.0550909090909091,0.0550909090909091,0.14220202020202,0.14220202020202,0.14220202020202
"756",0.0491212121212121,0.236010101010101,0.271171717171717,0.271171717171717,0.285454545454545
"757",0.0537373737373737,0.0537373737373737,0.16740404040404,0.16740404040404,0.252626262626263
"758",0.0923535353535354,0.0923737373737374,0.276616161616162,NA,NA
"759",0.0647070707070707,0.116151515151515,0.221212121212121,0.221212121212121,0.62269696969697
"760",0.0681616161616162,0.076949494949495,0.202262626262626,0.202262626262626,0.392888888888889
"761",0.0848484848484849,0.214919191919192,0.214919191919192,0.336292929292929,NA
"762",0.10479797979798,0.190040404040404,0.207737373737374,0.207737373737374,0.351343434343434
"763",0.0556565656565657,0.0556565656565657,0.102464646464646,0.102464646464646,0.455646464646465
"764",0.0541010101010101,0.0541010101010101,0.0627878787878788,0.355979797979798,0.381656565656566
"765",0.108626262626263,0.136717171717172,0.219434343434343,0.219434343434343,0.695535353535354
"766",0.0726161616161616,0.116929292929293,0.188717171717172,0.188717171717172,0.349262626262626
"767",0.0582323232323232,0.20120202020202,0.234080808080808,0.324060606060606,0.429131313131313
"768",0.0433535353535354,0.126949494949495,0.29320202020202,0.29320202020202,NA
"769",0.0783535353535354,0.13030303030303,0.144656565656566,0.144656565656566,0.144656565656566
"770",0.120010101010101,0.120010101010101,0.166030303030303,0.26130303030303,0.289777777777778
"771",0.0645656565656566,0.186979797979798,0.329676767676768,0.332424242424242,0.459212121212121
"772",0.0768686868686869,0.173030303030303,0.175232323232323,0.175232323232323,0.351606060606061
"773",0.0514545454545455,0.0564646464646465,0.0564646464646465,0.275909090909091,0.716292929292929
"774",0.0702626262626263,0.185313131313131,0.185313131313131,0.185313131313131,0.402252525252525
"775",0.052959595959596,0.052959595959596,0.114848484848485,0.486060606060606,0.497828282828283
"776",0.126646464646465,0.126646464646465,0.14130303030303,0.350161616161616,0.371090909090909
"777",0.0702121212121212,0.0702121212121212,0.204090909090909,0.204090909090909,0.626858585858586
"778",0.0596464646464646,0.0728383838383838,0.212808080808081,0.292555555555556,0.292636363636364
"779",0.0456767676767677,0.0527474747474748,0.0573939393939394,0.258686868686869,0.327535353535354
"780",0.0555151515151515,0.0555151515151515,0.066010101010101,0.21320202020202,0.21320202020202
"781",0.074,0.074020202020202,0.24149494949495,0.526424242424242,NA
"782",0.119161616161616,0.124767676767677,0.25020202020202,NA,NA
"783",0.19459595959596,0.242686868686869,0.242686868686869,0.247424242424242,0.63430303030303
"784",0.0557878787878788,0.0855252525252525,0.0855252525252525,0.230969696969697,0.391787878787879
"785",0.0902323232323232,0.158030303030303,0.179393939393939,0.179393939393939,0.418111111111111
"786",0.0837676767676768,0.127636363636364,0.343686868686869,0.343686868686869,0.45149494949495
"787",0.0550505050505051,0.104606060606061,0.192030303030303,0.20820202020202,0.20820202020202
"788",NA,NA,NA,NA,NA
"789",0.0737777777777778,0.100040404040404,0.104969696969697,0.105181818181818,0.407686868686869
"790",0.108525252525253,0.303606060606061,0.303606060606061,0.303606060606061,0.43030303030303
"791",0.10830303030303,0.10830303030303,0.129909090909091,0.253717171717172,0.502080808080808
"792",0.0374747474747475,0.0477373737373737,0.130757575757576,0.130757575757576,0.130888888888889
"793",0.0797373737373737,0.0797373737373737,0.23530303030303,0.23530303030303,0.23530303030303
"794",0.0646565656565657,0.167969696969697,0.210242424242424,0.210242424242424,0.210252525252525
"795",0.129888888888889,0.129888888888889,0.129888888888889,0.172555555555556,0.35220202020202
"796",0.0602121212121212,0.0602121212121212,0.353060606060606,0.353060606060606,0.449141414141414
"797",0.105777777777778,0.106,0.185515151515152,0.257464646464647,0.50710101010101
"798",0.0998080808080808,0.0998080808080808,0.309565656565657,0.309565656565657,0.460939393939394
"799",0.0518989898989899,0.0748686868686869,0.236111111111111,0.236111111111111,0.334808080808081
"800",0.0477070707070707,0.171010101010101,0.209424242424242,0.209424242424242,0.218727272727273
"801",0.0392525252525253,0.067969696969697,0.207616161616162,0.207626262626263,0.634919191919192
"802",0.0388181818181818,0.0437474747474748,0.20959595959596,0.20959595959596,NA
"803",0.12510101010101,0.125121212121212,0.233323232323232,0.233323232323232,0.376545454545455
"804",0.0467070707070707,0.170979797979798,0.197919191919192,0.283343434343434,0.355919191919192
"805",0.30410101010101,0.30410101010101,0.338323232323232,0.343626262626263,0.343626262626263
"806",0.0566161616161616,0.0841717171717172,0.0841717171717172,0.100313131313131,0.320030303030303
"807",0.0550909090909091,0.0756868686868687,0.11369696969697,0.11369696969697,0.395111111111111
"808",0.0428484848484849,0.0428484848484849,0.286444444444444,0.398131313131313,NA
"809",0.060949494949495,0.060949494949495,0.250070707070707,0.250070707070707,0.270434343434343
"810",0.0902525252525253,0.0902525252525253,0.0942424242424243,0.0942424242424243,0.275626262626263
"811",0.229242424242424,0.229242424242424,0.238969696969697,0.238969696969697,NA
"812",0.0382020202020202,0.0706060606060606,0.286666666666667,0.286666666666667,0.38310101010101
"813",0.0781313131313131,0.143131313131313,0.195555555555556,0.195555555555556,0.472969696969697
"814",0.0577272727272727,0.102707070707071,0.102707070707071,0.103787878787879,NA
"815",0.060020202020202,0.103989898989899,0.250646464646465,0.250646464646465,0.250646464646465
"816",0.0824343434343434,0.128090909090909,0.207383838383838,NA,NA
"817",0.0500505050505051,0.118575757575758,0.189818181818182,0.417131313131313,0.537929292929293
"818",0.116050505050505,0.116050505050505,0.245070707070707,0.245070707070707,0.324919191919192
"819",0.0778080808080808,0.0778080808080808,0.327525252525253,0.327525252525253,NA
"820",0.212909090909091,0.212909090909091,0.245777777777778,0.24649494949495,0.469060606060606
"821",0.0774949494949495,0.11359595959596,0.18389898989899,0.203323232323232,0.364252525252525
"822",0.0687070707070707,0.0747777777777778,0.0747777777777778,0.153929292929293,0.265353535353535
"823",NA,NA,NA,NA,NA
"824",0.0727070707070707,0.104505050505051,0.330888888888889,0.330888888888889,0.330888888888889
"825",0.0530909090909091,0.198414141414141,0.198414141414141,0.198414141414141,0.329040404040404
"826",0.0648484848484848,0.0827878787878788,0.195828282828283,NA,NA
"827",0.063969696969697,0.063969696969697,0.16679797979798,0.16679797979798,0.511525252525253
"828",0.0477272727272727,0.0560505050505051,0.114272727272727,0.114868686868687,NA
"829",0.107060606060606,0.107060606060606,0.183141414141414,0.183141414141414,0.501656565656566
"830",0.10040404040404,0.100565656565657,0.105464646464646,NA,NA
"831",0.102555555555556,0.132121212121212,0.158707070707071,0.158707070707071,NA
"832",0.124252525252525,0.124252525252525,0.283060606060606,0.283060606060606,0.529131313131313
"833",0.0527070707070707,0.177535353535354,0.185414141414141,0.394070707070707,0.394757575757576
"834",0.0908585858585859,0.0908585858585859,0.0964040404040404,0.10130303030303,0.37420202020202
"835",0.0453030303030303,0.0737272727272727,0.303272727272727,0.303272727272727,0.502030303030303
"836",0.0590606060606061,0.109434343434343,0.284262626262626,0.286585858585859,0.561828282828283
"837",0.0586565656565657,0.123555555555556,0.261111111111111,0.290434343434343,NA
"838",0.109090909090909,0.170585858585859,0.170585858585859,0.170585858585859,0.250242424242424
"839",0.0395757575757576,0.0686666666666667,0.120161616161616,0.120161616161616,0.281434343434343
"840",0.0868686868686869,0.115363636363636,0.356575757575758,0.586131313131313,0.586131313131313
"841",0.0504343434343434,0.134868686868687,0.134868686868687,0.134868686868687,0.441030303030303
"842",0.129262626262626,0.129282828282828,0.358909090909091,0.358909090909091,0.42240404040404
"843",0.0598787878787879,0.101444444444444,0.101444444444444,0.39259595959596,0.39259595959596
"844",0.046949494949495,0.046949494949495,0.144565656565657,0.259090909090909,0.507363636363636
"845",0.082969696969697,0.082969696969697,0.152454545454545,0.152454545454545,0.168747474747475
"846",0.049969696969697,0.174434343434343,0.295727272727273,NA,NA
"847",0.11569696969697,0.11569696969697,0.206070707070707,0.206070707070707,0.413313131313131
"848",0.0450505050505051,0.0450505050505051,0.103909090909091,0.103909090909091,0.393555555555556
"849",0.0521818181818182,0.144606060606061,0.144606060606061,0.312646464646465,0.312747474747475
"850",0.0739393939393939,0.210858585858586,0.214010101010101,0.214020202020202,0.279868686868687
"851",0.113585858585859,0.113585858585859,0.113585858585859,0.283767676767677,NA
"852",0.0780707070707071,0.171565656565657,0.171565656565657,0.199646464646465,0.285868686868687
"853",0.135939393939394,0.135939393939394,0.170040404040404,0.170040404040404,NA
"854",0.0595252525252525,0.0595252525252525,0.162545454545455,0.162545454545455,0.501848484848485
"855",0.0717272727272727,0.0736767676767677,0.343626262626263,0.343626262626263,NA
"856",0.0521414141414141,0.167636363636364,0.322626262626263,NA,NA
"857",0.0948888888888889,0.136020202020202,0.300858585858586,0.300858585858586,0.300858585858586
"858",0.0743131313131313,0.139171717171717,0.392232323232323,0.392232323232323,0.392232323232323
"859",0.0402727272727273,0.0487878787878788,0.17359595959596,0.17359595959596,0.17359595959596
"860",0.0561717171717172,0.0683737373737374,0.252757575757576,0.423111111111111,0.423909090909091
"861",0.113323232323232,0.131252525252525,0.173171717171717,0.257060606060606,0.394878787878788
"862",0.0337070707070707,0.0443232323232323,0.297444444444444,0.351737373737374,0.351737373737374
"863",0.113545454545455,0.113545454545455,0.189828282828283,0.294080808080808,0.681010101010101
"864",0.0571515151515152,0.0571515151515152,0.301515151515152,0.301515151515152,0.592414141414142
"865",0.0664545454545455,0.0664545454545455,0.0983636363636364,0.267181818181818,0.267181818181818
"866",0.0996767676767677,0.0996767676767677,0.257686868686869,0.357979797979798,0.357979797979798
"867",0.0686565656565657,0.0686565656565657,0.133858585858586,0.159272727272727,0.425121212121212
"868",0.0555454545454546,0.0555454545454546,0.131484848484848,0.249,0.249393939393939
"869",0.0443030303030303,0.0769191919191919,0.255686868686869,0.392505050505051,0.402636363636364
"870",0.141141414141414,0.141141414141414,0.303919191919192,0.303919191919192,0.352949494949495
"871",0.114767676767677,0.114767676767677,0.114878787878788,0.282606060606061,0.314030303030303
"872",0.111181818181818,0.112060606060606,0.290525252525253,0.313909090909091,0.677949494949495
"873",0.056020202020202,0.0775757575757576,0.322050505050505,0.322050505050505,0.325666666666667
"874",0.0346969696969697,0.117040404040404,0.473262626262626,NA,NA
"875",0.0882929292929293,0.196787878787879,0.278959595959596,0.279222222222222,0.287636363636364
"876",0.0562121212121212,0.0562121212121212,0.0562121212121212,0.224080808080808,0.646393939393939
"877",0.0440505050505051,0.0440505050505051,0.20220202020202,0.204656565656566,0.504979797979798
"878",0.0662222222222222,0.168030303030303,0.185,0.185,0.185
"879",0.0911212121212121,0.134171717171717,0.284474747474747,0.284474747474747,NA
"880",0.179313131313131,0.179313131313131,0.23010101010101,0.23010101010101,0.513707070707071
"881",0.0543030303030303,0.138858585858586,0.173828282828283,0.173828282828283,0.34749494949495
"882",0.106484848484848,0.106484848484848,0.37710101010101,0.421848484848485,0.421848484848485
"883",0.0615757575757576,0.0686363636363636,0.130969696969697,0.256545454545455,0.506838383838384
"884",0.071,0.071,0.209010101010101,0.209010101010101,NA
"885",0.0532525252525253,0.138272727272727,0.138272727272727,0.138272727272727,0.462282828282828
"886",0.0537373737373737,0.0537373737373737,0.247383838383838,0.47749494949495,0.47749494949495
"887",0.0418383838383838,0.150575757575758,0.211979797979798,NA,NA
"888",0.154212121212121,0.154212121212121,0.205575757575758,0.205575757575758,0.210747474747475
"889",0.0366363636363636,0.0444343434343434,0.388161616161616,0.388161616161616,NA
"890",0.0886363636363636,0.189383838383838,0.254919191919192,0.254919191919192,0.254919191919192
"891",0.0817272727272727,0.109292929292929,0.242434343434343,0.275010101010101,0.643484848484849
"892",0.0895353535353535,0.174333333333333,0.258666666666667,0.431646464646465,0.432666666666667
"893",0.0456565656565657,0.28369696969697,0.340787878787879,0.343313131313131,0.343313131313131
"894",0.0457575757575758,0.126979797979798,0.126979797979798,0.250838383838384,0.498808080808081
"895",0.0815757575757576,0.0815959595959596,0.0815959595959596,0.360141414141414,0.448707070707071
"896",0.0548989898989899,0.0548989898989899,0.294606060606061,0.294606060606061,0.646959595959596
"897",0.0478181818181818,0.192464646464646,0.293080808080808,0.293090909090909,0.454828282828283
"898",0.113010101010101,0.113010101010101,0.216444444444444,0.299434343434343,0.532484848484849
"899",0.134939393939394,0.134939393939394,0.347757575757576,0.359444444444444,0.427525252525253
"900",0.0382121212121212,0.0495858585858586,0.193121212121212,0.193121212121212,0.347515151515152
"901",0.0536868686868687,0.159757575757576,0.161838383838384,0.427888888888889,0.427888888888889
"902",0.060030303030303,0.0668484848484849,0.169565656565657,0.169565656565657,0.39759595959596
"903",0.0683131313131313,0.0683131313131313,0.164646464646465,0.174272727272727,NA
"904",0.0444444444444444,0.0444444444444444,0.315666666666667,0.322141414141414,0.452363636363636
"905",0.0535555555555556,0.172141414141414,0.176474747474747,0.331707070707071,0.331787878787879
"906",0.0692222222222222,0.0692222222222222,0.158515151515152,0.388838383838384,0.500242424242424
"907",0.0616565656565657,0.0685555555555556,0.393020202020202,0.393020202020202,0.424323232323232
"908",0.0542323232323232,0.137717171717172,0.263393939393939,0.263393939393939,0.263393939393939
"909",0.0766161616161616,0.12120202020202,0.154717171717172,0.164373737373737,0.164373737373737
"910",0.0722828282828283,0.0722828282828283,0.238343434343434,0.238343434343434,0.438505050505051
"911",0.0481313131313131,0.0481313131313131,0.329282828282828,0.329282828282828,0.636878787878788
"912",0.0640909090909091,0.0640909090909091,0.198575757575758,0.256141414141414,0.504484848484849
"913",0.0840707070707071,0.0840707070707071,0.239989898989899,0.239989898989899,0.688393939393939
"914",0.0552727272727273,0.0608484848484849,0.0608484848484849,0.257111111111111,0.257111111111111
"915",0.060010101010101,0.153080808080808,0.153080808080808,0.153080808080808,0.551424242424242
"916",0.136636363636364,0.136979797979798,0.279454545454545,0.279454545454545,0.651424242424242
"917",0.0746767676767677,0.0746767676767677,0.222787878787879,0.222787878787879,0.222787878787879
"918",0.0695858585858586,0.0695858585858586,0.268616161616162,0.291929292929293,0.291929292929293
"919",0.037949494949495,0.137060606060606,0.166545454545455,0.260414141414141,0.260414141414141
"920",0.0641919191919192,0.0641919191919192,0.295787878787879,0.29669696969697,0.571161616161616
"921",0.0465151515151515,0.059949494949495,0.502292929292929,0.564131313131313,0.594040404040404
"922",0.166191919191919,0.166191919191919,0.304151515151515,0.32379797979798,0.454707070707071
"923",0.0528686868686869,0.0528686868686869,0.309676767676768,0.309676767676768,0.325525252525253
"924",0.0469292929292929,0.169515151515152,0.251393939393939,0.459575757575758,0.626434343434343
"925",0.254656565656566,0.254656565656566,0.432606060606061,0.432606060606061,0.453737373737374
"926",0.114989898989899,0.114989898989899,0.230929292929293,NA,NA
"927",0.0693333333333333,0.0693333333333333,0.188929292929293,0.188929292929293,0.417858585858586
"928",0.0482626262626263,0.17179797979798,0.195323232323232,0.195323232323232,0.283060606060606
"929",0.10959595959596,0.229454545454545,0.314424242424242,0.314424242424242,0.362232323232323
"930",0.0592222222222222,0.0723838383838384,0.181080808080808,0.181080808080808,0.183444444444444
"931",0.0373838383838384,0.133828282828283,0.133828282828283,0.415454545454545,0.652666666666667
"932",0.0882828282828283,0.0882828282828283,0.327545454545455,0.327585858585859,0.327585858585859
"933",0.0840808080808081,0.0841414141414141,0.286070707070707,0.330121212121212,0.595323232323232
"934",0.0438484848484849,0.239414141414141,0.256171717171717,0.34159595959596,NA
"935",0.134464646464646,0.134464646464646,0.297969696969697,0.297969696969697,0.326
"936",0.0579191919191919,0.216191919191919,0.396808080808081,0.396808080808081,0.431707070707071
"937",0.076969696969697,0.19610101010101,0.327484848484848,0.327484848484848,0.332555555555556
"938",0.0573232323232323,0.0573232323232323,0.181575757575758,0.201737373737374,0.201737373737374
"939",0.0656060606060606,0.106161616161616,0.106161616161616,0.360757575757576,NA
"940",0.0691212121212121,0.0691212121212121,0.103878787878788,0.103878787878788,0.29169696969697
"941",0.0572121212121212,0.0637575757575758,0.248353535353535,0.248353535353535,0.54949494949495
"942",0.0383434343434343,0.21159595959596,0.370383838383838,0.370383838383838,0.391909090909091
"943",0.0962828282828283,0.0962828282828283,0.274050505050505,0.379363636363636,NA
"944",0.0615151515151515,0.0615151515151515,0.191050505050505,0.191050505050505,0.311848484848485
"945",0.0757171717171717,0.0873131313131313,0.246080808080808,0.246080808080808,0.578666666666667
"946",0.0585656565656566,0.120505050505051,0.120505050505051,0.360444444444444,0.557666666666667
"947",0.0943838383838384,0.0961010101010101,0.287818181818182,0.287818181818182,0.293414141414141
"948",0.0458282828282828,0.259585858585859,0.317747474747475,0.317747474747475,NA
"949",0.0871616161616162,0.0918080808080808,0.213656565656566,0.274373737373737,0.394010101010101
"950",0.0544848484848485,0.160121212121212,0.195020202020202,0.195020202020202,NA
"951",0.152909090909091,0.198707070707071,0.198707070707071,0.198707070707071,0.45530303030303
"952",0.0473333333333333,0.178,0.23140404040404,0.23140404040404,0.451676767676768
"953",0.0793232323232323,0.143232323232323,0.173525252525253,0.215040404040404,0.415717171717172
"954",0.038,0.131575757575758,0.284868686868687,0.424050505050505,0.736828282828283
"955",0.0509393939393939,0.0937373737373737,0.0937373737373737,0.134585858585859,0.134585858585859
"956",0.109050505050505,0.135656565656566,0.135656565656566,0.187575757575758,0.423535353535354
"957",0.0901010101010101,0.0901010101010101,0.193343434343434,0.444505050505051,0.507373737373737
"958",0.0782121212121212,0.0782121212121212,0.0793838383838384,0.400828282828283,0.458565656565657
"959",0.108333333333333,0.109444444444444,0.207535353535354,0.207535353535354,NA
"960",0.154151515151515,0.212464646464646,0.251575757575758,0.251575757575758,0.251575757575758
"961",0.0387878787878788,0.0387878787878788,0.235565656565657,0.254717171717172,NA
"962",0.115010101010101,0.115010101010101,0.224646464646465,0.287808080808081,0.399505050505051
"963",0.094,0.094,0.170777777777778,0.36059595959596,0.539686868686869
"964",0.0862020202020202,0.128363636363636,0.194444444444444,0.282868686868687,0.416171717171717
"965",0.220484848484849,0.220484848484849,0.367707070707071,0.367707070707071,0.368292929292929
"966",0.0497474747474747,0.134515151515152,0.19889898989899,0.19889898989899,0.421989898989899
"967",0.0779393939393939,0.0779393939393939,0.0779393939393939,0.277868686868687,0.278181818181818
"968",0.0792727272727273,0.0792929292929293,0.187090909090909,0.200363636363636,0.462808080808081
"969",0.0494747474747475,0.0494747474747475,0.182757575757576,0.193555555555556,NA
"970",0.0483232323232323,0.256333333333333,0.311808080808081,0.312878787878788,0.423010101010101
"971",0.0546161616161616,0.0546161616161616,0.106,0.106,0.503666666666667
"972",0.0464646464646465,0.0667777777777778,0.119757575757576,0.119757575757576,0.413707070707071
"973",0.106878787878788,0.144010101010101,0.202262626262626,0.202262626262626,0.521444444444444
"974",0.156252525252525,0.172949494949495,0.256575757575758,0.399171717171717,0.399171717171717
"975",0.0717777777777778,0.0717777777777778,0.261323232323232,0.261323232323232,0.501626262626263
"976",0.0513434343434344,0.19259595959596,0.192636363636364,0.440313131313131,0.651888888888889
"977",0.072959595959596,0.072959595959596,0.160121212121212,0.160121212121212,NA
"978",0.0687272727272727,0.0755353535353535,0.0755353535353535,0.281373737373737,0.503959595959596
"979",0.0588585858585859,0.125828282828283,0.233777777777778,0.233777777777778,0.365373737373737
"980",0.0485454545454546,0.102212121212121,0.181727272727273,0.181727272727273,0.25
"981",0.180838383838384,0.184070707070707,0.184070707070707,0.184767676767677,0.184767676767677
"982",0.0477878787878788,0.0561717171717172,0.173353535353535,0.199959595959596,0.620575757575758
"983",NA,NA,NA,NA,NA
"984",0.0475656565656566,0.0475656565656566,0.159,0.159030303030303,0.590323232323232
"985",0.0547373737373737,0.0547373737373737,0.159717171717172,0.239525252525253,0.239535353535354
"986",0.0489393939393939,0.0573131313131313,0.218393939393939,0.218393939393939,0.21840404040404
"987",0.0774343434343434,0.0774343434343434,0.302353535353535,0.348353535353535,NA
"988",0.0601919191919192,0.170707070707071,0.170707070707071,0.314222222222222,0.314222222222222
"989",0.0793434343434344,0.166434343434343,0.172010101010101,0.172010101010101,0.172010101010101
"990",0.0458282828282828,0.100060606060606,0.148434343434343,0.148434343434343,NA
"991",0.0466060606060606,0.0588080808080808,0.261050505050505,0.303434343434343,0.514464646464647
"992",0.0816161616161616,0.0816161616161616,0.207,0.346848484848485,0.495050505050505
"993",0.0613737373737374,0.0613737373737374,0.29589898989899,0.29589898989899,0.29589898989899
"994",0.0634848484848485,0.108707070707071,0.288191919191919,0.288191919191919,0.295070707070707
"995",0.132353535353535,0.132353535353535,0.158252525252525,0.160181818181818,0.391646464646465
"996",0.0433737373737374,0.0463939393939394,0.171181818181818,0.331333333333333,0.336777777777778
"997",0.0637878787878788,0.0637878787878788,0.302474747474748,NA,NA
"998",0.112252525252525,0.112252525252525,0.247737373737374,0.282333333333333,0.322888888888889
"999",0.089030303030303,0.089040404040404,0.174737373737374,0.324949494949495,0.508454545454545
"1000",0.0884141414141414,0.0884444444444445,0.21320202020202,0.21320202020202,NA
"1001",0.0565555555555556,0.124555555555556,0.346585858585859,0.346585858585859,0.367828282828283
"1002",0.0562020202020202,0.0562020202020202,0.312141414141414,0.312141414141414,0.328323232323232
"1003",0.0856363636363636,0.0856767676767677,0.196828282828283,0.278707070707071,0.309353535353535
"1004",0.0521919191919192,0.0521919191919192,0.392757575757576,0.392848484848485,0.392848484848485
"1005",0.146222222222222,0.146222222222222,0.146232323232323,0.289555555555556,0.385525252525253
"1006",0.0566868686868687,0.0623939393939394,0.380636363636364,0.41189898989899,0.547383838383838
"1007",0.056989898989899,0.25020202020202,0.25020202020202,0.263282828282828,0.272414141414141
"1008",0.114131313131313,0.163606060606061,0.257818181818182,0.366616161616162,0.512575757575758
"1009",0.0753232323232323,0.152737373737374,0.251656565656566,0.347686868686869,0.500969696969697
"1010",0.0472929292929293,0.0508888888888889,0.0824040404040404,0.242959595959596,0.28949494949495
"1011",0.075969696969697,0.110232323232323,0.304454545454545,0.541090909090909,NA
"1012",0.139565656565657,0.147373737373737,0.155434343434343,0.391565656565657,0.391565656565657
"1013",0.0523333333333333,0.0523333333333333,0.236242424242424,0.236242424242424,0.236242424242424
"1014",0.132161616161616,0.132161616161616,0.132161616161616,0.312454545454545,0.381565656565657
"1015",0.0613333333333333,0.0613333333333333,0.175959595959596,0.175959595959596,0.253747474747475
"1016",0.0617373737373737,0.116505050505051,0.116505050505051,0.172545454545455,0.318989898989899
"1017",0.073010101010101,0.109727272727273,0.163969696969697,0.167767676767677,0.370939393939394
"1018",0.0574747474747475,0.0722323232323232,0.116434343434343,0.116434343434343,0.500151515151515
"1019",0.0417272727272727,0.0481818181818182,0.0524848484848485,0.256454545454545,0.256454545454545
"1020",0.0484141414141414,0.0787676767676768,0.23749494949495,0.23749494949495,0.633636363636364
"1021",0.0793232323232323,0.0793232323232323,0.274747474747475,NA,NA
"1022",0.0524040404040404,0.132343434343434,0.132343434343434,0.354515151515152,0.498333333333333
"1023",0.0485151515151515,0.136686868686869,0.212424242424242,0.386727272727273,0.535030303030303
"1024",0.062959595959596,0.0794343434343434,0.270535353535354,0.270535353535354,0.563323232323232
"1025",0.0549292929292929,0.0824141414141414,0.087949494949495,0.154050505050505,0.504656565656566
"1026",0.126969696969697,0.126969696969697,0.127717171717172,0.260515151515152,0.260515151515152
"1027",0.0883434343434343,0.0883434343434343,0.494818181818182,NA,NA
"1028",0.17540404040404,0.216888888888889,0.229636363636364,0.236141414141414,0.236141414141414
"1029",0.0907979797979798,0.0908383838383838,0.0908383838383838,0.327181818181818,0.359919191919192
"1030",0.0606262626262626,0.139909090909091,0.141828282828283,0.141868686868687,0.141868686868687
"1031",0.0477474747474748,0.0562323232323232,0.186292929292929,0.186292929292929,0.325878787878788
"1032",0.12020202020202,0.12020202020202,0.243636363636364,0.255131313131313,0.255414141414141
"1033",0.0480909090909091,0.0954040404040404,0.0954040404040404,0.365282828282828,0.365282828282828
"1034",0.0403232323232323,0.042949494949495,0.139646464646465,0.589292929292929,0.589323232323232
"1035",0.0588484848484849,0.0654747474747475,0.352777777777778,0.352777777777778,0.375525252525253
"1036",0.133939393939394,0.133939393939394,0.186161616161616,0.186161616161616,0.186161616161616
"1037",0.0612727272727273,0.0612727272727273,0.132464646464646,0.132464646464646,0.440565656565657
"1038",0.0417979797979798,0.0561515151515152,0.272565656565657,0.272565656565657,NA
"1039",0.145505050505051,0.242686868686869,0.242686868686869,0.432878787878788,0.460606060606061
"1040",0.0771818181818182,0.12420202020202,0.124252525252525,0.124252525252525,0.124252525252525
"1041",0.0625454545454546,0.13220202020202,0.232616161616162,0.232616161616162,0.260848484848485
"1042",0.145959595959596,0.145959595959596,0.291818181818182,0.291818181818182,0.291818181818182
"1043",0.0565959595959596,0.0565959595959596,0.0565959595959596,0.126686868686869,0.269171717171717
"1044",0.0471919191919192,0.102414141414141,0.102414141414141,0.353424242424242,0.412585858585859
"1045",0.0755555555555556,0.297656565656566,0.309080808080808,0.319848484848485,0.319868686868687
"1046",0.0401010101010101,0.169636363636364,0.228141414141414,0.228141414141414,0.228141414141414
"1047",0.0566161616161616,0.0566161616161616,0.068,0.16020202020202,0.39549494949495
"1048",0.0606060606060606,0.0981313131313131,0.191272727272727,0.349282828282828,0.50279797979798
"1049",0.0508080808080808,0.0607373737373737,0.120222222222222,0.25489898989899,0.379707070707071
"1050",0.0927575757575758,0.0927575757575758,0.0927575757575758,0.184828282828283,0.184828282828283
"1051",0.0555454545454546,0.0555454545454546,0.0731212121212121,0.275646464646465,0.623191919191919
"1052",0.0558888888888889,0.0558888888888889,0.237565656565657,0.237565656565657,0.283010101010101
"1053",0.0508787878787879,0.0508787878787879,0.191686868686869,0.201656565656566,NA
"1054",0.0463232323232323,0.0804545454545455,0.35240404040404,0.35240404040404,0.634838383838384
"1055",0.111888888888889,0.111888888888889,0.219424242424242,0.219424242424242,0.382626262626263
"1056",0.0594343434343434,0.138363636363636,0.208030303030303,0.319232323232323,0.562292929292929
"1057",0.0625656565656566,0.132020202020202,0.143676767676768,0.216262626262626,0.216262626262626
"1058",0.0627070707070707,0.063949494949495,0.234636363636364,NA,NA
"1059",0.0488989898989899,0.0488989898989899,0.155505050505051,0.155505050505051,0.299040404040404
"1060",0.0496666666666667,0.137878787878788,0.168666666666667,0.168919191919192,0.346343434343434
"1061",0.103606060606061,0.103606060606061,0.253838383838384,0.253838383838384,0.361747474747475
"1062",0.0562626262626263,0.215111111111111,0.275656565656566,0.275656565656566,0.288959595959596
"1063",0.0962121212121212,0.0962121212121212,0.114383838383838,0.255474747474748,0.303444444444444
"1064",0.0594646464646465,0.251626262626263,0.252555555555556,0.252555555555556,0.403767676767677
"1065",0.0448484848484849,0.0448484848484849,0.288616161616162,0.288616161616162,NA
"1066",0.126535353535354,0.126535353535354,0.173717171717172,0.320606060606061,0.357686868686869
"1067",0.0979191919191919,0.119525252525253,0.181161616161616,0.181161616161616,0.354141414141414
"1068",0.197323232323232,0.197323232323232,0.197454545454545,0.197454545454545,0.579111111111111
"1069",0.0432626262626263,0.0596262626262626,0.11859595959596,0.377323232323232,0.501373737373737
"1070",0.0619191919191919,0.0619191919191919,0.294818181818182,0.294818181818182,0.357919191919192
"1071",0.0498282828282828,0.13389898989899,0.13389898989899,0.358949494949495,0.599191919191919
"1072",0.0423131313131313,0.0452525252525253,0.106282828282828,0.106282828282828,0.390111111111111
"1073",0.0945757575757576,0.0945757575757576,0.108313131313131,0.108313131313131,0.112565656565657
"1074",NA,NA,NA,NA,NA
"1075",0.150636363636364,0.150636363636364,0.224353535353535,0.224373737373737,NA
"1076",0.0660505050505051,0.0660505050505051,0.233161616161616,NA,NA
"1077",0.0438383838383838,0.162070707070707,0.164030303030303,0.192353535353535,0.59379797979798
"1078",0.0738686868686869,0.136191919191919,0.148353535353535,0.148353535353535,0.573373737373737
"1079",0.0588181818181818,0.0646969696969697,0.0717777777777778,0.353434343434343,0.510252525252525
"1080",0.0765252525252525,0.128878787878788,0.20110101010101,0.20110101010101,0.643636363636364
"1081",0.0934747474747475,0.0934747474747475,0.270171717171717,0.323909090909091,0.842929292929293
"1082",0.133151515151515,0.133161616161616,0.256888888888889,0.289444444444444,0.397080808080808
"1083",0.0476161616161616,0.0514747474747475,0.249929292929293,0.249929292929293,0.249929292929293
"1084",0.0726060606060606,0.127979797979798,0.242626262626263,0.242626262626263,0.277686868686869
"1085",0.0583838383838384,0.137353535353535,0.232828282828283,0.232828282828283,0.731828282828283
"1086",0.111656565656566,0.111656565656566,0.18759595959596,0.518737373737374,NA
"1087",0.139272727272727,0.139272727272727,0.139272727272727,0.193434343434343,0.35759595959596
"1088",0.0512424242424242,0.0769393939393939,0.220515151515152,0.220515151515152,0.358434343434343
"1089",0.0595050505050505,0.0595050505050505,0.239121212121212,0.239121212121212,0.323121212121212
"1090",0.0484242424242424,0.0484242424242424,0.308333333333333,0.386818181818182,NA
"1091",0.069989898989899,0.122484848484848,0.422787878787879,0.422787878787879,0.422787878787879
"1092",0.0977373737373737,0.0986262626262626,0.154171717171717,0.316959595959596,0.393575757575758
"1093",0.11440404040404,0.11440404040404,0.280747474747475,0.325080808080808,0.325242424242424
"1094",0.0750909090909091,0.0782424242424243,0.0782424242424243,0.260090909090909,0.260090909090909
"1095",0.0746262626262626,0.131787878787879,0.131858585858586,0.131858585858586,0.131858585858586
"1096",0.0436464646464646,0.135222222222222,0.135222222222222,0.316767676767677,0.353
"1097",0.091010101010101,0.091010101010101,0.185565656565657,0.185565656565657,0.250636363636364
"1098",0.0606060606060606,0.0606060606060606,0.194272727272727,0.22089898989899,0.438272727272727
"1099",0.156383838383838,0.156383838383838,0.270979797979798,0.412030303030303,NA
"1100",0.0519090909090909,0.062,0.26020202020202,0.26020202020202,0.285030303030303
"1101",0.172858585858586,0.172858585858586,0.389212121212121,0.413050505050505,0.413050505050505
"1102",0.0796161616161616,0.271808080808081,0.271808080808081,0.28959595959596,0.374575757575758
"1103",0.0521818181818182,0.0521818181818182,0.196484848484849,0.196484848484849,0.441131313131313
"1104",0.0606868686868687,0.0606868686868687,0.197171717171717,0.198909090909091,0.198909090909091
"1105",0.0677676767676768,0.143444444444444,0.318333333333333,0.318333333333333,NA
"1106",0.0555454545454546,0.076969696969697,0.327191919191919,0.387717171717172,0.387727272727273
"1107",0.162959595959596,0.162959595959596,0.236464646464646,0.236464646464646,0.236464646464646
"1108",0.0490909090909091,0.128818181818182,0.128818181818182,0.270838383838384,0.319323232323232
"1109",0.075989898989899,0.075989898989899,0.0831515151515152,0.0836161616161616,0.787343434343434
"1110",0.0496464646464647,0.232373737373737,0.234464646464646,0.234474747474748,0.501868686868687
"1111",0.0337676767676768,0.113151515151515,0.323242424242424,0.349707070707071,NA
"1112",0.0627373737373737,0.0627373737373737,0.245838383838384,0.245838383838384,0.350515151515152
"1113",0.033040404040404,0.199484848484848,0.199484848484848,0.299676767676768,0.35430303030303
"1114",0.0574747474747475,0.0943535353535354,0.161555555555556,NA,NA
"1115",0.0355757575757576,0.180747474747475,0.203757575757576,0.203757575757576,NA
"1116",0.0462020202020202,0.0462020202020202,0.222909090909091,0.352020202020202,0.504070707070707
"1117",0.0577575757575758,0.156909090909091,0.185535353535354,0.357262626262626,0.357262626262626
"1118",0.152686868686869,0.152686868686869,0.407525252525253,0.407525252525253,0.46840404040404
"1119",0.103444444444444,0.103444444444444,0.281787878787879,0.281787878787879,NA
"1120",0.042979797979798,0.126616161616162,0.234464646464646,0.234515151515152,0.502545454545455
"1121",0.101141414141414,0.101141414141414,0.132555555555556,0.289292929292929,0.427070707070707
"1122",0.0593232323232323,0.116575757575758,0.310959595959596,0.310959595959596,0.386838383838384
"1123",0.0392121212121212,0.0616161616161616,0.0616161616161616,0.108232323232323,NA
"1124",0.163717171717172,0.180606060606061,0.200515151515152,0.221727272727273,0.277131313131313
"1125",0.129767676767677,0.129767676767677,0.184323232323232,0.184323232323232,0.255484848484848
"1126",0.0545353535353535,0.251959595959596,0.272777777777778,0.272777777777778,0.272777777777778
"1127",0.0861818181818182,0.089,0.0941717171717172,0.169848484848485,0.376161616161616
"1128",0.0934141414141414,0.0935151515151515,0.151989898989899,0.17079797979798,0.319959595959596
"1129",0.0475252525252525,0.0684545454545455,0.208969696969697,0.208969696969697,0.361676767676768
"1130",0.0487575757575758,0.152686868686869,0.152686868686869,0.230070707070707,NA
"1131",0.124181818181818,0.164343434343434,0.34610101010101,0.34610101010101,0.34610101010101
"1132",0.0560606060606061,0.129808080808081,0.334323232323232,0.353919191919192,NA
"1133",0.0765151515151515,0.0765151515151515,0.215838383838384,0.217969696969697,NA
"1134",0.0682727272727273,0.0889191919191919,0.186,0.188737373737374,0.482161616161616
"1135",0.0889393939393939,0.0889393939393939,0.146313131313131,0.146313131313131,NA
"1136",0.0502525252525253,0.0502525252525253,0.220515151515152,0.275080808080808,NA
"1137",0.0534646464646465,0.0637070707070707,0.163848484848485,0.358747474747475,0.57069696969697
"1138",0.132838383838384,0.132838383838384,0.168222222222222,0.24710101010101,0.254656565656566
"1139",0.0674444444444444,0.18040404040404,0.217818181818182,0.369252525252525,0.45179797979798
"1140",0.0448080808080808,0.0448080808080808,0.136626262626263,0.290989898989899,0.698141414141414
"1141",0.114878787878788,0.114878787878788,0.130131313131313,0.199979797979798,0.513090909090909
"1142",0.0495454545454546,0.113676767676768,0.293434343434343,0.293434343434343,NA
"1143",0.0845959595959596,0.0845959595959596,0.16230303030303,0.16230303030303,0.363292929292929
"1144",0.195767676767677,0.195767676767677,0.350848484848485,0.350848484848485,0.350848484848485
"1145",0.0575252525252525,0.0575252525252525,0.180313131313131,0.180313131313131,0.351424242424242
"1146",0.071959595959596,0.116131313131313,0.116131313131313,0.249131313131313,0.608414141414142
"1147",0.0562525252525253,0.0562525252525253,0.142080808080808,0.297878787878788,0.45669696969697
"1148",0.0399191919191919,0.0738787878787879,0.104828282828283,0.104828282828283,0.221222222222222
"1149",0.0457474747474748,0.0971111111111111,0.129414141414141,0.129494949494949,0.215767676767677
"1150",0.0421717171717172,0.0691818181818182,0.221565656565657,0.285454545454545,0.508191919191919
"1151",0.0620707070707071,0.121676767676768,0.238717171717172,0.238787878787879,0.364414141414141
"1152",0.108161616161616,0.10840404040404,0.175484848484848,0.201343434343434,0.659
"1153",0.0443232323232323,0.0612323232323232,0.0612323232323232,0.225080808080808,0.225080808080808
"1154",0.0500606060606061,0.0500606060606061,0.248282828282828,0.248282828282828,0.248282828282828
"1155",0.102343434343434,0.167727272727273,0.181474747474747,0.181474747474747,0.50269696969697
"1156",0.183767676767677,0.183767676767677,0.231777777777778,0.350030303030303,0.422646464646465
"1157",NA,NA,NA,NA,NA
"1158",0.127656565656566,0.127656565656566,0.418979797979798,0.418979797979798,0.418979797979798
"1159",0.0408181818181818,0.0471818181818182,0.230818181818182,NA,NA
"1160",0.0925454545454546,0.0925454545454546,0.236272727272727,0.300959595959596,0.616252525252525
"1161",0.054959595959596,0.054959595959596,0.054959595959596,0.214919191919192,0.217323232323232
"1162",0.0507878787878788,0.133393939393939,0.164353535353535,0.265474747474747,0.28230303030303
"1163",0.0524444444444444,0.212020202020202,0.212020202020202,0.233757575757576,0.238020202020202
"1164",0.113575757575758,0.113575757575758,0.281484848484849,0.281484848484849,0.613616161616162
"1165",0.0867575757575758,0.0867575757575758,0.313535353535354,0.384393939393939,NA
"1166",0.0431010101010101,0.0431010101010101,0.384010101010101,0.384010101010101,NA
"1167",0.043969696969697,0.0672222222222222,0.190606060606061,0.280171717171717,0.377383838383838
"1168",0.108333333333333,0.108333333333333,0.16079797979798,0.16079797979798,0.350070707070707
"1169",0.0519090909090909,0.105626262626263,0.144818181818182,0.144818181818182,0.393454545454546
"1170",0.0631919191919192,0.0631919191919192,0.279424242424242,0.32910101010101,0.433929292929293
"1171",0.0853131313131313,0.15720202020202,0.272636363636364,0.272636363636364,0.365474747474748
"1172",0.0495858585858586,0.0495858585858586,0.0495858585858586,0.159828282828283,NA
"1173",0.0987171717171717,0.0997171717171717,0.357,0.357,0.380242424242424
"1174",0.108343434343434,0.108343434343434,0.240818181818182,0.240818181818182,0.370545454545455
"1175",0.0410707070707071,0.0550909090909091,0.191474747474747,0.320757575757576,0.320757575757576
"1176",0.0712323232323232,0.0712323232323232,0.30659595959596,0.30659595959596,0.30659595959596
"1177",0.0578484848484849,0.0578484848484849,0.251929292929293,0.437717171717172,0.437717171717172
"1178",0.109212121212121,0.109212121212121,0.109212121212121,0.134515151515152,0.134515151515152
"1179",0.0399090909090909,0.0566666666666667,0.0566666666666667,0.563878787878788,0.567252525252525
"1180",0.086020202020202,0.086020202020202,0.0886868686868687,0.15810101010101,0.15810101010101
"1181",0.0576969696969697,0.0797878787878788,0.238969696969697,0.238969696969697,0.513393939393939
"1182",0.0721010101010101,0.0721010101010101,0.345161616161616,0.345161616161616,0.380151515151515
"1183",0.0795959595959596,0.0795959595959596,0.122353535353535,NA,NA
"1184",0.0502525252525253,0.0502525252525253,0.238131313131313,0.282141414141414,NA
"1185",0.111484848484848,0.111484848484848,0.293555555555556,0.293555555555556,0.293555555555556
"1186",0.132777777777778,0.132777777777778,0.179787878787879,0.248727272727273,0.315383838383838
"1187",0.0736363636363636,0.139848484848485,0.139848484848485,0.346363636363636,0.346464646464646
"1188",0.0507979797979798,0.103656565656566,0.23020202020202,0.23020202020202,0.504141414141414
"1189",0.060959595959596,0.119676767676768,0.319838383838384,0.319838383838384,0.319838383838384
"1190",0.0588989898989899,0.155292929292929,0.155292929292929,0.258555555555556,0.258555555555556
"1191",0.0782020202020202,0.142575757575758,0.290424242424242,0.290424242424242,0.380959595959596
"1192",0.0600606060606061,0.128070707070707,0.234656565656566,0.235636363636364,0.376848484848485
"1193",0.0384444444444444,0.0596464646464646,0.290787878787879,0.290787878787879,0.502333333333333
"1194",0.102777777777778,0.102828282828283,0.102828282828283,0.272636363636364,0.353343434343434
"1195",0.0636666666666667,0.071,0.303989898989899,0.303989898989899,0.443787878787879
"1196",0.044020202020202,0.0764949494949495,0.271090909090909,0.291838383838384,NA
"1197",0.0563838383838384,0.0780606060606061,0.26189898989899,0.26189898989899,0.442737373737374
"1198",0.0413838383838384,0.0554343434343434,0.333121212121212,0.333121212121212,0.333121212121212
"1199",0.0878585858585859,0.135838383838384,0.193929292929293,NA,NA
"1200",0.0728080808080808,0.179171717171717,0.240373737373737,0.261888888888889,0.261888888888889
"1201",0.0829191919191919,0.0829191919191919,0.240181818181818,0.288676767676768,0.289727272727273
"1202",0.037020202020202,0.0558484848484849,0.308282828282828,0.481040404040404,0.481454545454545
"1203",0.0564747474747475,0.0564747474747475,0.251515151515152,0.251515151515152,0.400747474747475
"1204",0.0578787878787879,0.0578787878787879,0.072989898989899,0.346616161616162,0.454969696969697
"1205",0.096010101010101,0.0961313131313131,0.0982222222222222,0.283868686868687,0.501969696969697
"1206",0.0538585858585859,0.0741515151515152,0.210070707070707,0.228747474747475,0.301717171717172
"1207",0.244565656565657,0.244565656565657,0.328292929292929,0.328292929292929,0.443343434343434
"1208",0.205909090909091,0.205909090909091,0.205909090909091,0.213050505050505,0.317050505050505
"1209",0.113131313131313,0.113131313131313,0.224151515151515,0.224151515151515,NA
"1210",0.0787373737373737,0.0787373737373737,0.0787373737373737,0.28969696969697,0.462313131313131
"1211",0.0477070707070707,0.0692020202020202,0.524828282828283,NA,NA
"1212",0.0705050505050505,0.0705050505050505,0.281787878787879,0.281787878787879,0.389464646464647
"1213",0.137727272727273,0.225111111111111,0.225111111111111,0.225111111111111,0.640191919191919
"1214",0.047959595959596,0.0840505050505051,0.203878787878788,0.203878787878788,0.470050505050505
"1215",0.0858989898989899,0.0858989898989899,0.15259595959596,0.15259595959596,0.354868686868687
"1216",0.0688080808080808,0.160686868686869,0.167444444444444,0.167444444444444,0.219929292929293
"1217",0.0883434343434343,0.120343434343434,0.268929292929293,0.27179797979798,0.317777777777778
"1218",0.0870707070707071,0.0870707070707071,0.151141414141414,NA,NA
"1219",0.170616161616162,0.191050505050505,0.270232323232323,0.270232323232323,0.287949494949495
"1220",0.0673838383838384,0.0673838383838384,0.241454545454545,0.241505050505051,0.241505050505051
"1221",0.0689090909090909,0.0689090909090909,0.069959595959596,0.235848484848485,0.235939393939394
"1222",0.0477979797979798,0.0599393939393939,0.0599393939393939,0.0599393939393939,0.467838383838384
"1223",0.0337878787878788,0.100919191919192,0.217474747474747,0.217474747474747,0.507959595959596
"1224",0.0983434343434344,0.0983434343434344,0.123030303030303,NA,NA
"1225",0.0682929292929293,0.0889191919191919,0.244383838383838,0.24440404040404,0.254616161616162
"1226",0.0708787878787879,0.0801010101010101,0.0801010101010101,0.300676767676768,0.359313131313131
"1227",0.113525252525253,0.113525252525253,0.141232323232323,0.38610101010101,0.386292929292929
"1228",0.0322323232323232,0.0442929292929293,0.28369696969697,NA,NA
"1229",0.177787878787879,0.177787878787879,0.199525252525253,0.481393939393939,0.481393939393939
"1230",0.0631818181818182,0.0631818181818182,0.199262626262626,0.257474747474748,0.320454545454545
"1231",0.0698585858585859,0.0698585858585859,0.173858585858586,0.174373737373737,0.174383838383838
"1232",0.0462525252525253,0.0636666666666667,0.295121212121212,0.29859595959596,0.29859595959596
"1233",0.0576161616161616,0.10059595959596,0.199535353535354,0.368909090909091,NA
"1234",0.0473838383838384,0.0766262626262626,0.197989898989899,0.198808080808081,0.438
"1235",0.0303232323232323,0.0998989898989899,0.182171717171717,NA,NA
"1236",0.0421111111111111,0.0451313131313131,0.165606060606061,0.317121212121212,0.356606060606061
"1237",0.078,0.078,0.215929292929293,0.410555555555556,0.439484848484849
"1238",0.0559393939393939,0.0845151515151515,0.139434343434343,0.139434343434343,0.139434343434343
"1239",0.0623434343434343,0.165050505050505,0.165050505050505,0.477212121212121,0.521050505050505
"1240",0.0518888888888889,0.0518888888888889,0.0777777777777778,0.131515151515152,0.41589898989899
"1241",0.0438787878787879,0.0555656565656566,0.294545454545455,0.335060606060606,0.381707070707071
"1242",0.0512727272727273,0.227141414141414,0.227141414141414,0.297959595959596,0.689060606060606
"1243",0.0982525252525253,0.0982525252525253,0.116222222222222,0.125272727272727,0.497484848484849
"1244",0.029020202020202,0.0565656565656566,0.236535353535354,0.298565656565657,0.299656565656566
"1245",0.0741919191919192,0.0962020202020202,0.120777777777778,0.120777777777778,0.508606060606061
"1246",0.0625151515151515,0.167686868686869,0.167686868686869,0.167686868686869,0.288383838383838
"1247",0.0461717171717172,0.11889898989899,0.161868686868687,0.161868686868687,0.391939393939394
"1248",0.0504444444444445,0.0504444444444445,0.0504444444444445,0.438262626262626,0.551212121212121
"1249",0.0534545454545455,0.193232323232323,0.217838383838384,0.217838383838384,0.249848484848485
"1250",0.168343434343434,0.188353535353535,0.198676767676768,0.25359595959596,0.461272727272727
"1251",0.0391313131313131,0.079989898989899,0.203929292929293,0.228212121212121,NA
"1252",0.0612323232323232,0.136434343434343,0.260888888888889,0.292111111111111,0.512727272727273
"1253",0.130313131313131,0.130313131313131,0.139848484848485,0.143282828282828,0.507414141414141
"1254",0.0744646464646465,0.0806464646464646,0.0974646464646465,0.238282828282828,0.238282828282828
"1255",0.0438686868686869,0.293939393939394,0.294010101010101,0.376777777777778,0.563030303030303
"1256",0.165090909090909,0.165090909090909,0.165090909090909,0.165090909090909,0.165090909090909
"1257",0.0556161616161616,0.0612626262626263,0.141434343434343,0.396222222222222,0.396222222222222
"1258",0.0630808080808081,0.0630808080808081,0.169141414141414,0.352323232323232,0.436090909090909
"1259",0.0962020202020202,0.0962020202020202,0.200383838383838,0.309919191919192,0.310878787878788
"1260",0.143171717171717,0.143171717171717,0.277878787878788,0.277888888888889,0.391171717171717
"1261",0.0538080808080808,0.0538080808080808,0.305272727272727,0.305272727272727,NA
"1262",0.0761414141414141,0.0948787878787879,0.0948787878787879,0.390939393939394,0.416050505050505
"1263",0.0694343434343434,0.0694343434343434,0.215989898989899,0.235151515151515,0.277060606060606
"1264",0.074959595959596,0.074959595959596,0.0751818181818182,0.0827878787878788,0.591181818181818
"1265",0.0452424242424242,0.0452424242424242,0.169464646464646,0.272535353535354,0.587020202020202
"1266",0.0575656565656566,0.0575656565656566,0.213292929292929,0.213292929292929,NA
"1267",0.0418888888888889,0.0821313131313131,0.157737373737374,0.315272727272727,0.315272727272727
"1268",0.0636262626262626,0.187646464646465,0.191656565656566,0.191656565656566,0.354949494949495
"1269",0.0610808080808081,0.0610808080808081,0.274373737373737,0.274373737373737,0.460656565656566
"1270",0.0650404040404041,0.0666363636363636,0.394313131313131,0.475727272727273,NA
"1271",0.0542323232323232,0.151707070707071,0.209515151515152,0.349767676767677,0.349767676767677
"1272",0.0457575757575758,0.115747474747475,0.367717171717172,0.367717171717172,0.402434343434343
"1273",0.0866767676767677,0.0866767676767677,0.11520202020202,0.274888888888889,0.35579797979798
"1274",0.0615555555555556,0.318292929292929,0.31830303030303,0.31830303030303,0.543727272727273
"1275",0.0598686868686869,0.0883838383838384,0.127757575757576,0.127777777777778,NA
"1276",0.0643333333333333,0.0807373737373737,0.174646464646465,0.272646464646465,0.819515151515152
"1277",0.0595353535353535,0.0983636363636364,0.19730303030303,0.326252525252525,0.328848484848485
"1278",0.078959595959596,0.137515151515152,0.137515151515152,0.137515151515152,0.137515151515152
"1279",0.143888888888889,0.210292929292929,0.215626262626263,0.215626262626263,0.550939393939394
"1280",0.0392525252525253,0.068030303030303,0.269878787878788,0.272131313131313,0.272131313131313
"1281",0.0382828282828283,0.0595858585858586,0.102656565656566,0.273909090909091,0.289616161616162
"1282",0.0414747474747475,0.0414747474747475,0.0786969696969697,0.0786969696969697,0.254676767676768
"1283",0.0915555555555556,0.0915555555555556,0.131737373737374,0.139242424242424,0.139242424242424
"1284",0.0499191919191919,0.085969696969697,0.124868686868687,0.124868686868687,0.379919191919192
"1285",0.0478282828282828,0.224282828282828,0.27159595959596,0.27159595959596,0.423383838383838
"1286",0.0484949494949495,0.0484949494949495,0.253676767676768,0.368333333333333,0.395414141414141
"1287",0.0388484848484849,0.0553030303030303,0.0553030303030303,0.273929292929293,0.442050505050505
"1288",0.0394141414141414,0.0617171717171717,0.173606060606061,0.194565656565657,0.458737373737374
"1289",0.0460707070707071,0.0594646464646465,0.309111111111111,0.321444444444444,0.464888888888889
"1290",0.0902626262626263,0.0902626262626263,0.177212121212121,0.177212121212121,0.21879797979798
"1291",0.0489090909090909,0.0571818181818182,0.105242424242424,0.105242424242424,0.257939393939394
"1292",0.0837070707070707,0.0872626262626263,0.150969696969697,0.270040404040404,0.322272727272727
"1293",0.19289898989899,0.257616161616162,0.258020202020202,0.258020202020202,0.568272727272727
"1294",0.0872525252525253,0.210878787878788,0.351373737373737,0.376909090909091,0.611828282828283
"1295",0.0341212121212121,0.0776767676767677,0.185292929292929,0.185292929292929,0.581737373737374
"1296",0.0411717171717172,0.0538080808080808,0.241666666666667,0.241666666666667,0.241666666666667
"1297",0.0778989898989899,0.0778989898989899,0.0778989898989899,0.143515151515152,0.444656565656566
"1298",0.100181818181818,0.100919191919192,0.256494949494949,0.284575757575758,0.464939393939394
"1299",0.064969696969697,0.108989898989899,0.146636363636364,0.146636363636364,NA
"1300",0.0509393939393939,0.121252525252525,0.142383838383838,0.156020202020202,0.234252525252525
"1301",0.0516969696969697,0.0730606060606061,0.0730606060606061,0.209777777777778,0.552090909090909
"1302",0.0823434343434343,0.0835555555555556,0.153343434343434,0.253707070707071,0.503040404040404
"1303",0.150949494949495,0.150949494949495,0.159070707070707,0.162444444444444,0.162444444444444
"1304",0.0634646464646465,0.0634646464646465,0.433565656565657,0.468919191919192,0.56140404040404
"1305",0.112666666666667,0.112666666666667,0.124646464646465,0.124646464646465,0.424585858585859
"1306",0.040969696969697,0.0494141414141414,0.16559595959596,0.16559595959596,0.176656565656566
"1307",0.147757575757576,0.147757575757576,0.353363636363636,0.353363636363636,0.43840404040404
"1308",0.113434343434343,0.113434343434343,0.192707070707071,0.192707070707071,0.429151515151515
"1309",0.0570606060606061,0.106747474747475,0.171969696969697,0.171969696969697,0.321
"1310",0.0469090909090909,0.255686868686869,0.352363636363636,0.357242424242424,0.507848484848485
"1311",0.115282828282828,0.115282828282828,0.287777777777778,0.287777777777778,0.64179797979798
"1312",0.0881313131313131,0.0881313131313131,0.157737373737374,0.158161616161616,NA
"1313",0.0466969696969697,0.124818181818182,0.199444444444444,0.199484848484849,0.513313131313131
"1314",0.0525050505050505,0.224636363636364,0.22649494949495,0.22649494949495,0.395969696969697
"1315",0.0673131313131313,0.0673535353535354,0.242383838383838,0.512474747474748,NA
"1316",0.070010101010101,0.121535353535354,0.121535353535354,0.121535353535354,0.350959595959596
"1317",0.0614949494949495,0.0901414141414141,0.266707070707071,0.530272727272727,NA
"1318",0.0622121212121212,0.131262626262626,0.313484848484849,0.313919191919192,0.313919191919192
"1319",0.0881414141414141,0.0881414141414141,0.12759595959596,0.390464646464647,0.50159595959596
"1320",0.0611212121212121,0.067989898989899,0.211626262626263,0.224171717171717,0.441232323232323
"1321",0.0641717171717172,0.0641717171717172,0.25379797979798,0.25379797979798,0.325424242424242
"1322",0.106777777777778,0.123727272727273,0.205888888888889,0.224222222222222,0.49420202020202
"1323",0.0681515151515152,0.0681515151515152,0.257484848484848,0.507010101010101,0.511707070707071
"1324",0.0703434343434343,0.174636363636364,0.277090909090909,0.346969696969697,0.363070707070707
"1325",0.0687777777777778,0.0687777777777778,0.0687777777777778,0.418181818181818,0.79559595959596
"1326",0.0535555555555556,0.0583131313131313,0.127080808080808,0.127212121212121,0.127212121212121
"1327",0.117373737373737,0.117373737373737,0.386212121212121,0.386212121212121,0.553757575757576
"1328",0.0468080808080808,0.0548585858585859,0.0673535353535354,0.262767676767677,0.263585858585859
"1329",0.0864848484848485,0.0913737373737374,0.21149494949495,0.21149494949495,0.642212121212121
"1330",0.0892929292929293,0.0892929292929293,0.158242424242424,0.392191919191919,0.392191919191919
"1331",0.0448484848484849,0.0448484848484849,0.137646464646465,0.137646464646465,0.137646464646465
"1332",0.0434848484848485,0.0808787878787879,0.259868686868687,0.301252525252525,0.560060606060606
"1333",0.0996363636363636,0.111191919191919,0.331383838383838,0.331383838383838,0.331383838383838
"1334",0.127414141414141,0.127414141414141,0.185717171717172,0.185717171717172,0.195070707070707
"1335",0.0523434343434343,0.105313131313131,0.105535353535354,0.143191919191919,0.430444444444444
"1336",0.055,0.254333333333333,0.254333333333333,0.254333333333333,0.499636363636364
"1337",0.0503131313131313,0.0757373737373737,0.252585858585859,0.252585858585859,0.396242424242424
"1338",0.0555757575757576,0.105585858585859,0.105585858585859,0.105585858585859,0.357020202020202
"1339",0.0483030303030303,0.0483838383838384,0.0483838383838384,0.180939393939394,NA
"1340",0.0472525252525253,0.174464646464646,0.182666666666667,0.182666666666667,0.398949494949495
"1341",0.0562323232323232,0.0562323232323232,0.126121212121212,0.126121212121212,0.421676767676768
"1342",0.0766262626262626,0.170626262626263,0.259878787878788,0.259989898989899,0.501919191919192
"1343",0.0562525252525253,0.123767676767677,0.123767676767677,0.308020202020202,0.426373737373737
"1344",0.0628989898989899,0.168414141414141,0.168414141414141,0.234949494949495,0.445767676767677
"1345",0.0608787878787879,0.0608787878787879,0.128727272727273,0.381868686868687,0.384757575757576
"1346",0.0506666666666667,0.0607474747474748,0.205525252525253,0.205525252525253,0.206262626262626
"1347",0.0712929292929293,0.183757575757576,0.254919191919192,0.254919191919192,0.256535353535354
"1348",0.0462424242424242,0.0462424242424242,0.323676767676768,0.323676767676768,0.337131313131313
"1349",0.0503636363636364,0.128323232323232,0.169393939393939,0.411484848484849,0.593505050505051
"1350",0.202363636363636,0.207272727272727,0.29569696969697,0.29569696969697,0.29569696969697
"1351",0.158979797979798,0.158979797979798,0.249434343434343,0.250767676767677,0.265747474747475
"1352",0.114171717171717,0.136010101010101,0.136010101010101,0.136151515151515,0.431868686868687
"1353",0.0438080808080808,0.191292929292929,0.215838383838384,0.215838383838384,0.30789898989899
"1354",0.108333333333333,0.108333333333333,0.112414141414141,0.112414141414141,NA
"1355",0.0393939393939394,0.0772121212121212,0.38320202020202,0.38320202020202,0.38320202020202
"1356",0.0397878787878788,0.16,0.16,0.263858585858586,0.364636363636364
"1357",0.0610606060606061,0.170585858585859,0.212474747474747,0.238313131313131,0.238313131313131
"1358",0.0556363636363636,0.0556363636363636,0.131393939393939,0.262636363636364,0.262636363636364
"1359",0.0415050505050505,0.120242424242424,0.168666666666667,0.168666666666667,NA
"1360",0.076010101010101,0.22740404040404,0.22740404040404,0.22740404040404,0.22740404040404
"1361",0.0568989898989899,0.155050505050505,0.221777777777778,0.221777777777778,0.324878787878788
"1362",0.0376161616161616,0.138222222222222,0.180313131313131,0.361656565656566,0.397848484848485
"1363",0.0465454545454545,0.0644141414141414,0.315949494949495,0.315949494949495,0.315949494949495
"1364",0.0567373737373737,0.0621818181818182,0.173979797979798,0.310616161616162,0.369868686868687
"1365",0.0572323232323232,0.213919191919192,0.313555555555556,0.410111111111111,NA
"1366",0.0902626262626263,0.0902626262626263,0.313606060606061,0.366767676767677,0.544070707070707
"1367",0.0653838383838384,0.0726565656565657,0.302565656565657,0.302565656565657,NA
"1368",0.0606464646464646,0.171838383838384,0.21389898989899,0.356393939393939,0.584080808080808
"1369",0.0614444444444444,0.0746464646464647,0.0746464646464647,0.176575757575758,0.439373737373737
"1370",0.0547575757575758,0.0547575757575758,0.0786666666666667,0.275585858585859,0.412525252525253
"1371",0.054030303030303,0.160333333333333,0.160333333333333,0.160333333333333,0.160333333333333
"1372",0.176424242424242,0.176424242424242,0.202818181818182,0.202818181818182,0.214060606060606
"1373",0.0540909090909091,0.149030303030303,0.150040404040404,0.293050505050505,0.520575757575758
"1374",0.142515151515152,0.142515151515152,0.323030303030303,0.323030303030303,0.323030303030303
"1375",0.097020202020202,0.118191919191919,0.22769696969697,0.22769696969697,NA
"1376",0.0672626262626263,0.215171717171717,0.271767676767677,0.459050505050505,0.459050505050505
"1377",0.0548484848484849,0.230707070707071,0.258474747474747,0.258474747474747,0.31630303030303
"1378",0.057979797979798,0.0801010101010101,0.174585858585859,0.327050505050505,0.383676767676768
"1379",0.0577070707070707,0.122959595959596,0.159717171717172,0.159717171717172,0.321616161616162
"1380",0.0886161616161616,0.106181818181818,0.348020202020202,0.348020202020202,0.353010101010101
"1381",0.0568181818181818,0.078030303030303,0.234464646464646,0.234464646464646,0.417282828282828
"1382",0.0821212121212121,0.101949494949495,0.295818181818182,0.403222222222222,0.517959595959596
"1383",0.0451010101010101,0.12230303030303,0.300020202020202,0.330787878787879,0.330979797979798
"1384",0.0498686868686869,0.0498686868686869,0.15430303030303,0.29820202020202,0.371292929292929
"1385",0.0615757575757576,0.112838383838384,0.285040404040404,0.325383838383838,0.357646464646465
"1386",0.0723434343434343,0.0723434343434343,0.219272727272727,0.219272727272727,0.219272727272727
"1387",0.122969696969697,0.122969696969697,0.122979797979798,0.36389898989899,0.364222222222222
"1388",0.114414141414141,0.114414141414141,0.223969696969697,0.256111111111111,0.395060606060606
"1389",0.0463737373737374,0.119606060606061,0.198959595959596,0.232191919191919,0.506444444444444
"1390",0.157010101010101,0.215818181818182,0.328727272727273,0.397080808080808,0.417828282828283
"1391",0.0516262626262626,0.0516262626262626,0.086030303030303,0.229363636363636,0.460969696969697
"1392",0.0549090909090909,0.103707070707071,0.310484848484849,0.322787878787879,0.348858585858586
"1393",0.068989898989899,0.0694343434343434,0.204474747474748,0.278585858585859,0.278585858585859
"1394",0.0625757575757576,0.120808080808081,0.172181818181818,0.36740404040404,0.36740404040404
"1395",0.0683737373737374,0.0683737373737374,0.145828282828283,0.240070707070707,0.240070707070707
"1396",0.0444646464646465,0.0769191919191919,0.129373737373737,0.253151515151515,0.501727272727273
"1397",0.0580606060606061,0.0580606060606061,0.26110101010101,0.261888888888889,0.347969696969697
"1398",0.168929292929293,0.254323232323232,0.254323232323232,0.269141414141414,0.281919191919192
"1399",0.0435656565656566,0.0546565656565657,0.200343434343434,0.200343434343434,0.211969696969697
"1400",0.0505151515151515,0.0505151515151515,0.208111111111111,0.449383838383838,0.449383838383838
"1401",0.0817373737373737,0.199787878787879,0.33340404040404,0.33340404040404,0.334080808080808
"1402",0.140131313131313,0.140131313131313,0.203151515151515,0.203151515151515,0.218828282828283
"1403",0.0575050505050505,0.0953636363636364,0.151111111111111,0.151111111111111,0.367484848484849
"1404",0.0412424242424242,0.0507070707070707,0.189323232323232,0.189434343434343,NA
"1405",0.0615858585858586,0.130373737373737,0.130373737373737,0.342222222222222,0.342222222222222
"1406",0.0845656565656566,0.0845656565656566,0.229979797979798,0.351888888888889,0.710464646464647
"1407",0.146252525252525,0.146252525252525,0.368818181818182,0.368818181818182,0.368828282828283
"1408",0.104838383838384,0.104838383838384,0.282050505050505,0.282050505050505,0.39459595959596
"1409",0.23589898989899,0.23589898989899,0.238080808080808,0.257555555555556,0.508151515151515
"1410",0.0450606060606061,0.0566868686868687,0.194212121212121,0.194212121212121,0.466868686868687
"1411",0.0628080808080808,0.156575757575758,0.324050505050505,0.338787878787879,0.338787878787879
"1412",0.0426464646464646,0.0426464646464646,0.247888888888889,0.259222222222222,NA
"1413",0.0458080808080808,0.0528989898989899,0.217646464646465,0.217646464646465,0.325181818181818
"1414",0.0519191919191919,0.0989292929292929,0.0989292929292929,0.184010101010101,0.505080808080808
"1415",0.0792222222222222,0.0795353535353535,0.0795353535353535,0.142636363636364,0.396505050505051
"1416",0.0656262626262626,0.0656262626262626,0.226888888888889,0.299838383838384,0.407444444444444
"1417",0.0506262626262626,0.0506262626262626,0.170191919191919,0.170191919191919,0.568878787878788
"1418",0.0473232323232323,0.0768585858585859,0.397767676767677,0.397767676767677,0.478070707070707
"1419",0.054979797979798,0.0671818181818182,0.336757575757576,0.336757575757576,0.336757575757576
"1420",0.121161616161616,0.121161616161616,0.121161616161616,0.216949494949495,0.64679797979798
"1421",0.0625151515151515,0.0625151515151515,0.212090909090909,0.235656565656566,0.235656565656566
"1422",0.0398383838383838,0.0482828282828283,0.275828282828283,0.275868686868687,NA
"1423",0.0472323232323232,0.119838383838384,0.259545454545455,0.260323232323232,0.260323232323232
"1424",0.0464242424242424,0.0543232323232323,0.298060606060606,0.298060606060606,NA
"1425",0.0731313131313131,0.188888888888889,0.189505050505051,NA,NA
"1426",0.0931818181818182,0.0931818181818182,0.0931818181818182,0.0931818181818182,0.564262626262626
"1427",0.042,0.0721919191919192,0.109272727272727,0.355646464646465,0.371030303030303
"1428",0.0595353535353535,0.0595353535353535,0.23269696969697,0.23269696969697,0.329424242424242
"1429",0.120646464646465,0.194676767676768,0.200333333333333,0.252323232323232,NA
"1430",0.0770808080808081,0.0847676767676768,0.357414141414141,0.529646464646465,NA
"1431",0.0495050505050505,0.0956565656565657,0.194565656565657,0.194565656565657,0.217010101010101
"1432",0.0612020202020202,0.233585858585859,0.237717171717172,0.237717171717172,0.237717171717172
"1433",0.0766666666666667,0.17130303030303,0.199808080808081,0.199808080808081,0.233262626262626
"1434",0.155111111111111,0.155111111111111,0.197929292929293,0.197929292929293,0.398
"1435",0.0525757575757576,0.131676767676768,0.131686868686869,0.131686868686869,0.425535353535354
"1436",0.062030303030303,0.062030303030303,0.253666666666667,0.321474747474748,0.534585858585859
"1437",0.0638989898989899,0.108414141414141,0.133909090909091,0.322535353535354,0.358181818181818
"1438",0.0947474747474748,0.0947474747474748,0.208838383838384,0.208838383838384,0.209636363636364
"1439",0.0652424242424243,0.0652424242424243,0.0795151515151515,0.190525252525253,0.653313131313131
"1440",0.127242424242424,0.127242424242424,0.127242424242424,0.274676767676768,0.274676767676768
"1441",0.0612222222222222,0.0612222222222222,0.352808080808081,0.352808080808081,0.352808080808081
"1442",0.0480909090909091,0.0622323232323232,0.287020202020202,0.287020202020202,0.294444444444444
"1443",0.0484848484848485,0.0484848484848485,0.255151515151515,0.255151515151515,0.39759595959596
"1444",0.0576666666666667,0.0576666666666667,0.243444444444444,0.243444444444444,0.611515151515152
"1445",0.144949494949495,0.197252525252525,0.395373737373737,0.395373737373737,0.444333333333333
"1446",0.0773636363636364,0.0773737373737374,0.236989898989899,0.23810101010101,0.281929292929293
"1447",0.0506767676767677,0.129656565656566,0.297979797979798,0.297979797979798,0.297979797979798
"1448",0.0482323232323232,0.0813131313131313,0.0817070707070707,0.173838383838384,0.357707070707071
"1449",0.110707070707071,0.110707070707071,0.110707070707071,0.416959595959596,0.49910101010101
"1450",0.155333333333333,0.174151515151515,0.184565656565657,0.184565656565657,NA
"1451",0.0798383838383838,0.143131313131313,0.200060606060606,0.251323232323232,0.265848484848485
"1452",0.148555555555556,0.254070707070707,0.254070707070707,0.254070707070707,NA
"1453",0.0630707070707071,0.0630707070707071,0.106545454545455,0.174161616161616,0.215616161616162
"1454",0.087949494949495,0.087949494949495,0.163090909090909,0.163090909090909,0.429111111111111
"1455",0.0635050505050505,0.0821717171717172,0.0821717171717172,0.186131313131313,0.193787878787879
"1456",0.0439191919191919,0.0439191919191919,0.117414141414141,0.117414141414141,NA
"1457",0.0813939393939394,0.0814646464646465,0.152646464646465,0.352070707070707,0.501757575757576
"1458",0.0991010101010101,0.0991010101010101,0.126585858585859,0.137020202020202,NA
"1459",0.0383636363636364,0.0629494949494949,0.271444444444444,0.271444444444444,0.568252525252525
"1460",0.057010101010101,0.057010101010101,0.0811414141414142,0.133575757575758,0.374808080808081
"1461",0.123030303030303,0.123030303030303,0.238575757575758,0.238575757575758,0.472767676767677
"1462",0.0968888888888889,0.0968888888888889,0.0968888888888889,0.215656565656566,0.25769696969697
"1463",0.0356060606060606,0.064969696969697,0.22179797979798,0.224141414141414,NA
"1464",0.047979797979798,0.047979797979798,0.156070707070707,0.156080808080808,0.157363636363636
"1465",0.0808888888888889,0.232767676767677,0.232767676767677,0.232767676767677,0.390868686868687
"1466",0.0476767676767677,0.0476767676767677,0.23179797979798,0.323393939393939,0.323393939393939
"1467",0.0575454545454546,0.0575454545454546,0.198010101010101,0.198010101010101,0.198010101010101
"1468",0.202414141414141,0.202414141414141,0.202414141414141,0.433787878787879,0.459686868686869
"1469",0.126464646464646,0.180464646464646,0.318353535353535,0.318393939393939,NA
"1470",0.0441717171717172,0.140787878787879,0.306717171717172,0.307383838383838,NA
"1471",0.105818181818182,0.114333333333333,0.115505050505051,0.230232323232323,NA
"1472",0.0507979797979798,0.0551919191919192,0.118979797979798,0.128232323232323,0.498232323232323
"1473",0.119454545454545,0.182333333333333,0.279919191919192,0.294949494949495,0.294949494949495
"1474",0.185242424242424,0.185242424242424,0.281838383838384,0.282030303030303,0.397777777777778
"1475",0.122525252525253,0.151222222222222,0.151222222222222,0.30069696969697,0.327353535353535
"1476",0.0533737373737374,0.0636969696969697,0.379757575757576,0.381929292929293,0.381929292929293
"1477",0.0515454545454545,0.0515454545454545,0.328393939393939,0.334717171717172,0.44620202020202
"1478",0.0805656565656566,0.0831919191919192,0.242383838383838,0.242383838383838,0.749505050505051
"1479",0.0523434343434343,0.0523434343434343,0.245181818181818,0.246909090909091,NA
"1480",0.0682222222222222,0.0682222222222222,0.198737373737374,0.328808080808081,0.328868686868687
"1481",0.0624848484848485,0.0627676767676768,0.265393939393939,0.27120202020202,NA
"1482",0.0827878787878788,0.0828080808080808,0.247585858585859,0.247707070707071,0.602323232323232
"1483",0.103666666666667,0.103666666666667,0.103666666666667,0.174090909090909,0.200707070707071
"1484",0.0796464646464647,0.123333333333333,0.217131313131313,0.322929292929293,0.359626262626263
"1485",0.0534949494949495,0.100555555555556,0.143737373737374,0.33779797979798,0.33779797979798
"1486",0.140666666666667,0.168434343434343,0.168434343434343,0.168434343434343,0.228090909090909
"1487",0.136212121212121,0.136212121212121,0.311454545454545,0.311454545454545,0.360242424242424
"1488",0.0385656565656566,0.0545555555555556,0.0600909090909091,0.321292929292929,0.453030303030303
"1489",NA,NA,NA,NA,NA
"1490",0.0556363636363636,0.135717171717172,0.161111111111111,0.161111111111111,0.161111111111111
"1491",0.0618989898989899,0.0618989898989899,0.158979797979798,0.26010101010101,0.301656565656566
"1492",0.142080808080808,0.142080808080808,0.269525252525253,0.269525252525253,0.269525252525253
"1493",0.0565858585858586,0.0565858585858586,0.161313131313131,0.171747474747475,0.250060606060606
"1494",0.0936969696969697,0.0936969696969697,0.251525252525253,0.533515151515151,NA
"1495",0.0485757575757576,0.056979797979798,0.184343434343434,0.412646464646465,0.412646464646465
"1496",0.0624545454545455,0.120717171717172,0.120717171717172,0.343616161616162,0.343616161616162
"1497",0.0644747474747475,0.0644747474747475,0.174848484848485,0.174848484848485,0.198383838383838
"1498",0.159232323232323,0.159232323232323,0.159232323232323,0.421373737373737,0.421373737373737
"1499",0.0387272727272727,0.0758989898989899,0.231212121212121,0.231212121212121,0.440585858585859
"1500",0.131,0.131080808080808,0.383353535353535,0.383353535353535,0.403474747474747
"1501",0.0750505050505051,0.0750505050505051,0.338161616161616,0.33830303030303,0.33830303030303
"1502",0.103090909090909,0.215959595959596,0.253454545454545,0.253454545454545,0.544979797979798
"1503",0.0502929292929293,0.0668888888888889,0.274909090909091,0.274909090909091,0.553515151515152
"1504",0.0465252525252525,0.117111111111111,0.245252525252525,0.245252525252525,0.245252525252525
"1505",0.0461010101010101,0.0461010101010101,0.203939393939394,0.260545454545455,NA
"1506",0.0933636363636364,0.0946969696969697,0.140010101010101,0.140010101010101,0.503626262626263
"1507",0.0453939393939394,0.0453939393939394,0.336363636363636,0.336363636363636,NA
"1508",0.105353535353535,0.194090909090909,0.194090909090909,0.194090909090909,0.218242424242424
"1509",0.0785050505050505,0.194959595959596,0.34510101010101,0.34510101010101,0.362979797979798
"1510",0.119545454545455,0.119545454545455,0.143484848484848,0.143484848484848,0.399151515151515
"1511",0.0908787878787879,0.157282828282828,0.257171717171717,0.364808080808081,0.645636363636364
"1512",0.0434040404040404,0.0496363636363636,0.262010101010101,0.325222222222222,NA
"1513",0.0387272727272727,0.0387272727272727,0.176515151515152,0.184656565656566,0.255262626262626
"1514",0.10969696969697,0.10969696969697,0.182545454545455,0.210515151515152,NA
"1515",0.139444444444444,0.139444444444444,0.20989898989899,0.234333333333333,0.234333333333333
"1516",0.0481010101010101,0.0481010101010101,0.272070707070707,0.27420202020202,NA
"1517",0.0695151515151515,0.0695151515151515,0.238939393939394,0.238969696969697,0.285313131313131
"1518",0.0436565656565657,0.0604747474747475,0.193333333333333,0.193333333333333,0.193333333333333
"1519",0.0669292929292929,0.0696262626262626,0.334444444444444,0.334444444444444,NA
"1520",0.047020202020202,0.047020202020202,0.231787878787879,0.231787878787879,0.564242424242424
"1521",0.0757272727272727,0.139242424242424,0.374333333333333,0.38730303030303,0.563979797979798
"1522",0.118,0.135717171717172,0.137939393939394,0.137939393939394,NA
"1523",0.0842626262626263,0.0842626262626263,0.0843030303030303,0.268242424242424,0.321131313131313
"1524",0.142979797979798,0.186676767676768,0.187090909090909,0.187707070707071,NA
"1525",0.0472525252525253,0.0508989898989899,0.165212121212121,0.180222222222222,NA
"1526",0.0430909090909091,0.0430909090909091,0.300353535353535,0.300353535353535,0.357030303030303
"1527",0.0496262626262626,0.0496262626262626,0.103565656565657,0.325050505050505,0.503858585858586
"1528",0.0464848484848485,0.10279797979798,0.127262626262626,0.232060606060606,0.302191919191919
"1529",0.13910101010101,0.13910101010101,0.213686868686869,0.215676767676768,NA
"1530",0.0606666666666667,0.0764646464646465,0.267555555555556,0.41049494949495,0.51720202020202
"1531",0.0775858585858586,0.13679797979798,0.13679797979798,0.247616161616162,0.247939393939394
"1532",0.0533737373737374,0.070949494949495,0.20149494949495,0.236949494949495,0.46879797979798
"1533",0.0710707070707071,0.0710707070707071,0.223363636363636,0.285363636363636,0.30169696969697
"1534",0.11569696969697,0.11569696969697,0.30969696969697,0.314131313131313,NA
"1535",0.0413131313131313,0.0472121212121212,0.102070707070707,0.102070707070707,0.321585858585859
"1536",0.0868787878787879,0.0868787878787879,0.0868787878787879,0.0881010101010101,0.448919191919192
"1537",0.0828888888888889,0.0828888888888889,0.238979797979798,0.243838383838384,0.329373737373737
"1538",0.0463535353535354,0.0804646464646465,0.165323232323232,0.165333333333333,0.468515151515152
"1539",0.0543131313131313,0.0543131313131313,0.255636363636364,0.255636363636364,0.396131313131313
"1540",0.052979797979798,0.052979797979798,0.323585858585859,0.461272727272727,0.617474747474748
"1541",0.0694141414141414,0.138838383838384,0.23640404040404,0.23640404040404,NA
"1542",0.0748383838383838,0.105787878787879,0.276676767676768,0.276676767676768,0.394323232323232
"1543",0.051959595959596,0.0772727272727273,0.133363636363636,0.133363636363636,0.443080808080808
"1544",0.122767676767677,0.122767676767677,0.228040404040404,0.228040404040404,0.228040404040404
"1545",0.0388787878787879,0.0605151515151515,0.0877676767676768,0.236676767676768,0.281373737373737
"1546",0.0748888888888889,0.0873939393939394,0.0873939393939394,0.255232323232323,0.463161616161616
"1547",0.0515757575757576,0.156232323232323,0.200414141414141,0.200414141414141,0.25610101010101
"1548",0.0596060606060606,0.127787878787879,0.183858585858586,0.183858585858586,0.410575757575758
"1549",0.132151515151515,0.132151515151515,0.177777777777778,0.179929292929293,0.179929292929293
"1550",0.129131313131313,0.129131313131313,0.196080808080808,0.212313131313131,NA
"1551",0.0731616161616162,0.112070707070707,0.217868686868687,0.23089898989899,NA
"1552",0.037,0.0889292929292929,0.0889292929292929,0.31469696969697,NA
"1553",0.0633737373737374,0.100949494949495,0.220989898989899,0.220989898989899,0.226191919191919
"1554",0.0438080808080808,0.0438080808080808,0.37620202020202,0.37620202020202,0.442909090909091
"1555",0.0447373737373737,0.122636363636364,0.122636363636364,0.266222222222222,0.266222222222222
"1556",0.0459393939393939,0.0459393939393939,0.353262626262626,0.51289898989899,0.715393939393939
"1557",0.0462424242424242,0.138454545454545,0.25889898989899,0.330373737373737,NA
"1558",0.0571111111111111,0.144646464646465,0.328191919191919,0.445454545454545,0.476666666666667
"1559",0.0598383838383838,0.0598383838383838,0.131181818181818,0.164111111111111,0.166464646464646
"1560",0.0771616161616162,0.171232323232323,0.237151515151515,0.268121212121212,0.268121212121212
"1561",0.0577474747474747,0.0799090909090909,0.309929292929293,0.309929292929293,0.309929292929293
"1562",0.0526767676767677,0.287090909090909,0.329181818181818,0.329181818181818,0.600464646464646
"1563",0.0444747474747475,0.0444747474747475,0.181676767676768,0.181676767676768,0.609909090909091
"1564",0.0635656565656566,0.188323232323232,0.188323232323232,0.261323232323232,0.40179797979798
"1565",0.0587171717171717,0.0646565656565657,0.258464646464647,0.266616161616162,0.331424242424242
"1566",0.0541010101010101,0.0747272727272727,0.272161616161616,0.352747474747475,0.467323232323232
"1567",0.060949494949495,0.060949494949495,0.262818181818182,0.262818181818182,0.262818181818182
"1568",0.10069696969697,0.10069696969697,0.322686868686869,0.323393939393939,0.397010101010101
"1569",0.128888888888889,0.128888888888889,0.195121212121212,0.195141414141414,NA
"1570",0.0428787878787879,0.0795656565656566,0.129777777777778,0.129828282828283,0.571060606060606
"1571",0.0424444444444444,0.128383838383838,0.17420202020202,0.17420202020202,0.554858585858586
"1572",0.0549393939393939,0.0553535353535354,0.188737373737374,NA,NA
"1573",0.225060606060606,0.225060606060606,0.225060606060606,0.30389898989899,0.421181818181818
"1574",0.120252525252525,0.197141414141414,0.340565656565657,0.340565656565657,0.344676767676768
"1575",0.125171717171717,0.125171717171717,0.166252525252525,0.51420202020202,0.598929292929293
"1576",0.0558787878787879,0.0683838383838384,0.160040404040404,0.320212121212121,0.376787878787879
"1577",0.0427474747474747,0.0427474747474747,0.165575757575758,0.282919191919192,0.285030303030303
"1578",0.0521313131313131,0.199636363636364,0.199636363636364,0.508767676767677,0.592919191919192
"1579",0.0499393939393939,0.144525252525253,0.165353535353535,0.294232323232323,0.294232323232323
"1580",0.100090909090909,0.100090909090909,0.361282828282828,0.361282828282828,0.438060606060606
"1581",0.0499393939393939,0.0499393939393939,0.054010101010101,0.170191919191919,0.230515151515152
"1582",0.0632727272727273,0.0795656565656566,0.319929292929293,0.331212121212121,0.450747474747475
"1583",0.0781919191919192,0.22410101010101,0.224454545454545,0.224454545454545,0.414525252525253
"1584",0.0533939393939394,0.0533939393939394,0.308363636363636,0.460111111111111,0.57369696969697
"1585",0.0370707070707071,0.100040404040404,0.106323232323232,NA,NA
"1586",0.0660909090909091,0.0660909090909091,0.0660909090909091,0.0665050505050505,0.353636363636364
"1587",0.0470808080808081,0.131131313131313,0.252060606060606,0.253454545454545,0.397777777777778
"1588",0.0523131313131313,0.0638181818181818,0.386909090909091,0.434040404040404,0.464353535353535
"1589",0.0455454545454545,0.0455454545454545,0.119989898989899,0.119989898989899,0.320353535353535
"1590",0.0442727272727273,0.0852929292929293,0.358272727272727,0.363616161616162,0.363616161616162
"1591",0.0735454545454546,0.11720202020202,0.147535353535354,0.159333333333333,NA
"1592",0.0756262626262626,0.0756262626262626,0.0780808080808081,0.169565656565657,NA
"1593",0.0337575757575758,0.0422323232323232,0.292090909090909,0.294,NA
"1594",0.0486161616161616,0.0531313131313131,0.235353535353535,0.333444444444444,NA
"1595",0.0455353535353535,0.143363636363636,0.24979797979798,0.24979797979798,0.507343434343434
"1596",0.116656565656566,0.116656565656566,0.201676767676768,NA,NA
"1597",0.0648383838383838,0.0648383838383838,0.219040404040404,0.219040404040404,0.219040404040404
"1598",0.0768888888888889,0.0768888888888889,0.12169696969697,0.121717171717172,NA
"1599",0.0748585858585859,0.0748585858585859,0.170363636363636,0.259292929292929,0.264959595959596
"1600",0.0530606060606061,0.0798585858585859,0.285969696969697,0.285969696969697,0.301505050505051
"1601",0.117717171717172,0.117717171717172,0.185757575757576,0.185757575757576,NA
"1602",0.0888080808080808,0.0888080808080808,0.278989898989899,0.279141414141414,0.454090909090909
"1603",0.0789494949494949,0.0789494949494949,0.206080808080808,0.266141414141414,0.266141414141414
"1604",0.118949494949495,0.153343434343434,0.201969696969697,0.201969696969697,0.544424242424242
"1605",0.0538383838383838,0.0538383838383838,0.199020202020202,0.199545454545455,0.199868686868687
"1606",0.12769696969697,0.127848484848485,0.228141414141414,0.228141414141414,0.395989898989899
"1607",0.101878787878788,0.239434343434343,0.240050505050505,0.240050505050505,0.499171717171717
"1608",0.100808080808081,0.100808080808081,0.100808080808081,0.100808080808081,0.40320202020202
"1609",0.038979797979798,0.044,0.17689898989899,0.182505050505051,0.182505050505051
"1610",0.0736161616161616,0.135131313131313,0.314161616161616,0.321737373737374,NA
"1611",0.101242424242424,0.101868686868687,0.101888888888889,0.101888888888889,0.635606060606061
"1612",0.124121212121212,0.124121212121212,0.124121212121212,0.24749494949495,0.444878787878788
"1613",0.14659595959596,0.14659595959596,0.14659595959596,0.174989898989899,0.446454545454545
"1614",0.0579090909090909,0.0579090909090909,0.0762929292929293,0.253808080808081,0.350020202020202
"1615",0.0514343434343434,0.150848484848485,0.318131313131313,0.405676767676768,NA
"1616",0.0463939393939394,0.139121212121212,0.186535353535354,0.186535353535354,0.351505050505051
"1617",0.0734040404040404,0.0734040404040404,0.285282828282828,0.416111111111111,0.416111111111111
"1618",0.0548484848484849,0.0548484848484849,0.0788989898989899,0.158030303030303,0.330232323232323
"1619",0.0448585858585859,0.0526868686868687,0.206151515151515,0.246242424242424,0.266959595959596
"1620",0.0577575757575758,0.131939393939394,0.157454545454545,0.306919191919192,0.507151515151515
"1621",0.0864040404040404,0.196393939393939,0.236171717171717,0.236181818181818,0.442313131313131
"1622",0.0489090909090909,0.133434343434343,0.135121212121212,0.373545454545455,NA
"1623",0.172646464646465,0.172646464646465,0.190383838383838,0.190383838383838,0.395525252525253
"1624",0.0526060606060606,0.0584444444444445,0.0584444444444445,0.38679797979798,0.624747474747475
"1625",0.125474747474747,0.125474747474747,0.250030303030303,0.250030303030303,0.693131313131313
"1626",0.0454040404040404,0.0454040404040404,0.215676767676768,0.281383838383838,NA
"1627",0.101737373737374,0.101737373737374,0.15420202020202,0.354292929292929,0.50459595959596
"1628",0.056010101010101,0.242636363636364,0.242636363636364,0.243555555555556,0.243555555555556
"1629",0.0608787878787879,0.0608787878787879,0.158929292929293,0.216353535353535,0.293919191919192
"1630",0.0423030303030303,0.0736666666666667,0.262171717171717,0.262171717171717,0.26389898989899
"1631",0.12989898989899,0.254111111111111,0.334535353535354,0.334535353535354,0.506242424242424
"1632",0.114838383838384,0.114838383838384,0.130444444444444,0.321666666666667,0.349828282828283
"1633",0.138141414141414,0.138141414141414,0.253828282828283,0.258080808080808,0.258080808080808
"1634",0.0491111111111111,0.0533737373737374,0.176292929292929,0.176292929292929,0.593656565656566
"1635",0.0536161616161616,0.0795151515151515,0.0795959595959596,0.399818181818182,0.399818181818182
"1636",0.0586969696969697,0.152909090909091,0.152909090909091,0.16769696969697,0.227646464646465
"1637",0.0528888888888889,0.0528888888888889,0.111515151515152,0.235131313131313,0.235131313131313
"1638",0.131575757575758,0.199222222222222,0.216646464646465,0.233686868686869,0.557343434343434
"1639",0.105575757575758,0.105575757575758,0.19430303030303,0.357161616161616,0.542828282828283
"1640",0.0731515151515152,0.12579797979798,0.155313131313131,0.155313131313131,0.496676767676768
"1641",0.0725151515151515,0.0725151515151515,0.0950505050505051,0.395919191919192,0.41649494949495
"1642",0.0891919191919192,0.0891919191919192,0.17049494949495,0.194616161616162,NA
"1643",0.0534040404040404,0.0534040404040404,0.0614545454545455,0.19669696969697,0.22810101010101
"1644",0.074,0.127777777777778,0.202353535353535,0.202353535353535,0.202383838383838
"1645",0.132878787878788,0.132878787878788,0.28089898989899,0.28089898989899,0.325474747474748
"1646",0.132868686868687,0.132868686868687,0.228878787878788,0.228878787878788,0.576252525252525
"1647",0.063030303030303,0.063030303030303,0.275181818181818,0.275181818181818,0.275181818181818
"1648",0.0874444444444444,0.0874444444444444,0.180969696969697,0.315333333333333,NA
"1649",0.0361212121212121,0.0403434343434343,0.361535353535354,NA,NA
"1650",0.0505858585858586,0.0505858585858586,0.217747474747475,0.217747474747475,0.217747474747475
"1651",0.0498888888888889,0.164959595959596,0.258242424242424,0.258242424242424,0.574030303030303
"1652",0.140555555555556,0.204131313131313,0.204131313131313,0.282181818181818,0.445929292929293
"1653",0.119161616161616,0.119161616161616,0.131010101010101,0.131010101010101,0.316818181818182
"1654",0.16979797979798,0.19159595959596,0.198040404040404,0.198040404040404,0.255949494949495
"1655",0.121171717171717,0.25710101010101,0.294434343434343,0.294434343434343,0.299313131313131
"1656",0.155171717171717,0.232060606060606,0.319131313131313,0.319171717171717,0.413313131313131
"1657",0.0557777777777778,0.061020202020202,0.236828282828283,0.349010101010101,0.391393939393939
"1658",0.137727272727273,0.137727272727273,0.194171717171717,0.209020202020202,0.209020202020202
"1659",0.0762828282828283,0.126070707070707,0.126070707070707,0.253040404040404,0.684343434343434
"1660",0.0602121212121212,0.102767676767677,0.185414141414141,0.185424242424242,0.398757575757576
"1661",0.0742222222222222,0.0742222222222222,0.211313131313131,0.216717171717172,0.441555555555556
"1662",0.0665959595959596,0.0665959595959596,0.0665959595959596,0.248646464646465,0.576232323232323
"1663",0.0501313131313131,0.118646464646465,0.235939393939394,0.235939393939394,0.613454545454545
"1664",0.0487575757575758,0.052989898989899,0.269575757575758,0.269575757575758,0.269575757575758
"1665",0.0818585858585859,0.0818585858585859,0.394666666666667,NA,NA
"1666",0.0876363636363636,0.0876363636363636,0.188131313131313,0.328818181818182,0.356525252525253
"1667",0.128777777777778,0.153686868686869,0.32110101010101,0.32110101010101,0.32110101010101
"1668",0.0470606060606061,0.0552222222222222,0.245777777777778,0.245848484848485,0.245848484848485
"1669",0.0425959595959596,0.117292929292929,0.303636363636364,0.303636363636364,0.303636363636364
"1670",0.0766464646464647,0.0766464646464647,0.265878787878788,0.289070707070707,NA
"1671",0.0412222222222222,0.0675757575757576,0.114717171717172,0.114717171717172,0.506727272727273
"1672",0.0622323232323232,0.0622323232323232,0.142292929292929,0.275757575757576,0.353111111111111
"1673",0.0466060606060606,0.11149494949495,0.129262626262626,0.342525252525253,0.342525252525253
"1674",0.0558484848484849,0.0848787878787879,0.114393939393939,0.292616161616162,0.292646464646465
"1675",0.04,0.155656565656566,0.155656565656566,0.308828282828283,0.308828282828283
"1676",0.0557979797979798,0.214343434343434,0.320484848484848,0.320484848484848,0.465313131313131
"1677",0.0537676767676768,0.0584242424242424,0.26169696969697,0.290282828282828,0.576525252525253
"1678",0.0512020202020202,0.247949494949495,0.247949494949495,0.247949494949495,0.368565656565657
"1679",0.0574242424242424,0.0574242424242424,0.404151515151515,0.404151515151515,0.404151515151515
"1680",0.0530909090909091,0.116979797979798,0.26930303030303,0.340868686868687,0.340868686868687
"1681",0.0604444444444444,0.0604444444444444,0.211979797979798,0.224383838383838,0.282666666666667
"1682",NA,NA,NA,NA,NA
"1683",0.0291414141414141,0.0592323232323232,0.0970404040404041,0.374717171717172,0.374717171717172
"1684",0.0468383838383838,0.055,0.136262626262626,0.379282828282828,NA
"1685",0.176070707070707,0.227787878787879,0.227868686868687,0.227868686868687,0.841434343434344
"1686",0.0501212121212121,0.0501212121212121,0.181181818181818,0.423545454545455,0.423545454545455
"1687",0.0543535353535354,0.0543535353535354,0.143878787878788,0.293212121212121,0.29559595959596
"1688",0.047969696969697,0.0518585858585859,0.280191919191919,0.280191919191919,0.507929292929293
"1689",0.0526262626262626,0.058,0.266949494949495,0.346424242424242,0.346424242424242
"1690",0.0542727272727273,0.0966969696969697,0.152020202020202,0.191838383838384,0.499585858585859
"1691",0.0620606060606061,0.148191919191919,0.151171717171717,0.151171717171717,0.352838383838384
"1692",0.0480909090909091,0.120777777777778,0.257333333333333,0.26379797979798,NA
"1693",0.108828282828283,0.108828282828283,0.339565656565657,0.339565656565657,0.503636363636364
"1694",0.0571919191919192,0.0788282828282828,0.231282828282828,0.231282828282828,0.368464646464646
"1695",0.160343434343434,0.160343434343434,0.286878787878788,0.392292929292929,0.392292929292929
"1696",0.076949494949495,0.076949494949495,0.21040404040404,0.282454545454545,0.587212121212121
"1697",0.0682222222222222,0.140505050505051,0.140505050505051,0.231010101010101,0.281171717171717
"1698",0.0487575757575758,0.0487575757575758,0.181393939393939,0.181393939393939,0.552818181818182
"1699",0.0504343434343434,0.103151515151515,0.18189898989899,0.18189898989899,0.436777777777778
"1700",0.0781818181818182,0.0781818181818182,0.276757575757576,0.319161616161616,NA
"1701",0.0508989898989899,0.0608181818181818,0.170111111111111,0.196868686868687,0.253737373737374
"1702",0.0487878787878788,0.222272727272727,0.318505050505051,0.318525252525253,0.39720202020202
"1703",0.0617777777777778,0.0617777777777778,0.313080808080808,0.313080808080808,0.313080808080808
"1704",0.0514141414141414,0.147505050505051,0.147505050505051,0.189565656565657,0.341505050505051
"1705",0.0505858585858586,0.207111111111111,0.207111111111111,0.418909090909091,0.565242424242424
"1706",0.0581313131313131,0.0801313131313131,0.270424242424242,0.271838383838384,0.359727272727273
"1707",0.14049494949495,0.140585858585859,0.140585858585859,0.282313131313131,0.359868686868687
"1708",0.0711818181818182,0.0711818181818182,0.281383838383838,0.281383838383838,0.507888888888889
"1709",0.084010101010101,0.084010101010101,0.183949494949495,0.318343434343434,0.318343434343434
"1710",0.0785757575757576,0.133656565656566,0.304959595959596,0.304959595959596,0.304959595959596
"1711",0.056969696969697,0.0626161616161616,0.247,0.247,0.418282828282828
"1712",0.0689090909090909,0.0689090909090909,0.255565656565657,0.338424242424242,0.338444444444444
"1713",0.0621818181818182,0.117151515151515,0.117151515151515,0.11730303030303,0.463424242424242
"1714",0.0552121212121212,0.206909090909091,0.222484848484849,0.366191919191919,0.366191919191919
"1715",0.0652424242424243,0.0940909090909091,0.313888888888889,0.313949494949495,0.313949494949495
"1716",0.0435252525252525,0.225929292929293,0.299868686868687,0.50340404040404,0.50340404040404
"1717",0.0543333333333333,0.0543333333333333,0.165878787878788,0.165878787878788,0.496070707070707
"1718",0.0575151515151515,0.0575151515151515,0.22989898989899,0.22989898989899,0.252717171717172
"1719",0.0499393939393939,0.0499393939393939,0.348656565656566,0.422969696969697,NA
"1720",0.0438383838383838,0.183505050505051,0.28259595959596,0.396161616161616,0.396161616161616
"1721",0.100444444444444,0.100444444444444,0.297515151515152,0.297515151515152,0.601585858585859
"1722",0.0789494949494949,0.0789494949494949,0.11379797979798,0.256787878787879,0.399454545454546
"1723",0.0503838383838384,0.0650909090909091,0.310242424242424,0.310242424242424,0.377121212121212
"1724",0.0520606060606061,0.0520606060606061,0.154737373737374,0.154737373737374,0.256575757575758
"1725",0.056020202020202,0.056020202020202,0.157474747474747,0.312484848484849,0.33010101010101
"1726",0.0413333333333333,0.047020202020202,0.275484848484848,NA,NA
"1727",0.0925959595959596,0.0925959595959596,0.225787878787879,0.225787878787879,0.231757575757576
"1728",0.0505858585858586,0.0674444444444444,0.207080808080808,0.210333333333333,0.210333333333333
"1729",0.134969696969697,0.226949494949495,0.226949494949495,0.227222222222222,0.562787878787879
"1730",0.068969696969697,0.068969696969697,0.236181818181818,0.236181818181818,0.323313131313131
"1731",0.061969696969697,0.061969696969697,0.25030303030303,0.27149494949495,0.392484848484848
"1732",0.0948383838383838,0.0948383838383838,0.183575757575758,0.183575757575758,0.273535353535354
"1733",0.0537474747474748,0.0642727272727273,0.237707070707071,0.356858585858586,0.511535353535354
"1734",0.0477070707070707,0.0508686868686869,0.0691515151515152,0.0691515151515152,0.424040404040404
"1735",0.0318484848484848,0.0791717171717172,0.345393939393939,0.345393939393939,0.373959595959596
"1736",0.0442828282828283,0.0556262626262626,0.310434343434343,0.310434343434343,0.310434343434343
"1737",0.0582828282828283,0.226717171717172,0.286828282828283,0.286828282828283,0.348424242424242
"1738",0.0605252525252525,0.129050505050505,0.293282828282828,0.293282828282828,0.298979797979798
"1739",0.082979797979798,0.082979797979798,0.195171717171717,0.202242424242424,0.274727272727273
"1740",0.0523939393939394,0.0625656565656566,0.227828282828283,0.227828282828283,0.383414141414141
"1741",0.100040404040404,0.100040404040404,0.219252525252525,0.219252525252525,0.387969696969697
"1742",0.0594141414141414,0.0594141414141414,0.41110101010101,0.41110101010101,0.412030303030303
"1743",0.108242424242424,0.108545454545455,0.337111111111111,0.375373737373737,0.375373737373737
"1744",0.104111111111111,0.104111111111111,0.191616161616162,0.191616161616162,0.361343434343434
"1745",0.0466666666666667,0.0540505050505051,0.0731818181818182,0.0732828282828283,NA
"1746",0.0599292929292929,0.127888888888889,0.152363636363636,0.271585858585859,0.46059595959596
"1747",0.0822020202020202,0.0822020202020202,0.0843434343434343,0.0843434343434343,0.350878787878788
"1748",0.0525151515151515,0.070030303030303,0.264989898989899,0.264989898989899,0.290373737373737
"1749",0.0517070707070707,0.0937474747474748,0.0943333333333333,0.247767676767677,0.344383838383838
"1750",0.0442424242424242,0.0592626262626263,0.32159595959596,0.326525252525253,NA
"1751",0.0665959595959596,0.0665959595959596,0.132464646464646,0.366393939393939,0.652292929292929
"1752",0.0541616161616162,0.0541616161616162,0.0746767676767677,0.278989898989899,0.470878787878788
"1753",0.0954141414141414,0.0954141414141414,0.240949494949495,NA,NA
"1754",0.0959292929292929,0.0959292929292929,0.182282828282828,0.247676767676768,0.248282828282828
"1755",0.0813131313131313,0.0814141414141414,0.227939393939394,0.227939393939394,0.256525252525253
"1756",0.0547272727272727,0.0547272727272727,0.0671111111111111,0.212292929292929,0.468474747474747
"1757",0.059020202020202,0.144020202020202,0.144030303030303,0.144030303030303,0.187212121212121
"1758",0.108939393939394,0.108939393939394,0.108939393939394,0.166949494949495,0.167212121212121
"1759",0.0497575757575758,0.0497575757575758,0.173626262626263,0.194626262626263,0.63310101010101
"1760",0.0522727272727273,0.178373737373737,0.192858585858586,0.192858585858586,0.314
"1761",0.042979797979798,0.0457474747474748,0.319141414141414,0.319585858585859,NA
"1762",0.0773939393939394,0.0773939393939394,0.214333333333333,0.475636363636364,NA
"1763",0.0626060606060606,0.0626060606060606,0.109181818181818,0.137929292929293,0.624939393939394
"1764",0.0774545454545455,0.0774545454545455,0.206676767676768,0.207454545454545,0.301737373737374
"1765",0.0487979797979798,0.0582525252525253,0.181050505050505,0.181050505050505,0.557727272727273
"1766",0.0542020202020202,0.0594141414141414,0.230414141414141,0.230414141414141,0.232868686868687
"1767",0.0941616161616162,0.0941616161616162,0.0941616161616162,0.120252525252525,0.503828282828283
"1768",0.136191919191919,0.136191919191919,0.398373737373737,0.398373737373737,0.398373737373737
"1769",0.044989898989899,0.044989898989899,0.170282828282828,0.170282828282828,0.563060606060606
"1770",0.0385050505050505,0.0639292929292929,0.26079797979798,NA,NA
"1771",0.0727373737373737,0.116373737373737,0.156707070707071,0.230929292929293,0.231676767676768
"1772",0.0416464646464646,0.0931111111111111,0.104181818181818,0.104181818181818,0.104181818181818
"1773",0.0578181818181818,0.110090909090909,0.110090909090909,0.146232323232323,0.452545454545455
"1774",0.0834040404040404,0.0834040404040404,0.153686868686869,0.153686868686869,0.381686868686869
"1775",0.0575656565656566,0.0575656565656566,0.25740404040404,0.25740404040404,0.359292929292929
"1776",0.081,0.205181818181818,0.205181818181818,0.205181818181818,0.205181818181818
"1777",0.0571010101010101,0.174565656565657,0.179626262626263,0.179626262626263,0.538808080808081
"1778",0.0582323232323232,0.0582323232323232,0.137181818181818,0.333171717171717,0.389656565656566
"1779",0.0423535353535354,0.0583838383838384,0.19220202020202,0.21989898989899,0.21989898989899
"1780",0.0352525252525253,0.0352525252525253,0.303515151515152,0.303515151515152,0.304747474747475
"1781",0.0342424242424242,0.0483232323232323,0.0521313131313131,0.216181818181818,NA
"1782",0.0406060606060606,0.0580707070707071,0.320353535353535,0.320353535353535,0.329979797979798
"1783",0.134454545454545,0.189626262626263,0.371828282828283,0.396929292929293,NA
"1784",0.043959595959596,0.178454545454545,0.183353535353535,0.183353535353535,0.407474747474747
"1785",0.0402626262626263,0.27389898989899,0.301242424242424,0.301242424242424,NA
"1786",0.0433131313131313,0.118646464646465,0.358969696969697,0.358969696969697,0.358969696969697
"1787",0.105111111111111,0.105111111111111,0.266484848484848,0.372878787878788,NA
"1788",0.0437777777777778,0.280171717171717,0.324525252525253,0.370161616161616,NA
"1789",0.0352424242424242,0.217050505050505,0.218838383838384,0.220191919191919,0.358828282828283
"1790",0.0412424242424242,0.075989898989899,0.279909090909091,0.279929292929293,0.279929292929293
"1791",0.0768585858585859,0.129717171717172,0.317454545454545,0.317454545454545,0.594363636363636
"1792",0.156525252525253,0.156525252525253,0.193686868686869,0.193686868686869,0.207242424242424
"1793",0.0474949494949495,0.0474949494949495,0.301757575757576,0.407828282828283,0.407828282828283
"1794",0.0536464646464647,0.0536464646464647,0.299050505050505,0.487989898989899,NA
"1795",0.0553838383838384,0.150535353535354,0.223646464646465,0.223646464646465,0.35179797979798
"1796",0.0728181818181818,0.0822626262626263,0.261414141414141,0.334040404040404,0.334040404040404
"1797",0.0553535353535354,0.210313131313131,0.210313131313131,0.22530303030303,0.294878787878788
"1798",0.0538080808080808,0.138222222222222,0.267070707070707,0.267070707070707,0.267191919191919
"1799",0.133525252525253,0.133525252525253,0.176080808080808,0.176080808080808,0.176080808080808
"1800",0.0615959595959596,0.0936060606060606,0.235858585858586,0.235989898989899,0.500242424242424
"1801",0.0794040404040404,0.275969696969697,0.275969696969697,0.275969696969697,0.276050505050505
"1802",0.0582222222222222,0.125060606060606,0.125060606060606,0.12510101010101,0.533181818181818
"1803",0.0881717171717172,0.165383838383838,0.197373737373737,0.197373737373737,0.303070707070707
"1804",0.147010101010101,0.147010101010101,0.252878787878788,0.252878787878788,0.311747474747475
"1805",0.0337979797979798,0.0766666666666667,0.140949494949495,0.353787878787879,0.503636363636364
"1806",0.0848383838383839,0.0848383838383839,0.12810101010101,0.498909090909091,0.721252525252525
"1807",0.0403939393939394,0.264474747474747,0.264474747474747,0.264474747474747,0.270939393939394
"1808",0.0555656565656566,0.120282828282828,0.142010101010101,0.142010101010101,0.354818181818182
"1809",0.0755353535353535,0.0755353535353535,0.0755353535353535,0.15520202020202,0.255050505050505
"1810",0.0933636363636364,0.167252525252525,0.167252525252525,0.307525252525253,0.307525252525253
"1811",0.0871818181818182,0.0871818181818182,0.257585858585859,0.257585858585859,0.551454545454546
"1812",0.0556060606060606,0.0556060606060606,0.210373737373737,0.418727272727273,0.418727272727273
"1813",0.105040404040404,0.105040404040404,0.184545454545455,0.198,0.501111111111111
"1814",0.057959595959596,0.057959595959596,0.325969696969697,0.438828282828283,0.438888888888889
"1815",0.0520808080808081,0.0520808080808081,0.263828282828283,0.263828282828283,0.390464646464647
"1816",0.0465858585858586,0.0465858585858586,0.174838383838384,0.174838383838384,0.502060606060606
"1817",0.11489898989899,0.11489898989899,0.141787878787879,0.286838383838384,0.456191919191919
"1818",0.188474747474747,0.18989898989899,0.189919191919192,0.189919191919192,0.369646464646465
"1819",0.131131313131313,0.131131313131313,0.209808080808081,0.209808080808081,0.319616161616162
"1820",0.075989898989899,0.112484848484848,0.192212121212121,0.235868686868687,0.235868686868687
"1821",0.0584848484848485,0.132838383838384,0.256585858585859,0.256585858585859,0.508676767676768
"1822",0.0514949494949495,0.0514949494949495,0.241565656565657,0.241565656565657,0.242161616161616
"1823",0.0489393939393939,0.0489393939393939,0.237737373737374,0.237737373737374,0.238888888888889
"1824",0.0497070707070707,0.117727272727273,0.117757575757576,0.117757575757576,0.159313131313131
"1825",0.0440606060606061,0.140262626262626,0.20979797979798,0.363969696969697,NA
"1826",0.0625959595959596,0.192727272727273,0.193929292929293,0.193929292929293,0.199161616161616
"1827",0.154111111111111,0.154111111111111,0.270454545454546,0.287838383838384,0.453181818181818
"1828",0.0498888888888889,0.152414141414141,0.152414141414141,0.288484848484849,0.32840404040404
"1829",0.0453232323232323,0.148111111111111,0.148111111111111,0.148111111111111,0.148111111111111
"1830",0.037969696969697,0.127434343434343,0.28889898989899,0.28889898989899,0.687535353535354
"1831",0.0941111111111111,0.0941111111111111,0.274393939393939,0.274393939393939,NA
"1832",0.0543636363636364,0.0543636363636364,0.326858585858586,0.326858585858586,0.333828282828283
"1833",0.0516565656565657,0.0516565656565657,0.41779797979798,0.429474747474748,0.429474747474748
"1834",0.0544343434343434,0.0544343434343434,0.275262626262626,0.275262626262626,0.31669696969697
"1835",0.0452121212121212,0.0452121212121212,0.240818181818182,0.240818181818182,0.309525252525253
"1836",0.0623737373737374,0.142828282828283,0.180808080808081,0.181626262626263,0.694424242424242
"1837",0.0523131313131313,0.0568989898989899,0.255414141414141,0.443272727272727,0.447747474747475
"1838",0.0464242424242424,0.0502121212121212,0.138282828282828,0.138282828282828,0.49720202020202
"1839",0.185909090909091,0.185909090909091,0.271717171717172,0.271717171717172,0.271717171717172
"1840",0.0484545454545455,0.199383838383838,0.199383838383838,0.199383838383838,0.355828282828283
"1841",0.0527777777777778,0.107212121212121,0.362373737373737,0.387121212121212,0.400292929292929
"1842",0.039989898989899,0.0991010101010101,0.166878787878788,0.166878787878788,NA
"1843",0.0641111111111111,0.119343434343434,0.119343434343434,0.119343434343434,0.56159595959596
"1844",0.0503636363636364,0.0547373737373737,0.111363636363636,0.191353535353535,0.316474747474748
"1845",0.0926161616161616,0.0938181818181818,0.291040404040404,0.291050505050505,0.412363636363636
"1846",0.0771717171717172,0.170707070707071,0.285636363636364,0.285636363636364,0.285636363636364
"1847",0.0519090909090909,0.135808080808081,0.247505050505051,0.247505050505051,0.498888888888889
"1848",0.0884747474747475,0.187787878787879,0.187787878787879,0.187787878787879,0.459676767676768
"1849",0.0534646464646465,0.0817575757575758,0.0817575757575758,0.0823737373737374,0.103010101010101
"1850",0.0407878787878788,0.0501717171717172,0.0501717171717172,0.0754242424242424,0.320575757575758
"1851",0.0531212121212121,0.0531212121212121,0.355282828282828,0.355282828282828,0.355282828282828
"1852",0.0405050505050505,0.0690808080808081,0.0690808080808081,0.0690808080808081,0.077949494949495
"1853",0.0492828282828283,0.0492828282828283,0.0933333333333333,0.141424242424242,0.421858585858586
"1854",0.0929191919191919,0.0929191919191919,0.137292929292929,0.137292929292929,0.13730303030303
"1855",0.046989898989899,0.046989898989899,0.240676767676768,0.240676767676768,0.240676767676768
"1856",0.106030303030303,0.275272727272727,0.299717171717172,0.53630303030303,NA
"1857",0.168141414141414,0.168141414141414,0.376838383838384,0.376838383838384,0.384191919191919
"1858",0.0446060606060606,0.0614242424242424,0.236949494949495,0.236949494949495,0.452707070707071
"1859",0.0520909090909091,0.0520909090909091,0.228868686868687,0.228868686868687,0.228868686868687
"1860",0.0843535353535354,0.113,0.293606060606061,NA,NA
"1861",0.0588383838383838,0.0719292929292929,0.281070707070707,0.281080808080808,0.450232323232323
"1862",0.078979797979798,0.078979797979798,0.287272727272727,0.287272727272727,0.287272727272727
"1863",0.0657575757575758,0.0657575757575758,0.192575757575758,0.453939393939394,0.453939393939394
"1864",0.0544141414141414,0.202262626262626,0.325383838383838,0.325383838383838,NA
"1865",0.0620707070707071,0.121575757575758,0.276191919191919,0.357181818181818,0.50789898989899
"1866",0.0727171717171717,0.0727171717171717,0.296,0.348131313131313,0.504
"1867",0.17279797979798,0.193575757575758,0.233343434343434,0.349727272727273,0.456212121212121
"1868",0.0424545454545455,0.215474747474747,0.304181818181818,0.304888888888889,0.503383838383838
"1869",0.041959595959596,0.0506060606060606,0.0730606060606061,0.229111111111111,0.229111111111111
"1870",0.0844747474747475,0.0844747474747475,0.110111111111111,0.290626262626263,0.513060606060606
"1871",0.0433838383838384,0.0433838383838384,0.408525252525253,0.408979797979798,0.42610101010101
"1872",0.0602222222222222,0.0964141414141414,0.0964141414141414,0.274626262626263,0.274626262626263
"1873",0.0558787878787879,0.0890808080808081,0.24649494949495,0.272989898989899,0.508646464646465
"1874",0.0575555555555556,0.175121212121212,0.175121212121212,0.299131313131313,0.382606060606061
"1875",0.0734646464646465,0.0734646464646465,0.132808080808081,0.132808080808081,0.276959595959596
"1876",0.101191919191919,0.141929292929293,0.141929292929293,0.360838383838384,0.553252525252525
"1877",0.0585555555555556,0.0585555555555556,0.130868686868687,0.130868686868687,0.185777777777778
"1878",0.0593838383838384,0.127020202020202,0.384989898989899,0.384989898989899,0.384989898989899
"1879",0.042,0.109747474747475,0.109818181818182,0.200121212121212,0.200272727272727
"1880",0.0683939393939394,0.0684747474747475,0.15440404040404,0.15440404040404,0.512787878787879
"1881",0.0748989898989899,0.0748989898989899,0.168252525252525,0.410868686868687,0.410868686868687
"1882",0.0835858585858586,0.0835858585858586,0.108808080808081,0.276757575757576,0.448484848484849
"1883",0.0444141414141414,0.115757575757576,0.241727272727273,0.241727272727273,0.241727272727273
"1884",0.0592929292929293,0.18059595959596,0.18059595959596,0.226535353535354,0.412030303030303
"1885",0.0752626262626263,0.0914040404040404,0.0933535353535354,0.322606060606061,0.581131313131313
"1886",0.0364444444444444,0.0547474747474748,0.254383838383838,0.504828282828283,0.504828282828283
"1887",0.0913131313131313,0.0913131313131313,0.172505050505051,0.208262626262626,0.208262626262626
"1888",0.0518787878787879,0.0518787878787879,0.157262626262626,0.199484848484849,0.465737373737374
"1889",0.140212121212121,0.169818181818182,0.183747474747475,0.183747474747475,0.505565656565657
"1890",0.108878787878788,0.279777777777778,0.313333333333333,0.313333333333333,0.54320202020202
"1891",0.107282828282828,0.107626262626263,0.310646464646465,0.310646464646465,NA
"1892",0.0424545454545455,0.0585858585858586,0.0585858585858586,0.125969696969697,0.212767676767677
"1893",0.0708484848484849,0.0708484848484849,0.296868686868687,0.328717171717172,0.328717171717172
"1894",0.0528181818181818,0.0528181818181818,0.0553030303030303,0.0553030303030303,0.329343434343434
"1895",0.0517676767676768,0.0618787878787879,0.359979797979798,0.391262626262626,0.391262626262626
"1896",0.0638484848484848,0.114606060606061,0.220555555555556,0.220555555555556,0.491525252525253
"1897",0.117989898989899,0.151545454545455,0.208737373737374,0.208737373737374,0.498848484848485
"1898",0.0454444444444444,0.114838383838384,0.174909090909091,0.259555555555556,0.448747474747475
"1899",0.130959595959596,0.142626262626263,0.142626262626263,0.142626262626263,0.256818181818182
"1900",0.065,0.065,0.267848484848485,0.267848484848485,0.845515151515152
"1901",0.0492626262626263,0.0492626262626263,0.303454545454545,0.303454545454545,NA
"1902",0.0425252525252525,0.0587373737373737,0.192242424242424,0.192242424242424,0.192555555555556
"1903",0.0683333333333333,0.105848484848485,0.274474747474747,0.381010101010101,0.381010101010101
"1904",0.103151515151515,0.103191919191919,0.319888888888889,0.319888888888889,0.548161616161616
"1905",0.0632525252525253,0.0632525252525253,0.324565656565657,0.324565656565657,0.324565656565657
"1906",0.0817575757575758,0.198949494949495,0.242606060606061,0.242606060606061,0.355878787878788
"1907",0.055,0.17040404040404,0.24110101010101,0.24110101010101,0.391060606060606
"1908",0.0579191919191919,0.0579191919191919,0.282636363636364,0.291373737373737,0.292868686868687
"1909",0.0877777777777778,0.0942626262626263,0.333060606060606,0.333060606060606,0.578606060606061
"1910",0.0466262626262626,0.0604242424242424,0.0604242424242424,0.210646464646465,0.240606060606061
"1911",0.0873434343434343,0.0978383838383838,0.179070707070707,NA,NA
"1912",0.177525252525253,0.177525252525253,0.178656565656566,0.250272727272727,0.375212121212121
"1913",0.116888888888889,0.204323232323232,0.215525252525253,0.215525252525253,0.349626262626263
"1914",0.0723232323232323,0.176888888888889,0.49420202020202,0.49420202020202,0.515080808080808
"1915",0.0991111111111111,0.175414141414141,0.285656565656566,0.496151515151515,NA
"1916",0.0629292929292929,0.144161616161616,0.144161616161616,0.319535353535354,NA
"1917",0.0975858585858586,0.0975858585858586,0.234828282828283,0.240131313131313,0.499787878787879
"1918",0.0800606060606061,0.0800606060606061,0.203454545454545,0.204161616161616,0.359363636363636
"1919",0.112838383838384,0.112838383838384,0.174434343434343,0.287232323232323,0.504777777777778
"1920",0.0431414141414141,0.219090909090909,0.300636363636364,0.300636363636364,0.375484848484849
"1921",0.0526161616161616,0.235414141414141,0.458333333333333,0.458333333333333,0.652080808080808
"1922",0.0428282828282828,0.0461111111111111,0.183070707070707,0.183070707070707,0.504373737373737
"1923",0.100353535353535,0.199575757575758,0.252262626262626,0.264646464646465,0.330727272727273
"1924",0.0873131313131313,0.0873131313131313,0.215010101010101,0.284474747474747,0.506464646464647
"1925",0.0483434343434343,0.188727272727273,0.188727272727273,0.193252525252525,0.284707070707071
"1926",0.0613333333333333,0.0613333333333333,0.216808080808081,0.326969696969697,0.431525252525253
"1927",0.0432929292929293,0.0432929292929293,0.205858585858586,0.205858585858586,0.205858585858586
"1928",0.0664646464646465,0.0664646464646465,0.29889898989899,0.29889898989899,0.465090909090909
"1929",0.0567171717171717,0.131838383838384,0.276959595959596,0.326272727272727,0.509373737373737
"1930",0.0567373737373737,0.0621717171717172,0.338090909090909,0.338111111111111,0.368949494949495
"1931",0.0472222222222222,0.119535353535354,0.346555555555556,0.346555555555556,0.346555555555556
"1932",0.0579393939393939,0.236585858585859,0.484383838383838,0.484383838383838,0.510383838383838
"1933",0.0619191919191919,0.141959595959596,0.330858585858586,0.33579797979798,0.33579797979798
"1934",0.117818181818182,0.119535353535354,0.227090909090909,0.227090909090909,0.228050505050505
"1935",0.0381919191919192,0.0622727272727273,0.125080808080808,0.467393939393939,NA
"1936",0.0528888888888889,0.0528888888888889,0.174353535353535,0.216181818181818,0.354555555555556
"1937",0.0661717171717172,0.135474747474747,0.230121212121212,0.230121212121212,0.246707070707071
"1938",0.0845757575757576,0.0845757575757576,0.15859595959596,0.15859595959596,0.30640404040404
"1939",0.0483333333333333,0.0521616161616162,0.0694444444444444,0.382414141414141,0.45769696969697
"1940",0.138757575757576,0.138757575757576,0.235373737373737,0.235373737373737,0.565414141414141
"1941",0.108656565656566,0.219242424242424,0.297939393939394,0.297939393939394,0.396232323232323
"1942",0.0425050505050505,0.0784040404040404,0.225828282828283,0.236383838383838,0.354464646464646
"1943",0.041,0.168505050505051,0.250878787878788,0.279212121212121,0.279212121212121
"1944",0.0651919191919192,0.117060606060606,0.200484848484848,0.200484848484848,0.481737373737374
"1945",0.0387777777777778,0.0531111111111111,0.0531111111111111,0.191959595959596,0.355373737373737
"1946",0.0462626262626263,0.127727272727273,0.230939393939394,0.246515151515152,0.389212121212121
"1947",0.0863131313131313,0.0863131313131313,0.204252525252525,0.204252525252525,0.204252525252525
"1948",0.0942727272727273,0.0943333333333333,0.162929292929293,0.173969696969697,0.200484848484848
"1949",0.0924545454545455,0.108939393939394,0.303636363636364,0.303636363636364,0.30389898989899
"1950",0.0411313131313131,0.186,0.372848484848485,0.373,0.500050505050505
"1951",0.0420707070707071,0.251727272727273,0.402565656565657,0.402565656565657,0.402565656565657
"1952",0.0473333333333333,0.0473333333333333,0.287464646464646,0.295727272727273,0.39830303030303
"1953",0.0925353535353535,0.0927171717171717,0.0927171717171717,0.171474747474748,0.321565656565657
"1954",0.0584949494949495,0.0716363636363636,0.160565656565657,0.261848484848485,0.511505050505051
"1955",0.100525252525253,0.132070707070707,0.407565656565657,0.407565656565657,0.407565656565657
"1956",0.0452323232323232,0.0524646464646465,0.0524646464646465,0.258292929292929,0.313161616161616
"1957",0.136121212121212,0.136121212121212,0.280050505050505,0.280050505050505,0.280050505050505
"1958",0.0567676767676768,0.221777777777778,0.222969696969697,0.222969696969697,0.282666666666667
"1959",0.0838585858585859,0.0838585858585859,0.317212121212121,0.317212121212121,0.370141414141414
"1960",0.0527474747474748,0.0947373737373737,0.188878787878788,0.188878787878788,0.188878787878788
"1961",0.134959595959596,0.148050505050505,0.274292929292929,0.346727272727273,0.37230303030303
"1962",0.0567373737373737,0.131919191919192,0.339040404040404,0.339040404040404,0.397868686868687
"1963",0.0626161616161616,0.0788383838383838,0.212808080808081,0.357969696969697,0.430828282828283
"1964",0.0496767676767677,0.0791616161616162,0.328272727272727,0.328777777777778,0.32879797979798
"1965",0.117848484848485,0.117848484848485,0.350565656565657,0.374252525252525,NA
"1966",0.0474545454545455,0.0613636363636364,0.255616161616162,0.319393939393939,0.319393939393939
"1967",0.0598080808080808,0.0598080808080808,0.161878787878788,0.567252525252525,0.567252525252525
"1968",0.105323232323232,0.105323232323232,0.105373737373737,0.240676767676768,0.424535353535354
"1969",0.0812020202020202,0.0812020202020202,0.329242424242424,0.416454545454545,0.561333333333333
"1970",0.044040404040404,0.0554444444444444,0.0766666666666667,0.130242424242424,0.429050505050505
"1971",0.160888888888889,0.160888888888889,0.161262626262626,0.161262626262626,0.417686868686869
"1972",0.105575757575758,0.105575757575758,0.277232323232323,0.322040404040404,0.508858585858586
"1973",0.055010101010101,0.139888888888889,0.326515151515152,0.409666666666667,0.409666666666667
"1974",0.044979797979798,0.12779797979798,0.12779797979798,0.401868686868687,0.401868686868687
"1975",0.0508080808080808,0.129353535353535,0.266838383838384,0.266838383838384,0.266838383838384
"1976",0.0497979797979798,0.169272727272727,0.270737373737374,0.270828282828283,0.270828282828283
"1977",0.0613636363636364,0.099949494949495,0.311969696969697,0.311969696969697,NA
"1978",0.0582323232323232,0.175191919191919,0.236444444444444,0.259565656565657,0.593707070707071
"1979",0.071030303030303,0.0973030303030303,0.264090909090909,0.264090909090909,0.270535353535354
"1980",0.0605353535353535,0.0904141414141414,0.0904141414141414,0.0906060606060606,0.362868686868687
"1981",0.110787878787879,0.110787878787879,0.228414141414141,0.493,0.493
"1982",0.0393434343434343,0.0681212121212121,0.121090909090909,0.196343434343434,0.223282828282828
"1983",0.14179797979798,0.141979797979798,0.141979797979798,0.27820202020202,NA
"1984",0.0848080808080808,0.110272727272727,0.110434343434343,0.120181818181818,0.565252525252525
"1985",0.189717171717172,0.189717171717172,0.274131313131313,0.308979797979798,0.346525252525253
"1986",0.0508181818181818,0.0508181818181818,0.173959595959596,0.36759595959596,0.368020202020202
"1987",0.0497979797979798,0.160242424242424,0.390959595959596,0.391424242424242,0.435545454545455
"1988",0.0752424242424242,0.210232323232323,0.210232323232323,0.210232323232323,0.347474747474747
"1989",0.0441818181818182,0.206282828282828,0.213858585858586,0.213858585858586,0.689272727272727
"1990",0.047949494949495,0.047949494949495,0.0745555555555556,0.282777777777778,0.388959595959596
"1991",0.0535757575757576,0.0535757575757576,0.198838383838384,0.37689898989899,0.377636363636364
"1992",0.0728989898989899,0.177919191919192,0.30269696969697,0.387040404040404,0.387040404040404
"1993",0.0485454545454546,0.0785050505050505,0.18389898989899,0.282181818181818,0.282414141414141
"1994",0.0604040404040404,0.0756464646464647,0.124,0.124,0.212171717171717
"1995",0.10189898989899,0.158585858585859,0.158585858585859,0.500191919191919,0.686646464646465
"1996",0.124313131313131,0.124313131313131,0.190010101010101,0.368707070707071,0.516030303030303
"1997",0.168020202020202,0.251181818181818,0.251616161616162,0.251616161616162,0.251616161616162
"1998",0.0951616161616162,0.0951616161616162,0.29779797979798,0.356070707070707,0.704787878787879
"1999",0.055040404040404,0.055040404040404,0.391585858585859,0.404626262626263,0.404626262626263
"2000",0.0817373737373737,0.0817373737373737,0.288383838383838,0.288383838383838,0.327838383838384
"2001",0.0542727272727273,0.0542727272727273,0.340252525252525,0.341070707070707,0.556282828282828
"2002",0.0532424242424242,0.238909090909091,0.239191919191919,0.456383838383838,0.456383838383838
"2003",0.0370808080808081,0.0485656565656566,0.274222222222222,0.315414141414141,0.315414141414141
"2004",0.0492222222222222,0.10679797979798,0.153131313131313,0.153131313131313,0.430515151515152
"2005",0.0543131313131313,0.0543131313131313,0.265474747474747,0.265474747474747,0.422484848484849
"2006",0.0462626262626263,0.127343434343434,0.300414141414141,0.300414141414141,0.350717171717172
"2007",0.122090909090909,0.122090909090909,0.230686868686869,0.232313131313131,0.232313131313131
"2008",0.131494949494949,0.131494949494949,0.199,0.256838383838384,0.364848484848485
"2009",0.114727272727273,0.114727272727273,0.114727272727273,0.152626262626263,NA
"2010",0.0649292929292929,0.0649292929292929,0.0649292929292929,0.349626262626263,0.349626262626263
"2011",0.0415050505050505,0.156727272727273,0.173292929292929,0.225989898989899,0.320929292929293
"2012",0.155848484848485,0.155848484848485,0.164454545454545,0.463909090909091,0.513292929292929
"2013",0.112505050505051,0.112505050505051,0.181676767676768,0.181676767676768,0.358525252525253
"2014",0.0647373737373737,0.080989898989899,0.150161616161616,0.158343434343434,0.393555555555556
"2015",0.0411515151515152,0.046989898989899,0.398656565656566,0.398828282828283,NA
"2016",0.0745656565656566,0.123121212121212,0.123121212121212,0.336070707070707,0.336090909090909
"2017",0.0451212121212121,0.0451212121212121,0.0788181818181818,0.205141414141414,0.205878787878788
"2018",0.0738282828282828,0.100222222222222,0.129949494949495,0.155070707070707,0.324272727272727
"2019",0.0475454545454546,0.0558080808080808,0.171181818181818,0.207010101010101,0.505151515151515
"2020",0.153252525252525,0.153252525252525,0.271131313131313,0.271131313131313,0.457565656565657
"2021",0.0674848484848485,0.19240404040404,0.357666666666667,0.357666666666667,0.357666666666667
"2022",0.0515555555555556,0.0515555555555556,0.24620202020202,0.24620202020202,0.508121212121212
"2023",0.0456464646464647,0.151424242424242,0.250737373737374,0.250737373737374,0.376090909090909
"2024",0.0448282828282828,0.125626262626263,0.208222222222222,0.341838383838384,0.354575757575758
"2025",0.042989898989899,0.0797878787878788,0.220757575757576,0.220848484848485,NA
"2026",NA,NA,NA,NA,NA
"2027",0.115565656565657,0.115565656565657,0.171090909090909,0.265636363636364,0.308515151515152
"2028",0.0733737373737374,0.107424242424242,0.20249494949495,NA,NA
"2029",0.0705252525252525,0.156535353535354,0.180222222222222,0.180222222222222,0.308262626262626
"2030",0.0671313131313131,0.0671313131313131,0.295939393939394,0.298464646464646,0.298464646464646
"2031",0.0351414141414141,0.0351414141414141,0.217222222222222,0.510262626262626,NA
"2032",0.165848484848485,0.165848484848485,0.361959595959596,0.361959595959596,0.362171717171717
"2033",0.0847171717171717,0.0847171717171717,NA,NA,NA
"2034",0.0934343434343434,0.0943434343434344,0.119272727272727,0.234222222222222,0.234222222222222
"2035",0.0758080808080808,0.191383838383838,0.292111111111111,0.292111111111111,0.540646464646465
"2036",0.065030303030303,0.16389898989899,0.16389898989899,0.203868686868687,0.203868686868687
"2037",0.058989898989899,0.162272727272727,0.432232323232323,0.432232323232323,0.432767676767677
"2038",0.0474747474747475,0.0826666666666667,0.208949494949495,0.208949494949495,0.225181818181818
"2039",0.0634545454545455,0.0634545454545455,0.0634545454545455,0.195777777777778,0.476424242424242
"2040",0.0571616161616162,0.0792323232323232,0.277272727272727,0.277272727272727,0.32449494949495
"2041",0.0511818181818182,0.0612525252525253,0.225989898989899,0.499808080808081,0.518727272727273
"2042",0.136909090909091,0.136909090909091,0.198535353535354,0.256343434343434,0.352353535353535
"2043",0.0854848484848485,0.127383838383838,0.172575757575758,0.172575757575758,0.310818181818182
"2044",0.062030303030303,0.0861212121212121,0.230474747474747,0.230474747474747,0.358525252525253
"2045",0.108585858585859,0.164919191919192,0.164929292929293,0.164929292929293,0.401585858585859
"2046",0.0767070707070707,0.172383838383838,0.331353535353535,0.331353535353535,NA
"2047",0.103090909090909,0.103292929292929,0.289989898989899,0.289989898989899,0.353939393939394
"2048",0.0349393939393939,0.107030303030303,0.296414141414141,0.358969696969697,NA
"2049",0.0491010101010101,0.177979797979798,0.177979797979798,0.183959595959596,0.285393939393939
"2050",0.0666767676767677,0.0934949494949495,0.146949494949495,0.610959595959596,0.822858585858586
"2051",0.0546464646464647,0.127565656565657,0.374151515151515,0.374151515151515,0.499737373737374
"2052",0.060989898989899,0.0677777777777778,0.197656565656566,0.197656565656566,0.456060606060606
"2053",0.0465454545454545,0.153050505050505,0.244141414141414,0.258080808080808,0.377080808080808
"2054",0.0702424242424242,0.0702424242424242,0.0702424242424242,0.465989898989899,0.571686868686869
"2055",0.0378787878787879,0.130656565656566,0.277262626262626,0.277272727272727,0.69269696969697
"2056",0.128828282828283,0.128828282828283,0.128828282828283,0.280666666666667,0.461878787878788
"2057",0.0647979797979798,0.0647979797979798,0.293323232323232,0.293323232323232,0.327212121212121
"2058",0.0474646464646465,0.0474646464646465,0.26289898989899,0.26289898989899,NA
"2059",0.0506868686868687,0.252919191919192,0.342707070707071,0.396343434343434,NA
"2060",0.0522626262626263,0.207121212121212,0.318111111111111,0.318111111111111,0.34730303030303
"2061",0.051030303030303,0.105676767676768,0.381959595959596,0.381959595959596,0.555606060606061
"2062",0.0405757575757576,0.0596969696969697,0.239383838383838,0.239383838383838,0.388959595959596
"2063",0.0577878787878788,0.0577878787878788,0.258444444444444,0.448121212121212,0.510424242424242
"2064",0.0897575757575758,0.089979797979798,0.0900808080808081,0.584757575757576,0.584757575757576
"2065",0.0425151515151515,0.128262626262626,0.192555555555556,0.192555555555556,0.503717171717172
"2066",0.0673434343434343,0.0673434343434343,0.296222222222222,0.341888888888889,0.341888888888889
"2067",0.0468787878787879,0.119272727272727,0.230747474747475,0.35289898989899,0.39159595959596
"2068",0.0581212121212121,0.0729191919191919,0.372383838383838,0.432505050505051,0.432929292929293
"2069",0.0473434343434343,0.0555353535353535,0.358151515151515,0.358151515151515,0.537484848484849
"2070",0.0943636363636364,0.0943636363636364,0.199313131313131,0.199313131313131,0.206242424242424
"2071",0.060989898989899,0.060989898989899,0.247838383838384,0.247838383838384,0.35820202020202
"2072",0.0587979797979798,0.218161616161616,0.269676767676768,0.269676767676768,0.279323232323232
"2073",0.0461111111111111,0.0579191919191919,0.273848484848485,0.274717171717172,0.510464646464647
"2074",0.0446969696969697,0.116323232323232,0.116323232323232,0.195282828282828,0.195282828282828
"2075",0.0572222222222222,0.131929292929293,0.267515151515152,0.267515151515152,0.507838383838384
"2076",0.0402525252525253,0.0495151515151515,0.148676767676768,0.148676767676768,NA
"2077",0.0532222222222222,0.0532222222222222,0.222282828282828,0.222282828282828,0.316868686868687
"2078",0.0392525252525253,0.147131313131313,0.14810101010101,0.382484848484849,0.63520202020202
"2079",0.0626060606060606,0.0626060606060606,0.225181818181818,0.225181818181818,NA
"2080",0.163676767676768,0.169484848484848,0.250838383838384,0.281161616161616,0.321111111111111
"2081",0.0675555555555556,0.0675555555555556,0.255434343434343,0.255434343434343,0.425727272727273
"2082",0.0521010101010101,0.0521010101010101,0.281070707070707,0.281333333333333,0.505121212121212
"2083",0.0556161616161616,0.0556161616161616,0.202414141414141,0.208181818181818,0.208181818181818
"2084",0.173929292929293,0.173929292929293,0.173929292929293,0.173929292929293,0.215212121212121
"2085",0.0446666666666667,0.0446666666666667,0.200393939393939,0.200393939393939,NA
"2086",0.118545454545455,0.118545454545455,0.118545454545455,0.36230303030303,0.36230303030303
"2087",0.0361010101010101,0.0502929292929293,0.0502929292929293,0.0785555555555556,0.17430303030303
"2088",0.0506969696969697,0.0506969696969697,0.194343434343434,0.269323232323232,NA
"2089",0.0444545454545455,0.123454545454545,0.123454545454545,0.123454545454545,0.165989898989899
"2090",0.0935151515151515,0.0935151515151515,0.098949494949495,0.318313131313131,0.318313131313131
"2091",0.0801212121212121,0.157424242424242,0.267090909090909,0.267090909090909,0.271464646464646
"2092",0.13169696969697,0.13169696969697,0.346535353535354,0.346535353535354,0.346535353535354
"2093",0.0556969696969697,0.0556969696969697,0.436464646464646,0.436464646464646,0.462727272727273
"2094",0.0832828282828283,0.0832828282828283,0.186424242424242,0.186424242424242,0.423808080808081
"2095",0.0589393939393939,0.0589393939393939,0.233808080808081,0.256717171717172,0.549060606060606
"2096",0.0651515151515152,0.0651515151515152,0.339181818181818,0.339181818181818,0.339181818181818
"2097",0.0452626262626263,0.161070707070707,0.161070707070707,0.299444444444444,0.358070707070707
"2098",0.0482727272727273,0.0622323232323232,0.194606060606061,0.194606060606061,0.255747474747475
"2099",0.0556363636363636,0.0556363636363636,0.218050505050505,0.348585858585859,0.505090909090909
"2100",0.0604949494949495,0.0604949494949495,0.246868686868687,0.246868686868687,0.366626262626263
"2101",0.0558989898989899,0.120656565656566,0.219585858585859,0.349070707070707,0.443343434343434
"2102",0.0608181818181818,0.0762525252525253,0.182252525252525,0.182252525252525,0.320858585858586
"2103",0.123252525252525,0.123252525252525,0.458313131313131,0.461444444444444,0.461444444444444
"2104",0.126292929292929,0.126292929292929,0.208707070707071,0.252545454545455,0.411232323232323
"2105",0.0627474747474747,0.128919191919192,0.12920202020202,0.326515151515152,0.383434343434343
"2106",0.122535353535354,0.122787878787879,0.195787878787879,0.223353535353535,0.596525252525253
"2107",0.107010101010101,0.107010101010101,0.203212121212121,0.509242424242424,NA
"2108",0.0397272727272727,0.0566868686868687,0.111515151515152,0.111515151515152,NA
"2109",0.0648989898989899,0.0648989898989899,0.112686868686869,0.399474747474747,0.507222222222222
"2110",0.14769696969697,0.14769696969697,0.174212121212121,0.396121212121212,0.441585858585859
"2111",0.0455656565656566,0.0574545454545455,0.222787878787879,0.222787878787879,0.24020202020202
"2112",0.12079797979798,0.121484848484849,0.273787878787879,0.288464646464646,0.288464646464646
"2113",0.0686868686868687,0.198060606060606,0.20330303030303,0.20330303030303,0.303131313131313
"2114",0.0666767676767677,0.218232323232323,0.218232323232323,0.218434343434343,0.502737373737374
"2115",0.0923333333333333,0.17069696969697,0.402484848484849,0.402484848484849,0.61630303030303
"2116",0.25340404040404,0.266191919191919,0.266191919191919,0.286232323232323,0.362939393939394
"2117",0.0898484848484849,0.0898484848484849,0.340939393939394,0.344929292929293,0.344929292929293
"2118",0.0791414141414142,0.172848484848485,0.255888888888889,0.410040404040404,NA
"2119",0.174323232323232,0.174323232323232,0.234666666666667,0.288535353535354,0.288535353535354
"2120",0.0856666666666667,0.0856666666666667,0.361333333333333,0.361333333333333,NA
"2121",0.0601313131313131,0.0601313131313131,0.169171717171717,0.389555555555556,0.550656565656566
"2122",0.0469292929292929,0.0761818181818182,0.154515151515152,0.273878787878788,0.371535353535354
"2123",0.153181818181818,0.153181818181818,0.218909090909091,0.325565656565657,0.386858585858586
"2124",NA,NA,NA,NA,NA
"2125",0.050030303030303,0.0754040404040404,0.153646464646465,0.211535353535354,0.217747474747475
"2126",0.0472727272727273,0.051020202020202,0.179666666666667,0.252020202020202,NA
"2127",0.0939191919191919,0.0939191919191919,0.120474747474747,0.268717171717172,0.504434343434343
"2128",0.0627575757575758,0.0697474747474748,0.143636363636364,0.23279797979798,0.242878787878788
"2129",0.0467373737373737,0.0967575757575758,0.0967575757575758,0.0967575757575758,0.0967979797979798
"2130",0.0443838383838384,0.107343434343434,0.107343434343434,0.221727272727273,NA
"2131",0.097989898989899,0.097989898989899,0.279959595959596,0.434626262626263,0.502737373737374
"2132",0.071040404040404,0.071040404040404,0.452767676767677,0.452767676767677,NA
"2133",0.0937878787878788,0.0937878787878788,0.0937878787878788,0.0937878787878788,0.386343434343434
"2134",0.0607474747474748,0.0607474747474748,0.218141414141414,0.511,0.552777777777778
"2135",0.0499090909090909,0.0543939393939394,0.208030303030303,0.208030303030303,0.608646464646465
"2136",0.101424242424242,0.294959595959596,0.294959595959596,0.294959595959596,0.294959595959596
"2137",0.0557979797979798,0.0613131313131313,0.218515151515152,0.218515151515152,0.362424242424242
"2138",0.0893131313131313,0.163151515151515,0.272474747474747,0.278161616161616,NA
"2139",0.0787878787878788,0.0787878787878788,0.118030303030303,0.118030303030303,0.431535353535354
"2140",0.0679090909090909,0.0679090909090909,0.111737373737374,0.111737373737374,0.499232323232323
"2141",0.0765454545454546,0.182909090909091,0.307989898989899,0.307989898989899,0.308717171717172
"2142",0.0786969696969697,0.115242424242424,0.355080808080808,0.355080808080808,0.384383838383838
"2143",0.0482121212121212,0.0807070707070707,0.0833636363636364,0.171424242424242,0.171424242424242
"2144",0.0453030303030303,0.0696868686868687,0.0965252525252525,0.0965454545454546,0.158373737373737
"2145",0.0772121212121212,0.078010101010101,0.202313131313131,NA,NA
"2146",0.047969696969697,0.0619292929292929,0.205636363636364,0.205636363636364,0.205636363636364
"2147",0.0514141414141414,0.055969696969697,0.247272727272727,0.247272727272727,0.247272727272727
"2148",0.135363636363636,0.135363636363636,0.170707070707071,0.497838383838384,0.511767676767677
"2149",0.0973737373737374,0.0973737373737374,0.271818181818182,0.271818181818182,0.437868686868687
"2150",0.0991818181818182,0.0991818181818182,0.280737373737374,0.280737373737374,0.367232323232323
"2151",0.075979797979798,0.106505050505051,0.232020202020202,0.385565656565657,0.385565656565657
"2152",0.0553939393939394,0.138626262626263,0.209313131313131,0.258262626262626,0.309626262626263
"2153",0.114141414141414,0.147262626262626,0.245656565656566,0.27259595959596,0.313515151515152
"2154",0.143181818181818,0.143181818181818,0.296040404040404,0.300868686868687,0.300868686868687
"2155",0.0463434343434343,0.192343434343434,0.192343434343434,0.192848484848485,0.192848484848485
"2156",0.0491212121212121,0.0491212121212121,0.0795959595959596,0.278282828282828,0.293979797979798
"2157",0.0520808080808081,0.0520808080808081,0.240929292929293,0.240929292929293,0.240929292929293
"2158",0.145141414141414,0.145141414141414,0.145141414141414,0.185242424242424,0.417272727272727
"2159",0.0505151515151515,0.0505151515151515,0.104282828282828,0.253424242424242,0.419545454545455
"2160",0.0432626262626263,0.119626262626263,0.119626262626263,0.119646464646465,0.413585858585859
"2161",0.0496969696969697,0.0594646464646465,0.153737373737374,0.183585858585859,0.183585858585859
"2162",0.0987272727272727,0.098979797979798,NA,NA,NA
"2163",0.0762525252525253,0.0762626262626263,0.220151515151515,0.35659595959596,0.500818181818182
"2164",0.0478383838383838,0.0478383838383838,0.173838383838384,0.287353535353535,0.505111111111111
"2165",0.0499090909090909,0.109636363636364,0.109636363636364,0.224959595959596,0.225545454545455
"2166",0.078959595959596,0.115111111111111,0.285515151515152,0.293828282828283,0.293828282828283
"2167",0.0646868686868687,0.108959595959596,0.202818181818182,0.356121212121212,0.367747474747475
"2168",0.145292929292929,0.199555555555556,0.199555555555556,0.385545454545455,0.419828282828283
"2169",0.0778686868686869,0.0866969696969697,0.398707070707071,0.457333333333333,NA
"2170",0.0618383838383838,0.0777676767676768,0.286121212121212,0.323171717171717,0.504171717171717
"2171",0.107313131313131,0.107313131313131,0.180111111111111,0.207525252525253,0.207525252525253
"2172",0.0516969696969697,0.116191919191919,0.155121212121212,0.155121212121212,0.501555555555556
"2173",0.0608080808080808,0.0608080808080808,0.17410101010101,0.358292929292929,0.549565656565657
"2174",0.0551313131313131,0.0551313131313131,0.128363636363636,0.193171717171717,0.193171717171717
"2175",0.104939393939394,0.104939393939394,0.272818181818182,0.350020202020202,0.430373737373737
"2176",0.124292929292929,0.124292929292929,0.323383838383838,0.323383838383838,0.417636363636364
"2177",0.0497878787878788,0.0497878787878788,0.0565656565656566,0.0565656565656566,0.595171717171717
"2178",0.0644444444444444,0.112505050505051,0.120949494949495,0.120949494949495,0.473888888888889
"2179",0.109616161616162,0.151888888888889,0.228121212121212,0.228121212121212,NA
"2180",0.0721010101010101,0.145020202020202,0.239383838383838,0.239383838383838,0.258858585858586
"2181",0.0398282828282828,0.105656565656566,0.255525252525253,0.451212121212121,0.451323232323232
"2182",0.0575050505050505,0.107040404040404,0.179464646464646,0.179464646464646,0.417323232323232
"2183",0.0428686868686869,0.0528282828282828,0.196010101010101,0.196010101010101,NA
"2184",0.0862424242424242,0.0862929292929293,0.0862929292929293,0.324141414141414,0.398909090909091
"2185",0.0828585858585859,0.0832020202020202,0.356787878787879,0.40330303030303,0.63969696969697
"2186",0.0695959595959596,0.0739292929292929,0.0739292929292929,0.0739292929292929,0.315606060606061
"2187",0.0461919191919192,0.0952222222222222,0.0952222222222222,0.217070707070707,0.25920202020202
"2188",0.100909090909091,0.100909090909091,0.155828282828283,0.184474747474747,0.256848484848485
"2189",0.077969696969697,0.202242424242424,0.202242424242424,0.202242424242424,0.507919191919192
"2190",0.0455858585858586,0.141242424242424,0.324181818181818,NA,NA
"2191",0.068040404040404,0.068040404040404,0.230191919191919,0.230191919191919,0.424181818181818
"2192",0.0465858585858586,0.160363636363636,0.43459595959596,0.553525252525253,0.700040404040404
"2193",0.16889898989899,0.16889898989899,0.189141414141414,0.596818181818182,0.655474747474748
"2194",0.0380808080808081,0.0405252525252525,0.13330303030303,0.241272727272727,0.362040404040404
"2195",0.056030303030303,0.142454545454545,0.142454545454545,0.142454545454545,0.303323232323232
"2196",0.0504545454545455,0.0730707070707071,0.0730707070707071,0.313181818181818,0.556535353535354
"2197",0.122424242424242,0.181,0.181,0.181,0.299848484848485
"2198",0.109414141414141,0.109414141414141,0.204909090909091,0.204909090909091,0.294707070707071
"2199",0.052979797979798,0.0575757575757576,0.191181818181818,0.191181818181818,0.261565656565657
"2200",0.168141414141414,0.168141414141414,0.252545454545455,0.252545454545455,0.363717171717172
"2201",0.0552828282828283,0.0552828282828283,0.175868686868687,0.175868686868687,0.461737373737374
"2202",0.0741111111111111,0.0910909090909091,0.0910909090909091,0.271121212121212,0.508393939393939
"2203",0.063010101010101,0.063010101010101,0.122565656565657,0.122565656565657,0.462181818181818
"2204",0.0843636363636364,0.0843636363636364,0.340070707070707,0.344868686868687,0.344868686868687
"2205",0.0470909090909091,0.15620202020202,0.283080808080808,0.283080808080808,NA
"2206",0.0583434343434343,0.10220202020202,0.219545454545455,0.285010101010101,NA
"2207",0.0685252525252525,0.0685252525252525,0.142373737373737,0.182151515151515,0.559525252525253
"2208",0.0480909090909091,0.136414141414141,0.136414141414141,0.181030303030303,0.181030303030303
"2209",0.0871717171717172,0.0871717171717172,0.207070707070707,0.207070707070707,0.305636363636364
"2210",0.0486565656565657,0.0627272727272727,0.113393939393939,0.203929292929293,0.206909090909091
"2211",0.13169696969697,0.13169696969697,0.21640404040404,0.375535353535354,0.407181818181818
"2212",0.110090909090909,0.110090909090909,0.233828282828283,0.356060606060606,0.423232323232323
"2213",0.0753333333333333,0.143525252525253,0.143525252525253,0.307454545454545,NA
"2214",0.050989898989899,0.050989898989899,0.306838383838384,0.306838383838384,0.317414141414141
"2215",0.150252525252525,0.150252525252525,0.150252525252525,0.151474747474747,0.314222222222222
"2216",0.0827272727272727,0.0827272727272727,0.0827777777777778,0.20240404040404,0.265222222222222
"2217",0.0404646464646465,0.0573939393939394,0.10630303030303,0.194545454545455,0.703888888888889
"2218",0.0936464646464647,0.0936464646464647,0.227606060606061,0.261121212121212,0.697282828282828
"2219",0.197727272727273,0.289969696969697,0.289969696969697,0.289969696969697,0.50540404040404
"2220",0.140505050505051,0.140505050505051,0.140525252525253,0.284131313131313,0.381020202020202
"2221",0.0407777777777778,0.0967272727272727,0.0967272727272727,0.0996363636363636,NA
"2222",0.0954949494949495,0.0956666666666667,0.312494949494949,0.312494949494949,0.506424242424242
"2223",0.0877676767676768,0.0877676767676768,0.309909090909091,0.309909090909091,0.309909090909091
"2224",0.0415757575757576,0.0724949494949495,0.228939393939394,0.228939393939394,0.228939393939394
"2225",0.122626262626263,0.237858585858586,0.237858585858586,0.241141414141414,0.299828282828283
"2226",0.0541717171717172,0.0859090909090909,0.195676767676768,0.195676767676768,0.20479797979798
"2227",0.0647979797979798,0.0647979797979798,0.242424242424242,0.242424242424242,0.435383838383838
"2228",0.0539191919191919,0.109363636363636,0.199424242424242,0.199424242424242,0.49969696969697
"2229",0.151878787878788,0.151878787878788,0.151878787878788,0.353363636363636,0.427929292929293
"2230",0.119171717171717,0.119171717171717,0.174686868686869,0.258252525252525,0.386191919191919
"2231",0.0972626262626263,0.106878787878788,0.244515151515152,0.244515151515152,0.251020202020202
"2232",0.0388989898989899,0.0606868686868687,0.195050505050505,0.499292929292929,0.550343434343434
"2233",0.0476161616161616,0.0556969696969697,0.14540404040404,0.161515151515152,NA
"2234",0.079979797979798,0.145545454545455,0.183323232323232,0.183484848484849,NA
"2235",0.0797474747474747,0.0797474747474747,0.0805353535353535,0.205858585858586,0.248626262626263
"2236",0.0495959595959596,0.093020202020202,0.385414141414141,0.657636363636364,0.657636363636364
"2237",0.0672525252525253,0.0672525252525253,0.294555555555556,0.350030303030303,0.37749494949495
"2238",0.0393939393939394,0.0767272727272727,0.266727272727273,0.266727272727273,0.433636363636364
"2239",0.114646464646465,0.114646464646465,0.195505050505051,0.195505050505051,0.283676767676768
"2240",0.169848484848485,0.243383838383838,0.243383838383838,0.243383838383838,0.440242424242424
"2241",0.15659595959596,0.15659595959596,0.275242424242424,0.275242424242424,0.423111111111111
"2242",0.0571616161616162,0.129818181818182,0.225979797979798,0.225979797979798,0.376767676767677
"2243",0.0439292929292929,0.10779797979798,0.157838383838384,0.164484848484849,NA
"2244",0.153888888888889,0.153888888888889,0.177010101010101,0.177010101010101,0.179383838383838
"2245",0.069969696969697,0.0887272727272727,0.189050505050505,0.395363636363636,0.395363636363636
"2246",0.10079797979798,0.10079797979798,0.228535353535354,0.31510101010101,NA
"2247",0.0605656565656566,0.0605656565656566,0.321929292929293,0.321929292929293,0.321929292929293
"2248",0.0545454545454545,0.0545454545454545,0.193767676767677,0.298909090909091,0.389080808080808
"2249",0.116232323232323,0.116232323232323,0.117434343434343,0.117434343434343,0.455313131313131
"2250",0.0972525252525253,0.0972525252525253,0.155060606060606,0.159484848484849,0.633262626262626
"2251",0.0636262626262626,0.125494949494949,0.192686868686869,0.192686868686869,0.498828282828283
"2252",0.0812222222222222,0.145969696969697,0.242656565656566,0.360717171717172,0.512535353535354
"2253",0.115353535353535,0.115353535353535,0.115353535353535,0.157151515151515,NA
"2254",0.110222222222222,0.118111111111111,0.199242424242424,0.199363636363636,NA
"2255",0.0361717171717172,0.0748686868686869,0.221171717171717,0.311424242424242,NA
"2256",0.0726666666666667,0.103535353535354,0.168515151515152,0.27789898989899,0.27789898989899
"2257",0.0933939393939394,0.187353535353535,0.267131313131313,0.267131313131313,0.308737373737374
"2258",0.0638181818181818,0.0638181818181818,0.231020202020202,0.302222222222222,0.303010101010101
"2259",0.0527070707070707,0.117707070707071,0.117707070707071,0.32569696969697,0.333212121212121
"2260",0.152656565656566,0.152656565656566,0.225282828282828,0.225282828282828,0.387707070707071
"2261",0.169676767676768,0.169676767676768,0.170171717171717,0.170171717171717,0.532343434343434
"2262",0.0508484848484849,0.233464646464646,0.304464646464646,0.305090909090909,0.499191919191919
"2263",0.0677878787878788,0.0677878787878788,0.114020202020202,0.114020202020202,0.154111111111111
"2264",0.0915252525252525,0.0915252525252525,0.0915252525252525,0.230171717171717,0.624323232323232
"2265",0.124020202020202,0.124929292929293,0.124929292929293,0.395040404040404,0.397686868686869
"2266",0.0781111111111111,0.0781111111111111,0.234484848484848,0.234484848484848,0.354232323232323
"2267",0.0918282828282828,0.0918282828282828,0.199606060606061,0.392848484848485,0.392858585858586
"2268",0.0447979797979798,0.0447979797979798,0.129252525252525,0.295929292929293,0.353919191919192
"2269",0.110919191919192,0.110919191919192,0.15059595959596,0.15059595959596,0.459434343434343
"2270",0.0458080808080808,0.0458080808080808,0.222606060606061,0.222808080808081,0.259141414141414
"2271",0.0590909090909091,0.0590909090909091,0.177535353535354,0.177535353535354,0.456656565656566
"2272",0.0623232323232323,0.0782121212121212,0.282929292929293,0.419979797979798,0.45689898989899
"2273",0.0722929292929293,0.0722929292929293,0.27269696969697,0.27269696969697,0.756787878787879
"2274",0.0588080808080808,0.0588080808080808,0.150838383838384,0.150838383838384,0.382636363636364
"2275",0.0332929292929293,0.0698888888888889,0.454737373737374,0.454737373737374,NA
"2276",0.0498181818181818,0.0597878787878788,0.119191919191919,0.119262626262626,0.12069696969697
"2277",0.0567979797979798,0.0567979797979798,0.234040404040404,0.234040404040404,0.349515151515152
"2278",0.069949494949495,0.107040404040404,0.264434343434343,0.264434343434343,0.597606060606061
"2279",0.0571717171717172,0.0571717171717172,0.11979797979798,0.11979797979798,0.510464646464647
"2280",0.0729393939393939,0.0729393939393939,0.198343434343434,0.20779797979798,0.331949494949495
"2281",0.0486868686868687,0.186525252525253,0.186525252525253,0.297888888888889,0.316747474747475
"2282",0.0738888888888889,0.110424242424242,0.174060606060606,0.174090909090909,0.228949494949495
"2283",0.0889090909090909,0.0889090909090909,0.122858585858586,0.253535353535354,0.253535353535354
"2284",0.039959595959596,0.126525252525253,0.276737373737374,0.276737373737374,0.449121212121212
"2285",0.0541919191919192,0.0541919191919192,0.180414141414141,0.180414141414141,0.187909090909091
"2286",0.097969696969697,0.097969696969697,0.158555555555556,0.158555555555556,0.431808080808081
"2287",0.221010101010101,0.221010101010101,0.22120202020202,0.412030303030303,0.568484848484848
"2288",0.128474747474747,0.153121212121212,0.20059595959596,0.213181818181818,0.213212121212121
"2289",0.070030303030303,0.0752828282828283,0.0790505050505051,0.358949494949495,0.571757575757576
"2290",0.0985959595959596,0.0985959595959596,0.197535353535354,0.197535353535354,0.255555555555556
"2291",0.0557373737373737,0.0722727272727273,0.0803333333333333,0.219525252525253,0.283222222222222
"2292",0.0998282828282828,0.0998282828282828,0.322828282828283,0.372757575757576,0.372757575757576
"2293",0.070989898989899,0.510020202020202,NA,NA,NA
"2294",0.0485555555555556,0.0485555555555556,0.0910606060606061,0.159212121212121,0.332414141414141
"2295",0.0835959595959596,0.0835959595959596,0.0835959595959596,0.237555555555556,0.238474747474748
"2296",0.0478484848484849,0.0512323232323232,0.202919191919192,0.202919191919192,0.202919191919192
"2297",0.0496767676767677,0.145262626262626,0.327111111111111,0.327111111111111,0.333808080808081
"2298",0.0416666666666667,0.0882020202020202,0.143787878787879,0.143787878787879,0.326565656565657
"2299",0.102525252525253,0.102757575757576,0.235767676767677,0.35130303030303,0.437858585858586
"2300",0.0454949494949495,0.24659595959596,0.24659595959596,0.263858585858586,0.263858585858586
"2301",0.055,0.0821717171717172,0.0822626262626263,0.236757575757576,0.501787878787879
"2302",0.0797575757575758,0.160929292929293,0.160929292929293,0.160929292929293,0.381070707070707
"2303",0.098010101010101,0.098010101010101,0.199121212121212,0.199121212121212,0.22759595959596
"2304",0.0633333333333333,0.177151515151515,0.247474747474747,0.35559595959596,NA
"2305",0.0588282828282828,0.0738787878787879,0.149545454545455,0.149545454545455,0.43559595959596
"2306",0.0455151515151515,0.0455151515151515,0.377414141414141,0.377414141414141,0.377414141414141
"2307",0.0312727272727273,0.158585858585859,0.507868686868687,0.507868686868687,0.507868686868687
"2308",0.0547676767676768,0.0875050505050505,0.388393939393939,0.38840404040404,0.657505050505051
"2309",0.125454545454545,0.125454545454545,0.214363636363636,0.380515151515152,0.380515151515152
"2310",0.0840505050505051,0.0845252525252525,0.100121212121212,0.100121212121212,0.34949494949495
"2311",0.0557575757575758,0.159838383838384,0.302484848484849,0.416474747474747,0.44
"2312",0.0446767676767677,0.0446767676767677,0.201585858585859,0.201585858585859,0.352464646464646
"2313",0.0618989898989899,0.0618989898989899,0.23869696969697,0.450171717171717,0.450171717171717
"2314",0.092030303030303,0.0920505050505051,0.106838383838384,0.273080808080808,0.403525252525253
"2315",0.0581717171717172,0.0962222222222222,0.0962222222222222,0.324959595959596,0.464525252525253
"2316",0.0858282828282828,0.0858282828282828,0.215282828282828,0.320222222222222,0.365020202020202
"2317",0.0473535353535354,0.0473535353535354,0.150888888888889,0.150888888888889,0.229444444444444
"2318",0.115676767676768,0.115676767676768,0.298656565656566,0.342444444444444,0.342444444444444
"2319",0.0427272727272727,0.0427272727272727,0.116474747474747,0.116474747474747,0.507666666666667
"2320",0.0556161616161616,0.0679292929292929,0.282171717171717,0.282171717171717,0.282171717171717
"2321",0.0520808080808081,0.0623636363636364,0.183040404040404,0.183121212121212,NA
"2322",0.0475858585858586,0.0991212121212121,0.173909090909091,NA,NA
"2323",0.0516565656565657,0.0516565656565657,0.0516565656565657,0.333717171717172,0.333717171717172
"2324",0.126292929292929,0.126363636363636,0.206363636363636,0.257969696969697,0.452606060606061
"2325",0.104242424242424,0.15110101010101,0.317494949494949,0.360565656565657,NA
"2326",0.0864343434343434,0.0864343434343434,0.0864343434343434,0.0864444444444444,0.431393939393939
"2327",0.0436767676767677,0.128454545454545,0.128454545454545,0.210535353535354,0.373565656565657
"2328",0.114989898989899,0.116494949494949,0.131131313131313,0.131131313131313,0.154515151515152
"2329",0.081,0.125171717171717,0.254282828282828,0.254282828282828,0.444212121212121
"2330",0.122,0.122,0.350242424242424,0.350242424242424,NA
"2331",0.14779797979798,0.14779797979798,0.213565656565657,0.214333333333333,0.214333333333333
"2332",0.0575555555555556,0.0575555555555556,0.275969696969697,0.275969696969697,0.275969696969697
"2333",0.0603838383838384,0.140232323232323,0.184535353535354,0.188919191919192,0.353111111111111
"2334",0.0372222222222222,0.0417070707070707,0.0441414141414141,0.234161616161616,0.310141414141414
"2335",0.0528282828282828,0.101434343434343,0.12659595959596,0.244151515151515,NA
"2336",0.0448080808080808,0.0688282828282828,0.0777474747474748,0.370212121212121,0.380858585858586
"2337",0.171282828282828,0.171282828282828,0.171282828282828,0.171353535353535,0.191252525252525
"2338",0.0567474747474748,0.0567474747474748,0.105161616161616,0.105161616161616,0.270606060606061
"2339",0.0583434343434343,0.0847979797979798,0.305050505050505,0.305050505050505,0.324646464646465
"2340",0.0803434343434344,0.0803434343434344,0.247383838383838,0.247383838383838,0.355464646464646
"2341",0.109262626262626,0.117272727272727,0.249858585858586,0.410373737373737,0.563636363636364
"2342",0.0523333333333333,0.0523333333333333,0.337989898989899,0.337989898989899,0.337989898989899
"2343",0.0574949494949495,0.0574949494949495,0.263777777777778,0.263777777777778,0.567424242424242
"2344",0.0648585858585859,0.0648585858585859,0.359909090909091,0.359909090909091,0.371
"2345",0.101767676767677,0.101929292929293,0.138818181818182,0.138818181818182,0.141818181818182
"2346",0.0404444444444444,0.150757575757576,0.304434343434343,0.304434343434343,0.317777777777778
"2347",0.0692828282828283,0.0696464646464647,0.179484848484848,0.224969696969697,NA
"2348",0.0524141414141414,0.0524141414141414,0.142737373737374,0.206777777777778,0.206777777777778
"2349",0.0321515151515152,0.0535757575757576,0.0535757575757576,0.192383838383838,NA
"2350",0.029020202020202,0.0617979797979798,0.321313131313131,0.375272727272727,0.37710101010101
"2351",0.044989898989899,0.210141414141414,0.210141414141414,0.300252525252525,0.785545454545455
"2352",0.133757575757576,0.138505050505051,0.143414141414141,0.143505050505051,NA
"2353",0.0857979797979798,0.0857979797979798,0.128838383838384,0.128838383838384,0.322505050505051
"2354",0.0824949494949495,0.172828282828283,0.17889898989899,0.179383838383838,0.179383838383838
"2355",0.118868686868687,0.217959595959596,0.219737373737374,0.219737373737374,0.586858585858586
"2356",0.0500808080808081,0.0500808080808081,0.249656565656566,0.249656565656566,0.388515151515152
"2357",0.0511010101010101,0.0555555555555556,0.364474747474748,0.364474747474748,0.436929292929293
"2358",0.126868686868687,0.126868686868687,0.368757575757576,0.368757575757576,0.550242424242424
"2359",0.0663535353535354,0.117767676767677,0.259808080808081,0.259808080808081,0.259808080808081
"2360",0.0585858585858586,0.0585858585858586,0.223121212121212,0.223121212121212,0.223121212121212
"2361",0.0766464646464647,0.0766464646464647,0.0766464646464647,0.134010101010101,0.370656565656566
"2362",0.0884343434343434,0.0884343434343434,0.119020202020202,0.119070707070707,0.312555555555556
"2363",0.0654545454545455,0.0654545454545455,0.326323232323232,0.326323232323232,0.354545454545455
"2364",0.0984343434343434,0.141080808080808,0.398454545454546,0.404636363636364,NA
"2365",0.0437373737373737,0.0437373737373737,0.143181818181818,0.143181818181818,NA
"2366",0.105010101010101,0.105010101010101,0.167555555555556,0.167555555555556,0.509787878787879
"2367",0.0438989898989899,0.0438989898989899,0.0735353535353535,0.416181818181818,0.555343434343434
"2368",0.0467474747474748,0.0577676767676768,0.0577676767676768,0.456444444444444,0.456444444444444
"2369",0.053989898989899,0.053989898989899,0.325454545454545,0.325454545454545,0.325464646464647
"2370",0.0635454545454545,0.0635454545454545,0.185222222222222,0.185222222222222,0.647969696969697
"2371",0.060949494949495,0.060949494949495,0.060949494949495,0.420939393939394,0.420939393939394
"2372",0.0415454545454546,0.0472424242424242,0.14389898989899,0.277363636363636,NA
"2373",0.0622323232323232,0.0622323232323232,0.357929292929293,0.357929292929293,0.358050505050505
"2374",0.0687373737373737,0.0687373737373737,0.216585858585859,0.216585858585859,0.441949494949495
"2375",0.0949191919191919,0.0949191919191919,0.0949191919191919,0.223363636363636,0.321737373737374
"2376",0.0577575757575758,0.0577575757575758,0.296363636363636,0.296363636363636,0.392888888888889
"2377",0.045040404040404,0.045040404040404,0.224252525252525,0.224252525252525,0.623363636363636
"2378",0.0716060606060606,0.166464646464646,0.166464646464646,0.363060606060606,0.363060606060606
"2379",0.103454545454545,0.103454545454545,0.193464646464646,0.193464646464646,0.742010101010101
"2380",0.117767676767677,0.125626262626263,0.215909090909091,0.281484848484849,0.281484848484849
"2381",0.0550808080808081,0.119020202020202,0.224929292929293,0.224929292929293,0.502313131313131
"2382",0.0794444444444445,0.131030303030303,0.350383838383838,0.474444444444445,0.474454545454546
"2383",0.0572424242424242,0.173262626262626,0.234080808080808,0.345414141414141,NA
"2384",0.127242424242424,0.127242424242424,0.376969696969697,0.376969696969697,0.437151515151515
"2385",0.0603939393939394,0.067030303030303,0.426737373737374,0.461121212121212,0.461121212121212
"2386",0.0565151515151515,0.197515151515152,0.202626262626263,0.202626262626263,0.259252525252525
"2387",0.13920202020202,0.13920202020202,0.198747474747475,0.239727272727273,0.505545454545455
"2388",0.0391919191919192,0.112969696969697,0.240333333333333,0.246373737373737,0.54940404040404
"2389",0.0784141414141414,0.0784141414141414,0.549454545454546,0.549454545454546,0.617131313131313
"2390",0.0275151515151515,0.0671919191919192,0.28289898989899,0.498989898989899,0.584626262626263
"2391",0.0968888888888889,0.113737373737374,0.128393939393939,0.128393939393939,0.399777777777778
"2392",0.0477474747474748,0.108484848484848,0.108484848484848,0.247151515151515,0.247171717171717
"2393",0.0405050505050505,0.176767676767677,0.176787878787879,0.176787878787879,0.176787878787879
"2394",0.0620808080808081,0.0620808080808081,0.203989898989899,0.203989898989899,0.459949494949495
"2395",0.0693131313131313,0.0693131313131313,0.126727272727273,0.250848484848485,0.355636363636364
"2396",0.0584747474747475,0.0715151515151515,0.0808484848484849,0.215505050505051,0.227818181818182
"2397",0.0638686868686869,0.23810101010101,0.299333333333333,0.299333333333333,0.299333333333333
"2398",0.0592525252525253,0.0592525252525253,0.254424242424242,0.254424242424242,0.260080808080808
"2399",0.112606060606061,0.112606060606061,0.112606060606061,0.242444444444444,0.250656565656566
"2400",0.0731919191919192,0.0731919191919192,0.191393939393939,0.191393939393939,0.249828282828283
"2401",0.0494242424242424,0.25189898989899,0.265121212121212,0.285111111111111,NA
"2402",0.0848787878787879,0.0848787878787879,0.0848787878787879,0.186030303030303,0.186030303030303
"2403",0.104656565656566,0.104656565656566,0.182464646464646,0.189383838383838,0.191333333333333
"2404",0.0788181818181818,0.0788181818181818,0.0788181818181818,0.356656565656566,0.456939393939394
"2405",0.0438686868686869,0.0711717171717172,0.0711717171717172,0.222,0.222
"2406",0.0705454545454546,0.0850808080808081,0.0943434343434344,0.180989898989899,0.180989898989899
"2407",0.0629090909090909,0.0783535353535354,0.200474747474748,0.205262626262626,NA
"2408",0.122818181818182,0.122818181818182,0.272868686868687,0.272868686868687,0.471787878787879
"2409",0.0423939393939394,0.0856868686868687,0.0857070707070707,0.0857070707070707,0.165636363636364
"2410",0.127818181818182,0.127818181818182,0.127818181818182,0.127818181818182,0.370909090909091
"2411",0.0818080808080808,0.0818080808080808,0.0818080808080808,0.212767676767677,0.42089898989899
"2412",0.048959595959596,0.109565656565657,0.117676767676768,0.194181818181818,0.500474747474748
"2413",0.0624141414141414,0.0624141414141414,0.0624141414141414,0.275353535353535,0.275646464646465
"2414",0.0825454545454545,0.0825454545454545,0.273949494949495,0.274515151515152,0.274515151515152
"2415",0.0523333333333333,0.0523333333333333,0.0691515151515152,0.328030303030303,0.511111111111111
"2416",0.0472424242424242,0.0677777777777778,0.269838383838384,0.269838383838384,0.269848484848485
"2417",0.0365656565656566,0.0600505050505051,0.214161616161616,0.214161616161616,0.407717171717172
"2418",0.106525252525253,0.106545454545455,0.168292929292929,0.228313131313131,0.346424242424242
"2419",0.126454545454545,0.126454545454545,0.239010101010101,0.239010101010101,0.509606060606061
"2420",0.0355858585858586,0.168525252525253,0.168525252525253,0.475424242424242,NA
"2421",0.0903434343434344,0.0932929292929293,0.295484848484849,0.319070707070707,0.582646464646465
"2422",0.132222222222222,0.146252525252525,0.197808080808081,NA,NA
"2423",0.0637373737373737,0.0637373737373737,0.253545454545455,0.273989898989899,0.36540404040404
"2424",0.0574343434343434,0.0574343434343434,0.119828282828283,0.175646464646465,0.179757575757576
"2425",0.0482222222222222,0.0566262626262626,0.186848484848485,0.186848484848485,0.638111111111111
"2426",0.0763434343434344,0.113808080808081,0.17330303030303,0.320373737373737,0.559131313131313
"2427",0.156505050505051,0.156505050505051,0.204414141414141,0.24169696969697,NA
"2428",0.101111111111111,0.101747474747475,0.21569696969697,0.240616161616162,0.357979797979798
"2429",0.0513737373737374,0.0563636363636364,0.313232323232323,0.384959595959596,0.384959595959596
"2430",0.0554848484848485,0.0554848484848485,0.114484848484848,0.114484848484848,0.288010101010101
"2431",0.0450505050505051,0.175636363636364,0.175979797979798,0.175979797979798,0.549060606060606
"2432",0.0556464646464647,0.0556464646464647,0.268878787878788,0.268878787878788,0.500313131313131
"2433",0.0434343434343434,0.0598989898989899,0.431676767676768,0.431676767676768,0.452232323232323
"2434",0.141565656565657,0.171777777777778,0.171777777777778,0.210737373737374,0.255080808080808
"2435",0.128575757575758,0.136333333333333,0.136333333333333,0.34310101010101,0.343111111111111
"2436",0.137,0.137,0.169292929292929,0.169292929292929,0.274787878787879
"2437",0.0634040404040404,0.0654848484848485,0.0665555555555556,0.0665555555555556,0.318414141414141
"2438",0.047010101010101,0.105474747474747,0.346838383838384,0.346838383838384,0.508353535353535
"2439",0.166454545454545,0.166454545454545,0.166454545454545,0.317636363636364,0.317636363636364
"2440",0.0488181818181818,0.122141414141414,0.200070707070707,0.200070707070707,0.507020202020202
"2441",0.0642121212121212,0.0642121212121212,0.19959595959596,0.19959595959596,0.240060606060606
"2442",0.149131313131313,0.149131313131313,0.216828282828283,0.47910101010101,0.47910101010101
"2443",0.0782222222222222,0.195818181818182,0.195868686868687,0.41679797979798,0.441848484848485
"2444",0.125575757575758,0.189727272727273,0.239808080808081,0.329606060606061,0.329606060606061
"2445",0.182929292929293,0.182929292929293,0.182929292929293,0.224737373737374,0.424686868686869
"2446",0.0512424242424242,0.0611919191919192,0.296888888888889,0.379888888888889,0.505
"2447",0.0442626262626263,0.061,0.327050505050505,0.327050505050505,0.503919191919192
"2448",0.0504545454545455,0.0504545454545455,0.260717171717172,0.261585858585859,0.261585858585859
"2449",0.068949494949495,0.185232323232323,0.263353535353535,0.263353535353535,0.264141414141414
"2450",0.0485959595959596,0.256949494949495,0.376707070707071,0.376707070707071,0.507464646464647
"2451",0.0878282828282828,0.0878282828282828,0.365707070707071,0.375737373737374,0.498181818181818
"2452",0.14789898989899,0.14789898989899,0.234151515151515,0.234151515151515,0.387090909090909
"2453",0.15520202020202,0.15520202020202,0.15520202020202,0.15520202020202,0.658151515151515
"2454",0.0659191919191919,0.0659191919191919,0.197686868686869,0.296979797979798,0.323505050505051
"2455",0.0450808080808081,0.0485151515151515,0.150676767676768,0.249868686868687,0.321888888888889
"2456",0.0370707070707071,0.0474141414141414,0.0556969696969697,0.353717171717172,0.440888888888889
"2457",0.054989898989899,0.217585858585859,0.217585858585859,0.217585858585859,0.228212121212121
"2458",0.0615555555555556,0.0615555555555556,0.196030303030303,0.258636363636364,0.459171717171717
"2459",0.0734141414141414,0.0991111111111111,0.321535353535354,0.321535353535354,0.460636363636364
"2460",0.0763737373737374,0.0763737373737374,0.125010101010101,0.125010101010101,0.318939393939394
"2461",0.059949494949495,0.103626262626263,0.105545454545455,0.105545454545455,0.105545454545455
"2462",0.0726464646464647,0.160111111111111,0.258868686868687,0.258868686868687,0.399666666666667
"2463",0.0825757575757576,0.185,0.185,0.198989898989899,0.210262626262626
"2464",0.0884141414141414,0.0884141414141414,0.0884141414141414,0.0884141414141414,0.407929292929293
"2465",0.0547575757575758,0.104171717171717,0.391212121212121,0.391212121212121,0.391212121212121
"2466",0.0500909090909091,0.0500909090909091,0.205616161616162,0.205616161616162,0.205616161616162
"2467",0.152323232323232,0.152323232323232,0.152323232323232,0.152323232323232,0.463828282828283
"2468",0.0356363636363636,0.0791515151515152,0.0791515151515152,0.0791515151515152,0.0791515151515152
"2469",0.0923030303030303,0.0923030303030303,0.164616161616162,0.368888888888889,0.429181818181818
"2470",0.0496060606060606,0.0496060606060606,0.217666666666667,0.217666666666667,0.311030303030303
"2471",0.0533434343434343,0.11879797979798,0.185616161616162,0.185616161616162,0.185616161616162
"2472",0.0514242424242424,0.0686060606060606,0.129434343434343,0.422252525252525,0.422252525252525
"2473",0.040959595959596,0.212272727272727,0.225070707070707,0.225070707070707,0.254858585858586
"2474",0.0638484848484848,0.101686868686869,0.329686868686869,0.329686868686869,0.329686868686869
"2475",0.0991818181818182,0.0991818181818182,0.15020202020202,0.276585858585859,0.317444444444444
"2476",0.0373333333333333,0.0937777777777778,0.213030303030303,0.229969696969697,0.232060606060606
"2477",0.172545454545455,0.172545454545455,0.250242424242424,0.250242424242424,0.276888888888889
"2478",0.0566262626262626,0.186292929292929,0.349616161616162,0.349616161616162,NA
"2479",0.127515151515152,0.127515151515152,0.322171717171717,0.322171717171717,0.589565656565657
"2480",0.0568787878787879,0.0659292929292929,0.0659292929292929,0.300141414141414,0.300141414141414
"2481",0.0399090909090909,0.0399090909090909,0.288060606060606,0.288060606060606,0.573808080808081
"2482",0.0621717171717172,0.154929292929293,0.30710101010101,0.30710101010101,0.503434343434343
"2483",0.0592828282828283,0.0997474747474748,0.0997474747474748,0.208737373737374,0.300292929292929
"2484",0.115565656565657,0.115565656565657,0.167626262626263,0.177020202020202,0.471878787878788
"2485",0.0443131313131313,0.0473333333333333,0.147262626262626,0.389959595959596,0.389959595959596
"2486",0.0511919191919192,0.170646464646465,0.252545454545455,0.281909090909091,0.391343434343434
"2487",0.0547171717171717,0.0667878787878788,0.168343434343434,0.221737373737374,0.221737373737374
"2488",0.0486767676767677,0.14540404040404,0.283272727272727,0.288535353535354,NA
"2489",0.0803737373737374,0.181060606060606,0.181060606060606,0.204636363636364,0.205585858585859
"2490",0.0457575757575758,0.122969696969697,0.157989898989899,0.157989898989899,0.39869696969697
"2491",0.0910606060606061,0.19720202020202,0.296636363636364,0.296636363636364,0.358808080808081
"2492",0.0476767676767677,0.119646464646465,0.252242424242424,0.281292929292929,0.438949494949495
"2493",0.0583636363636364,0.0583636363636364,0.194272727272727,0.194272727272727,0.608535353535354
"2494",0.0541616161616162,0.126353535353535,0.219,0.219,0.575474747474747
"2495",0.051979797979798,0.121545454545455,0.178454545454545,0.178454545454545,0.364434343434343
"2496",0.0921919191919192,0.106171717171717,0.106171717171717,0.12030303030303,0.276393939393939
"2497",0.0552222222222222,0.0552222222222222,0.245828282828283,0.247212121212121,0.247585858585859
"2498",0.0636464646464646,0.0636464646464646,0.211858585858586,0.211858585858586,0.502171717171717
"2499",0.062020202020202,0.143646464646465,0.30010101010101,0.313151515151515,0.313151515151515
"2500",0.0684040404040404,0.0684040404040404,0.238828282828283,0.330545454545455,0.358171717171717
"2501",0.118181818181818,0.118181818181818,0.151838383838384,0.53110101010101,0.53110101010101
"2502",0.0834343434343434,0.0834848484848485,0.327050505050505,0.475414141414141,0.475414141414141
"2503",0.0594242424242424,0.0748585858585859,0.178111111111111,0.178111111111111,0.351676767676768
"2504",0.134848484848485,0.134848484848485,0.227838383838384,0.227909090909091,NA
"2505",0.0593535353535354,0.12220202020202,0.122353535353535,0.122353535353535,0.325363636363636
"2506",0.0721010101010101,0.0721010101010101,0.178606060606061,0.275606060606061,0.499353535353535
"2507",0.0516363636363636,0.0516363636363636,0.118191919191919,0.251818181818182,0.752626262626263
"2508",0.0650808080808081,0.14710101010101,0.278575757575758,0.293606060606061,0.363010101010101
"2509",0.0807777777777778,0.0807777777777778,0.317191919191919,0.317191919191919,0.39710101010101
"2510",0.089959595959596,0.089959595959596,0.254868686868687,0.393474747474748,0.587525252525253
"2511",0.0798484848484848,0.0798484848484848,0.0991313131313131,0.353676767676768,NA
"2512",0.0494949494949495,0.0494949494949495,0.366323232323232,0.366323232323232,0.384383838383838
"2513",0.0807272727272727,0.0807272727272727,0.0843636363636364,0.273191919191919,0.454060606060606
"2514",0.0495454545454546,0.17049494949495,0.249636363636364,0.249636363636364,0.462747474747475
"2515",NA,NA,NA,NA,NA
"2516",0.0586565656565657,0.0586565656565657,0.237484848484848,0.283939393939394,0.283939393939394
"2517",0.095030303030303,0.095030303030303,0.331020202020202,0.331040404040404,0.331080808080808
"2518",0.0548787878787879,0.0668383838383838,0.171,0.296181818181818,0.361848484848485
"2519",0.0334242424242424,0.0608686868686869,0.0608686868686869,0.0608686868686869,0.253222222222222
"2520",0.0721717171717172,0.0975757575757576,0.0975757575757576,0.242454545454545,0.399161616161616
"2521",0.0986464646464646,0.0994141414141414,0.257141414141414,0.257141414141414,NA
"2522",0.0695252525252525,0.106505050505051,0.140575757575758,0.140575757575758,0.265262626262626
"2523",0.0500606060606061,0.0500606060606061,0.209393939393939,0.373979797979798,0.390121212121212
"2524",0.0418484848484849,0.047989898989899,0.287646464646465,0.298090909090909,NA
"2525",0.0498282828282828,0.0542727272727273,0.19310101010101,0.19310101010101,0.500373737373737
"2526",0.128,0.128,0.467434343434343,0.565151515151515,0.565151515151515
"2527",0.0586464646464647,0.0586464646464647,0.264747474747475,0.264747474747475,0.266353535353535
"2528",0.103515151515152,0.103515151515152,0.103646464646465,0.282181818181818,0.380363636363636
"2529",0.0509393939393939,0.0509393939393939,0.274848484848485,0.274858585858586,0.68979797979798
"2530",0.057989898989899,0.0998383838383839,0.0998383838383839,0.0998383838383839,0.499929292929293
"2531",0.0814343434343434,0.0864646464646465,0.280858585858586,0.280858585858586,0.281333333333333
"2532",0.0449393939393939,0.0645050505050505,0.14849494949495,0.229161616161616,NA
"2533",0.0742929292929293,0.152191919191919,0.297575757575758,0.299737373737374,0.299737373737374
"2534",0.0694747474747475,0.0694848484848485,0.0694848484848485,0.171717171717172,0.569020202020202
"2535",0.0467474747474748,0.196242424242424,0.196242424242424,0.196242424242424,NA
"2536",0.0702222222222222,0.102060606060606,0.134010101010101,0.134010101010101,0.243161616161616
"2537",0.0833838383838384,0.159414141414141,0.169363636363636,0.169363636363636,0.540959595959596
"2538",0.0442020202020202,0.117030303030303,0.270656565656566,NA,NA
"2539",0.0550707070707071,0.0606464646464646,0.220565656565657,0.220565656565657,0.220565656565657
"2540",0.051989898989899,0.051989898989899,0.174585858585859,0.201444444444444,0.471070707070707
"2541",0.0508484848484849,0.160666666666667,0.160666666666667,0.351262626262626,0.46969696969697
"2542",0.106676767676768,0.106676767676768,0.115262626262626,0.129646464646465,0.253363636363636
"2543",0.0958989898989899,0.0965656565656566,0.251272727272727,0.315686868686869,0.315686868686869
"2544",0.0918383838383838,0.0918383838383838,0.199575757575758,0.199575757575758,0.236121212121212
"2545",0.0701515151515152,0.0701515151515152,0.177909090909091,0.178060606060606,0.512272727272727
"2546",0.0636565656565657,0.0636565656565657,0.35179797979798,0.359141414141414,0.359141414141414
"2547",0.0445555555555556,0.0762626262626263,0.113373737373737,0.291707070707071,0.291707070707071
"2548",0.0528888888888889,0.0528888888888889,0.201080808080808,0.223020202020202,0.318717171717172
"2549",0.0536060606060606,0.0536060606060606,0.32589898989899,0.417454545454545,0.465969696969697
"2550",0.0629393939393939,0.0629393939393939,0.11910101010101,0.119656565656566,0.557121212121212
"2551",0.117626262626263,0.117767676767677,0.117767676767677,0.195323232323232,0.408292929292929
"2552",0.0446969696969697,0.198606060606061,0.198606060606061,0.198606060606061,0.458434343434343
"2553",0.059040404040404,0.059040404040404,0.210151515151515,0.210151515151515,0.395878787878788
"2554",0.0508282828282828,0.0508282828282828,0.108141414141414,0.125818181818182,0.365939393939394
"2555",0.0532424242424242,0.177777777777778,0.178373737373737,0.178373737373737,0.178373737373737
"2556",0.0496464646464647,0.190373737373737,0.336787878787879,0.336787878787879,0.580909090909091
"2557",0.043989898989899,0.0503737373737374,0.0503737373737374,0.405575757575758,NA
"2558",0.0363232323232323,0.263414141414141,0.263414141414141,NA,NA
"2559",0.0621010101010101,0.254535353535354,0.276292929292929,0.276292929292929,0.815151515151515
"2560",0.0507777777777778,0.0547373737373737,0.0902121212121212,0.0902121212121212,0.32910101010101
"2561",0.0531313131313131,0.167737373737374,0.225727272727273,0.225767676767677,0.225767676767677
"2562",0.0382828282828283,0.087030303030303,0.343222222222222,NA,NA
"2563",0.0619191919191919,0.178131313131313,0.178141414141414,0.258757575757576,0.258757575757576
"2564",0.0481414141414141,0.0481414141414141,0.120111111111111,0.356363636363636,0.416090909090909
"2565",0.0432020202020202,0.0458686868686869,0.311010101010101,0.372262626262626,NA
"2566",0.053949494949495,0.0593232323232323,0.16659595959596,0.16659595959596,0.391555555555556
"2567",0.0699393939393939,0.198606060606061,0.343868686868687,0.359535353535354,0.359535353535354
"2568",0.0402929292929293,0.0823030303030303,0.0823030303030303,0.0823030303030303,0.320424242424242
"2569",0.0582121212121212,0.112393939393939,0.112414141414141,0.209626262626263,0.209626262626263
"2570",0.0505858585858586,0.0551414141414141,0.287171717171717,0.291767676767677,0.291767676767677
"2571",0.106666666666667,0.174828282828283,0.176979797979798,0.22879797979798,0.22879797979798
"2572",0.0767575757575758,0.162363636363636,0.164777777777778,0.28169696969697,0.413030303030303
"2573",0.049040404040404,0.049040404040404,0.049040404040404,0.46740404040404,0.90889898989899
"2574",0.0470707070707071,0.0470707070707071,0.178161616161616,0.178161616161616,NA
"2575",0.0488686868686869,0.117626262626263,0.159505050505051,0.159505050505051,0.278989898989899
"2576",0.0485757575757576,0.063030303030303,0.17369696969697,0.255838383838384,0.320878787878788
"2577",0.0883636363636364,0.0883636363636364,0.158383838383838,0.158383838383838,0.358525252525253
"2578",0.0526060606060606,0.0526060606060606,0.0526060606060606,0.144191919191919,0.144191919191919
"2579",0.11830303030303,0.11830303030303,0.417575757575758,0.417575757575758,0.509080808080808
"2580",0.0444545454545455,0.107141414141414,0.293949494949495,0.295919191919192,0.295919191919192
"2581",0.0456969696969697,0.146646464646465,0.146646464646465,0.146646464646465,0.355373737373737
"2582",0.135929292929293,0.135929292929293,0.135929292929293,0.396080808080808,0.631111111111111
"2583",0.0406262626262626,0.240949494949495,0.240949494949495,0.24230303030303,0.24230303030303
"2584",0.0526767676767677,0.125151515151515,0.166030303030303,0.168929292929293,0.694121212121212
"2585",0.0475151515151515,0.0475151515151515,0.275333333333333,0.275333333333333,0.434363636363636
"2586",0.127616161616162,0.127616161616162,0.234656565656566,0.266,NA
"2587",0.0732323232323232,0.0732323232323232,0.135747474747475,0.291666666666667,0.291666666666667
"2588",0.0497373737373737,0.119242424242424,0.119242424242424,0.119242424242424,0.187050505050505
"2589",0.0463838383838384,0.0463838383838384,0.258292929292929,0.362030303030303,NA
"2590",0.0496969696969697,0.0496969696969697,0.0563232323232323,0.423858585858586,0.423888888888889
"2591",0.0889393939393939,0.0889393939393939,0.326525252525253,0.326525252525253,0.339080808080808
"2592",0.0606464646464646,0.0606464646464646,0.177383838383838,0.177383838383838,0.269111111111111
"2593",0.0631919191919192,0.146161616161616,0.216333333333333,0.23559595959596,0.644262626262626
"2594",0.111181818181818,0.128464646464646,0.297787878787879,0.31320202020202,0.31320202020202
"2595",0.0486767676767677,0.140747474747475,0.205262626262626,0.205262626262626,NA
"2596",0.0711919191919192,0.101828282828283,0.206838383838384,0.247484848484849,0.432949494949495
"2597",0.0654444444444444,0.0654444444444444,0.235010101010101,0.235010101010101,0.357040404040404
"2598",0.0776363636363636,0.105333333333333,0.21140404040404,0.21140404040404,0.348989898989899
"2599",0.140383838383838,0.140383838383838,0.35659595959596,NA,NA
"2600",0.0827070707070707,0.0828888888888889,0.0828888888888889,0.393292929292929,0.393292929292929
"2601",0.0717979797979798,0.0717979797979798,0.218363636363636,0.286606060606061,0.286606060606061
"2602",0.0431212121212121,0.0596969696969697,0.128070707070707,0.500505050505051,0.500505050505051
"2603",0.0844242424242424,0.137717171717172,0.235232323232323,0.235232323232323,0.294919191919192
"2604",0.0685858585858586,0.0685858585858586,0.281272727272727,0.281272727272727,0.281272727272727
"2605",0.0734747474747475,0.074030303030303,0.357777777777778,0.357777777777778,NA
"2606",0.0566969696969697,0.24969696969697,0.24969696969697,0.349282828282828,0.42810101010101
"2607",0.0572222222222222,0.0628787878787879,0.326242424242424,0.463727272727273,0.536838383838384
"2608",0.055,0.120535353535354,0.19289898989899,0.501929292929293,0.501929292929293
"2609",0.0576464646464647,0.0796363636363636,0.214383838383838,0.25579797979798,0.455111111111111
"2610",0.0474545454545455,0.061010101010101,0.284474747474747,0.284474747474747,0.284474747474747
"2611",0.0612020202020202,0.114050505050505,0.114050505050505,0.140828282828283,0.378555555555556
"2612",0.0755151515151515,0.0785353535353535,0.38249494949495,0.38249494949495,NA
"2613",0.118313131313131,0.118313131313131,0.277484848484849,0.277484848484849,0.294414141414141
"2614",0.0543838383838384,0.108939393939394,0.235505050505051,0.266888888888889,0.40120202020202
"2615",0.0435555555555556,0.170555555555556,0.242070707070707,0.242070707070707,0.307676767676768
"2616",0.147020202020202,0.147020202020202,0.384373737373737,0.384838383838384,0.385262626262626
"2617",0.267343434343434,0.276373737373737,0.349222222222222,0.349272727272727,NA
"2618",0.0949090909090909,0.0966161616161616,0.184888888888889,0.284868686868687,0.550282828282828
"2619",0.0725959595959596,0.0725959595959596,0.130929292929293,0.156121212121212,0.325030303030303
"2620",0.0758686868686869,0.269090909090909,0.272787878787879,0.433888888888889,0.433888888888889
"2621",0.046040404040404,0.0662929292929293,0.225474747474747,0.225868686868687,0.321818181818182
"2622",0.0515151515151515,0.142454545454545,0.25659595959596,0.25659595959596,0.352777777777778
"2623",0.0536565656565657,0.146909090909091,0.189131313131313,0.189131313131313,NA
"2624",0.0405454545454546,0.0700909090909091,0.0779090909090909,0.077959595959596,0.169232323232323
"2625",0.062979797979798,0.062979797979798,0.143848484848485,0.316222222222222,0.352484848484849
"2626",0.0732020202020202,0.0736363636363636,0.148464646464646,0.148464646464646,NA
"2627",0.0874141414141414,0.0874141414141414,0.0874141414141414,0.239323232323232,0.324434343434343
"2628",0.0467373737373737,0.0849090909090909,0.0849090909090909,0.334929292929293,NA
"2629",NA,NA,NA,NA,NA
"2630",0.0466565656565657,0.0466565656565657,0.236929292929293,0.236929292929293,0.541222222222222
"2631",0.0724545454545455,0.135818181818182,0.277737373737374,0.277737373737374,0.277777777777778
"2632",0.0782020202020202,0.12179797979798,0.265656565656566,0.266363636363636,0.266363636363636
"2633",0.0423333333333333,0.172242424242424,0.256686868686869,0.256686868686869,0.256686868686869
"2634",0.0782525252525253,0.178393939393939,0.181727272727273,0.202666666666667,0.210909090909091
"2635",0.0525151515151515,0.0576464646464647,0.249505050505051,0.249505050505051,0.458484848484848
"2636",0.0481616161616162,0.0620909090909091,0.23620202020202,0.23620202020202,0.454818181818182
"2637",0.158909090909091,0.158909090909091,0.158909090909091,0.253838383838384,0.630010101010101
"2638",0.0787878787878788,0.0788989898989899,0.20640404040404,0.246909090909091,0.574242424242424
"2639",0.0454343434343434,0.207434343434343,0.216414141414141,0.643828282828283,NA
"2640",0.0813333333333333,0.188333333333333,0.279646464646465,0.306545454545455,NA
"2641",0.0628787878787879,0.0628787878787879,0.184131313131313,0.213989898989899,0.466474747474747
"2642",0.0482323232323232,0.0575353535353535,0.225343434343434,0.501,0.501
"2643",0.0913434343434344,0.0914242424242424,0.172222222222222,0.219818181818182,0.356222222222222
"2644",0.0611111111111111,0.11879797979798,0.281474747474747,0.313555555555556,0.319858585858586
"2645",0.0537878787878788,0.176606060606061,0.262040404040404,0.28389898989899,0.289878787878788
"2646",0.107878787878788,0.235252525252525,0.313727272727273,0.313727272727273,0.41749494949495
"2647",0.102727272727273,0.102727272727273,0.102787878787879,0.219313131313131,0.282343434343434
"2648",0.0744141414141414,0.0744141414141414,0.0744141414141414,0.157434343434343,0.32720202020202
"2649",0.105171717171717,0.112575757575758,0.176060606060606,0.176232323232323,NA
"2650",0.172989898989899,0.172989898989899,0.224787878787879,0.224787878787879,0.297939393939394
"2651",0.0507272727272727,0.0724646464646465,0.0724646464646465,0.412141414141414,0.450242424242424
"2652",0.0445959595959596,0.230363636363636,0.288212121212121,0.344414141414141,NA
"2653",0.10910101010101,0.253626262626263,0.253626262626263,0.253626262626263,0.253626262626263
"2654",0.0392424242424242,0.0559090909090909,0.216313131313131,0.346141414141414,0.349191919191919
"2655",0.110848484848485,0.110848484848485,0.261818181818182,0.261828282828283,0.449838383838384
"2656",0.0899191919191919,0.089969696969697,0.119262626262626,0.119262626262626,0.403232323232323
"2657",0.0967373737373737,0.0967373737373737,0.234151515151515,0.430020202020202,0.465313131313131
"2658",0.0408383838383838,0.0584242424242424,0.30910101010101,0.30910101010101,0.521363636363636
"2659",0.0539191919191919,0.141939393939394,0.228717171717172,0.228717171717172,0.304464646464646
"2660",0.0604848484848485,0.0604848484848485,0.100808080808081,0.257171717171717,0.444515151515152
"2661",0.0453535353535354,0.0694040404040404,0.154262626262626,0.18469696969697,NA
"2662",0.0578686868686869,0.0578686868686869,0.116808080808081,0.250393939393939,0.590646464646465
"2663",0.0414949494949495,0.0786969696969697,0.148161616161616,0.282131313131313,NA
"2664",0.0530808080808081,0.0530808080808081,0.128070707070707,0.128070707070707,0.376676767676768
"2665",0.0525858585858586,0.155949494949495,0.155949494949495,0.296777777777778,0.296777777777778
"2666",0.0462929292929293,0.0542727272727273,0.257363636363636,0.284222222222222,NA
"2667",0.0516363636363636,0.0516363636363636,0.23179797979798,0.318454545454545,0.318454545454545
"2668",0.144282828282828,0.144282828282828,0.361868686868687,0.361868686868687,0.361868686868687
"2669",0.0581010101010101,0.0581010101010101,0.273676767676768,NA,NA
"2670",0.0508181818181818,0.0675454545454545,0.333121212121212,0.333121212121212,0.350090909090909
"2671",0.0622323232323232,0.0622323232323232,0.321050505050505,0.321050505050505,0.51779797979798
"2672",0.0767676767676768,0.0767676767676768,0.172444444444444,0.172444444444444,0.255212121212121
"2673",0.133555555555556,0.243575757575758,0.249656565656566,0.328818181818182,0.328818181818182
"2674",0.0550909090909091,0.223686868686869,0.22389898989899,0.224040404040404,0.355585858585859
"2675",0.0452020202020202,0.052969696969697,0.364777777777778,0.364777777777778,0.42010101010101
"2676",0.107555555555556,0.107555555555556,0.107555555555556,0.231040404040404,0.413111111111111
"2677",0.0484747474747475,0.143737373737374,0.342222222222222,0.342222222222222,0.594656565656566
"2678",0.0734747474747475,0.0734747474747475,0.260424242424242,0.260424242424242,NA
"2679",0.0493939393939394,0.0536464646464647,0.0855959595959596,0.139646464646465,0.463030303030303
"2680",0.057979797979798,0.137060606060606,0.200484848484848,0.200484848484848,0.408929292929293
"2681",0.0513434343434344,0.143040404040404,0.143040404040404,0.155414141414141,0.568676767676768
"2682",0.0454141414141414,0.0586262626262626,0.0736666666666667,0.277515151515152,0.433090909090909
"2683",0.0612929292929293,0.21649494949495,0.21649494949495,0.21649494949495,0.21649494949495
"2684",0.064969696969697,0.064969696969697,0.154888888888889,0.17389898989899,0.59849494949495
"2685",0.0612929292929293,0.130393939393939,0.214040404040404,0.318363636363636,0.399252525252525
"2686",0.109727272727273,0.109727272727273,0.25440404040404,0.25440404040404,0.25440404040404
"2687",0.048020202020202,0.136707070707071,0.136707070707071,0.40430303030303,0.515414141414141
"2688",0.0724949494949495,0.0855050505050505,0.0856060606060606,0.118151515151515,0.252191919191919
"2689",0.0556060606060606,0.0699191919191919,0.23220202020202,0.380818181818182,0.380818181818182
"2690",0.0433838383838384,0.0546565656565657,0.383878787878788,0.417959595959596,NA
"2691",0.0468383838383838,0.0506767676767677,0.118181818181818,0.146636363636364,0.565515151515152
"2692",0.040949494949495,0.0887474747474748,0.0937070707070707,0.410505050505051,0.426333333333333
"2693",0.0605050505050505,0.0605050505050505,0.187636363636364,0.23689898989899,0.570424242424243
"2694",0.0793939393939394,0.122888888888889,0.132292929292929,0.320353535353535,0.357575757575758
"2695",0.0549393939393939,0.140393939393939,0.212020202020202,0.314212121212121,0.314232323232323
"2696",0.045040404040404,0.208656565656566,0.265090909090909,0.265090909090909,0.291909090909091
"2697",0.136717171717172,0.136717171717172,0.183939393939394,0.269515151515152,NA
"2698",0.0455656565656566,0.0455656565656566,0.228222222222222,0.295616161616162,NA
"2699",0.0535454545454545,0.0535454545454545,0.0786666666666667,0.145919191919192,0.396212121212121
"2700",0.0478383838383838,0.232878787878788,0.282252525252525,0.291818181818182,0.291818181818182
"2701",0.0466060606060606,0.0501212121212121,0.127525252525253,0.312111111111111,NA
"2702",0.0558787878787879,0.0687272727272727,NA,NA,NA
"2703",0.0862626262626263,0.0862626262626263,0.250616161616162,0.250616161616162,0.318818181818182
"2704",0.108050505050505,0.108050505050505,0.349626262626263,0.377030303030303,0.393434343434343
"2705",0.0483434343434343,0.211535353535354,0.39410101010101,0.554414141414141,NA
"2706",0.0817676767676768,0.114414141414141,0.247151515151515,0.306787878787879,NA
"2707",0.0444242424242424,0.154090909090909,0.196232323232323,0.196232323232323,0.280717171717172
"2708",0.0646363636363636,0.0646363636363636,0.344212121212121,0.344212121212121,0.344212121212121
"2709",0.0485252525252525,0.0645454545454545,0.262454545454545,0.310363636363636,0.352767676767677
"2710",0.103737373737374,0.195525252525253,0.226383838383838,0.226383838383838,NA
"2711",0.157171717171717,0.157171717171717,0.392515151515152,0.392515151515152,0.392515151515152
"2712",NA,NA,NA,NA,NA
"2713",0.15649494949495,0.161969696969697,0.161969696969697,0.223888888888889,0.223888888888889
"2714",0.0602020202020202,0.0602020202020202,0.235171717171717,0.286222222222222,0.615050505050505
"2715",0.0671818181818182,0.0671818181818182,0.192191919191919,0.232464646464646,0.504808080808081
"2716",0.050949494949495,0.050949494949495,0.11259595959596,0.11259595959596,0.146070707070707
"2717",0.162585858585859,0.162585858585859,0.269222222222222,0.269222222222222,0.412505050505051
"2718",0.0563636363636364,0.114010101010101,0.258262626262626,0.258262626262626,0.847212121212121
"2719",0.0816969696969697,0.192242424242424,0.217141414141414,0.217141414141414,0.217141414141414
"2720",0.062959595959596,0.0701919191919192,0.353686868686869,0.430363636363636,0.457858585858586
"2721",0.0670404040404041,0.0758585858585859,0.194585858585859,0.214131313131313,0.214131313131313
"2722",0.106676767676768,0.173161616161616,0.185424242424242,0.280070707070707,NA
"2723",0.0854141414141414,0.0854141414141414,0.212464646464646,0.212464646464646,0.353959595959596
"2724",0.0904747474747475,0.0904747474747475,0.226535353535354,0.226535353535354,0.226555555555556
"2725",0.0685959595959596,0.169575757575758,0.169575757575758,0.172959595959596,0.514949494949495
"2726",0.0439191919191919,0.198979797979798,0.198979797979798,0.198979797979798,0.300626262626263
"2727",0.12640404040404,0.12640404040404,0.263919191919192,0.34379797979798,0.34379797979798
"2728",0.0388686868686869,0.108353535353535,0.108353535353535,0.255414141414141,0.506
"2729",0.0408989898989899,0.191111111111111,0.191111111111111,0.191111111111111,0.502787878787879
"2730",0.042979797979798,0.192454545454545,0.248989898989899,0.307434343434343,NA
"2731",0.0992121212121212,0.0992121212121212,0.0992121212121212,0.0992121212121212,0.319181818181818
"2732",0.091979797979798,0.091979797979798,0.091979797979798,0.357353535353535,0.357353535353535
"2733",0.0463737373737374,0.0596767676767677,0.118989898989899,0.277,0.277
"2734",0.0788383838383838,0.0788383838383838,0.196636363636364,0.403323232323232,0.403848484848485
"2735",0.0430909090909091,0.168767676767677,0.179161616161616,0.356636363636364,0.456272727272727
"2736",0.0518383838383838,0.0518383838383838,0.120212121212121,0.120212121212121,0.505040404040404
"2737",0.0901616161616162,0.0927979797979798,0.0927979797979798,0.346818181818182,0.346828282828283
"2738",0.0506161616161616,0.0506161616161616,0.223020202020202,0.223020202020202,0.388717171717172
"2739",0.100727272727273,0.100727272727273,0.180121212121212,0.184424242424242,0.288606060606061
"2740",0.0369292929292929,0.0445353535353535,0.192050505050505,0.192050505050505,0.406282828282828
"2741",0.0632020202020202,0.0794949494949495,0.216555555555556,0.216555555555556,0.459212121212121
"2742",0.116939393939394,0.116939393939394,0.116989898989899,0.350474747474747,0.507424242424242
"2743",0.0680707070707071,0.0888686868686869,0.155030303030303,0.197060606060606,0.454919191919192
"2744",0.0696666666666667,0.122020202020202,0.261020202020202,0.261050505050505,0.261050505050505
"2745",0.0904040404040404,0.0914646464646465,0.316444444444444,0.316444444444444,0.51449494949495
"2746",0.0547474747474748,0.0547474747474748,0.400020202020202,0.400020202020202,0.412090909090909
"2747",0.0693636363636364,0.0693636363636364,0.146656565656566,0.17710101010101,0.623888888888889
"2748",0.0455656565656566,0.0455656565656566,0.17549494949495,0.17549494949495,0.278333333333333
"2749",0.109181818181818,0.109181818181818,0.286565656565657,0.286565656565657,NA
"2750",0.0595959595959596,0.0595959595959596,0.293707070707071,0.317282828282828,0.317282828282828
"2751",0.100323232323232,0.100484848484848,0.142585858585859,0.142585858585859,0.536040404040404
"2752",0.0514949494949495,0.124969696969697,0.195070707070707,0.376393939393939,NA
"2753",0.0994343434343434,0.0994343434343434,0.10030303030303,0.10030303030303,NA
"2754",0.0462929292929293,0.0536464646464647,0.132565656565657,0.272454545454545,NA
"2755",0.140969696969697,0.140969696969697,0.236636363636364,0.241474747474747,0.241474747474747
"2756",0.0377373737373737,0.0941111111111111,0.0957575757575758,0.111888888888889,0.276
"2757",0.0721111111111111,0.136020202020202,0.207505050505051,0.444282828282828,0.45289898989899
"2758",0.113383838383838,0.191626262626263,0.191626262626263,0.191626262626263,0.455242424242424
"2759",0.0379191919191919,0.0815757575757576,0.16489898989899,0.282444444444444,NA
"2760",0.0783030303030303,0.0783030303030303,0.122272727272727,0.122272727272727,0.596474747474747
"2761",0.0575454545454546,0.16569696969697,0.16569696969697,0.207878787878788,0.387929292929293
"2762",0.124313131313131,0.124313131313131,0.125606060606061,0.125606060606061,0.380151515151515
"2763",0.058,0.0801414141414142,0.243171717171717,0.243171717171717,0.654363636363636
"2764",0.072979797979798,0.0953232323232323,0.379313131313131,0.406949494949495,0.406949494949495
"2765",0.0447979797979798,0.0447979797979798,0.139858585858586,0.211909090909091,0.55350505050505
"2766",0.0716868686868687,0.0725959595959596,0.27049494949495,0.27049494949495,NA
"2767",0.0801616161616162,0.213282828282828,0.213282828282828,0.412737373737374,NA
"2768",0.0452424242424242,0.0787373737373737,0.306414141414141,0.306414141414141,0.427767676767677
"2769",0.0542525252525253,0.0868585858585859,0.205777777777778,0.248848484848485,NA
"2770",0.0414444444444445,0.0555252525252525,0.232545454545455,0.255414141414141,0.555959595959596
"2771",0.093010101010101,0.0936060606060606,0.0938282828282828,0.215191919191919,0.299666666666667
"2772",0.064030303030303,0.064030303030303,0.331747474747475,0.331747474747475,0.331747474747475
"2773",0.0669292929292929,0.0669292929292929,0.289686868686869,0.289686868686869,0.289686868686869
"2774",0.0851818181818182,0.0851818181818182,0.267676767676768,0.267676767676768,0.504282828282828
"2775",0.178666666666667,0.178666666666667,0.293383838383838,0.293383838383838,0.454979797979798
"2776",0.0404949494949495,0.216111111111111,0.216111111111111,0.216111111111111,0.456262626262626
"2777",0.0884545454545455,0.0884545454545455,0.114131313131313,0.114131313131313,0.253757575757576
"2778",0.132242424242424,0.157363636363636,0.364111111111111,0.391585858585859,NA
"2779",0.0924040404040404,0.0924040404040404,0.141333333333333,0.141333333333333,0.329060606060606
"2780",0.0467474747474748,0.124444444444444,0.28479797979798,0.28479797979798,0.28479797979798
"2781",0.0513838383838384,0.171212121212121,0.222676767676768,0.228838383838384,0.545090909090909
"2782",0.0930606060606061,0.0930606060606061,0.129282828282828,0.129282828282828,0.355818181818182
"2783",0.0614848484848485,0.0614848484848485,0.278393939393939,0.278393939393939,0.284979797979798
"2784",0.109919191919192,0.109969696969697,0.194090909090909,0.355747474747475,0.390767676767677
"2785",0.110383838383838,0.170020202020202,0.170020202020202,0.170020202020202,0.251979797979798
"2786",0.0738181818181818,0.0738585858585859,0.249212121212121,NA,NA
"2787",0.141424242424242,0.141424242424242,0.379868686868687,0.380464646464647,0.380464646464647
"2788",0.0603535353535354,0.0758484848484849,0.441444444444444,0.441444444444444,0.684636363636364
"2789",0.053969696969697,0.151141414141414,0.274888888888889,0.275080808080808,0.311282828282828
"2790",0.0701414141414141,0.0701414141414141,0.198646464646465,0.352151515151515,0.630575757575758
"2791",0.0614141414141414,0.0772121212121212,0.184919191919192,0.184919191919192,0.454888888888889
"2792",0.038030303030303,0.0982929292929293,0.0982929292929293,0.0982929292929293,0.307434343434343
"2793",0.0483737373737374,0.0523131313131313,0.132474747474747,0.300686868686869,0.460050505050505
"2794",0.0658686868686869,0.209818181818182,0.209818181818182,0.31230303030303,0.499090909090909
"2795",0.0496969696969697,0.0583737373737374,0.136808080808081,0.136808080808081,NA
"2796",0.0451616161616162,0.100090909090909,0.210818181818182,0.210818181818182,NA
"2797",0.0625858585858586,0.0625858585858586,0.250393939393939,0.417777777777778,0.68720202020202
"2798",0.0684545454545455,0.268646464646465,0.268646464646465,0.268646464646465,0.589313131313131
"2799",0.109282828282828,0.152555555555556,0.167747474747475,0.428393939393939,0.505090909090909
"2800",0.147070707070707,0.17849494949495,0.304606060606061,0.487888888888889,0.488212121212121
"2801",0.0467676767676768,0.124535353535354,0.302191919191919,0.328565656565657,0.51649494949495
"2802",0.122232323232323,0.195747474747475,0.294030303030303,0.294040404040404,0.294040404040404
"2803",0.0448181818181818,0.0642929292929293,0.213131313131313,0.213131313131313,0.225393939393939
"2804",0.161858585858586,0.161858585858586,0.171757575757576,0.237737373737374,0.328444444444444
"2805",0.0483030303030303,0.232333333333333,0.288040404040404,0.288040404040404,0.288040404040404
"2806",0.065939393939394,0.065939393939394,0.209575757575758,0.317909090909091,0.595606060606061
"2807",0.0474646464646465,0.0891313131313131,0.28340404040404,0.28340404040404,0.410484848484849
"2808",0.0596666666666667,0.0596666666666667,0.157060606060606,0.239636363636364,0.259343434343434
"2809",0.0504949494949495,0.0504949494949495,0.280868686868687,0.280868686868687,0.397272727272727
"2810",0.160616161616162,0.160616161616162,0.225656565656566,0.225656565656566,0.226191919191919
"2811",0.0372424242424242,0.0476969696969697,0.245313131313131,NA,NA
"2812",0.0674949494949495,0.0674949494949495,0.21240404040404,0.21240404040404,0.216454545454545
"2813",0.052010101010101,0.052010101010101,0.199777777777778,0.199777777777778,0.278858585858586
"2814",0.0551919191919192,0.0764343434343434,0.315646464646465,0.315646464646465,0.373020202020202
"2815",0.0692626262626263,0.121767676767677,0.345646464646465,0.345646464646465,0.534272727272727
"2816",0.0549292929292929,0.0549292929292929,0.107565656565657,0.193444444444444,0.347474747474747
"2817",0.173939393939394,0.173939393939394,0.174979797979798,0.183161616161616,0.202060606060606
"2818",0.0381515151515152,0.174010101010101,0.195515151515152,0.195515151515152,0.508585858585859
"2819",0.0775454545454546,0.152737373737374,0.243747474747475,0.243747474747475,0.704606060606061
"2820",0.0602929292929293,0.0602929292929293,0.292828282828283,0.292828282828283,0.711292929292929
"2821",0.0457979797979798,0.0531515151515152,0.234555555555556,0.284070707070707,0.292393939393939
"2822",0.152292929292929,0.152292929292929,0.245060606060606,0.245060606060606,0.245060606060606
"2823",0.110989898989899,0.110989898989899,0.276393939393939,0.339747474747475,0.339767676767677
"2824",0.0975050505050505,0.0975555555555556,0.186888888888889,0.259292929292929,0.359272727272727
"2825",0.0613333333333333,0.294737373737374,0.294737373737374,0.34389898989899,NA
"2826",0.15979797979798,0.15979797979798,0.191676767676768,0.191676767676768,NA
"2827",0.0594141414141414,0.0594141414141414,0.0993737373737374,0.0993737373737374,0.276959595959596
"2828",0.117313131313131,0.117313131313131,0.194414141414141,0.357454545454545,0.39
"2829",0.0607171717171717,0.152979797979798,0.276383838383838,0.288636363636364,0.542373737373737
"2830",0.0917979797979798,0.0917979797979798,0.117333333333333,0.117333333333333,0.346919191919192
"2831",0.146010101010101,0.146010101010101,0.149747474747475,0.252050505050505,0.409838383838384
"2832",0.0817676767676768,0.0817676767676768,0.0817676767676768,NA,NA
"2833",0.16940404040404,0.16940404040404,0.16940404040404,0.455010101010101,0.546313131313131
"2834",0.0472424242424242,0.0765151515151515,0.0884949494949495,0.346626262626263,0.346626262626263
"2835",0.0446767676767677,0.0446767676767677,0.245020202020202,0.245020202020202,NA
"2836",0.0377878787878788,0.0570909090909091,0.0570909090909091,0.216252525252525,0.321020202020202
"2837",0.047989898989899,0.047989898989899,0.321909090909091,0.322030303030303,0.550292929292929
"2838",0.0975656565656566,0.0975656565656566,0.201474747474748,0.201474747474748,0.503393939393939
"2839",0.0583636363636364,0.0583636363636364,0.0583636363636364,0.157343434343434,0.257262626262626
"2840",0.0565858585858586,0.168383838383838,0.168383838383838,0.21569696969697,0.350070707070707
"2841",0.0958888888888889,0.0958888888888889,0.212454545454545,0.212454545454545,0.500444444444444
"2842",0.0568585858585859,0.0568585858585859,0.221383838383838,0.240939393939394,0.43510101010101
"2843",0.0534646464646465,0.0802424242424243,0.297909090909091,0.327080808080808,0.417353535353535
"2844",0.121161616161616,0.121161616161616,0.296787878787879,0.362535353535354,0.539888888888889
"2845",0.0690909090909091,0.0782626262626263,0.157171717171717,0.244292929292929,0.358717171717172
"2846",0.0523232323232323,0.0623434343434343,0.0837979797979798,0.0837979797979798,0.507717171717172
"2847",0.0512828282828283,0.0558484848484849,0.278878787878788,0.278878787878788,0.278878787878788
"2848",0.0458787878787879,0.054,0.220888888888889,0.220888888888889,0.311585858585859
"2849",0.0602424242424243,0.126747474747475,0.30549494949495,0.30549494949495,NA
"2850",0.0363232323232323,0.126333333333333,0.126333333333333,0.230373737373737,0.304343434343434
"2851",0.0506363636363636,0.076,0.165989898989899,0.175717171717172,0.352979797979798
"2852",0.0521010101010101,0.141585858585859,0.285727272727273,NA,NA
"2853",0.152444444444444,0.152444444444444,0.318757575757576,0.356030303030303,0.419393939393939
"2854",0.051959595959596,0.0904141414141414,0.188373737373737,0.189444444444444,0.469262626262626
"2855",0.0456767676767677,0.0456767676767677,0.0456767676767677,0.288939393939394,0.289848484848485
"2856",0.0422424242424242,0.0565656565656566,0.219787878787879,0.276373737373737,0.556777777777778
"2857",0.0485454545454546,0.0784040404040404,0.233171717171717,0.233171717171717,0.233181818181818
"2858",0.0574545454545455,0.0574545454545455,0.0574545454545455,0.19759595959596,0.351151515151515
"2859",0.0683535353535354,0.0683535353535354,0.205646464646465,0.206606060606061,0.357686868686869
"2860",0.126727272727273,0.126727272727273,0.146111111111111,0.146111111111111,0.146111111111111
"2861",0.0909292929292929,0.0909292929292929,0.198434343434343,0.207888888888889,0.604131313131313
"2862",0.0425656565656566,0.0425656565656566,0.0812222222222222,0.0812222222222222,0.507767676767677
"2863",0.0545454545454545,0.0545454545454545,0.353161616161616,0.390212121212121,0.390212121212121
"2864",0.0458484848484849,0.0458484848484849,0.232080808080808,0.238878787878788,0.366979797979798
"2865",0.13220202020202,0.13220202020202,0.156616161616162,0.319616161616162,0.548393939393939
"2866",0.150828282828283,0.180141414141414,0.332070707070707,0.332131313131313,0.591444444444445
"2867",0.073949494949495,0.187787878787879,0.231707070707071,0.231707070707071,0.409575757575758
"2868",0.069030303030303,0.069030303030303,0.243313131313131,0.243313131313131,0.510252525252525
"2869",0.120757575757576,0.120757575757576,0.172777777777778,0.327767676767677,0.456505050505051
"2870",0.10389898989899,0.10389898989899,0.188545454545455,0.188545454545455,NA
"2871",0.039979797979798,0.0535353535353535,0.270232323232323,0.270232323232323,0.270232323232323
"2872",0.045030303030303,0.0910606060606061,0.515131313131313,NA,NA
"2873",0.0602828282828283,0.111646464646465,0.233565656565657,0.233565656565657,0.394292929292929
"2874",0.0457171717171717,0.223464646464646,0.323868686868687,0.323868686868687,0.384171717171717
"2875",0.0884343434343434,0.172828282828283,0.21049494949495,0.231020202020202,0.445323232323232
"2876",0.0552626262626263,0.0676060606060606,0.269828282828283,0.269868686868687,0.371454545454545
"2877",0.189131313131313,0.189131313131313,0.317808080808081,NA,NA
"2878",0.0384646464646465,0.055,0.055,0.127535353535354,0.149434343434343
"2879",0.0702828282828283,0.0702828282828283,0.0748080808080808,0.325343434343434,0.473131313131313
"2880",0.195151515151515,0.195151515151515,0.195868686868687,0.195868686868687,0.411989898989899
"2881",0.0848686868686869,0.0848686868686869,0.133757575757576,0.258565656565657,0.370505050505051
"2882",0.0924949494949495,0.311090909090909,0.347656565656566,0.347656565656566,NA
"2883",0.185323232323232,0.185323232323232,0.320191919191919,0.320191919191919,0.515676767676768
"2884",0.0383737373737374,0.0817676767676768,0.0817676767676768,0.154373737373737,0.443151515151515
"2885",0.127545454545455,0.241343434343434,0.243606060606061,0.243606060606061,0.686525252525253
"2886",0.0977676767676768,0.0977676767676768,0.194656565656566,0.194656565656566,0.361313131313131
"2887",0.0361818181818182,0.15310101010101,0.298060606060606,0.298090909090909,0.29820202020202
"2888",0.0480909090909091,0.0480909090909091,0.312161616161616,0.378505050505051,NA
"2889",0.0476767676767677,0.107484848484848,0.19679797979798,0.19679797979798,0.407151515151515
"2890",0.0415151515151515,0.0554949494949495,0.169646464646465,0.39959595959596,0.39959595959596
"2891",0.0541010101010101,0.0541010101010101,0.320090909090909,0.320090909090909,0.642464646464647
"2892",0.0347171717171717,0.0442424242424242,0.170989898989899,NA,NA
"2893",0.0438181818181818,0.130414141414141,0.130414141414141,0.185393939393939,NA
"2894",0.0546666666666667,0.0727979797979798,0.42140404040404,0.42140404040404,0.42140404040404
"2895",0.0490808080808081,0.0533838383838384,0.14379797979798,0.14379797979798,0.319919191919192
"2896",0.0776565656565657,0.156606060606061,0.329525252525253,0.329525252525253,0.401585858585859
"2897",0.0434646464646465,0.227575757575758,0.237959595959596,0.294242424242424,NA
"2898",0.0672828282828283,0.0672828282828283,0.0672828282828283,0.239151515151515,0.424030303030303
"2899",0.0641717171717172,0.26049494949495,0.468393939393939,0.473363636363636,0.473363636363636
"2900",0.0473030303030303,0.0725757575757576,0.237737373737374,0.237737373737374,0.359474747474748
"2901",0.126878787878788,0.136010101010101,0.136010101010101,0.180232323232323,0.180232323232323
"2902",0.0377676767676768,0.0681717171717172,0.0681818181818182,0.194171717171717,NA
"2903",0.102272727272727,0.102272727272727,0.229474747474747,0.229474747474747,0.249575757575758
"2904",0.0542121212121212,0.0542121212121212,0.271262626262626,0.271262626262626,0.271262626262626
"2905",0.11249494949495,0.137282828282828,0.307616161616162,0.338333333333333,NA
"2906",0.0498989898989899,0.0498989898989899,0.477242424242424,0.48789898989899,0.48789898989899
"2907",0.0754242424242424,0.259888888888889,0.259888888888889,0.296282828282828,0.428353535353535
"2908",0.0838585858585859,0.0916565656565657,0.0916565656565657,0.0916565656565657,0.548151515151515
"2909",0.0601010101010101,0.0605555555555556,0.0856363636363636,NA,NA
"2910",0.056010101010101,0.104808080808081,0.211040404040404,0.211282828282828,0.221848484848485
"2911",0.0668080808080808,0.170464646464646,0.295828282828283,0.322070707070707,0.504272727272727
"2912",0.0683838383838384,0.142151515151515,0.184343434343434,0.248272727272727,0.248272727272727
"2913",0.161030303030303,0.161030303030303,0.213777777777778,0.213777777777778,0.213777777777778
"2914",0.0589090909090909,0.257292929292929,0.257292929292929,0.257292929292929,0.697333333333333
"2915",0.0468989898989899,0.0895050505050505,0.0895050505050505,0.28440404040404,0.507838383838384
"2916",0.0583838383838384,0.176747474747475,0.291353535353535,0.291353535353535,0.376727272727273
"2917",0.0769292929292929,0.0769292929292929,0.217363636363636,0.221414141414141,NA
"2918",0.15679797979798,0.157868686868687,0.161070707070707,0.182474747474747,0.182474747474747
"2919",0.0578989898989899,0.0578989898989899,0.27079797979798,0.27079797979798,0.272424242424242
"2920",0.179,0.179,0.273949494949495,0.273949494949495,0.273949494949495
"2921",0.0497676767676768,0.278555555555556,0.299535353535354,0.299535353535354,0.359313131313131
"2922",0.13530303030303,0.13530303030303,0.142262626262626,0.142262626262626,0.470131313131313
"2923",0.0450707070707071,0.0527777777777778,0.246272727272727,0.253333333333333,0.435282828282828
"2924",0.0522222222222222,0.0783939393939394,0.25340404040404,0.25340404040404,0.320050505050505
"2925",0.0668686868686869,0.0668686868686869,0.122131313131313,0.208919191919192,0.208919191919192
"2926",0.0501111111111111,0.0964545454545455,0.0964545454545455,0.0964545454545455,NA
"2927",0.0513131313131313,0.221606060606061,0.33040404040404,0.33040404040404,0.360555555555556
"2928",0.0582727272727273,0.209121212121212,0.273474747474747,0.273474747474747,0.408656565656566
"2929",0.111535353535354,0.151575757575758,0.151575757575758,0.254161616161616,0.29579797979798
"2930",0.0542020202020202,0.0542020202020202,0.225484848484849,0.225484848484849,0.314616161616162
"2931",0.0500606060606061,0.0661717171717172,0.0986161616161616,0.296717171717172,0.694444444444445
"2932",0.069010101010101,0.069010101010101,0.382717171717172,0.382717171717172,0.382717171717172
"2933",0.0989292929292929,0.0989292929292929,0.299616161616162,0.299868686868687,0.299868686868687
"2934",0.0437070707070707,0.120636363636364,0.120636363636364,0.251070707070707,0.292515151515152
"2935",0.0595353535353535,0.0595353535353535,0.182313131313131,0.249080808080808,0.371424242424242
"2936",0.0673838383838384,0.176616161616162,0.176616161616162,0.176646464646465,NA
"2937",0.0506464646464646,0.0764848484848485,0.213060606060606,0.213060606060606,0.273505050505051
"2938",0.144636363636364,0.144636363636364,0.312141414141414,0.349606060606061,0.50130303030303
"2939",0.0671515151515152,0.0826363636363636,0.0826363636363636,0.104484848484848,0.701050505050505
"2940",0.0529292929292929,0.0616565656565657,0.0616565656565657,0.0844949494949495,0.607313131313131
"2941",0.051040404040404,0.051040404040404,0.317777777777778,0.317777777777778,NA
"2942",0.0634646464646465,0.0634646464646465,0.210878787878788,0.22940404040404,0.279484848484849
"2943",0.0428080808080808,0.138454545454545,0.194222222222222,0.264151515151515,NA
"2944",0.0791919191919192,0.122888888888889,0.158313131313131,0.158313131313131,0.159888888888889
"2945",0.0767373737373737,0.0767373737373737,0.0767373737373737,0.25910101010101,0.300616161616162
"2946",0.128141414141414,0.142616161616162,0.171969696969697,0.315484848484849,0.552444444444445
"2947",0.0484747474747475,0.0788686868686869,0.308606060606061,0.308606060606061,0.308606060606061
"2948",0.154212121212121,0.337222222222222,0.338626262626263,0.37320202020202,0.567080808080808
"2949",0.0810606060606061,0.116313131313131,0.396636363636364,0.396636363636364,0.396636363636364
"2950",0.0546767676767677,0.0546767676767677,0.0989292929292929,0.0989292929292929,0.256828282828283
"2951",0.0614848484848485,0.0773131313131313,0.278373737373737,0.278373737373737,0.428565656565657
"2952",0.0909090909090909,0.0909090909090909,0.0909090909090909,0.0909090909090909,0.501414141414141
"2953",0.0838989898989899,0.0838989898989899,0.103181818181818,0.271575757575758,0.502575757575758
"2954",0.129515151515152,0.129515151515152,0.131111111111111,0.319878787878788,0.390929292929293
"2955",0.0484040404040404,0.171010101010101,0.171030303030303,0.225121212121212,0.405242424242424
"2956",0.0443636363636364,0.0473636363636364,0.171979797979798,0.443343434343434,0.50610101010101
"2957",0.157222222222222,0.157222222222222,0.157222222222222,0.258545454545455,0.509575757575758
"2958",0.115272727272727,0.177707070707071,0.297939393939394,0.682262626262626,0.692828282828283
"2959",0.0563131313131313,0.0563131313131313,0.0619393939393939,0.203878787878788,NA
"2960",0.0765959595959596,0.157414141414141,0.157414141414141,0.405777777777778,0.406343434343434
"2961",0.106292929292929,0.203373737373737,0.203373737373737,0.227151515151515,0.237757575757576
"2962",0.0538888888888889,0.14269696969697,0.14269696969697,0.14269696969697,0.177090909090909
"2963",0.0805959595959596,0.0806464646464646,0.211939393939394,0.211939393939394,0.562727272727273
"2964",0.0727979797979798,0.0727979797979798,0.266777777777778,0.270414141414141,0.425030303030303
"2965",0.0553737373737374,0.0553737373737374,0.0553737373737374,0.449676767676768,0.460151515151515
"2966",0.0588383838383838,0.101979797979798,0.312646464646465,0.312646464646465,0.355646464646465
"2967",0.0442323232323232,0.171969696969697,0.264707070707071,0.264707070707071,0.285323232323232
"2968",0.0463535353535354,0.0537878787878788,0.162989898989899,0.198535353535354,NA
"2969",0.0451313131313131,0.0785454545454546,0.354313131313131,0.354313131313131,0.38240404040404
"2970",0.0599191919191919,0.0743030303030303,0.0751919191919192,0.139070707070707,0.215585858585859
"2971",0.0923838383838384,0.0924040404040404,0.196666666666667,0.209232323232323,0.328353535353535
"2972",0.0642525252525253,0.10979797979798,0.138030303030303,0.214858585858586,0.425646464646465
"2973",0.0597070707070707,0.0845454545454545,0.141333333333333,0.195787878787879,0.195787878787879
"2974",0.0854949494949495,0.257161616161616,0.257161616161616,0.277171717171717,0.304262626262626
"2975",0.160070707070707,0.160070707070707,0.259535353535354,0.259535353535354,0.323555555555556
"2976",0.0600606060606061,0.129777777777778,0.261141414141414,0.261161616161616,0.285191919191919
"2977",0.0547979797979798,0.168141414141414,0.249505050505051,0.282868686868687,0.356585858585859
"2978",0.0672020202020202,0.0672020202020202,0.0798787878787879,0.294787878787879,0.294787878787879
"2979",0.105585858585859,0.141737373737374,0.303505050505051,0.303515151515152,0.328484848484848
"2980",0.0549090909090909,0.273949494949495,0.306838383838384,0.306838383838384,0.414232323232323
"2981",0.0581717171717172,0.0581717171717172,0.269121212121212,0.269121212121212,0.537555555555556
"2982",0.11620202020202,0.11620202020202,0.351757575757576,0.366313131313131,0.581070707070707
"2983",0.121555555555556,0.121555555555556,0.31920202020202,0.31920202020202,0.332151515151515
"2984",0.0855555555555556,0.0893838383838384,0.153545454545455,0.379050505050505,0.413363636363636
"2985",0.0487979797979798,0.0757575757575758,0.0757575757575758,0.259424242424242,0.51089898989899
"2986",0.0423737373737374,0.0582424242424242,0.125313131313131,0.330858585858586,0.330888888888889
"2987",0.055040404040404,0.141131313131313,0.213030303030303,0.273757575757576,0.421757575757576
"2988",0.0923131313131313,0.126333333333333,0.260929292929293,0.260929292929293,0.290777777777778
"2989",0.0626363636363636,0.0697979797979798,0.318484848484849,0.318484848484849,0.355090909090909
"2990",0.042969696969697,0.0869393939393939,0.399626262626263,0.407505050505051,0.407505050505051
"2991",0.0524949494949495,0.056949494949495,0.143575757575758,0.286151515151515,0.441030303030303
"2992",0.104838383838384,0.104838383838384,0.104838383838384,0.113020202020202,0.113020202020202
"2993",0.0591212121212121,0.0655757575757576,0.18720202020202,0.18720202020202,NA
"2994",0.0505555555555556,0.0505555555555556,0.226636363636364,0.343636363636364,0.621242424242424
"2995",0.0348383838383838,0.0526060606060606,0.129959595959596,0.509272727272727,NA
"2996",0.0444545454545455,0.162121212121212,0.297282828282828,0.38189898989899,NA
"2997",0.0735454545454546,0.189191919191919,0.346323232323232,0.392585858585859,0.453363636363636
"2998",0.0606060606060606,0.074,0.0867070707070707,0.0867070707070707,0.304888888888889
"2999",0.0640505050505051,0.157121212121212,0.166616161616162,0.166616161616162,0.196828282828283
"3000",0.212121212121212,0.236858585858586,0.242666666666667,0.242666666666667,0.56579797979798
"3001",0.0615151515151515,0.0615151515151515,0.176616161616162,0.219252525252525,0.33010101010101
"3002",0.0613737373737374,0.0613737373737374,0.170656565656566,0.19740404040404,0.504212121212121
"3003",0.174030303030303,0.234959595959596,0.38779797979798,0.39059595959596,0.416828282828283
"3004",0.0374646464646465,0.155505050505051,0.155787878787879,0.155787878787879,0.356191919191919
"3005",0.0977373737373737,0.0990404040404041,0.123979797979798,0.19749494949495,0.419434343434343
"3006",0.129525252525253,0.129525252525253,0.130929292929293,0.130929292929293,NA
"3007",0.0528181818181818,0.0705757575757576,0.158252525252525,0.258565656565657,0.359050505050505
"3008",0.0491515151515152,0.0491515151515152,0.197909090909091,0.255969696969697,0.618272727272727
"3009",0.0833636363636364,0.209535353535354,0.440141414141414,0.440141414141414,0.449343434343434
"3010",0.0815353535353535,0.148232323232323,0.220838383838384,0.220838383838384,0.230020202020202
"3011",0.054010101010101,0.187575757575758,0.235363636363636,0.235363636363636,0.241919191919192
"3012",0.0531616161616162,0.0531616161616162,0.25440404040404,0.25440404040404,0.356323232323232
"3013",0.063959595959596,0.13310101010101,0.242686868686869,0.242686868686869,0.367040404040404
"3014",0.093949494949495,0.093949494949495,0.209919191919192,0.209919191919192,0.299393939393939
"3015",0.037030303030303,0.0737272727272727,0.0737272727272727,0.349,0.501040404040404
"3016",0.0756868686868687,0.0756868686868687,0.425535353535354,0.425535353535354,0.425747474747475
"3017",0.0495151515151515,0.0745353535353535,0.200848484848485,0.200848484848485,0.378979797979798
"3018",0.0465555555555556,0.0465555555555556,0.213858585858586,0.213858585858586,0.213858585858586
"3019",0.0324444444444444,0.0768282828282828,0.181222222222222,0.181222222222222,NA
"3020",0.159727272727273,0.159727272727273,0.159727272727273,0.159727272727273,0.689747474747475
"3021",0.0977474747474747,0.0977474747474747,0.181262626262626,0.500171717171717,0.563141414141414
"3022",0.141777777777778,0.141787878787879,0.258606060606061,0.340676767676768,0.340707070707071
"3023",0.0772222222222222,0.0772222222222222,0.285777777777778,0.286565656565657,0.41359595959596
"3024",0.0968484848484849,0.0968484848484849,0.194565656565657,0.311505050505051,0.311505050505051
"3025",0.108131313131313,0.108141414141414,0.283535353535354,0.318010101010101,0.355181818181818
"3026",0.100323232323232,0.103474747474747,0.109414141414141,0.109414141414141,0.504262626262626
"3027",0.0771616161616162,0.142474747474747,0.201151515151515,0.285383838383838,0.458737373737374
"3028",0.052979797979798,0.0649090909090909,0.277555555555556,0.277555555555556,0.277555555555556
"3029",0.0990505050505051,0.0990505050505051,0.225080808080808,0.225080808080808,0.781474747474748
"3030",0.0687070707070707,0.16840404040404,0.186606060606061,0.186606060606061,0.186606060606061
"3031",0.0421616161616162,0.0564040404040404,0.351161616161616,0.38520202020202,NA
"3032",0.0606060606060606,0.0971818181818182,0.128828282828283,0.128828282828283,0.500929292929293
"3033",0.164878787878788,0.17510101010101,0.253929292929293,0.323838383838384,0.504676767676768
"3034",0.0464848484848485,0.0464848484848485,0.331323232323232,0.400313131313131,0.63769696969697
"3035",0.0494848484848485,0.0494848484848485,0.121080808080808,0.121080808080808,0.183070707070707
"3036",0.0352929292929293,0.0433131313131313,0.0640606060606061,0.351010101010101,NA
"3037",0.0676767676767677,0.0744040404040404,0.206989898989899,0.217414141414141,0.230131313131313
"3038",0.126343434343434,0.190858585858586,0.190858585858586,0.408272727272727,0.535464646464647
"3039",0.0688383838383838,0.199282828282828,0.247686868686869,0.247686868686869,0.247707070707071
"3040",0.0783636363636364,0.0783636363636364,0.0971616161616162,0.218535353535354,0.403282828282828
"3041",0.113717171717172,0.218919191919192,0.219040404040404,0.219040404040404,0.219040404040404
"3042",0.0972222222222222,0.0990606060606061,0.253919191919192,0.253919191919192,0.253919191919192
"3043",0.0583131313131313,0.177252525252525,0.330060606060606,0.330060606060606,0.401313131313131
"3044",0.0374040404040404,0.116767676767677,0.150555555555556,0.390363636363636,NA
"3045",0.0758888888888889,0.169787878787879,0.225909090909091,0.225909090909091,0.552343434343434
"3046",0.16130303030303,0.16130303030303,0.16130303030303,0.161808080808081,0.348373737373737
"3047",0.0565959595959596,0.0565959595959596,0.127,0.127,0.127
"3048",0.0307474747474747,0.082939393939394,0.326727272727273,NA,NA
"3049",0.103323232323232,0.103323232323232,0.187676767676768,0.285878787878788,NA
"3050",0.0917777777777778,0.0929393939393939,0.221454545454545,0.221535353535354,0.256737373737374
"3051",0.107333333333333,0.107333333333333,0.223505050505051,0.223505050505051,0.293323232323232
"3052",0.0535353535353535,0.0535353535353535,0.0535353535353535,0.359515151515152,0.359515151515152
"3053",0.0586868686868687,0.0586868686868687,0.122838383838384,0.125434343434343,0.32149494949495
"3054",0.100070707070707,0.100070707070707,0.139323232323232,NA,NA
"3055",0.0596161616161616,0.230141414141414,0.234353535353535,0.675919191919192,0.675919191919192
"3056",0.0825050505050505,0.0825050505050505,0.358151515151515,0.358151515151515,0.358151515151515
"3057",0.135909090909091,0.135909090909091,0.20710101010101,0.20710101010101,NA
"3058",0.0826868686868687,0.0826868686868687,0.278505050505051,0.278505050505051,0.285040404040404
"3059",0.0345555555555556,0.0545353535353535,0.0545353535353535,0.340939393939394,0.342323232323232
"3060",0.0566060606060606,0.112323232323232,0.121959595959596,0.121959595959596,0.401222222222222
"3061",0.0524747474747475,0.0524747474747475,0.246484848484849,0.246484848484849,NA
"3062",0.0916767676767677,0.0919393939393939,0.0919393939393939,0.0924646464646465,0.406838383838384
"3063",0.106646464646465,0.106646464646465,0.241242424242424,0.241242424242424,0.241242424242424
"3064",0.0987171717171717,0.212535353535354,0.212535353535354,0.255373737373737,0.469666666666667
"3065",0.112161616161616,0.181151515151515,0.181151515151515,0.185939393939394,0.185939393939394
"3066",0.0415858585858586,0.0415858585858586,0.0790808080808081,0.295424242424242,0.418646464646465
"3067",0.035,0.0468585858585859,0.21589898989899,0.21589898989899,NA
"3068",0.121333333333333,0.228020202020202,0.231090909090909,0.257525252525253,0.380727272727273
"3069",0.0364242424242424,0.0405555555555556,0.153191919191919,0.216727272727273,0.453161616161616
"3070",0.0398585858585859,0.15140404040404,0.15140404040404,0.15140404040404,0.285676767676768
"3071",0.135020202020202,0.135020202020202,0.135020202020202,0.135020202020202,0.286565656565657
"3072",0.0601414141414141,0.0667373737373737,0.17310101010101,0.17310101010101,0.496747474747475
"3073",0.0884040404040404,0.0884040404040404,0.286515151515152,0.288868686868687,0.502929292929293
"3074",0.0458484848484849,0.0458484848484849,0.103282828282828,0.103282828282828,0.397545454545455
"3075",0.115131313131313,0.115131313131313,0.326787878787879,0.351606060606061,0.443030303030303
"3076",0.147828282828283,0.147828282828283,0.213909090909091,0.213929292929293,0.213929292929293
"3077",0.0744646464646465,0.0788787878787879,0.232444444444444,0.235373737373737,0.235373737373737
"3078",0.0466666666666667,0.0466666666666667,0.235777777777778,0.235777777777778,0.422464646464646
"3079",0.134929292929293,0.134929292929293,0.168828282828283,0.260969696969697,0.260969696969697
"3080",0.0485454545454546,0.0841212121212121,0.0841212121212121,0.179040404040404,0.179040404040404
"3081",0.0486666666666667,0.0628484848484848,0.187818181818182,0.187818181818182,0.235818181818182
"3082",0.091,0.091,0.220393939393939,0.224272727272727,NA
"3083",0.0672828282828283,0.129848484848485,0.270242424242424,0.278787878787879,0.394666666666667
"3084",0.205070707070707,0.205070707070707,0.338505050505051,0.338505050505051,0.338505050505051
"3085",0.0689393939393939,0.0777878787878788,0.325181818181818,0.325181818181818,0.366656565656566
"3086",0.0444646464646465,0.0772525252525253,0.274343434343434,0.318212121212121,0.582434343434344
"3087",0.075949494949495,0.112787878787879,0.183959595959596,0.232808080808081,0.395020202020202
"3088",0.0431919191919192,0.057979797979798,0.383616161616162,0.48840404040404,0.491010101010101
"3089",0.0480707070707071,0.0480707070707071,0.172878787878788,0.354525252525253,0.427454545454545
"3090",0.0725757575757576,0.187505050505051,0.243171717171717,0.243181818181818,0.243232323232323
"3091",0.0707474747474748,0.0707474747474748,0.196717171717172,0.196717171717172,0.461383838383838
"3092",0.125707070707071,0.135505050505051,0.175555555555556,0.175555555555556,0.431030303030303
"3093",0.0696363636363636,0.0696363636363636,0.112828282828283,0.254575757575758,0.392808080808081
"3094",0.11569696969697,0.115757575757576,0.115757575757576,0.115757575757576,0.748020202020202
"3095",0.131828282828283,0.131828282828283,0.141808080808081,0.16859595959596,0.375979797979798
"3096",0.0388686868686869,0.0551212121212121,0.139232323232323,0.139232323232323,0.497040404040404
"3097",0.106727272727273,0.162676767676768,0.279565656565657,0.279868686868687,NA
"3098",0.0685252525252525,0.0685252525252525,0.092949494949495,0.180111111111111,0.498747474747475
"3099",0.0552323232323232,0.0552323232323232,0.171242424242424,0.212686868686869,0.393717171717172
"3100",0.100262626262626,0.100262626262626,0.196858585858586,0.293414141414141,0.417131313131313
"3101",0.058989898989899,0.058989898989899,0.19189898989899,0.209838383838384,0.209838383838384
"3102",0.068040404040404,0.068040404040404,0.18920202020202,0.197242424242424,NA
"3103",0.0644646464646465,0.0644646464646465,0.292717171717172,0.367646464646465,0.409292929292929
"3104",0.145787878787879,0.145787878787879,0.145787878787879,0.156434343434343,0.324070707070707
"3105",0.169676767676768,0.169676767676768,0.281828282828283,0.281828282828283,0.28210101010101
"3106",0.0425959595959596,0.0535959595959596,0.117656565656566,0.117656565656566,0.312717171717172
"3107",0.0581818181818182,0.0954242424242424,0.139616161616162,NA,NA
"3108",0.0435050505050505,0.0435050505050505,0.167676767676768,0.337919191919192,NA
"3109",0.0823030303030303,0.0824040404040404,0.0950404040404041,0.142626262626263,0.397313131313131
"3110",0.108787878787879,0.108787878787879,0.280232323232323,0.563464646464647,NA
"3111",0.0547373737373737,0.0547373737373737,0.371333333333333,0.379959595959596,0.379959595959596
"3112",0.039969696969697,0.0625555555555556,0.169181818181818,0.169181818181818,0.298515151515152
"3113",0.135535353535354,0.135535353535354,0.173606060606061,0.304616161616162,0.441555555555556
"3114",0.0664141414141414,0.0664141414141414,0.173353535353535,0.173353535353535,0.238525252525253
"3115",0.0841717171717172,0.151979797979798,0.298858585858586,NA,NA
"3116",0.142363636363636,0.150222222222222,0.166515151515152,0.166515151515152,0.321252525252525
"3117",0.170343434343434,0.170343434343434,0.170343434343434,0.170343434343434,0.328444444444444
"3118",0.103414141414141,0.103414141414141,0.103414141414141,0.427030303030303,0.436606060606061
"3119",0.0406666666666667,0.075030303030303,0.100939393939394,0.100939393939394,0.549606060606061
"3120",0.0568484848484849,0.0568484848484849,0.189969696969697,0.203070707070707,0.277121212121212
"3121",0.0481818181818182,0.0481818181818182,0.234080808080808,0.234080808080808,0.23420202020202
"3122",0.0485959595959596,0.119030303030303,0.119030303030303,0.322222222222222,NA
"3123",0.0433232323232323,0.152878787878788,0.250080808080808,0.250080808080808,0.250080808080808
"3124",0.0578282828282828,0.240272727272727,0.29349494949495,0.29349494949495,0.435020202020202
"3125",0.0751515151515152,0.0758989898989899,0.0758989898989899,0.0766767676767677,0.400838383838384
"3126",0.0561414141414141,0.226121212121212,0.226121212121212,0.226676767676768,0.38459595959596
"3127",0.106010101010101,0.106030303030303,0.180272727272727,0.319828282828283,0.360464646464646
"3128",0.0613939393939394,0.0681919191919192,0.277090909090909,0.277090909090909,0.794535353535354
"3129",0.203070707070707,0.203070707070707,0.283010101010101,0.350969696969697,0.473151515151515
"3130",0.0437474747474748,0.150636363636364,0.188464646464646,0.188464646464646,0.494636363636364
"3131",0.0296565656565657,0.13820202020202,0.265515151515152,0.265515151515152,NA
"3132",0.0536565656565657,0.185242424242424,0.185242424242424,0.209464646464646,0.234040404040404
"3133",0.148858585858586,0.148858585858586,0.255636363636364,0.355545454545455,0.463181818181818
"3134",0.156323232323232,0.156323232323232,0.232070707070707,0.323717171717172,0.323717171717172
"3135",0.0672626262626263,0.133838383838384,0.133838383838384,0.229939393939394,0.501080808080808
"3136",0.105737373737374,0.105888888888889,0.325393939393939,0.325393939393939,0.618060606060606
"3137",0.0561919191919192,0.204808080808081,0.204828282828283,0.204828282828283,0.297353535353535
"3138",0.0585858585858586,0.0585858585858586,0.15410101010101,0.274525252525253,0.35159595959596
"3139",0.139828282828283,0.210979797979798,0.227060606060606,0.23349494949495,NA
"3140",0.0480909090909091,0.0564242424242424,0.241141414141414,0.250818181818182,NA
"3141",0.106333333333333,0.275454545454545,0.281787878787879,0.293424242424242,0.396131313131313
"3142",0.0932121212121212,0.0932121212121212,0.222616161616162,0.289575757575758,0.637444444444444
"3143",0.0458989898989899,0.154484848484849,0.295757575757576,0.295757575757576,0.327656565656566
"3144",0.0913333333333333,0.0913333333333333,0.253828282828283,0.283686868686869,NA
"3145",0.110282828282828,0.110282828282828,0.112505050505051,0.297434343434343,0.321979797979798
"3146",0.0464646464646465,0.159282828282828,0.207525252525253,0.207525252525253,0.207525252525253
"3147",0.0563131313131313,0.0563131313131313,0.142242424242424,0.155777777777778,0.456555555555556
"3148",0.0555252525252525,0.112040404040404,0.282727272727273,0.323959595959596,0.324232323232323
"3149",0.0608181818181818,0.0794444444444445,0.0794444444444445,0.140464646464646,0.253787878787879
"3150",0.0434646464646465,0.0756060606060606,0.183828282828283,0.184787878787879,0.371111111111111
"3151",0.0573131313131313,0.0573131313131313,0.134737373737374,0.430353535353535,0.495575757575758
"3152",0.0498383838383838,0.0498383838383838,0.263262626262626,0.263262626262626,0.263262626262626
"3153",0.0625858585858586,0.234585858585859,0.234585858585859,0.35330303030303,0.35330303030303
"3154",0.0705858585858586,0.108030303030303,0.268818181818182,0.269878787878788,0.69649494949495
"3155",0.0797272727272727,0.0797272727272727,0.179040404040404,0.179040404040404,0.496060606060606
"3156",0.0635050505050505,0.108292929292929,0.212666666666667,0.21430303030303,NA
"3157",0.0541212121212121,0.116939393939394,0.150373737373737,0.248878787878788,0.446949494949495
"3158",0.0533737373737374,0.080020202020202,0.257636363636364,0.257636363636364,0.259747474747475
"3159",0.0426464646464646,0.0963838383838384,0.15630303030303,0.15630303030303,NA
"3160",0.0373232323232323,0.0529090909090909,0.197363636363636,0.197363636363636,0.498505050505051
"3161",0.0616767676767677,0.10549494949495,0.241272727272727,0.384131313131313,0.50659595959596
"3162",0.0584141414141414,0.0712323232323232,0.156676767676768,0.428323232323232,0.615191919191919
"3163",0.0593838383838384,0.0593838383838384,0.171343434343434,0.378333333333333,0.751868686868687
"3164",NA,NA,NA,NA,NA
"3165",0.0492828282828283,0.0492828282828283,0.0949393939393939,0.0949393939393939,0.308919191919192
"3166",0.119828282828283,0.119828282828283,0.181444444444444,0.189858585858586,NA
"3167",0.0864747474747475,0.0864747474747475,0.238232323232323,0.238232323232323,0.595525252525253
"3168",0.0801414141414142,0.0801414141414142,0.172262626262626,0.172262626262626,0.215434343434343
"3169",0.106727272727273,0.106727272727273,0.111818181818182,0.257383838383838,0.569888888888889
"3170",0.12620202020202,0.12620202020202,0.253363636363636,0.258646464646465,0.258646464646465
"3171",0.0736969696969697,0.12889898989899,0.250959595959596,0.267383838383838,NA
"3172",0.116434343434343,0.116434343434343,0.254161616161616,0.263353535353535,NA
"3173",0.0455050505050505,0.0455050505050505,0.191848484848485,0.191848484848485,NA
"3174",0.175464646464646,0.177262626262626,0.189808080808081,0.189808080808081,0.287808080808081
"3175",0.109050505050505,0.109050505050505,0.207252525252525,0.222161616161616,0.615666666666667
"3176",0.0464242424242424,0.0464242424242424,0.196131313131313,0.196242424242424,0.196242424242424
"3177",0.0599191919191919,0.126616161616162,0.148646464646465,0.222050505050505,0.521292929292929
"3178",0.0758686868686869,0.139808080808081,0.139808080808081,0.230323232323232,0.346828282828283
"3179",0.0647575757575758,0.124363636363636,0.155151515151515,0.155151515151515,0.515707070707071
"3180",0.0556464646464647,0.155010101010101,0.304939393939394,0.304939393939394,0.304939393939394
"3181",0.184353535353535,0.195222222222222,0.195333333333333,0.195333333333333,NA
"3182",0.0405151515151515,0.0544646464646465,0.210191919191919,0.313757575757576,NA
"3183",0.0562727272727273,0.0619292929292929,0.206212121212121,0.206212121212121,0.329060606060606
"3184",0.0598686868686869,0.0598686868686869,0.195040404040404,0.447090909090909,0.782313131313131
"3185",0.104646464646465,0.171161616161616,0.244191919191919,0.244656565656566,0.24479797979798
"3186",0.115353535353535,0.184949494949495,0.281858585858586,0.281858585858586,0.308464646464646
"3187",0.0454545454545455,0.0454545454545455,0.0675757575757576,0.212555555555556,0.504131313131313
"3188",0.121484848484849,0.157121212121212,0.190353535353535,NA,NA
"3189",0.0412828282828283,0.0552323232323232,0.170505050505051,0.444080808080808,0.516626262626263
"3190",0.0627878787878788,0.0742222222222222,0.0742222222222222,0.309888888888889,0.547454545454546
"3191",0.0456666666666667,0.117454545454545,0.31140404040404,0.355444444444444,0.64879797979798
"3192",0.0594646464646465,0.211151515151515,0.230444444444444,0.230444444444444,0.348808080808081
"3193",0.0628080808080808,0.0628080808080808,0.229959595959596,0.253363636363636,0.396272727272727
"3194",0.060969696969697,0.0765858585858586,0.313535353535354,0.316888888888889,0.318232323232323
"3195",0.112030303030303,0.112030303030303,0.407292929292929,0.407292929292929,0.502373737373737
"3196",0.0821111111111111,0.0821111111111111,0.146666666666667,0.146666666666667,0.247626262626263
"3197",0.0531414141414141,0.0531414141414141,0.285575757575758,0.285575757575758,0.286080808080808
"3198",0.0465151515151515,0.123313131313131,0.197464646464646,0.197464646464646,0.595151515151515
"3199",0.0526868686868687,0.176010101010101,0.176010101010101,0.282363636363636,0.282363636363636
"3200",0.0427070707070707,0.0656262626262626,0.156070707070707,0.156070707070707,NA
"3201",0.0473636363636364,0.0473636363636364,0.183636363636364,0.183636363636364,0.183636363636364
"3202",0.0602222222222222,0.0602222222222222,0.337525252525253,0.337525252525253,0.338686868686869
"3203",0.0618181818181818,0.0618181818181818,0.202414141414141,0.484323232323232,0.484323232323232
"3204",0.098030303030303,0.098030303030303,0.27959595959596,0.27959595959596,0.688363636363636
"3205",0.0387878787878788,0.191575757575758,0.376383838383838,NA,NA
"3206",0.0574646464646465,0.0897070707070707,0.256646464646465,0.367646464646465,0.367646464646465
"3207",0.0612121212121212,0.120010101010101,0.182787878787879,0.281888888888889,0.420292929292929
"3208",0.0640404040404041,0.0640404040404041,0.0640404040404041,0.357707070707071,0.542626262626263
"3209",0.123535353535354,0.123535353535354,0.277222222222222,0.277222222222222,0.277222222222222
"3210",0.0577070707070707,0.0577070707070707,0.232313131313131,0.232313131313131,NA
"3211",0.0558888888888889,0.171373737373737,0.171757575757576,0.19530303030303,0.466787878787879
"3212",0.0575454545454546,0.15420202020202,0.155414141414141,0.271545454545455,NA
"3213",0.163292929292929,0.163292929292929,0.182858585858586,0.504575757575758,0.757888888888889
"3214",0.10840404040404,0.166141414141414,0.46989898989899,0.46989898989899,0.501767676767677
"3215",0.130858585858586,0.130858585858586,0.341878787878788,0.341878787878788,0.342171717171717
"3216",0.122393939393939,0.122393939393939,0.229363636363636,0.279565656565657,0.502343434343434
"3217",0.122909090909091,0.122909090909091,0.172626262626263,0.268373737373737,0.268373737373737
"3218",0.0932828282828283,0.0932828282828283,0.178181818181818,0.359171717171717,0.514787878787879
"3219",0.11579797979798,0.212575757575758,0.213111111111111,0.213111111111111,0.213111111111111
"3220",0.169717171717172,0.169717171717172,0.169717171717172,0.284828282828283,0.284828282828283
"3221",0.196020202020202,0.198343434343434,0.198343434343434,0.260828282828283,0.260828282828283
"3222",0.0502121212121212,0.0808484848484849,0.128737373737374,0.128737373737374,0.300454545454545
"3223",0.0592121212121212,0.0925555555555556,0.353848484848485,0.595393939393939,0.692464646464647
"3224",0.0727878787878788,0.0727878787878788,0.168424242424242,0.270353535353535,0.409020202020202
"3225",0.0458181818181818,0.133747474747475,0.342767676767677,0.342787878787879,NA
"3226",0.0537979797979798,0.0741515151515152,0.0741515151515152,0.150555555555556,0.547313131313131
"3227",0.0448181818181818,0.161494949494949,0.161494949494949,0.31640404040404,0.328222222222222
"3228",0.0569090909090909,0.0694646464646465,0.225787878787879,0.358020202020202,0.458191919191919
"3229",0.055949494949495,0.055949494949495,0.23279797979798,0.428787878787879,0.505838383838384
"3230",0.0585454545454546,0.137464646464646,0.271979797979798,0.271979797979798,0.322222222222222
"3231",0.0433535353535354,0.156606060606061,0.156737373737374,0.251757575757576,0.251757575757576
"3232",0.0841414141414141,0.0844343434343434,0.193878787878788,0.193878787878788,0.291838383838384
"3233",0.112888888888889,0.112888888888889,0.324747474747475,0.324747474747475,0.324747474747475
"3234",0.0655252525252525,0.248222222222222,0.251010101010101,0.40010101010101,0.40010101010101
"3235",0.044030303030303,0.216222222222222,0.235616161616162,0.448636363636364,0.448636363636364
"3236",0.0593939393939394,0.0593939393939394,0.116323232323232,0.160272727272727,0.449242424242424
"3237",0.107111111111111,0.361838383838384,0.362131313131313,0.362131313131313,0.371676767676768
"3238",0.0555151515151515,0.0818989898989899,0.0818989898989899,0.375505050505051,0.409070707070707
"3239",0.0532727272727273,0.0532727272727273,0.257242424242424,0.303363636363636,0.303363636363636
"3240",0.0434848484848485,0.0641212121212121,0.220535353535354,0.220545454545455,0.510060606060606
"3241",0.0652727272727273,0.208474747474747,0.208474747474747,0.407121212121212,0.407121212121212
"3242",0.116,0.116,0.227444444444444,0.227444444444444,0.656181818181818
"3243",0.0628181818181818,0.133121212121212,0.201444444444444,0.217575757575758,0.361141414141414
"3244",0.0747070707070707,0.15249494949495,0.268949494949495,0.270626262626263,0.50110101010101
"3245",0.143656565656566,0.143656565656566,0.143656565656566,0.143656565656566,0.501717171717172
"3246",0.0422323232323232,0.0528989898989899,0.154717171717172,0.154717171717172,0.276636363636364
"3247",0.0844040404040404,0.0844040404040404,0.15230303030303,0.342363636363636,0.360717171717172
"3248",0.117454545454545,0.117454545454545,0.206767676767677,0.206767676767677,0.299484848484849
"3249",0.0521717171717172,0.156545454545455,0.268121212121212,0.268121212121212,0.320717171717172
"3250",0.132454545454545,0.158030303030303,0.240969696969697,0.241040404040404,0.300767676767677
"3251",0.0508080808080808,0.0655454545454545,0.126212121212121,0.423444444444444,0.454636363636364
"3252",0.181080808080808,0.181080808080808,0.329212121212121,0.385838383838384,0.510979797979798
"3253",0.0532828282828283,0.128313131313131,0.212010101010101,0.253969696969697,0.322070707070707
"3254",0.0547878787878788,0.186363636363636,0.246686868686869,0.257909090909091,0.387969696969697
"3255",0.0811010101010101,0.124979797979798,0.274707070707071,0.274707070707071,0.496010101010101
"3256",0.0828787878787879,0.0910505050505051,0.202161616161616,0.219505050505051,0.219505050505051
"3257",0.130343434343434,0.184808080808081,0.185888888888889,0.212848484848485,0.360535353535354
"3258",0.0423838383838384,0.0787979797979798,0.358707070707071,0.508414141414141,0.508414141414141
"3259",0.137484848484848,0.137484848484848,0.150393939393939,0.150393939393939,0.439565656565657
"3260",0.060030303030303,0.0752828282828283,0.184111111111111,0.184111111111111,0.268949494949495
"3261",0.230292929292929,0.249333333333333,0.249333333333333,0.25669696969697,NA
"3262",0.0441414141414141,0.0475656565656566,0.156070707070707,0.247424242424242,0.368242424242424
"3263",0.0822222222222222,0.0822222222222222,0.373414141414141,0.373414141414141,0.373414141414141
"3264",0.0560808080808081,0.0775454545454546,0.198565656565657,0.396414141414141,0.507111111111111
"3265",0.0506565656565657,0.0506565656565657,0.220787878787879,0.376565656565657,0.501181818181818
"3266",0.113737373737374,0.113737373737374,0.251878787878788,0.313929292929293,0.552171717171717
"3267",0.0451414141414141,0.0523434343434343,0.100282828282828,0.100282828282828,0.144585858585859
"3268",0.0882121212121212,0.0882121212121212,0.25159595959596,0.25159595959596,0.419232323232323
"3269",0.0563939393939394,0.192777777777778,0.323585858585859,0.323878787878788,0.354737373737374
"3270",0.045969696969697,0.0497171717171717,0.269313131313131,0.269313131313131,0.277545454545455
"3271",0.0446161616161616,0.0997575757575758,0.198474747474747,0.253060606060606,NA
"3272",0.11159595959596,0.111626262626263,0.175171717171717,0.405292929292929,0.405292929292929
"3273",0.0666767676767677,0.118333333333333,0.179393939393939,0.179393939393939,0.464676767676768
"3274",0.0683131313131313,0.0772626262626263,0.253454545454545,0.253454545454545,0.393030303030303
"3275",0.0415353535353535,0.0771515151515152,0.255383838383838,0.255383838383838,NA
"3276",0.113191919191919,0.113191919191919,0.228969696969697,0.228969696969697,0.454434343434343
"3277",0.138727272727273,0.138727272727273,0.195323232323232,0.258111111111111,0.508787878787879
"3278",0.0762525252525253,0.0762525252525253,0.112818181818182,NA,NA
"3279",0.0440505050505051,0.13510101010101,0.231565656565657,0.36759595959596,0.37040404040404
"3280",0.0474747474747475,0.0613434343434343,0.172747474747475,0.284373737373737,0.319444444444444
"3281",0.0594242424242424,0.184858585858586,0.184858585858586,0.184858585858586,0.678808080808081
"3282",0.0649292929292929,0.160555555555556,0.199191919191919,0.199191919191919,0.290161616161616
"3283",0.0824242424242424,0.118979797979798,0.218252525252525,0.218252525252525,0.71659595959596
"3284",0.0534040404040404,0.252919191919192,0.315717171717172,0.329272727272727,0.42689898989899
"3285",0.0471616161616162,0.0509191919191919,0.0509191919191919,0.497414141414141,0.497575757575758
"3286",0.0872525252525253,0.0872525252525253,0.178909090909091,0.178909090909091,0.366444444444444
"3287",0.0505050505050505,0.0594848484848485,0.299484848484849,0.299484848484849,0.462313131313131
"3288",0.0607171717171717,0.105070707070707,0.105070707070707,0.105070707070707,0.502525252525253
"3289",0.100363636363636,0.101151515151515,0.294515151515152,0.294515151515152,0.294515151515152
"3290",0.15889898989899,0.15889898989899,0.317252525252525,0.317252525252525,0.317252525252525
"3291",0.0516868686868687,0.0563333333333333,0.170252525252525,0.170252525252525,0.220767676767677
"3292",0.142959595959596,0.143535353535354,0.192656565656566,0.192727272727273,NA
"3293",0.057040404040404,0.057040404040404,0.201909090909091,0.202393939393939,0.233121212121212
"3294",0.0510909090909091,0.0991616161616162,0.10420202020202,0.220191919191919,0.401171717171717
"3295",0.0394545454545455,0.120434343434343,0.170040404040404,0.219323232323232,NA
"3296",0.0567474747474748,0.0567474747474748,0.131272727272727,0.131272727272727,0.275787878787879
"3297",0.0468383838383838,0.0468383838383838,0.173111111111111,0.173131313131313,NA
"3298",0.0548484848484849,0.0762727272727273,0.294040404040404,0.294040404040404,0.294040404040404
"3299",0.139545454545455,0.139545454545455,0.288161616161616,0.301858585858586,0.302717171717172
"3300",0.0588282828282828,0.0593434343434344,0.159434343434343,NA,NA
"3301",0.0587373737373737,0.173373737373737,0.175222222222222,0.175222222222222,0.175222222222222
"3302",0.0458686868686869,0.0745151515151515,0.138717171717172,0.348070707070707,0.592585858585859
"3303",0.0955454545454546,0.0955454545454546,0.171080808080808,0.171080808080808,0.216454545454545
"3304",0.0606161616161616,0.0761919191919192,0.248757575757576,0.248757575757576,0.49959595959596
"3305",0.0598989898989899,0.0598989898989899,0.251313131313131,0.251313131313131,0.559222222222222
"3306",0.0653030303030303,0.115656565656566,0.241212121212121,0.241212121212121,NA
"3307",0.0470909090909091,0.0470909090909091,0.239131313131313,0.239777777777778,0.38179797979798
"3308",0.0544545454545455,0.0544545454545455,0.157353535353535,0.434090909090909,0.434090909090909
"3309",0.0706565656565657,0.0706565656565657,0.278151515151515,0.281505050505051,0.701080808080808
"3310",0.0444242424242424,0.129585858585859,0.188484848484849,0.196858585858586,0.196858585858586
"3311",0.0533535353535354,0.0653737373737374,0.329272727272727,0.329272727272727,NA
"3312",0.103363636363636,0.103959595959596,0.262818181818182,0.262818181818182,0.262818181818182
"3313",0.0525555555555556,0.145010101010101,0.145010101010101,0.382737373737374,0.506959595959596
"3314",0.0339191919191919,0.225616161616162,0.226030303030303,0.316292929292929,0.505646464646465
"3315",0.0340505050505051,0.0425656565656566,0.255929292929293,0.265818181818182,NA
"3316",0.090040404040404,0.104585858585859,0.19879797979798,0.19879797979798,0.454505050505051
"3317",0.0532727272727273,0.0532727272727273,0.176717171717172,0.176717171717172,0.176717171717172
"3318",0.0434141414141414,0.127181818181818,0.259787878787879,0.26779797979798,NA
"3319",0.244777777777778,0.244777777777778,0.353535353535354,0.354070707070707,0.378343434343434
"3320",0.0526767676767677,0.0526767676767677,0.36130303030303,0.409878787878788,0.409878787878788
"3321",0.0610909090909091,0.142414141414141,0.234141414141414,0.307616161616162,0.307616161616162
"3322",0.104969696969697,0.104969696969697,0.269909090909091,0.273040404040404,0.355767676767677
"3323",0.0836868686868687,0.0898888888888889,0.183979797979798,0.256505050505051,0.355929292929293
"3324",NA,NA,NA,NA,NA
"3325",0.0445050505050505,0.0684545454545455,0.270575757575758,0.270575757575758,0.36240404040404
"3326",0.0977575757575758,0.111050505050505,0.203131313131313,0.226434343434343,0.376707070707071
"3327",0.0612222222222222,0.0723939393939394,0.0723939393939394,0.257414141414141,0.550373737373737
"3328",0.0550707070707071,0.0550707070707071,0.0694242424242424,0.277424242424242,0.358919191919192
"3329",0.0573535353535354,0.184909090909091,0.297909090909091,0.412535353535354,0.412535353535354
"3330",0.0812323232323232,0.149060606060606,0.218,0.218,0.21810101010101
"3331",0.147838383838384,0.147838383838384,0.265292929292929,0.265858585858586,0.265858585858586
"3332",0.0720808080808081,0.0720808080808081,0.0797171717171717,0.188080808080808,0.270363636363636
"3333",0.103727272727273,0.103727272727273,0.130282828282828,0.255111111111111,0.351020202020202
"3334",0.128858585858586,0.153929292929293,0.153929292929293,0.170010101010101,0.348212121212121
"3335",0.0753636363636364,0.0940909090909091,0.310070707070707,0.310070707070707,0.510373737373737
"3336",0.0990606060606061,0.0990808080808081,0.172767676767677,0.259414141414141,0.259414141414141
"3337",0.041979797979798,0.0687575757575758,0.124242424242424,0.124242424242424,0.374515151515152
"3338",0.0649090909090909,0.0921818181818182,0.222909090909091,0.222909090909091,0.500373737373737
"3339",0.0491818181818182,0.0491818181818182,0.0491818181818182,0.325252525252525,NA
"3340",0.132424242424242,0.132424242424242,0.182323232323232,0.182323232323232,0.499555555555556
"3341",0.0533232323232323,0.198393939393939,0.198393939393939,0.31369696969697,0.351777777777778
"3342",0.0780505050505051,0.140606060606061,0.140606060606061,0.141323232323232,NA
"3343",0.186080808080808,0.186080808080808,0.351878787878788,0.386060606060606,0.38840404040404
"3344",0.0747676767676768,0.0747676767676768,0.205777777777778,0.208383838383838,0.50810101010101
"3345",0.0511111111111111,0.0511111111111111,0.241040404040404,0.263949494949495,NA
"3346",0.0805050505050505,0.0808888888888889,0.227464646464646,0.227464646464646,0.257050505050505
"3347",0.0772727272727273,0.0772727272727273,0.155868686868687,0.155868686868687,0.259909090909091
"3348",0.0368585858585859,0.0508080808080808,0.282505050505051,0.282505050505051,0.285464646464646
"3349",0.0896666666666667,0.0896666666666667,0.0896666666666667,0.274838383838384,0.498040404040404
"3350",0.0722323232323232,0.0722323232323232,0.110060606060606,0.335383838383838,0.337858585858586
"3351",0.0422323232323232,0.0568989898989899,0.16830303030303,0.178868686868687,0.319272727272727
"3352",0.170212121212121,0.189242424242424,0.212858585858586,0.411989898989899,0.564787878787879
"3353",0.0675151515151515,0.0675151515151515,0.216292929292929,0.234979797979798,0.272505050505051
"3354",0.0921515151515152,0.0921515151515152,0.129686868686869,0.129686868686869,0.358222222222222
"3355",0.0616464646464647,0.0616464646464647,0.272858585858586,0.322444444444444,0.322444444444444
"3356",0.0484848484848485,0.107767676767677,0.19720202020202,0.198676767676768,NA
"3357",0.0351313131313131,0.0472525252525253,0.21269696969697,0.21269696969697,NA
"3358",0.0580606060606061,0.0580606060606061,0.161383838383838,0.304474747474748,0.388272727272727
"3359",0.0547171717171717,0.154090909090909,0.154090909090909,0.273636363636364,0.296030303030303
"3360",0.0696868686868687,0.238818181818182,0.479191919191919,0.479191919191919,0.479191919191919
"3361",0.0657575757575758,0.0721616161616162,0.38159595959596,NA,NA
"3362",0.0437272727272727,0.283666666666667,0.323747474747475,0.323747474747475,0.440979797979798
"3363",0.0534444444444444,0.0534444444444444,0.40349494949495,0.40349494949495,0.407656565656566
"3364",0.0539292929292929,0.0539292929292929,0.299242424242424,0.301363636363636,0.565868686868687
"3365",0.0573535353535354,0.0573535353535354,0.274353535353535,0.274353535353535,0.27640404040404
"3366",0.109888888888889,0.109888888888889,0.204737373737374,0.205767676767677,0.924939393939394
"3367",0.171545454545455,0.177878787878788,0.177878787878788,0.177878787878788,0.177878787878788
"3368",0.171666666666667,0.171666666666667,0.171666666666667,0.460686868686869,0.510212121212121
"3369",0.130959595959596,0.130959595959596,0.208909090909091,0.208909090909091,0.208909090909091
"3370",0.0442626262626263,0.219444444444444,0.312484848484849,0.314383838383838,0.314383838383838
"3371",0.0513232323232323,0.0513232323232323,0.167232323232323,0.264171717171717,0.435363636363636
"3372",0.130626262626263,0.130626262626263,0.169616161616162,0.251686868686869,0.251686868686869
"3373",0.0488282828282828,0.0488282828282828,0.300212121212121,0.300212121212121,0.300212121212121
"3374",0.0556363636363636,0.105050505050505,0.21359595959596,0.252808080808081,0.252818181818182
"3375",0.0655353535353535,0.0655353535353535,0.195343434343434,0.249444444444444,0.680686868686869
"3376",0.175333333333333,0.175333333333333,0.27449494949495,0.27449494949495,0.27449494949495
"3377",0.0453333333333333,0.10630303030303,0.259616161616162,0.259616161616162,NA
"3378",0.056010101010101,0.056010101010101,0.083010101010101,0.083010101010101,0.588030303030303
"3379",0.137060606060606,0.137060606060606,0.348282828282828,0.348282828282828,0.506747474747475
"3380",0.0637070707070707,0.0708686868686869,0.115272727272727,0.201343434343434,0.399787878787879
"3381",0.0758787878787879,0.0758787878787879,0.325858585858586,0.350666666666667,0.588464646464646
"3382",0.0990404040404041,0.165515151515152,0.165515151515152,0.165515151515152,0.630343434343434
"3383",0.0576262626262626,0.144808080808081,0.236676767676768,0.288030303030303,0.328444444444444
"3384",0.0743535353535354,0.0746666666666667,0.0746666666666667,NA,NA
"3385",0.0464040404040404,0.0652222222222222,0.0780606060606061,0.0780606060606061,0.208323232323232
"3386",0.0481818181818182,0.159616161616162,0.159616161616162,0.159868686868687,0.436757575757576
"3387",0.109393939393939,0.109393939393939,0.206212121212121,0.206212121212121,0.505777777777778
"3388",0.0512525252525253,0.0512525252525253,0.258939393939394,0.373818181818182,0.373818181818182
"3389",0.0658686868686869,0.0658686868686869,0.0740909090909091,0.220565656565657,0.500686868686869
"3390",0.165888888888889,0.165888888888889,0.165888888888889,0.165888888888889,0.601656565656566
"3391",0.039979797979798,0.255505050505051,0.321424242424242,0.321424242424242,NA
"3392",0.0575959595959596,0.0575959595959596,0.300888888888889,0.300888888888889,0.300909090909091
"3393",0.102010101010101,0.102010101010101,0.202757575757576,0.334383838383838,0.334505050505051
"3394",0.0628585858585859,0.0628585858585859,0.134060606060606,0.13689898989899,0.487989898989899
"3395",0.0413232323232323,0.0509191919191919,0.0555050505050505,0.213080808080808,0.213080808080808
"3396",0.165878787878788,0.275777777777778,0.295212121212121,0.295212121212121,0.295212121212121
"3397",0.0938686868686869,0.0953333333333333,0.347282828282828,0.347282828282828,0.347909090909091
"3398",0.0623838383838384,0.0623838383838384,0.233131313131313,0.233131313131313,0.233242424242424
"3399",0.0684141414141414,0.0684141414141414,0.216707070707071,0.216707070707071,0.294757575757576
"3400",0.0547272727272727,0.0547272727272727,0.237151515151515,0.240575757575758,0.240575757575758
"3401",0.106636363636364,0.106636363636364,0.31259595959596,0.312616161616162,0.312616161616162
"3402",0.0505757575757576,0.195474747474747,0.327343434343434,0.327343434343434,0.33079797979798
"3403",0.119929292929293,0.119929292929293,0.354515151515152,0.354515151515152,0.354515151515152
"3404",0.0663333333333333,0.230979797979798,0.230979797979798,0.230979797979798,0.231959595959596
"3405",0.046020202020202,0.046020202020202,0.218707070707071,0.218707070707071,0.30849494949495
"3406",0.105282828282828,0.105282828282828,0.164343434343434,0.287737373737374,0.512020202020202
"3407",0.163909090909091,0.163909090909091,0.191111111111111,0.191111111111111,0.217111111111111
"3408",0.077,0.0777474747474748,0.195777777777778,0.39379797979798,NA
"3409",0.0482222222222222,0.0566767676767677,0.0622222222222222,0.174828282828283,0.236464646464646
"3410",0.211111111111111,0.211111111111111,0.21120202020202,0.284727272727273,0.284727272727273
"3411",0.0851616161616162,0.0851616161616162,0.194414141414141,0.194414141414141,0.274
"3412",0.0750808080808081,0.248181818181818,0.261171717171717,0.261171717171717,0.352262626262626
"3413",0.0806969696969697,0.0811515151515152,0.0811515151515152,0.285757575757576,0.41659595959596
"3414",0.0633737373737374,0.0633737373737374,0.257424242424242,0.257424242424242,0.327717171717172
"3415",0.0566060606060606,0.0690909090909091,0.111323232323232,0.111323232323232,0.415040404040404
"3416",0.0663535353535354,0.0677474747474748,0.0687979797979798,0.0687979797979798,0.249969696969697
"3417",0.0687575757575758,0.113616161616162,0.254080808080808,0.261838383838384,0.417656565656566
"3418",0.144333333333333,0.175151515151515,0.272525252525253,0.272727272727273,0.272727272727273
"3419",0.109666666666667,0.109666666666667,0.110080808080808,0.110080808080808,0.499353535353535
"3420",0.0710707070707071,0.0710707070707071,0.0710707070707071,0.151989898989899,0.228767676767677
"3421",0.114292929292929,0.114292929292929,0.114292929292929,0.114292929292929,0.252535353535354
"3422",0.0557878787878788,0.0557878787878788,0.136151515151515,0.136151515151515,0.136151515151515
"3423",0.0771717171717172,0.290434343434343,0.291939393939394,0.291939393939394,0.351565656565657
"3424",0.0599191919191919,0.0599191919191919,0.194222222222222,0.194222222222222,0.317434343434343
"3425",0.0418181818181818,0.0562020202020202,0.211070707070707,0.227040404040404,0.416666666666667
"3426",0.0541919191919192,0.0541919191919192,0.0745555555555556,0.402191919191919,0.402191919191919
"3427",0.0511616161616162,0.131050505050505,0.286484848484849,0.320707070707071,NA
"3428",0.0452525252525253,0.0627979797979798,0.325525252525253,0.35459595959596,0.392818181818182
"3429",0.0652525252525253,0.226939393939394,0.279757575757576,0.294010101010101,0.405131313131313
"3430",0.0796161616161616,0.123040404040404,0.18969696969697,0.18969696969697,0.18969696969697
"3431",0.0456666666666667,0.167141414141414,0.167141414141414,0.373656565656566,0.374929292929293
"3432",0.0945858585858586,0.215909090909091,0.304828282828283,0.304828282828283,0.306676767676768
"3433",0.0593636363636364,0.076989898989899,0.076989898989899,0.222363636363636,0.224818181818182
"3434",0.123535353535354,0.147383838383838,0.187919191919192,0.295909090909091,NA
"3435",0.0941313131313131,0.0974545454545455,0.182505050505051,0.182505050505051,0.46149494949495
"3436",0.075040404040404,0.127777777777778,0.281090909090909,0.307434343434343,0.327080808080808
"3437",0.0454444444444444,0.166323232323232,0.225242424242424,0.285353535353535,NA
"3438",0.048989898989899,0.144656565656566,0.206777777777778,0.23159595959596,NA
"3439",0.0827777777777778,0.0827777777777778,0.213363636363636,0.213636363636364,0.254707070707071
"3440",0.127686868686869,0.127686868686869,0.132939393939394,0.132939393939394,0.322151515151515
"3441",0.0612525252525253,0.104808080808081,0.145535353535354,0.145535353535354,0.171484848484848
"3442",0.0562828282828283,0.0562828282828283,0.317070707070707,0.410929292929293,0.462666666666667
"3443",0.113020202020202,0.113020202020202,0.226535353535354,0.226535353535354,0.226535353535354
"3444",0.0556262626262626,0.0556262626262626,0.156262626262626,0.44830303030303,0.44830303030303
"3445",0.0703333333333333,0.0703333333333333,0.207979797979798,0.207979797979798,0.453414141414141
"3446",0.0964040404040404,0.102636363636364,0.151464646464646,0.228111111111111,0.414909090909091
"3447",0.0374848484848485,0.0514646464646465,0.214878787878788,0.214878787878788,0.304646464646465
"3448",0.0596666666666667,0.102888888888889,0.292080808080808,0.292080808080808,0.292080808080808
"3449",0.0637676767676768,0.0709191919191919,0.185919191919192,0.185919191919192,0.299343434343434
"3450",0.163434343434343,0.163434343434343,0.258949494949495,0.258949494949495,0.457151515151515
"3451",0.040040404040404,0.0627373737373737,0.156333333333333,0.156363636363636,0.223535353535354
"3452",0.0521818181818182,0.0521818181818182,0.124848484848485,0.124909090909091,NA
"3453",0.0593232323232323,0.0593232323232323,0.0612121212121212,0.324383838383838,0.41159595959596
"3454",0.0757979797979798,0.122262626262626,0.300585858585859,0.300585858585859,0.637323232323232
"3455",0.134949494949495,0.134949494949495,0.217090909090909,0.217090909090909,0.552868686868687
"3456",0.0602626262626263,0.0602626262626263,0.199111111111111,0.215373737373737,0.507787878787879
"3457",0.0414444444444445,0.115545454545455,0.316848484848485,0.316848484848485,0.340929292929293
"3458",0.0687070707070707,0.199707070707071,0.370353535353535,0.370484848484849,0.370484848484849
"3459",0.149888888888889,0.150030303030303,0.345343434343434,0.345343434343434,0.345343434343434
"3460",0.0644343434343434,0.0812020202020202,0.204262626262626,0.391333333333333,0.391333333333333
"3461",0.121787878787879,0.121787878787879,0.121787878787879,0.122737373737374,0.504989898989899
"3462",0.0836464646464646,0.170858585858586,0.174818181818182,0.421505050505051,0.462919191919192
"3463",0.0582828282828283,0.0711414141414141,0.319313131313131,0.319313131313131,0.319313131313131
"3464",0.0542929292929293,0.127868686868687,0.199111111111111,0.199111111111111,0.199111111111111
"3465",0.157050505050505,0.157050505050505,0.194858585858586,0.370383838383838,0.370515151515152
"3466",0.0596464646464646,0.12830303030303,0.213707070707071,0.213707070707071,0.580434343434344
"3467",0.0550808080808081,0.0550808080808081,0.25020202020202,0.25020202020202,0.39530303030303
"3468",0.0540808080808081,0.0882121212121212,0.0882121212121212,0.128868686868687,0.231282828282828
"3469",0.255,0.255,0.255,0.255,0.295191919191919
"3470",0.0355050505050505,0.114838383838384,0.115434343434343,NA,NA
"3471",0.0682424242424242,0.0682424242424242,0.179848484848485,0.209343434343434,0.318838383838384
"3472",0.0755858585858586,0.152090909090909,0.152090909090909,0.193616161616162,0.219575757575758
"3473",0.0516060606060606,0.0516060606060606,0.26589898989899,0.26589898989899,0.612777777777778
"3474",0.0597979797979798,0.0703232323232323,0.0703232323232323,0.0703232323232323,0.596535353535354
"3475",0.120292929292929,0.213515151515152,0.255252525252525,0.296868686868687,0.355454545454545
"3476",0.0914545454545455,0.0914545454545455,0.219272727272727,0.219272727272727,0.219272727272727
"3477",0.0540808080808081,0.128222222222222,0.21489898989899,0.215151515151515,0.256515151515152
"3478",0.0994545454545455,0.0994545454545455,0.18020202020202,0.180434343434343,0.180434343434343
"3479",0.0431919191919192,0.188828282828283,0.218717171717172,0.218717171717172,0.545929292929293
"3480",0.0549191919191919,0.0758888888888889,0.184727272727273,0.184727272727273,0.201454545454545
"3481",0.0611818181818182,0.0611818181818182,0.29889898989899,0.29889898989899,0.457929292929293
"3482",0.0727676767676768,0.0727676767676768,0.256636363636364,0.256636363636364,0.381818181818182
"3483",0.119969696969697,0.119969696969697,0.41320202020202,0.41320202020202,0.573787878787879
"3484",0.105575757575758,0.105575757575758,0.154080808080808,0.251636363636364,NA
"3485",0.0556969696969697,0.0556969696969697,0.223323232323232,0.223323232323232,0.363858585858586
"3486",0.0911515151515152,0.0911515151515152,0.249919191919192,0.317858585858586,0.59040404040404
"3487",0.0701414141414141,0.0701414141414141,0.189646464646465,0.272484848484848,0.272484848484848
"3488",0.144949494949495,0.144949494949495,0.145888888888889,0.145888888888889,0.160737373737374
"3489",0.14910101010101,0.14910101010101,0.204333333333333,0.204333333333333,0.503808080808081
"3490",0.0712727272727273,0.161020202020202,0.231030303030303,0.231030303030303,0.601646464646465
"3491",0.0687070707070707,0.0687070707070707,0.113181818181818,0.324838383838384,0.324838383838384
"3492",0.0683535353535354,0.0683535353535354,0.328515151515152,0.370646464646465,0.370646464646465
"3493",0.120141414141414,0.120232323232323,0.30259595959596,0.30259595959596,0.379121212121212
"3494",0.0626161616161616,0.205434343434343,0.205434343434343,0.205434343434343,0.593050505050505
"3495",0.121979797979798,0.122414141414141,0.232515151515152,0.337717171717172,NA
"3496",0.136838383838384,0.136838383838384,0.136838383838384,0.136838383838384,0.189505050505051
"3497",0.0795050505050505,0.0876161616161616,0.0876161616161616,0.422575757575758,0.422575757575758
"3498",0.088979797979798,0.089,0.23030303030303,0.455383838383838,0.457323232323232
"3499",0.0542222222222222,0.0595353535353535,0.298575757575758,0.298606060606061,0.624060606060606
"3500",0.0977575757575758,0.0977575757575758,0.285181818181818,0.285191919191919,0.546464646464647
"3501",0.0712424242424242,0.107828282828283,0.325414141414141,0.325414141414141,0.404747474747475
"3502",0.0458888888888889,0.138484848484848,0.212212121212121,0.212212121212121,0.611363636363636
"3503",0.129494949494949,0.129494949494949,0.194818181818182,0.194818181818182,0.228575757575758
"3504",0.0302727272727273,0.0461515151515152,0.295484848484849,NA,NA
"3505",0.0822626262626263,0.0878080808080808,0.259333333333333,0.259333333333333,0.30479797979798
"3506",0.0588484848484849,0.177383838383838,0.237939393939394,0.280161616161616,0.280161616161616
"3507",0.0462222222222222,0.0542525252525253,0.145292929292929,0.145292929292929,0.347737373737374
"3508",0.119333333333333,0.119333333333333,0.119333333333333,0.36630303030303,0.508666666666667
"3509",0.15059595959596,0.15059595959596,0.199929292929293,0.199929292929293,0.498747474747475
"3510",0.0502828282828283,0.0813434343434344,0.177464646464646,0.232262626262626,0.232262626262626
"3511",0.073959595959596,0.195333333333333,0.213848484848485,0.249757575757576,0.249757575757576
"3512",0.0842525252525253,0.0842525252525253,0.0842525252525253,0.330555555555556,0.603646464646465
"3513",0.050040404040404,0.166414141414141,0.26120202020202,0.26120202020202,0.385292929292929
"3514",0.0626464646464646,0.173545454545455,0.255565656565657,0.255565656565657,0.364505050505051
"3515",0.0645656565656566,0.160232323232323,0.302646464646465,0.379464646464647,0.379464646464647
"3516",0.0567474747474748,0.0567474747474748,0.227141414141414,0.227141414141414,0.408111111111111
"3517",0.0426464646464646,0.0852828282828283,0.150060606060606,0.346969696969697,0.420484848484849
"3518",0.0618686868686869,0.252535353535354,0.376545454545455,0.393393939393939,0.50079797979798
"3519",0.041020202020202,0.0548989898989899,0.0672323232323232,0.153989898989899,0.231161616161616
"3520",0.0538181818181818,0.0538181818181818,0.16569696969697,0.16569696969697,0.320373737373737
"3521",0.0351313131313131,0.0557878787878788,0.205959595959596,NA,NA
"3522",0.0797373737373737,0.19410101010101,0.296838383838384,0.412353535353535,0.412353535353535
"3523",0.111282828282828,0.111282828282828,0.111282828282828,0.137858585858586,0.406454545454546
"3524",0.0987070707070707,0.0987474747474748,0.241484848484848,0.241484848484848,0.388636363636364
"3525",0.134010101010101,0.134010101010101,0.332414141414141,0.332414141414141,0.344353535353535
"3526",0.138787878787879,0.152252525252525,0.168616161616162,0.168616161616162,0.684373737373737
"3527",0.0504040404040404,0.141484848484848,0.141484848484848,0.141484848484848,0.553121212121212
"3528",0.0494040404040404,0.0862222222222222,0.272585858585859,0.316161616161616,0.686959595959596
"3529",0.0560707070707071,0.141717171717172,0.192717171717172,0.317838383838384,0.572141414141414
"3530",0.137121212121212,0.249545454545455,0.250262626262626,0.252525252525253,0.390383838383838
"3531",0.0604747474747475,0.0604747474747475,0.230929292929293,0.230929292929293,0.515555555555556
"3532",0.156141414141414,0.156141414141414,0.219515151515152,0.221545454545455,0.445838383838384
"3533",0.0841313131313131,0.0841313131313131,0.240919191919192,0.357161616161616,0.357161616161616
"3534",0.0504949494949495,0.0602525252525253,0.257,0.257484848484848,0.355777777777778
"3535",0.0399191919191919,0.0399191919191919,0.130575757575758,0.130575757575758,0.940424242424242
"3536",0.0653939393939394,0.157080808080808,0.37689898989899,0.37689898989899,0.714828282828283
"3537",0.045010101010101,0.045010101010101,0.227868686868687,0.227868686868687,NA
"3538",0.0790707070707071,0.146292929292929,0.328424242424242,0.426313131313131,0.570343434343434
"3539",0.228272727272727,0.228272727272727,0.228272727272727,0.22840404040404,0.229
"3540",0.0528888888888889,0.0962121212121212,0.166989898989899,0.166989898989899,0.299424242424242
"3541",0.0563535353535354,0.137747474747475,0.137747474747475,0.384969696969697,NA
"3542",0.119050505050505,0.119050505050505,0.209464646464646,0.209464646464646,0.345020202020202
"3543",0.0590909090909091,0.0590909090909091,0.224505050505051,0.297333333333333,NA
"3544",0.0622929292929293,0.0622929292929293,0.251666666666667,0.409252525252525,0.49910101010101
"3545",0.0485353535353535,0.0787070707070707,0.155070707070707,0.155070707070707,0.456646464646465
"3546",0.0971818181818182,0.0977272727272727,0.309353535353535,0.309353535353535,0.309353535353535
"3547",0.0327070707070707,0.147505050505051,0.349131313131313,NA,NA
"3548",0.153282828282828,0.153282828282828,0.22310101010101,0.223646464646465,0.231393939393939
"3549",0.123131313131313,0.123131313131313,0.199808080808081,0.379424242424242,NA
"3550",0.161626262626263,0.161626262626263,0.281393939393939,0.376969696969697,0.376969696969697
"3551",0.0520606060606061,0.0520606060606061,0.0750606060606061,0.239323232323232,0.558575757575758
"3552",0.0665151515151515,0.140373737373737,0.140373737373737,0.168454545454545,0.455656565656566
"3553",0.0314747474747475,0.0498383838383838,0.225363636363636,0.238929292929293,0.371414141414141
"3554",0.0559090909090909,0.0782525252525253,0.149191919191919,0.149333333333333,0.149333333333333
"3555",0.043040404040404,0.287919191919192,0.289808080808081,0.289808080808081,0.289808080808081
"3556",0.0334343434343434,0.099030303030303,0.293505050505051,NA,NA
"3557",0.0826363636363636,0.0826363636363636,0.0826363636363636,0.429909090909091,0.430919191919192
"3558",0.0451717171717172,0.159181818181818,0.159181818181818,0.253585858585859,0.463232323232323
"3559",0.127353535353535,0.127353535353535,0.144232323232323,0.241545454545455,0.241585858585859
"3560",0.0562828282828283,0.0689090909090909,0.0777575757575758,0.142434343434343,0.352191919191919
"3561",0.107121212121212,0.107121212121212,0.320626262626263,0.320626262626263,0.320626262626263
"3562",0.112919191919192,0.131767676767677,0.131767676767677,0.41169696969697,NA
"3563",0.0515555555555556,0.0714040404040404,0.24259595959596,0.24920202020202,0.24920202020202
"3564",0.164333333333333,0.216727272727273,0.268545454545455,0.32610101010101,NA
"3565",0.106646464646465,0.106646464646465,0.251515151515152,0.349272727272727,0.349272727272727
"3566",0.167444444444444,0.171737373737374,0.268959595959596,0.271969696969697,0.354737373737374
"3567",0.0829292929292929,0.190868686868687,0.259888888888889,0.268737373737374,0.665757575757576
"3568",0.053959595959596,0.118131313131313,0.131181818181818,0.131848484848485,0.501606060606061
"3569",0.0744141414141414,0.0758585858585859,0.196555555555556,0.231353535353535,0.503171717171717
"3570",0.120131313131313,0.120131313131313,0.239424242424242,0.370373737373737,0.38330303030303
"3571",0.0581717171717172,0.167707070707071,0.22879797979798,0.293393939393939,0.319737373737374
"3572",0.0949393939393939,0.0949393939393939,0.116828282828283,0.418464646464646,0.437010101010101
"3573",0.0476666666666667,0.0476666666666667,0.226040404040404,0.481585858585859,NA
"3574",0.0457474747474748,0.11020202020202,0.127757575757576,0.259878787878788,0.259878787878788
"3575",0.0677676767676768,0.0677676767676768,0.268030303030303,0.268030303030303,0.415424242424242
"3576",0.124585858585859,0.124585858585859,0.188414141414141,0.445444444444444,0.525252525252525
"3577",0.0937373737373737,0.0937373737373737,0.201050505050505,0.201050505050505,0.512757575757576
"3578",0.124707070707071,0.140979797979798,0.249727272727273,0.641373737373737,NA
"3579",0.0506666666666667,0.228313131313131,0.317373737373737,0.317373737373737,0.317373737373737
"3580",0.082949494949495,0.082949494949495,0.147424242424242,0.147424242424242,0.438545454545455
"3581",0.161838383838384,0.161838383838384,0.363474747474748,0.363474747474748,0.363474747474748
"3582",0.0473434343434343,0.0821818181818182,0.205222222222222,0.205222222222222,0.516474747474748
"3583",0.117636363636364,0.120323232323232,0.120323232323232,0.120323232323232,NA
"3584",0.0487979797979798,0.0664545454545455,0.0664545454545455,0.236767676767677,0.236767676767677
"3585",0.0565757575757576,0.0620808080808081,0.23859595959596,0.291161616161616,0.291161616161616
"3586",0.0766969696969697,0.0787474747474748,0.272888888888889,0.345181818181818,NA
"3587",0.0754545454545455,0.0754545454545455,0.194747474747475,0.194747474747475,0.198444444444444
"3588",0.0421515151515152,0.18030303030303,0.181535353535354,0.181535353535354,0.282010101010101
"3589",0.0705656565656566,0.173606060606061,0.206939393939394,0.206939393939394,0.286434343434343
"3590",0.0465656565656566,0.109878787878788,0.181888888888889,0.181888888888889,0.318121212121212
"3591",0.053949494949495,0.138232323232323,0.205161616161616,0.220161616161616,0.298868686868687
"3592",0.0872424242424242,0.0879292929292929,0.216111111111111,0.216111111111111,0.318424242424242
"3593",0.0655050505050505,0.0655353535353535,0.0714242424242424,0.14489898989899,0.144919191919192
"3594",0.0743535353535354,0.0894848484848485,0.0894848484848485,0.289050505050505,0.294171717171717
"3595",0.035969696969697,0.035969696969697,0.272686868686869,0.272686868686869,NA
"3596",0.110363636363636,0.110363636363636,0.290858585858586,0.387626262626263,0.387626262626263
"3597",0.052949494949495,0.052949494949495,0.230363636363636,0.230363636363636,0.427030303030303
"3598",0.0458989898989899,0.0575858585858586,0.366111111111111,0.366111111111111,0.398929292929293
"3599",0.0618181818181818,0.181535353535354,0.189121212121212,0.351888888888889,0.374727272727273
"3600",0.0725050505050505,0.151333333333333,0.330484848484848,0.330484848484848,0.330484848484848
"3601",0.0633939393939394,0.0633939393939394,0.230323232323232,0.230323232323232,0.230323232323232
"3602",0.105333333333333,0.184181818181818,0.294505050505051,0.294505050505051,0.84069696969697
"3603",0.0523535353535354,0.0523535353535354,0.260828282828283,0.36089898989899,0.473969696969697
"3604",0.0650606060606061,0.0650606060606061,0.296272727272727,0.296272727272727,0.296333333333333
"3605",0.128525252525253,0.190515151515152,0.328555555555556,0.328565656565657,0.725282828282828
"3606",0.0872727272727273,0.0872727272727273,0.156151515151515,0.283939393939394,0.284737373737374
"3607",0.138666666666667,0.138666666666667,0.287333333333333,0.287333333333333,0.28749494949495
"3608",0.110767676767677,0.110767676767677,0.207282828282828,0.207282828282828,0.548252525252525
"3609",0.0671111111111111,0.0671111111111111,0.087989898989899,0.424747474747475,0.462252525252525
"3610",0.0423030303030303,0.0423030303030303,0.0713737373737374,0.278535353535354,0.42540404040404
"3611",0.0466969696969697,0.0466969696969697,0.0600606060606061,0.180242424242424,0.180242424242424
"3612",0.049010101010101,0.153626262626263,0.235191919191919,NA,NA
"3613",0.0563333333333333,0.062040404040404,0.121787878787879,0.37649494949495,0.37649494949495
"3614",0.0910505050505051,0.0910505050505051,0.11979797979798,0.11979797979798,0.581232323232323
"3615",0.109030303030303,0.109030303030303,0.109030303030303,0.137808080808081,0.254353535353535
"3616",0.0602323232323232,0.0602323232323232,0.256909090909091,0.256909090909091,0.321949494949495
"3617",0.116606060606061,0.116606060606061,0.371262626262626,0.371262626262626,0.558888888888889
"3618",0.121828282828283,0.159666666666667,0.16910101010101,0.325636363636364,0.507525252525253
"3619",0.0681717171717172,0.106484848484848,0.188060606060606,0.188060606060606,0.592414141414142
"3620",0.0711818181818182,0.114434343434343,0.276030303030303,0.327949494949495,0.44379797979798
"3621",0.0652828282828283,0.0652828282828283,0.183161616161616,0.183161616161616,0.411676767676768
"3622",0.105565656565657,0.105565656565657,0.255232323232323,0.462545454545455,0.59459595959596
"3623",0.140121212121212,0.140121212121212,0.213747474747475,0.293828282828283,NA
"3624",0.0502020202020202,0.0544949494949495,0.221989898989899,0.222333333333333,NA
"3625",0.0974242424242424,0.0974242424242424,0.134121212121212,0.36259595959596,0.463212121212121
"3626",0.0609090909090909,0.0609090909090909,0.209010101010101,0.290010101010101,0.290010101010101
"3627",0.0557171717171717,0.0557171717171717,0.223292929292929,0.224040404040404,NA
"3628",0.0636464646464646,0.123676767676768,0.329,0.472464646464646,0.472464646464646
"3629",0.056959595959596,0.163333333333333,0.180191919191919,0.249606060606061,0.348373737373737
"3630",0.0776161616161616,0.0776161616161616,0.355929292929293,0.401808080808081,0.409909090909091
"3631",0.0538686868686869,0.0538686868686869,0.161262626262626,0.161262626262626,0.323050505050505
"3632",0.0638484848484848,0.071040404040404,0.187656565656566,0.385383838383838,0.403111111111111
"3633",0.040020202020202,0.0521717171717172,0.174666666666667,0.174666666666667,0.418424242424242
"3634",0.0632626262626263,0.163030303030303,0.163030303030303,0.163030303030303,0.447060606060606
"3635",0.0352525252525253,0.0391313131313131,0.286686868686869,NA,NA
"3636",0.0597070707070707,0.124989898989899,0.126383838383838,0.151020202020202,0.25020202020202
"3637",0.0796868686868687,0.197747474747475,0.294323232323232,0.300111111111111,0.304474747474748
"3638",0.045969696969697,0.177565656565657,0.177565656565657,0.178616161616162,0.465282828282828
"3639",0.0526969696969697,0.172737373737374,0.178767676767677,0.178767676767677,0.178767676767677
"3640",0.054030303030303,0.117565656565657,0.236353535353535,0.236959595959596,0.236959595959596
"3641",0.0373535353535354,0.0373535353535354,0.328343434343434,0.341888888888889,NA
"3642",0.0581818181818182,0.102,0.238313131313131,0.310949494949495,0.310949494949495
"3643",0.0447676767676768,0.0620505050505051,0.173616161616162,0.234444444444444,0.557848484848485
"3644",0.125222222222222,0.125222222222222,0.367939393939394,0.368040404040404,0.442515151515152
"3645",0.111040404040404,0.111040404040404,0.111040404040404,0.161949494949495,0.600777777777778
"3646",0.0533636363636364,0.0581111111111111,0.271545454545455,0.271545454545455,0.292858585858586
"3647",0.0650707070707071,0.0650707070707071,0.150020202020202,0.150020202020202,0.499868686868687
"3648",0.0768080808080808,0.0768080808080808,0.364505050505051,0.364505050505051,0.559494949494949
"3649",0.036030303030303,0.210323232323232,0.325717171717172,0.435383838383838,NA
"3650",0.0992626262626263,0.0992626262626263,0.194323232323232,0.352606060606061,0.432636363636364
"3651",0.131939393939394,0.131939393939394,0.270333333333333,0.270333333333333,NA
"3652",0.0543939393939394,0.0591515151515152,0.109272727272727,0.109484848484848,0.553313131313131
"3653",0.049040404040404,0.049040404040404,0.253090909090909,0.321727272727273,0.363121212121212
"3654",0.233424242424242,0.233424242424242,0.302292929292929,0.302292929292929,0.302292929292929
"3655",0.110888888888889,0.110888888888889,0.246929292929293,0.658191919191919,0.658191919191919
"3656",0.0664343434343434,0.219292929292929,0.219929292929293,0.219929292929293,0.239676767676768
"3657",0.0556161616161616,0.152474747474747,0.274292929292929,0.303393939393939,0.303393939393939
"3658",0.0593131313131313,0.0593131313131313,0.227828282828283,0.227828282828283,0.557565656565657
"3659",0.0746868686868687,0.138858585858586,0.149747474747475,0.149747474747475,0.439676767676768
"3660",0.0777272727272727,0.0792828282828283,0.0792929292929293,0.0792929292929293,0.509747474747475
"3661",0.129666666666667,0.129666666666667,0.130262626262626,0.130262626262626,0.404111111111111
"3662",0.110636363636364,0.183414141414141,0.183414141414141,0.352828282828283,0.614464646464646
"3663",0.0591212121212121,0.0744040404040404,0.205474747474748,0.205616161616162,0.502383838383838
"3664",0.0734646464646465,0.208757575757576,0.35840404040404,0.35840404040404,0.536414141414141
"3665",0.153979797979798,0.190575757575758,0.190575757575758,0.316424242424242,0.454646464646465
"3666",0.0541919191919192,0.192,0.192,0.248252525252525,0.255464646464647
"3667",0.218787878787879,0.218787878787879,0.296535353535354,0.35059595959596,0.437626262626263
"3668",0.0445353535353535,0.0617575757575758,0.172575757575758,0.172575757575758,0.172575757575758
"3669",0.11949494949495,0.11949494949495,0.141272727272727,0.154757575757576,0.565949494949495
"3670",0.104484848484848,0.10449494949495,0.121939393939394,0.172444444444444,0.506010101010101
"3671",0.0436363636363636,0.0601010101010101,0.110161616161616,0.209888888888889,0.653222222222222
"3672",0.0603838383838384,0.0876363636363636,0.319666666666667,0.322010101010101,0.437282828282828
"3673",0.0557171717171717,0.0557171717171717,0.358252525252525,0.358252525252525,0.386666666666667
"3674",0.0416666666666667,0.067959595959596,0.282212121212121,0.282212121212121,0.421020202020202
"3675",0.0446262626262626,0.0515656565656566,0.170484848484848,0.290585858585859,0.292141414141414
"3676",0.055030303030303,0.0976969696969697,0.170131313131313,0.30859595959596,0.451666666666667
"3677",0.125808080808081,0.125808080808081,0.125808080808081,0.125858585858586,0.604818181818182
"3678",0.0572323232323232,0.0627171717171717,0.319525252525253,0.319858585858586,0.319858585858586
"3679",0.0558888888888889,0.155282828282828,0.325232323232323,0.325232323232323,0.325232323232323
"3680",0.0487474747474747,0.0487474747474747,0.0548888888888889,0.165959595959596,0.165959595959596
"3681",0.0485656565656566,0.0485656565656566,0.228050505050505,0.228050505050505,0.397434343434343
"3682",0.113121212121212,0.113121212121212,0.299878787878788,0.299878787878788,0.31410101010101
"3683",0.0743030303030303,0.0743030303030303,0.0941717171717172,0.265464646464646,0.265464646464646
"3684",0.135252525252525,0.135252525252525,0.135515151515152,0.135515151515152,0.472464646464647
"3685",0.10030303030303,0.20089898989899,0.20089898989899,0.377818181818182,0.377818181818182
"3686",0.187969696969697,0.277555555555556,0.318353535353535,0.493181818181818,0.493181818181818
"3687",0.0535656565656566,0.0535656565656566,0.21410101010101,0.255606060606061,0.546868686868687
"3688",0.0508282828282828,0.0508282828282828,0.146636363636364,0.39849494949495,0.524737373737374
"3689",0.054010101010101,0.138161616161616,0.46569696969697,0.46569696969697,0.512555555555556
"3690",0.0453939393939394,0.118292929292929,0.144646464646465,0.144646464646465,0.280292929292929
"3691",0.0675353535353535,0.111868686868687,0.230505050505051,0.230505050505051,0.230505050505051
"3692",0.0712424242424242,0.0928989898989899,0.0928989898989899,0.320939393939394,0.332666666666667
"3693",0.0614848484848485,0.214676767676768,0.234555555555556,0.234555555555556,0.428272727272727
"3694",0.112777777777778,0.112777777777778,0.114343434343434,0.439222222222222,NA
"3695",0.0651616161616162,0.0821111111111111,0.28930303030303,0.328171717171717,0.420666666666667
"3696",0.0520909090909091,0.0520909090909091,0.135848484848485,0.440262626262626,0.608505050505051
"3697",0.126444444444444,0.147080808080808,0.147080808080808,0.147080808080808,0.298787878787879
"3698",0.0557878787878788,0.0836565656565657,0.148080808080808,0.161676767676768,0.18989898989899
"3699",NA,NA,NA,NA,NA
"3700",0.0501414141414141,0.0813030303030303,0.283606060606061,0.283606060606061,0.470909090909091
"3701",0.0523232323232323,0.0523232323232323,0.21740404040404,0.21740404040404,0.21740404040404
"3702",0.0756565656565657,0.112818181818182,0.112818181818182,0.112818181818182,0.634737373737374
"3703",0.0906767676767677,0.094030303030303,0.154949494949495,0.171767676767677,0.414535353535354
"3704",0.0487373737373737,0.173565656565657,0.225424242424242,0.231939393939394,0.416060606060606
"3705",0.0484444444444444,0.0521313131313131,0.336181818181818,0.33889898989899,0.399111111111111
"3706",0.0481616161616162,0.120959595959596,0.120959595959596,0.130363636363636,NA
"3707",0.0438181818181818,0.046959595959596,0.0607979797979798,0.315313131313131,0.39159595959596
"3708",0.073949494949495,0.127838383838384,0.29740404040404,0.29740404040404,0.321090909090909
"3709",0.041040404040404,0.0671919191919192,0.205828282828283,0.206010101010101,0.623747474747475
"3710",0.0824242424242424,0.0825252525252525,0.211727272727273,0.508252525252525,NA
"3711",0.0442424242424242,0.10479797979798,0.289111111111111,0.289111111111111,0.320757575757576
"3712",0.0809090909090909,0.126090909090909,0.211565656565657,0.211565656565657,0.424606060606061
"3713",0.0522828282828283,0.0568585858585859,0.296111111111111,0.322464646464647,0.371090909090909
"3714",0.0443030303030303,0.146989898989899,0.146989898989899,0.146989898989899,0.518131313131313
"3715",0.0618282828282828,0.182464646464646,0.19020202020202,0.412393939393939,0.437878787878788
"3716",0.0751818181818182,0.0968181818181818,0.271313131313131,0.271313131313131,0.271313131313131
"3717",0.189010101010101,0.189010101010101,0.25210101010101,0.25210101010101,NA
"3718",0.055959595959596,0.146,0.288818181818182,0.288818181818182,0.44440404040404
"3719",0.0694747474747475,0.195141414141414,0.337353535353535,0.337353535353535,0.337363636363636
"3720",0.0982222222222222,0.0982222222222222,0.0982222222222222,0.459666666666667,0.509909090909091
"3721",0.108,0.175424242424242,0.268444444444444,0.268444444444444,NA
"3722",0.0502929292929293,0.0502929292929293,0.186979797979798,0.186979797979798,0.196676767676768
"3723",0.0472121212121212,0.0605959595959596,0.309636363636364,0.322282828282828,0.409949494949495
"3724",0.0619292929292929,0.0688888888888889,0.186838383838384,0.186838383838384,0.455464646464647
"3725",0.136393939393939,0.136393939393939,0.28310101010101,0.28310101010101,0.316252525252525
"3726",0.0601313131313131,0.129858585858586,0.314333333333333,0.314333333333333,0.730141414141414
"3727",0.0384848484848485,0.0576060606060606,0.186414141414141,0.186414141414141,NA
"3728",0.128484848484849,0.128525252525253,0.228555555555556,0.228555555555556,0.32689898989899
"3729",0.0426868686868687,0.12759595959596,0.229272727272727,0.235565656565657,0.235565656565657
"3730",0.0616060606060606,0.0616060606060606,0.260040404040404,0.262646464646465,0.445939393939394
"3731",0.0395757575757576,0.061969696969697,0.231121212121212,0.231121212121212,0.231121212121212
"3732",0.0585858585858586,0.0585858585858586,0.0761616161616162,0.198979797979798,0.35820202020202
"3733",0.0485151515151515,0.144777777777778,0.144777777777778,0.188616161616162,0.188616161616162
"3734",0.049,0.049,0.101,0.101,0.311606060606061
"3735",0.0696666666666667,0.101,0.151878787878788,0.201585858585859,NA
"3736",0.0812222222222222,0.0812222222222222,0.165626262626263,0.174868686868687,0.906171717171717
"3737",0.0613535353535354,0.122111111111111,0.337232323232323,0.337232323232323,0.337232323232323
"3738",0.0381212121212121,0.135040404040404,0.207848484848485,0.481080808080808,NA
"3739",0.152272727272727,0.152272727272727,0.158828282828283,0.50089898989899,0.50089898989899
"3740",0.0793939393939394,0.0794141414141414,0.0794141414141414,0.0794141414141414,0.383010101010101
"3741",0.057949494949495,0.057949494949495,0.180808080808081,0.180808080808081,0.180808080808081
"3742",0.0585959595959596,0.0736969696969697,0.194313131313131,0.221040404040404,0.293535353535354
"3743",0.15110101010101,0.15110101010101,0.207434343434343,0.207434343434343,0.359808080808081
"3744",0.0407878787878788,0.0595959595959596,0.092030303030303,0.437808080808081,NA
"3745",0.128111111111111,0.128111111111111,0.154282828282828,0.434717171717172,0.434717171717172
"3746",0.0746464646464647,0.0746464646464647,0.24189898989899,0.245121212121212,0.367818181818182
"3747",0.0594747474747475,0.0995656565656566,0.0995656565656566,0.175606060606061,0.31220202020202
"3748",0.0606060606060606,0.161030303030303,0.16730303030303,0.412969696969697,0.503676767676768
"3749",0.0579292929292929,0.151737373737374,0.154606060606061,0.154606060606061,NA
"3750",0.0441717171717172,0.0441717171717172,0.168969696969697,0.168969696969697,0.498515151515152
"3751",0.165878787878788,0.175757575757576,0.216555555555556,0.218212121212121,0.352585858585859
"3752",0.084989898989899,0.084989898989899,0.350676767676768,0.351323232323232,NA
"3753",0.10540404040404,0.106323232323232,0.204161616161616,0.221939393939394,0.403030303030303
"3754",0.0427373737373737,0.0789191919191919,0.139636363636364,0.139636363636364,0.139636363636364
"3755",0.0968181818181818,0.0968181818181818,0.160282828282828,0.160282828282828,NA
"3756",0.0424343434343434,0.0785959595959596,0.242474747474747,0.242474747474747,0.249242424242424
"3757",0.052989898989899,0.052989898989899,0.173343434343434,0.180939393939394,0.490747474747475
"3758",0.0623737373737374,0.0623737373737374,0.197262626262626,0.254929292929293,0.325909090909091
"3759",0.056959595959596,0.175,0.286989898989899,0.366767676767677,0.366767676767677
"3760",0.0696666666666667,0.0711919191919192,0.306424242424242,0.326535353535354,0.562929292929293
"3761",0.0942828282828283,0.257151515151515,0.262626262626263,0.262626262626263,0.416646464646465
"3762",0.0569191919191919,0.0569191919191919,0.287111111111111,0.578666666666667,NA
"3763",0.0487474747474748,0.162292929292929,0.256707070707071,0.325353535353535,0.464646464646465
"3764",0.0369393939393939,0.0804545454545455,0.186848484848485,0.303989898989899,0.303989898989899
"3765",0.0756969696969697,0.119010101010101,0.153090909090909,0.153090909090909,0.283010101010101
"3766",0.0694343434343434,0.101838383838384,0.101838383838384,0.407090909090909,0.457
"3767",0.100363636363636,0.100393939393939,0.231909090909091,0.231909090909091,0.258545454545455
"3768",0.037989898989899,0.056959595959596,0.221636363636364,0.307373737373737,NA
"3769",0.104686868686869,0.104686868686869,0.364919191919192,0.365020202020202,0.470323232323232
"3770",0.0561616161616162,0.112747474747475,0.172252525252525,0.172252525252525,0.214191919191919
"3771",0.0971212121212121,0.0971212121212121,0.111979797979798,0.159888888888889,0.899909090909091
"3772",0.075969696969697,0.169191919191919,0.209737373737374,0.209737373737374,0.251717171717172
"3773",0.0476565656565657,0.0476565656565657,0.133252525252525,0.408969696969697,0.409515151515152
"3774",0.15920202020202,0.15920202020202,0.220020202020202,0.220020202020202,0.220030303030303
"3775",0.0460707070707071,0.0540808080808081,0.204505050505051,0.204505050505051,0.204505050505051
"3776",0.0758686868686869,0.120171717171717,0.31679797979798,0.31679797979798,NA
"3777",NA,NA,NA,NA,NA
"3778",0.0610707070707071,0.0610707070707071,0.0792525252525253,0.216030303030303,0.390131313131313
"3779",0.0526161616161616,0.278777777777778,0.459707070707071,0.462666666666667,0.464393939393939
"3780",0.0571919191919192,0.102090909090909,0.102090909090909,0.102090909090909,0.419282828282828
"3781",0.0541212121212121,0.136555555555556,0.136757575757576,0.136757575757576,0.504121212121212
"3782",0.168535353535354,0.168535353535354,0.19230303030303,0.278969696969697,0.584313131313131
"3783",0.0656868686868687,0.188212121212121,0.228373737373737,0.228373737373737,0.499656565656566
"3784",0.0463535353535354,0.0463535353535354,0.318747474747475,0.464343434343434,0.464343434343434
"3785",0.0536262626262626,0.126010101010101,0.197262626262626,0.197262626262626,0.391676767676768
"3786",0.198969696969697,0.198969696969697,0.198969696969697,0.198969696969697,NA
"3787",0.0506262626262626,0.0551616161616162,0.252808080808081,0.323525252525253,0.83030303030303
"3788",0.0379191919191919,0.0542323232323232,0.355636363636364,0.355636363636364,0.565313131313131
"3789",0.0447171717171717,0.0619191919191919,0.190686868686869,0.256141414141414,NA
"3790",0.191131313131313,0.191949494949495,0.206010101010101,0.334727272727273,0.36720202020202
"3791",0.0609090909090909,0.104767676767677,0.249212121212121,0.27110101010101,0.27110101010101
"3792",0.0490505050505051,0.143363636363636,0.157141414141414,0.296131313131313,NA
"3793",0.101040404040404,0.101040404040404,0.288737373737374,0.288737373737374,NA
"3794",0.0592222222222222,0.176808080808081,0.218353535353535,0.296212121212121,0.296212121212121
"3795",0.0913232323232323,0.0913232323232323,0.221727272727273,0.285454545454545,0.382515151515152
"3796",0.0743232323232323,0.0743232323232323,0.32410101010101,0.335626262626263,0.335626262626263
"3797",0.050010101010101,0.0749393939393939,0.254212121212121,0.433222222222222,NA
"3798",0.0558585858585859,0.0558585858585859,0.243454545454545,0.425858585858586,0.467161616161616
"3799",0.119808080808081,0.241141414141414,0.241141414141414,0.260393939393939,0.37189898989899
"3800",0.0428484848484849,0.0537474747474748,0.206949494949495,0.206949494949495,NA
"3801",0.0664646464646465,0.0664646464646465,0.0951616161616162,0.0951616161616162,0.414171717171717
"3802",0.144565656565657,0.144565656565657,0.182565656565657,0.183686868686869,0.498777777777778
"3803",0.0672929292929293,0.144626262626263,0.364343434343434,0.457515151515152,0.689888888888889
"3804",0.160757575757576,0.160808080808081,0.37979797979798,0.440232323232323,0.465121212121212
"3805",0.0414545454545455,0.181676767676768,0.195363636363636,0.366090909090909,0.560727272727273
"3806",0.0584343434343434,0.13210101010101,0.245737373737374,0.245737373737374,0.443222222222222
"3807",0.0566363636363636,0.0566363636363636,0.202323232323232,0.202323232323232,0.425111111111111
"3808",0.0547070707070707,0.0547070707070707,0.288272727272727,0.288272727272727,0.390272727272727
"3809",0.105454545454545,0.105454545454545,0.238222222222222,0.238545454545455,0.880686868686869
"3810",0.0521111111111111,0.0521111111111111,0.177989898989899,0.524070707070707,NA
"3811",0.0979191919191919,0.214525252525253,0.255494949494949,0.379777777777778,NA
"3812",0.0656969696969697,0.0656969696969697,0.0688989898989899,0.273969696969697,0.682272727272727
"3813",0.16189898989899,0.16189898989899,0.192393939393939,0.281030303030303,0.444363636363636
"3814",0.040040404040404,0.040040404040404,0.147646464646465,0.147646464646465,0.653737373737374
"3815",0.0807676767676768,0.0807676767676768,0.231919191919192,0.231919191919192,0.250929292929293
"3816",0.067030303030303,0.067030303030303,0.120939393939394,0.120939393939394,0.646757575757576
"3817",0.0444343434343434,0.156838383838384,0.296,0.317464646464647,0.332222222222222
"3818",0.0782424242424243,0.0782424242424243,0.118505050505051,0.168767676767677,0.313919191919192
"3819",0.0541515151515152,0.0546363636363636,0.252939393939394,NA,NA
"3820",0.0573737373737374,0.0573737373737374,0.140949494949495,0.36989898989899,0.397040404040404
"3821",0.0320909090909091,0.0797878787878788,0.111424242424242,NA,NA
"3822",0.0479393939393939,0.088959595959596,0.295808080808081,0.295808080808081,NA
"3823",0.0787878787878788,0.0787878787878788,0.211222222222222,0.211222222222222,0.213828282828283
"3824",0.0561818181818182,0.0617474747474748,0.157,0.400747474747475,0.458606060606061
"3825",0.0781414141414142,0.126060606060606,0.126060606060606,0.324222222222222,0.372707070707071
"3826",0.0500909090909091,0.0667979797979798,0.200232323232323,0.200232323232323,0.314454545454545
"3827",0.0372727272727273,0.0941515151515152,0.0941515151515152,0.457272727272727,0.708777777777778
"3828",0.0574545454545455,0.0776868686868687,0.107959595959596,0.235232323232323,0.329181818181818
"3829",0.0581313131313131,0.108212121212121,0.156878787878788,0.156878787878788,0.58879797979798
"3830",0.0728282828282828,0.0728282828282828,0.170848484848485,0.428,0.428
"3831",0.0474646464646465,0.0614141414141414,0.341393939393939,0.34159595959596,0.34159595959596
"3832",0.153747474747475,0.153747474747475,0.248252525252525,0.276030303030303,0.276030303030303
"3833",0.0914545454545455,0.0914545454545455,0.316565656565657,0.316565656565657,0.316565656565657
"3834",0.119929292929293,0.119929292929293,0.292030303030303,0.292030303030303,0.412939393939394
"3835",0.0616767676767677,0.0688484848484849,0.0688484848484849,0.0688484848484849,0.655050505050505
"3836",0.057010101010101,0.0648888888888889,0.0648888888888889,0.0876060606060606,0.512474747474748
"3837",0.10959595959596,0.10959595959596,0.10959595959596,0.325535353535354,0.325535353535354
"3838",0.279979797979798,0.296484848484849,0.358222222222222,0.393707070707071,0.393707070707071
"3839",0.129505050505051,0.129505050505051,0.22820202020202,0.22820202020202,0.228707070707071
"3840",0.0505353535353535,0.0883535353535354,0.25540404040404,0.268888888888889,0.268888888888889
"3841",0.0420606060606061,0.144505050505051,0.420151515151515,0.420151515151515,0.513292929292929
"3842",0.0545656565656566,0.0545656565656566,0.206989898989899,0.206989898989899,0.500030303030303
"3843",0.048,0.0619090909090909,0.132060606060606,0.418474747474747,0.765373737373737
"3844",0.131989898989899,0.131989898989899,0.141292929292929,0.33979797979798,0.341313131313131
"3845",0.0595454545454545,0.0595454545454545,0.303333333333333,0.303333333333333,0.303333333333333
"3846",0.0993333333333333,0.0993333333333333,0.15569696969697,0.354747474747475,0.614747474747475
"3847",0.129929292929293,0.272707070707071,0.287020202020202,0.287020202020202,0.292343434343434
"3848",0.0630808080808081,0.200181818181818,0.200181818181818,0.205575757575758,0.205575757575758
"3849",0.0475656565656566,0.0475656565656566,0.222777777777778,0.222818181818182,0.388747474747475
"3850",0.0670606060606061,0.0670606060606061,0.194808080808081,0.293484848484849,0.351666666666667
"3851",0.0934242424242424,0.0967777777777778,0.0967777777777778,0.255636363636364,0.36320202020202
"3852",0.0445151515151515,0.157090909090909,0.157090909090909,0.357919191919192,0.388242424242424
"3853",0.0548181818181818,0.0548181818181818,0.207585858585859,0.207585858585859,0.363050505050505
"3854",0.138363636363636,0.138363636363636,0.16720202020202,0.383767676767677,0.39810101010101
"3855",0.105030303030303,0.209363636363636,0.224767676767677,0.394606060606061,0.555828282828283
"3856",0.0709090909090909,0.0709090909090909,0.0960707070707071,0.0960707070707071,0.200232323232323
"3857",0.0422222222222222,0.127424242424242,0.194282828282828,0.231808080808081,0.232010101010101
"3858",0.0727070707070707,0.0727070707070707,0.183585858585859,0.183888888888889,0.409919191919192
"3859",0.0460909090909091,0.0460909090909091,0.158888888888889,0.216707070707071,0.724606060606061
"3860",0.0552020202020202,0.131262626262626,0.255737373737374,0.302212121212121,0.473656565656566
"3861",0.0924242424242424,0.0924242424242424,0.240747474747475,0.303252525252525,0.303252525252525
"3862",0.0664242424242424,0.0664242424242424,0.198151515151515,0.520383838383838,NA
"3863",0.0472929292929293,0.0611313131313131,0.352151515151515,0.352151515151515,0.381464646464647
"3864",0.0512929292929293,0.0512929292929293,0.321252525252525,0.321252525252525,0.552171717171717
"3865",0.055040404040404,0.055040404040404,0.254626262626263,0.256313131313131,0.256313131313131
"3866",0.0432626262626263,0.0756767676767677,0.225363636363636,0.371676767676768,0.384262626262626
"3867",0.0555353535353535,0.0555353535353535,0.259818181818182,0.259818181818182,0.279737373737374
"3868",0.0507777777777778,0.0507777777777778,0.174353535353535,0.259090909090909,0.384252525252525
"3869",0.0518484848484849,0.0518484848484849,0.245626262626263,0.245626262626263,NA
"3870",0.119929292929293,0.119929292929293,0.17069696969697,0.362323232323232,0.362323232323232
"3871",0.107919191919192,0.107919191919192,0.140262626262626,0.520565656565657,0.520565656565657
"3872",0.0857272727272727,0.0857272727272727,0.338444444444444,0.33849494949495,0.341616161616162
"3873",0.132262626262626,0.132262626262626,0.199828282828283,0.285888888888889,0.329858585858586
"3874",0.073010101010101,0.073010101010101,0.073010101010101,0.21559595959596,0.591141414141414
"3875",0.0782121212121212,0.12679797979798,0.20249494949495,0.20249494949495,0.436989898989899
"3876",0.043979797979798,0.0932020202020202,0.210686868686869,0.381151515151515,0.505747474747475
"3877",0.0614848484848485,0.0614848484848485,0.227222222222222,0.227222222222222,0.558090909090909
"3878",0.133272727272727,0.133272727272727,0.186616161616162,0.448060606060606,0.637919191919192
"3879",0.122080808080808,0.122080808080808,0.184181818181818,0.283010101010101,0.380606060606061
"3880",0.0587878787878788,0.211737373737374,0.211737373737374,0.464656565656566,0.515414141414141
"3881",0.0485757575757576,0.0523838383838384,0.0663838383838384,0.0663838383838384,0.352727272727273
"3882",0.0571111111111111,0.0571111111111111,0.162757575757576,0.162757575757576,0.215131313131313
"3883",0.0869393939393939,0.0869393939393939,0.150242424242424,0.219050505050505,0.546989898989899
"3884",0.0866363636363637,0.130909090909091,0.130909090909091,0.257848484848485,0.327292929292929
"3885",0.0747878787878788,0.111373737373737,0.221838383838384,0.224454545454545,0.233343434343434
"3886",0.110828282828283,0.128555555555556,0.281353535353535,0.282262626262626,NA
"3887",0.112707070707071,0.112707070707071,0.219515151515152,0.220191919191919,0.412686868686869
"3888",0.122161616161616,0.122161616161616,0.122161616161616,0.395808080808081,0.395808080808081
"3889",0.0958282828282828,0.0958282828282828,0.199666666666667,0.358525252525253,0.509050505050505
"3890",0.0848888888888889,0.0858787878787879,0.282787878787879,0.403979797979798,NA
"3891",0.054969696969697,0.195444444444444,0.195444444444444,0.229949494949495,0.500515151515152
"3892",0.0593535353535354,0.0593535353535354,0.121515151515152,0.156181818181818,0.297858585858586
"3893",0.0538989898989899,0.0936969696969697,0.302717171717172,0.377313131313131,0.823181818181818
"3894",0.169959595959596,0.169959595959596,0.322808080808081,0.322808080808081,0.322808080808081
"3895",0.052040404040404,0.0621818181818182,0.243424242424242,0.243424242424242,0.243868686868687
"3896",0.0992222222222222,0.0993838383838384,0.136444444444444,0.387050505050505,0.649141414141414
"3897",0.0633030303030303,0.131919191919192,0.157141414141414,0.215151515151515,0.388424242424242
"3898",0.140505050505051,0.235555555555556,0.235555555555556,0.238606060606061,0.238606060606061
"3899",0.040030303030303,0.0672727272727273,0.0672727272727273,0.0672727272727273,0.299282828282828
"3900",0.119838383838384,0.205010101010101,0.205010101010101,0.38630303030303,0.38630303030303
"3901",0.0474848484848485,0.164050505050505,0.242222222222222,0.322717171717172,0.468767676767677
"3902",0.0423636363636364,0.0484242424242424,0.198757575757576,0.198757575757576,0.323727272727273
"3903",0.0396767676767677,0.052979797979798,0.106,0.106020202020202,0.325707070707071
"3904",0.0532424242424242,0.0584343434343434,0.163545454545455,0.163545454545455,0.163545454545455
"3905",0.0540707070707071,0.209828282828283,0.27610101010101,0.27610101010101,0.377050505050505
"3906",0.0425858585858586,0.0525858585858586,0.380676767676768,0.380676767676768,0.463858585858586
"3907",0.0649090909090909,0.0649090909090909,0.0649090909090909,0.0649090909090909,0.374262626262626
"3908",0.0616666666666667,0.172474747474748,0.327242424242424,0.327242424242424,0.327242424242424
"3909",0.0638585858585859,0.176606060606061,0.247414141414141,0.247414141414141,0.247414141414141
"3910",0.143525252525253,0.143525252525253,0.332878787878788,0.332878787878788,NA
"3911",0.0558787878787879,0.0558787878787879,0.207838383838384,0.207838383838384,0.275090909090909
"3912",0.0601010101010101,0.0601010101010101,0.136727272727273,0.136727272727273,0.142171717171717
"3913",0.108383838383838,0.108383838383838,0.270242424242424,0.315222222222222,0.464464646464647
"3914",0.060010101010101,0.0666262626262626,0.113252525252525,0.113252525252525,0.370383838383838
"3915",0.0699090909090909,0.14559595959596,0.227333333333333,0.227333333333333,0.227333333333333
"3916",0.101181818181818,0.101181818181818,0.101181818181818,0.101181818181818,0.287757575757576
"3917",0.0652727272727273,0.161989898989899,0.161989898989899,0.18989898989899,0.277363636363636
"3918",0.0618282828282828,0.121272727272727,0.39189898989899,0.39189898989899,0.39189898989899
"3919",0.0650505050505051,0.188959595959596,0.188959595959596,0.210747474747475,0.418636363636364
"3920",0.183959595959596,0.183959595959596,0.245161616161616,0.301262626262626,0.313929292929293
"3921",0.0481111111111111,0.213454545454545,0.226272727272727,0.226272727272727,0.352111111111111
"3922",0.042979797979798,0.0456868686868687,0.162505050505051,0.162505050505051,0.421666666666667
"3923",0.0505353535353535,0.110787878787879,0.370828282828283,0.390161616161616,NA
"3924",0.0771313131313131,0.142323232323232,0.179313131313131,0.179313131313131,0.507666666666667
"3925",0.0917474747474748,0.0943737373737374,0.423232323232323,0.423323232323232,0.558838383838384
"3926",0.067030303030303,0.140171717171717,0.198575757575758,0.305131313131313,0.305131313131313
"3927",0.0698484848484849,0.0698484848484849,0.0716161616161616,0.0716161616161616,0.393393939393939
"3928",0.0513333333333333,0.105080808080808,0.29049494949495,0.29049494949495,0.29049494949495
"3929",0.104444444444444,0.104444444444444,0.254646464646465,0.254646464646465,NA
"3930",0.0511919191919192,0.0511919191919192,0.233111111111111,0.233141414141414,0.376636363636364
"3931",0.057040404040404,0.057040404040404,0.209070707070707,0.287646464646465,NA
"3932",0.063020202020202,0.0992727272727273,0.0992727272727273,0.175353535353535,0.432474747474748
"3933",0.0554141414141414,0.0835757575757576,0.190565656565657,0.264484848484848,0.464909090909091
"3934",0.0438888888888889,0.270050505050505,0.27010101010101,0.27010101010101,0.361191919191919
"3935",0.129515151515152,0.129515151515152,0.275717171717172,0.275717171717172,0.370858585858586
"3936",0.0412020202020202,0.0608181818181818,0.267383838383838,0.267383838383838,0.353565656565657
"3937",0.0705959595959596,0.0705959595959596,0.102272727272727,0.102535353535354,0.314252525252525
"3938",0.0710909090909091,0.0710909090909091,0.324171717171717,0.412626262626263,0.414848484848485
"3939",0.143313131313131,0.143313131313131,0.215272727272727,0.217040404040404,0.217040404040404
"3940",0.0530606060606061,0.101919191919192,0.125929292929293,0.186616161616162,0.249121212121212
"3941",0.0889292929292929,0.0895050505050505,0.0895050505050505,0.168363636363636,0.39330303030303
"3942",0.0648787878787879,0.108151515151515,0.108151515151515,0.108151515151515,0.108151515151515
"3943",0.0871212121212121,0.0871212121212121,0.278131313131313,0.29369696969697,0.29369696969697
"3944",0.0404747474747475,0.0701212121212121,0.208616161616162,0.208616161616162,0.308525252525253
"3945",0.069969696969697,0.114080808080808,0.114080808080808,0.114080808080808,0.299191919191919
"3946",0.0593535353535354,0.0593535353535354,0.223262626262626,0.403707070707071,0.403707070707071
"3947",0.0645151515151515,0.139868686868687,0.26740404040404,0.26740404040404,NA
"3948",0.11310101010101,0.11310101010101,0.169515151515152,0.169515151515152,0.41820202020202
"3949",0.0448686868686869,0.0727474747474748,0.169808080808081,0.296949494949495,0.296949494949495
"3950",0.0635959595959596,0.0635959595959596,0.204626262626263,0.204626262626263,0.35549494949495
"3951",0.11489898989899,0.11489898989899,0.11489898989899,0.357989898989899,0.382727272727273
"3952",0.068010101010101,0.068010101010101,0.259868686868687,0.259868686868687,0.297959595959596
"3953",0.0666868686868687,0.0666868686868687,0.170727272727273,0.170727272727273,0.272939393939394
"3954",0.0465656565656566,0.192777777777778,0.192777777777778,0.192777777777778,0.468171717171717
"3955",0.053,0.126444444444444,0.286323232323232,0.286323232323232,0.286424242424242
"3956",0.0596262626262626,0.117464646464646,0.195272727272727,0.215434343434343,0.35530303030303
"3957",0.0958787878787879,0.234686868686869,0.234686868686869,0.23820202020202,0.23820202020202
"3958",0.184060606060606,0.208222222222222,0.267848484848485,0.360585858585859,0.360585858585859
"3959",0.170888888888889,0.197222222222222,0.319838383838384,0.327606060606061,0.441181818181818
"3960",0.0287676767676768,0.0493535353535354,0.190616161616162,0.198343434343434,0.198343434343434
"3961",0.0995555555555556,0.115020202020202,0.115020202020202,NA,NA
"3962",0.0513939393939394,0.0513939393939394,0.16240404040404,0.16240404040404,0.273292929292929
"3963",0.132444444444444,0.286707070707071,0.371373737373737,0.371373737373737,0.510111111111111
"3964",0.061989898989899,0.113,0.15430303030303,0.15430303030303,0.648575757575758
"3965",0.151606060606061,0.151606060606061,0.269848484848485,0.269848484848485,0.269848484848485
"3966",0.075020202020202,0.075020202020202,0.241181818181818,0.241181818181818,0.35710101010101
"3967",0.10589898989899,0.10589898989899,0.229666666666667,0.229666666666667,0.229666666666667
"3968",0.0522929292929293,0.143030303030303,0.256363636363636,0.256363636363636,0.507363636363636
"3969",0.0544040404040404,0.0817676767676768,0.300363636363636,0.309828282828283,0.309838383838384
"3970",0.108252525252525,0.147343434343434,0.252252525252525,0.252444444444444,0.384787878787879
"3971",0.0923333333333333,0.0927575757575758,0.320959595959596,0.320959595959596,0.320959595959596
"3972",0.0618282828282828,0.0618282828282828,0.0686565656565657,0.162313131313131,0.198727272727273
"3973",0.144444444444444,0.158222222222222,0.358070707070707,0.373010101010101,0.373313131313131
"3974",0.0643333333333333,0.146040404040404,0.337848484848485,0.337848484848485,0.511434343434343
"3975",0.0400606060606061,0.124191919191919,0.124212121212121,0.146505050505051,0.430737373737374
"3976",0.0567373737373737,0.15130303030303,0.15130303030303,0.217555555555556,0.51479797979798
"3977",0.0488686868686869,0.132131313131313,0.17449494949495,0.257575757575758,0.416252525252525
"3978",0.0655555555555556,0.0656262626262626,0.363272727272727,0.363272727272727,0.363272727272727
"3979",0.0473434343434343,0.0473434343434343,0.326474747474748,0.396858585858586,NA
"3980",0.0444444444444444,0.076979797979798,0.171343434343434,0.212090909090909,0.212555555555556
"3981",0.0357676767676768,0.137272727272727,0.248838383838384,0.392171717171717,0.393707070707071
"3982",0.155666666666667,0.165535353535354,0.166929292929293,0.284888888888889,0.356787878787879
"3983",0.150292929292929,0.150292929292929,0.150292929292929,0.343848484848485,0.343848484848485
"3984",0.0623030303030303,0.0623030303030303,0.262909090909091,0.262979797979798,0.507414141414141
"3985",0.0568383838383838,0.131262626262626,0.159212121212121,0.159212121212121,NA
"3986",0.0811414141414142,0.0813333333333333,0.227111111111111,0.233232323232323,0.384767676767677
"3987",0.0747575757575758,0.0747575757575758,0.0752020202020202,0.0752020202020202,0.218383838383838
"3988",0.0629090909090909,0.100838383838384,0.100838383838384,0.15840404040404,0.287717171717172
"3989",0.0798181818181818,0.116383838383838,0.144575757575758,0.144575757575758,0.369242424242424
"3990",0.0515656565656566,0.0515656565656566,0.226787878787879,0.259151515151515,0.259151515151515
"3991",0.074040404040404,0.074040404040404,0.242717171717172,0.278868686868687,0.562
"3992",0.0544040404040404,0.221888888888889,0.221888888888889,0.378616161616162,0.378909090909091
"3993",0.0657474747474747,0.11869696969697,0.464949494949495,0.464949494949495,0.464949494949495
"3994",0.0534949494949495,0.0924848484848485,0.234828282828283,0.411393939393939,0.411393939393939
"3995",0.0946868686868687,0.0946868686868687,0.109525252525253,0.17910101010101,0.54569696969697
"3996",0.0547272727272727,0.0547272727272727,0.150313131313131,0.150313131313131,0.558414141414141
"3997",0.064969696969697,0.064969696969697,0.125434343434343,0.125434343434343,0.161424242424242
"3998",0.0475959595959596,0.0826767676767677,0.296131313131313,0.296131313131313,0.779525252525253
"3999",0.148292929292929,0.148292929292929,0.201474747474748,0.313313131313131,0.40559595959596
"4000",0.121323232323232,0.121323232323232,0.193737373737374,0.324666666666667,0.395777777777778
"4001",0.0566363636363636,0.131909090909091,0.355393939393939,0.355505050505051,0.355505050505051
"4002",0.0777979797979798,0.172070707070707,0.251828282828283,0.31130303030303,0.363090909090909
"4003",0.0317070707070707,0.0843838383838384,0.0843838383838384,0.321525252525253,0.321575757575758
"4004",0.0633838383838384,0.17630303030303,0.361161616161616,0.463151515151515,0.463151515151515
"4005",0.0478080808080808,0.0478080808080808,0.186484848484849,0.508393939393939,NA
"4006",0.147040404040404,0.147040404040404,0.227383838383838,0.513181818181818,0.513181818181818
"4007",0.0614848484848485,0.0614848484848485,0.209414141414141,0.209414141414141,0.506181818181818
"4008",0.084959595959596,0.184373737373737,0.303020202020202,NA,NA
"4009",0.0656767676767677,0.0656767676767677,0.065969696969697,0.340707070707071,NA
"4010",0.0557171717171717,0.0611111111111111,0.390363636363636,0.390363636363636,0.390363636363636
"4011",0.102515151515152,0.102515151515152,0.282525252525253,0.317313131313131,NA
"4012",0.107616161616162,0.107616161616162,0.275686868686869,0.275717171717172,0.42120202020202
"4013",0.117494949494949,0.117494949494949,0.297686868686869,0.299020202020202,0.559888888888889
"4014",0.112141414141414,0.112141414141414,0.227393939393939,0.308858585858586,0.321191919191919
"4015",0.0553636363636364,0.100191919191919,0.106363636363636,0.106444444444444,0.630636363636364
"4016",0.0614747474747475,0.0614747474747475,0.13340404040404,0.134151515151515,0.134151515151515
"4017",0.0424141414141414,0.0626868686868687,0.172505050505051,0.28379797979798,0.394606060606061
"4018",0.0445353535353535,0.0974040404040404,0.108313131313131,0.378989898989899,NA
"4019",0.0541414141414141,0.0594141414141414,0.289424242424242,0.289424242424242,0.501323232323232
"4020",0.0692727272727273,0.197040404040404,0.288181818181818,0.290858585858586,0.322272727272727
"4021",0.0573838383838384,0.16989898989899,0.172383838383838,0.22769696969697,0.346525252525253
"4022",0.0467979797979798,0.0813333333333333,0.160828282828283,0.261232323232323,0.452050505050505
"4023",0.0467575757575758,0.0548585858585859,0.277121212121212,0.277121212121212,0.290484848484849
"4024",0.0470707070707071,0.12440404040404,0.12440404040404,0.282323232323232,0.322919191919192
"4025",0.0753232323232323,0.160545454545455,0.19640404040404,0.338959595959596,0.338959595959596
"4026",0.0386565656565657,0.0754141414141414,0.277888888888889,0.319525252525253,NA
"4027",0.0480707070707071,0.068979797979798,0.216878787878788,0.216878787878788,0.219121212121212
"4028",0.0586767676767677,0.0586767676767677,0.258959595959596,0.301161616161616,0.467838383838384
"4029",0.0664747474747475,0.0664747474747475,0.222888888888889,0.222888888888889,0.223111111111111
"4030",0.0442222222222222,0.0842424242424242,0.190747474747475,0.340676767676768,NA
"4031",0.0417575757575758,0.0443535353535354,0.0686161616161616,0.173,0.396515151515152
"4032",0.0741010101010101,0.0741010101010101,0.273393939393939,0.273393939393939,NA
"4033",0.0494141414141414,0.10579797979798,0.10579797979798,0.19659595959596,0.499262626262626
"4034",0.0943939393939394,0.0943939393939394,0.185454545454545,0.633656565656566,0.633656565656566
"4035",0.0427171717171717,0.139050505050505,0.229636363636364,0.314505050505051,0.314505050505051
"4036",0.0796262626262626,0.0796262626262626,0.0796262626262626,0.0896767676767677,0.243171717171717
"4037",0.128282828282828,0.128282828282828,0.167848484848485,0.167848484848485,0.32889898989899
"4038",0.108484848484848,0.140666666666667,0.219959595959596,0.219959595959596,0.392191919191919
"4039",0.0672020202020202,0.0813131313131313,0.169919191919192,0.169919191919192,NA
"4040",0.182484848484848,0.182484848484848,0.182484848484848,0.288323232323232,0.449808080808081
"4041",0.0766565656565657,0.107555555555556,0.163242424242424,0.319787878787879,NA
"4042",0.0982020202020202,0.0982020202020202,0.155343434343434,0.155343434343434,0.413252525252525
"4043",0.0475757575757576,0.197868686868687,0.366171717171717,0.366171717171717,0.366232323232323
"4044",0.0506464646464646,0.0605757575757576,0.0761919191919192,0.323353535353535,0.394161616161616
"4045",0.0536868686868687,0.0536868686868687,0.0803030303030303,0.215353535353535,0.429828282828283
"4046",0.0465050505050505,0.15310101010101,0.37749494949495,0.433111111111111,NA
"4047",0.0504242424242424,0.0504242424242424,0.169010101010101,0.348080808080808,0.41059595959596
"4048",0.133525252525253,0.160585858585859,0.161111111111111,0.161111111111111,0.161111111111111
"4049",0.0655858585858586,0.127373737373737,0.270939393939394,0.362050505050505,NA
"4050",0.101171717171717,0.101171717171717,0.105030303030303,0.105909090909091,NA
"4051",0.0471818181818182,0.0609393939393939,0.129929292929293,0.238737373737374,0.506525252525253
"4052",0.0585858585858586,0.138434343434343,0.28579797979798,0.288181818181818,0.425515151515152
"4053",0.0597373737373737,0.109454545454545,0.109454545454545,0.109454545454545,0.56259595959596
"4054",0.0330505050505051,0.0751111111111111,0.15069696969697,0.407555555555556,NA
"4055",0.0485959595959596,0.118060606060606,0.169111111111111,0.169111111111111,NA
"4056",0.0460707070707071,0.0533131313131313,0.258090909090909,0.259141414141414,0.259141414141414
"4057",0.0538787878787879,0.0538787878787879,0.16810101010101,0.16810101010101,0.208888888888889
"4058",0.0828888888888889,0.0828888888888889,0.244969696969697,0.244969696969697,0.430060606060606
"4059",0.0841515151515152,0.125646464646465,0.125646464646465,0.302525252525253,0.302525252525253
"4060",0.128151515151515,0.152737373737374,0.288444444444444,0.289333333333333,0.389333333333333
"4061",0.0537070707070707,0.0537070707070707,0.325161616161616,0.325181818181818,0.325181818181818
"4062",0.0744040404040404,0.0744040404040404,0.207,0.207,0.612232323232323
"4063",0.0419292929292929,0.0419292929292929,0.0498989898989899,0.225838383838384,NA
"4064",0.0813434343434344,0.0813434343434344,0.091030303030303,0.091030303030303,0.091030303030303
"4065",0.180818181818182,0.25779797979798,0.286030303030303,0.29549494949495,0.481111111111111
"4066",0.0498787878787879,0.212616161616162,0.384909090909091,0.384909090909091,0.58269696969697
"4067",0.073040404040404,0.0745353535353535,0.339040404040404,NA,NA
"4068",0.0836060606060606,0.0836060606060606,0.0867070707070707,0.0867070707070707,0.613272727272727
"4069",NA,NA,NA,NA,NA
"4070",0.0324545454545455,0.0476363636363636,0.161868686868687,0.196868686868687,0.196868686868687
"4071",0.0478888888888889,0.0572121212121212,0.196464646464646,0.20489898989899,NA
"4072",0.0495050505050505,0.0640404040404041,0.318878787878788,0.318878787878788,0.592535353535354
"4073",0.0506767676767677,0.0673939393939394,0.209212121212121,0.253060606060606,0.352646464646465
"4074",0.0451919191919192,0.0581919191919192,0.116626262626263,0.300515151515152,0.590818181818182
"4075",0.0981212121212121,0.119505050505051,0.223030303030303,0.343080808080808,NA
"4076",0.0561212121212121,0.130838383838384,0.152939393939394,0.152939393939394,0.297949494949495
"4077",0.0524949494949495,0.0661414141414142,0.0661414141414142,0.0937676767676768,0.310474747474748
"4078",0.0581010101010101,0.157919191919192,0.478767676767677,0.535272727272727,0.763313131313131
"4079",0.0502020202020202,0.116606060606061,0.213575757575758,0.213575757575758,0.216989898989899
"4080",0.046010101010101,0.046010101010101,0.220090909090909,0.220090909090909,NA
"4081",0.165636363636364,0.269363636363636,0.271444444444444,0.271444444444444,0.271444444444444
"4082",0.0801313131313131,0.0875353535353535,0.227616161616162,0.227616161616162,0.506848484848485
"4083",0.0716565656565657,0.164656565656566,0.279989898989899,0.458919191919192,0.499969696969697
"4084",0.0498282828282828,0.273454545454545,0.290616161616162,0.356777777777778,0.356777777777778
"4085",0.0552222222222222,0.0606161616161616,0.311414141414141,0.311414141414141,0.45989898989899
"4086",0.0343636363636364,0.0694141414141414,0.254515151515152,0.273464646464646,0.273464646464646
"4087",0.0767070707070707,0.107181818181818,0.162888888888889,0.165575757575758,0.165575757575758
"4088",0.0458282828282828,0.126222222222222,0.299666666666667,0.352373737373737,0.395232323232323
"4089",0.0490505050505051,0.241929292929293,0.241929292929293,0.241929292929293,0.241949494949495
"4090",0.112080808080808,0.120282828282828,0.22479797979798,0.22479797979798,0.282949494949495
"4091",0.092010101010101,0.092010101010101,0.132626262626263,0.132626262626263,0.132626262626263
"4092",0.0545757575757576,0.0545757575757576,0.234878787878788,0.353707070707071,0.353707070707071
"4093",0.110515151515152,0.110585858585859,0.352141414141414,0.397676767676768,0.397676767676768
"4094",0.047949494949495,0.104606060606061,0.335313131313131,0.335313131313131,0.564454545454546
"4095",0.138858585858586,0.138858585858586,0.326565656565657,0.326565656565657,0.326565656565657
"4096",0.0601414141414141,0.0601414141414141,0.238292929292929,0.238292929292929,0.360141414141414
"4097",0.137363636363636,0.137363636363636,0.317484848484849,0.317484848484849,0.318969696969697
"4098",0.071040404040404,0.071040404040404,0.196070707070707,0.196070707070707,NA
"4099",0.0448686868686869,0.0448686868686869,0.222575757575758,0.374838383838384,0.37489898989899
"4100",0.0364141414141414,0.0770606060606061,0.153262626262626,0.504414141414141,NA
"4101",0.0628787878787879,0.0628787878787879,0.493424242424242,NA,NA
"4102",0.133444444444444,0.133444444444444,0.286878787878788,0.445383838383838,0.445525252525253
"4103",0.0817575757575758,0.0817575757575758,0.238080808080808,0.238080808080808,0.238080808080808
"4104",0.0731111111111111,0.106919191919192,0.110919191919192,0.110919191919192,0.110919191919192
"4105",0.0617272727272727,0.0787777777777778,0.0794040404040404,0.142858585858586,0.396111111111111
"4106",0.0784343434343434,0.175040404040404,0.237757575757576,0.238,NA
"4107",0.0463131313131313,0.144929292929293,0.144929292929293,0.151939393939394,0.449757575757576
"4108",0.076030303030303,0.076030303030303,0.0776060606060606,0.0776060606060606,0.297636363636364
"4109",0.0525353535353535,0.0914343434343434,0.400666666666667,0.400666666666667,0.576737373737374
"4110",0.0642121212121212,0.166737373737374,0.314454545454545,0.314454545454545,0.346151515151515
"4111",0.0614040404040404,0.159040404040404,0.159060606060606,0.159060606060606,0.159060606060606
"4112",0.0371616161616162,0.0776363636363636,0.364212121212121,0.446474747474748,0.446474747474748
"4113",0.0593838383838384,0.0593838383838384,0.194969696969697,0.194989898989899,0.194989898989899
"4114",0.0751919191919192,0.279717171717172,0.307131313131313,0.307131313131313,0.348525252525253
"4115",0.0811717171717172,0.0811717171717172,0.113919191919192,0.370777777777778,0.370777777777778
"4116",0.0627878787878788,0.087,0.126969696969697,0.126969696969697,0.126969696969697
"4117",0.0742929292929293,0.24969696969697,0.307444444444444,0.307444444444444,0.347949494949495
"4118",0.11149494949495,0.11149494949495,0.11149494949495,0.11149494949495,0.359313131313131
"4119",0.0808787878787879,0.0808787878787879,0.126838383838384,0.237323232323232,0.615777777777778
"4120",0.111989898989899,0.111989898989899,0.254020202020202,0.254020202020202,0.255141414141414
"4121",0.122838383838384,0.122838383838384,0.221383838383838,0.221525252525253,0.235929292929293
"4122",0.0723232323232323,0.136484848484848,0.165525252525253,0.165525252525253,0.321181818181818
"4123",0.201949494949495,0.202,0.404040404040404,0.404040404040404,0.653424242424242
"4124",0.0544343434343434,0.0591313131313131,0.291808080808081,0.291808080808081,0.512131313131313
"4125",0.0771313131313131,0.182333333333333,0.182333333333333,0.182787878787879,0.685919191919192
"4126",0.0421919191919192,0.0624444444444444,0.186434343434343,0.193141414141414,0.193141414141414
"4127",0.0465656565656566,0.0808484848484849,0.0808484848484849,0.0822424242424243,0.621424242424242
"4128",0.179444444444444,0.216656565656566,0.285333333333333,0.287606060606061,0.563686868686869
"4129",0.102454545454545,0.102646464646465,0.361424242424242,0.361424242424242,0.366020202020202
"4130",0.0442424242424242,0.142131313131313,0.14220202020202,0.297646464646465,0.330727272727273
"4131",0.142383838383838,0.142383838383838,0.165282828282828,0.165282828282828,0.303030303030303
"4132",0.0484646464646465,0.0569292929292929,0.137222222222222,0.137222222222222,0.308010101010101
"4133",0.091959595959596,0.10920202020202,0.10920202020202,0.141030303030303,0.295383838383838
"4134",0.053040404040404,0.166525252525253,0.188535353535354,0.188555555555556,0.311161616161616
"4135",0.0967878787878788,0.0967878787878788,0.288575757575758,0.28859595959596,0.425575757575758
"4136",0.104686868686869,0.116777777777778,0.116919191919192,0.116919191919192,0.319777777777778
"4137",0.0380707070707071,0.0663030303030303,0.0663030303030303,0.282232323232323,0.572535353535354
"4138",0.0378585858585859,0.0786161616161616,0.122333333333333,0.258454545454545,0.397505050505051
"4139",0.150444444444444,0.150444444444444,0.166010101010101,0.259181818181818,0.259181818181818
"4140",0.114626262626263,0.114626262626263,0.122010101010101,0.337191919191919,0.337222222222222
"4141",0.0865151515151515,0.0903939393939394,0.237707070707071,0.335727272727273,NA
"4142",0.0472929292929293,0.120040404040404,0.140949494949495,0.212626262626263,0.440878787878788
"4143",0.0571919191919192,0.157020202020202,0.221555555555556,0.41210101010101,0.519080808080808
"4144",0.0447070707070707,0.0447070707070707,0.133141414141414,0.168838383838384,NA
"4145",0.053989898989899,0.208878787878788,0.264707070707071,0.264707070707071,0.624020202020202
"4146",0.0608585858585859,0.0675858585858586,0.230424242424242,0.369515151515152,0.411707070707071
"4147",0.092979797979798,0.092979797979798,0.226414141414141,0.226414141414141,0.226414141414141
"4148",0.058949494949495,0.154464646464646,0.154464646464646,0.154464646464646,0.217141414141414
"4149",0.0406969696969697,0.0754848484848485,0.317515151515152,0.317515151515152,0.455141414141414
"4150",0.0604242424242424,0.0604242424242424,0.253666666666667,0.253666666666667,0.455121212121212
"4151",0.165252525252525,0.165252525252525,0.171323232323232,0.171323232323232,0.627575757575758
"4152",0.0443838383838384,0.0892525252525253,0.213969696969697,0.239010101010101,0.46420202020202
"4153",0.101505050505051,0.101505050505051,0.387767676767677,0.388212121212121,0.645434343434343
"4154",0.0601616161616162,0.0601616161616162,0.0601616161616162,0.322383838383838,0.413111111111111
"4155",0.166161616161616,0.169636363636364,0.169636363636364,0.265757575757576,0.265757575757576
"4156",0.0862727272727273,0.0862727272727273,0.0862727272727273,0.150353535353535,0.150353535353535
"4157",0.0967777777777778,0.0967777777777778,0.0967777777777778,0.178555555555556,0.624070707070707
"4158",0.109060606060606,0.139353535353535,0.316656565656566,0.316656565656566,0.357767676767677
"4159",0.0499292929292929,0.0499292929292929,0.115383838383838,0.115383838383838,NA
"4160",0.0591414141414141,0.138868686868687,0.294939393939394,0.294939393939394,NA
"4161",0.0913939393939394,0.0913939393939394,0.23169696969697,0.23169696969697,0.23169696969697
"4162",0.11059595959596,0.17110101010101,0.17110101010101,0.171232323232323,0.171232323232323
"4163",0.047020202020202,0.0607777777777778,0.21210101010101,0.24610101010101,0.24610101010101
"4164",0.0540707070707071,0.179010101010101,0.304949494949495,0.387434343434343,0.405131313131313
"4165",0.0691717171717172,0.0691717171717172,0.17240404040404,0.25540404040404,0.323424242424242
"4166",0.074030303030303,0.074030303030303,0.0797777777777778,0.296070707070707,0.298030303030303
"4167",0.0597070707070707,0.127363636363636,0.156666666666667,0.156666666666667,0.648484848484849
"4168",0.101424242424242,0.101424242424242,0.123767676767677,0.123767676767677,0.417747474747475
"4169",0.0445757575757576,0.0777878787878788,0.257535353535354,0.257535353535354,0.545575757575758
"4170",0.0445454545454545,0.0445454545454545,0.202737373737374,0.202737373737374,NA
"4171",0.092949494949495,0.0955151515151515,0.268323232323232,0.268323232323232,0.431929292929293
"4172",0.0456060606060606,0.0524848484848485,0.243727272727273,0.243727272727273,0.243727272727273
"4173",0.0452626262626263,0.123393939393939,0.123393939393939,0.173282828282828,0.328010101010101
"4174",0.0605050505050505,0.0605050505050505,0.199646464646465,0.365454545454545,0.365454545454545
"4175",0.0768080808080808,0.155020202020202,0.227767676767677,0.227767676767677,0.296868686868687
"4176",0.0714444444444444,0.0872525252525253,0.0872525252525253,0.14979797979798,0.207747474747475
"4177",0.0585050505050505,0.0585050505050505,0.139080808080808,0.139080808080808,0.251090909090909
"4178",0.0957676767676768,0.0957676767676768,0.191626262626263,0.191626262626263,0.613727272727273
"4179",0.087010101010101,0.0871111111111111,0.166707070707071,0.276353535353535,NA
"4180",0.0438787878787879,0.0953737373737374,0.102272727272727,0.102272727272727,0.692393939393939
"4181",0.0551616161616162,0.0551616161616162,0.0551616161616162,0.397181818181818,0.584050505050505
"4182",0.0682020202020202,0.0682020202020202,0.230717171717172,0.377474747474748,0.597050505050505
"4183",0.0793434343434344,0.085989898989899,0.0864444444444444,0.247313131313131,NA
"4184",0.0564848484848485,0.0693535353535354,0.341121212121212,0.341121212121212,0.552727272727273
"4185",0.0411616161616162,0.0765959595959596,0.0885151515151515,0.239434343434343,0.381676767676768
"4186",0.0586969696969697,0.0586969696969697,0.330606060606061,0.330606060606061,0.330606060606061
"4187",0.0376262626262626,0.137949494949495,0.336020202020202,0.336020202020202,0.363878787878788
"4188",0.118737373737374,0.118737373737374,0.544151515151515,0.544151515151515,0.600525252525253
"4189",0.0991515151515152,0.193626262626263,0.193626262626263,0.328535353535354,0.465868686868687
"4190",0.0528484848484849,0.0528484848484849,0.218050505050505,0.218050505050505,0.218050505050505
"4191",0.0534040404040404,0.150959595959596,0.316030303030303,0.316030303030303,0.541414141414141
"4192",0.0502121212121212,0.261070707070707,0.353353535353535,0.353353535353535,0.362808080808081
"4193",0.0516363636363636,0.134868686868687,0.246373737373737,0.415010101010101,0.415010101010101
"4194",0.0562828282828283,0.171878787878788,0.234484848484849,0.234484848484849,0.32279797979798
"4195",0.0863434343434343,0.0863434343434343,0.112484848484848,0.254727272727273,0.462474747474748
"4196",0.057020202020202,0.241292929292929,0.241292929292929,0.260010101010101,0.260010101010101
"4197",0.156646464646465,0.156646464646465,0.215262626262626,0.215434343434343,0.285060606060606
"4198",0.141181818181818,0.141181818181818,0.286525252525253,0.286525252525253,0.318424242424242
"4199",0.0563737373737374,0.0563737373737374,0.231171717171717,0.231535353535354,0.358252525252525
"4200",0.0829191919191919,0.0829191919191919,0.293646464646465,0.293646464646465,0.317656565656566
"4201",0.105151515151515,0.206171717171717,0.206171717171717,0.207242424242424,0.214343434343434
"4202",0.186060606060606,0.186060606060606,0.268484848484848,0.312464646464647,0.312464646464647
"4203",0.108707070707071,0.108707070707071,0.238151515151515,0.238151515151515,0.413757575757576
"4204",0.092020202020202,0.158787878787879,0.30840404040404,0.370353535353535,0.468838383838384
"4205",0.131919191919192,0.174121212121212,0.276626262626263,0.276686868686869,0.276686868686869
"4206",0.0683939393939394,0.0772121212121212,0.285181818181818,0.285181818181818,0.506989898989899
"4207",0.0435050505050505,0.0586565656565657,0.276545454545455,0.276545454545455,0.276727272727273
"4208",0.0749191919191919,0.111919191919192,0.267191919191919,0.27259595959596,0.27259595959596
"4209",0.0561010101010101,0.0561010101010101,0.305383838383838,0.305383838383838,0.365959595959596
"4210",0.111191919191919,0.11120202020202,0.240191919191919,0.240191919191919,0.417383838383838
"4211",0.0744545454545455,0.0783333333333333,0.154929292929293,0.383383838383838,0.383383838383838
"4212",0.0564444444444444,0.0564444444444444,0.127323232323232,0.127323232323232,0.431757575757576
"4213",0.0585858585858586,0.218636363636364,0.218636363636364,0.221343434343434,0.312686868686869
"4214",0.0448686868686869,0.0555454545454546,0.0555454545454546,0.295232323232323,0.608686868686869
"4215",0.090040404040404,0.090040404040404,0.254959595959596,0.379464646464647,NA
"4216",0.0555858585858586,0.0556060606060606,0.0556060606060606,NA,NA
"4217",0.0592525252525253,0.152373737373737,0.406141414141414,0.406141414141414,0.580030303030303
"4218",0.0625151515151515,0.0694343434343434,0.197909090909091,0.274747474747475,0.595828282828283
"4219",0.0857979797979798,0.150939393939394,0.294313131313131,0.316515151515152,NA
"4220",0.0541111111111111,0.0541111111111111,0.293272727272727,0.293272727272727,NA
"4221",0.0625858585858586,0.0697070707070707,0.157959595959596,0.27479797979798,0.27479797979798
"4222",0.0448989898989899,0.136727272727273,0.230535353535354,0.230535353535354,0.230535353535354
"4223",0.0891313131313131,0.0892525252525253,0.163323232323232,NA,NA
"4224",0.0569191919191919,0.0569191919191919,0.258848484848485,0.258848484848485,0.465191919191919
"4225",0.046040404040404,0.0594848484848485,0.0594848484848485,0.293828282828283,0.376878787878788
"4226",0.118272727272727,0.118272727272727,0.217484848484849,0.217484848484849,0.388383838383838
"4227",0.0815151515151515,0.0815151515151515,0.119515151515152,0.212747474747475,0.317111111111111
"4228",0.0993939393939394,0.0993939393939394,0.317222222222222,0.317222222222222,0.429212121212121
"4229",0.045979797979798,0.101888888888889,0.263272727272727,0.263272727272727,0.273080808080808
"4230",0.0730808080808081,0.0730808080808081,0.279444444444444,0.404515151515152,0.442353535353535
"4231",0.0782222222222222,0.0782222222222222,0.161232323232323,0.183383838383838,0.412888888888889
"4232",0.0787171717171717,0.0787676767676768,0.244343434343434,0.244343434343434,0.286737373737374
"4233",0.0551515151515152,0.249888888888889,0.249888888888889,0.249888888888889,0.353424242424242
"4234",0.0377272727272727,0.11720202020202,0.292969696969697,0.292969696969697,NA
"4235",0.0510707070707071,0.168323232323232,0.198323232323232,0.212545454545455,NA
"4236",0.0479393939393939,0.130646464646465,0.130646464646465,0.185222222222222,0.381676767676768
"4237",0.0851111111111111,0.11389898989899,0.144050505050505,NA,NA
"4238",0.0633030303030303,0.0701818181818182,0.284959595959596,0.284959595959596,0.507636363636364
"4239",0.0575252525252525,0.201161616161616,0.21069696969697,0.21069696969697,0.21069696969697
"4240",0.0771212121212121,0.239919191919192,0.369565656565657,0.369565656565657,0.370414141414141
"4241",0.0619191919191919,0.185575757575758,0.254676767676768,0.31089898989899,0.573
"4242",0.0438383838383838,0.0758383838383838,0.18820202020202,0.18820202020202,NA
"4243",0.149343434343434,0.161464646464646,0.298828282828283,0.298828282828283,0.41689898989899
"4244",0.0632323232323232,0.0632323232323232,0.240111111111111,0.240121212121212,0.633151515151515
"4245",0.0548080808080808,0.0548080808080808,0.197838383838384,0.197838383838384,0.197838383838384
"4246",0.0487575757575758,0.0674848484848485,0.19940404040404,0.220525252525253,0.267232323232323
"4247",0.0506666666666667,0.0506666666666667,0.153454545454545,0.349010101010101,0.613373737373737
"4248",0.0776868686868687,0.102151515151515,0.102515151515152,0.309141414141414,0.512060606060606
"4249",0.0523838383838384,0.0523838383838384,0.105515151515152,0.424717171717172,NA
"4250",0.0604949494949495,0.0604949494949495,0.145393939393939,0.145393939393939,0.408888888888889
"4251",0.0487474747474748,0.151222222222222,0.295676767676768,0.300686868686869,NA
"4252",0.0523535353535354,0.0997575757575758,0.214343434343434,0.283979797979798,0.505474747474748
"4253",0.167636363636364,0.170323232323232,0.170323232323232,0.454050505050505,0.64689898989899
"4254",0.061030303030303,0.0821818181818182,0.0821818181818182,0.325060606060606,0.325060606060606
"4255",0.0779393939393939,0.225060606060606,0.370666666666667,0.378515151515152,0.430676767676768
"4256",0.111010101010101,0.111010101010101,0.326939393939394,0.326939393939394,0.333575757575758
"4257",0.0778989898989899,0.0778989898989899,0.403939393939394,0.403939393939394,0.403939393939394
"4258",0.0422121212121212,0.100232323232323,0.31959595959596,0.31959595959596,0.346383838383838
"4259",0.123141414141414,0.210636363636364,0.210636363636364,0.210636363636364,0.258656565656566
"4260",0.0753838383838384,0.138727272727273,0.240606060606061,0.240606060606061,0.498555555555556
"4261",0.126979797979798,0.126979797979798,0.15589898989899,0.297767676767677,0.569030303030303
"4262",0.0336363636363636,0.19149494949495,0.257666666666667,0.257666666666667,0.490949494949495
"4263",0.056030303030303,0.056030303030303,0.171919191919192,0.171919191919192,0.501545454545455
"4264",0.0576161616161616,0.161969696969697,0.240363636363636,0.240363636363636,NA
"4265",0.118,0.118010101010101,0.278414141414141,0.278414141414141,0.501080808080808
"4266",0.0571010101010101,0.108060606060606,0.165292929292929,0.171929292929293,NA
"4267",0.0754242424242424,0.0759191919191919,0.0824343434343434,0.157121212121212,0.259090909090909
"4268",0.172242424242424,0.172848484848485,0.172858585858586,0.228040404040404,0.228040404040404
"4269",0.0772727272727273,0.0772727272727273,0.253575757575758,0.294242424242424,0.325737373737374
"4270",0.0862727272727273,0.0862727272727273,0.226868686868687,0.226868686868687,NA
"4271",0.0538787878787879,0.0538787878787879,0.172181818181818,0.28040404040404,0.526505050505051
"4272",0.0541111111111111,0.0747070707070707,0.127888888888889,0.139060606060606,0.139060606060606
"4273",0.111838383838384,0.111838383838384,0.122242424242424,0.446323232323232,NA
"4274",0.0553030303030303,0.14179797979798,0.184040404040404,0.249080808080808,0.262161616161616
"4275",0.0453030303030303,0.0528484848484849,0.0528484848484849,0.403787878787879,0.443888888888889
"4276",0.0976969696969697,0.0982424242424243,0.115545454545455,0.171242424242424,0.171242424242424
"4277",0.178878787878788,0.272262626262626,0.272272727272727,0.272717171717172,0.421373737373737
"4278",0.0645454545454545,0.193333333333333,0.336484848484848,0.336484848484848,0.436868686868687
"4279",0.0501111111111111,0.107535353535354,0.107535353535354,0.510010101010101,0.552040404040404
"4280",0.0492626262626263,0.0577373737373737,0.271818181818182,0.29469696969697,0.516262626262626
"4281",0.0687979797979798,0.0687979797979798,0.241,0.407989898989899,NA
"4282",0.0595959595959596,0.0595959595959596,0.364878787878788,0.364878787878788,0.385313131313131
"4283",0.0574949494949495,0.0574949494949495,0.35869696969697,0.492424242424242,0.620444444444444
"4284",0.0454747474747475,0.0914949494949495,0.308676767676768,0.322585858585859,0.322585858585859
"4285",0.104050505050505,0.119464646464646,0.180959595959596,0.218919191919192,0.502787878787879
"4286",0.0803636363636364,0.0860909090909091,0.316323232323232,0.316323232323232,0.319535353535354
"4287",0.0497777777777778,0.0497777777777778,0.253656565656566,0.253656565656566,NA
"4288",0.181565656565657,0.181565656565657,0.181565656565657,0.183444444444444,0.189090909090909
"4289",0.046959595959596,0.0721414141414141,0.0721414141414141,0.282070707070707,0.445606060606061
"4290",0.0778484848484849,0.0778484848484849,0.228262626262626,0.313515151515152,NA
"4291",0.0465858585858586,0.0644343434343434,0.189555555555556,0.189555555555556,0.190272727272727
"4292",0.0440909090909091,0.0611111111111111,0.388161616161616,0.388161616161616,0.388161616161616
"4293",0.0611212121212121,0.0611212121212121,0.113373737373737,0.113373737373737,0.561737373737374
"4294",0.0481616161616162,0.077979797979798,0.152474747474747,0.232575757575758,0.413838383838384
"4295",0.0717474747474748,0.0854040404040404,0.0877070707070707,0.192939393939394,0.540151515151515
"4296",0.0546767676767677,0.161929292929293,0.372131313131313,0.372131313131313,0.452939393939394
"4297",0.0484545454545455,0.156080808080808,0.372989898989899,0.373575757575758,0.373575757575758
"4298",0.0511717171717172,0.0511717171717172,0.323121212121212,0.323121212121212,0.323121212121212
"4299",0.124020202020202,0.164818181818182,0.32779797979798,0.390060606060606,NA
"4300",0.0762222222222222,0.14510101010101,0.14510101010101,0.14510101010101,0.182606060606061
"4301",0.048010101010101,0.105292929292929,0.155636363636364,0.196808080808081,0.256777777777778
"4302",0.0402727272727273,0.0593737373737374,0.179050505050505,0.179050505050505,0.179050505050505
"4303",0.119333333333333,0.215878787878788,0.245686868686869,0.245686868686869,0.245686868686869
"4304",0.125616161616162,0.165262626262626,0.179515151515152,0.180151515151515,0.49530303030303
"4305",0.055020202020202,0.055020202020202,0.134676767676768,0.358616161616162,0.533121212121212
"4306",0.0406464646464647,0.0596868686868687,0.118333333333333,0.33330303030303,NA
"4307",0.0563333333333333,0.156545454545455,0.21510101010101,0.285020202020202,0.507040404040404
"4308",0.0486363636363636,0.155737373737374,0.155737373737374,0.302919191919192,NA
"4309",0.0498787878787879,0.0598989898989899,0.0598989898989899,0.109353535353535,0.447737373737374
"4310",0.0698888888888889,0.153858585858586,0.215808080808081,0.359111111111111,0.359111111111111
"4311",0.0558080808080808,0.114565656565657,0.183676767676768,0.396737373737374,0.39789898989899
"4312",0.0625252525252525,0.158292929292929,0.375373737373737,0.375373737373737,0.639646464646465
"4313",NA,NA,NA,NA,NA
"4314",0.0423838383838384,0.0450808080808081,0.113373737373737,0.113373737373737,0.437818181818182
"4315",0.0453838383838384,0.0453838383838384,0.0759292929292929,0.197222222222222,0.547737373737374
"4316",0.101292929292929,0.102040404040404,0.409171717171717,0.411838383838384,0.411838383838384
"4317",0.0804545454545455,0.0805353535353535,0.0805353535353535,0.335434343434343,0.337111111111111
"4318",0.0508080808080808,0.0763636363636364,0.281515151515152,0.281515151515152,0.411777777777778
"4319",0.0809191919191919,0.121484848484849,0.121939393939394,0.258858585858586,0.427979797979798
"4320",0.0634343434343434,0.0634343434343434,0.282313131313131,0.282313131313131,0.410636363636364
"4321",0.0541212121212121,0.0596161616161616,0.236818181818182,0.35310101010101,0.570414141414141
"4322",0.0425959595959596,0.0425959595959596,0.206282828282828,0.206282828282828,0.494949494949495
"4323",0.108040404040404,0.108232323232323,0.108232323232323,0.18549494949495,0.319929292929293
"4324",0.122161616161616,0.128343434343434,0.182020202020202,0.322656565656566,0.322656565656566
"4325",0.106858585858586,0.16359595959596,0.294808080808081,0.294808080808081,0.32210101010101
"4326",0.060010101010101,0.060010101010101,0.169858585858586,0.169858585858586,0.218676767676768
"4327",0.0565050505050505,0.130272727272727,0.314141414141414,0.346474747474747,0.346828282828283
"4328",0.105989898989899,0.15630303030303,0.217767676767677,0.21779797979798,0.44410101010101
"4329",0.0297070707070707,0.104676767676768,0.271111111111111,0.271131313131313,NA
"4330",0.111525252525253,0.111525252525253,0.141858585858586,0.268282828282828,0.268282828282828
"4331",0.066010101010101,0.110434343434343,0.266535353535354,0.365292929292929,0.389848484848485
"4332",0.0959292929292929,0.0959292929292929,0.278030303030303,0.278030303030303,0.455575757575758
"4333",0.0909393939393939,0.0909393939393939,0.27369696969697,0.296111111111111,0.454161616161616
"4334",0.0392222222222222,0.12710101010101,0.250393939393939,0.250393939393939,0.377383838383838
"4335",0.0421616161616162,0.285020202020202,0.285020202020202,0.285020202020202,0.464191919191919
"4336",0.123151515151515,0.123151515151515,0.139333333333333,0.319747474747475,0.437787878787879
"4337",0.0928686868686869,0.15230303030303,0.15230303030303,0.31349494949495,0.510838383838384
"4338",0.268646464646465,0.268646464646465,0.282919191919192,0.282919191919192,0.295212121212121
"4339",0.113212121212121,0.131454545454545,0.234161616161616,0.284838383838384,0.396171717171717
"4340",0.125525252525253,0.125525252525253,0.125525252525253,0.125909090909091,0.406474747474747
"4341",0.0726565656565657,0.0726565656565657,0.263333333333333,0.263333333333333,0.282292929292929
"4342",0.138131313131313,0.138131313131313,0.154757575757576,0.169878787878788,0.359636363636364
"4343",0.105454545454545,0.105454545454545,0.133505050505051,0.48959595959596,0.492151515151515
"4344",0.0474949494949495,0.0474949494949495,0.212020202020202,0.24920202020202,NA
"4345",0.110181818181818,0.168777777777778,0.293292929292929,0.365949494949495,0.365949494949495
"4346",0.0401818181818182,0.074959595959596,0.295323232323232,0.295323232323232,0.459
"4347",0.0594646464646465,0.0594646464646465,0.151191919191919,0.209454545454545,0.393191919191919
"4348",0.0313434343434343,0.119272727272727,0.158494949494949,0.250454545454545,NA
"4349",0.0521212121212121,0.0521212121212121,0.227373737373737,0.300030303030303,0.374121212121212
"4350",0.106949494949495,0.107222222222222,0.227858585858586,0.323919191919192,0.510282828282828
"4351",0.0759090909090909,0.0759090909090909,0.367050505050505,0.367050505050505,0.452676767676768
"4352",0.134949494949495,0.134949494949495,0.134949494949495,0.266676767676768,0.274686868686869
"4353",0.0529191919191919,0.0793737373737374,0.223989898989899,0.276757575757576,0.276757575757576
"4354",0.055030303030303,0.055030303030303,0.266030303030303,0.266030303030303,0.408121212121212
"4355",0.0425757575757576,0.0586161616161616,0.211939393939394,0.211939393939394,0.211939393939394
"4356",0.0497575757575758,0.13410101010101,0.18859595959596,0.18859595959596,0.403656565656566
"4357",0.0598181818181818,0.10359595959596,0.10359595959596,0.229939393939394,0.364070707070707
"4358",0.0754545454545455,0.0984848484848485,0.153171717171717,0.412606060606061,0.503555555555556
"4359",0.062030303030303,0.120626262626263,0.193616161616162,0.193616161616162,0.504727272727273
"4360",0.0542626262626263,0.073969696969697,0.365686868686869,0.544818181818182,NA
"4361",0.0433535353535354,0.189717171717172,0.189717171717172,0.19010101010101,0.57510101010101
"4362",0.0737272727272727,0.0737272727272727,0.251181818181818,0.358151515151515,0.358151515151515
"4363",0.0617373737373737,0.120585858585859,0.271949494949495,0.285888888888889,0.442515151515152
"4364",0.0354545454545455,0.0912121212121212,0.0912727272727273,NA,NA
"4365",0.174414141414141,0.174414141414141,0.238616161616162,0.319383838383838,0.319383838383838
"4366",0.0428383838383838,0.0694545454545455,0.149050505050505,NA,NA
"4367",0.0604949494949495,0.0604949494949495,0.189888888888889,0.189888888888889,NA
"4368",0.0512727272727273,0.239383838383838,0.345666666666667,0.348414141414141,0.348414141414141
"4369",0.0432121212121212,0.133363636363636,0.309080808080808,0.311747474747475,0.514848484848485
"4370",0.0743838383838384,0.100656565656566,0.197545454545455,0.232484848484849,0.323424242424242
"4371",0.204929292929293,0.204929292929293,0.205252525252525,0.205252525252525,0.205252525252525
"4372",0.0882121212121212,0.0882121212121212,0.0884242424242424,0.140616161616162,0.377292929292929
"4373",0.0418181818181818,0.0849191919191919,0.536606060606061,0.555828282828283,NA
"4374",0.0441515151515152,0.0553939393939394,0.0753535353535354,0.106020202020202,0.39340404040404
"4375",0.0423939393939394,0.0536262626262626,0.236282828282828,0.236868686868687,0.295616161616162
"4376",0.0562020202020202,0.0802828282828283,0.370727272727273,0.466060606060606,NA
"4377",0.0692626262626263,0.0761212121212121,0.114292929292929,0.114292929292929,0.518444444444444
"4378",0.0743939393939394,0.111070707070707,0.234363636363636,0.234454545454545,0.425262626262626
"4379",0.0468484848484849,0.0634949494949495,0.0634949494949495,0.170444444444444,0.253484848484848
"4380",0.049040404040404,0.184050505050505,0.184050505050505,0.184111111111111,0.215767676767677
"4381",0.0522828282828283,0.0695151515151515,0.27579797979798,0.356686868686869,0.444353535353535
"4382",0.0575858585858586,0.208868686868687,0.486585858585859,0.486585858585859,0.50659595959596
"4383",0.108777777777778,0.108777777777778,0.252414141414141,0.252414141414141,0.467353535353535
"4384",0.0743636363636364,0.104060606060606,0.111515151515152,0.111515151515152,0.224242424242424
"4385",0.0924848484848485,0.189777777777778,0.202242424242424,0.203575757575758,0.565494949494949
"4386",0.090030303030303,0.090030303030303,0.297171717171717,0.324616161616162,0.366313131313131
"4387",0.0596767676767677,0.144626262626263,0.14469696969697,0.230747474747475,0.41020202020202
"4388",0.0533030303030303,0.0652929292929293,0.275606060606061,0.275606060606061,0.451444444444444
"4389",0.0748585858585859,0.0748585858585859,0.258333333333333,0.258333333333333,0.413787878787879
"4390",0.0700808080808081,0.0700808080808081,0.215050505050505,0.447929292929293,0.447929292929293
"4391",0.0827373737373737,0.0827373737373737,0.0868080808080808,0.172353535353535,0.356393939393939
"4392",0.0472222222222222,0.154787878787879,0.271737373737374,0.285636363636364,0.504656565656566
"4393",0.0589292929292929,0.0589292929292929,0.395181818181818,0.428242424242424,0.428242424242424
"4394",0.0751818181818182,0.168727272727273,0.283222222222222,0.35979797979798,0.35979797979798
"4395",0.0399090909090909,0.0399090909090909,0.110262626262626,0.341323232323232,NA
"4396",0.0634646464646465,0.117282828282828,0.117282828282828,0.29810101010101,0.305080808080808
"4397",0.0782727272727273,0.198454545454545,0.214636363636364,0.268323232323232,0.268525252525253
"4398",0.0528989898989899,0.188767676767677,0.192232323232323,0.192242424242424,0.417878787878788
"4399",0.0843636363636364,0.0843636363636364,0.298434343434343,0.298434343434343,0.925333333333333
"4400",0.0513535353535354,0.129060606060606,0.253272727272727,0.39149494949495,NA
"4401",0.0535858585858586,0.0535858585858586,0.0622121212121212,0.285363636363636,0.454393939393939
"4402",0.0495252525252525,0.118323232323232,0.303272727272727,0.303272727272727,0.351737373737374
"4403",0.0975353535353535,0.0975353535353535,0.170838383838384,0.170838383838384,0.23579797979798
"4404",0.0607575757575758,0.232030303030303,0.322454545454545,0.361959595959596,0.428878787878788
"4405",0.0601414141414141,0.16930303030303,0.252767676767677,0.307444444444444,0.307444444444444
"4406",0.0553030303030303,0.0983434343434344,0.235363636363636,0.235363636363636,NA
"4407",0.054010101010101,0.128363636363636,0.28010101010101,0.296848484848485,0.322353535353535
"4408",0.0508484848484849,0.175020202020202,0.175020202020202,0.358757575757576,0.358757575757576
"4409",0.053989898989899,0.135989898989899,0.135989898989899,0.135989898989899,0.292181818181818
"4410",0.0671111111111111,0.137888888888889,0.273474747474747,0.273474747474747,0.334757575757576
"4411",0.0765757575757576,0.107111111111111,0.142757575757576,0.17320202020202,0.256464646464647
"4412",0.113515151515152,0.113515151515152,0.113515151515152,0.113515151515152,0.719474747474747
"4413",0.059,0.0646767676767677,0.210606060606061,0.210606060606061,0.355333333333333
"4414",0.0412727272727273,0.0412727272727273,0.508747474747475,0.508767676767677,0.745222222222222
"4415",0.0568787878787879,0.187565656565657,0.323454545454545,0.323454545454545,0.343040404040404
"4416",0.101393939393939,0.101393939393939,0.261323232323232,0.261323232323232,0.376141414141414
"4417",0.104868686868687,0.104868686868687,0.195383838383838,0.196050505050505,0.196050505050505
"4418",0.0626262626262626,0.131666666666667,0.241333333333333,0.241333333333333,0.325474747474748
"4419",0.0610505050505051,0.0766060606060606,0.276363636363636,0.276363636363636,0.276828282828283
"4420",0.0592020202020202,0.0592020202020202,0.19620202020202,0.19620202020202,0.359363636363636
"4421",0.0557171717171717,0.0557171717171717,0.16189898989899,0.170515151515152,0.171020202020202
"4422",0.0847171717171717,0.0847171717171717,0.352505050505051,0.352505050505051,0.353878787878788
"4423",0.0795454545454546,0.0795454545454546,0.261848484848485,0.261848484848485,0.347737373737374
"4424",0.0592020202020202,0.065020202020202,0.286828282828283,0.287070707070707,0.433868686868687
"4425",0.0501515151515152,0.14389898989899,0.143919191919192,0.189606060606061,0.32340404040404
"4426",0.0765959595959596,0.184090909090909,0.193888888888889,0.193888888888889,0.394808080808081
"4427",0.0576363636363636,0.100686868686869,0.174373737373737,0.174373737373737,0.570353535353535
"4428",0.103171717171717,0.118252525252525,0.302606060606061,0.302606060606061,0.302606060606061
"4429",0.0493232323232323,0.114565656565657,0.153,0.153,0.503535353535354
"4430",0.0936363636363636,0.21379797979798,0.214151515151515,0.268717171717172,0.268717171717172
"4431",0.0552323232323232,0.0552323232323232,0.163969696969697,0.164,NA
"4432",0.0555959595959596,0.12879797979798,0.373868686868687,0.374070707070707,0.42230303030303
"4433",0.0462626262626263,0.093,0.160424242424242,0.219171717171717,0.378131313131313
"4434",0.0550909090909091,0.170030303030303,0.273222222222222,0.289343434343434,0.352606060606061
"4435",0.0608686868686869,0.112545454545455,0.169727272727273,0.169727272727273,0.556484848484849
"4436",0.0506363636363636,0.0506363636363636,0.278747474747475,0.278747474747475,0.278747474747475
"4437",0.0772424242424243,0.114363636363636,0.257878787878788,0.450707070707071,0.450707070707071
"4438",0.0471818181818182,0.0471818181818182,0.362535353535354,0.365111111111111,0.365111111111111
"4439",0.151434343434343,0.151434343434343,0.173282828282828,0.532353535353535,0.538616161616162
"4440",0.0554040404040404,0.0554040404040404,0.331121212121212,0.331121212121212,0.506515151515152
"4441",0.0475151515151515,0.0475151515151515,0.149424242424242,0.149424242424242,0.223515151515152
"4442",0.0444444444444444,0.0893030303030303,0.0893030303030303,0.151313131313131,0.151313131313131
"4443",0.0624242424242424,0.123515151515152,0.165252525252525,0.237959595959596,0.520919191919192
"4444",0.0887575757575758,0.0934343434343434,0.285505050505051,0.285505050505051,NA
"4445",0.0565454545454546,0.0622424242424242,0.230606060606061,0.259191919191919,0.367505050505051
"4446",0.0361212121212121,0.148333333333333,0.148333333333333,0.148333333333333,0.507323232323232
"4447",0.0655959595959596,0.0952828282828283,0.0990505050505051,0.263313131313131,0.406262626262626
"4448",0.0426565656565657,0.174767676767677,0.204848484848485,0.204848484848485,0.204848484848485
"4449",0.0691010101010101,0.121616161616162,0.214555555555556,0.360030303030303,0.402212121212121
"4450",0.0771414141414141,0.131616161616162,0.299545454545455,0.410212121212121,0.410212121212121
"4451",0.0432323232323232,0.169090909090909,0.254848484848485,0.254848484848485,0.31440404040404
"4452",0.065989898989899,0.065989898989899,0.222,0.222,0.656454545454546
"4453",0.0890606060606061,0.090959595959596,0.0966060606060606,0.0966060606060606,0.191434343434343
"4454",0.0501010101010101,0.159292929292929,0.159292929292929,0.258272727272727,0.571686868686869
"4455",0.078959595959596,0.196939393939394,0.360262626262626,0.473939393939394,0.509969696969697
"4456",0.0746969696969697,0.112282828282828,0.112282828282828,0.282030303030303,0.282030303030303
"4457",0.0773434343434344,0.130373737373737,0.17589898989899,0.17589898989899,0.17710101010101
"4458",0.0825252525252525,0.0825252525252525,0.130151515151515,0.155060606060606,0.429060606060606
"4459",0.0442929292929293,0.0442929292929293,0.328717171717172,0.328717171717172,0.439636363636364
"4460",0.0456767676767677,0.0490606060606061,0.252141414141414,0.252141414141414,0.461060606060606
"4461",0.166989898989899,0.166989898989899,0.178656565656566,0.178656565656566,0.178656565656566
"4462",0.0961919191919192,0.0961919191919192,0.229656565656566,0.302848484848485,0.452272727272727
"4463",0.131515151515152,0.144252525252525,0.144252525252525,0.170040404040404,0.170040404040404
"4464",0.0673232323232323,0.140222222222222,0.176212121212121,0.176212121212121,0.453515151515152
"4465",0.0495151515151515,0.0495151515151515,0.210050505050505,0.256626262626263,0.256626262626263
"4466",0.0642121212121212,0.132838383838384,0.305939393939394,0.305939393939394,0.508272727272727
"4467",0.107838383838384,0.107848484848485,0.392464646464647,0.415828282828283,0.415828282828283
"4468",0.0464949494949495,0.0464949494949495,0.180454545454545,0.180454545454545,0.387535353535354
"4469",0.0566868686868687,0.162323232323232,0.36479797979798,0.364959595959596,0.375535353535354
"4470",0.175606060606061,0.271575757575758,0.280353535353535,0.301515151515152,0.39159595959596
"4471",0.0541010101010101,0.11859595959596,0.216282828282828,0.317929292929293,0.318414141414141
"4472",0.0808686868686869,0.0808686868686869,0.141777777777778,0.141777777777778,0.368010101010101
"4473",0.0720606060606061,0.208565656565657,0.208565656565657,0.208565656565657,0.210323232323232
"4474",0.0333838383838384,0.0522525252525253,0.0980808080808081,0.0980808080808081,0.367545454545455
"4475",0.0535151515151515,0.0535151515151515,0.230323232323232,0.253414141414141,0.419212121212121
"4476",0.0441010101010101,0.0441010101010101,0.351,0.410282828282828,0.701121212121212
"4477",0.0541212121212121,0.0588181818181818,0.19689898989899,0.236616161616162,0.398939393939394
"4478",0.061959595959596,0.175676767676768,0.175676767676768,0.179666666666667,0.29759595959596
"4479",0.054030303030303,0.148979797979798,0.148979797979798,0.279353535353535,0.451727272727273
"4480",0.0423838383838384,0.0752222222222222,0.0881010101010101,0.0881010101010101,0.354989898989899
"4481",0.0993434343434343,0.233979797979798,0.284606060606061,0.396343434343434,0.584686868686869
"4482",0.122909090909091,0.122909090909091,0.149222222222222,0.374292929292929,0.515606060606061
"4483",0.0544040404040404,0.075020202020202,0.324828282828283,0.383252525252525,0.383252525252525
"4484",0.113393939393939,0.113393939393939,0.113393939393939,0.332878787878788,0.402515151515152
"4485",0.110262626262626,0.145242424242424,0.145343434343434,0.145343434343434,0.368646464646465
"4486",0.0694545454545455,0.101343434343434,0.265121212121212,0.265121212121212,0.61810101010101
"4487",0.0526969696969697,0.118343434343434,0.119111111111111,0.50789898989899,0.512191919191919
"4488",0.0838989898989899,0.227494949494949,0.288828282828283,NA,NA
"4489",0.0492323232323232,0.0492323232323232,0.237272727272727,0.23730303030303,0.369989898989899
"4490",0.053020202020202,0.0703535353535354,0.37969696969697,0.38169696969697,0.540878787878788
"4491",0.0518080808080808,0.0518080808080808,0.158181818181818,0.158181818181818,0.412212121212121
"4492",0.0490808080808081,0.0796767676767677,0.325666666666667,0.417484848484849,0.417484848484849
"4493",0.187343434343434,0.203363636363636,0.203363636363636,0.320707070707071,0.343292929292929
"4494",0.0835858585858586,0.0835858585858586,0.198808080808081,0.214808080808081,0.507313131313131
"4495",0.046989898989899,0.055040404040404,0.26120202020202,0.261313131313131,0.712949494949495
"4496",0.0462525252525253,0.159212121212121,0.256464646464647,0.256464646464647,0.256464646464647
"4497",0.0370909090909091,0.0414646464646465,0.159656565656566,0.357808080808081,0.49910101010101
"4498",0.201808080808081,0.201808080808081,0.274242424242424,0.316151515151515,NA
"4499",0.125020202020202,0.160676767676768,0.220212121212121,0.22459595959596,0.241313131313131
"4500",0.0418686868686869,0.0518383838383838,0.0779090909090909,0.297313131313131,0.297313131313131
"4501",0.0822222222222222,0.157454545454545,0.438,0.458151515151515,NA
"4502",0.0536161616161616,0.159707070707071,0.161747474747475,0.170818181818182,0.170818181818182
"4503",0.0530606060606061,0.0576262626262626,0.345989898989899,0.355161616161616,0.370010101010101
"4504",0.128525252525253,0.128525252525253,0.224747474747475,0.224747474747475,0.690070707070707
"4505",0.0443636363636364,0.156979797979798,0.238222222222222,0.238222222222222,0.366969696969697
"4506",0.0428282828282828,0.0594141414141414,0.118666666666667,0.230414141414141,0.391939393939394
"4507",0.0614848484848485,0.140171717171717,0.147252525252525,0.147252525252525,0.424666666666667
"4508",0.0718888888888889,0.0718888888888889,0.20140404040404,0.278646464646465,0.368717171717172
"4509",NA,NA,NA,NA,NA
"4510",0.061010101010101,0.061010101010101,0.36169696969697,0.361707070707071,0.361707070707071
"4511",0.0490808080808081,0.0490808080808081,0.387161616161616,0.387161616161616,0.445464646464647
"4512",0.0474949494949495,0.0474949494949495,0.218727272727273,0.218727272727273,0.346606060606061
"4513",0.0458787878787879,0.152929292929293,0.28210101010101,0.28210101010101,0.419171717171717
"4514",0.161282828282828,0.161282828282828,0.234808080808081,0.234808080808081,0.658858585858586
"4515",0.218656565656566,0.296868686868687,0.296888888888889,0.349212121212121,0.349212121212121
"4516",0.0444545454545455,0.0559393939393939,0.155979797979798,0.284515151515152,0.506767676767677
"4517",0.0496666666666667,0.221050505050505,0.293555555555556,0.297111111111111,0.297222222222222
"4518",0.0887575757575758,0.0887575757575758,0.231020202020202,0.427070707070707,0.595242424242424
"4519",0.0495454545454546,0.0495454545454546,0.312151515151515,0.312656565656566,0.420191919191919
"4520",0.0444747474747475,0.0776161616161616,0.195636363636364,0.272424242424242,0.285020202020202
"4521",0.0573737373737374,0.14379797979798,0.323787878787879,0.323787878787879,0.417313131313131
"4522",0.0460505050505051,0.130767676767677,0.352777777777778,0.352777777777778,NA
"4523",0.0643434343434344,0.210292929292929,0.210292929292929,0.236828282828283,0.236828282828283
"4524",0.073,0.073969696969697,0.0848181818181818,0.0886666666666667,NA
"4525",0.187212121212121,0.187212121212121,0.19169696969697,0.252858585858586,0.352626262626263
"4526",0.0799292929292929,0.0799292929292929,0.0946666666666667,0.0946666666666667,0.785424242424242
"4527",0.0812121212121212,0.228242424242424,0.234818181818182,0.234818181818182,0.234818181818182
"4528",0.158111111111111,0.158111111111111,0.256363636363636,0.46759595959596,0.467919191919192
"4529",0.0607878787878788,0.0607878787878788,0.14059595959596,0.230646464646465,0.25369696969697
"4530",0.0463535353535354,0.0463535353535354,0.185434343434343,0.372939393939394,NA
"4531",0.115383838383838,0.115383838383838,0.361232323232323,0.361232323232323,0.371272727272727
"4532",0.0547979797979798,0.0596565656565657,0.182939393939394,0.182939393939394,0.623424242424242
"4533",0.217767676767677,0.219939393939394,0.280464646464646,0.28079797979798,0.28079797979798
"4534",0.12679797979798,0.269747474747475,0.336151515151515,0.336151515151515,0.449282828282828
"4535",0.164434343434343,0.16849494949495,0.16849494949495,0.219969696969697,0.303818181818182
"4536",0.0847777777777778,0.11349494949495,0.345757575757576,0.345757575757576,0.591626262626263
"4537",0.0440707070707071,0.0508989898989899,0.249030303030303,0.249030303030303,0.249030303030303
"4538",0.116030303030303,0.116030303030303,0.221181818181818,0.381373737373737,0.597505050505051
"4539",0.0566868686868687,0.290909090909091,0.290909090909091,0.290909090909091,0.814666666666667
"4540",0.0762929292929293,0.129161616161616,0.211868686868687,0.23089898989899,0.261959595959596
"4541",0.0627474747474747,0.0627474747474747,0.138474747474747,0.138474747474747,0.138474747474747
"4542",0.131828282828283,0.163888888888889,0.163888888888889,0.163888888888889,0.54230303030303
"4543",0.0534444444444444,0.0534444444444444,0.0534444444444444,0.254070707070707,0.442343434343434
"4544",0.137151515151515,0.137151515151515,0.242888888888889,0.242888888888889,0.375131313131313
"4545",0.131979797979798,0.131979797979798,0.199040404040404,0.258858585858586,0.327070707070707
"4546",0.0486565656565657,0.162090909090909,0.191666666666667,0.201949494949495,NA
"4547",0.0724242424242424,0.0724242424242424,0.160535353535354,0.160535353535354,0.55330303030303
"4548",0.0890606060606061,0.274959595959596,0.352787878787879,NA,NA
"4549",0.0458787878787879,0.0786969696969697,0.115333333333333,0.248080808080808,0.248080808080808
"4550",0.129737373737374,0.129737373737374,0.174090909090909,0.174090909090909,NA
"4551",0.0551919191919192,0.169959595959596,0.241363636363636,0.241363636363636,0.46740404040404
"4552",0.156151515151515,0.22720202020202,0.227636363636364,0.227636363636364,NA
"4553",0.0901010101010101,0.0901010101010101,0.13430303030303,0.13430303030303,0.428656565656566
"4554",0.0553939393939394,0.0698484848484849,0.275555555555556,0.275555555555556,0.494414141414141
"4555",0.124393939393939,0.124444444444444,0.177989898989899,0.177989898989899,0.351707070707071
"4556",0.0847474747474748,0.0847474747474748,0.100212121212121,0.157282828282828,0.222575757575758
"4557",0.0514949494949495,0.11189898989899,0.25369696969697,0.321757575757576,0.419131313131313
"4558",0.039030303030303,0.0916464646464647,0.0916464646464647,0.168919191919192,NA
"4559",0.0292929292929293,0.0544848484848485,0.263939393939394,NA,NA
"4560",0.0846969696969697,0.115323232323232,0.359161616161616,0.366424242424242,0.493222222222222
"4561",0.0508484848484849,0.0607878787878788,0.187050505050505,0.187050505050505,0.364292929292929
"4562",0.0533636363636364,0.182262626262626,0.196737373737374,0.196737373737374,0.607141414141414
"4563",0.0660909090909091,0.0744444444444445,0.152191919191919,0.152191919191919,0.302686868686869
"4564",0.041969696969697,0.126555555555556,0.126555555555556,0.126555555555556,0.213434343434343
"4565",0.0481818181818182,0.0623131313131313,0.181050505050505,0.181050505050505,0.448363636363636
"4566",0.0815959595959596,0.0816060606060606,0.201969696969697,0.201969696969697,0.516636363636364
"4567",0.107606060606061,0.107606060606061,0.117767676767677,0.385272727272727,0.385272727272727
"4568",0.059989898989899,0.059989898989899,0.059989898989899,0.172464646464646,0.172464646464646
"4569",0.0733636363636364,0.0733636363636364,0.0787373737373737,0.101222222222222,0.101222222222222
"4570",0.0822727272727273,0.0822727272727273,0.333010101010101,0.337868686868687,0.337868686868687
"4571",0.137343434343434,0.137343434343434,0.236090909090909,0.236090909090909,NA
"4572",0.0450808080808081,0.167313131313131,0.354757575757576,0.354757575757576,0.354757575757576
"4573",0.122090909090909,0.210050505050505,0.303878787878788,0.303878787878788,0.370878787878788
"4574",0.16889898989899,0.254363636363636,0.254363636363636,0.272585858585859,0.437646464646465
"4575",0.0478686868686869,0.061949494949495,0.134757575757576,0.134757575757576,0.134757575757576
"4576",0.0495454545454546,0.159484848484849,0.264919191919192,0.264919191919192,0.653242424242424
"4577",0.173565656565657,0.246262626262626,0.246262626262626,0.306626262626263,0.30969696969697
"4578",0.0480505050505051,0.172191919191919,0.255161616161616,0.505171717171717,0.505171717171717
"4579",0.0563232323232323,0.0618888888888889,0.0618888888888889,0.113888888888889,0.417929292929293
"4580",0.0790808080808081,0.0948282828282828,0.0990505050505051,0.207606060606061,0.207606060606061
"4581",0.0475151515151515,0.0475151515151515,0.256878787878788,0.444161616161616,0.50659595959596
"4582",0.0552424242424242,0.0552424242424242,0.198878787878788,0.198878787878788,0.377858585858586
"4583",0.0521616161616162,0.0521616161616162,0.0711212121212121,0.108080808080808,0.232646464646465
"4584",0.0528787878787879,0.0644646464646465,0.276121212121212,0.385727272727273,0.395040404040404
"4585",0.0662828282828283,0.0662828282828283,0.132141414141414,0.288828282828283,0.383020202020202
"4586",0.0473737373737374,0.0511010101010101,0.238848484848485,0.290949494949495,0.290949494949495
"4587",0.051959595959596,0.051959595959596,0.26049494949495,0.26049494949495,0.354888888888889
"4588",0.0664848484848485,0.071020202020202,0.0948686868686869,0.304151515151515,NA
"4589",0.052,0.195141414141414,0.20340404040404,0.206171717171717,0.614030303030303
"4590",0.0413838383838384,0.140818181818182,0.184161616161616,0.184161616161616,0.219434343434343
"4591",0.0481818181818182,0.0782222222222222,0.338959595959596,0.338959595959596,0.338959595959596
"4592",0.0565858585858586,0.145818181818182,0.244919191919192,0.244919191919192,NA
"4593",0.0478888888888889,0.192333333333333,0.275535353535354,0.290323232323232,0.297979797979798
"4594",0.0630505050505051,0.0796363636363636,0.278757575757576,0.320979797979798,0.320979797979798
"4595",0.0408787878787879,0.13069696969697,0.285414141414141,0.285414141414141,0.45810101010101
"4596",0.0475050505050505,0.0771414141414141,0.155343434343434,0.398393939393939,0.630818181818182
"4597",0.0563131313131313,0.0563131313131313,0.222252525252525,0.222252525252525,0.352444444444444
"4598",0.0517777777777778,0.172979797979798,0.260888888888889,0.260888888888889,NA
"4599",0.14320202020202,0.26659595959596,0.267414141414141,0.267414141414141,0.281989898989899
"4600",0.0685151515151515,0.120191919191919,0.217707070707071,0.294858585858586,0.417989898989899
"4601",0.036040404040404,0.0621818181818182,0.110858585858586,0.110858585858586,NA
"4602",0.0515252525252525,0.113090909090909,0.113090909090909,0.163909090909091,0.273575757575758
"4603",0.048020202020202,0.14889898989899,0.215767676767677,0.224666666666667,0.717888888888889
"4604",0.0442525252525253,0.0608383838383838,0.104868686868687,0.295333333333333,NA
"4605",0.0686262626262626,0.0686262626262626,0.0764444444444445,0.292484848484849,0.452050505050505
"4606",0.0408080808080808,0.0921515151515152,0.0921515151515152,0.152929292929293,0.499737373737374
"4607",0.0582828282828283,0.132747474747475,0.158454545454545,0.276929292929293,0.366
"4608",0.0786060606060606,0.0786060606060606,0.14320202020202,0.234565656565657,0.396707070707071
"4609",0.125616161616162,0.125616161616162,0.218141414141414,0.45010101010101,0.661606060606061
"4610",0.0622121212121212,0.0623333333333333,0.302424242424242,0.30279797979798,0.570020202020202
"4611",0.0901313131313131,0.0901313131313131,0.0901414141414141,0.343080808080808,0.373040404040404
"4612",0.0547373737373737,0.127676767676768,0.283393939393939,0.437575757575758,0.642929292929293
"4613",0.0451818181818182,0.0451818181818182,0.138838383838384,0.266757575757576,0.582393939393939
"4614",0.0882424242424242,0.162585858585859,0.185939393939394,0.185939393939394,0.348606060606061
"4615",0.0870707070707071,0.13030303030303,0.13030303030303,0.232161616161616,0.274191919191919
"4616",0.0393434343434343,0.0476060606060606,0.474323232323232,0.474323232323232,NA
"4617",0.0775454545454546,0.182606060606061,0.184212121212121,0.494858585858586,0.516161616161616
"4618",0.0466161616161616,0.0548282828282828,0.0757878787878788,0.271272727272727,0.345747474747475
"4619",0.0404545454545455,0.108333333333333,0.108818181818182,0.10889898989899,NA
"4620",0.0478989898989899,0.146121212121212,0.157858585858586,0.157858585858586,0.543818181818182
"4621",0.101848484848485,0.102484848484848,0.190474747474747,0.202535353535354,0.427252525252525
"4622",0.0623939393939394,0.210484848484848,0.210949494949495,0.210949494949495,0.210949494949495
"4623",0.0661818181818182,0.110626262626263,0.317717171717172,0.317717171717172,NA
"4624",0.0691212121212121,0.156868686868687,0.277070707070707,0.36440404040404,0.36440404040404
"4625",0.196474747474747,0.196474747474747,0.196474747474747,0.357616161616162,0.907535353535354
"4626",0.0485050505050505,0.0485050505050505,0.298474747474748,0.360676767676768,0.368282828282828
"4627",0.100313131313131,0.100313131313131,0.173828282828283,0.173828282828283,0.319242424242424
"4628",0.0765959595959596,0.130030303030303,0.439929292929293,0.439929292929293,0.555828282828283
"4629",0.0455252525252525,0.0957272727272727,0.0957272727272727,0.426565656565657,0.840272727272727
"4630",0.0462626262626263,0.0462626262626263,0.28440404040404,0.28440404040404,0.28440404040404
"4631",0.135979797979798,0.135979797979798,0.322090909090909,0.40389898989899,0.406636363636364
"4632",0.042030303030303,0.059979797979798,0.331444444444444,0.331444444444444,0.377363636363636
"4633",0.0462020202020202,0.138828282828283,0.138828282828283,0.293060606060606,0.550474747474748
"4634",0.0530808080808081,0.107272727272727,0.175414141414141,0.175414141414141,0.418161616161616
"4635",0.0568686868686869,0.0856060606060606,0.192656565656566,0.529373737373737,0.529373737373737
"4636",0.0712929292929293,0.146868686868687,0.14959595959596,0.14959595959596,0.333171717171717
"4637",0.0434646464646465,0.207363636363636,0.248131313131313,0.269,0.541848484848485
"4638",0.041030303030303,0.0504646464646465,0.291808080808081,0.291808080808081,0.291808080808081
"4639",0.0575858585858586,0.182383838383838,0.18259595959596,0.18259595959596,0.248636363636364
"4640",0.073949494949495,0.126414141414141,0.272050505050505,0.272050505050505,0.272050505050505
"4641",0.0402323232323232,0.0538383838383838,0.146919191919192,NA,NA
"4642",0.0738989898989899,0.074,0.209929292929293,0.209929292929293,0.281666666666667
"4643",0.0434444444444444,0.0758686868686869,0.293959595959596,0.293959595959596,NA
"4644",0.0402727272727273,0.132151515151515,0.325585858585859,0.325585858585859,0.509040404040404
"4645",0.0791212121212121,0.0791616161616162,0.0791616161616162,0.242939393939394,0.646252525252525
"4646",0.0426767676767677,0.0591111111111111,0.249252525252525,0.249252525252525,0.497959595959596
"4647",0.0840707070707071,0.182262626262626,0.182393939393939,0.182393939393939,0.360646464646465
"4648",0.0653636363636364,0.0653636363636364,0.26030303030303,0.33,0.362141414141414
"4649",0.0850606060606061,0.0850606060606061,0.211090909090909,0.211313131313131,0.347656565656566
"4650",0.0589292929292929,0.120232323232323,0.120616161616162,0.145808080808081,0.355828282828283
"4651",0.0907373737373737,0.0907373737373737,0.310212121212121,0.310212121212121,0.396363636363636
"4652",0.0462929292929293,0.152737373737374,0.274070707070707,0.274070707070707,0.452262626262626
"4653",0.0724242424242424,0.0724242424242424,0.24230303030303,0.418929292929293,0.559343434343434
"4654",0.0439393939393939,0.199111111111111,0.217555555555556,0.217555555555556,0.63740404040404
"4655",0.121010101010101,0.156121212121212,0.214888888888889,0.233858585858586,0.619171717171717
"4656",0.116191919191919,0.116191919191919,0.116262626262626,0.254909090909091,0.505161616161616
"4657",0.155141414141414,0.155141414141414,0.155141414141414,0.155212121212121,0.545454545454546
"4658",0.0603838383838384,0.128919191919192,0.349858585858586,0.349858585858586,0.377808080808081
"4659",0.0742727272727273,0.0742727272727273,0.0760606060606061,0.139939393939394,0.324535353535354
"4660",0.120232323232323,0.120232323232323,0.189959595959596,0.321686868686869,0.504161616161616
"4661",0.0556363636363636,0.0556363636363636,0.058949494949495,0.30149494949495,0.30149494949495
"4662",0.102454545454545,0.102575757575758,0.23740404040404,0.325787878787879,0.325787878787879
"4663",0.0470505050505051,0.0470505050505051,0.202676767676768,0.280121212121212,0.596575757575758
"4664",0.0485959595959596,0.0523535353535354,0.184505050505051,0.184505050505051,0.276393939393939
"4665",0.0574040404040404,0.0574040404040404,0.171323232323232,0.179333333333333,0.179333333333333
"4666",0.0556161616161616,0.121,0.345888888888889,0.35249494949495,NA
"4667",0.0631212121212121,0.0631212121212121,0.275151515151515,0.275151515151515,0.510393939393939
"4668",0.0982222222222222,0.101515151515152,0.252333333333333,0.252333333333333,0.252333333333333
"4669",0.0541919191919192,0.166727272727273,0.166757575757576,0.166757575757576,0.292373737373737
"4670",0.0755151515151515,0.0755151515151515,0.31020202020202,0.31020202020202,0.375626262626263
"4671",0.116515151515152,0.116515151515152,0.322424242424242,0.408575757575758,0.5
"4672",0.0773434343434344,0.10279797979798,0.132838383838384,0.135121212121212,0.135121212121212
"4673",0.109131313131313,0.109131313131313,0.112737373737374,0.273515151515152,0.427191919191919
"4674",0.280747474747475,0.280747474747475,0.319575757575758,0.331292929292929,0.335515151515152
"4675",0.0996666666666667,0.0997676767676768,0.195060606060606,0.195060606060606,0.439979797979798
"4676",0.0417171717171717,0.0417171717171717,0.313292929292929,0.313292929292929,0.635414141414141
"4677",0.113979797979798,0.153575757575758,0.153575757575758,0.153575757575758,0.320616161616162
"4678",0.0500808080808081,0.0750505050505051,0.245959595959596,0.250111111111111,0.378434343434343
"4679",0.0523939393939394,0.0523939393939394,0.17389898989899,0.256878787878788,0.396252525252525
"4680",0.0502929292929293,0.0542929292929293,0.231535353535354,0.231535353535354,0.462232323232323
"4681",0.0467676767676768,0.0467676767676768,0.300222222222222,0.365141414141414,0.365141414141414
"4682",0.0450606060606061,0.052979797979798,0.052979797979798,0.052979797979798,0.643373737373737
"4683",NA,NA,NA,NA,NA
"4684",0.077030303030303,0.176343434343434,0.176343434343434,0.231808080808081,0.379414141414141
"4685",0.109343434343434,0.109444444444444,0.288747474747475,0.302141414141414,0.302141414141414
"4686",0.116272727272727,0.286080808080808,0.334939393939394,0.334939393939394,0.497888888888889
"4687",0.032979797979798,0.196151515151515,0.345939393939394,0.368030303030303,NA
"4688",0.122878787878788,0.122878787878788,0.122878787878788,NA,NA
"4689",0.0431111111111111,0.128434343434343,0.209585858585859,0.360080808080808,0.566151515151515
"4690",0.0586060606060606,0.0735353535353535,0.173181818181818,0.177777777777778,0.415131313131313
"4691",0.0357272727272727,0.0478787878787879,0.142111111111111,0.318545454545455,0.506545454545455
"4692",0.0471111111111111,0.18779797979798,0.212585858585859,0.312282828282828,NA
"4693",0.0891313131313131,0.0891313131313131,0.270444444444444,0.270444444444444,0.622363636363636
"4694",0.0646464646464646,0.0646464646464646,0.326444444444444,0.446111111111111,0.632212121212121
"4695",0.0687676767676768,0.0773434343434344,0.305050505050505,0.305050505050505,0.34840404040404
"4696",0.0974646464646465,0.0974646464646465,0.190040404040404,0.231090909090909,0.34510101010101
"4697",0.044010101010101,0.0508383838383838,0.172606060606061,0.319636363636364,0.396323232323232
"4698",0.0456868686868687,0.194737373737374,0.295606060606061,0.296909090909091,NA
"4699",0.128959595959596,0.196080808080808,0.230737373737374,0.302282828282828,0.305505050505051
"4700",0.0541212121212121,0.143454545454545,0.253292929292929,0.253292929292929,NA
"4701",0.0464141414141414,0.0500909090909091,0.23169696969697,0.403464646464647,0.403464646464647
"4702",0.0510606060606061,0.0768989898989899,0.212323232323232,0.29540404040404,0.419484848484849
"4703",0.0367272727272727,0.120272727272727,0.120272727272727,0.186050505050505,0.249080808080808
"4704",0.0472323232323232,0.0555353535353535,0.318181818181818,0.324181818181818,0.505666666666667
"4705",0.0626565656565657,0.122888888888889,0.145434343434343,0.397262626262626,0.397262626262626
"4706",0.0341818181818182,0.0376565656565657,0.280666666666667,0.47140404040404,NA
"4707",0.0456262626262626,0.248222222222222,0.321010101010101,0.321010101010101,0.322818181818182
"4708",0.0643737373737374,0.124434343434343,0.247161616161616,0.247161616161616,NA
"4709",0.119636363636364,0.119636363636364,0.245868686868687,0.245868686868687,0.54520202020202
"4710",0.13010101010101,0.192727272727273,0.329878787878788,0.329878787878788,0.332393939393939
"4711",0.0819292929292929,0.0819292929292929,0.138757575757576,0.138757575757576,0.325919191919192
"4712",0.0466161616161616,0.0466161616161616,0.151010101010101,0.187636363636364,0.277222222222222
"4713",0.119161616161616,0.190414141414141,0.233171717171717,0.233606060606061,NA
"4714",0.0754040404040404,0.157626262626263,0.159010101010101,0.159010101010101,0.437545454545455
"4715",0.0549292929292929,0.0604646464646465,0.301333333333333,0.386484848484849,0.386484848484849
"4716",0.061010101010101,0.151535353535354,0.151535353535354,0.37189898989899,0.380030303030303
"4717",0.032010101010101,0.0439393939393939,0.170111111111111,0.179575757575758,0.383222222222222
"4718",0.0501212121212121,0.0541313131313131,0.262575757575758,0.349606060606061,0.349606060606061
"4719",0.11130303030303,0.114949494949495,0.121343434343434,0.259686868686869,0.259686868686869
"4720",0.0571515151515152,0.0571515151515152,0.079020202020202,0.155606060606061,0.230555555555556
"4721",0.077959595959596,0.077959595959596,0.0793838383838384,0.293585858585859,0.293626262626263
"4722",0.0566363636363636,0.0655555555555556,0.0655555555555556,0.440656565656566,0.440656565656566
"4723",0.146262626262626,0.150515151515152,0.150515151515152,0.241010101010101,0.293252525252525
"4724",0.0938080808080808,0.172464646464646,0.194535353535354,0.194555555555556,0.284191919191919
"4725",0.081989898989899,0.081989898989899,0.179434343434343,0.179434343434343,0.506727272727273
"4726",0.0431616161616162,0.114020202020202,0.207959595959596,0.213212121212121,0.506646464646465
"4727",0.0413434343434343,0.0552828282828283,0.181282828282828,0.181282828282828,0.181282828282828
"4728",0.0985151515151515,0.0991919191919192,0.342919191919192,0.342919191919192,0.345313131313131
"4729",0.118464646464646,0.128020202020202,0.139131313131313,0.210606060606061,0.417131313131313
"4730",0.0548080808080808,0.0601212121212121,0.0601212121212121,0.18389898989899,0.395292929292929
"4731",0.0486969696969697,0.0486969696969697,0.254121212121212,0.254121212121212,0.583080808080808
"4732",0.0569191919191919,0.0569191919191919,0.14330303030303,0.14330303030303,0.374505050505051
"4733",0.0481818181818182,0.263292929292929,0.264282828282828,0.264282828282828,0.396323232323232
"4734",0.0332020202020202,0.0466969696969697,0.228434343434343,0.382646464646465,0.382646464646465
"4735",0.0416464646464646,0.0544747474747475,0.28,NA,NA
"4736",0.0817171717171717,0.134626262626263,0.288838383838384,0.288838383838384,0.460828282828283
"4737",0.155646464646465,0.155646464646465,0.185646464646465,0.380848484848485,0.382010101010101
"4738",0.129838383838384,0.129838383838384,0.213616161616162,0.213616161616162,0.232252525252525
"4739",0.0443131313131313,0.123393939393939,0.222848484848485,0.244666666666667,0.312373737373737
"4740",0.105454545454545,0.105454545454545,0.15430303030303,0.349252525252525,0.552393939393939
"4741",0.0789292929292929,0.0789292929292929,0.125858585858586,0.125858585858586,0.375373737373737
"4742",NA,NA,NA,NA,NA
"4743",0.0708383838383838,0.0822525252525253,0.0822525252525253,0.235262626262626,0.306828282828283
"4744",0.0470505050505051,0.175949494949495,0.175949494949495,0.175949494949495,0.254191919191919
"4745",0.0763737373737374,0.0763737373737374,0.077030303030303,0.225080808080808,0.225080808080808
"4746",0.0667272727272727,0.0667272727272727,0.179747474747475,0.180373737373737,0.180373737373737
"4747",0.0530909090909091,0.0530909090909091,0.137111111111111,0.249929292929293,0.575939393939394
"4748",0.0855959595959596,0.0855959595959596,0.261222222222222,0.262919191919192,0.500040404040404
"4749",0.094979797979798,0.094979797979798,0.148878787878788,0.263383838383838,NA
"4750",0.0543535353535354,0.0543535353535354,0.209585858585859,0.694030303030303,NA
"4751",0.118818181818182,0.118818181818182,0.334121212121212,0.334121212121212,0.456424242424242
"4752",0.141656565656566,0.141656565656566,0.171050505050505,0.171050505050505,0.462808080808081
"4753",0.0447575757575758,0.0447575757575758,0.103393939393939,NA,NA
"4754",0.0533636363636364,0.207272727272727,0.207464646464646,0.207464646464646,0.421777777777778
"4755",0.0600707070707071,0.222090909090909,0.288171717171717,0.288171717171717,NA
"4756",0.0645858585858586,0.0810909090909091,0.259717171717172,0.260313131313131,0.507010101010101
"4757",0.0577373737373737,0.0704545454545455,0.165333333333333,0.165333333333333,0.23489898989899
"4758",0.0397979797979798,0.0583434343434343,0.151626262626263,0.319878787878788,0.564191919191919
"4759",0.0391414141414141,0.101272727272727,0.207616161616162,0.270878787878788,NA
"4760",0.0403939393939394,0.112656565656566,0.243050505050505,0.243050505050505,0.243050505050505
"4761",0.0540707070707071,0.177878787878788,0.219343434343434,0.354787878787879,0.451575757575758
"4762",0.0506464646464646,0.0551010101010101,0.235767676767677,0.439878787878788,0.439878787878788
"4763",0.0556565656565657,0.0613232323232323,0.0772222222222222,0.240070707070707,0.353505050505051
"4764",0.083030303030303,0.206313131313131,0.207252525252525,0.405868686868687,NA
"4765",0.0511212121212121,0.0770707070707071,0.25120202020202,0.25120202020202,0.25120202020202
"4766",0.17020202020202,0.17020202020202,0.225131313131313,0.225131313131313,0.652343434343434
"4767",0.0584747474747475,0.167717171717172,0.267606060606061,0.267606060606061,NA
"4768",0.122787878787879,0.165686868686869,0.165686868686869,0.240262626262626,0.245858585858586
"4769",0.0473030303030303,0.111717171717172,0.31240404040404,0.312565656565657,NA
"4770",0.097030303030303,0.250808080808081,0.271565656565657,0.271565656565657,0.280212121212121
"4771",0.0611717171717172,0.153707070707071,0.153707070707071,0.153707070707071,0.41340404040404
"4772",0.0555454545454546,0.130141414141414,0.323616161616162,0.414454545454545,0.455575757575758
"4773",0.0683333333333333,0.181727272727273,0.226030303030303,0.226030303030303,0.226030303030303
"4774",0.100121212121212,0.100181818181818,0.114393939393939,0.143040404040404,0.215050505050505
"4775",0.054,0.054,0.403505050505051,0.403505050505051,0.403505050505051
"4776",0.152676767676768,0.152676767676768,0.195979797979798,0.195979797979798,0.196070707070707
"4777",0.172373737373737,0.249858585858586,0.249919191919192,0.249919191919192,0.567767676767677
"4778",0.0864848484848485,0.109949494949495,0.11930303030303,0.337949494949495,0.337949494949495
"4779",0.179737373737374,0.179737373737374,0.18959595959596,0.18959595959596,0.426535353535354
"4780",0.107414141414141,0.107414141414141,0.174050505050505,0.216030303030303,0.258272727272727
"4781",0.0701515151515152,0.0701515151515152,0.277080808080808,0.29979797979798,0.354333333333333
"4782",0.0391515151515152,0.0589191919191919,0.199080808080808,0.199151515151515,0.450737373737374
"4783",0.0470808080808081,0.0820505050505051,0.302040404040404,0.302040404040404,0.302040404040404
"4784",0.0433535353535354,0.0755454545454546,0.0755454545454546,0.22279797979798,0.413030303030303
"4785",0.0978686868686869,0.0978686868686869,0.141464646464646,0.22610101010101,0.22610101010101
"4786",0.148151515151515,0.148151515151515,0.282525252525253,0.282525252525253,0.282525252525253
"4787",0.0446969696969697,0.0446969696969697,0.203070707070707,0.203070707070707,0.203070707070707
"4788",0.0476868686868687,0.0773737373737374,0.19720202020202,0.371080808080808,0.646959595959596
"4789",0.045,0.196373737373737,0.280050505050505,0.280050505050505,0.280939393939394
"4790",0.0579191919191919,0.0579191919191919,0.177686868686869,0.177858585858586,0.185161616161616
"4791",0.0838989898989899,0.0838989898989899,0.141242424242424,0.407757575757576,0.498373737373737
"4792",0.13779797979798,0.13779797979798,0.146949494949495,0.146949494949495,0.320090909090909
"4793",NA,NA,NA,NA,NA
"4794",0.0547979797979798,0.11089898989899,0.170575757575758,0.170575757575758,0.636060606060606
"4795",0.0674747474747475,0.198151515151515,0.198222222222222,0.378242424242424,0.453111111111111
"4796",0.0437676767676768,0.0757979797979798,0.130353535353535,0.130353535353535,0.37979797979798
"4797",0.0440909090909091,0.0553131313131313,0.336585858585859,0.336585858585859,0.702010101010101
"4798",0.123242424242424,0.126575757575758,0.126575757575758,0.217010101010101,0.502252525252525
"4799",0.0612121212121212,0.120606060606061,0.254878787878788,0.274585858585859,0.413929292929293
"4800",0.0578181818181818,0.169575757575758,0.169575757575758,0.169575757575758,0.423747474747475
"4801",0.121686868686869,0.121808080808081,0.121808080808081,0.173333333333333,0.221616161616162
"4802",0.116010101010101,0.191838383838384,0.261767676767677,0.307575757575758,NA
"4803",0.0564040404040404,0.078030303030303,0.161868686868687,0.232888888888889,0.351484848484849
"4804",0.0596868686868687,0.0622323232323232,0.0622323232323232,0.0622323232323232,0.552191919191919
"4805",0.0632929292929293,0.0632929292929293,0.13279797979798,0.236080808080808,0.467585858585859
"4806",0.0508686868686869,0.0508686868686869,0.255232323232323,0.351525252525253,0.506323232323232
"4807",0.0902121212121212,0.0902222222222222,0.315484848484849,0.315484848484849,0.318434343434343
"4808",0.11489898989899,0.11489898989899,0.127787878787879,0.251353535353535,0.31289898989899
"4809",0.0896464646464647,0.0896464646464647,0.368979797979798,0.461252525252525,0.461252525252525
"4810",0.057969696969697,0.185676767676768,0.18889898989899,0.18889898989899,0.268161616161616
"4811",0.101151515151515,0.101151515151515,0.102343434343434,0.156818181818182,0.598171717171717
"4812",0.0547373737373737,0.0978484848484849,0.160181818181818,0.302292929292929,0.302292929292929
"4813",0.0803838383838384,0.14459595959596,0.196454545454545,0.236242424242424,0.332161616161616
"4814",0.0652929292929293,0.0652929292929293,0.13440404040404,0.515666666666667,0.515666666666667
"4815",0.0373737373737374,0.0528282828282828,0.234505050505051,0.310282828282828,0.523393939393939
"4816",0.131393939393939,0.131393939393939,0.157040404040404,0.255727272727273,0.348767676767677
"4817",0.201565656565657,0.201565656565657,0.291909090909091,0.291909090909091,0.601727272727273
"4818",0.0642929292929293,0.145818181818182,0.357252525252525,0.454111111111111,0.510686868686869
"4819",0.0723838383838384,0.102989898989899,0.113242424242424,0.113242424242424,0.414242424242424
"4820",0.031989898989899,0.0526565656565657,0.223777777777778,0.295383838383838,NA
"4821",0.0995959595959596,0.208828282828283,0.208828282828283,0.288232323232323,0.632060606060606
"4822",0.152636363636364,0.152636363636364,0.187818181818182,0.187818181818182,0.374131313131313
"4823",0.0913535353535354,0.0915757575757576,0.142464646464646,0.347040404040404,0.347040404040404
"4824",0.0554444444444444,0.218939393939394,0.354767676767677,0.354767676767677,NA
"4825",0.0555555555555556,0.0555555555555556,0.296939393939394,0.351252525252525,0.787464646464647
"4826",0.053959595959596,0.139616161616162,0.181838383838384,0.435111111111111,0.511212121212121
"4827",0.0988080808080808,0.0988080808080808,0.244505050505051,0.244505050505051,0.244505050505051
"4828",0.0647171717171717,0.0735959595959596,0.0737272727272727,NA,NA
"4829",0.145030303030303,0.217636363636364,0.217636363636364,0.396515151515152,0.39659595959596
"4830",0.0403636363636364,0.0749090909090909,0.140949494949495,0.140949494949495,0.296181818181818
"4831",0.142656565656566,0.17330303030303,0.284414141414141,0.311343434343434,0.311343434343434
"4832",0.0424545454545455,0.0424545454545455,0.38120202020202,0.677282828282828,NA
"4833",0.0407676767676768,0.0754141414141414,0.220818181818182,0.220818181818182,0.294868686868687
"4834",0.0546565656565657,0.111232323232323,0.201343434343434,0.201343434343434,0.39279797979798
"4835",0.0594141414141414,0.0594141414141414,0.100020202020202,0.198989898989899,0.215393939393939
"4836",0.0793939393939394,0.172353535353535,0.172858585858586,0.257646464646465,0.465838383838384
"4837",0.11979797979798,0.11979797979798,0.14920202020202,0.14920202020202,0.14920202020202
"4838",0.0637171717171717,0.107666666666667,0.192535353535354,0.207373737373737,NA
"4839",0.159919191919192,0.159919191919192,0.191737373737374,0.272818181818182,0.272818181818182
"4840",0.0575656565656566,0.0575656565656566,0.0876565656565657,0.417393939393939,0.509131313131313
"4841",0.045030303030303,0.113505050505051,0.113505050505051,0.113505050505051,NA
"4842",0.0493232323232323,0.0635252525252525,0.144040404040404,0.164676767676768,0.398686868686869
"4843",0.0822020202020202,0.0822020202020202,0.196737373737374,0.259050505050505,0.367020202020202
"4844",0.197656565656566,0.197656565656566,0.197656565656566,0.197656565656566,0.449565656565657
"4845",0.0350707070707071,0.10420202020202,0.437757575757576,0.437757575757576,0.50210101010101
"4846",0.0558383838383838,0.167747474747475,0.186060606060606,0.224878787878788,0.244757575757576
"4847",0.123373737373737,0.123373737373737,0.434868686868687,0.553949494949495,0.694161616161616
"4848",0.161191919191919,0.161191919191919,0.259333333333333,0.259606060606061,0.411040404040404
"4849",0.0855454545454545,0.0855454545454545,0.210535353535354,0.307535353535354,0.619939393939394
"4850",0.0398888888888889,0.190959595959596,0.190959595959596,0.435343434343434,0.504111111111111
"4851",0.106262626262626,0.106262626262626,0.219111111111111,0.219111111111111,0.46040404040404
"4852",0.10579797979798,0.10579797979798,0.108030303030303,0.273555555555556,0.273555555555556
"4853",0.0528484848484849,0.0528484848484849,0.117070707070707,0.117070707070707,NA
"4854",0.0925757575757576,0.17669696969697,0.17669696969697,0.237373737373737,0.751848484848485
"4855",0.0820707070707071,0.0820707070707071,0.316868686868687,0.375111111111111,NA
"4856",0.0786767676767677,0.166828282828283,0.176727272727273,0.176727272727273,0.357111111111111
"4857",0.0776666666666667,0.0776666666666667,0.249191919191919,0.249191919191919,NA
"4858",0.100646464646465,0.102838383838384,0.167505050505051,0.167505050505051,NA
"4859",0.118040404040404,0.118040404040404,0.124737373737374,0.292666666666667,0.562090909090909
"4860",0.0495656565656566,0.0747979797979798,0.139858585858586,0.170636363636364,0.396989898989899
"4861",0.0543838383838384,0.0543838383838384,0.176444444444444,0.176444444444444,0.176444444444444
"4862",0.10120202020202,0.10120202020202,0.103757575757576,0.282414141414141,0.286313131313131
"4863",0.0844848484848485,0.0844848484848485,0.0844848484848485,0.0844949494949495,NA
"4864",0.166828282828283,0.17679797979798,0.248767676767677,0.248767676767677,0.463585858585859
"4865",0.111484848484848,0.146212121212121,0.146212121212121,0.337313131313131,0.337313131313131
"4866",0.0781010101010101,0.168979797979798,0.168979797979798,0.169010101010101,0.423656565656566
"4867",0.0527373737373737,0.0527373737373737,0.258313131313131,0.258313131313131,0.311555555555556
"4868",0.0535151515151515,0.186272727272727,0.408767676767677,0.408767676767677,0.408767676767677
"4869",0.0548989898989899,0.206393939393939,0.206393939393939,0.267393939393939,0.267393939393939
"4870",0.0755555555555556,0.0755555555555556,0.277050505050505,0.31279797979798,NA
"4871",0.127191919191919,0.127191919191919,0.168010101010101,0.219838383838384,0.401919191919192
"4872",0.155060606060606,0.155060606060606,0.22110101010101,0.476535353535354,NA
"4873",0.0455959595959596,0.0455959595959596,0.138313131313131,0.138313131313131,0.255717171717172
"4874",0.133010101010101,0.175363636363636,0.241464646464646,0.241464646464646,0.355171717171717
"4875",0.052,0.17840404040404,0.17840404040404,0.17840404040404,NA
"4876",NA,NA,NA,NA,NA
"4877",0.0425353535353535,0.056959595959596,0.135353535353535,0.135353535353535,0.135363636363636
"4878",0.0598787878787879,0.0878686868686869,0.168323232323232,0.288161616161616,0.28820202020202
"4879",0.0442929292929293,0.172171717171717,0.233636363636364,0.233636363636364,0.394828282828283
"4880",0.15340404040404,0.15340404040404,0.233373737373737,0.233373737373737,0.543727272727273
"4881",0.0516666666666667,0.157747474747475,0.157747474747475,0.176555555555556,0.176555555555556
"4882",0.0636767676767677,0.133030303030303,0.158636363636364,0.258525252525253,0.510979797979798
"4883",0.0842020202020202,0.0842020202020202,0.324676767676768,0.329868686868687,0.370575757575758
"4884",0.153171717171717,0.15430303030303,0.15430303030303,0.228313131313131,0.436737373737374
"4885",0.0338787878787879,0.0454444444444444,0.250040404040404,0.389727272727273,0.389727272727273
"4886",0.234343434343434,0.274161616161616,0.295333333333333,0.295333333333333,0.424434343434343
"4887",0.0935151515151515,0.0935151515151515,0.161282828282828,0.263545454545455,0.592121212121212
"4888",0.0566363636363636,0.0566363636363636,0.195828282828283,0.370181818181818,0.426434343434343
"4889",0.0518585858585859,0.0518585858585859,0.305434343434343,0.305434343434343,0.305434343434343
"4890",0.0542727272727273,0.126787878787879,0.252666666666667,0.252666666666667,0.317474747474748
"4891",0.054949494949495,0.101313131313131,0.101313131313131,0.242747474747475,0.360474747474748
"4892",0.108030303030303,0.109121212121212,0.142656565656566,0.142656565656566,NA
"4893",0.139434343434343,0.139434343434343,0.314939393939394,0.314939393939394,0.314939393939394
"4894",0.156393939393939,0.189060606060606,0.208131313131313,0.208131313131313,0.507707070707071
"4895",0.028040404040404,0.0476262626262626,0.233787878787879,0.373262626262626,0.417161616161616
"4896",0.0591111111111111,0.0591111111111111,0.246979797979798,0.246979797979798,0.311252525252525
"4897",0.0443333333333333,0.0772222222222222,0.303767676767677,0.307535353535354,0.506858585858586
"4898",0.0491717171717172,0.0491717171717172,0.163959595959596,0.165909090909091,NA
"4899",0.088020202020202,0.169525252525253,0.309484848484849,0.309484848484849,0.313848484848485
"4900",0.0734646464646465,0.0796767676767677,0.0796767676767677,0.278050505050505,0.278050505050505
"4901",0.0645656565656566,0.0727777777777778,0.147838383838384,0.147838383838384,0.318737373737374
"4902",0.0431818181818182,0.0635353535353535,0.106161616161616,0.106161616161616,0.354474747474747
"4903",0.117434343434343,0.208666666666667,0.208747474747475,0.274969696969697,0.286454545454545
"4904",0.039979797979798,0.0744343434343434,0.0744343434343434,0.253,0.396454545454546
"4905",0.0704343434343434,0.123161616161616,0.342292929292929,0.342363636363636,0.477969696969697
"4906",0.0676262626262626,0.171010101010101,0.242292929292929,0.242292929292929,0.350383838383838
"4907",0.19730303030303,0.19730303030303,0.281424242424242,0.281424242424242,0.349585858585859
"4908",0.168747474747475,0.168747474747475,0.168747474747475,0.178060606060606,NA
"4909",0.0760606060606061,0.0760606060606061,0.175414141414141,0.175414141414141,0.619222222222222
"4910",0.0931616161616162,0.111727272727273,0.384171717171717,0.421474747474748,0.421474747474748
"4911",0.0476767676767677,0.120242424242424,0.191787878787879,0.191787878787879,0.195242424242424
"4912",0.0642121212121212,0.0642121212121212,0.0967070707070707,0.0967070707070707,0.509939393939394
"4913",0.0406565656565657,0.0578181818181818,0.173242424242424,0.344979797979798,NA
"4914",0.0543333333333333,0.0597171717171717,0.239919191919192,0.242858585858586,0.414686868686869
"4915",0.0927070707070707,0.111515151515152,0.246161616161616,NA,NA
"4916",0.0693636363636364,0.106747474747475,0.234060606060606,0.444161616161616,0.55620202020202
"4917",0.0558282828282828,0.0680808080808081,0.171535353535354,0.274181818181818,0.361777777777778
"4918",0.0448383838383838,0.150777777777778,0.220161616161616,0.269757575757576,0.269757575757576
"4919",0.0894242424242424,0.0894242424242424,0.254616161616162,0.354929292929293,0.455030303030303
"4920",0.0476666666666667,0.102808080808081,0.102818181818182,0.205818181818182,0.405161616161616
"4921",0.0550808080808081,0.154212121212121,0.36240404040404,0.36240404040404,0.36240404040404
"4922",0.0589191919191919,0.0589191919191919,0.131434343434343,0.131434343434343,0.32369696969697
"4923",0.095979797979798,0.095979797979798,0.131353535353535,0.194444444444444,0.548707070707071
"4924",0.041959595959596,0.041959595959596,0.306171717171717,0.306171717171717,NA
"4925",0.0901717171717172,0.0901717171717172,0.319888888888889,0.319888888888889,0.42910101010101
"4926",0.0944949494949495,0.0944949494949495,0.0946464646464647,0.0946464646464647,0.259848484848485
"4927",0.0631515151515152,0.0631515151515152,0.133030303030303,0.133030303030303,0.322545454545455
"4928",0.104393939393939,0.104393939393939,0.334818181818182,0.334818181818182,0.364484848484849
"4929",0.0593333333333333,0.0660404040404041,0.337121212121212,0.337121212121212,0.342555555555556
"4930",0.171232323232323,0.171272727272727,0.223949494949495,0.236606060606061,NA
"4931",0.0557070707070707,0.0557070707070707,0.102141414141414,0.102141414141414,0.514151515151515
"4932",0.0734444444444445,0.0734444444444445,0.198565656565657,0.224959595959596,0.423858585858586
"4933",0.045979797979798,0.123373737373737,0.123373737373737,0.225838383838384,0.229060606060606
"4934",0.0652525252525253,0.305,0.391666666666667,0.398262626262626,0.398262626262626
"4935",0.0496565656565657,0.239050505050505,0.239050505050505,0.239050505050505,0.394080808080808
"4936",0.0891717171717172,0.0891717171717172,0.190464646464646,0.190464646464646,0.366292929292929
"4937",0.0823030303030303,0.166737373737374,0.220181818181818,0.26169696969697,0.363464646464646
"4938",0.0675050505050505,0.0675050505050505,0.148393939393939,0.148393939393939,0.236606060606061
"4939",0.0614848484848485,0.0614848484848485,0.350151515151515,0.350151515151515,0.350151515151515
"4940",0.134565656565657,0.148040404040404,0.148040404040404,0.148040404040404,0.177505050505051
"4941",0.137979797979798,0.137979797979798,0.234646464646465,0.292080808080808,0.356585858585859
"4942",0.101333333333333,0.101333333333333,0.220161616161616,0.224474747474747,0.310424242424242
"4943",0.0516565656565657,0.139010101010101,0.146242424242424,0.191878787878788,0.191878787878788
"4944",0.0726565656565657,0.0739393939393939,0.179939393939394,0.390666666666667,NA
"4945",0.0873737373737374,0.0873737373737374,0.279,0.27910101010101,0.382121212121212
"4946",0.0570808080808081,0.158949494949495,0.309626262626263,0.45059595959596,0.45059595959596
"4947",0.0946565656565657,0.0961515151515152,0.285535353535354,0.285535353535354,0.453848484848485
"4948",0.0771313131313131,0.153545454545455,0.172616161616162,0.413666666666667,0.50449494949495
"4949",0.0880606060606061,0.0880606060606061,0.296757575757576,0.352727272727273,0.395454545454546
"4950",0.0564949494949495,0.0780808080808081,0.233939393939394,0.234080808080808,0.239111111111111
"4951",0.0465757575757576,0.129080808080808,0.212414141414141,0.237282828282828,0.238181818181818
"4952",0.0814545454545455,0.102171717171717,0.148919191919192,0.538717171717172,NA
"4953",0.0427676767676768,0.0591616161616162,0.0743232323232323,0.363191919191919,0.363191919191919
"4954",0.0689191919191919,0.0754949494949495,0.0878787878787879,0.0878787878787879,0.44479797979798
"4955",0.0442828282828283,0.296888888888889,0.362808080808081,0.442969696969697,0.505505050505051
"4956",0.0949292929292929,0.0949292929292929,0.0949292929292929,0.0949292929292929,0.589525252525253
"4957",0.0411717171717172,0.141171717171717,0.423262626262626,0.442292929292929,0.442292929292929
"4958",0.0438888888888889,0.167050505050505,0.176676767676768,0.282676767676768,0.505151515151515
"4959",0.0388888888888889,0.159272727272727,0.23679797979798,0.287959595959596,0.287959595959596
"4960",0.0654848484848485,0.0654848484848485,0.084969696969697,0.084969696969697,NA
"4961",0.0626969696969697,0.0788181818181818,0.201333333333333,0.259727272727273,0.371282828282828
"4962",0.0786868686868687,0.154575757575758,0.277010101010101,0.34079797979798,0.340878787878788
"4963",0.0328989898989899,0.164050505050505,0.164050505050505,0.164050505050505,0.428474747474748
"4964",0.0674040404040404,0.0674040404040404,0.0706464646464647,0.282343434343434,0.282343434343434
"4965",0.0395151515151515,0.0395151515151515,0.092969696969697,0.092969696969697,0.253010101010101
"4966",0.0849393939393939,0.143050505050505,0.256454545454545,0.256454545454545,0.256454545454545
"4967",0.0515353535353535,0.169141414141414,0.169272727272727,0.169272727272727,0.255686868686869
"4968",0.0591313131313131,0.0743636363636364,0.210252525252525,0.240949494949495,0.240949494949495
"4969",0.0548888888888889,0.0548888888888889,0.111585858585859,0.217959595959596,0.274414141414141
"4970",0.0495151515151515,0.0806363636363636,0.228646464646465,0.228646464646465,0.327272727272727
"4971",0.103535353535354,0.103535353535354,0.21269696969697,0.273343434343434,0.564777777777778
"4972",0.0602020202020202,0.0602020202020202,0.116454545454545,0.116757575757576,0.196171717171717
"4973",0.0757575757575758,0.0757575757575758,0.0757575757575758,0.0757575757575758,0.252888888888889
"4974",0.0520606060606061,0.0784343434343434,0.185777777777778,0.382686868686869,0.383181818181818
"4975",0.0564646464646465,0.28749494949495,0.322292929292929,0.360686868686869,0.360707070707071
"4976",0.0460808080808081,0.126616161616162,0.222787878787879,0.222787878787879,0.222787878787879
"4977",0.0888383838383838,0.0888383838383838,0.344878787878788,0.344878787878788,0.34549494949495
"4978",0.103707070707071,0.129434343434343,0.129434343434343,0.207666666666667,0.218151515151515
"4979",0.0682121212121212,0.204979797979798,0.204979797979798,0.271343434343434,0.428868686868687
"4980",0.0359393939393939,0.173353535353535,0.251414141414141,0.251414141414141,NA
"4981",0.118343434343434,0.118343434343434,0.235373737373737,0.235373737373737,0.267636363636364
"4982",0.0502626262626263,0.0603030303030303,0.27949494949495,0.27949494949495,0.584777777777778
"4983",0.178373737373737,0.311454545454545,0.321363636363636,0.359676767676768,0.359808080808081
"4984",0.0515454545454545,0.177191919191919,0.291,0.401070707070707,0.600535353535354
"4985",0.0613737373737374,0.153060606060606,0.298989898989899,0.367626262626263,0.367626262626263
"4986",0.174555555555556,0.174929292929293,0.33340404040404,0.340616161616162,NA
"4987",0.0896868686868687,0.0914444444444445,0.122222222222222,0.583646464646465,NA
"4988",0.0447373737373737,0.0552828282828283,0.0552828282828283,0.318383838383838,0.388414141414141
"4989",0.0357676767676768,0.0535151515151515,0.274232323232323,0.285767676767677,NA
"4990",0.0683636363636364,0.0683636363636364,0.215707070707071,0.225414141414141,0.360989898989899
"4991",0.108151515151515,0.108151515151515,0.196060606060606,0.250383838383838,NA
"4992",0.112131313131313,0.112131313131313,0.264969696969697,0.264969696969697,0.394060606060606
"4993",0.0525858585858586,0.069949494949495,0.184434343434343,0.233080808080808,0.255737373737374
"4994",0.0792525252525253,0.0792525252525253,0.163131313131313,0.402555555555556,NA
"4995",0.0482323232323232,0.220292929292929,0.302545454545455,0.302545454545455,0.457555555555556
"4996",0.0463333333333333,0.0596565656565657,0.154636363636364,0.232848484848485,0.416070707070707
"4997",0.178707070707071,0.178707070707071,0.327757575757576,NA,NA
"4998",0.115222222222222,0.115323232323232,0.115323232323232,0.281,0.281
"4999",0.055,0.0756363636363636,0.171313131313131,0.504929292929293,0.705585858585859
"5000",0.0581212121212121,0.132949494949495,0.23640404040404,0.23640404040404,0.592747474747475
