"","V1","V2","V3","V4","V5"
"1",0.952379725390269,0.963523187799612,0.655084383401308,0.753371800865166,0.869779854338945
"2",0.911702984892473,0.837612477569762,0.670746328861843,0.67620111164033,0.807866709556222
"3",0.9745635647338,0.954506667587781,0.757940914766303,0.8183718934184,0.960062004068373
"4",0.965941160280066,0.921148660970611,0.762430476773127,0.768318378983483,NA
"5",0.958390585498442,0.844111676048788,0.648378288293171,0.718056255379413,0.87175258933648
"6",0.93143083777859,0.908392483439531,0.768713052600991,0.832527322764453,0.843594492388874
"7",0.936315798085436,0.954347448244526,0.777453077973623,0.846655649661578,NA
"8",0.928509461863278,0.840742759448622,0.904308368233051,0.941032303490717,0.953470790246233
"9",0.958860501294226,0.94926065588242,0.709378704526155,0.795595322740479,0.910676317790106
"10",0.968555751123241,0.992123019923419,0.802699159923135,0.864489215230169,0.86932314953445
"11",0.966272175089185,0.920382708259045,0.688977720032342,0.773974772985879,0.865731027280737
"12",0.95537592245415,0.905946098442651,0.735619766034261,0.821162804149703,0.847603652018039
"13",0.901343362839354,0.917244062732723,0.814266503059743,0.890645813374262,0.991883234957784
"14",0.907051212786631,0.921069121365384,0.84707375038254,0.884237828698315,NA
"15",0.946753274083794,0.761307100432193,0.819520559473795,0.841405573207344,0.980629935448507
"16",0.962327298694867,0.8518286453373,0.851348713501695,0.913782617204139,0.782812723404462
"17",0.944154500130318,0.955495865436658,0.672996856436107,0.750397512203268,0.865118288146057
"18",0.877135845666757,0.867927025247273,0.751720393325739,0.748893425656835,NA
"19",0.955010011906111,0.963947276413146,0.596066840883958,0.682214595999244,0.799180193980706
"20",0.859063565859009,0.866239958842298,0.740550899515661,0.794569071629698,0.910272587296054
"21",0.94153114210224,0.959185649327956,0.874160029556216,0.935582413654221,1.02248877093491
"22",0.870190977603984,0.771238341488485,0.692545406141539,0.788511411131727,0.881536107947656
"23",0.958089876374348,0.960898517824299,0.770260956919139,0.854682880014108,0.965386823509108
"24",0.972915770501654,0.986336150089024,0.804643130214082,0.764875400436828,0.902734981345058
"25",0.962946320437384,0.973312560687119,0.730262904980479,0.829258077067657,0.724044726508987
"26",0.966526278300325,0.963620685798492,0.74729823431812,0.801621401283626,0.928613481812853
"27",0.949787504844931,0.936983317020585,0.788990984774643,0.799315133871579,0.833070735778465
"28",0.894221171766026,0.907896031852827,0.73993785137142,0.792168890899097,0.910515191749858
"29",0.952717506433981,0.853519074916623,0.823423762680778,0.779634723539089,0.818853711504042
"30",0.926448427201745,0.936865656709389,0.758900780178994,0.839377755854306,NA
"31",0.963273121950357,0.979484814626819,0.704563608192257,0.799635850176883,0.92091436116421
"32",0.960961524653937,0.980383539851562,0.736919473265972,0.808310621328235,0.928362191925887
"33",0.957680282392096,0.909896212920585,0.766474827129949,0.817515080189017,0.953448321121607
"34",0.961532900731363,0.867914616182967,0.810525646417408,0.893326547506663,0.942744040509626
"35",0.92920769948616,0.934913975230332,0.759774387465207,NA,NA
"36",0.968892909230309,0.991545739344659,0.859121542478474,0.910494710157331,1.02925631347801
"37",0.847719886615018,0.857779829263389,0.680829972258036,0.757622127424336,0.8877976794196
"38",0.969688146106923,0.883914654811455,0.698318195098094,0.764958342974571,0.865123455471437
"39",0.966079687645889,0.892054892706347,0.775806923974511,0.857316045715322,NA
"40",0.965948619269045,0.96654063245601,0.877227174864091,0.764456183358351,0.851863921013595
"41",0.98490026187128,0.971085403873266,0.798246372187675,0.725200889511502,NA
"42",0.824291711830427,0.839373379249403,0.704627602055566,0.806654575988481,0.919566253528152
"43",0.960942167285702,0.97125434807229,0.743664520510848,0.691156627513272,0.836018174720827
"44",0.952817009310613,0.874192245689097,0.769988212189167,0.838158131034731,0.952783128889738
"45",0.921326095517029,0.936857259842282,0.747297697790535,0.820420978603926,0.927510821122284
"46",0.974280385926991,0.953124145805406,0.744965598598082,0.80561355619749,0.922668321204905
"47",0.966930116715739,0.984641455645137,0.663293877360707,0.750377033625998,0.908282756656276
"48",0.954715696590917,0.898335715350011,0.675184741772284,0.75172709223331,0.872310537669395
"49",0.947050035548362,0.953410328286078,0.747282617991538,0.814936151530598,0.929666215400895
"50",0.894212184346087,0.902970525095464,0.790804572306258,0.858974226176817,0.86036607114384
"51",0.925955728176268,0.947376478771718,0.827788262616702,0.85488084148716,0.933824829306588
"52",0.964509335581575,0.926927210012241,0.731521466644086,0.807933391106061,0.939419777159118
"53",0.832863601082863,0.846236935107124,0.864537411218398,0.928611608990741,1.02394208886407
"54",0.949970200064861,0.898680610230406,0.932623905501124,0.865581023123801,0.876596630140467
"55",0.895131208320959,0.907707755147527,0.711850532721418,0.796946489843692,0.903798269939599
"56",NA,NA,NA,NA,NA
"57",0.958291432728852,0.873710025695659,0.916898769690776,0.984906715509763,0.956730370009131
"58",0.937687972143561,0.911273665701636,0.868251847347255,0.920393619987072,0.868690884753765
"59",0.972735125082032,0.852437651751062,0.755332424121412,0.819098182100837,0.952899623364255
"60",0.885918055942824,0.811727718270784,0.567923312469232,0.670470908228644,0.797534996662672
"61",0.826980380124473,0.850926658659335,0.651183837726215,0.733931111214367,0.851729387364142
"62",0.952150288508793,0.925533726216871,0.651076701434255,0.741363273698324,0.866665944571931
"63",0.968865346107503,0.982034772626566,0.739938148609907,0.828101297747945,NA
"64",0.950038070044565,0.966596644773852,0.639688226397729,0.726791947952434,0.864817675516342
"65",0.935772041747229,0.929155912945696,0.7581221243599,0.821929628531624,0.928799403937484
"66",0.967338462990179,0.758753772480377,0.809631695045652,0.881665327659838,0.905474830260914
"67",0.85056598358929,0.86730593952532,0.83749325175676,0.913295581884879,0.996809482581182
"68",0.918661864744413,0.936845245307915,0.881750483756295,0.942310824776046,0.934258929960018
"69",0.973390857178675,0.876291082904181,0.764503339391476,0.827297559913362,0.964909032534462
"70",0.971113533167784,0.955479248209407,0.809365035928848,0.877100295637973,0.854368648903751
"71",0.954298958258371,0.975991418767411,0.796953022137899,0.856300575938657,0.974085725850018
"72",0.974337778841721,0.989010490826958,0.772981868240392,0.8060689788967,NA
"73",0.949672998238433,0.912018337881337,0.89332275769133,0.930078940257733,1.03703106072995
"74",0.974560603089591,0.963827563226948,0.716400623174582,0.790266739767648,0.893850990348285
"75",0.900779389170405,0.912651577895724,0.789629683074343,0.865827258969258,0.969185542873138
"76",0.969351482745217,0.950023121495135,0.773448892798358,0.818742809701971,0.951017408405208
"77",0.955423517224219,0.974381460731816,0.713153873352016,0.80027718816072,0.917641233877682
"78",0.962394348058332,0.962150459721087,0.889596172532552,0.915510284037838,0.9946751022586
"79",0.957407197014739,0.976482309259867,0.831409715632198,0.839716781105145,0.88974764895718
"80",0.957284726362973,0.97399104736115,0.794400459551546,0.764619596565848,0.908089007932197
"81",0.963861254096289,0.979140099800945,0.718633837811451,0.80494966501853,0.924232207308196
"82",0.958135897298733,0.970076930524472,0.693281198879214,0.803305891281124,0.923180228312017
"83",0.928579098305201,0.876948225643435,0.848323473301546,0.908457274793238,0.933328025413115
"84",0.962822160883568,0.847126676428438,0.78813673024725,0.852091531206398,0.949950405357241
"85",0.933763496306391,0.915524413688303,0.674716227515245,NA,NA
"86",0.93138255971624,0.957186613443717,0.743492913702091,0.819976637454571,0.899792325554516
"87",0.964089727315191,0.973888362562204,0.808670524826664,0.848804578282503,0.826472122834171
"88",0.946152980244682,0.788367930213803,0.836228167068921,0.911390809580774,NA
"89",0.967822348006677,0.962674600839217,0.822493888899994,0.825105724741315,0.947456714018579
"90",0.921398859072438,0.932235648234526,0.859809461456369,0.911966650038633,1.03609040307106
"91",0.963120195986551,0.955715364135669,0.732052022352119,0.780798520758019,0.924380117139001
"92",0.976020941035374,0.834581227300871,0.802076591285893,0.859011433822733,0.766396110991942
"93",0.848831151704906,0.869516607427303,0.722080464421976,0.818100814049899,NA
"94",0.918232476762468,0.873864550469494,0.771328467919321,0.859121578834447,0.84845527823965
"95",0.965127415938676,0.955244086127217,0.821359683652846,0.895000910393494,0.982380954764875
"96",0.950629595345571,0.891235719570714,0.922832993349694,0.871211854581615,0.82982991976545
"97",0.942339104846232,0.954494817733053,0.818294059571372,0.758720782251917,NA
"98",0.973327369009545,0.959156125457701,0.832492749781893,0.91574885852376,0.891746494448143
"99",0.897741682196498,0.922861858574265,0.885669612289236,0.954860476969305,1.01204144274316
"100",0.933276482321572,0.839608747053101,0.652261895420354,0.740613040316142,0.881708740271673
"101",0.967817592820867,0.987714097415181,0.753872855407151,0.792968572038612,0.938310683145897
"102",0.969570410601578,0.930535060629367,0.846190905691741,0.865398409856365,0.987934398504667
"103",0.965900568113325,0.885275525029456,0.913037842565679,0.966985616522229,0.900304948179828
"104",0.977102539264563,0.976095356929432,0.594627405703035,0.703722082766642,0.826362945030949
"105",0.976497097928753,0.980579864234062,0.833294384430863,NA,NA
"106",0.979751212211678,0.911498447873575,0.796153405014549,0.794586385720589,NA
"107",0.956028921658717,0.96925085072634,0.844018110526449,0.884820815900375,0.976440847504325
"108",0.937570094400284,0.913612639867629,0.823163522414817,0.90044039692956,0.958518087194243
"109",0.970580913678797,0.817705487061741,0.732709631135084,0.816612560035152,0.95642148811289
"110",0.974715381743072,0.981933288152572,0.879652123288195,0.927795409249652,1.04784131149842
"111",0.955713122157852,0.926567265298928,0.871720139851163,0.968332100203841,0.840447482607056
"112",0.962506178299374,0.956219931773647,0.700770687821986,0.789916159496793,0.835260466087428
"113",0.953078038116339,0.961920164200806,0.721893522089098,0.787622031591062,0.891504307517907
"114",0.929304495916172,0.951986175159324,0.711573267360829,0.744111201994287,0.868055468996446
"115",0.953357293643888,0.916125556581581,0.679420793342196,0.746078723707295,0.819992174679718
"116",0.86211271402118,0.863177397314881,0.857275341289594,0.864647960306375,0.828362339003637
"117",0.942923921842999,0.954385561448996,0.734606750720727,0.823156779273712,0.828559140650598
"118",0.956166748697038,0.971384761414615,0.754271115067881,0.815482041777821,0.897279928726845
"119",0.901916281683712,0.922867964002973,0.762413876531391,0.825492055991673,0.964643780079056
"120",0.975758962188112,0.967053088691628,0.707370549540587,0.783768173911744,0.811757093534068
"121",0.95913045411573,0.973233542985855,0.634918053353005,0.716612890191226,0.827654154890868
"122",0.918439241815634,0.937266241893251,0.847209515762487,0.927066658398657,0.804702137235478
"123",0.922865530949319,0.868850289819384,0.900620002563425,0.809170430847651,0.864046930307103
"124",0.892434872166564,0.901761480669715,0.780702962926668,0.854109901220994,0.968576891197231
"125",0.944211629019359,0.966150268731086,0.822102032007107,0.867313465435701,0.977818176779281
"126",0.960401852217506,0.949318935103428,0.735005834748713,0.808135040274143,0.942953438057612
"127",0.960564803509616,0.981536455939831,0.80322487646217,0.891168985711417,0.95770186668211
"128",0.959916876821962,0.917335970631481,0.703893178466365,0.78237953808299,0.904378795970741
"129",0.960720976544811,0.978746056554703,0.771038585539431,0.848181855777928,0.956114085307168
"130",0.964356406459,0.945603711298157,0.76674281336052,0.825684952652178,0.879263332125674
"131",0.949187026146087,0.963348947413287,0.823379386243533,0.840564263836797,0.96163406060213
"132",0.949146498260151,0.838871146572982,0.788935057021995,0.848820478632124,0.910934942691091
"133",0.962967402425638,0.962353850840002,0.878345931971249,0.838163404285704,0.928273979822107
"134",0.965254159382089,0.993358923983021,0.827199422912273,0.918695821183356,0.954074880093955
"135",0.984057719152229,0.918024418989947,0.757784177811621,0.837884557014014,NA
"136",0.956165497821528,0.972678596014018,0.841161641512781,0.878920177900644,0.87655771336393
"137",0.936398456034935,0.907234539427027,0.944640246040751,0.918063236200818,0.875109133000031
"138",0.953249352557077,0.979171874169057,0.701929684779193,0.792548589144707,0.954422822185121
"139",0.966132476327283,0.908508884658498,0.892372037745389,0.972967363734185,0.789373479470412
"140",0.953247173205371,0.871474963127215,0.895292623783869,0.935201437987681,1.04468664456243
"141",0.962411067418973,0.922228077372016,0.962124596169603,0.737534787568843,0.860968193200801
"142",0.972056917977442,0.912198198643883,0.738293699712999,NA,NA
"143",0.971540099413484,0.945696942186451,0.79481256051572,0.846502399562027,0.964865265691387
"144",0.950397896178067,0.960684737106957,0.741280498819754,0.814453960824234,0.863961530760544
"145",0.968503541798164,0.989519052086302,0.822142343691908,0.873131881106831,0.966392980452121
"146",0.946390487225949,0.966681895174713,0.93059079386992,0.986790201496483,0.990170436837365
"147",0.975154070596184,0.96748976379423,0.678369576377231,0.755334957398302,0.874527641240868
"148",0.950795557959045,0.961050228718934,0.650280585133601,0.744203132947257,0.878606147748368
"149",0.941760206411283,0.923669323881136,0.879514417497502,0.69618653220853,0.792357729227534
"150",0.865921026663519,0.884802505725188,0.782387308999744,0.775625108086727,0.906587495366029
"151",0.95685152857069,0.85767104390225,0.777670446391148,0.807656855106867,0.941263992574793
"152",0.887123853273711,0.896302991132942,0.932891752121623,0.847522678344866,0.915604956149725
"153",0.960565340689178,0.976994440575023,0.919516383757134,0.945514125148293,0.853830519301498
"154",0.976311530674592,0.960706494961366,0.66101629283596,0.727825418560745,0.851176702164206
"155",0.937298451127781,0.952515945866831,0.823742756800944,0.900786036359588,0.973784469953219
"156",0.917216163251484,0.933728107081683,0.66224110428341,0.763578841683341,0.870594004966881
"157",0.856331726467336,0.840626518352219,0.888113467914651,0.779718282341068,0.840836279615948
"158",0.95817449822517,0.970826720672983,0.889890763863386,0.944725588354684,0.788807296875004
"159",0.95769511107355,0.977517429540733,0.808873062827286,0.860014962354107,0.805808445509086
"160",0.919401800384445,0.909421662880074,0.868871464773902,0.808993615656015,0.891700382132048
"161",0.97830700748252,0.815005261087648,0.760565121718483,0.748666885191373,0.884193286603548
"162",0.937485217490737,0.950111769445606,0.703828129941734,0.74917107035552,0.896874740414171
"163",0.949673328844124,0.895784062828595,0.611183960988618,0.708326001809756,0.871488727121263
"164",0.853777447220877,0.879955593442575,0.77184728022582,0.837941786649915,0.989463434826939
"165",0.948724614833066,0.925154385286916,0.792193049133838,0.852673067358728,0.826166079002719
"166",0.967774889910083,0.88319235458264,0.890323596819635,0.776242897040522,0.907621177053659
"167",0.972851743562794,0.925776754200787,0.73110785556567,0.785102843807654,0.91972266068756
"168",0.900478941248494,0.913688136280548,0.690624507075582,0.768634000448781,0.895480719384044
"169",0.93756221394281,0.949337826297808,0.779106187182939,0.853005582084951,0.962983983629235
"170",0.966855770080222,0.880971952196908,0.650274147051473,0.699562427454414,NA
"171",0.923938523964284,0.932128318252794,0.865798159566314,0.845059386944352,0.964655946380045
"172",0.952141008080948,0.876844797822967,0.761522869541284,0.797432709281324,NA
"173",0.957782167340879,0.894966874657278,0.850920506761346,0.922842206581985,0.87183408277662
"174",0.972797328425017,0.920612384055287,0.854507056748533,0.929308943456447,0.957050557700787
"175",0.942487764733526,0.765210124224359,0.696745337218772,0.738266741672597,0.829906021706319
"176",0.97179674592183,0.983224792809449,0.734073154921852,0.76313795328387,0.850069475813799
"177",0.965968664126976,0.87906121160428,0.814157565726754,0.876933258620889,0.863195668088717
"178",0.925365781017216,0.940978338090385,0.682209672721736,0.676146043876084,NA
"179",0.973153816407896,0.8863837639437,0.812367931157387,0.883627583853991,0.998763800801606
"180",0.922679568368115,0.940511855441312,0.784644111978682,0.824477083463122,0.910274115774702
"181",0.956229785307952,0.934968112200088,0.633823406254371,0.720892550505146,0.840512176016711
"182",0.951007438723956,0.971462231444212,0.701089265810853,0.784470338091021,0.907621065757296
"183",0.963831450259006,0.983377575881498,0.850391472959688,0.908272853112388,NA
"184",0.975590334946564,0.918837062773897,0.799254269577001,0.855966625619396,0.975607774302804
"185",0.945373693065688,0.956126666752361,0.740561258502038,0.816444609021875,NA
"186",0.764291351157607,0.774963451280987,0.788412316901884,0.855110979123735,0.959697454693122
"187",0.976272920230887,0.949535770479839,0.868972485189689,0.93529886581695,1.04021980087229
"188",0.964067255535486,0.970285161021848,0.72514597308055,0.822204660568805,0.942435029946314
"189",0.944906756877311,0.939238935791775,0.840229092513963,0.900237570595914,0.771202621471389
"190",0.938244814596484,0.958971258645995,0.726518901737482,0.813611234916201,0.92218272337888
"191",0.983344974287954,0.980645647622588,0.774048119967489,0.673191166217542,NA
"192",0.962899608727385,0.928076227900049,0.697445757801963,0.807600605764536,0.880581362993977
"193",0.917873913352184,0.942060618575732,0.78301164180057,0.654921347949798,NA
"194",0.883509872944507,0.795702942165495,0.787975772094858,0.847492252285657,0.961872546421853
"195",0.913716942384711,0.925748330363048,0.693164743879758,0.760100866858093,NA
"196",0.929304405143709,0.948553947639167,0.68684738594331,0.766365144057929,0.901420754950287
"197",0.891086270827744,0.863734286090365,0.786490903365379,0.831116582957435,0.961896326020472
"198",0.910802432400831,0.934701374421336,0.826992661987364,0.851358792416631,0.938038935909009
"199",0.968710468939498,0.968921719454793,0.853829236934773,0.907881545053066,1.00159083420225
"200",0.897783172953048,0.916653596883025,0.785968746303712,0.781689547163066,0.887098541576635
"201",NA,NA,NA,NA,NA
"202",0.951235607804652,0.851745925968092,0.761232550289769,0.781067005839969,0.889861147109975
"203",0.975978286486331,0.993611820135152,0.752454363814151,0.820156656281529,0.910114802145711
"204",0.890574037865622,0.82212476149711,0.876749478634182,0.796684921123116,0.916241823824463
"205",0.955255434312294,0.966691725251982,0.708138539412232,0.784631583180629,0.873783959234347
"206",0.97416786276463,0.951160315325122,0.876198224315806,0.892736816705229,NA
"207",0.966923299316316,0.955926880589974,0.961296603983868,0.764693631304438,0.892787571060185
"208",0.947086011472989,0.955801303526195,0.69097487600169,0.776246957574607,0.89496040199431
"209",0.895808553218769,0.89944957552723,0.773392849506749,0.871388794061126,0.762476823638982
"210",0.98111180590836,0.950916349703412,0.787589036796046,0.862076715632242,0.972418097732706
"211",0.957407443290515,0.813099644016087,0.760555523380363,0.713971381120027,0.849319215633539
"212",0.906530966665276,0.921668794998348,0.734763966196594,0.810191891550721,0.93202120634607
"213",0.907914938001766,0.926604270200599,0.836532434090902,0.891224796020578,1.00018031538318
"214",0.951692272477321,0.952902296958604,0.797085236910469,0.847106100510325,0.762790346246954
"215",0.876083237678101,0.895685274147044,0.68040448367724,0.776945402588195,0.87572058069067
"216",0.941235774373579,0.931498318200935,0.770058941656719,0.85723520766527,0.940926320996878
"217",0.964996855611109,0.970445500181843,0.91556786983277,0.963640449860289,NA
"218",0.934387027539396,0.823758643286573,0.765792774857313,0.867491029927292,0.964757701363603
"219",0.941757183835663,0.957867066436448,0.916685748367058,0.966323438816074,0.906566552129189
"220",0.932517406982157,0.901128138630185,0.728009929771159,NA,NA
"221",0.921484400406637,0.938065044870265,0.71312487216057,0.727605812809705,0.874565776560028
"222",0.932615195064255,0.860260065528252,0.681983458696318,0.753723424203074,0.898296370669171
"223",0.951543516479739,0.967357533324694,0.943303412087598,0.993224093150571,0.81381736458211
"224",0.9349075803922,0.915705182853665,0.812507355593837,0.903511188317344,NA
"225",0.972500602998904,0.830053070099607,0.89511164941374,0.953636611130875,1.014376031603
"226",0.959294020184194,0.955133833750922,0.774516511798136,0.856183060798144,0.938453897213933
"227",0.944187774455464,0.869875717920904,0.75600876792629,0.845991066795869,0.946237873009046
"228",0.93940189223458,0.958396743891959,0.681785097364685,0.782339905246067,0.903715094417562
"229",0.901371347423692,0.912819720359248,0.748235083076865,0.81489615028185,NA
"230",0.969977894209413,0.980010449036994,0.885543662665534,0.947445701690508,1.01131299672167
"231",0.924957562156346,0.934054876533106,0.759463480182052,0.711222050662884,NA
"232",0.955433400233968,0.948023480922235,0.896098980516096,0.954077269688719,0.863693591829982
"233",0.963387418756268,0.89727862821557,0.915675213991416,0.89777758414125,0.986339046012
"234",0.940683843204982,0.95418662714974,0.847657518156589,0.903243276239237,NA
"235",0.95383131123989,0.973640774966749,0.751916727170637,0.837105852362269,0.875749264487384
"236",0.965166003971425,0.87703029566331,0.681518394960071,0.787446187901853,0.895849235484919
"237",0.930980372959574,0.939091710629777,0.733135144511802,0.711668211300805,0.778879064544224
"238",0.9343189137629,0.820210273966117,0.675155122016927,0.746017174786095,0.8665549831333
"239",0.935823052030336,0.956205524229781,0.661568008775881,0.752293664290441,0.864794995895725
"240",0.955570503905401,0.848692445611632,0.899607767065286,0.959118509614996,1.08569940703546
"241",NA,NA,NA,NA,NA
"242",0.9741365374859,0.878342284163957,0.824222579000723,0.743379274885129,0.873806995128504
"243",0.940401209143038,0.960714899075366,0.674040786150119,0.762194583414128,NA
"244",0.943974884086819,0.844904140991436,0.78979410371939,0.829356471508977,0.959545731987989
"245",0.929268262064854,0.955998757840811,0.780854474318039,0.835373974594537,0.922404108497937
"246",0.981267814946655,0.957494966593368,0.763322184265364,0.81153046780694,0.740280790536337
"247",0.854598234736129,0.879383154791723,0.835607489201491,0.800686260296617,0.814512349144802
"248",0.910054969198977,0.926508862332876,0.578715005389109,0.685835372310332,0.796733149344995
"249",0.924450775233771,0.93667808050227,0.824197666347852,0.90594700947942,1.0010368984823
"250",0.922771458084426,0.937288536819713,0.661394947700841,NA,NA
"251",0.941907776404974,0.965664560638523,0.886275405557228,0.863109601210907,0.977926857748645
"252",0.955006474513079,0.95275089955279,0.829402878506016,0.899231690996856,1.00968867158598
"253",0.936453846538232,0.88082412279657,0.799239069186021,0.871535367145785,0.948067609977955
"254",0.962420890270395,0.8955926379115,0.694448936565106,0.789061468419448,0.901614924756581
"255",0.873925973850124,0.886209753370828,0.924411184267295,0.909793390143177,NA
"256",0.956858316780298,0.977370257025708,0.696834033980916,0.78476144858487,0.890807833628969
"257",0.943781923393283,0.947550191965969,0.867456044819424,0.871985044836151,0.899054710472572
"258",0.852506419254596,0.864913088223648,0.741661704685051,0.803852201992581,0.903618100528282
"259",0.903794654101765,0.918182854314295,0.698172075257262,0.798655007271976,0.928015464985448
"260",0.940907884703647,0.952277688928111,0.617194036951229,0.715113056759677,0.789220255045751
"261",0.966024368502179,0.981194358342492,0.773905384885258,0.696247353966211,0.816346987047791
"262",0.908710807431917,0.928131742446002,0.681375633546525,0.781881591573612,0.875952701766377
"263",0.961918788914242,0.868369504612075,0.83729005082027,0.892494320634359,1.02710017938038
"264",0.919446743892192,0.857126812777684,0.725184327551326,0.820968009598176,0.947582512653349
"265",0.936775745679595,0.8920134461694,0.684868911445322,0.788127027434404,0.855115610007266
"266",0.950343751117343,0.966117374744154,0.773167610329904,0.755230070176445,NA
"267",0.944876907770718,0.862507351566448,0.7626369086628,0.832028854468382,0.957681896715744
"268",0.979104241610798,0.849702290124963,0.671963830895976,0.626713628901936,NA
"269",0.889518699330313,0.904858995240246,0.785392372536167,0.713590737406512,0.834508898364808
"270",0.970291505611305,0.980795891899937,0.889440492207226,0.946393396444915,0.932178272906305
"271",0.951910406288637,0.965688804883567,0.649083675567534,0.72639049596897,0.742439111476507
"272",0.952963634305308,0.954964681807148,0.706438294293263,0.801496721750362,0.911738855889034
"273",0.939042512531965,0.916740067765442,0.669869801458997,0.754926467319031,0.880073079960151
"274",0.975449693804184,0.97129147379716,0.704128464526053,0.788061424597993,0.77913321329896
"275",0.95493122115488,0.910691080953611,0.948148007831679,0.92253812489299,0.950296323328902
"276",0.957319551915283,0.952050320241662,0.716619853256349,0.7807895543221,0.935015703175694
"277",0.873168992174467,0.85659712212231,0.816693676026663,0.877007603803287,0.95107659275746
"278",0.939029463160857,0.958055225563422,0.641852612663173,0.731519124292473,0.8509458103428
"279",0.932871490116109,0.946233244573396,0.822706965839838,0.88806517667578,0.918236407120519
"280",0.946466103885351,0.958966710842197,0.761179159321539,0.748105964163522,0.826760538474023
"281",0.923957915082516,0.933797051148196,0.794667177494195,0.848979893543249,0.806021082946101
"282",0.934705948921486,0.933795105376545,0.828476670990901,0.875729629029329,1.00377840412755
"283",0.974973850398296,0.894419695564566,0.809587054576967,0.882583277901786,NA
"284",0.966296125385876,0.97591472746448,0.79318989201083,0.845772240773847,0.910928729965701
"285",0.963278191923205,0.982338200692237,0.846518238631117,0.910886262006674,NA
"286",0.945363470828411,0.926416350798931,0.876796386111006,0.925728969140535,NA
"287",0.945371080508807,0.957180966951647,0.740349778908894,0.745910698625965,0.859626629955793
"288",0.897193011706165,0.861258874574779,0.716980704781178,0.781033349729545,0.932098952307019
"289",0.98620055907312,0.986557154387598,0.808206316584039,0.790768292122551,0.905649786911851
"290",0.900193368372177,0.912425265874329,0.863440528944534,0.909344570356726,NA
"291",0.925033917346395,0.942490633167178,0.673277610424111,0.750170800949894,0.895070089605704
"292",0.956150818998576,0.8819396000886,0.863694169263851,0.931191336844656,1.0165439743589
"293",0.975154344548085,0.768100861844178,0.796962041712273,0.852833841955884,0.859098000635742
"294",0.856261833809836,0.869989241136043,0.691575197399576,0.795903820594719,NA
"295",0.984570830538239,0.955258720188397,0.842473601847205,0.919857692328202,0.872625739568142
"296",0.975249032083143,0.795672443229793,0.845427029774412,0.921189067729232,NA
"297",0.929152626753494,0.945226253577031,0.805165920236204,0.845105581908629,0.96402304969203
"298",0.960634487098385,0.888044989864403,0.717405189879699,0.671971399073236,0.831255701833618
"299",0.95509189739801,0.947156935033917,0.821671191601122,0.886725238166231,0.929848436278598
"300",0.925805512744401,0.946838209474766,0.805882952811939,0.846450512732279,0.945695894575046
"301",0.95912808614093,0.836506712059342,0.763877640303833,0.838254239237773,0.955599526605743
"302",0.955901202311305,0.757296073842266,0.824426057600538,0.791409697515931,0.864859031987206
"303",0.972770288415672,0.927000897380384,0.907648071484061,0.887166143628269,1.00247019685763
"304",0.976813105072742,0.826501433170303,0.800047214597343,0.878342618307781,0.967985915256762
"305",0.966853725880211,0.991691510330294,0.857365447457391,0.575821799817358,0.705981694609608
"306",0.926255665208037,0.808944179865641,0.851359219268245,0.788382921240049,0.906957440024714
"307",0.946764406195461,0.958725510815353,0.664915852935204,0.749551336225533,0.85435169792151
"308",0.968205927833153,0.991326575896901,0.770631241733644,0.838944783120517,0.94113799280739
"309",0.940412470904287,0.953165427513802,0.71478463271464,0.770377623556644,0.801539927859702
"310",0.958756319100248,0.971236738741612,0.802834667265734,0.856082137645826,0.957828576754199
"311",0.975793698390558,0.832119108091491,0.739162312890217,0.814045842856923,0.917397677045413
"312",0.895493562268871,0.923605752232203,0.885923886292496,0.837682590935318,0.945621594861961
"313",0.953781441320533,0.966422611643187,0.802089140026968,0.786809825067498,NA
"314",0.977684429914285,0.921166662589439,0.902538033851889,0.878487679530689,0.987920855675788
"315",0.897200623941725,0.918093244205829,0.822951209284849,0.914906144874022,0.891065717461798
"316",0.979640947784039,0.86015441939897,0.831970703427557,0.892799120987513,0.973114335078732
"317",0.956284399569751,0.914361849867741,0.651640051339838,0.683897678823265,0.833197976520835
"318",0.958724984264993,0.894310123564195,0.725180176088423,0.783148231402505,NA
"319",0.956534157650659,0.869366784676614,0.789096943781875,0.655596923747297,0.801601369171725
"320",0.938444103109921,0.83487059857209,0.810514442400258,0.89827050983007,0.909893958372967
"321",0.932429244455171,0.895820221690662,0.771643547694031,0.831677222381328,0.9629226224502
"322",0.889565616742845,0.901844083385039,0.84901522210579,0.831835244430753,0.866913127470316
"323",0.962841982974086,0.984417511243444,0.957260752568885,0.954896335105729,0.971468439720288
"324",0.916027882836506,0.938156928280399,0.872476906144188,0.917360909699971,NA
"325",0.97180711426692,0.888429969836043,0.714308155655445,0.77903441080016,0.910875100174422
"326",0.876879039307188,0.856325719227987,0.742392902305152,0.828456189390052,0.949734166580048
"327",0.934371247822501,0.841830918652323,0.780060932198093,0.812547470366108,0.878750566226604
"328",0.962271889507862,0.96976272959878,0.73836147443846,0.784370529507156,0.806086195567123
"329",0.890073870440413,0.896452290144179,0.783745348660531,0.856442579212723,NA
"330",0.968476113343509,0.897928123541678,0.828319767057622,NA,NA
"331",0.933890817450451,0.952549222825873,0.859775193984585,0.924708020969032,1.00838909211186
"332",0.966679540583701,0.906616494233575,0.89554512654364,0.878911140120885,0.998394586311544
"333",0.968430936024875,0.98030021610236,0.797612870522466,0.759598404639776,0.857959694500292
"334",0.970861414206602,0.786165439702173,0.78636085001834,0.869693627486941,0.983547812917046
"335",0.970164663476111,0.977250753850943,0.908466692768923,0.961176330141472,1.06000044252769
"336",0.955162832328928,0.969954072665549,0.615861358701883,NA,NA
"337",0.977242556605846,0.87650013288744,0.74811306224399,0.799665946402344,0.88414309087435
"338",0.965090723158995,0.91735749809539,0.793225609790004,0.85500341338468,0.808649489381795
"339",0.975501841478701,0.962702757864055,0.86511391174615,0.714927328918734,0.859092417593072
"340",0.963660182881645,0.906204852061286,0.843597546640703,0.733863224667137,0.870242851415072
"341",0.969573045104762,0.761976629260133,0.805626397197656,0.882513318771067,0.863387863559538
"342",0.961244388864056,0.969376336352158,0.915576615308805,0.872959701059143,0.864936571593601
"343",0.952426351020956,0.967905023885868,0.719143724232715,0.709664178695235,0.864304212138739
"344",0.969519022665975,0.869665588103556,0.815393621889827,0.858010277236642,NA
"345",0.949086824448845,0.963297482951149,0.796109418312693,0.882275900342811,1.00241925209686
"346",0.881763675285489,0.902391847502457,0.87617277942671,0.922643021802106,1.00151864546269
"347",0.945512905307621,0.929653740288471,0.987483237150506,0.698023372678772,0.865130415776566
"348",0.890149675555013,0.885515782373919,0.794372330305322,0.87541615224431,0.960546910152653
"349",0.976786252805598,0.9859072547311,0.834752779004597,0.929040334698014,1.0236961828487
"350",0.930783015933847,0.925237011712875,0.752941274470534,0.821538629842998,NA
"351",0.925750457664388,0.827203219261719,0.784643442225686,0.844588829254904,0.725867110645149
"352",0.976662056441692,0.97044008517339,0.880557918549779,0.951523801354169,1.04886637959706
"353",0.938307044689714,0.946366434548119,0.78571138981513,0.83937378250683,NA
"354",0.915197763952363,0.938000865640219,0.692567605531569,0.730211043432098,0.847104735801672
"355",0.95551192098037,0.942034529330091,0.713677428695038,0.798202653928765,0.901234383679227
"356",0.887089666603716,0.905940159868417,0.850043377115913,0.917988224494802,1.04027650517123
"357",0.894736891943316,0.867344252344903,0.716475461758557,0.673523999473339,0.830955081606225
"358",0.963333464470067,0.976126141739821,0.718183659212356,0.785391593777803,0.934331034333158
"359",0.957819584803495,0.952351490136871,0.769170801281913,0.776601645009468,0.89913737487703
"360",NA,NA,NA,NA,NA
"361",0.959330797347191,0.974537378130925,0.733045083094525,0.803157422699941,0.880175834438024
"362",0.972173283609477,0.965932236432906,0.888324100171336,0.951300901741148,1.02403051136777
"363",0.90617102263715,0.897748082241676,0.636186326742055,0.663799139227169,0.754876951534673
"364",0.955838395975877,0.973004651535729,0.832681794730522,0.76590252357476,0.840719879130488
"365",0.963417722624789,0.886718157525516,0.940595929791365,0.924017909622666,0.963184822869751
"366",0.914006320077326,0.928735081369193,0.775645282957026,0.711559164899579,0.851405125479964
"367",0.952747879266513,0.933415091181263,0.778703965020957,0.87050827572062,0.985847217840874
"368",0.969214006478129,0.941279449174891,0.651125821178028,0.772516195569413,0.866030187529044
"369",0.948773931402144,0.964523314732224,0.771218953621273,0.847751584402867,0.91838756321548
"370",0.944182496428421,0.96056221550843,0.798121752845264,0.770913063767875,0.834813529200033
"371",0.927184753456338,0.937644155432326,0.847114863209948,0.914732118535358,0.864051675235664
"372",0.944103896959662,0.960214479694017,0.838342968888925,0.893717785596048,0.928922245146403
"373",0.926858866843253,0.937160897299876,0.850604398501362,0.918247363302314,1.01998429688048
"374",0.835614040276245,0.855776427720065,0.798798277412839,0.86206676288282,0.999476609006157
"375",0.981545598238493,0.986775492702465,0.805130418117414,0.866064631361482,0.984117986532264
"376",0.967878664898146,0.979320186889815,0.792374159193485,0.591442495075381,NA
"377",0.940950484977488,0.955894626007368,0.672303571221479,0.760468533085802,0.889816628360684
"378",0.888844155285156,0.896800582734527,0.913703498542686,0.68395633817908,0.809408259783255
"379",0.929726995500839,0.938300966827736,0.73241428053244,0.742645066323281,0.874825206651726
"380",0.868891197266161,0.891390499626285,0.707803696616798,0.787956611517122,0.926705119184543
"381",0.886712020046452,0.87014708597033,0.792391086741705,0.861822754201437,NA
"382",0.957976267502533,0.837723058420903,0.755192970912177,0.830358305295547,0.886909209803142
"383",0.896407717137823,0.917685564784567,0.813972677103318,0.852994404697195,0.932563455765578
"384",0.956541259575084,0.972220295027207,0.854385811942282,0.731948637905499,0.865097851477452
"385",0.958895468200566,0.889972352203677,0.805797204636494,0.863036861913487,0.977366469583082
"386",0.955235671245592,0.97904856869536,0.890653479588803,0.928582852836903,0.779796884671896
"387",0.963067809470893,0.876069481132941,0.932060178885086,0.794500128611285,0.914387220268247
"388",0.973949910853672,0.98285462375481,0.601344265752958,0.687859679095782,NA
"389",0.958605370840235,0.963666964215271,0.549162095213775,0.671295230784977,NA
"390",0.938589740485435,0.93176909956905,0.873157652950553,0.777703479741097,0.926554946031071
"391",0.9684326936879,0.735265180156909,0.809901049312455,0.855414533390848,0.979817919840701
"392",0.869464262958157,0.888781322680524,0.929686143864037,0.844700837909221,0.952017560887614
"393",0.9560333552693,0.819030516229059,0.834782527976039,0.806639494889923,0.940554710326028
"394",0.911739905023613,0.925619165179618,0.794268256341554,0.880051873450248,0.978627554209629
"395",0.976876877826542,0.971212965746907,0.800037512657704,0.863041396702925,0.780751198205487
"396",0.934981608307355,0.954170350758695,0.721827919136057,0.802042960628383,0.866083704120017
"397",0.932927421329253,0.94700547668994,0.830194707196514,0.878672154805023,0.988690134804485
"398",0.969603447974789,0.949762967059089,0.987218344713192,0.960752208444534,0.999929778111999
"399",0.910892549892601,0.925870124995399,0.765382981576469,0.824177132931235,0.925572993686236
"400",0.975518027911332,0.784023860632211,0.841195432851742,0.89673002055876,1.00085529768327
"401",0.94217262637925,0.960661039160827,0.814322018762444,0.877021400013487,NA
"402",0.960328349418419,0.973417823888912,0.635799341972527,0.733235569874386,0.854962313864437
"403",0.947564560989391,0.957757992866056,0.714586506096701,0.794992557332851,0.914084324460039
"404",0.957693173460472,0.972606418779079,0.797015933598364,0.835973898182334,0.94912802448372
"405",0.971709935097474,0.978714206947124,0.88403120557397,0.934585529239829,1.04878580849514
"406",0.91039900192463,0.90690636559657,0.874358601210197,0.868681788262138,0.968383028849724
"407",0.970633117970343,0.987500631592371,0.68498002894479,0.726044810950849,0.871594617760842
"408",0.953484656635688,0.9298233263503,0.762774822029345,0.826746218648563,0.961666259891784
"409",0.95736835260067,0.948922395477537,0.810536123569634,0.882369118140273,0.989504501627713
"410",0.9373263955326,0.907674870828696,0.79792103848661,0.865585669069856,0.888885784491599
"411",0.978671261462065,0.935345044117024,0.988789750724371,0.816516886163968,0.954738080660543
"412",0.879579809182557,0.899300306054927,0.944976005068863,0.872175180310198,0.929517890191569
"413",0.832665591927078,0.85174647209272,0.787138831261053,0.82800733280692,0.925330549633683
"414",0.971290183678466,0.785406260670982,0.724182561068276,0.795954955105574,NA
"415",0.862669702274691,0.864979755333095,0.774696563322096,0.762836300272629,0.904860604145122
"416",0.866773468139797,0.842461761123397,0.727000761952827,0.797428262880429,0.912208980124229
"417",0.973582519215242,0.961940390338128,0.832169841137662,0.799197397990656,0.828406123193187
"418",0.968984746900576,0.891756844804042,0.843856591394968,0.720824428533031,0.844787327959915
"419",0.961156999504439,0.979735314772546,0.832097407334321,0.863947499047471,0.878195431180026
"420",0.984834247335513,0.837228509426743,0.757468892803669,0.773321687733271,0.792399287155235
"421",0.96438515833793,0.980582907118577,0.707655609492584,0.785436222094153,0.903943157822388
"422",0.873058736075985,0.869072706321625,0.837201903759999,0.761135166493371,NA
"423",0.966282464791409,0.975244923474796,0.845123022727022,0.920279362668279,1.01169019953116
"424",0.951256482282094,0.910004501412548,0.826251266693409,0.903291126951935,0.957981233402236
"425",0.922418358969952,0.936970177879708,0.703228860356058,0.777036413273879,0.720932330558135
"426",0.96027251388838,0.962456146634467,1.01692764694896,0.748915399089411,0.911147818300542
"427",0.974952920604241,0.894238221801771,0.888529218433778,0.937613275781834,1.02870740672707
"428",0.861636865171367,0.878374597700835,0.87119883729417,0.836935545246403,0.964719721918631
"429",0.973173441226875,0.878935180303322,0.759232760382184,0.773912773635016,NA
"430",0.902957620382315,0.869371801794221,0.733750442734147,0.778336313228878,0.92081218578684
"431",0.937743042444424,0.777758217868214,0.827503550486356,0.91620630805077,0.981247666349933
"432",0.9761576949202,0.951728338917028,0.946146963865118,0.825614384912349,0.935607575677899
"433",0.918158358782414,0.942233447348932,0.758246809367571,0.832838635833131,0.940285044153622
"434",0.960204938634964,0.968454572994205,0.706090421470932,0.714256647116059,0.823789801725774
"435",0.900790735326113,0.803979553279832,0.772370557741738,0.850905346435252,NA
"436",0.969468193888331,0.850086730522217,0.769492189614883,0.819329877326351,0.949933122737424
"437",0.950907960035969,0.963724222771063,0.682663024537397,0.757604251832401,0.883639004546479
"438",0.943208033354576,0.959493691774983,0.814382171434631,0.808988291343803,0.903287875133352
"439",0.96533750421769,0.930351031756044,0.679896144325419,0.683209515416195,NA
"440",0.923968312100324,0.884519907209413,0.876799789529605,0.72926426299441,0.806103522620656
"441",0.949393819090626,0.958321898447752,0.793186927073841,0.866936854077685,0.99979561090539
"442",0.976289801693859,0.920605375159769,0.772252315056154,0.83288403642186,0.910116107930327
"443",0.963511794025552,0.892027250576696,0.689681959409757,0.740201302241515,0.883748450223014
"444",0.958288854010374,0.977168359193074,0.860850899933453,0.770350271488942,0.856428757428297
"445",0.965300388754398,0.879512605208815,0.752191435683945,0.779744797619193,0.897671976817525
"446",0.970759343280282,0.876042160373358,0.848227586433533,0.929197064411004,1.03214842624427
"447",0.938402380247268,0.911221770441426,0.862281869588096,0.939327072173802,0.963349041244528
"448",0.792766481089354,0.800040165512305,0.818197721539456,0.886408444126774,0.836252183010575
"449",0.941447823034793,0.883142975773475,0.820822330066352,0.904310646695063,1.00164684069466
"450",0.966337961075668,0.939686318217186,0.660176958938931,0.756324364417244,0.853717124855507
"451",0.963403068012598,0.982370401697884,0.830646986752753,0.890402362500174,NA
"452",0.900519288391744,0.832196357085057,0.70439500259701,0.774435056339784,0.921108664649591
"453",0.955537949172622,0.92316158072761,0.863035658375098,0.673577540099248,0.804634575929905
"454",0.960294055444094,0.976622976956379,0.862065810598767,0.82447131406573,NA
"455",0.894694707773809,0.828893887715529,0.676103041278157,0.790413204861094,0.898301691467887
"456",0.844513433577648,0.813869479939728,0.721506835609077,0.804991338095096,0.915927742866877
"457",0.794054705602445,0.815626266988214,0.808977583404102,0.870592088801779,0.914621589593799
"458",0.950332558795681,0.959380951526807,0.781477298488964,0.854150038451111,0.960743283980493
"459",0.971072385436487,0.983311280898296,0.756450331056503,0.821482570967965,NA
"460",0.977695188597135,0.950999780232834,0.829880088503256,0.721052174752885,0.838266493279009
"461",0.913827796696253,0.940368224338186,0.801605724065357,0.854933027090028,0.970554722046209
"462",0.902372779233273,0.92506599231384,0.679867173145187,0.75646491704531,0.904566846955317
"463",0.960594414125523,0.980615995279632,0.742721901514815,0.732800802205936,0.881955640169946
"464",0.974103581349418,0.898516688213199,0.797469062774983,0.871017190396466,0.857156883066588
"465",0.945570785911849,0.951513837208878,0.841600974827006,0.896751234636636,1.01045670506007
"466",0.918355458582179,0.93064076741794,0.756207665622371,0.814490136768161,0.902002969574449
"467",0.953579617400605,0.724984820914555,0.602856410486598,0.690376037670797,NA
"468",0.959929144452292,0.92507381292895,0.894332572079332,0.981327239608127,NA
"469",0.961450892575314,0.875481648838534,0.928568757160763,0.905845581526916,0.998800195346413
"470",0.960722175272786,0.972344509315787,0.792118294924419,0.792612814025217,0.917424978354188
"471",0.980391881470653,0.98668645609668,0.648723356545585,NA,NA
"472",0.959421618128316,0.889129957992994,0.884580820558235,0.949519156282544,1.01707971627171
"473",0.969432961920543,0.962572260663162,0.731030444351979,0.78367085739423,NA
"474",0.952676924848743,0.964456787936339,0.735668285561486,0.813219124940487,0.927243150779169
"475",0.955735443812202,0.898821461117748,0.854634128694857,0.811066947282572,0.93622426221062
"476",0.927365021348124,0.946502086626668,0.947920309589679,0.851326211289157,0.752326739523591
"477",0.945227214108608,0.94366438103489,0.88435584797138,0.682233461282952,NA
"478",0.962727719750104,0.910664075885752,0.817625031557375,0.887718741684416,0.841111345620408
"479",0.891537218591342,0.89897159823915,0.560779829224619,0.673241079636366,0.804006769351383
"480",0.966048574517244,0.975005270458949,0.931972561862799,0.932810985894188,1.03401037435394
"481",0.928199522995337,0.942203667562763,0.791883545968545,0.874133776693332,0.862576064560059
"482",0.958212186410042,0.978673386615126,0.776489151157725,0.740372744274326,0.832205424958508
"483",0.900828890703904,0.891574850791806,0.647742350297073,0.748354618482972,0.867151997605651
"484",0.969545223215235,0.907603434710653,0.718200298832444,0.796547815732455,0.885509661730093
"485",0.955365958775501,0.975222104240877,0.855631032410887,0.922407554079694,0.888281727452745
"486",0.964159125011979,0.891184583965055,0.75086464564006,0.808331392532493,0.910362188037358
"487",0.952936463430787,0.96425823979994,0.710289920056162,0.777982775845652,0.89194860465628
"488",0.953234060529423,0.97526219008822,1.01788540575956,0.751008883442344,0.876957017429569
"489",0.960826397300935,0.975820502004626,0.852228350138985,0.891494803037872,0.895694433484174
"490",0.962214587420807,0.965447330869286,0.800786493486137,0.875187871196382,0.962981763723228
"491",0.933077879766469,0.93221857210088,0.769121178893864,0.83193198399298,0.9237054406951
"492",0.970384780872483,0.89740869798537,0.751574266565476,0.77904639270514,0.900306437834484
"493",0.967432051498452,0.982380786117526,0.795303973908555,0.890081523966668,0.960643852765058
"494",0.950034588958206,0.967989769358197,0.743330537069962,0.736162632347967,0.87205126998555
"495",0.896284579959505,0.826198658803677,0.87782517632538,0.747518044165463,NA
"496",0.936080972912883,0.895388118166673,0.77529736640756,0.843172210250938,0.921759787987386
"497",0.907346890593812,0.918730503532191,0.876988428085898,0.931379927487983,1.03510232523818
"498",0.948219100278068,0.959912578933803,0.786049261726136,0.86584243651642,0.968664200024481
"499",0.981488208883095,0.766787636595523,0.812949687347401,0.878119771001288,NA
"500",0.863385760954628,0.881929762618082,0.808602436806456,0.719965524440555,NA
"501",0.968343273703916,0.977186145934838,0.661790539902596,0.760963679905641,0.874995357408201
"502",0.968842053922338,0.973899133502954,0.699267528057076,0.770717706882992,0.920045751511838
"503",0.962727726973668,0.975398766166343,0.932832275004139,0.889893560055516,0.990336968085388
"504",0.969930526002918,0.976584447571409,0.908143986981001,0.962240111705235,1.06018830647431
"505",0.954796810137556,0.874537333248875,0.681182236675183,0.780001024543908,0.892881758259272
"506",0.952913429466005,0.906912280198493,0.736570418154812,0.814565833423644,0.917546786864123
"507",0.941388397510747,0.82927318574396,0.886715581714406,0.834021502048324,0.938161488845051
"508",0.958926032875123,0.970802824644739,0.78455722626187,0.834730152512991,0.877749118462677
"509",0.970478628055434,0.837173319612796,0.712432824898134,0.79135942218884,0.929863012754653
"510",0.963083573577766,0.933711474730382,0.859910592169582,0.863563153438303,0.971597205434721
"511",0.949041908787474,0.821637586179395,0.807661540004115,0.762090380547626,0.858020684017453
"512",0.942281303972101,0.916818726735979,0.832104010570049,0.869015941215191,0.909186355925107
"513",0.917889361574744,0.850357882581723,0.892185418238102,0.840354759234866,0.983524226685822
"514",0.889017864455118,0.885703082146041,0.75403667360537,0.794149008141391,0.873901718094519
"515",0.961142867552758,0.752981179395925,0.693973878940988,0.801788074465468,0.902315785093964
"516",0.97521350276895,0.895376507755291,0.894927817735812,0.748299257251336,NA
"517",0.869068684528787,0.862978369460185,0.724677750103789,0.794814890507222,NA
"518",0.93559789958606,0.953974030632696,0.756488205941686,0.824346140742345,0.881049778898659
"519",0.975474784701724,0.938371268378319,0.697871500590972,0.724099247359089,0.886154468711756
"520",0.894613184722406,0.905305285836777,0.639414250501251,0.718086981739831,0.863297751264783
"521",0.93040145468232,0.947203225066009,0.82632436318001,0.818001748992077,0.908510462412067
"522",0.966091030496204,0.977619749383346,0.714329949460382,0.824796805089806,0.921296478486235
"523",0.960547914130679,0.981512063710484,0.902935750931244,0.955567027200944,1.05417341625953
"524",0.946296031406735,0.959720638218845,0.706228788077792,0.792521774011179,0.929106489225141
"525",0.973800679321012,0.963793497051335,0.737701891122176,0.705586238961883,0.839482825622868
"526",0.972557035760135,0.995943396534924,0.678763737713337,0.729073517093861,NA
"527",0.956062287165969,0.799572639539761,0.791114242128146,0.753320135329453,0.828817652254363
"528",0.915283441672968,0.932658673232051,0.785184016939442,0.808172256706388,0.935429577007003
"529",0.911913145213614,0.941722827533879,0.880386083480992,0.922950811418217,1.03974720395854
"530",0.901137358728047,0.870875306278451,0.675258792556993,0.772191871044114,0.766285804544558
"531",0.964299782759502,0.6579181145951,0.725413271223188,0.775499484455493,0.86950708392088
"532",0.933721524994732,0.815056323442874,0.862457042075972,0.928126545219989,0.999462424629554
"533",0.937373403978951,0.955789309288356,0.677256021726089,0.754098125382001,0.888490126634854
"534",0.96744156498419,0.952966543937011,0.958166317589015,0.719308598365806,0.848812503251996
"535",0.837093343636404,0.853323432504418,0.570124421740653,0.666045467729771,0.814782557841414
"536",0.884211191264,0.896998389193967,0.724105725760118,0.80542105090236,0.849783316202883
"537",0.903083579728204,0.922846039908994,0.698201935841909,0.736579706607872,0.865233975538701
"538",0.938197459020923,0.916852507788394,0.750274619641402,0.836539972601239,NA
"539",0.975399058374368,0.974550044805912,0.813195511516951,0.887902418984728,0.811465349278173
"540",0.97523306048781,0.864552694572197,0.687794698579879,0.783529987912301,0.889230321740089
"541",0.968761064627584,0.872929081357772,0.838249150837007,0.871957984120993,0.820203614233415
"542",0.880406340818944,0.735975890204408,0.805222033900291,0.881043771647044,0.941218276045945
"543",0.861503831198393,0.867398731536675,0.83907901113343,0.91718899011636,0.964299465412156
"544",0.957636607145647,0.815218740678252,0.720418759920463,0.78755052005988,0.900949007618657
"545",0.894064659099631,0.875385884577855,0.852253527265199,0.917809232449434,1.01537705106731
"546",0.977895023370084,0.961991737540341,0.77410006835357,0.831134640851298,0.882631073132937
"547",0.954541146247445,0.875571346720603,0.766980290137909,0.846931122556599,0.918409481511366
"548",0.97799561509018,0.950736275633117,0.676096800513796,0.749807133382906,0.860855777259537
"549",0.960108654391247,0.970681727497774,0.823377962957981,0.842446963022625,0.854851102229151
"550",0.924958159906398,0.937700717874117,0.684218918209058,0.779138085047497,0.903499564765216
"551",0.983419307016556,0.973642938072708,0.803724984912909,0.845356414576144,0.840710118912306
"552",0.898557269320697,0.903726455843129,0.696263156926615,0.712402778481849,0.853895156845698
"553",0.965471157005126,0.987320541336167,0.784548740901066,0.845403832924203,0.972050857649194
"554",0.951554152478991,0.751407025478775,0.719296221170512,0.780719345807312,0.914217464527373
"555",0.960435789651789,0.977031469050793,0.710058060668093,0.798126699123426,NA
"556",0.93390712016166,0.948274876437068,0.921915657315916,0.680280483160396,0.794784480129687
"557",0.905731499514421,0.914852353805261,0.901289476865632,0.777216959078169,0.893471829076221
"558",0.980865526566119,0.980665282921866,0.762635038570679,0.82228959485941,0.880022541338392
"559",0.972556621000177,0.987509759611197,0.733730854763424,0.793816016941783,0.869448532152137
"560",0.954010267150358,0.97687065129629,0.82390216769172,0.898892457359048,0.897993574444719
"561",0.807668145347561,0.818969430315713,0.834157236153236,0.90427294395339,0.938866413957916
"562",0.956816197192065,0.898670818468542,0.710282494262084,0.769728034090695,0.916467625430942
"563",0.962425562197444,0.984709384361944,0.788532645113137,0.693527082570158,NA
"564",0.948340726307356,0.965702306637587,0.770413318010279,0.832123743569067,0.881130275653617
"565",0.95701555421086,0.876123980967217,0.891037969347861,0.947848201574617,1.02469037982669
"566",0.953313864580979,0.865359005837072,0.914285896401294,0.97808167057983,1.0573207506721
"567",0.982038734005413,0.974085861438931,0.70879949547427,0.720218900705938,0.849617963129958
"568",0.950302992837629,0.933040069417386,0.704376215652158,0.754875925640313,NA
"569",0.965451491461553,0.979022470725701,0.784247510778423,0.820772187115767,0.955759915254071
"570",0.969939030349603,0.986817994515446,0.790619607126942,0.881260790630048,0.990446254766483
"571",0.963288522890884,0.912624477779961,0.889599272558478,0.783183428073322,0.905000731133296
"572",0.970720962371033,0.961870953549487,0.775892685146163,0.773765130519662,0.883098396464511
"573",0.962450217706709,0.973429311412328,0.808214782430359,0.841863424842823,NA
"574",0.969868119299807,0.990410334391934,0.686316275521319,0.79016058496721,0.857998471227144
"575",0.970558534538043,0.809465553746601,0.635312702721147,0.72880453395864,0.860403469925579
"576",0.957596982037167,0.886160630114883,0.776181772457454,0.823682310988332,0.955695917539581
"577",0.96909597031072,0.965095505073059,0.735428311798245,0.801392356339213,0.903567319201128
"578",0.943619075243831,0.897557055603863,0.701873213096162,0.798601871246762,0.780378046355033
"579",0.952307977418897,0.958156137842348,0.836627736568872,0.906635303043718,NA
"580",0.959707256461483,0.96342443003174,0.672444036594346,0.759259098580676,0.881804165767622
"581",0.914429919653805,0.935477328701995,0.862930564992959,0.729921174219808,0.826120389516955
"582",0.967937097972622,0.955227522116818,0.788943848709645,0.753654205162707,0.835291194542113
"583",0.961635323385443,0.824955401632896,0.620622924104087,0.677554456250228,NA
"584",0.977034763793772,0.96197271330236,0.8321953165105,0.910395943224751,1.00088254993053
"585",0.937723944631804,0.951268601810086,0.784568847374586,0.856811309287322,0.874224525073587
"586",0.924499722633257,0.936567094813566,0.959536877004911,0.827997714790661,0.937825500490357
"587",0.960230792135122,0.974659605326047,0.73121885003865,0.804413589173096,0.930634901258213
"588",0.928075332438256,0.947076276738751,0.715659155732935,0.79647746069494,0.888006268530689
"589",0.922965906416019,0.937257268479673,0.805931424009713,0.868608777055893,0.988894839404163
"590",0.940875428441651,0.956412248856574,0.816297519817124,0.901866221200446,0.964928277283865
"591",0.942471788964221,0.953856626248551,0.828766621830881,0.887065133841893,1.01338514541281
"592",0.950337842463416,0.962486636211232,0.747248464141728,0.591057174058047,0.72746759215075
"593",0.964836374607015,0.958447016593256,0.810786935035046,0.858429999766004,0.976593499974807
"594",0.967147951729039,0.881551596329515,0.925639178334832,0.994272443581391,0.844389010737096
"595",0.962750776213301,0.979302992706469,0.87922891573228,0.790158894664899,0.893200402187265
"596",0.963436512713811,0.909626692063376,0.805886785002226,0.858232848595046,0.899619317525316
"597",0.974343315407501,0.965789444142675,0.51603837565069,0.624335752167933,0.771535914757252
"598",0.879785838830246,0.898783809305912,0.7069262544179,0.791277929572033,0.900087283681769
"599",0.862208727012253,0.883531881943957,0.722541775981823,0.811990193071469,0.899595346438237
"600",0.94610459334346,0.967552183533174,0.860555733154937,0.725916675386767,0.874018532606049
"601",0.975275468767285,0.957584800660208,0.708506067121533,0.790516439954676,0.881538215224087
"602",0.970112691220632,0.970772082062601,0.739321272011503,0.813741907655258,0.928085091618164
"603",0.973529148678916,0.982833191240065,0.755036826000368,0.799082090787474,NA
"604",0.921707131014126,0.934942231141053,0.94893945266043,0.863156642263755,0.990091502916982
"605",0.911408207933526,0.881972180370494,0.824114033927072,0.804260684278686,0.943783781673198
"606",0.97283125341102,0.98379397300716,0.873602249018258,0.96703217788871,0.880864002844111
"607",0.970443213859948,0.976333333477413,0.726279195062334,0.781466956818785,NA
"608",0.915165316083517,0.925244203371597,0.747078304140964,0.819942690301004,0.95292100062168
"609",0.915867117670454,0.85056340132091,0.848445390522759,0.860419866608142,0.93022598149716
"610",0.954982109754049,0.950850957223915,0.709588991511955,0.649263273882413,0.817489607339407
"611",0.892330083635803,0.912667821402873,0.906913291167886,0.807287861807935,0.913537510785662
"612",0.945846791396067,0.856639850719424,0.627176211433247,0.70845001325558,0.851718620572782
"613",0.97124760332425,0.934517517110349,0.890855771924372,0.940869951240746,NA
"614",0.926725187308641,0.93853189028191,0.703188924433736,0.812448908791801,0.928042846822368
"615",0.927140614817986,0.939855579970218,0.71766812789276,0.780582383053912,0.925224670091289
"616",0.930927068256537,0.94658068366168,0.738845802006716,0.837415074668,0.931776734064813
"617",0.967313361613821,0.952161270289869,0.814815982050798,0.872783715194681,0.992914944849672
"618",0.94535041324662,0.959267042407785,0.829203249171185,0.874783386941104,0.945931988143298
"619",0.975494091683912,0.992411236781222,0.656569351293339,0.755328559957147,NA
"620",0.918685306707498,0.927175515351567,0.718427539408345,0.781789140343479,NA
"621",0.829881570238372,0.770688322580801,0.826929276026092,0.854049789840567,0.956074048170365
"622",0.980500374672777,0.946214156934632,0.789236317170245,0.860200737471406,0.972824200449457
"623",0.889450304581704,0.907644063630203,0.855240545329287,0.798851138168359,0.923396845580807
"624",0.917550003050762,0.92242133269763,0.573396200095425,0.667666906300242,0.8072512430377
"625",0.975576382850174,0.982624780292242,0.693473855275265,0.788828831152312,0.886862116897368
"626",0.959410965168147,0.866552018485076,0.720642193819059,0.793463695978725,0.920050415176459
"627",0.955143073245946,0.884415536404515,0.94798947270384,0.71799914702343,0.847530439708056
"628",0.949117849588862,0.90957876532671,0.767524356726203,0.866261258797071,0.91073463508867
"629",0.971524993395858,0.98770897817705,0.89853104725613,0.830516360840189,0.965427387102758
"630",0.947621170696241,0.881884269917132,0.687958976695692,0.789775658314126,0.85968459990011
"631",0.935063785866412,0.944445211273748,0.854004846036898,NA,NA
"632",0.969543439166943,0.946751972069307,0.94338911324826,0.916129808195683,1.0299333245416
"633",0.973368558202681,0.921701716572705,0.724247398576646,0.820313840764713,0.929656637852121
"634",0.971926092006631,0.865176228147393,0.712752932445416,0.845471073066697,0.93443972873289
"635",0.954888961809791,0.970982450739995,0.715068778362029,0.83966545675333,0.927223324938145
"636",0.962755374038074,0.960477611180143,0.806268380727138,0.867163456988807,0.992128949389216
"637",0.943956957973513,0.915399281734947,0.857115491044351,0.881291006455058,0.939185143177876
"638",0.966609419724417,0.970745445929312,0.790564593477443,0.847718597094955,0.96593521318305
"639",0.979369759436604,0.912175976857781,0.786954926017168,0.778579484713578,NA
"640",0.972728386590446,0.897696530204107,0.829085695099669,0.871623287820147,0.987879984534096
"641",0.924702260915859,0.947250389712397,0.896993123618974,0.806084542946169,0.92127712306576
"642",0.936913646846122,0.946333610037495,0.846314065180826,0.797280582045087,0.914764810964823
"643",0.903650564913072,0.918766585383456,0.661574896625066,0.747646095847673,0.8795060877015
"644",0.970886744949906,0.937156894193731,0.705174679739483,0.746709257720562,NA
"645",0.937609519939264,0.952031561313837,0.773203753286353,0.826463561803663,0.940358208222263
"646",0.954035736246517,0.966792012516318,0.826467582237164,0.791016745077497,0.870718960730646
"647",0.973160631248307,0.949984182876805,0.692769771116961,0.668532200343747,NA
"648",0.978835393060925,0.914967379242596,0.773157264142799,0.716737761542297,0.863975630511667
"649",0.957687102174725,0.78388202941892,0.811885591482392,0.865136613558316,0.967419404631328
"650",0.940644912969077,0.911616734470152,0.784310398292862,0.803861535946126,0.904529171384755
"651",0.957404777335699,0.782843099909504,0.813713801060608,0.880067391797371,0.973986964094324
"652",0.919143167682667,0.935895428110653,0.710147473175486,0.772644397402318,0.913612855953734
"653",0.95260046580113,0.963529394964957,0.848525650307828,0.790831699893866,0.911105475717935
"654",0.910578495408351,0.876734252082899,0.819677137509937,0.860908165658165,0.87780363608897
"655",0.943744150222572,0.958124762995509,0.741558125060029,0.809972211338439,0.802788885544191
"656",0.964688130721649,0.838491391346271,0.822857765881202,0.869636962239094,0.921675285124739
"657",0.954909650818516,0.852440971386591,0.709937455510188,0.776902123198856,0.844362798467476
"658",0.874033220109683,0.822377223787021,0.764424486221769,0.782181438587135,NA
"659",0.954944018073077,0.895940288231358,0.807676344502628,0.872865375398178,0.78739277400969
"660",0.96947985935037,0.906229437333476,0.797823723032049,0.851511105694429,0.905509575386963
"661",0.957936398914206,0.934506217775003,0.895290259965284,0.860178743155033,0.83943785282103
"662",0.859157019370138,0.878467477307814,0.725551277567287,0.78941089599626,0.915511421793087
"663",0.97364469163176,0.974785626965367,0.699887413746936,0.75153829960366,NA
"664",0.938757638661115,0.890875972749231,0.879609944222392,0.780192971623969,0.832420069115731
"665",0.964106004691424,0.97351492905934,0.720899055516057,0.797177929513055,0.905621412073953
"666",0.839021763677884,0.857052512205268,0.920142687339044,0.966597452754753,1.04145388659259
"667",0.944804750457308,0.956470177573993,0.786291660270716,0.839118327164789,0.977191458580029
"668",0.974328330283642,0.987543039663923,0.691789822935418,0.759705938184035,0.900363612097495
"669",0.977250483596586,0.907303508889922,0.650198056067132,0.742036556656818,NA
"670",0.98086829335245,0.979275888496873,0.733728285303316,0.723693234983228,0.886366794559901
"671",0.962870389772898,0.909122063319863,0.701429696289997,0.820422046995958,0.903838883713927
"672",0.926155952241776,0.941029539219862,0.810725475537391,0.679563598685284,NA
"673",NA,NA,NA,NA,NA
"674",0.867807994004731,0.889082954213753,0.891926935612662,0.911630110302504,1.01167352757683
"675",0.971132855594105,0.95012756506526,0.701265326230456,0.789132739040725,NA
"676",0.933905374930211,0.941911534037739,0.88701218528922,0.950279121243078,1.04380914089948
"677",0.944694803847634,0.886206228024197,0.731656236929445,0.792198291121391,NA
"678",0.919764667245033,0.940570995117619,0.815927748158406,0.704424541386962,0.835099053082677
"679",0.949608165728822,0.962628523453974,0.855805956746173,0.89075294902553,0.761063078901692
"680",0.951820153922015,0.752889776495613,0.71144956451901,0.78338255706201,0.771242881491803
"681",0.940918024734961,0.946891439218072,0.844208894839097,0.897819425491526,0.989264388922704
"682",0.930432371947947,0.951226658374884,0.733723010458815,0.803121011865049,0.928441889963539
"683",0.967435481087673,0.962421272008737,0.898121223612876,0.968781586909916,1.05433287749497
"684",0.898058053197628,0.883495136458846,0.650551092544547,0.742152074780208,0.871917339614974
"685",0.965528319228236,0.981276727727036,0.743185248947602,0.718956552424363,0.858260382089988
"686",0.968234930752794,0.771266439821856,0.829435329521389,0.913606044385054,0.9457820029766
"687",0.916072049368919,0.841943687520083,0.638030782005866,0.804225925083042,NA
"688",0.9404853288704,0.955157994082688,0.858470008080398,0.700058234661903,0.834112674151376
"689",0.956149570772416,0.789930040001477,0.748930651067707,0.650948160908046,0.808508889196811
"690",0.920059168402545,0.93049081258795,0.841336303944896,0.899536012064947,0.889175322384532
"691",0.963456362998317,0.903183015829693,0.711218769308889,0.801339153408339,0.911086361058707
"692",0.931512963254922,0.94308063119675,0.836402793470447,0.677629745653631,0.824710808978134
"693",0.915551417563223,0.932821799699675,0.780672869522479,0.851930516057172,0.960819421792015
"694",0.844333983143146,0.863607237842176,0.817245785713401,0.878158056233143,0.993170405348194
"695",0.907862884239126,0.91606090236594,0.651204276830515,0.740891313723173,0.869481599530737
"696",0.965623949195174,0.920804953287087,0.761362041986481,0.83401515966779,0.959918442809105
"697",0.946139860869331,0.964490148670567,0.732985538071375,0.769748633595283,0.875163002968276
"698",0.96537140186697,0.971472719461988,0.897076589021905,0.968736334354488,1.05553185982225
"699",0.950550364067071,0.967584796858715,0.886557010492298,0.839098508151117,0.971482619040339
"700",0.800515982764638,0.774647343102246,0.789515004274475,0.873342900218643,0.98440419072682
"701",0.957710794921786,0.966242415450158,0.66292317933452,0.734855894931979,0.881448873214132
"702",0.960680571494054,0.959164864602472,0.876029269044872,0.95202986215731,0.932385257198358
"703",0.928142414068305,0.926673758015836,0.753778486780026,0.771994990735923,0.893990269473607
"704",0.97887770881603,0.988652992975093,0.843665250183132,0.679454448418337,0.844376238470981
"705",0.937754024848412,0.901194924439611,0.885769078384237,0.871494712397986,0.990031737764865
"706",0.966545224598521,0.96197527238001,1.01271719662744,0.844792184515636,0.980942719983856
"707",0.971230327976457,0.969789101256997,0.877558017782362,0.755945626926692,0.877218113364037
"708",0.940729825223453,0.840651154045596,0.868009394779393,0.780449488683078,0.916171710798509
"709",0.875249577060416,0.857139020828741,0.884948465547242,0.775435500756325,0.874802388952875
"710",0.972914318508541,0.692814736297303,0.770543515242476,0.8329745700342,0.926493695414108
"711",0.835889754972019,0.843472725758169,0.723254328177667,0.745311628690358,0.883864060108228
"712",0.930512024695159,0.946834486424257,0.757062910206621,0.715355726403594,0.822796522758297
"713",0.83397396268294,0.667589017466663,0.746379053401232,0.804179034755789,0.919433483579261
"714",0.95253775436671,0.945783979156604,0.749389151089404,0.821629604261436,0.935174359656725
"715",0.939073926359756,0.959593971072964,0.712808977422288,0.819483321609638,0.922338785040564
"716",0.959438655565732,0.93037443447514,0.736366255613468,0.841938523328452,0.936585542184766
"717",0.960856025255199,0.974437859025402,0.829622262871176,0.898398955319191,1.02238065133889
"718",0.960467816018202,0.891189129532123,0.81576989655023,0.876675295493524,0.992855952393651
"719",0.921807108522857,0.937147699663249,0.946887304605712,0.991405116722069,0.844750475368337
"720",0.977152534645123,0.887150268282843,0.693115400394712,0.750254451053378,0.892098797098816
"721",0.932053854951125,0.85542119031546,0.800350300480101,0.862758879755793,0.942262362796933
"722",0.931590144737016,0.886885202229476,0.675522453760525,0.731859579518728,0.862156129336253
"723",0.960771607174364,0.87417174235525,0.766093186273807,0.825331543697912,0.927269201635791
"724",0.909941667582908,0.926371726004044,0.7463066234193,0.815531681775008,0.955699965854274
"725",0.969919725601735,0.988716004369338,0.630484996224128,0.723110410844678,0.849983368966404
"726",0.957003551840297,0.970473259154482,0.885590410800777,0.946620567709281,1.04921220895467
"727",0.913465580012026,0.914624268058656,0.760821073227241,0.827453013927696,NA
"728",0.926085320997172,0.944015561458254,0.793710768278901,0.853727414443636,0.967498807702616
"729",0.967643028321164,0.896547637742893,0.713060319168838,0.806072295913729,0.785651462002523
"730",0.863808872151308,0.829161827286061,0.7505006108501,0.784815115650245,0.94199366959919
"731",0.940612061798479,0.912888582304719,0.713916446884493,0.784895236039805,0.919721328029565
"732",0.920083041428682,0.83841900283529,0.844653210093466,0.839832713248697,0.839164792413507
"733",0.954014475292486,0.806912084801016,0.714224693558468,0.812169315133283,0.928918463309302
"734",0.954059754500707,0.858329755166565,0.784313288751207,0.854079607537315,0.973316245095649
"735",0.969856219818933,0.973549195598861,1.01595895196821,0.829643903247433,0.967492501141378
"736",0.956837695120339,0.879503968775923,0.928849135145061,0.991805774571761,1.02979686911504
"737",0.969316034052049,0.835434151265977,0.767346883285195,0.827686118367086,NA
"738",0.965507192843974,0.884297419314124,0.671956963671499,0.748163732325406,0.878589188932523
"739",0.955958850446548,0.972202765758493,0.84655524180149,0.89881479112965,1.00018786964908
"740",0.954318591469659,0.916934787535793,0.96096367371658,1.01484827450108,0.98002717755263
"741",0.951419651169949,0.970173769323121,0.917542183959493,0.970499700601368,0.938540555900489
"742",0.956762517055258,0.975267627197985,0.804271092951999,0.875210539967199,0.896802650367333
"743",0.938671914579807,0.912591377105843,0.654954563958742,0.752703030508209,0.880396960645396
"744",0.905631772314859,0.913779543675445,0.711042419204213,NA,NA
"745",0.943415002708711,0.959934495906345,0.730753908730363,0.817158037969605,0.922665822951249
"746",0.953293996682695,0.969656338948239,0.714595154360985,0.788139957422133,NA
"747",0.961027058209462,0.955975817897815,0.797869368721542,0.857037525069221,0.8490329308407
"748",0.965260509835348,0.966853242674139,0.822228186009818,0.86173480687314,0.909003868272197
"749",0.955549347894918,0.959871034505502,0.757998606914915,0.817850753756299,0.94444561854867
"750",0.969615917406197,0.968088738884448,0.666040261261014,0.744645373294022,0.878638519570048
"751",0.923852843631968,0.938022061949444,0.837936808548378,0.898277103250125,0.990511207523098
"752",0.895625621885003,0.718301514447201,0.707987741788603,0.789448415538781,0.912200364855636
"753",0.914075548139892,0.894035872870543,0.75790722686318,0.807151820876632,NA
"754",0.942159708345579,0.955405358083106,0.989501534166469,0.866784828385462,0.922027175682782
"755",0.929057649330591,0.941691812537578,0.875783245423802,0.947859195832668,0.944616659813226
"756",0.951907159509387,0.967290321297672,0.762704129334779,0.822271614424186,0.9505518481467
"757",0.972917317742594,0.809094728795463,0.781477960120826,0.841446855690247,NA
"758",0.931295116895775,0.942473343578465,0.894931226443919,0.884927442174243,0.989289809885587
"759",0.979581232986671,0.957376467371948,1.01339676479709,0.890517349259008,0.943001843620191
"760",0.933737031850603,0.944739438579036,0.824780769618454,0.88215774493743,0.72838858273498
"761",0.925774046275495,0.932146254837152,0.720508780388577,0.728571385424814,0.871474437270515
"762",0.943796756707201,0.892078663823731,0.822281757316797,0.836013190182166,NA
"763",0.961624696859825,0.718958970118297,0.678333140171793,0.770112782841208,0.876415380639174
"764",0.941651710226939,0.961604495174534,0.681273832492477,0.767637274392823,0.889879471292388
"765",0.957560807042308,0.981968997239363,0.750625205952434,0.732162721267544,NA
"766",0.949123756590729,0.922878337469598,0.788937298955731,0.813261833661187,0.902256089745571
"767",0.956934003895009,0.965412005972575,NA,NA,NA
"768",0.958456271818554,0.968788475858625,0.791004660917641,0.866686728136424,0.974395809890274
"769",0.977174196470569,0.952662714584499,0.742935888901986,0.831000374169432,0.82931738830487
"770",0.952350680526601,0.944629543432071,0.855996959127503,0.942210657907471,1.01668846564644
"771",0.925603672882727,0.935421396284061,0.844754776385275,0.837403285447175,0.964110681963879
"772",0.909716036865224,0.917462649479374,0.771027573016099,0.852846491581342,0.968869419742472
"773",0.809855216434743,0.834641678420959,0.747670059492635,0.823015204772028,0.906194868458667
"774",0.958467935932311,0.956206464663668,0.71026591363029,0.790641402490048,0.828722843406931
"775",0.968565659680364,0.953465899741224,0.779195675797029,0.869895650998031,0.884607076149851
"776",0.868471329470053,0.891799324330807,0.790458387055197,0.837344849967157,0.972459871376454
"777",0.852822688794808,0.87104441706567,0.661486588968418,0.707692581656291,0.845076826574891
"778",0.917203892543837,0.90698803869842,0.845723157927179,0.905612125589465,1.01402893771023
"779",0.939146400745278,0.944871166751565,0.732671279333704,0.720559964454531,NA
"780",0.95643109985748,0.935435596923885,0.724142850097737,0.778998279436316,0.910352092108685
"781",0.957759090384027,0.871715838762461,0.61345447938416,0.716246401499778,0.779770063352472
"782",0.975667129005729,0.978433950393054,0.733410660478791,0.67512533152775,0.811517797138576
"783",0.904681758504035,0.880255323353771,0.737101559118394,0.824006205158753,0.936771761223584
"784",0.974921852610597,0.858184886718866,0.766667473648235,0.847507744736001,0.966518133250771
"785",0.951179116010517,0.951816213829592,0.876854246883952,0.728161969912843,0.848464798949382
"786",0.932738865324438,0.952819008503786,0.785470345035791,NA,NA
"787",0.959898564656857,0.954656409526973,0.885809542228066,0.806627003274268,0.905228589350429
"788",0.965087643332307,0.975093611276789,0.997293647463441,0.79818946925501,0.803815622215933
"789",0.962116406753802,0.972504708251357,0.757139597296116,0.826404187949317,0.921895316815193
"790",0.913308502933644,0.938028735683399,0.885352228110243,0.937623086601445,0.906416656082505
"791",0.928304573309118,0.947489556129167,0.828008347760556,0.767699508250712,0.898223227954236
"792",0.884651966711263,0.828746487556759,0.898207494400664,0.864803613285581,0.948953172803964
"793",0.943595061487985,0.787807455473748,0.818903226258656,0.878571594994873,NA
"794",0.945639462637539,0.957903124733161,0.783841932002743,0.884702722944193,0.96770752348282
"795",0.965523455277789,0.883846120513913,0.697786822043426,0.784469236006637,0.893725142802259
"796",0.938996455314392,0.950793341612622,0.870744060356847,0.916251132961702,1.12155294314352
"797",0.960581329363408,0.945447740308287,0.722414087271378,0.766618441450461,0.858717093884833
"798",0.959716034199645,0.980222592849567,0.921320482221949,0.892273025145413,0.904706102415107
"799",NA,NA,NA,NA,NA
"800",0.935918685702786,0.928427084248066,0.950785603860865,0.904315001302369,0.926550755099069
"801",0.976762732139127,0.929874473722879,0.865247198034975,0.766489113657441,0.749367770451847
"802",0.958830650796026,0.895610787157515,0.907638805075104,0.794676554022531,0.898679870848423
"803",0.848582248097295,0.85256887055925,0.908268587346003,0.826525982941134,0.835610833570163
"804",0.958201757941437,0.840093807718323,0.774515130982665,0.847232991068721,0.938879648788092
"805",0.958312636650503,0.896209105958158,0.709543713589471,0.76153939923136,NA
"806",0.957457487382148,0.964499255839881,0.707116209121354,0.772477245713015,0.91103549256743
"807",0.940427969835132,0.957192637956215,0.810166823406643,0.90120352226518,0.91473498391936
"808",0.975816520547182,0.963028282956946,0.752088542740258,0.820053722166277,0.921605609215556
"809",0.940748957864536,0.958470772085449,0.730394358197684,0.806288303779167,0.943685708907731
"810",0.966125945126804,0.9536315639949,0.644214749623679,0.731033159974781,0.834152942043106
"811",0.95554760622671,0.970681966782845,0.697145476332515,0.781085889015851,0.914910465326895
"812",0.954853214921918,0.794432848897342,0.787644848943877,0.84091216511631,0.956882530516137
"813",0.961321446237152,0.895146125693333,0.662184004379625,0.735244683802267,0.872250442334787
"814",0.975036830603562,0.922677948243982,0.984867428132853,0.754889389257272,NA
"815",0.958097111162266,0.826785690584421,0.83312982904836,0.797378742626505,0.920546623918483
"816",0.961877205281344,0.864663653209815,0.795100396711381,0.850556603280003,0.938579232608781
"817",0.925231798122706,0.948558976679835,0.738811139570175,0.793332105187074,0.865055771882551
"818",0.899656553372234,0.915943592795321,0.725265320562112,0.827225758416761,0.927465792475301
"819",0.970754161777942,0.981825019579596,0.674491720057426,0.785162308739356,0.87875093905446
"820",0.894001198062427,0.910480999700993,0.942947995731575,0.838428836038372,0.931992630456127
"821",0.961680667885175,0.985659979831429,0.793165541265429,0.868283822105784,0.991749280084551
"822",0.963285348682796,0.965513515086835,0.694217104069652,0.766232711370845,0.88054223325158
"823",0.971319809548758,0.922443268379425,0.747299905075797,0.831681818449707,0.955642750573746
"824",0.964769031810111,0.912781971633209,0.913588125023436,0.982697027155544,NA
"825",0.972744228700333,0.979433576116846,0.707918936123459,0.759181312241622,0.894641846977004
"826",0.97272595997877,0.970062282324221,0.807725953362956,0.829008305812146,0.942246770178608
"827",0.960131763331615,0.859140424584675,0.911836813061177,0.912407352309087,0.94433508007309
"828",0.975393293079023,0.813993562427475,0.871902317664173,0.841087108349823,0.942366463163444
"829",0.870248768427705,0.850096995884981,0.709291613372519,0.739847738187795,0.894959350816631
"830",0.904355371113836,0.920470185699847,0.816909894924548,0.88859556380708,0.989840148599159
"831",0.91479880941534,0.877923704902776,0.794875206875112,0.716696347875399,NA
"832",0.965049914052839,0.685056157094501,0.749532272374603,0.835376948313637,0.935928938337306
"833",0.938543044415122,0.950838320657105,0.699788812328378,0.743135671376264,0.882506540204526
"834",0.946594049031052,0.970369252294827,0.829463846814606,0.860650787407324,NA
"835",0.969338500150009,0.977915776383372,0.801054210266276,0.71237865493739,0.832691146164019
"836",0.956763320649084,0.976741937351825,0.840684393064429,0.90895838114463,1.02273682081386
"837",0.962316726369704,0.968950837043529,0.64264236280843,0.747058114719108,0.823245625912648
"838",0.956592190061393,0.886620939782544,0.830827331954002,0.836586937107527,0.949064793260535
"839",0.938288413284437,0.883004392812535,0.683076341227211,0.690902811187978,0.810802652013051
"840",0.935280053142978,0.913889823589502,0.695354026902835,0.779174951638837,0.903835361517273
"841",0.846180145517732,0.870094907188805,0.706971141896573,0.810993929514021,0.880666986113484
"842",0.960996252377459,0.963259222769191,0.745454056597091,0.824025453011397,0.934227009942327
"843",0.974424275026128,0.895361415980749,0.814791418412978,0.692790475426428,NA
"844",0.901003499672261,0.918763054530923,0.73013205689946,0.651713091806811,0.804361836831737
"845",0.921559258683059,0.88757106619034,0.860080669200195,0.797938127560482,0.921773353655021
"846",0.917460462083714,0.928830852946786,0.980885162263451,0.861624863877674,0.889159112361414
"847",0.94742497024646,0.909844567338172,0.759975663872775,0.852891693900096,NA
"848",0.93447501134103,0.878133182956737,0.760627383354532,0.771342551327054,NA
"849",0.94928850191772,0.85480014850774,0.75455231555816,0.792526423338321,0.864061584435906
"850",0.938258624109086,0.948261781268688,0.63699868244087,0.709670161186797,0.823145840594451
"851",0.95115469764123,0.966197706302646,0.638432640893285,0.720356134672272,0.839651201486081
"852",0.968803746264688,0.95374071749734,0.960282405796448,0.959975352254488,NA
"853",0.957126875457344,0.968985357431715,0.993196443711261,0.947756353815843,0.894667925211725
"854",0.966540401068999,0.977017126138647,0.861550659489134,0.921232851919242,0.957514440081202
"855",0.966816205055854,0.952629381786222,0.809709606382256,0.774768900423628,0.880421611113032
"856",0.916877410180683,0.91728979752026,0.818858689884403,0.665352072532932,NA
"857",0.968598934482389,0.938309152821245,0.875188565065458,0.820178202406978,0.937837742153898
"858",0.956435023066494,0.972908230534861,0.714002421854803,0.802562486369006,0.905601133560867
"859",0.941239604035133,0.96040846740292,0.734701223624352,0.797035215995109,0.944443582238733
"860",0.960052312638629,0.809742055606648,0.720794258141439,0.812131168222371,0.853134829129475
"861",0.967077525512459,0.976536325106288,0.784772711141714,0.844832120625689,0.969191073139428
"862",0.944391412245383,0.957251389817691,0.722390003077335,0.815845615462281,0.933846635564449
"863",0.962662814455956,0.971602514859081,0.720287494583446,0.790596519319086,0.922937548980798
"864",0.973674326343607,0.968577392120844,0.628704369250727,0.706284543436626,0.827749382745031
"865",0.961989972391079,0.916033801170399,0.73390032614621,0.80108596273182,0.912451091983115
"866",0.951555503240423,0.920892004859063,0.721480585057593,0.796946829103511,0.875223279107543
"867",0.892898033229668,0.909023924643627,0.816961842225196,0.847847335410084,0.97867283458347
"868",0.88383786691551,0.882965564783351,0.836272620621309,0.887281501045251,0.944121960485154
"869",0.968756129942778,0.953241527530499,0.752598975935187,0.820819397752454,0.915203110951976
"870",0.935359067492839,0.908984758116686,0.744643400838143,0.834725839608607,0.843890379026763
"871",0.858168374736176,0.827847539998043,0.904886002252648,0.903858960169699,0.996308399971353
"872",0.878589235694973,0.862959691392106,0.84482802725093,0.913815345404175,NA
"873",0.938473023413387,0.89042691911845,0.795173918697946,0.849475440749648,0.965351239367562
"874",0.96314144548896,0.970753786523485,1.00815732358704,0.954010319985082,0.973252856887255
"875",0.967275121242484,0.963184071251348,0.792092661832462,0.867792051000072,0.948217492195668
"876",0.894669770427035,0.903421904343276,0.750444484670699,0.804287500719189,0.916988196334934
"877",0.961012303496405,0.950473721262287,0.840735657081118,0.935231219956383,0.996920460273034
"878",0.886471021174203,0.807654714839888,0.746444514400992,0.818094712092109,0.922393743341371
"879",0.928020485144036,0.936928270629728,0.850810082557368,0.930528413116279,1.04340230311948
"880",0.915471220774906,0.925120912851802,0.73298864809783,0.798794503533109,0.905241520505274
"881",0.953873594230146,0.949610059087378,0.882295982144564,0.787992904588244,0.876396447967449
"882",0.827422756498858,0.84500654505205,0.672626017694123,0.681124911479827,0.83850658589434
"883",0.950360621215931,0.95232982262476,0.855771621977632,0.741610558089543,NA
"884",0.9013241273204,0.909903314784704,0.898395431457422,0.954249304758361,0.942224428648283
"885",0.949769662041216,0.967682915326471,0.757930353980352,0.728101566329666,0.86883793434644
"886",0.979920698025604,0.951332657484127,0.883878912037397,0.950502500874062,1.04618095092681
"887",0.974961824372638,0.902272388925807,0.652019667296495,0.7580085969481,0.860601947346588
"888",0.933111397501069,0.94627817343111,0.748901226131004,0.819263428796442,NA
"889",0.979415514125685,0.964586202018495,0.931967911038416,0.83730896750662,NA
"890",0.943840910053392,0.940668144562451,0.711833232289316,0.69874671719119,NA
"891",0.960148805120345,0.968665944261021,0.920227614057032,0.789763693415019,0.917960936424551
"892",0.96119378685907,0.976971511373025,0.866857778030003,0.769115736360291,NA
"893",0.953195875531616,0.897419703978611,0.769118382953455,0.840588446576868,0.923267568649236
"894",0.970030734883267,0.981373117070935,0.76965526613525,0.831526617516181,0.869536883631217
"895",0.916697688002625,0.927086415736636,NA,NA,NA
"896",0.875642844288572,0.894131508795892,0.882174996209181,0.756478131746092,NA
"897",0.961934134199683,0.962168916402305,0.77057767230884,0.832217893745438,0.945513461271065
"898",0.847806905547837,0.866140151947917,0.787693096727744,0.86419683169428,0.957376451859877
"899",0.970448685777047,0.980269301784631,0.775354915711866,0.870632490225544,0.953771737160353
"900",0.962700200645274,0.811862074236629,0.716140024917801,0.815478731545811,0.899786516106805
"901",NA,NA,NA,NA,NA
"902",0.954921166370624,0.965207080114838,0.759466140703169,0.853169159054501,0.940796516879559
"903",0.839552252122071,0.856441679334765,0.752917711858256,0.766223931975976,0.882307574025084
"904",0.958965947569982,0.859155141419986,0.760860650657588,0.833920754408013,0.914869613009482
"905",0.965076970658682,0.971346198506838,1.01535896001082,1.06680772873206,0.881267269206438
"906",0.910659494698323,0.930407662353577,0.714582868981094,0.779265170822341,0.917632178661703
"907",0.971286881912497,0.91137390999059,0.800021638113105,0.868378220593292,0.811822694151857
"908",0.954226186307456,0.89755226167617,0.743204938131763,0.794604602111072,0.801369217446044
"909",0.956008906221314,0.893435194699998,0.649532044926113,0.725916599432317,0.851966522232117
"910",0.971616927116851,0.960942983710569,0.719891942661414,0.76956252437925,NA
"911",0.967548655500004,0.848738830083169,0.890054437499546,0.943280048573501,1.0683739117334
"912",0.861995995942465,0.876205483502638,0.942103486737132,0.842795269663272,0.968751447063061
"913",0.871982309753616,0.899947220732313,0.75010650877779,0.827620673746945,0.926458157436819
"914",0.96125476692358,0.928223180768,0.708134517735298,0.780981699354954,0.822216463535974
"915",0.91858386964587,0.931442059413127,0.792059823362707,0.715201687501586,0.782195103329858
"916",0.937592154006167,0.898070804067878,0.800278335677114,0.894192436254225,0.979512073660786
"917",0.97108696415699,0.975842441187681,0.905071326197853,0.957730564035874,1.06030126655841
"918",0.946808529758161,0.819701531232989,0.726646789157411,0.819602751742603,0.933724786184941
"919",0.938366487989471,0.950086573123726,0.805082339391126,0.879443049798136,0.950644791124059
"920",0.960675075225887,0.857123826618388,0.783131066419785,0.717378067649985,NA
"921",0.943550319824931,0.95388669802887,0.810242786662502,0.896692921642138,NA
"922",0.936713513670296,0.947014421409312,0.719904991484624,0.794862010032581,NA
"923",0.967186265298954,0.904257710156122,0.837480682614159,0.912304411914005,1.01513118979064
"924",0.907750671454868,0.917023653534492,0.761020564932351,0.795951311733202,0.862931318563065
"925",0.85457035012481,0.867060190304903,0.753674046274995,0.834756609720504,0.917786495313286
"926",0.949173359684282,0.967046760851648,0.918406533925263,0.985212319427029,1.08819159301021
"927",0.965398037461737,0.979034155600752,0.813057353780148,0.742056946225498,0.90250715945448
"928",0.865857257134072,0.880282954001399,0.924912144835215,0.898302428600359,1.01257249516739
"929",0.955053477868271,0.972032257172111,0.786982007008595,0.858380813753829,0.966591643306637
"930",0.962270450569934,0.973732898152469,0.888939846012408,0.951982118204379,0.946674279402415
"931",0.90488107683092,0.918650477354146,0.694288280310171,0.757855691156922,0.896217306821175
"932",0.898293785135231,0.906151363972286,0.711826010457393,0.791651484312301,0.896514721583311
"933",0.798895625031255,0.812641388882948,0.725830553064213,0.780916214407463,0.815755992182384
"934",0.953680347126308,0.96358271411524,0.777939904245276,0.86738595266701,0.898242777987188
"935",0.951093868272793,0.966681850464349,0.824986628937551,0.732485822948342,0.850987938902418
"936",0.962354335327675,0.815701927008697,0.694605511072966,0.757728458993968,0.886352913168365
"937",0.932770533928271,0.949018581108011,0.735864200529895,0.721623696536689,NA
"938",0.959376395576007,0.932654982058749,0.830256342810689,0.702451531220818,0.829356754939511
"939",0.910376040073681,0.918155271636696,0.798848235725612,0.874923202732846,0.984079555668554
"940",0.967619214318742,0.896291936822134,0.787585570079497,0.750578888665303,0.850751416547093
"941",0.864208821225757,0.876054763027627,0.918849420679969,0.783898899875846,0.909701997499751
"942",0.982762936488723,0.952200628529863,0.723926586833825,0.738999936232021,NA
"943",0.91275831785596,0.935292743617089,0.90894235680787,0.773861074304446,0.900049583799102
"944",0.958906709920649,0.906863293815625,0.784612865510117,0.845997283061846,0.970584783629551
"945",0.871200029665083,0.885863460089745,0.717141016659391,0.766528324812026,NA
"946",0.974231980414853,0.960065582399845,0.851682580573918,0.891885729573844,0.956565499836085
"947",0.950637811133044,0.966451813427114,0.747232748546096,0.809632871038524,0.939694965195887
"948",0.948751326357259,0.900747988432808,0.802125285094459,0.881076218015657,0.962144134066127
"949",0.949753751378059,0.923655777632681,0.819891130358837,0.751389839657075,0.861189055281195
"950",0.978746884005787,0.982128380122483,0.673982701062016,0.768887101570519,0.859325188076924
"951",0.822146779092763,0.846429328205777,0.657016603201439,0.734854215805833,0.860827769039726
"952",0.965228226413375,0.973509377227905,0.846709634561552,0.802729745782543,0.845962678999879
"953",0.960903102964658,0.917138853576172,0.852126017597364,0.758860713307282,0.86990356029868
"954",0.891765129858884,0.908720107299454,0.927014013149014,0.7978193065533,0.915275140281993
"955",0.909518841501369,0.820096848890104,0.874509382162121,0.961507001165921,1.04125862705891
"956",0.943240417525885,0.811710013587615,0.867997433442741,0.748663844672,0.811562972581056
"957",0.92632002836618,0.937027781404612,0.759640803499104,0.849966836414515,0.942944571043965
"958",0.917267172490363,0.938999597732251,0.814250002718206,0.892167285965165,0.941744529087157
"959",0.899780929298747,0.843382688954669,0.810258647163631,0.879607938614632,0.999656180578599
"960",0.979362784392395,0.983385016299046,0.751408320981922,0.835201486182265,0.925506549632056
"961",0.962353983691576,0.951817297902395,0.772684456001258,0.842096584597477,0.938239555106201
"962",0.962228968376162,0.72407356757118,0.74403242051638,0.846947697815571,0.952496118364788
"963",0.975900981469324,0.970940769008202,0.845683982457023,0.889363016475936,0.885319744609561
"964",0.977394000425014,0.982470858188539,0.871394312078264,0.831068323616352,NA
"965",0.955831655856202,0.98212834741568,1.03392384867107,0.81222185934091,0.703677222769274
"966",0.967404820828037,0.97235749988582,0.611548409738255,0.698770460068756,0.843223358317265
"967",0.950995009931384,0.973707997590937,0.640658837886336,0.727857551830581,NA
"968",0.888416913946905,0.874588367640672,0.721938912103775,0.773083404401323,NA
"969",0.960813849024572,0.884583956522651,0.750463088180173,0.819645347321181,0.930591346210087
"970",0.95309769678544,0.784922268006214,0.784600583144233,0.670813450903942,0.807258970577779
"971",0.973948036395077,0.977993506603235,0.829936410898046,0.882447956127469,1.01014033818745
"972",0.970834632211945,0.980059517900303,0.800348351700108,0.860621739792721,0.983838866460743
"973",0.91352343461383,0.918344896664556,0.783836292258984,0.851188757263598,0.974635103892455
"974",0.94937550787492,0.960756541144827,0.808245201311944,NA,NA
"975",0.958531590991849,0.968529281283272,0.780743366553222,0.836372790594776,NA
"976",0.978442300727279,0.989337407542865,0.785011519274272,0.868889569655759,0.827904904435078
"977",0.913991374707039,0.811367002360679,0.738299020186576,0.691879828684841,0.657249439241408
"978",0.887623607149879,0.889973523996174,0.779690801231185,0.820256740806671,0.979482348493663
"979",0.944799660372276,0.958984945672427,0.900246740676481,0.971331346958633,0.953536750210449
"980",0.961305086575167,0.963954919281803,0.995863026002899,0.778967870210522,0.896233155959602
"981",0.908425739630539,0.923572225217675,0.817067406189713,0.865897008060385,0.969956096813167
"982",0.874787196995412,0.894526589388737,0.930923112787473,1.00532986180651,0.870069369199524
"983",0.961615173043003,0.751285739443463,0.663632045891615,0.765787291748168,0.838898901270365
"984",0.848824710806215,0.816768291758781,0.844777297486665,0.915554333384266,1.01082013306462
"985",0.929027720916943,0.947156701859818,0.893128904159983,0.950356086355526,1.05680862207726
"986",0.937399862645908,0.954562816494207,0.739720155802336,0.800995915685124,0.88507107311303
"987",0.916723065377894,0.9327730789056,0.692210150305345,0.791107622503352,0.898253571786693
"988",0.889350208287849,0.905877600798491,0.65903747377518,0.735913414626667,NA
"989",0.975049307508414,0.877442562725419,0.827612199247161,0.80334992528611,NA
"990",0.96822904023211,0.939471656960906,0.724792895238272,0.819878905660521,NA
"991",0.951028100572498,0.964189175425257,0.775328703783269,0.863095519868887,0.866864341016239
"992",0.927573632009756,0.947839615310964,0.841909552772147,0.818601310176988,0.932885896662316
"993",0.956474584215316,0.754301769195367,0.730366132460748,0.81046653969554,0.945177145770526
"994",0.964502523130288,0.871489823955029,0.87465740615115,0.784394991940795,0.898288003683149
"995",0.896710465860861,0.85604453637508,0.771817900694071,0.848973915182052,0.9014836775161
"996",0.948061223943251,0.967552142979716,0.698577229480246,0.780248754361652,0.903376969712779
"997",0.885060410538413,0.899007756510091,0.687822111114236,0.776616873140504,0.852598418417211
"998",0.859798042105949,0.865197035482606,0.706197078940463,0.773775186104214,NA
"999",0.952854088031084,0.92318008044674,0.843410214395983,0.909895909307366,1.00161965476464
"1000",0.861733667548561,0.870888154010862,0.79240536761937,0.8668227021067,0.962402537349027
"1001",0.947554096748899,0.956570334414063,0.689535669409095,0.752080828000095,0.807565368292967
"1002",0.964913077691534,0.97863639986716,0.569277138786332,0.695066090990779,0.810253844443492
"1003",0.967229575194876,0.975227835109158,0.751466289084486,0.837368791755159,0.939612490738272
"1004",0.883864948058361,0.899042623693273,0.754256244968842,0.83674016675236,0.886859640250075
"1005",0.958029794938247,0.895030070147916,0.786815018853262,0.838525811564264,NA
"1006",0.950010008501589,0.965598551791162,0.886442049057402,0.915747539976692,1.02393559205713
"1007",0.963014241386467,0.942791763413632,0.608102314374993,0.701789199537457,0.762884565485442
"1008",0.941470025490647,0.869218358732825,0.716589939305828,0.714141124093479,0.848413228507893
"1009",0.956961004771488,0.969895670057526,0.723218880432024,0.74457119756445,0.869445498534643
"1010",0.96490086548801,0.976552302182081,0.770230141141326,0.804839168201707,0.915039768752863
"1011",0.963401139419673,0.837988112542521,0.865344640598748,0.917632066846759,0.947759331563435
"1012",0.947283743074957,0.969245641351999,0.826826039215835,0.874051764615721,0.979605665127717
"1013",0.962814338075805,0.97461491723169,0.771966884523374,0.853769195444481,0.953184730284492
"1014",0.951002773862404,0.905030374393266,0.722574545145999,0.789749644138379,0.912014710073616
"1015",0.906119435805821,0.925844965208106,0.827740285752746,0.820687574378967,0.904247395971054
"1016",0.965261568118633,0.886056193612257,0.746900079391494,0.828354686173702,0.865954593509382
"1017",0.974809675676785,0.903410597267758,0.742224504612701,0.791519709338906,0.912050002878485
"1018",0.969154167330562,0.978850392780134,0.723250135412402,0.815662759579524,0.914431499334699
"1019",0.973755825085575,0.903400196447562,0.921501563351508,0.823007016787754,0.928143420093136
"1020",0.934852017281216,0.848479799625993,0.743188474388932,0.797098972426157,0.91951554531627
"1021",0.978807173067993,0.926705436097964,0.786402027248213,0.860790642176117,0.887658430522078
"1022",0.913663797357448,0.930610604993303,0.859737023519922,0.863068148597984,0.999876639739185
"1023",0.942068102709255,0.969694512843312,0.870284141950887,0.910316450490682,0.958537186782483
"1024",0.965485349820148,0.956718065127927,0.842578695543882,0.845468927729501,0.958125447566939
"1025",0.896476319490989,0.906145851373877,0.677158800562896,0.747503082246163,0.882693571217442
"1026",0.95849068925188,0.977476605414977,0.812900068223869,0.889604779173669,0.88791570799892
"1027",0.967973532083059,0.982724381766536,0.830290724752198,0.912905592301703,0.811043832001594
"1028",0.864545965508171,0.700407037605027,0.761712627943825,0.79928936315694,NA
"1029",0.96907923652766,0.875396903308328,0.884692923210142,0.947235662342465,0.854401329437343
"1030",0.941171356869212,0.931144118275392,0.947638394061241,1.00410225213165,1.10892411377252
"1031",0.974540828832142,0.840636405447569,0.721951331818299,0.787470136554837,0.919459033918962
"1032",0.928431139669165,0.941071403589958,0.871222497114471,0.922083250745946,1.04695784724061
"1033",0.930448914332271,0.917815490898242,0.764660029264918,0.807632066607943,0.935364935439893
"1034",0.940505973528939,0.908169478118676,0.732062860745722,0.783731807750504,NA
"1035",0.955722452840482,0.954809390623483,0.704513708754401,0.79866026661426,0.827076084583355
"1036",0.941785151220107,0.952939870850342,0.743878704855009,0.789790029774754,0.920132261470662
"1037",0.969829748223961,0.893706876680702,0.777586960333242,0.726610895566594,0.869522274746537
"1038",0.963835177987994,0.971962952258764,0.838116850108409,0.893008305545136,0.995578937088142
"1039",0.982274382433729,0.909363150269961,0.838604460125747,0.857486972509375,NA
"1040",0.93999356366925,0.894248431077401,0.91697556095221,0.962360237424813,1.08164553578687
"1041",0.934447839275157,0.848690177921333,0.776022234067257,0.874393460417056,0.807269496203003
"1042",0.954094705599147,0.974841705881599,0.749731066634037,NA,NA
"1043",0.90097846859329,0.914207066938915,0.862712534463213,0.771799688374703,0.921159508872486
"1044",0.966934609607849,0.868648936619212,0.801566512823634,0.834248187658734,0.89982203307586
"1045",0.95775902796894,0.862048745287765,0.697820016937388,0.785894021234104,0.90270364235262
"1046",0.964504597199606,0.976834858425613,0.83523619359783,0.903709879578293,0.894149761234226
"1047",0.958760131946957,0.969253259622565,0.787434421144613,0.865900427902391,0.950590120566816
"1048",0.969457804669997,0.966997484488794,0.911251489185413,0.912615613751596,0.921638969036407
"1049",0.949339960521591,0.970963111883759,0.766498496026719,0.850514663385044,0.966088952645147
"1050",0.903297144923046,0.915809154371024,0.767037170531539,0.850516187614935,0.911980990395054
"1051",0.967148369973278,0.947552478831466,0.811805879930018,0.786993711370747,0.870681866346377
"1052",0.910694191935254,0.924741877072057,0.838494835790579,0.919697473327456,0.95691938830324
"1053",0.922165462082208,0.934362901616714,0.723962483297648,0.802117882134476,0.921561736128264
"1054",0.958804669377603,0.977913081233315,0.650045371572522,0.7401371550644,0.862744768730075
"1055",0.929890445357358,0.943184503616345,0.74130407993,0.789068165957361,0.918339349118241
"1056",0.962476865907185,0.973742696611455,0.857092126181885,0.803937149424244,0.945485193845883
"1057",0.973854266377181,0.827769517138244,0.879577537507179,0.79684149714587,0.933298963201989
"1058",0.911573720889006,0.918799567188334,0.767666836528097,0.782376105654649,0.893878552433476
"1059",0.960888530746982,0.95770833088901,0.871683400852325,NA,NA
"1060",0.912505436661389,0.922372963346728,0.705689886295736,0.803512113813952,0.901364541458863
"1061",0.914995679378596,0.931236510163923,0.852919904092543,0.663067002705559,0.806911521818107
"1062",0.961918551619213,0.855239457639667,0.672268715067546,0.751704824145361,NA
"1063",0.968240493292049,0.560280864533966,0.633726718605597,0.721138752614153,0.847855489239096
"1064",0.952438727140276,0.912423338910369,0.946828024398548,0.847979941011866,0.700206365980614
"1065",0.972589387197735,0.805612597140384,0.747795066136413,NA,NA
"1066",0.959429048884776,0.973486377693285,0.928544723985669,0.989213000125594,0.997294179309085
"1067",0.906925999856191,0.92248258531075,0.920409693049292,0.785391474328862,0.910949986058675
"1068",0.963496458774771,0.979244509806799,0.815275271817403,0.866858517289015,0.916009472739697
"1069",0.972178364895055,0.733674037233073,0.756596379118318,0.827393318847827,0.947218133499655
"1070",0.888726986909793,0.900346651627696,0.756253866862059,0.83551041115165,0.959503570039101
"1071",0.932894229235143,0.882903768735073,0.713134816849662,0.692925015401655,0.820224360016884
"1072",0.851583399146877,0.868801191176276,0.885317555636371,0.891021828365414,0.981241697760785
"1073",0.965129018083562,0.978864913663217,0.919212301268884,0.822278619443908,0.920265424746211
"1074",0.888564880824405,0.899808986126098,0.899518568779309,0.948292026577318,1.07448412153435
"1075",0.962381453167879,0.980055155177036,0.781662149721393,0.749881117334563,0.900077205850716
"1076",0.917298584955566,0.936092743128222,0.882327482098594,0.708755322810003,0.762467313067639
"1077",0.958278799956198,0.983873962335381,0.783139407466413,0.86560140007505,0.939273835492436
"1078",0.968579772975646,0.973947027455869,0.805697615975923,0.867681466269432,0.975378052521833
"1079",0.974259309057788,0.990223465756382,0.857775058218784,0.868154171427404,0.942014217731828
"1080",0.922933796562809,0.938157285261787,0.807816996974995,0.748201241849836,0.883085069101067
"1081",0.965200617438862,0.974801742569468,0.651781892966585,0.751606300274987,0.886676441813508
"1082",0.964218146651793,0.975022496029989,0.765824667278106,0.81016127336583,NA
"1083",0.965777389981127,0.913757482081896,0.78925284868657,0.845699221847065,NA
"1084",0.942578828653369,0.959031040468818,0.81741096658143,0.885364211248218,1.01653389356956
"1085",0.90976033045479,0.928891795061275,0.755228666813061,0.850307751323752,0.95408385160901
"1086",0.961308963328137,0.907055860258421,0.963050821049699,0.899152966792881,0.827977100915184
"1087",0.96836444092945,0.977190460305303,0.688797872372213,0.762081498609683,0.869749172551375
"1088",0.964992286600262,0.815660179064058,0.858868112316746,0.899954578305917,0.996617106688019
"1089",0.976622214125766,0.980367688802804,0.886839672281145,0.956049442869676,1.0607283705623
"1090",0.951464725696938,0.956377832669553,0.726022714748648,0.805309922431804,0.927113492212414
"1091",0.929181667831408,0.865758124161093,0.65657856191074,0.74770916233961,0.717261801960361
"1092",0.949514076938735,0.962652379576635,0.899990723441919,0.957637654720103,1.00251253718748
"1093",0.972706811217829,0.985819283825443,0.767651710683081,0.866425468249235,0.917343976738321
"1094",0.972097563768369,0.820707000145576,0.86110974689114,0.940221441422929,0.938937451097773
"1095",0.956333096590762,0.88961109107046,0.801926417696684,0.870761730839671,0.909572914239348
"1096",0.943452702252036,0.783032630669028,0.690411490760191,0.795114470312813,0.903073222674103
"1097",0.959317824193549,0.909747620632835,0.859137384706377,0.787644112000653,0.952148527645378
"1098",0.963031276537186,0.671574045890836,0.74740078031409,0.706028957796345,0.772435141578722
"1099",0.957162752325328,0.837578515961778,0.723639105295646,0.798979251953339,0.922848093196549
"1100",0.901471854744347,0.919169513198718,0.911996155593042,0.871370967635367,0.897508535560561
"1101",0.892016225522924,0.824043781987468,0.814229107113456,0.886336990660155,0.978081487452106
"1102",0.889009284862174,0.904875743550377,0.849664514904403,0.864762296737299,0.816601899603197
"1103",0.960171712233421,0.841536149992047,0.843216865365509,0.912068435429154,1.01502436620802
"1104",0.966123700671286,0.960220499421387,0.735505589396358,0.803922258355986,0.899108303742762
"1105",0.966796900565513,0.945653703975347,0.692943237762671,0.731543953880958,NA
"1106",0.926040289235234,0.955170110222957,0.772016116481648,0.846428098170225,0.950228791623363
"1107",0.85029756675107,0.826699571698889,0.645469712607063,0.743007930108596,0.839528043048436
"1108",0.954958358162488,0.822092386115785,0.693139444365822,0.751726053982274,0.721155371759527
"1109",0.972276471091591,0.969501082735556,0.728636403344736,0.804860285081711,NA
"1110",0.870136491095814,0.883300767246836,0.764783530089926,0.840592612438268,0.950012759878201
"1111",0.973771096381584,0.961384975293336,0.84787194433185,0.88697894198102,0.958240464799465
"1112",0.953023083504277,0.819445289875048,0.749424517428944,0.701394500216508,NA
"1113",0.938091784901551,0.946166130441953,0.835004516090759,NA,NA
"1114",0.963437270140379,0.974687402440397,0.830293216154334,0.786498845789772,0.917628691412418
"1115",0.876490698900695,0.863418144085323,0.649470676872797,0.64051161118955,NA
"1116",0.940054448815211,0.942736718654213,0.897927865455842,0.955489435129946,0.847409624028449
"1117",0.965601449891152,0.958992040214037,0.793850970395972,0.859051182370785,0.961577753392813
"1118",0.919534988470054,0.935824916585034,0.733515387495931,0.802877331490376,0.923553932815542
"1119",0.942040849004248,0.951287607365279,1.01563300673102,0.849175567134439,0.841692142262659
"1120",0.971534507626154,0.79663687398936,0.785218564892971,0.727142938336125,0.787481681896145
"1121",0.976035915713222,0.943897785161716,0.681541966117701,0.736417988748904,NA
"1122",0.897641803558945,0.906280459654108,0.735073568213644,0.743273760141695,0.857207532589312
"1123",0.973626585016038,0.956119761559542,0.882819026544182,0.970953129223339,0.966569266079729
"1124",0.965822817028971,0.820693414044515,0.729409018306004,0.785739723342989,0.912130943694979
"1125",0.935169045778982,0.884037780371152,0.724255615562525,0.815113281087768,0.941727262557167
"1126",0.971239355013151,0.957461075939558,0.706165129304624,0.777431740154743,0.835245958650964
"1127",0.964821409598097,0.953383646684523,0.728984093809569,0.818633624013824,0.936718203090302
"1128",0.962049859342264,0.972914510213302,0.68712246888224,0.75371566995955,0.910032328466112
"1129",0.869211424456361,0.889593175220573,0.776569420045205,0.845196750528247,0.980629859414156
"1130",0.963507403569832,0.981769423680251,0.883740559991235,0.923512181790716,1.01012918842148
"1131",0.95807583377129,0.961945626605758,0.886733128862435,0.969204732276714,1.04584878998902
"1132",0.952648826821599,0.898538190710216,0.781922472809102,0.863736864312285,0.925268782844402
"1133",0.968834682743384,0.90915028709322,0.897868763085944,0.824528355425853,0.949035612427829
"1134",0.971231446047074,0.849308982483682,0.840144216729328,0.868792432311561,0.757595743898398
"1135",0.922702838860272,0.788385606227049,0.734992122001276,0.79701439531879,0.940224252991616
"1136",0.859549784119344,0.885342000092826,0.61788715974459,0.687791494567952,0.808473164412048
"1137",0.961195631853832,0.888113064930514,0.888784216386119,0.838673915939934,0.885676887513449
"1138",0.923091542228291,0.940349935817842,0.73397425762389,0.761608241560843,0.918445339737865
"1139",0.941056876534478,0.953883172440189,0.740989727410414,0.82053970351285,0.916566321009314
"1140",0.867493957044706,0.880221935452022,0.831946924659654,0.89391336605111,NA
"1141",0.896983863779516,0.909420096303249,0.854835058879766,0.902682548278888,0.891407817272894
"1142",0.882794722105517,0.879380885443608,0.869477128787749,0.935334945502833,1.03358595674989
"1143",0.945568124331928,0.971220175397429,0.845549916089652,0.912962540870315,0.829711490657359
"1144",0.824107011688331,0.843588628262651,0.74913167517307,0.826533452694187,0.951883266815561
"1145",0.944772390342468,0.960811861970615,0.760795614690288,0.857716671826723,0.802677302491228
"1146",0.959062698780846,0.837111799727543,0.799028582166839,0.873835412001941,0.987041130018486
"1147",0.94985364216198,0.924460212153752,0.88220273006333,0.918337562914555,1.06199909830856
"1148",0.907553958333304,0.922741264147315,0.760638956313552,0.839572163942655,0.937454790649682
"1149",0.956409105186036,0.890262244929179,0.705264882190377,0.782397767901142,0.904015567156361
"1150",0.939476150628112,0.948792353092624,0.752337973732983,0.856611098842986,0.970491591438278
"1151",0.963138672575946,0.983314355918168,0.9381555124469,0.89741715273349,1.00859657783343
"1152",0.876543079289597,0.894285680924268,0.698935546889815,0.773661495020041,NA
"1153",0.908561121400572,0.917534429216676,0.688527612745712,0.761960063245579,NA
"1154",0.916458303217333,0.937340954668829,0.803393691583689,0.865106932434752,0.825608020753985
"1155",0.952924440550451,0.896623147232151,0.689331028893745,0.79184157280656,0.893999152078922
"1156",0.904481273381071,0.917609314804894,0.718161670221344,0.8036372784844,0.920959507673556
"1157",0.951173339443918,0.909275207652683,0.716222618898767,0.777437148238768,0.89117944429903
"1158",0.97459891972286,0.843919325886563,0.89300381086968,0.851815344593007,0.991424197081383
"1159",0.818418361429013,0.845625321618689,0.699924311329701,0.774508301607305,0.877883657291465
"1160",0.982715403886764,0.973794624530672,0.743214383852934,0.821470266937759,NA
"1161",0.914218828477775,0.883735656749194,0.851713679051131,0.895526161395283,1.01611718364353
"1162",0.957149088291498,0.91339839237803,0.735187376715717,0.81317461119352,0.953003344709166
"1163",0.953802331922739,0.917932487479236,0.779000452195005,0.842264777741725,0.996582843296913
"1164",0.873386607548557,0.887008735353276,0.758859509522087,0.733043407940123,0.864839089111714
"1165",0.964998095697065,0.886595262786418,0.770120663142552,0.843488888395185,0.965593460078558
"1166",0.95306412701714,0.942706431670569,0.859774591952006,0.908125880000557,1.01377179731317
"1167",0.874530202719691,0.812121625573366,0.733429124787332,0.810538019630622,0.930845907332829
"1168",0.96742886110674,0.97002800234731,0.709605185095433,0.787630863879812,0.911983883434039
"1169",0.951386029850658,0.97252350602074,0.783869895630415,0.840709044349571,0.957969577591379
"1170",0.9144763108663,0.937976537144564,0.63460468590831,0.726674147982779,NA
"1171",0.95766044518455,0.949558606976894,0.818495987900968,0.877916867056964,0.988580364722369
"1172",0.945653573448931,0.953379388865628,0.802741730203581,0.812705378043531,0.943061111656599
"1173",0.878564129091402,0.854912157749252,0.838293843845445,0.910654330257968,0.918153727458546
"1174",0.941483165598366,0.902036230446056,0.558211704608433,0.68015827174472,0.799587903739891
"1175",0.963537768253182,0.846759417529023,0.825997754371396,0.873735657650067,0.9763753983925
"1176",0.955513811315186,0.971653046383382,0.727718330145341,0.798375193132377,0.937216267398233
"1177",0.915399567846019,0.925337717706,0.772377987955643,0.779396191547795,0.911565536465025
"1178",0.967242995586461,0.976759810988846,0.722026264917723,0.752676098494268,NA
"1179",0.965370266240342,0.982844624873505,0.857838939649561,0.84583301697438,0.933068884029717
"1180",0.949404767580181,0.813889157166248,0.810756761352733,0.775738220021189,0.899442997952124
"1181",0.963089427045194,0.978832469239167,0.845757801168299,0.899135741840929,0.966519685505685
"1182",0.95890850531879,0.921665939003655,0.834713873231517,0.728726055747441,0.851796667605711
"1183",0.976584727076421,0.952413185015409,0.874326133569669,0.865631585691056,0.959085665533543
"1184",0.943226431895368,0.817689330457752,0.738215461692159,0.808779580086272,0.920720403122238
"1185",0.844551133970561,0.798396571393255,0.829086557367981,0.901251323992803,0.976277327283346
"1186",0.957623107307351,0.973625510323555,0.849139580752225,0.914121010655094,1.02503672793004
"1187",0.97870907783455,0.966301855733819,0.947216475518224,0.899097220205608,0.988494391622464
"1188",0.872064884940993,0.882122172774418,0.829155796480225,0.809580936302827,0.850058149640774
"1189",0.956253855853713,0.957991868582703,0.715623125167058,0.76961961385249,0.750079012932057
"1190",0.956678984057026,0.955743354805909,0.846057448740131,0.914705859357108,1.01905817939899
"1191",0.967744738664268,0.914089631729722,0.77858216851589,0.757784555690073,0.926650537437265
"1192",0.962355739760864,0.967955344378531,0.784105735247839,0.851315989303867,0.959649873212586
"1193",0.90650032298837,0.912718302127557,0.895388582075557,0.953398616921126,1.05277340649496
"1194",0.885167382413849,0.900441020025387,0.746906145011462,0.835888783777151,0.919522555598752
"1195",0.974197591046974,0.957524800857162,0.821994971922128,0.770853393591896,0.864668299045099
"1196",0.961886462230225,0.916697924921441,0.835262860365284,0.89487538663436,1.00788991918445
"1197",0.941421540462291,0.871924711242983,0.809671114694967,0.898974078492909,0.979591584425965
"1198",0.972784044223712,0.985748180565643,0.759252710195551,0.678692063010346,0.80595645006412
"1199",0.954259767526569,0.966351004028088,0.816871172572047,0.840100520810282,0.895955174207386
"1200",0.968106012024629,0.958809723689697,0.890246068286221,0.851801483708941,0.974386047904737
"1201",0.912435308366075,0.919986391637942,0.682102282583697,0.757225403623503,0.885965913417791
"1202",0.95713668663397,0.980508793016517,0.811097691824866,0.86881265095903,0.967393802495798
"1203",0.975826435887318,0.896673551505602,0.944612880523641,0.989765439156056,NA
"1204",0.966769411189427,0.98192780854419,0.753525396626292,0.843053740448142,0.955910172582228
"1205",0.934902828483967,0.741428900610158,0.609524903230122,0.691694625447148,0.791844410824596
"1206",0.951796926882479,0.985866274554299,0.670086342032793,0.756688830322804,0.843637054953048
"1207",0.962849987586603,0.955362360171629,0.699393882879939,0.757907400637313,0.893910341350757
"1208",0.974225024504259,0.944985988070176,0.645178744629204,0.719248448126764,0.845547157177933
"1209",0.940975010714483,0.956084373975507,0.874484315217303,0.761249764136265,0.894149001294605
"1210",0.927945915838744,0.884033315731949,0.823023847321662,0.834225340153489,0.962597528160844
"1211",0.930595179429382,0.945472067428756,0.731535867731063,0.770949534489304,NA
"1212",0.974984505857017,0.960580956533441,0.692961500677884,0.786812570921749,0.889914091925663
"1213",0.934533217520666,0.77945075213973,0.756086145924503,0.825144746042649,0.886950438256499
"1214",0.895454098108821,0.917482895412721,0.826669276058519,0.929387086414213,0.960025792657083
"1215",0.957073461578819,0.963623499246315,0.790459070655666,0.875168539161101,0.964896545905507
"1216",0.920434383388806,0.930082639714823,0.767112336543204,NA,NA
"1217",0.949307882546966,0.952537752304174,0.716118742275006,NA,NA
"1218",0.953907265645555,0.969696065129138,0.788000589981928,0.848458305088936,0.879178182577983
"1219",0.89748593483649,0.934022088138642,0.78378755439959,0.8583878179419,0.966320710576021
"1220",0.899135114298869,0.915112779756364,0.741015912758203,0.811345905771361,0.935823893547131
"1221",0.951287350690355,0.961155131363729,0.863411553299268,0.917791515214464,0.989160545680192
"1222",0.891824660654334,0.890147554502619,0.901110129127813,0.94761006628454,0.99187106004288
"1223",NA,NA,NA,NA,NA
"1224",0.956850026835992,0.929406297961965,0.833325317081872,0.880731180110305,NA
"1225",0.938244741086311,0.826228119851698,0.647302469400174,0.715670535558665,NA
"1226",0.89185263986133,0.906597071976443,0.844354725834438,0.862315419924477,0.916987303178311
"1227",0.963933924850065,0.972241368707011,0.811158146580929,0.86599474751798,0.996177131194147
"1228",0.949252057758599,0.964559978513272,0.707883365468228,0.783321974554115,0.90260228742847
"1229",0.960690619003796,0.957303474544312,0.99994145901588,0.992741129738409,1.09162434255123
"1230",0.963579086197283,0.984491254235731,0.879452018099806,0.856897767115908,0.986152092558219
"1231",0.977475044323915,0.936829564124633,0.828319234745387,NA,NA
"1232",0.954054453754268,0.960855988921814,0.757645729867483,0.824298869366151,0.935869766450396
"1233",0.836190727628941,0.848680018402196,0.852804769566264,0.922839640014189,0.940699704681883
"1234",0.831952494860974,0.844916567061709,0.666172318690955,0.75554633234802,0.896410228072204
"1235",0.939159119232253,0.955474599937561,0.745691695692915,0.798329547519352,0.938352781034873
"1236",0.941678077352526,0.78854959417278,0.708778876736118,0.796340559559737,0.897796255213465
"1237",0.971705279711119,0.986386033321413,0.654296617413932,0.71354479457972,NA
"1238",0.918113990023606,0.932121230591698,0.784535550155412,0.821250521029201,NA
"1239",0.958676749507671,0.887094551005371,0.762251791514109,0.814166088802535,0.881359498622565
"1240",0.963784294902329,0.897350197142861,0.857812531036641,0.827677274221222,NA
"1241",0.963483224519535,0.882768574070003,0.792429398660437,0.853676097629319,0.956713735307944
"1242",0.974735558303404,0.967124629899599,0.803513193956757,0.862945837570412,NA
"1243",0.983670956823655,0.965973195730396,0.705966749124436,NA,NA
"1244",0.87399337495941,0.690093587212116,0.746756949582033,0.82048347578482,0.920586082863415
"1245",0.875397373670607,0.781258635492293,0.750951796514927,0.811837308556963,NA
"1246",0.846017380694475,0.750101465119434,0.787312600227087,0.861975063269504,0.994004979838911
"1247",0.93309030042289,0.943034628393943,0.780152038184682,0.798063265961842,0.902966250370298
"1248",0.868415145459893,0.89083970922607,0.763949833607271,0.863182335682125,0.966953669716533
"1249",0.960539335681839,0.836566729235704,0.861807590415221,0.911104356732575,0.996702842455045
"1250",0.912378203672075,0.919000576551502,0.778835631270718,0.891407786969987,0.980019226674384
"1251",0.971861497658416,0.96252546286608,0.693612721398404,0.788856659740963,0.913606002035518
"1252",0.889733925777792,0.90375671900363,0.829857990490184,0.845390025639333,0.980868710156623
"1253",0.919108649055617,0.936841933315104,0.955260365380056,0.806725414986373,0.910089928128887
"1254",0.939561260828953,0.930617773450523,0.907722734917994,0.679084582623187,0.858914708734796
"1255",0.889747461949325,0.906390995632264,0.734963714924414,0.810510091010104,0.947366248263483
"1256",0.957970753541796,0.893651098338713,0.908971218008479,0.899532589558516,1.00940541870977
"1257",0.918057852998739,0.93243597496951,0.775471292995638,0.791652999306712,0.896208293023081
"1258",0.941734918139629,0.961661561342477,0.798922996759718,0.868791693097543,NA
"1259",0.951668324823326,0.97271630057527,0.765731049429565,0.824835842011457,0.847351462624012
"1260",0.954777329061693,0.923849648177463,0.995684538190163,0.805335200259559,0.906971406382994
"1261",0.934878736480683,0.9454410803964,0.713180034891969,0.771385107964044,0.858076199676291
"1262",0.954840022468634,0.961648598146087,0.812413691155969,0.884176272553331,0.963852126114431
"1263",0.974202587623847,0.723808677062438,0.787970188637735,0.850668342385683,0.948853368448396
"1264",0.958460469710002,0.925022565929073,0.650422557725553,0.742477585966837,0.891646500929468
"1265",0.969133848899154,0.97195822881323,0.725918241307573,0.816351656936457,0.913646602034472
"1266",0.946940104788252,0.96435543432917,0.842893132379496,0.895877853971721,NA
"1267",0.956782743268586,0.928179041969188,0.834394010243124,0.919309530860597,0.932616543249339
"1268",0.952464691503176,0.957132583810027,0.916118613360076,0.871911228274827,0.908074957375762
"1269",0.907334907878667,0.923483845849203,0.60026446309292,0.678553621647423,0.842446586663134
"1270",0.95356497260333,0.976277789993527,0.778807322429968,0.848426180927133,0.867751066968089
"1271",0.965828285124995,0.904284047691693,0.844252568317057,0.910185928286207,0.828869992392467
"1272",0.957575219556678,0.973476544283641,0.800685224368832,0.873268460336562,0.999554241755871
"1273",0.984996955136919,0.938032685452106,0.798346868168517,0.770310322857581,0.902794580571992
"1274",0.870996429819199,0.828626750443769,0.856657977087966,0.780735834218902,0.930736582491179
"1275",0.917120557708684,0.874059104060341,0.777181575720992,0.74871495623165,NA
"1276",0.928918030341714,0.912980545480205,0.794339714158343,0.895240486290864,0.873944922018684
"1277",0.909760826880953,0.924285016177599,0.759613368698877,0.840645304873777,0.952660027831596
"1278",0.953629559939997,0.970818140328481,0.701819716652729,0.763764190138517,0.885208468678533
"1279",0.967657565840603,0.843234743835614,0.809859659516561,0.845740126648707,0.975637211208904
"1280",0.884688649458855,0.766564118075522,0.802189500366879,0.867308174895163,0.876476129278774
"1281",0.961366384933312,0.979923870822712,0.857801145927773,0.914053125248905,0.938782965892751
"1282",0.896823539131203,0.908560189062905,0.710368844822838,0.755681633444855,0.873552104423603
"1283",0.974920118427709,0.972260827593245,0.656046613960361,0.693742700975557,0.834937635591925
"1284",0.962939459582509,0.875838367642422,0.733371365973136,0.725905714187835,0.848002695085066
"1285",0.987039219991633,0.990679653578032,0.73392906809851,0.84154487607191,NA
"1286",0.964251248537338,0.721970494777324,0.797635227812068,0.862230210153017,0.961337244495942
"1287",0.946039947210155,0.965199965716059,0.784589780532853,0.869625030487349,0.959684644734996
"1288",0.959731280436096,0.900249333001627,0.765722244968277,0.835722644589531,0.925498163881425
"1289",0.932198228306875,0.941065751735248,0.6862496396947,0.775792221429178,0.729818514209868
"1290",0.979643132268435,0.961708359262172,0.864721929290336,0.928193498498127,0.994793100265246
"1291",0.902037739896532,0.908598100915107,0.801047381947841,0.85140090592783,0.981420048829245
"1292",0.938350062493802,0.871409320210701,0.782336135126062,0.838410412189965,0.972874789181568
"1293",0.978450207228147,0.992184399341746,0.789346120444259,0.861584161513123,0.975010711259956
"1294",0.958798682634062,0.892150325838757,0.940864199555582,0.721198372083031,0.814360654928001
"1295",0.956529947928889,0.89834771337999,0.965811007356303,0.854693458493293,0.998487523003228
"1296",0.946193762552285,0.957469552358521,0.831044082820263,0.820197314644917,0.922772108126737
"1297",0.973328785599322,0.913273283624776,0.652681117025839,0.747571681065362,0.880981679285137
"1298",0.968381661419862,0.976189480843481,0.891276305794272,0.833409214060147,0.939714743611367
"1299",0.964616095721827,0.979099906030146,0.786991458188806,0.863281995300847,NA
"1300",0.900515892616991,0.921814362283967,0.967780196149273,0.938332288816752,1.01275612789761
"1301",0.959639652477263,0.963275621805177,0.70502249930653,0.751522796324672,0.890742224630955
"1302",0.928269372733528,0.933429347532866,0.721098011956694,0.787632197482234,0.924551549064096
"1303",0.961220574115372,0.970746760616763,0.77378528740502,0.865483369432475,0.960144180121963
"1304",0.89471571243097,0.905553327632835,0.89897933175595,0.969283764468569,0.943157356209171
"1305",0.909315891491375,0.74156681570447,0.786661338290742,0.830936418324046,0.971907270967437
"1306",0.825249072471354,0.841524199940232,0.652174863270465,0.738078718847795,0.870956214333046
"1307",0.956772755579698,0.921954480508264,0.76740440987016,0.785266371768227,NA
"1308",0.925198825301459,0.934694146714084,0.84292200192673,0.886209120174843,0.874135471092159
"1309",0.955150364241919,0.857898344141165,0.83199623999673,0.708333881254989,0.853686266560601
"1310",0.938147461457816,0.882157598036522,0.809377200033256,0.889052258025833,0.853189279740796
"1311",0.957145406045962,0.828177368651184,0.71697624912965,0.780086744435311,0.923315852085232
"1312",0.858602952239455,0.839073921863372,0.715106933630526,0.79327805848951,0.914412157291434
"1313",0.969879945324951,0.897223358836951,0.751615567279092,0.826802788841229,0.888816942720274
"1314",0.977937897343564,0.910029422746135,0.798452331555684,0.843226026792861,NA
"1315",0.964541667482978,0.982890364443012,1.0172476785852,0.817975607081861,0.93614046994999
"1316",0.967707087772807,0.983391763240157,0.799117167617645,0.85945002020088,0.904300794497252
"1317",0.964798465076232,0.929492407541422,0.669935592449085,0.772489255699393,0.861405514189066
"1318",0.964767819406054,0.908270287985545,0.846561176176659,0.91575526265135,1.0141835887961
"1319",0.911898352501059,0.923490044413739,0.71521774646328,0.783724245038184,NA
"1320",0.955773730686142,0.937438793405561,0.827907051454717,0.777723262562593,0.928899884129774
"1321",0.942066065219399,0.955327748993276,0.732406966526383,0.81236407244316,0.844483632531057
"1322",0.931074044911821,0.940593945313259,0.802777064006916,0.854247051415922,0.9064593549973
"1323",0.778758599236571,0.798476713359511,0.862601192245322,0.780463874717882,0.832010493610807
"1324",0.983522228848736,0.956316681084125,0.782835902898535,0.867409249184262,0.876104496647254
"1325",0.953840759976058,0.923856222371222,0.731250894009282,0.823669344601016,0.826671588992445
"1326",0.937177675923116,0.940175849705183,0.862435087933815,0.734839257499303,0.844844265461418
"1327",0.970104545569877,0.987357862559679,0.764708468825089,0.836868176741965,0.961344876179717
"1328",0.850698603586926,0.871608604233072,0.854078039280666,0.925345883839208,0.897743841705369
"1329",0.977245747092951,0.906146353039456,0.869428621505225,0.928012598105006,NA
"1330",0.969112892736265,0.982311617316104,0.884583220254434,0.656059142025444,NA
"1331",0.865314023970191,0.874310640556795,0.72263171002084,0.819504662977848,0.770078018512574
"1332",0.866304962655648,0.864352615404699,0.66607153857979,0.780247849030548,0.901653011337187
"1333",0.926068017169109,0.954881998417664,0.852032736936319,0.926992075172845,0.880167284079897
"1334",0.881539817123311,0.874410674077453,0.765024224410644,0.819319481425359,0.91477987263868
"1335",0.970801565421876,0.980702598440806,0.93018952588268,0.997230596103035,1.00778644094341
"1336",0.924475527997727,0.939832639125228,0.734545298260679,0.816838277411606,0.88922441121002
"1337",0.912514571167819,0.903563281604108,0.892805052304712,0.867540536316922,0.965789724157157
"1338",0.910459407762479,0.916757199545164,0.774968655639254,0.770995505543473,0.89136051528336
"1339",0.841825511177751,0.862276997962845,0.724237528963073,0.807469297592527,0.848296591171992
"1340",0.930790201238611,0.939741465722659,0.902800207429728,0.820877288843478,0.940593210335832
"1341",0.953316131904914,0.97287274828668,0.855124348606767,0.899530560283201,NA
"1342",0.903698362675291,0.915029842923608,0.809703149949526,0.870214098335734,NA
"1343",0.867626412433299,0.877261830272643,0.727736528765695,0.82075201208448,0.803605380102961
"1344",0.968768596100197,0.981425164399942,0.860655068292949,0.91118287464386,NA
"1345",0.902777925896326,0.920786909516069,0.902948090415148,0.97361930291979,1.01838524246876
"1346",0.901972768825533,0.917330176889983,0.810945933707932,0.856009522597224,0.860842222311606
"1347",0.964621446809795,0.985632091456707,0.710299443821785,0.79119047999505,0.784474398005851
"1348",0.955337077673729,0.95735006041106,0.80093312597424,0.82154133833303,0.835621202858808
"1349",0.973367522572364,0.744216305450145,0.814505821150605,0.854304260977813,NA
"1350",0.943201360553675,0.82242006446673,0.743931597868295,0.821636365800493,0.911224376838372
"1351",0.962327973926843,0.858679799935566,0.787621044566528,0.857463306580125,0.963222445937989
"1352",0.895330730148297,0.845549444552854,0.751471735831972,0.827534463651849,0.946176116596505
"1353",0.969867605620386,0.835909559480436,0.852070385679368,0.924487215142053,0.965074349317226
"1354",0.948290288943429,0.908772919537759,0.816095438389028,0.782496648644834,0.921705560637675
"1355",0.888123422179013,0.897260069493415,0.847472355274291,0.923194525666904,0.991156515897885
"1356",0.871766940811216,0.821505492484418,0.755554140976014,0.789674931995599,0.86800732803875
"1357",0.974984798725816,0.984950868229976,0.606627504329515,0.743710115870918,0.836161941366384
"1358",0.939517738671871,0.953890905913534,0.826963797589475,0.883229527130395,0.984894828501614
"1359",0.937792213388496,0.930899861945934,0.795876924918453,0.86908566593175,0.964391627498533
"1360",0.962083374994541,0.917366252058409,0.677043532159694,0.767745403179984,NA
"1361",0.937954543330191,0.959022123768742,0.765089922613478,0.849477786980042,0.85985304147832
"1362",0.908375524794722,0.922770468580289,0.72114551119344,0.823429468890015,0.944792164641163
"1363",0.974121473382745,0.870069517959876,0.566844583321272,NA,NA
"1364",0.961509807637112,0.973494568009421,1.03593854218759,0.908163175649243,0.982067429563846
"1365",0.898027378396809,0.91748941153323,0.67416790272548,0.747092119371947,0.893841680517842
"1366",0.907733292465341,0.930806073395736,0.618644405076002,0.719973475607049,0.843259517070672
"1367",0.923448976598853,0.942367609923817,0.873886224728386,0.717732733503276,0.841018380988503
"1368",0.871563277231409,0.882323111454391,0.842495286335335,0.912535254913233,0.92655811113737
"1369",0.970658390158044,0.926922286392317,0.71766428196557,0.625915047054518,NA
"1370",0.957595080543188,0.908353046690224,0.811502898121268,0.881626036846461,0.938651269262605
"1371",0.975137596551425,0.956109528532863,0.895211461929355,0.863149118631225,0.973798303563624
"1372",0.901070453764136,0.908669971137468,0.795835683739121,0.86886209343713,NA
"1373",0.901091771449527,0.922710453674037,0.876110487028616,0.929700601612922,1.01696009153548
"1374",0.945373658464518,0.915880979492799,0.771627260612612,0.830353505638758,0.962973049778304
"1375",0.976437414749761,0.89069552486833,0.684128953735498,0.752778756766728,0.907926358245148
"1376",0.893494446061741,0.91342761648954,0.750058130859052,0.8519305124699,0.94120505465023
"1377",0.965091294452987,0.881785288920425,0.924860588551425,0.890236058139597,0.888568844773544
"1378",0.907990318528956,0.911105803865642,0.784376227232578,0.83795669237293,0.944049744506564
"1379",0.953100374328711,0.96915620515957,0.750830987981127,0.771571201886753,0.893952733322519
"1380",0.972950416828099,0.9420349811919,0.903719986430091,0.964971574606225,1.06593660651585
"1381",0.962436574948306,0.954766132759485,0.772840169221716,0.759796591472085,0.877274150786775
"1382",0.963283410538858,0.910106449142399,0.828229905731294,0.797055120854534,NA
"1383",0.963276460029261,0.977637211772376,0.655694032843453,0.70079098943802,NA
"1384",0.955823859014671,0.950021563054928,0.744907820410634,0.768371748259355,0.902384286451628
"1385",0.939363872581073,0.958329055740744,0.754374334106465,0.815875393172971,0.876341150480225
"1386",0.985128731308315,0.957231542478221,0.849434934498932,0.883045621521292,0.963686521692878
"1387",0.925123850235654,0.943364233452604,0.976704528866311,0.78593298333966,0.885543745603594
"1388",0.922187212339042,0.938979075775721,0.882590279879341,0.665265384265421,0.823664916209102
"1389",0.956128033480173,0.978080069157182,0.788135473664461,0.855810931907685,0.984273586322538
"1390",0.901588108806736,0.860493745948112,0.753548148483421,0.844690150897269,0.952444544370263
"1391",0.964135085666894,0.788653604233051,0.772603340182886,0.850389628359732,0.911115763027772
"1392",0.813952254566837,0.822014839691324,0.740800761104362,0.799846139199628,NA
"1393",0.98064835658626,0.902096305274393,0.747474132643924,0.772174350554066,0.946047217147463
"1394",0.978382985854056,0.974137141804623,0.929467135400316,0.834370628722406,0.951423422373899
"1395",0.925885075266375,0.939079316481938,0.733879370914266,0.799466542566807,0.915458434403427
"1396",0.920893025294481,0.931010727404449,0.833415740938072,0.902115910347032,0.789562530174635
"1397",0.941062774524459,0.926502524570199,0.84898547779056,0.926072599451749,0.858372980660957
"1398",0.957905575654266,0.955982876178439,0.589788832086154,0.672759774042269,0.82976038833814
"1399",0.968603021855048,0.977605188595542,0.685587647175542,0.745442523251549,0.84188654281214
"1400",0.924359295530889,0.930479178735528,0.786494765090375,0.813033822954171,NA
"1401",0.937661319577957,0.882034047764535,0.940493019888523,0.987992171178725,1.02752328782342
"1402",0.898765607792911,0.864846362426795,0.700372857657243,0.768014999195953,NA
"1403",0.855319991706981,0.868500891935762,0.701192785432595,0.731037928090859,0.806895899405401
"1404",0.955745560121628,0.970172241388161,0.853704768559877,0.930653377304132,0.927584670608568
"1405",0.938334185377531,0.934764875998197,0.657257789519466,0.753663721927072,0.848042319501719
"1406",0.895321136666031,0.908859083784752,0.882712363393859,0.94343469910701,1.06015007671542
"1407",0.932285973144727,0.917655991708146,0.775865432621008,0.851788373136526,0.941950482435445
"1408",0.962753035115985,0.975664959572854,0.920075287059072,0.946173399155543,0.995967132946066
"1409",0.824382229297275,0.755897933552697,0.706251161078649,0.795961781061542,0.91055334977193
"1410",0.969814695476324,0.931652812588472,0.750807999153216,0.80834111674141,NA
"1411",0.940061791832597,0.953642029976201,0.761355787822395,0.811629840220234,0.913917846224086
"1412",0.934755459012836,0.948394621720152,0.84543794500411,0.657267043879795,0.810188520082506
"1413",0.962720507824396,0.97351049610458,0.854211887736858,0.884804019786097,1.01892064003684
"1414",0.968454303141359,0.795151010291521,0.763848381306115,0.795831756819165,0.849159216464466
"1415",0.910202670739619,0.906478175711991,0.693059956154251,0.753862472349557,NA
"1416",0.97687580953308,0.886776753647673,0.810260294138177,0.866499113548827,0.979029159759587
"1417",0.95310586538186,0.810756580269556,0.808228903398004,0.860678569404633,0.98749919655245
"1418",0.957939183837806,0.755740910519025,0.775817065514655,0.835576071766115,0.907578830950824
"1419",0.978431704476329,0.889605561712705,0.950058163812171,0.991636807822956,0.95143086243046
"1420",0.887865749544463,0.903467409472284,0.756856366900971,0.841210110399441,0.935800327364712
"1421",0.949950147041567,0.948425921139757,0.675648080289072,0.777375289073064,0.873764209881639
"1422",0.838961915963637,0.859540705287488,0.81231395163555,0.912285035111927,0.900582323937503
"1423",0.956754747105499,0.778615330120811,0.81425322846256,0.873291233678977,0.977546132317151
"1424",0.95611539664661,0.958917907583065,0.77475252033403,0.810953215061309,0.921474732135115
"1425",0.964131435709914,0.908150048715658,0.847195943095256,0.919230026592868,0.797715492620017
"1426",0.916493930098211,0.930058877031362,0.8966972221964,0.718263010408678,0.81739261989197
"1427",0.951236269543567,0.913219592145162,0.831622615868687,0.712043748260083,0.836299934117187
"1428",0.920936766419875,0.799751800458485,0.686874052530696,0.763839084451896,0.899324235474113
"1429",0.958759843554424,0.963170954626988,0.795480664342217,0.730077724483683,0.84547894947458
"1430",0.945588738187434,0.946628547441315,0.739620349363387,0.836015117918374,0.905528663323394
"1431",0.963149769041348,0.97089261060195,0.90926825724779,0.945546615041172,0.991132202639985
"1432",0.905272849253772,0.920757941882543,0.609420268698598,0.630931402505789,0.817360487754713
"1433",0.956244520744234,0.941497721755442,0.878839424036513,0.94630156165191,0.894501566157285
"1434",0.947860852681441,0.961570029126133,0.819620001387768,0.638895929048498,0.768734857042749
"1435",0.894056941824485,0.913693976507264,0.715176699164837,0.79360509141225,0.926717630184677
"1436",0.970538221320642,0.924932966423856,0.648333718832348,0.740053396164584,0.876760736111014
"1437",0.970350625714257,0.874031551646294,0.680960939201065,0.774321968062675,0.888697406042106
"1438",0.950988369463707,0.789241438062851,0.846956624031904,0.897464745280529,1.02811742908488
"1439",0.942664139845853,0.908195144075777,0.76295509281907,0.835419593497682,0.880736727283712
"1440",0.935481479726104,0.945613337493169,0.645517510684403,0.758090626335762,0.87074731703714
"1441",0.97166575514202,0.973308718954096,0.893057894330491,0.964847909352852,1.0684361221273
"1442",0.961736175244181,0.878388853576692,0.885823004739982,0.770733315992877,0.880465389918274
"1443",0.947141560652028,0.909148441822741,0.776480483513631,0.808698147670628,0.954464525387754
"1444",0.956151852143305,0.851367094966476,0.739813787718359,NA,NA
"1445",0.95134983416947,0.973738538025436,0.773711980129424,0.831451629840132,0.965528136667214
"1446",0.947774495000585,0.964488202162294,0.814181826513508,0.872018598934535,0.908885129945345
"1447",0.978360798481666,0.976330113346404,0.766510979071685,0.854762024551239,0.959404383626533
"1448",0.965290144352845,0.882810739367225,0.783192331656959,0.825588232695564,0.824058738394626
"1449",0.848971571315298,0.793650138567548,0.8555746629566,0.680761618330467,0.77662783295132
"1450",0.94920229886927,0.951972956760688,0.846339214367468,0.906419429263321,1.01983728632565
"1451",0.950360976388101,0.928632459121254,0.876689331647054,0.832201914865881,0.973650787049752
"1452",0.962655503572714,0.976326052343526,0.603730278868514,0.698373687450924,0.830782192221129
"1453",0.887200742013233,0.892207961460742,0.702008945977658,0.755952653349765,0.84024225392688
"1454",0.954971565563297,0.973079375781903,0.818653276234967,0.838374511630243,0.949186211998054
"1455",0.982900995982478,0.986235421052735,0.889411904738215,0.970350270543209,1.0614373331833
"1456",0.891981927481752,0.904713985891286,0.824151059615808,0.888000181320946,0.985710711286702
"1457",0.929524452783976,0.952212207873472,0.940855055022317,0.765175013744673,0.848855901938942
"1458",0.916137345561859,0.889263928000555,0.672101344736776,0.756554765293136,0.903776136603984
"1459",0.948286166331245,0.967511649761326,0.781974695415786,0.733890210673654,0.857387919845263
"1460",0.96674416212619,0.970281606074774,0.874583943289871,0.770261818016575,NA
"1461",0.964555618887615,0.973357961922268,0.819328516962409,0.888429017495284,0.99319150499552
"1462",0.973222541431317,0.987005609468709,0.756417053124952,0.764180039311018,NA
"1463",0.976231010911876,0.859682914733773,0.725957156103507,0.798577860415847,0.888504492336132
"1464",0.950683665612262,0.9676358675513,0.821704236026723,0.926268466589921,0.891754701819088
"1465",0.917195771515237,0.933297776205646,0.891548929641987,0.955150378696688,1.01801992948191
"1466",0.96662146197482,0.953442670126293,0.936806759094738,0.815930408907517,NA
"1467",0.907995075074771,0.916334345702871,0.878562747083529,0.886237275932715,1.00412201004624
"1468",0.95871098165197,0.935350729036131,0.760331622382451,0.828323845057395,0.936809123300987
"1469",0.952516203506515,0.933877194764779,0.854043155822144,0.901628687227763,NA
"1470",0.97633352899413,0.975766751232295,0.83837756568498,0.890837821898459,1.01257795362687
"1471",0.908144989560363,0.923035327736353,0.737062800876532,0.813303064112236,NA
"1472",0.903815286152247,0.912665127200778,0.759875548983231,0.846012675387712,0.960640123428527
"1473",0.978143976944617,0.917166583705016,0.744032149383644,0.580630407881797,NA
"1474",0.962180037758318,0.955545581842117,0.829776447116075,0.72282380655085,0.860596680819963
"1475",0.822922341999404,0.696331073813691,0.777122504862053,0.831106908875355,0.953490152531749
"1476",0.973795411217333,0.985388402769449,0.843822192951224,0.899159157754762,1.01111822142272
"1477",0.968590196413154,0.92155474567912,0.689877532597199,0.759086600332294,0.905492845185831
"1478",0.948455080349968,0.962412265056263,0.831348788379802,0.899267060474133,0.883527616096046
"1479",0.963679406241633,0.956489952837199,0.789029954428413,0.852192086462651,0.943537066475684
"1480",0.974528608067474,0.959586126791188,0.653602074560941,0.738310512616836,0.804172635216891
"1481",0.962290009173758,0.855234864204331,0.721771340577193,0.760846581385082,0.881352985140544
"1482",0.928244706571314,0.945886643352681,0.748359660076329,NA,NA
"1483",0.967041420286481,0.978230147364478,0.824458722351358,0.911382554891301,0.911845337245393
"1484",0.968511042756993,0.979555054807578,0.720286268074088,0.783670854618002,0.93508607318306
"1485",0.826072298925296,0.844766453297071,0.706899258468643,0.813088869616833,0.927606074340311
"1486",0.945240812781277,0.945480534282662,0.74340574611004,0.828461958204631,0.985001569253793
"1487",0.967926200597609,0.89466800190401,0.829206417228402,0.884864680135414,0.956659939850787
"1488",0.930249236173481,0.898766546906117,0.699662008734803,0.746465982074276,NA
"1489",0.963616758138065,0.839463526266713,0.630523185249894,0.699064348188142,0.854103982619356
"1490",0.963021042723211,0.98078634992187,0.788441762092434,0.704516465129289,NA
"1491",0.96758429801411,0.826630192164174,0.780666788790701,0.88271917809909,0.790480611709296
"1492",0.959131859763069,0.960360612507408,0.706606973143257,0.790541203328819,0.827962557670173
"1493",0.963913552252374,0.981928852424973,0.784029596349698,0.850701418164064,0.978910024259868
"1494",0.956651038958052,0.969668220562513,0.805546166346231,0.859372810379276,0.954871781264482
"1495",0.859334114688578,0.88306931111418,0.641261442859642,0.725753399414234,0.892423810495661
"1496",0.836625739466607,0.858048227740664,0.789318956864302,0.753659827399251,0.881910416328373
"1497",0.914149416398783,0.937177583973355,0.692337586225536,0.75045023400697,0.893260288489267
"1498",0.959211784926516,0.965507061737979,0.760965191927381,0.846613332100195,0.962869379602923
"1499",0.892911211592761,0.886430652381358,0.736637559388619,0.808480988124817,0.925153747973206
"1500",0.876657988709349,0.889264487593074,0.825104111147036,0.755734385447764,0.867991756178929
"1501",0.954810784988015,0.964391184491544,0.692748701516606,NA,NA
"1502",0.771476878721343,0.787685667286145,0.761985643661108,0.709903083684438,0.857490158574707
"1503",0.962572409024624,0.955877073988555,0.849978406363875,0.903266767723614,1.00252962405673
"1504",0.958266492034845,0.978040018310034,0.797483699560876,0.851835074561759,0.961135505851313
"1505",0.894741243525451,0.91366898193881,0.954521844384456,0.898966197703939,1.00115531116117
"1506",0.963718701262664,0.982792952756421,0.874996988729976,0.945986444559997,1.07719340827801
"1507",0.938276457861749,0.952136822262756,0.797518396436233,0.855611123980962,0.921976006887913
"1508",0.93863634041648,0.948378916453258,0.822352492801124,0.899041976506384,1.02394656605682
"1509",0.959428996938644,0.986637177363591,0.777927813653509,0.86072748505756,0.860989838198519
"1510",0.922630297747359,0.936740316570074,0.807485012366416,0.859234151229208,NA
"1511",0.946208844648744,0.970911127461469,0.746674275396509,0.844661783580356,0.879148051236794
"1512",0.964685405616586,0.908560854776035,0.817817343009497,0.832832516727607,0.959493462822386
"1513",0.900284981946886,0.905761537411816,0.687473521902101,0.748492247266353,0.902652113609359
"1514",0.924729698828428,0.936319923789432,0.896967569962403,0.741943339073232,0.868105325464478
"1515",0.935482562775812,0.946106772999329,0.662888433047229,0.767834048576049,0.8843475068778
"1516",0.927605369475613,0.945905021293618,0.741869976867883,0.744141633697282,0.883470075605052
"1517",0.924874673382612,0.943021534530461,0.914879958012751,0.937119407467387,1.02528722908566
"1518",0.913314345187581,0.93210366911788,0.832198709863544,0.733885121997669,0.865198889946647
"1519",0.920795131126131,0.929046530026379,0.759017122310143,0.861054518812951,0.912538559503257
"1520",0.974717161846697,0.893452142215278,0.871031504302812,0.774372223256553,0.930414430360197
"1521",0.957653757469718,0.947951039847736,0.790422662420147,0.864970569866162,0.795012487562945
"1522",0.963974217807617,0.975018879400188,0.81236430132272,0.82630931828158,0.909178976381803
"1523",0.891963272365425,0.91472272046876,0.834860410428521,0.897469311044536,0.892267925510004
"1524",0.938809302316616,0.951852226306409,0.809961190563861,0.741694012228845,0.805291374194859
"1525",0.970097754853949,0.939068503846286,0.632232916016756,0.706882175549808,NA
"1526",0.952155303691081,0.957820057823095,0.763022535292616,0.8096907565541,0.944797885220262
"1527",0.970516467072656,0.98469908994072,0.766364399816455,0.842173779125122,0.854686983978126
"1528",0.970757588556852,0.986017329740518,0.730215148783857,0.745249142485638,0.877040716204553
"1529",0.934301189451004,0.943749127457045,0.878920433589115,0.936156655176146,0.91847485017584
"1530",0.957994704931395,0.913664341086305,0.636139259665614,0.737493145998948,0.844717076575927
"1531",0.953816925190352,0.963101961038384,0.833872081851172,0.922954437639753,1.03580978594548
"1532",0.928248180119605,0.942298221341808,0.678661762957874,0.775769317812758,0.859070005250298
"1533",0.970930894477861,0.947015793502026,0.884635620540912,0.760397147032843,0.899224613224972
"1534",0.951736743792222,0.912497081699314,0.815506985758947,0.889176193217932,0.987186593739787
"1535",0.959570232774599,0.976545816191521,0.801765353567746,0.817655987395227,0.914786251563099
"1536",0.801628404880448,0.805533561953563,0.613190831337616,0.740460971816179,0.831024297445334
"1537",0.860474819671758,0.882371957273301,0.899094854143934,0.871655009223773,0.972790890480092
"1538",0.912863774244711,0.929275815098637,0.962026709555201,0.849535514729994,0.933185145763859
"1539",0.964313685067989,0.964904460605597,0.751437725330703,0.816474275389715,0.952025644468471
"1540",0.962756123769787,0.980339714123063,0.930763008207227,0.923755334210037,0.900175455843795
"1541",0.914332392445768,0.834374585541631,0.76938102608164,0.643207772821977,0.808747341646305
"1542",0.937494896588792,0.935182664977183,0.791251322464512,0.868455901434464,0.92195275962658
"1543",0.957359735390459,0.975275399189419,0.759924863496301,0.787653451624659,0.794804864723825
"1544",0.963174947361801,0.971270624470024,0.657083907763649,0.746060927170147,0.893413779458495
"1545",0.871924723292812,0.823530305161253,0.846674674678409,0.921561207311366,0.918707770334762
"1546",0.960492789206245,0.972174311092332,0.65323121843502,0.739541464827276,0.882092123374553
"1547",0.925262142233954,0.940110740202062,0.702241953072017,NA,NA
"1548",0.915689248152703,0.93169890647892,0.784141175239602,0.853269665969093,NA
"1549",0.788668198421292,0.72201560153585,0.779961760134992,0.863803932639231,0.943389942434013
"1550",0.842477911718195,0.86529174475174,0.910199033566981,0.796275887950429,0.925757156780991
"1551",0.974827957917866,0.97225336525217,0.645257645883339,0.736184948997379,0.872618857085765
"1552",0.919861489401324,0.90629068170598,0.883182960598074,0.927528999480241,0.903584475266517
"1553",0.961781867099323,0.970523012685365,0.826038167953873,0.880185308515708,0.770008486883349
"1554",0.915111398504178,0.924579430260398,0.810635924770667,0.878074042970894,1.00278731995391
"1555",0.96823260949796,0.80842897975143,0.834574382475246,0.887076108004671,0.990255846885932
"1556",0.962683072303958,0.963980660385527,0.685179172912103,0.743610050131599,0.866940068205069
"1557",NA,NA,NA,NA,NA
"1558",0.938487328286766,0.955397299687268,0.83423381388222,0.895617305808859,0.99561300573816
"1559",0.952015886380445,0.961967413779885,0.971228094962183,0.800189951641851,0.878146801599857
"1560",0.958148379408819,0.97029511172782,0.778534934271826,0.84821372386174,0.971121139749255
"1561",0.94521523227955,0.949664585892104,0.782362148135024,0.850488626656618,0.9692883657598
"1562",0.963927044300312,0.754970761572018,0.735712630397214,0.835304509734409,0.802267972880648
"1563",0.920324637295769,0.936031227683106,0.755048762303974,0.706882533088663,0.876241381962543
"1564",0.962393876216326,0.806912800928589,0.793946774263808,0.859934188150193,0.820189476130032
"1565",0.978328117058404,0.982736280929041,0.919333335583879,0.958398378016042,0.898699748204863
"1566",0.849951790564695,0.872363758983862,0.848960322585366,0.892648985032931,0.927407310317245
"1567",0.969501218807565,0.950179331566315,0.754263026161688,0.835600275600869,0.901281639261073
"1568",0.968836297800763,0.898891120947615,0.748283908130012,0.831051499155262,0.911216645820523
"1569",0.903911753507186,0.920128931172671,0.759522140617485,0.830490614494394,0.953389895030464
"1570",0.980104565696227,0.951079476638164,0.783300290326956,0.84714735794391,NA
"1571",0.980215004485799,0.995475307122905,0.773534314536646,0.852930016127844,0.971477675174223
"1572",0.959585174639387,0.962390785485582,0.830760994635566,0.870477332639102,0.97447166789197
"1573",0.969501134524216,0.95355020369364,0.729008147905934,0.801330802106294,0.822659700913515
"1574",0.889895093447004,0.911512177675524,0.940061777392298,0.960038445432776,0.784272977671159
"1575",0.93728528896029,0.932364388105955,0.642293077305097,0.710703287276214,0.846741692438136
"1576",0.962398890084471,0.964501993963338,0.754052993960344,0.742791235131473,0.85977519343625
"1577",0.929190409717358,0.94475411586634,0.777229123207502,0.795562150851514,0.916303300488306
"1578",0.966880610225357,0.935656921323162,0.761492341860898,0.855639510828111,NA
"1579",0.964157829801769,0.933119667482351,0.76361596016481,0.84661827422608,NA
"1580",0.940438894775288,0.869359773436092,0.780203157070084,0.841623718396618,0.964145332959641
"1581",0.974543350149005,0.965567902572234,0.729500684065227,0.82507560150297,0.906260937989304
"1582",0.956006643188051,0.972418192936771,0.728097700337302,0.713605455019638,0.890060149512533
"1583",0.846873382310352,0.86616002546263,0.880646699826994,0.873387057669554,0.994341744394861
"1584",0.947795410795951,0.902514534133849,0.781813460904078,0.827240424640108,0.966836427611981
"1585",0.944191831643375,0.859921798554182,0.732263153801743,0.814215914787734,0.926176191558138
"1586",0.924670408182455,0.941177791054148,0.746115231590255,0.807147106738674,NA
"1587",0.911187599318077,0.933415501819967,0.630334520297347,0.712523105134682,0.829608064052634
"1588",0.770813814255413,0.791171370957113,0.842509992811273,0.852043785385229,0.976160130100062
"1589",0.970654876383698,0.748351385142171,0.638385793551795,0.742428344878119,0.871963883906612
"1590",0.965552535431106,0.941249516709587,0.761819642146745,0.85093279480845,0.849127988343481
"1591",0.95314809309626,0.966645519498014,0.688091383543901,0.782405252886765,0.893183397767859
"1592",0.885963025196763,0.856779727485364,0.752480556137945,0.82083113902263,0.905349643896276
"1593",0.886142915589904,0.904677722512467,0.816842291942178,0.895699327047447,NA
"1594",0.858334353131577,0.859034035409766,0.629646908584733,0.678881070324491,0.822503581766796
"1595",0.958626211044922,0.875988853539639,0.720840553527761,0.799944202667967,0.921947942708159
"1596",0.900765434029268,0.920181868209325,0.616211265960303,0.710960629680381,0.848274920300331
"1597",0.905797190688197,0.837209493703082,0.796387256390232,0.855946143344107,0.961409855564353
"1598",0.951748557948556,0.951038874803461,0.852144820160246,0.779274755913333,0.84555933642479
"1599",0.97318271642975,0.97294620859669,0.857832999700396,0.683166645688762,0.860826968729288
"1600",0.875793758895014,0.786350690222875,0.698400638050228,0.76996386020189,0.897179223867105
"1601",0.820442890407874,0.786848425137223,0.816744261183395,0.811978728881554,0.908119715070901
"1602",0.96106768920444,0.889154142962683,0.737195375410103,0.782412876321801,0.903032464392938
"1603",0.971902666828236,0.985372101507137,0.99441957902266,0.83244189814128,0.915351908759309
"1604",0.947138316366877,0.964216954127304,0.763866450230398,0.82944211714894,0.892666390726556
"1605",0.972085443551748,0.958802970454894,0.884356133135757,0.808503330056349,0.925793611503712
"1606",0.955210927820089,0.953270679907014,0.823886485632374,0.824937634391328,0.943767306898166
"1607",0.96263959114834,0.984217386616557,0.868902028659262,0.834131958813195,0.92685561108873
"1608",0.970256736369956,0.862503397427255,0.733570658880952,0.803924559092877,0.913857160855102
"1609",0.937097815583815,0.958267716398169,0.835043812590428,0.886403948564996,0.902238083050189
"1610",0.96049763251188,0.974668259896,0.771430398942103,0.673582997899527,0.783696049035613
"1611",0.928063835857661,0.859267622545728,0.654946140015572,0.76656126950569,0.924424603487004
"1612",0.906867305828195,0.919268668278763,0.822405441856465,0.899799333516466,0.982738989384075
"1613",0.870051694355677,0.897215072210211,0.942999735648244,0.73922536426184,0.865473989154641
"1614",0.950746760925185,0.971228291043356,0.789299627429038,0.852843552986562,0.947776956308625
"1615",0.871689134108961,0.883711253621444,0.867126729047718,0.86137074208288,0.883776336072787
"1616",0.922625495832307,0.937890231487041,0.769413500142279,0.824721589036094,0.912753141171287
"1617",0.964685526132419,0.917467560083966,0.693298047187643,0.779882254180727,NA
"1618",0.976348580119905,0.971974188197872,0.631092265088293,0.722358255132129,0.857182516751994
"1619",0.927560937649186,0.945542059886754,0.780976399676919,0.839750225658342,0.965947598220274
"1620",0.962435545363333,0.951821101902607,0.767390231543892,0.857579428267571,0.966350657800379
"1621",0.967004637851334,0.874255231614953,0.913626394673742,0.764917963685941,0.907255327047019
"1622",0.864185706353531,0.884318396543277,0.743476339940315,0.817021227077657,0.938056291063926
"1623",0.89899253201347,0.916655593509879,0.741611981173639,0.718908090730838,NA
"1624",0.841245452821742,0.862514132340582,0.783360346486627,0.859100599593733,0.974193362415282
"1625",0.947446700105408,0.967992821490606,0.904720463027432,0.959562814041897,1.07708494776082
"1626",0.937216279722279,0.947197937117432,0.638353757987487,0.72386063966469,0.841151827271313
"1627",0.944083349684679,0.788676321464214,0.854612569394251,0.769567817999226,0.884235651875201
"1628",0.96197043591706,0.88336687934679,0.783859690286095,0.829309105535566,0.94694952748839
"1629",0.962331953921846,0.965806480285562,0.68594744149745,0.757573844653633,0.883817312972584
"1630",0.930574876570091,0.948490632753454,0.691505482847452,0.738148499565027,NA
"1631",0.96818608823798,0.987153897696549,0.769624200802932,0.854711766365982,0.956163890482233
"1632",0.948369960009838,0.959764399908481,0.874857641466726,0.924323652324001,0.895802529810021
"1633",0.967906489443981,0.977934612194904,0.780182432778022,0.783178966581597,0.925150374800186
"1634",0.960143087668599,0.977655724745368,0.74179328235553,0.745005362898207,0.89086189912856
"1635",0.957644145784794,0.974485595092441,0.822271026736938,0.803042215718105,0.916905937759968
"1636",0.967279574878701,0.983266841491616,0.695578386890059,0.781522939774367,0.921863392041791
"1637",0.952203103832494,0.932173624251779,0.770808280852163,0.820299297777581,0.932972693161063
"1638",0.958666224752061,0.9534918830175,0.767060475969445,0.799185472504954,0.854096078751507
"1639",0.919646340004943,0.930003168935135,0.740124991580277,0.805058358605766,0.921129101881135
"1640",0.907224673160609,0.919832446870906,0.905466936382679,0.81306370110058,0.927488138389538
"1641",0.951394818439303,0.970309635338648,0.653749783257585,0.762155268493113,0.865949218377938
"1642",0.968886497110439,0.98371906343908,0.755301905659317,0.821108588448382,0.851004747817176
"1643",0.89415254031484,0.917333247057421,0.865267575635068,0.932551550203658,1.01801046342534
"1644",0.95742359781339,0.972311138058509,0.734242927830902,0.813980162665493,0.944383468024424
"1645",0.94054647024673,0.859826064373501,0.758266365882474,0.827977929385423,0.881576865295252
"1646",0.971112044472388,0.913838754386318,0.615308863715962,0.734568852130126,0.85819321695298
"1647",0.877423184983188,0.845383686980997,0.709110358731483,0.784710935583716,0.884411033566518
"1648",0.926367911540534,0.835843307236981,0.746593154235593,0.684120449313195,0.794301831998807
"1649",0.914645292962469,0.928890645478633,0.806420294699356,0.871323221474813,0.977596427526257
"1650",0.96794169828179,0.780265779231258,0.701525292381464,0.798730210571259,0.821568199454027
"1651",0.864300724583327,0.874098004676646,0.663154437163896,0.738721038497559,NA
"1652",0.974100353918697,0.975967568215862,0.6860896039471,0.760772495946899,0.907000450682046
"1653",0.919311346837834,0.926220735537807,0.830566968685681,0.906246051599508,1.01270277477375
"1654",0.957915206330288,0.968505916061614,0.781926692829849,0.842399556315747,0.869161016053293
"1655",0.926629434032914,0.940521498959693,0.838040324861249,0.842979619080367,0.951746731380763
"1656",0.962232886176017,0.855034982647287,0.732962948831622,0.760121933323554,0.902583493940467
"1657",0.970938243768696,0.878269907035956,0.839155162242554,0.901587422043505,0.965038429355413
"1658",0.975647945256053,0.977008947024484,0.751903962078992,0.822347299237976,0.910988448659309
"1659",0.977796178264255,0.932936749676984,0.771394717645855,0.840583340437992,NA
"1660",0.900514349007963,0.875003001838922,0.783097916081764,0.831011182089297,NA
"1661",0.91556474775881,0.930249641529098,0.757763452237496,NA,NA
"1662",0.907906972552772,0.922416843843338,0.882555621944999,0.941262622328616,NA
"1663",0.944938146547734,0.877640978785898,0.860620006829322,0.777947547172262,0.772798710289673
"1664",0.956388188532614,0.90204007554874,0.797077382649557,0.865863962543821,NA
"1665",0.867227101898677,0.809089739210622,0.869026679500684,0.802702567906177,0.928778955351641
"1666",0.932588960344242,0.938706787644962,0.662616578241673,0.730874041313813,0.876312131218518
"1667",0.971704722264998,0.986333472788665,0.862739694165473,0.891293361292012,0.994828047877006
"1668",0.977543453987593,0.9545312332125,0.744542856869219,0.794604660168148,0.943356291693409
"1669",0.870167780954409,0.890704462085634,0.666762949217451,0.629282572621656,0.789849397463581
"1670",0.976438594866671,0.928956700149941,0.789192927166186,0.775642374106358,0.893727416507575
"1671",0.926352051480115,0.946459082862098,0.75535363696206,0.837367300518773,0.966228695542034
"1672",0.916439356458435,0.835293087195059,0.813750680190926,0.876473719650091,0.88713211096869
"1673",0.974218669318429,0.979850528680521,1.00358760205915,0.916281007929602,1.02853345306017
"1674",0.928806623307118,0.948737437427094,0.795836705495041,0.835123229347442,0.936358463119211
"1675",0.937016134619701,0.854804106931061,0.753317422464564,0.839394228511001,0.948368528941853
"1676",0.968865052603992,0.973780120738602,0.887005912281413,0.954975973258183,0.89697658474867
"1677",0.971567396777413,0.947122859388724,0.940051939286263,0.779891086479124,0.917285197867962
"1678",0.915367666638241,0.931681404186731,0.775726645267559,0.737552821240367,0.862229682636332
"1679",0.961257906185594,0.971542945050503,0.984884257021116,0.822157281525664,0.930452113130976
"1680",0.976036031044061,0.988437997048269,0.656288384668038,0.704730309111171,NA
"1681",0.961296595470621,0.978099456529165,0.898897339934696,0.866895553845008,0.972700981026254
"1682",0.96536420787813,0.976109452649224,0.795841333596002,0.859423361331004,0.973329209587039
"1683",0.919398758938838,0.928978466572977,0.860620909166284,0.873417514110198,NA
"1684",0.936233162889883,0.880873321553708,0.813076816182485,0.878813249466569,NA
"1685",0.906033587921728,0.92850321744117,0.816172535959511,0.878685480669199,0.993135160567376
"1686",0.952094968465832,0.973665606173599,0.759316572264715,0.742290864355886,0.805537259871254
"1687",0.970911977173686,0.980355652854128,0.806959733722405,0.85639264601275,0.943622768379858
"1688",0.899050928494114,0.926024269558362,0.802128566558649,0.854090101595009,0.955070513827174
"1689",0.957641732023573,0.835438221325812,0.660028595856942,0.767082557603928,0.873391090221522
"1690",0.965653010730132,0.96359470268128,0.721301536807755,0.794139540971171,0.928489241215843
"1691",0.957894712383848,0.956269359173353,0.761416701263766,0.850689756219917,0.93811167321393
"1692",0.96167232557065,0.95664614256207,0.638506551331409,0.729577554608687,0.830196801617273
"1693",0.960104058519241,0.833646791572057,0.874128784362039,0.955444523757204,0.879245618680255
"1694",0.969764577239111,0.980546720955008,0.793197410026868,NA,NA
"1695",0.931897903645258,0.950007878498429,0.798156154793771,0.858216473093625,0.839172016486083
"1696",0.956588989906821,0.872418896702956,0.758889915574275,0.78136477105957,NA
"1697",0.966768649711693,0.960826194276569,0.681774153632569,0.789053760879042,0.880008858102648
"1698",0.962011115992075,0.964087448052712,0.772310521370586,0.830894853620413,0.785016943076477
"1699",0.960834443936871,0.979599461673869,0.625686210428617,0.693896499716721,0.821873453107488
"1700",0.92995747925678,0.943746093812804,0.759493909128751,NA,NA
"1701",0.968515036072974,0.980885316250604,0.796791164040713,0.744887615810012,0.825686167826973
"1702",0.961594250450373,0.969918980893721,0.764592182143179,0.771990008802396,0.713392402589228
"1703",0.969833902141196,0.96620840300735,0.773567267320567,0.66355185550877,0.768916382275391
"1704",0.942058364140012,0.83448057626298,0.722775546510856,0.785139540441631,0.802457650171475
"1705",0.881766900128361,0.897166920430146,0.684318969030012,0.765906597084567,NA
"1706",0.972131561986326,0.946186983713499,0.639180765943182,0.720264723000015,0.855498510668796
"1707",0.955792712474518,0.959235353618402,0.783765623038998,0.852147542937757,0.965373088142752
"1708",0.928554116246512,0.942220148539229,0.862917716529262,0.702434991964471,0.837795375868653
"1709",0.954285327426895,0.919454301073373,0.711506913443236,0.804614172832013,0.923359275941136
"1710",0.969219838241958,0.963273526811792,1.02519871831352,0.899004145946741,1.00997452311126
"1711",0.97961599033164,0.989805120289792,0.738527824226303,0.816713943510872,NA
"1712",0.972835742695424,0.882203776581669,0.918885706324347,0.793730471601878,0.886461255377285
"1713",0.944417507230095,0.958009626191204,0.795509112678943,0.870756162272404,0.882649919059329
"1714",0.953875137546033,0.973261618841697,0.852791788331921,0.947559407289939,1.01802948864424
"1715",0.890978089484567,0.901596610458245,0.843864534959345,0.891676573652332,1.02791173816748
"1716",0.977465999722343,0.985920357470905,0.802899442393017,0.810398945420126,0.934244913365573
"1717",0.883267105412274,0.796076314175577,0.776666311412775,0.818543066297923,0.918745546226972
"1718",0.949787468663962,0.90409465204575,0.784593806315101,0.724143008478963,0.858825702198964
"1719",0.957237533082738,0.729320344845072,0.782986801221357,0.794052089690135,0.929401722764808
"1720",0.971053583287899,0.840908127168875,0.763547545729727,0.632269857288983,NA
"1721",0.956873864680573,0.951396021327853,0.824932832889308,0.907616948937379,0.826389743826242
"1722",0.834682338180266,0.846718295188125,0.748266753943879,0.785596874144261,0.805022854781157
"1723",0.957583029182244,0.96953622045769,0.815821428651365,0.864592071610169,0.927201425476255
"1724",0.948103977959637,0.965741068769674,0.64065591614316,0.763312962986125,0.84053805136443
"1725",0.968077108090567,0.982812587571558,0.66672134053383,0.724747978953794,0.857584904951541
"1726",0.940104488325885,0.936552017336296,0.980519640631042,0.974022143347989,0.950574392068742
"1727",0.951928239478619,0.965147782341757,0.571622914125387,0.672974053637566,0.813874121338446
"1728",0.949728576034751,0.840837965731872,0.642963900544777,0.733558552133103,0.864568638873395
"1729",0.967024417318517,0.967431402671912,0.8097978037933,0.703311744943551,0.868907285227548
"1730",0.925719162816786,0.929122285612076,0.844533593186028,0.87883134498235,0.95895505848256
"1731",0.968944486780818,0.969565323703616,0.800478676010339,0.666437001970858,0.826069004864711
"1732",0.975450629077893,0.764253255823808,0.858489500374359,0.901129280797847,0.943781879807315
"1733",0.962094790894372,0.956522626752742,0.735944897160633,0.813112143939236,0.82983944205759
"1734",0.973716754811995,0.964797722747651,0.668824919701217,0.742475980273318,NA
"1735",0.890267073864074,0.90666610290552,0.938250228238877,0.701476196408949,0.857990101062748
"1736",0.845709777928478,0.842084889943874,0.820409462560128,0.794096209024931,0.832322048447964
"1737",0.962619057083045,0.970735860135457,1.02667322631055,0.895370642450827,NA
"1738",0.968110814238689,0.897445280867667,0.688281113327659,0.729480412086023,NA
"1739",0.960544442357581,0.967255204555197,0.853789196414229,0.916847310008238,1.03056488348064
"1740",0.946956435787378,0.966309489930311,0.757911276602505,0.834271825306554,0.951205224293439
"1741",0.894056385828533,0.79746497245509,0.750636870734378,0.779520121132754,0.801403410008805
"1742",0.950757180487932,0.975299653932608,0.80614085333045,0.737227884196382,0.823864866147747
"1743",0.966602263165341,0.857878735642369,0.774346169788603,0.760002647108036,0.842568008141634
"1744",0.88820408022166,0.911489125966442,0.960503076145297,0.752023018656086,NA
"1745",0.875714242056378,0.827521174375438,0.840592945277273,0.921683513556417,0.998898618314667
"1746",0.900694869072281,0.912494427867739,0.844436234099234,0.893749324670796,0.808148460061424
"1747",0.895189043822155,0.913510785813786,0.819568220610144,0.871371702797668,0.971703546838321
"1748",0.974984778918101,0.985780630766697,0.897335720221735,0.885198931826245,0.988069514409668
"1749",0.968645334349623,0.895165626293577,0.741839947722603,0.820704562605303,0.961373049816137
"1750",0.958893104534736,0.968460761855221,0.73944434489049,0.811497134897887,NA
"1751",0.936850772365485,0.945890362185165,0.808497831717504,0.870328211417837,0.885629045093667
"1752",0.947646563517401,0.957602570516616,0.849639711988727,0.779066165937038,0.924182741927336
"1753",0.937554949857672,0.878258858490718,0.86974852663594,0.947111883664744,0.89146781294892
"1754",0.958351539778573,0.875254750554231,0.889144870821855,0.754585034275938,0.836002689658313
"1755",0.965624941268065,0.927618425278069,0.690130518415896,0.766954287441069,0.870025384935398
"1756",0.972810640438413,0.903231790147157,0.734772616052431,0.683960869805512,NA
"1757",0.941929515843718,0.966058346931693,0.763403328385589,0.806973255369471,0.940582822807185
"1758",0.979473354393726,0.983697547902583,0.810807743691184,0.911726138341925,1.00845547206175
"1759",0.918902242419666,0.940830560719713,0.815414112340608,0.873110677064614,0.81107548966864
"1760",0.968048432090061,0.782241938727611,0.764059029732167,0.835560580278078,0.956758094352776
"1761",0.909484638819211,0.9343537855777,0.845087417120764,0.916074676190225,0.936190677269439
"1762",0.933113439962502,0.860561376209913,0.70515112188429,0.769232105768426,0.888216057895002
"1763",0.926989957573021,0.938936068689444,0.986434151142771,0.727262652628884,0.860276875558786
"1764",0.941423175343422,0.953570130784585,0.979365180515487,0.880653349286689,0.992049387518984
"1765",0.954221285819997,0.966895414982302,0.752132669888184,0.803732550037133,NA
"1766",0.936049823950754,0.797475743204241,0.556844418917592,0.714206477511154,0.81600537232951
"1767",0.936720805312703,0.95512156746582,0.791416351461363,0.851040853468879,0.88229633149155
"1768",0.951907821082756,0.967478128724011,0.735694414927049,0.79474948953717,NA
"1769",0.98159518118767,0.977549255937139,0.843083586525024,0.66707614960241,0.760691304363584
"1770",0.941525234644872,0.954899253090113,0.929979612652828,0.734846131216553,0.883652091838936
"1771",0.948042563755549,0.924488640413228,0.869158628181639,0.845435818964661,0.96654047489536
"1772",0.975273576724743,0.995018714857323,0.834871678286616,0.893884011517065,NA
"1773",0.97283804384447,0.91050287942422,0.868887182742234,0.91043935975593,0.871780425988616
"1774",0.899650860837141,0.892782386515669,0.944242022896476,0.974590501171786,0.957610666691391
"1775",0.974010411864611,0.871876017248272,0.808033656299554,0.771079830082958,0.910972212130241
"1776",0.895153064893825,0.846463399501354,0.818501859777127,0.884288767462536,0.99355233651816
"1777",0.94990583040932,0.970189763134468,0.717379161185858,0.782589063988107,0.919970804334819
"1778",0.787105487627533,0.798736192584673,0.85169161194507,0.859833470870431,0.820875498359373
"1779",0.968415106875423,0.822019676765875,0.834852194888787,0.928687567423471,0.937132414722668
"1780",0.950684754051197,0.965461714629192,0.822550267289309,0.87680095742293,0.890441382800687
"1781",0.774187896772599,0.723212474807019,0.79873454314305,0.8638632827667,0.964514378333313
"1782",0.822546616742375,0.834202107144373,0.887179445019452,0.880224474467191,0.887068252290419
"1783",0.963301616317601,0.954588557431456,0.723453502630248,0.811560296744546,0.911607470320488
"1784",0.953483149096536,0.911527419163225,0.680262568372974,0.758671433160755,0.892729202017384
"1785",0.907141742717719,0.925511015232399,0.757403671525319,0.830806193118106,0.935621087911306
"1786",0.960205978047036,0.918981705201789,0.736896493557571,0.755842808104508,NA
"1787",0.976434340901882,0.937578810214483,0.760636727980486,0.824447167151249,NA
"1788",0.973131564928622,0.929635705820904,0.705783591496455,0.793440844436331,NA
"1789",0.969915592827448,0.965778606341148,0.752115863997388,0.81986823855025,NA
"1790",0.963524009241054,0.908734781302791,0.883745139807363,0.711739958681697,0.849522228428633
"1791",0.957421109753938,0.98074410719272,0.915365511958933,0.824526486432914,0.938914922822332
"1792",0.972986101360177,0.942756519981212,0.906456338286441,0.879905804843704,1.00639664276682
"1793",0.965707636565306,0.924959551161455,0.843482404674877,0.779758810430015,0.903513549291873
"1794",0.956158800937191,0.965757357529409,0.783779546348352,0.842818159334387,0.938995826989749
"1795",0.973463184774636,0.956413403939876,0.803782241739249,0.879593288398553,0.926962697378124
"1796",0.928875670784536,0.925827863975971,0.745637503739731,0.851379707365882,0.929506724528681
"1797",0.875222338380361,0.843445236307337,0.827384256747002,0.913904109009956,0.998370683500472
"1798",0.955033073495376,0.961754988337283,0.78528767455289,0.782138385072518,0.89612536482408
"1799",0.890274342149029,0.900482618255953,0.770213251705563,0.858796417600553,1.00182162989289
"1800",0.971236276595874,0.871381625571446,0.77473006186553,0.864646084488785,NA
"1801",0.969625047310124,0.971513865420651,0.820618014315327,0.866120410165702,NA
"1802",0.959796422254688,0.981857561280133,0.783118235824127,0.834613052215889,0.771105988345442
"1803",0.977982554456351,0.811354421841128,0.746109081313641,0.739928126741588,0.833327515103261
"1804",0.844169274784096,0.86862517539398,0.81230879651059,0.860903806445074,0.802154161519796
"1805",0.978031149301464,0.984952408342582,0.754577080762552,0.801933557571923,NA
"1806",0.961611286138612,0.966692021266592,0.641333938482208,0.724672627836464,0.846542666193169
"1807",0.96651604877961,0.973867080152905,0.759071227756772,0.599682534463733,NA
"1808",0.979200604632088,0.88744814522256,0.872731618724997,0.875738773252696,NA
"1809",0.945196365065951,0.95081728243333,0.791739196025574,0.844482177241427,0.956191949250096
"1810",0.963294369219782,0.938170937370894,0.630553723560352,0.719791056076373,0.799029838972182
"1811",0.938670090272832,0.946244735989317,0.745869567861865,0.818460092465977,0.93480359488569
"1812",0.920149129694411,0.945189448846403,0.797987748020192,0.845636218900052,0.967072809423689
"1813",0.910468441020467,0.859409417130638,0.687483558249494,0.747320249483097,0.919450182650153
"1814",0.896686441813571,0.906235928638608,0.763518272252808,0.817032146040272,0.914397061259576
"1815",0.938275640002945,0.917775055470181,0.869331179999038,0.780613130167932,0.885885162258051
"1816",0.922375125477657,0.945967744245883,0.771158884984871,0.714296228685937,0.84405279465977
"1817",0.958933084497524,0.962666966398503,0.779210138031323,0.834808412589556,NA
"1818",0.961523747899627,0.976396449430565,0.86103874674684,0.936495664112413,0.975867800534355
"1819",0.902233653980539,0.911846059299746,0.631352941010405,0.75782606584027,0.877679907678062
"1820",0.945299453470417,0.956620602880503,1.00454448205726,0.754448894854662,0.883766916266116
"1821",0.967415430620814,0.992451536863325,0.714419014954813,0.812594648876389,0.741562948509282
"1822",0.961060004181931,0.953208345482803,0.888392767681506,0.666862455086217,0.79835653044492
"1823",0.971807936299722,0.91772704446168,0.746584637816136,0.664391164691746,NA
"1824",0.893082684632384,0.864239366054904,0.619221053037571,0.694997279734674,0.793972224576666
"1825",0.906764623851191,0.916987244347581,0.963786128457751,0.862150287283034,0.831755866116708
"1826",0.948284293366861,0.839796659059856,0.734228286891875,0.817098558900728,0.936376867206572
"1827",0.943556436168489,0.952753828361038,0.712076116723709,0.800213566963327,0.927757839706403
"1828",0.893720386890159,0.902962221820463,0.622632170146602,0.703992572112494,0.845834804082621
"1829",0.955937808860618,0.913493132254343,0.769753322413645,0.819166608389438,0.854388726661274
"1830",0.958278275393953,0.85064207189584,0.773242705867252,0.854367645505424,0.945341450267277
"1831",0.960796429129344,0.852005812833059,0.775206284768969,0.854331276623695,0.919462330241784
"1832",0.899752360281402,0.909299930334854,0.907410770895802,0.957897992689217,0.983480388554255
"1833",0.941733271249166,0.901848086827707,0.788750044768171,0.852515483828209,NA
"1834",0.966882195831051,0.946853249200271,0.868121252252967,0.841019839912828,0.909669903178568
"1835",0.948955552569803,0.834687788509066,0.728780181793326,0.820095289871916,0.915093917629233
"1836",0.972046096044266,0.763836542245525,0.776691469812864,0.772564314219433,0.916436504354751
"1837",0.977072493536528,0.993995289626601,0.644557478348419,0.498139422062303,NA
"1838",0.86063733616622,0.848039149038503,0.82049706332266,0.86379482609917,0.959753648234458
"1839",0.943395207254567,0.959888089288309,0.908852033934531,0.896323389593544,0.988008837585313
"1840",0.818314120437152,0.837615264617069,0.779086682069584,0.858126329631647,0.813375431671469
"1841",0.798725733658826,0.820559594625554,0.642907708422761,0.721099425303457,0.850947742979278
"1842",0.905139134310164,0.922755336347387,0.785538182181604,0.870039144619743,0.969429595652071
"1843",0.975368261371389,0.977254942805382,0.834779351940329,0.793466194224178,0.864636564285407
"1844",0.908985046456568,0.829532476895555,0.843218317126084,0.920533739117654,1.02556654880512
"1845",0.962784912388219,0.976135406777301,0.911557436345642,0.775051719827642,0.898869384652523
"1846",0.92466555730449,0.85272649282972,0.671196302728304,0.752004812895326,0.887803221811778
"1847",0.954658243318011,0.93619941264173,0.673148140855366,0.747271246900445,0.880228933849502
"1848",0.934876292182255,0.883950113114504,0.788886033777656,0.844994776811166,0.979289386579966
"1849",0.875401904855509,0.873494075411745,0.718504862843773,0.797927981706162,0.915562550378418
"1850",0.979388816404536,0.782196697471934,0.776276114014382,NA,NA
"1851",0.949500398662441,0.879947445076378,0.819375168742189,0.909727017124474,0.781033410625875
"1852",0.96689184942949,0.962582156467753,0.765546655547828,0.843173411889756,0.735892798293675
"1853",0.924141291363566,0.943777756559735,0.907721634857787,0.885539892674262,0.965632363028564
"1854",0.915502512588712,0.798723587601608,0.831543505807158,0.887445203459089,1.00420519735019
"1855",0.951914739537956,0.950517943751431,0.894399910754557,0.824578517562002,0.933807585920308
"1856",0.946906811566265,0.951252635590678,0.700207911136332,0.766833164300034,0.885802186300335
"1857",0.918795649388822,0.92153532224518,0.831462497631819,0.878156375513245,0.978018410864074
"1858",0.957126228559145,0.968027162736179,0.885150214916253,0.943072977411177,0.909400041574207
"1859",0.960413087153588,0.942005190668197,0.716112282896876,0.790858291927218,NA
"1860",0.956423184494216,0.911423624150847,0.85569504016373,0.931462462525897,1.02512977471601
"1861",0.968244242585248,0.98055176250374,0.836460446780203,0.796345012523605,0.908819757545423
"1862",0.972035853497719,0.982390038419573,0.806927564662414,0.864028816012016,NA
"1863",0.978822397691433,0.804594071262436,0.855787311502918,0.911855147483994,0.999447531733228
"1864",0.961992546315524,0.925469420327357,0.653323975391453,0.728951295379184,0.804031083327154
"1865",0.966824310237887,0.980744229836134,0.768149036098448,0.863440777480448,0.970932828880885
"1866",0.967428530438895,0.976289604727204,0.863093960892186,0.931089886205936,0.885410756738253
"1867",0.910078229360258,0.927327773696798,0.80528361708681,0.748685021690415,NA
"1868",0.889711490770169,0.77582219317621,0.836364661198034,0.777013034272648,0.909728497015545
"1869",0.93389700481163,0.945193264154623,0.775198189529542,0.668582508266446,NA
"1870",0.978910774750195,0.964446213983253,0.720642818534388,0.816529264071607,0.927572575676789
"1871",0.935779718243077,0.913150797205154,0.963885593112316,0.900947568980259,1.00198683442746
"1872",0.831739957636293,0.836410216811659,0.765093931161337,0.792741047458033,0.807958710644096
"1873",0.889693299731629,0.903568412318739,0.803761408733297,0.848788731477605,0.992984650796927
"1874",0.889294517604699,0.908062517202987,0.807002235776568,0.857069974444913,0.962439023481935
"1875",0.945341599443244,0.950575885522798,0.826542973818149,0.892756424512486,0.986481464689016
"1876",0.917643098613691,0.875676074619181,0.793387540610119,0.793199438523202,0.846714111045903
"1877",0.925280769279962,0.936868522323919,0.841591944037211,0.928817629856925,1.04806436734691
"1878",0.960768834885784,0.956678704951458,0.829401543836405,0.897039528637341,1.00205014427208
"1879",0.980193211013331,0.90417788676647,0.700906204276482,0.725046850331235,NA
"1880",0.909622030233736,0.926468830881158,0.741240386776253,0.804928268927363,0.94820226412324
"1881",0.936814669194568,0.948280622081826,0.702216796161668,0.774039834116346,NA
"1882",0.935823040821647,0.82310408768534,0.714875955362624,0.644877857159047,0.793547931174768
"1883",0.924934921207278,0.906022956576768,0.808363815380854,0.867769246700023,0.995582034738307
"1884",0.963276008443229,0.973599220249872,0.86282422471199,0.816022079248335,0.916559485816882
"1885",0.961530346653639,0.843398695009497,0.657439862402407,0.750188983155387,0.833441887568916
"1886",0.902241234896405,0.721961447464784,0.647459804445436,0.718197064726931,0.787135005517391
"1887",0.788442718047289,0.781278365911945,0.842205593827215,0.756774477907075,NA
"1888",0.958408899889954,0.970494222271046,0.840337351497847,0.92362905203523,0.930864664307575
"1889",0.924896661472059,0.953236926054428,0.817393409919794,0.867373959733243,NA
"1890",0.961364730242829,0.970346999401013,0.827541489941365,0.772148076682364,NA
"1891",0.971398031238793,0.954996397801919,0.781870198831515,0.85832865502931,0.986128190313538
"1892",0.956857483847887,0.975898621584895,0.794938875940199,0.866166893021333,0.925630993510572
"1893",0.968970097598399,0.831926736035616,0.823096332417425,0.910377328348811,1.00113455924652
"1894",0.907599998158338,0.920407555603342,0.745234787170352,0.714027068502551,0.845521196510807
"1895",0.936204656374587,0.932590981301693,0.856268151046301,0.706459907046243,NA
"1896",0.937898681128614,0.948814013731274,0.765413669270286,0.752402438790603,NA
"1897",0.946538057222384,0.902445830273578,0.735938479915951,0.829569404085695,0.915500160509212
"1898",0.923805879142205,0.939474160027023,0.736923194879778,0.808475476587267,NA
"1899",0.938378122511254,0.958710387017622,0.627399899607879,0.728879150345022,NA
"1900",0.951448552156067,0.909625405165009,0.813873036455388,0.777924420007878,0.866055687750735
"1901",0.90055940121466,0.873058004739168,0.730675008291739,0.795276714372081,0.923741175762625
"1902",0.962643735940525,0.89107106269884,0.642993256614488,0.676905075486244,0.818356434724335
"1903",0.977040512018839,0.863274070385024,0.797880609874977,0.856084025174354,NA
"1904",0.950419789826188,0.968813128592727,0.740225193846655,0.809190131822023,0.936785074052655
"1905",0.966152935861262,0.821957461829803,0.897059526855145,0.851878398496798,0.952180280030893
"1906",0.96484049080958,0.955369997152589,0.657533186909749,0.74911846666363,0.856049931861116
"1907",0.941880037129608,0.812938889165297,0.850914892390122,0.800162464345358,0.907870686046183
"1908",0.958879331859926,0.908624036476096,0.750286475426512,0.796917595939174,0.936105440439587
"1909",0.962060067066118,0.952036595552641,0.824293111459607,0.875170113563546,NA
"1910",0.967571365313514,0.858507658302207,0.65383501297975,0.731328413530661,0.892206850504965
"1911",0.951080614064677,0.958589025981899,0.674959110282248,0.735433548654045,0.817135433586563
"1912",0.925114073612833,0.928746177157413,0.775946331419787,0.80489961525995,0.815410240496062
"1913",0.950606503686568,0.965182998926169,0.867956714927092,0.919827283181711,0.88191713909656
"1914",0.954013682720014,0.956291878939661,0.707982572033316,0.798419585904316,0.887347480390925
"1915",0.965947049103361,0.966802199553069,0.804220396004829,0.858334751006177,0.863363259610722
"1916",0.968514873478336,0.908261306697123,0.79590835811116,0.734211838829758,0.835073992488155
"1917",0.964193340135166,0.862994429031297,0.680458234385541,0.763018935642923,0.873071163002693
"1918",0.95989598423126,0.838547317620486,0.867015036356437,0.925778350786899,NA
"1919",0.858655887735944,0.83527280610197,0.902843559434025,0.739069518435222,NA
"1920",0.979880265920362,0.764554971490983,0.826067794842532,0.73206198446744,NA
"1921",0.97328824482776,0.976903959814838,0.855881839707056,0.934046391833445,0.881580920214825
"1922",0.963366128533111,0.975520126557184,0.730296516917221,0.819232638403161,0.931158011387342
"1923",0.964625668291192,0.895181275414947,0.838882073211904,0.880134121154674,1.01578769848018
"1924",0.971617567805158,0.978774507515883,0.767826131272224,0.828862664939495,0.946368822136561
"1925",0.94341622717796,0.905783347567131,0.774138931265423,0.824348546859043,0.882828890532846
"1926",0.964072006477852,0.976346980451622,0.638301916661691,0.730531667662781,0.80406173637469
"1927",0.944395109006405,0.910651179015323,0.791067098210253,0.88856342416408,0.9665303695883
"1928",0.970710772196847,0.928655950043985,0.598622664014478,0.722363599254802,0.851932305570653
"1929",0.954245424815359,0.966644222703689,0.893853676483756,0.828680625696109,0.944927996333763
"1930",0.953805145614101,0.967300520295359,0.846870896049697,0.76874837040783,0.887665301521549
"1931",0.966515843757696,0.962493170168177,0.74286927394619,0.715532974301844,0.827023698960879
"1932",0.962366356117502,0.980815723612417,0.76108820537855,0.753437567809368,0.881699477383838
"1933",0.954744497805933,0.971519909942613,0.775703212763478,0.867689296400222,0.985048363231137
"1934",0.975529777618441,0.97378028224037,0.715035464960113,0.78898409388216,0.919848102711019
"1935",0.967689713282851,0.882247921340783,0.870520633772921,0.928316411682979,1.03259644015667
"1936",0.898408853991639,0.884232088373351,0.836236982340172,0.799033551556344,NA
"1937",0.93021993930897,0.91900087801444,0.732980712984667,0.822124171325739,0.900116293587281
"1938",0.957331812055217,0.956753405561555,0.643494320600899,0.740370862290431,0.829781483233321
"1939",0.905448589496611,0.903851900993092,0.749558659764944,0.857697882521731,0.764277220930429
"1940",0.939370116246601,0.897978401472841,0.960992395968876,0.804088316239555,0.928137059919152
"1941",0.923742422420804,0.931505480581973,0.772957165471335,0.807036088160673,0.919999892166867
"1942",0.966676711940684,0.984607408435398,0.829505266259859,0.909057984797904,1.00254383298925
"1943",0.916322300351559,0.928208491421251,0.818657556497443,0.703258115772363,0.826784351804009
"1944",0.957790309956076,0.824378270724068,0.713851657147084,0.782642143567071,0.889479746082131
"1945",0.923109591002462,0.94144206303746,0.645641383474637,0.73866934393957,0.859879144554135
"1946",0.959292275253859,0.967002348351221,0.747252079002929,NA,NA
"1947",0.959606784624497,0.957136371763109,0.815756780338748,0.86131623048919,0.992700959913278
"1948",0.933838127636964,0.875407952877539,0.748319752777918,0.805104935515842,0.908477889278286
"1949",0.878144680443177,0.901616396729865,0.787156263216043,0.813413202104591,0.872390712726653
"1950",0.975733524963086,0.915828133173448,0.813063640050769,0.901354389087497,NA
"1951",0.96471133433265,0.874905930940845,0.819986564065753,0.895106037392683,0.929038156955971
"1952",0.959319855762625,0.956544951596944,0.741161830112437,0.813029892124816,0.967514292219705
"1953",0.903773632730003,0.87334475979719,0.732781209808448,0.692038624215736,0.835682359617102
"1954",0.920443285473128,0.931639199077842,0.718269230097534,0.724017691915609,NA
"1955",0.971908439840239,0.975277386338624,0.78428511112212,0.839554572209849,0.815908461053533
"1956",0.885943074351465,0.892529399530204,0.862010890743341,0.911500062066135,1.03061982341731
"1957",0.962210061984911,0.838408084622413,0.701838534115011,0.786674902359829,0.912400865280366
"1958",0.972997725773747,0.938210907741832,0.758125994389529,0.828173605119283,0.941803583636299
"1959",0.939782757621855,0.958352401762962,0.741485008144691,0.797733951379685,0.940391389857685
"1960",0.957443891813929,0.952172370087006,0.706256055415812,0.770902652322929,0.90714879386844
"1961",0.878128374350626,0.887291774113304,0.664402632423727,0.743993935072036,0.844515852240445
"1962",0.964956332976131,0.982471594896491,0.831706370261259,0.898654135034402,1.00163827987887
"1963",0.897107867146672,0.87148248935008,0.828017428646118,0.816369721410226,0.934038300599303
"1964",0.966004345574005,0.98698312397682,0.780640033731669,0.700662802075818,0.832583819918404
"1965",0.912791384196242,0.927757227179893,0.741189106442618,0.819493534544707,NA
"1966",0.981181170271556,0.971115404701012,0.781881116887687,0.841090610477658,0.949706607261555
"1967",0.96115231164943,0.880368183047954,0.854787314227406,0.899043414468392,0.80572185818064
"1968",0.915135370003516,0.832895145569513,0.692354390446197,0.818235203373966,0.922060645537804
"1969",0.924886161481832,0.946393133777208,0.6917861773396,0.77125833872474,0.842581829358879
"1970",0.966465652517632,0.836932589602893,0.718421460484045,0.703131748613363,NA
"1971",0.9218784391715,0.938967609534524,0.672467297481281,0.726568288732405,0.759826923629541
"1972",0.956934957432228,0.921605868634111,0.678809351577807,0.763191030165678,0.851425482348361
"1973",0.977708057856497,0.801767012404844,0.683515630059392,0.738764637988634,NA
"1974",0.941831789769585,0.914334811922662,0.947585391646962,0.753243929690226,0.904481982683643
"1975",0.95325361099131,0.975505053430938,0.807263198549961,0.807188364683742,0.837985996367656
"1976",0.947993675157214,0.960162863627553,0.718069425837465,0.796123852011884,0.915534300963139
"1977",0.970893773326194,0.964397734030489,0.872406496051103,0.947046153478485,0.96196038342431
"1978",0.961823216306051,0.981162356813126,0.782644166783831,0.887058065557285,0.990383418226536
"1979",0.9436960185505,0.933611364429649,0.789649885187534,0.863763551279867,0.928055494023544
"1980",0.971708426369385,0.897073328042502,0.724684176115186,0.82342204974274,0.929866801497921
"1981",0.963353668302037,0.860026617695753,0.713888543654689,0.777879801701727,0.9032668705129
"1982",0.966188239816914,0.97208534776649,0.680646812383266,0.768984072577452,0.883636767687614
"1983",0.97697958896512,0.976125717478575,1.00099171386037,0.732323569352583,0.859649412081073
"1984",0.839222427625066,0.775778377135579,0.749465616216753,0.839078890916877,0.944892816297125
"1985",0.955274190751697,0.840016324469442,0.823564310504242,0.899829528821664,0.999995277169588
"1986",0.974838630260255,0.975062552606584,0.814769657176776,0.743918410858415,NA
"1987",0.973339009900703,0.854156401982943,0.710230468644156,0.817177081606774,0.8737364810636
"1988",0.936198528410652,0.926751792210781,0.801514558410164,0.884701636480654,0.921036144190519
"1989",0.962234052666145,0.805963287338056,0.769254726148094,0.802409718659931,0.895540027269371
"1990",0.911250311640905,0.923338550507606,0.847850433981112,0.91684059108201,1.01586716168359
"1991",0.944755821404705,0.966471326029756,0.837196664289774,0.892311382254182,0.985326092044723
"1992",0.955230129666152,0.876432546501682,0.769220099706243,0.839833254221318,0.968707534113329
"1993",0.972658877975302,0.95984304712122,0.747242168091134,0.747854734771276,0.914257333446513
"1994",0.964818115969278,0.689346264524269,0.672299619816163,0.735194040141646,NA
"1995",0.943794349661486,0.952020039142122,0.645507097442643,NA,NA
"1996",0.965486934314527,0.974423635662068,0.738857134742448,0.80096881744292,0.927248619017725
"1997",0.963665887450479,0.971746938963925,0.811285108563696,0.78653292568161,0.907154578774221
"1998",0.918418211688932,0.927786426876346,0.851485485784938,0.806405893044585,0.908500499844383
"1999",0.983077385387299,0.950945405291117,0.799465927647581,0.869409184549338,0.979017669591311
"2000",0.890666892562787,0.893373253329881,0.636657062941447,0.740140124431697,0.858050161812198
"2001",0.975702217173921,0.954040805455818,0.864915681838778,0.81566080196382,0.930892716514717
"2002",0.943425688603533,0.958193350062206,0.693344272954488,0.721183337510597,0.837835975966544
"2003",0.961093679522431,0.967313187959,0.874192170633231,0.807798680802673,0.882621407319008
"2004",0.956023188732282,0.964795793813076,0.822185669771902,0.904836779547603,1.02290691515701
"2005",0.973260518260533,0.887943356994376,0.771379445354865,0.726733686922701,NA
"2006",0.955572575059793,0.96912951782561,0.853756179278352,0.755841445910339,0.86075443817704
"2007",0.964038312570882,0.984006901326692,0.912189869259544,0.98886296928755,0.850106942992354
"2008",0.960366200921541,0.797121749695929,0.842953401497041,0.808633396189933,0.917671902872908
"2009",0.98462585177729,0.878376789149988,0.81690453715585,0.871645393854508,0.980210996319998
"2010",0.957421556761335,0.963610182048997,0.869824783285497,0.95446296545014,1.0515541021322
"2011",0.885923893809637,0.893855947079161,0.94659078614219,0.881509994844987,0.996340415370974
"2012",0.956848890084275,0.974552038163486,0.761036056089984,0.761639069322672,0.889020710774334
"2013",0.83961915210316,0.863683457689963,0.641593280900143,0.68382025005287,0.848631264439584
"2014",0.958319627925803,0.815857882069481,0.782737878046164,0.722363113791674,0.828564508871015
"2015",0.956768934482436,0.891879301311607,0.747210161972664,0.766448717406164,0.895531891122434
"2016",0.940123854712343,0.913532507416483,0.793882627805436,0.836253055618525,0.936619956408862
"2017",0.95653182158591,0.976472170381612,0.825407883962675,0.89535859306621,0.900679554314844
"2018",0.97484096341621,0.952631889881907,0.844191835639521,0.87650714348649,0.964810500274747
"2019",0.953249786568504,0.982026552280134,0.781312775005759,0.831452588876146,0.963517758199765
"2020",0.958348754921998,0.966140907472201,0.80634600738944,0.875330092721499,0.900097341753935
"2021",0.954254166321615,0.805642575212956,0.803828627830114,0.856782652920682,0.971994468818349
"2022",0.940425496080443,0.922674893671716,0.79265250308257,0.878632510916795,0.841942133343562
"2023",0.901677844167936,0.786884778347529,0.800317502225296,0.872107753342451,0.969826160086581
"2024",0.968425923931091,0.985167047047291,0.711341844778723,0.812232186352659,0.931966539400169
"2025",0.953632640951787,0.965211984336705,0.817448520714778,0.823293953404585,0.832622948994348
"2026",0.965670310345707,0.959853736804606,0.776506153337669,0.867124736199989,0.968600375538122
"2027",0.951254952267915,0.941376252190979,0.84156026403194,0.872267892099168,0.989899578880032
"2028",0.908252440411961,0.92804096464957,0.871193765210722,0.849892386379027,NA
"2029",0.959241541332043,0.971736779823013,0.700184626641222,0.776249623837183,0.84467621587234
"2030",0.971240358315313,0.901047685824634,0.782117876096844,0.844545377277993,NA
"2031",0.93017551644962,0.945825773476987,0.793583375267666,0.880574188817915,NA
"2032",0.963607153403137,0.974869115243139,0.821118974986721,0.880606010381804,0.997053295734883
"2033",0.946522624023338,0.967699549434663,0.783457026691827,0.729046202640171,NA
"2034",0.924325075878361,0.934567759699196,0.661467489346542,0.721788590660219,0.838392483688873
"2035",0.968385204047356,0.874456888545432,0.709510747236344,0.80381479149678,NA
"2036",0.93961853713851,0.955606413800732,0.776826640615048,0.834848261487612,NA
"2037",0.932655063902144,0.944432935420481,0.696897824923951,0.773936256442207,0.895915841839884
"2038",0.930595232097791,0.942763910394211,0.754027055955926,0.837672598870884,0.939571405905476
"2039",0.926146614555017,0.935670598688121,0.748168322992171,0.805701390807615,NA
"2040",0.854292083222414,0.871524758639023,0.631421800860745,0.706520830592018,0.841817033905086
"2041",0.914007214053341,0.836982076951042,0.792631409864204,0.841193434860106,0.954141435459631
"2042",0.942971674961151,0.895729637527675,0.708017218998509,0.777175290114757,0.900517607245783
"2043",0.949984795468739,0.933793526616741,0.810809055271702,0.873108998677051,0.959692952119882
"2044",0.95171241698402,0.902420644162095,0.77730608086594,0.855358810071764,0.962683927157206
"2045",0.956528905303118,0.972662661161454,0.704591897107882,0.775069827730911,0.905941191011384
"2046",0.969192499902151,0.969594347037576,0.741681368429764,0.780519128949215,0.868999478612603
"2047",0.970505123208261,0.970160823879122,0.766758087361208,NA,NA
"2048",0.906644506680907,0.913570925825323,0.790069232389555,0.841901754940165,NA
"2049",0.964433176054193,0.979051537726605,0.882095731565037,0.81369972470108,NA
"2050",0.908065099865376,0.786566446372884,0.834074081562201,0.92295539186036,1.00501611782301
"2051",0.965234995225708,0.986765393541869,0.656325783972656,0.714532700992069,NA
"2052",0.926799158140463,0.941159473894336,0.959991627778455,1.01254146553064,0.825473090333098
"2053",0.980912983935294,0.971754316539469,0.772457303039593,0.80792309528576,0.883559658778224
"2054",0.957833322912695,0.88178161680456,0.908723633434276,0.776747765635642,NA
"2055",0.978281473981875,0.862824197582246,0.767733267806235,0.793094957974258,0.934888714926915
"2056",0.96321766664602,0.96407288314091,0.762754902435038,0.813998623889593,0.823407720066393
"2057",0.967844536480593,0.988194049953942,0.719887921652911,0.814900895325472,NA
"2058",0.929352592422918,0.955460121064832,0.96199239152069,0.78189943747527,0.917830474583327
"2059",0.958579658690878,0.810348525928463,0.864176381118071,0.739287343477283,0.862046536938982
"2060",0.901630376535434,0.922127819069976,0.816978160382942,0.827575484790308,NA
"2061",0.951846086271532,0.884996301381647,0.757723624551948,0.821179456903179,0.947109973979076
"2062",0.963194318089563,0.919149677799303,0.811263326423626,0.893502982139972,NA
"2063",0.970975881013934,0.929433689440301,0.935327148961212,0.925763796029058,0.914958950140874
"2064",0.961783018752968,0.969280845615255,0.624748061718434,0.702825803562091,0.831457076687297
"2065",0.96299744124128,0.762806233343211,0.815140346768953,0.881201929047546,0.980552329130171
"2066",0.886512538652065,0.901644166966185,0.73182057697286,0.76205844736477,0.905920895931906
"2067",0.965462698451451,0.852388376695357,0.778176846650015,0.820959403453423,0.886263976194055
"2068",0.916164255837212,0.929859921514302,0.831461377677296,0.913080793730682,1.01022422687438
"2069",0.972048245661589,0.976405252634764,0.832478380035809,0.886567092313217,NA
"2070",0.881476175958173,0.753761228477183,0.665119777376273,0.70654510797471,0.817807487092325
"2071",0.963971420189849,0.949342698912684,0.772293938664883,0.839153454119097,0.841661248082511
"2072",0.960988046882645,0.970602403129873,0.884751264768355,0.857459902718627,0.969897039766305
"2073",0.834067162235166,0.856150106637973,0.82561241010771,0.89073255319041,0.901741044138715
"2074",0.968074510799621,0.875450951274575,0.804753281829651,0.692703384608384,0.78338940546705
"2075",0.962584031652776,0.974103728494046,0.920298992958726,0.935933908729487,0.802822114253347
"2076",0.973818267262752,0.949606911205648,0.879218079744278,0.911435162067788,0.871455699422782
"2077",0.956520327089727,0.964621075715517,0.680470611823816,0.754782115801017,0.87546739544633
"2078",0.886919227245734,0.899871247625041,0.663649237752705,0.779276637685933,0.844592078528642
"2079",0.964524447589627,0.810109560787272,0.817241592014104,0.873226707555671,0.879970100476815
"2080",0.95887827212925,0.892059939328866,0.944399554223888,0.853138333740249,0.77469265636495
"2081",0.967837818141701,0.979407688747746,0.860271322138424,0.934011774602911,NA
"2082",0.911947143587886,0.923853970000523,0.80928654139571,0.85294085690909,0.991110959370875
"2083",0.953792024348893,0.952312948445781,0.778600249689965,0.850479425387095,0.882804037301285
"2084",0.818297642121841,0.834187406135376,0.829375347787829,0.883946011404748,0.991287923751261
"2085",0.956628093884477,0.889266283066888,0.860234742853286,0.924601199665356,1.03815419184761
"2086",0.95829482333135,0.783200328563259,0.77438566476706,0.727630553620488,0.861637907725902
"2087",0.836080005756669,0.850511767128822,0.787308874322882,0.848463808121146,0.966483783945649
"2088",0.964723186923602,0.945216360676529,0.647074636780284,0.756159207157114,0.851696125344357
"2089",0.887886788409508,0.906153823816783,0.841589280567868,0.701710938375169,0.815355025926841
"2090",0.947806015242129,0.96426804718629,0.887031585692445,0.938743095438325,0.918266869286942
"2091",0.942309834572313,0.971021438362695,0.843275510010821,0.648550846708113,0.801663377724554
"2092",0.987660809968261,0.960911315861774,0.97002572372197,0.712161014709522,NA
"2093",0.971355324337999,0.952968080706272,0.819107707761633,0.884233451202596,0.954034898627601
"2094",0.957706931208323,0.975146642997878,0.658323802130538,0.752904749395034,0.882862309049838
"2095",0.95660460606087,0.86348547276413,0.793999159755681,0.860007389943781,0.990363741712648
"2096",0.901178792871092,0.914941143916315,0.774597250098416,0.849335149061236,0.932046982202946
"2097",0.952788159876794,0.898801455045973,0.874254911156317,0.910245604435949,0.991641509716204
"2098",0.934780650084334,0.946630742955541,0.757876335611202,0.708649605793398,0.817253279891079
"2099",0.963829744296357,0.867375468099608,0.721960493153213,0.791788496141631,0.947442277905924
"2100",0.975965247951227,0.980527427366684,0.873367796748892,0.973089838589703,1.02286030267668
"2101",0.956231673773471,0.970720322797009,0.772781907227863,0.841911109175121,0.95596248281539
"2102",0.956073311089223,0.87941124858533,0.719567678445814,0.757200086255463,0.831942205808391
"2103",0.926108235807541,0.939647963543232,0.816293507102365,0.753061669243335,NA
"2104",0.930657942714598,0.853449390098716,0.81308209435157,0.640839968235241,0.788323745568657
"2105",0.923289390202086,0.936767205204712,0.686211892739806,0.763066312381068,0.840355835487608
"2106",0.957159417028345,0.977923986175571,0.76981330389786,0.775672936739654,0.912766875723247
"2107",0.958714787320974,0.882739292936722,0.755907608495756,0.830873837251802,0.88284331978518
"2108",0.960583655208295,0.853922861327063,0.731518052086066,0.758530128596085,0.89653841672309
"2109",0.900845104582706,0.915648315979897,0.77922536162402,0.858339066692693,0.960914521746081
"2110",0.958320109352366,0.956970432181567,0.943265119328475,0.845490265118686,0.798897754989587
"2111",0.941133299372649,0.954016443130131,0.802661562240064,0.886179345988759,0.852787009770193
"2112",0.976087273178543,0.983483060038551,0.915379817629599,0.834796326042258,NA
"2113",0.959888111729844,0.899244861197695,0.735169999524109,0.822029401818506,0.909918969572653
"2114",0.885843988264777,0.889645275879701,0.834244326859525,0.884634524546806,1.02309885824055
"2115",0.948388227712157,0.775354416978985,0.781050549420069,0.83848229772445,0.891294717872673
"2116",0.961298955750536,0.857663975964958,0.694854748776415,0.760287192394669,0.883901045873178
"2117",0.956588111438681,0.949289740561922,0.893103228278944,0.829796477087111,0.953399228061587
"2118",0.847280245465507,0.866314123834463,0.771046121749052,0.848186006215976,0.876526962945941
"2119",0.962534308545709,0.807436511120941,0.862791174330083,0.868078810757857,0.962601113974771
"2120",0.964850248365106,0.87254457586664,0.837865299779301,0.89500642160844,0.843331620913933
"2121",0.924048491159982,0.949349775073111,0.975115596477992,0.93362769895159,1.03089758042118
"2122",0.938362635475092,0.949832020009537,0.816423588358298,0.878173207440969,0.983692879254315
"2123",0.938544899295454,0.836581041374436,0.894676533831755,0.790007999419887,0.922069698079122
"2124",0.860797015504943,0.871975702716421,0.9331735298232,0.791041995547874,0.838438839984565
"2125",0.959165537580011,0.975313042235747,0.755803845788106,0.83481473850836,0.957345805938682
"2126",0.796249690044215,0.801431847608488,0.843274406727051,0.851607165881227,0.958908512486097
"2127",0.940940113827685,0.941906876884968,0.776924418245389,0.860594623922084,0.974001265567476
"2128",0.905152668133535,0.865977109303625,0.712419390536075,0.800551466687836,0.903575046868907
"2129",0.963507873775505,0.974784062055982,0.662416712179097,0.758520592580359,0.867097186291387
"2130",0.932021989080478,0.943981561825623,0.886353767044488,0.811813858289062,0.92834085991633
"2131",0.956297869486767,0.857883692322523,0.804352303748131,0.746261927223653,0.854263954579718
"2132",0.862500880670991,0.870765209077181,0.719260245107633,0.802182403923604,0.876127372283464
"2133",0.957928852026492,0.978703024196567,0.745552559409937,0.802795949783641,0.943166946961934
"2134",0.971794939526334,0.975842858856433,1.00947551017371,0.937206020766998,1.02316862991464
"2135",0.940340745753865,0.880130463376867,0.722563098598145,0.799296316613949,0.933409314614355
"2136",0.945928505364501,0.95688235400398,0.765794664072837,0.837666619514502,0.943331025047077
"2137",0.934014705358748,0.950868677190753,0.804635236075864,0.866267343376258,0.968555133366541
"2138",0.942489145741174,0.893368585396248,0.851942423293203,0.815066730865581,0.908407904981183
"2139",0.886035521189623,0.901963303157191,0.794897856867253,0.865305028538859,0.980338268326418
"2140",0.938984890947846,0.829290288903014,0.794287771526879,0.881459948300781,0.914107220243797
"2141",0.963114776173072,0.971130610137102,0.739725638002057,0.686422249541253,NA
"2142",0.937649033880754,0.956950155830445,0.820638814600217,0.859084963750881,0.847976559864884
"2143",0.975494359759542,0.825649546019701,0.819063105630028,0.845769794654673,0.818826602320656
"2144",0.968234131082573,0.966349525362578,0.867760901658735,0.933922476348432,0.89262103461024
"2145",0.967558977403984,0.972559594506361,0.73554906724224,0.830408555573074,0.956656959319291
"2146",0.955103742971246,0.915879109554975,0.799938039580013,0.818317533557489,0.944938963879454
"2147",0.971149885182365,0.945801470383609,0.851983547896047,0.84040426667018,0.906967057266734
"2148",0.951031137017546,0.967421926787956,0.68738235524648,0.745181552692707,0.802108611524803
"2149",0.889253980781917,0.899825251204735,0.740381030872768,0.826942276481329,0.778595212265417
"2150",0.931100134290948,0.950061168227604,0.763486880237883,0.814378436990816,0.932012157911759
"2151",0.969979939007632,0.983542262809632,0.748813568438493,0.825189938640976,0.938426642886717
"2152",0.946292778732856,0.954297032124845,0.649071823781252,0.737514074100726,0.868304316334347
"2153",0.961177167142335,0.798875578839449,0.855062810987241,0.818583658779096,0.952934925455642
"2154",0.966179022398048,0.851819479391053,0.762360795647651,0.821004158436303,0.950343496681342
"2155",0.952011977360342,0.972493334164384,0.712609261651977,0.786379451365643,0.765271294459893
"2156",0.932796778374863,0.956003628898257,0.898385401840249,0.750072803432307,NA
"2157",0.978379154680052,0.98416329915768,0.859295044124999,0.896321152166426,0.943011068216773
"2158",0.955564930079987,0.964322922128916,0.688889734435149,0.711163183845199,NA
"2159",0.935767552645809,0.945714497552379,0.662282394543236,0.720994374997269,0.775342528322424
"2160",0.945166425670497,0.952401018905838,0.790709232809549,0.784033471130326,0.894438282384303
"2161",0.968256016068013,0.978297891136174,0.685960241460451,0.75479732168337,0.887187272752554
"2162",0.971220280385413,0.987053377291823,0.759525281034084,0.844303265711726,0.948257781833359
"2163",0.916094683881809,0.92589191480784,0.832063532798752,0.849446513309164,0.889892677446732
"2164",0.956911253096192,0.886701729328122,0.682290328645109,0.758544839358177,NA
"2165",0.961819576223275,0.868181853913926,0.835106847499302,0.908839548305984,0.995584924420993
"2166",0.941857657876059,0.850402376804967,0.7508557929051,0.800362431794347,0.934466877652001
"2167",0.949710932644902,0.955108745948884,0.668022223441254,0.741645751405483,0.81445331679138
"2168",0.931270888589844,0.758186528677032,0.808956925502475,0.739776626639382,0.860519034261985
"2169",0.934060037029106,0.940912108063638,0.902210224809335,0.798925935219601,0.905434773779312
"2170",0.96577478396222,0.981722205700444,0.739470169053345,0.70688811222133,0.844616030514224
"2171",0.969815565333617,0.828678983557213,0.797379794041511,0.787954182829887,0.916738967395058
"2172",0.922681856692615,0.932603976911537,0.638830850807054,0.729851848933648,NA
"2173",0.964955220060574,0.977774991616569,0.89722231429944,0.942240797561358,0.946515004847249
"2174",0.939864337480388,0.917636647781482,0.816048341732196,0.870284971888548,NA
"2175",0.876711289780592,0.878855669084205,0.761102797998783,0.827377060670102,0.93382531906241
"2176",0.958771137187299,0.941686439684381,0.804426063106786,0.883308893475246,0.969999268002295
"2177",0.95532655211747,0.867937907437941,0.790541216076847,0.858122412041941,0.90856772853942
"2178",0.949260506713381,0.966411854720542,0.67219340035366,0.748979540898225,0.856125496183323
"2179",0.983673039384714,0.981704695900221,0.810367907812803,0.871369295373935,0.951280643226513
"2180",0.941973788972268,0.915947625531715,0.844371054415723,NA,NA
"2181",0.812302148587714,0.82762637243645,0.828271501173396,0.829334015705505,0.961210832360809
"2182",0.95665224083364,0.937567417066476,0.817121121928272,0.847855993279529,0.802061801729365
"2183",0.909247389249351,0.90853261966147,0.86385396084982,0.853630767164745,0.945684972239416
"2184",0.964696329058092,0.975337787685838,0.830791723567821,0.843507708317018,0.940410581542056
"2185",0.974686404114146,0.980565004120569,0.602389443779177,0.676277652502765,0.835726073203443
"2186",0.942876079749054,0.940184342259554,0.825190798851971,0.901443511105832,0.973746303708877
"2187",0.973943355947647,0.964848697536834,0.874587287638877,0.958186767023924,1.0655002573145
"2188",0.917668465374038,0.928807827050604,0.790941451651397,0.852842585298687,0.982337465782488
"2189",0.927842417536935,0.848113325848508,0.795775842920602,0.757448081237414,0.905232211195872
"2190",0.954010063394321,0.96143042665631,0.739299217380056,0.803589764061656,0.853815128102279
"2191",0.956659788743262,0.974221280075663,0.910450154411307,0.830415980720558,0.929687955216603
"2192",0.966543622582114,0.980334739031548,0.872741807126352,0.94280011698407,0.777111400845261
"2193",0.913329321446326,0.91031207572145,0.711763980867466,NA,NA
"2194",0.952418182268792,0.817196945516119,0.714190700022228,0.780753939367041,0.912477160663947
"2195",0.898956075928834,0.81105006712339,0.772064998271096,0.833730924380343,0.941442724492306
"2196",0.891552088908329,0.906318242171256,0.662411354591319,0.720029987439783,0.859825574481837
"2197",0.887610487932133,0.891829118107586,0.731242589598706,0.792145154009898,0.92430291116692
"2198",0.966875971345052,0.985817165339885,0.775392513338732,0.857878331501826,0.961532538392466
"2199",0.95938951069763,0.970518592731562,0.876770090306252,0.939895021230714,0.919618097949886
"2200",0.938385072376416,0.956091054028546,0.749912673121767,0.80951738999545,0.856533948117326
"2201",0.973006590530324,0.936713921737948,0.913734860419698,0.743344552126644,0.882607712643054
"2202",0.956875322042706,0.956742379554324,0.809444440953252,0.880679172240958,0.856325826055429
"2203",0.965334276663611,0.969051289082992,0.775781035669014,0.819034733056126,0.786535847464781
"2204",0.979240282487551,0.917708637975378,0.745762370666041,0.802787628147485,0.892023506076498
"2205",0.972585781064218,0.956535908922246,0.952227833556605,0.755743472933812,0.815287518152463
"2206",0.960071257463987,0.980611495841657,0.770846017178348,0.753574235851903,0.902512977342778
"2207",0.971248799367511,0.757855727079484,0.774819990046672,0.835400629535714,0.946831473029159
"2208",0.972812556004438,0.895854081536111,0.956896683893779,0.758103374008899,0.803677962194259
"2209",0.957601323423775,0.9835235372561,0.911936978394344,0.973465095281656,0.971373498253458
"2210",0.954160423063547,0.814929865388379,0.763098825479982,0.82241019367557,0.786351939662071
"2211",0.974942079838408,0.979938641867977,0.696259288194812,0.728546184551277,0.884600962531156
"2212",0.971668624813677,0.967705759334987,0.753600885681508,0.813130533338967,0.827684325143973
"2213",0.945524493269871,0.890452683464314,0.930577358990905,0.804367867248355,0.93784980830472
"2214",0.97411399194597,0.959826098700186,0.816603649672961,0.885293683836414,0.982912857128052
"2215",0.967052992634752,0.862970996318573,0.743961707774381,0.763144668870069,NA
"2216",0.951258817073376,0.97274352253488,0.703033122470738,0.797292943642734,0.914396382698235
"2217",0.936388266930619,0.953537113130908,0.782556023340087,0.861773061739373,0.941527544387051
"2218",0.960313013829819,0.784346153543575,0.691124198003126,0.731021967329309,0.852793749455261
"2219",0.957975145239657,0.953068879645967,0.717017318628835,0.733065995648761,0.876945045046963
"2220",0.94676046307329,0.957527015384249,0.796687981597546,0.863186965864447,0.762253486504689
"2221",0.964968999317545,0.974368504252424,0.784985971393539,0.764352435228191,0.840682612132332
"2222",0.958381564860202,0.972263229379906,0.935047421439103,0.998628540936301,0.810584022198647
"2223",0.969956322369439,0.953506675999917,0.602261059750048,0.689451564727616,0.832871444682137
"2224",0.917826037268774,0.934234988323416,0.700182438724488,NA,NA
"2225",0.955388637652074,0.972215644126723,0.578462040253393,0.700385438200158,0.829170511616305
"2226",0.963160031515986,0.925394469194868,0.735656438526226,0.803916868925555,0.894073407121059
"2227",0.932414166494413,0.941453820386194,0.809544596712411,0.818874010643729,0.933987602065593
"2228",0.959725019334464,0.983724596337793,0.773911402861474,0.846220725000287,0.954078530565217
"2229",0.931103991245735,0.944736416426066,0.717965497274187,0.6568024574327,0.792892618553133
"2230",0.97368513231863,0.938678285964218,0.896648298435643,0.608775217142357,NA
"2231",0.966409107988274,0.911168248937886,0.794573076059358,0.848507733385453,0.935264317888306
"2232",0.946495623208345,0.911509841751067,0.961786699446106,0.870804800474661,NA
"2233",0.93360060501716,0.953109749040367,0.604349294686752,0.694359821802324,0.828345496091124
"2234",0.953989567901376,0.964964374851983,0.727000859779015,0.712230817718626,0.850947362587643
"2235",0.967326464487838,0.897797540690669,0.945349659373386,0.834187222682729,0.977265976702445
"2236",0.838774149553351,0.846369840401929,0.866538120033635,0.811856077097984,0.921883534049327
"2237",0.960214128605481,0.817050414047036,0.787490423996104,0.865915188602932,0.934878148299074
"2238",0.957359853812197,0.885396715374688,0.720940426032077,0.779152447877264,0.895266427026687
"2239",0.969422324919483,0.980241765159687,0.724217401423484,0.721847790027841,0.841031043276853
"2240",0.97627931816105,0.984717567985126,0.758145922164066,0.729955128938859,NA
"2241",0.971093946010452,0.919722004819751,0.805969611844741,0.866681929886833,0.955378669958664
"2242",0.978371845588175,0.982220253354664,0.887923916788789,0.930610560384755,0.735578150630328
"2243",0.950474937849922,0.963491547860599,0.664420018898146,NA,NA
"2244",0.956873492647533,0.955240884943388,0.729939202294028,0.813289041696795,0.937833550760004
"2245",0.91868116168355,0.933546868599854,0.797470126711563,0.85912574385477,0.981551122225248
"2246",0.932040741427599,0.949390936177585,0.846202365648527,0.918749304275667,1.00013344822055
"2247",0.846979541651619,0.859664407252457,0.898801738052548,0.909258937404442,0.858921473207606
"2248",0.91511602271318,0.932895222370539,0.849705380175613,0.805799991904578,0.895153623417554
"2249",0.961890682474518,0.980952057997638,0.738555504527962,0.816292731180767,0.90390650091117
"2250",0.931184019102864,0.948010160240159,0.719470583167911,0.800661427128993,0.856563674536307
"2251",0.944077695508828,0.903641210358929,0.771644448323814,0.846004491117034,0.960635332521577
"2252",0.95622251766954,0.850987224820711,0.884095732329719,0.969018379883005,0.770087351651201
"2253",0.968949044028022,0.917325265887584,0.766589376522811,0.686401990721544,0.878179710682386
"2254",0.975822387784087,0.95680554861207,0.757972882449745,0.819045551674454,0.938063214282662
"2255",0.927644253405909,0.934008760402029,0.722136711991666,0.804314513831447,0.917803367136848
"2256",0.964409182772343,0.927174817535755,0.948828893320115,0.95466824238715,1.04876517909119
"2257",0.949043678476723,0.899175660883205,0.712901922217121,0.69586741315358,0.80975256042672
"2258",0.957544874829109,0.971659331506948,0.762139019344227,0.868866349122047,0.948701320801015
"2259",0.889534129468155,0.891037204062649,0.89615250420885,0.854822327886757,0.94831299750976
"2260",0.985102624027843,0.911747065241591,0.786176197688362,0.772340389940933,0.835228536220938
"2261",0.964118555420805,0.894808015993877,0.803914056424053,0.869687986642617,0.995510649761714
"2262",0.949721230023485,0.903544169034984,0.6836922980836,0.786044826927968,0.905513011007942
"2263",0.960772695380717,0.984303915000662,0.879915640161513,0.933460970220351,0.821633648273261
"2264",0.965965567260696,0.926504714594117,0.752294968443822,0.701146530024664,0.827515400373761
"2265",0.954119015853657,0.966264075537098,0.83864747432814,0.899772630210012,1.01735138759606
"2266",0.915563398124839,0.922086223301845,0.732287638995094,0.806685976004658,0.932493663168022
"2267",0.938695777708725,0.951543486948181,0.771045170962696,0.800823069081253,0.918607669650943
"2268",0.880728173453601,0.897717392638629,0.875446557366946,0.821397067936639,0.932470728749764
"2269",0.964790126675982,0.81740781759484,0.800040383940069,0.881159475565108,0.974955708158505
"2270",0.962943951165467,0.973562276359714,0.909843904061849,0.982245833646841,0.878503278000785
"2271",0.958513383937664,0.977551264047396,0.756943625321928,0.786025438334341,NA
"2272",0.927139651664166,0.944077621147603,0.701983984317093,0.748552001667667,NA
"2273",0.961653795316887,0.975601942806777,0.772790400199239,0.83073133886511,0.912639880732487
"2274",0.766724632909678,0.791662163757294,0.845688172141827,0.868002389556622,0.980864615319404
"2275",0.966495717139531,0.968208514324645,0.779830266636309,0.835991020785884,0.938042200016761
"2276",0.957614230019607,0.930427072011833,0.855647579031349,0.850415904186107,0.957349123932601
"2277",0.949165285965562,0.916422249685248,0.691697292641288,0.768220696663185,0.878190116336811
"2278",0.964218369242822,0.963983342952375,0.721755537548609,0.809163885204586,NA
"2279",0.922207069852874,0.940783435636198,0.75440033117223,0.806029738094245,0.937570789665902
"2280",0.845107727167728,0.698692274981009,0.724244073186197,0.804582164959299,0.886590646526012
"2281",0.890533444993594,0.90645576046123,0.79109047509387,0.86890522124246,0.952293372971462
"2282",0.903485843660922,0.880009255837107,0.751900735358888,0.832585644030664,NA
"2283",0.938238651807448,0.86304511931479,0.855869709193738,0.896505580971547,1.01179579788429
"2284",0.937803931541006,0.950058777232459,0.80728802932039,0.892018882725542,0.786201770461848
"2285",0.932206517133316,0.946881193128187,0.784257790754156,NA,NA
"2286",0.90545003059802,0.88729592752213,0.730684311344664,0.814033401474253,0.930374584120159
"2287",0.88673018915582,0.897330134718746,0.948844846863316,0.704943243243253,0.79759162072341
"2288",0.895926610045179,0.917472847878244,0.730026010471461,0.832704702998538,0.911887694665612
"2289",0.958962106948082,0.972946891287703,0.773181831000681,0.825679080327336,NA
"2290",0.949588209723028,0.948778440636299,0.714387881099849,0.793820576749175,0.868459384962793
"2291",0.871746862277859,0.885050949196168,0.77966652799456,0.869242073345759,0.949961068900448
"2292",0.915661607503073,0.93202530726385,0.690971448973381,0.797252903838476,0.889866688751215
"2293",0.956262342509805,0.861076057475575,0.868821864525655,0.834944407105833,0.943981479352756
"2294",0.951848487372536,0.867733804319805,0.688702257170517,0.740282096658086,NA
"2295",0.953463626671325,0.91978663212626,0.793816401466545,0.785549613600181,0.925492562747265
"2296",0.951388010840163,0.971519612008017,0.766677509896751,0.82271615175274,0.931349234931778
"2297",0.975657048118765,0.988552586113201,0.743270027321053,0.680478016762642,NA
"2298",0.955931328610808,0.974025862820924,0.656751966172657,0.745046886576455,0.867905790208167
"2299",0.954543934265298,0.968019860891827,0.711288724286886,0.800241302633645,0.919821545792109
"2300",0.973247405255243,0.967305373218771,0.831493232667572,0.896721812309381,1.00597504842388
"2301",0.962277804374592,0.920703797142872,0.689813352773709,0.768758726939243,0.710280730417385
"2302",0.826207896394129,0.837377209291473,0.87934686193602,0.731909127098589,0.857118294279743
"2303",0.961479785141912,0.974874712683398,0.664375388419159,0.73503786834519,0.877531341939885
"2304",0.936539151285326,0.952815079219523,0.799118075564812,0.852188289999128,0.93314305562404
"2305",0.953722915074951,0.882155365712415,0.882292854221277,0.859475102909041,0.965091857089954
"2306",0.919657416417978,0.93306768694261,0.656007736019804,0.753498313460447,0.797364757900061
"2307",0.859370079484991,0.881313946587885,0.830757065116002,0.889147220012934,0.978199919323698
"2308",0.929639479363239,0.880216500229166,0.939509082279787,0.739917505851508,0.853534778269923
"2309",0.879136233594295,0.789894768689222,0.776282853244629,0.861288604309546,NA
"2310",0.958120654003425,0.936872390834432,0.992859961555095,0.904839428932272,0.836319778689454
"2311",0.923743634819014,0.934110040654397,0.755895305498225,0.821492153039784,0.934832408323994
"2312",0.976123502325933,0.957991271597505,0.672721630076654,0.772566356974547,NA
"2313",0.876573240817514,0.882295353098508,0.79718267309233,0.85740651988501,0.970954751021064
"2314",0.786203722952163,0.762764265078725,0.82411561171389,0.892827605268723,1.00586256880675
"2315",0.974458585350862,0.993534829015788,0.824456949006628,0.892769090393428,0.998939387962841
"2316",0.883495486019585,0.896634298877439,0.935344579044902,0.746749165584965,0.889684284222128
"2317",0.931165119929559,0.933432640580987,0.82025985054053,0.854922312840041,0.803195409089207
"2318",0.924771926861849,0.927577882244104,0.784571532456734,0.883721372930297,0.941782886345934
"2319",0.952379997854529,0.91156756187857,0.832462654559492,0.85575885072035,0.982679288714348
"2320",0.966864172102279,0.980143159599406,0.811539437514707,0.859513607540338,0.974570108574829
"2321",0.938107058074764,0.919577850978673,0.733639844552931,0.785630115207549,0.925674052186911
"2322",0.953274612016634,0.833078800536836,0.891882418356955,0.874876711045179,0.942546891147933
"2323",0.969630027521706,0.956741520812877,0.798866252471455,0.864733391164935,0.909982049487157
"2324",0.950124677624947,0.890187093317005,0.840843152576856,0.902042183257127,1.00605307365302
"2325",0.956466321783131,0.975497701014439,0.813445773812367,0.882500616527417,0.945432062351811
"2326",0.973712234703336,0.899411868637686,0.899483611355898,0.744181635375866,0.850385943239572
"2327",0.964004373393007,0.96970758915223,0.727436016698401,0.818712211754833,0.936108052380537
"2328",0.969728124547559,0.877825158983838,0.765414047183523,0.845762434858679,0.784273255374398
"2329",0.892094750316668,0.835321287720955,0.79928102464605,0.859813969884266,NA
"2330",0.906590589374513,0.921553163360997,0.801506858057795,0.879745276936266,0.968189290699352
"2331",0.966914089854629,0.965490645779028,0.875157018335677,0.712595174838638,0.765177853322237
"2332",0.959910155270683,0.904503631455493,0.773468855250815,0.818793175093323,0.932523160917919
"2333",0.865154165535325,0.884432111268553,0.787310596194925,0.877454282386431,0.89253705395178
"2334",0.959712378244044,0.973787623617285,0.877431220515958,0.923440708388011,0.876997857443842
"2335",0.924378206126851,0.93971900195211,0.820117000263601,0.89445348581996,0.988830627050613
"2336",0.922000943066132,0.938445511353957,0.787638636555826,0.803676227907009,0.922458683746145
"2337",0.850414479686924,0.853771278990527,0.884341998555869,0.933264302477555,0.928959915243996
"2338",0.921739052273615,0.940491665840629,0.977326697053738,1.03730902639648,1.13016989888283
"2339",0.88641182041648,0.906211343820204,0.808783951113358,0.878044561350605,0.965051377897937
"2340",0.972074302558572,0.948667020182627,0.76744550805852,0.83162009388318,0.867631952876372
"2341",0.983549721750338,0.965350512641879,0.630085462256165,0.650231921475597,0.819031402561559
"2342",0.965823867803553,0.890751885502983,0.724853737635064,0.716987922336629,NA
"2343",0.967259649148725,0.990136134081638,0.807412842786756,0.864547435985319,NA
"2344",0.950854612762286,0.888215322125596,0.930038133301091,0.765774863305708,0.904552702798313
"2345",0.961746734506107,0.981438708109557,0.820138971243933,0.871320480793687,NA
"2346",0.971408386770861,0.938451207413636,0.841976842288473,0.905095933490027,0.927427805173193
"2347",0.967415547604273,0.971100085521112,0.752653008677266,0.799402625811983,0.924376476223104
"2348",0.974249902961273,0.975226247519314,0.812449161926614,0.870338011788001,0.954422044831743
"2349",0.965337603447632,0.956854222430401,0.885287924039086,0.961569338628808,1.03461038369018
"2350",0.928620927706668,0.945633115055121,0.99434998242538,0.858850475343087,0.94042247895512
"2351",0.970569906273833,0.969461866712478,0.729016689524718,0.826393892922054,0.946884816892781
"2352",0.959443618974304,0.899725349058791,0.836667085331208,0.714076228411444,NA
"2353",0.929041944378273,0.954801179559503,0.860990188451044,0.915790224247291,1.03182596762814
"2354",0.911225877824775,0.901124871039699,0.915184854496574,0.969699137547444,NA
"2355",0.878144080847783,0.893315356779332,0.937855805154,0.706138523988112,0.826994952504682
"2356",0.921667433996242,0.899923051321074,0.71217624478518,0.783439778719409,0.896639503852302
"2357",0.975127627241443,0.979854720740866,0.639138994134811,0.68992762147774,0.818688290026905
"2358",0.936327086442662,0.952446829718089,0.805755330236816,0.864290314564476,0.979573838308076
"2359",0.964230331199508,0.969666590019487,0.633835874220099,0.720187931313859,0.844129315003246
"2360",0.941150762238282,0.839560282081746,0.82460499343475,0.769690470127648,0.808528536901514
"2361",0.921568399898854,0.89208945750309,0.709299129075781,0.764208102491227,0.901777040695102
"2362",0.917450885438373,0.845142222184298,0.853609124057438,0.88243599185631,NA
"2363",0.964598255135841,0.829186486155436,0.880736558506061,0.92994375141431,1.0703107248008
"2364",0.949852933047275,0.964459213387442,0.708592803364536,0.780310843305567,0.896396117500157
"2365",0.953107340260367,0.960896651452139,0.709311566152245,0.795714589010032,0.924199199996227
"2366",0.967124080487297,0.982715530278436,0.804134924029505,0.835041136043895,0.741588740269949
"2367",0.954019093078939,0.974594911253375,0.676954913280727,0.774046271228088,0.861384628454293
"2368",0.956542534340343,0.912278004288899,0.888750325726081,0.939429454829953,0.776066368077659
"2369",0.965708370104529,0.982424046203889,0.83083769503336,0.833377165864306,0.953416995521879
"2370",0.956808146638956,0.940583196212984,0.862778622151677,0.898257061026917,0.913011726496428
"2371",0.958255239663403,0.970371626369782,0.837443083896793,0.824707996286982,0.94437899263585
"2372",0.965653134686126,0.9697949738645,0.814198370200382,0.86639225093667,0.863419519647379
"2373",0.981286841834129,0.95478825950236,0.851699415575185,0.91081589483807,0.90261760644057
"2374",0.964852842799535,0.902518054112975,0.772711969367615,0.865310769016385,0.944166391054164
"2375",0.847910543880715,0.876356171931378,0.734030187541513,0.810609526311283,NA
"2376",0.910945869686485,0.918766315564688,0.735334325626884,0.637246609483839,NA
"2377",0.952900169700107,0.896017286462843,0.882227594645549,0.931023402014089,0.918519005597258
"2378",0.975785131613272,0.817670145016124,0.888876858034558,0.93385248393792,0.869018419173137
"2379",0.944784356259206,0.947229698379411,0.796413418588634,0.875717254867158,0.992447109175711
"2380",0.882385403520038,0.887997178422169,0.707687481038662,0.787897631520226,0.900288712543814
"2381",0.97137227610012,0.859848900014087,0.771104918476369,0.839848196592861,0.967366387919518
"2382",0.884914003087317,0.883415764535742,0.625520633007521,0.732462876004192,0.832753550153778
"2383",0.981786850017964,0.973952901565217,0.784090338900836,0.861026517763211,0.998574889644697
"2384",0.938746812034682,0.949036057199525,0.814664993281586,0.908643593227147,0.993224044516215
"2385",0.954261582278225,0.899876975646467,0.720447361668117,0.809958912896865,0.899799901944875
"2386",0.967408156693372,0.693210245887395,0.742138209978396,0.732785500033592,0.846884879487676
"2387",0.922232812274235,0.94056023274764,0.746610833421854,0.803359851279014,0.935419308382913
"2388",0.969404999130934,0.995926114012526,0.812746417752135,0.911638940946318,0.984140885724652
"2389",0.93615780366572,0.858001499399608,0.776673139883969,0.844537822007944,0.968345116137079
"2390",0.975584334186461,0.969152049656343,0.822600313402907,0.885710739940965,0.989555944914954
"2391",0.83527198817718,0.849799640838873,0.836693104750573,0.869959086180937,0.937878339800086
"2392",0.944095799003452,0.927692373429217,0.83811729268447,0.898566562582282,0.884487284683469
"2393",0.931360707628714,0.943424171876363,0.823076879233581,0.907722021703164,0.874692655237788
"2394",0.98157392617481,0.947870118095878,0.978888963046662,0.738070579467039,0.867938749514577
"2395",0.97659516810095,0.903931951143448,0.766733879645404,0.859680388334225,0.963839240412846
"2396",0.861854596077918,0.876059461249664,0.784232610298481,0.796647593721478,0.930382162440414
"2397",0.949361636214735,0.798941744765331,0.778779560846317,0.847452233502938,0.962868288709286
"2398",0.947415900446256,0.885860443540158,0.808755117260651,0.780393819923719,0.859230159332859
"2399",0.956948982855887,0.900863588152336,0.690632961921236,0.774279940575705,0.900213062609021
"2400",0.962641815731711,0.825402530843777,0.884926349480626,0.891588866589681,0.823012392650146
"2401",0.915904362591376,0.705941150916815,0.728117759683046,0.762364214218395,0.870357757401434
"2402",0.947651347337299,0.800205142885024,0.753327529284081,0.83068590652585,0.920472616306014
"2403",0.976749976194315,0.969275629096862,0.734909227571191,0.805596504340746,NA
"2404",0.962904843858803,0.968296913289399,0.700381066721584,0.773831851454766,0.908072226930306
"2405",0.969430802964242,0.917413607250823,0.774344063335317,0.815391291181196,0.937954963253586
"2406",0.895101004957123,0.873484348318882,0.708247209580352,0.768459019303221,0.916880111094596
"2407",0.937609672610017,0.953167713763093,0.722941073122248,0.777498365961096,NA
"2408",0.955225402818726,0.94808321039551,0.735386158905651,0.814940213539806,0.93830208134153
"2409",0.968790792302199,0.920075308892326,0.709618028076512,0.774431146224517,0.901771417018854
"2410",0.955062249535918,0.936657617269257,0.795536711375591,0.845486672761507,0.981877720919139
"2411",0.951248123400104,0.905333338829558,0.813102227173606,0.854597346879385,0.953681555434661
"2412",0.954523764443893,0.855959710385938,0.79741557559809,0.788758979924832,0.910858467197681
"2413",0.982042819195609,0.984043915236761,0.685358237095061,0.783821372355416,0.644861773849816
"2414",0.922224709966479,0.927371531347675,0.73258243357013,0.725479467136435,0.863395871100701
"2415",0.924298203325598,0.906389639122741,0.739660548509944,NA,NA
"2416",0.909687415326371,0.928567332011752,0.752283780017986,0.827993652236485,0.950724351735848
"2417",0.880250419770837,0.897636229397742,0.780659032797539,0.821817546568396,0.885113726440609
"2418",0.958541844385902,0.976598288610562,0.703466294378625,0.730445130435059,0.853421072056827
"2419",0.916083209103411,0.926269005841345,0.80031806751453,0.860499023414419,NA
"2420",0.971846627266241,0.982113353990416,0.706482809497198,0.789457662303492,0.920311743526584
"2421",0.967148975715536,0.950221647991559,0.72742444789525,0.823629688007537,0.947704643872841
"2422",0.932886256649921,0.882453712141793,0.847941800980909,0.900698927537814,1.0189158770882
"2423",0.959485563284297,0.974358634957577,0.820262331663959,0.894186016634728,0.991518491771862
"2424",0.980275514393774,0.995273341505779,0.736409004894024,0.739536108857461,NA
"2425",0.952730071982858,0.968081813742716,0.760857286508708,0.830691393317345,0.886107847458231
"2426",0.893704040884069,0.91173323750039,0.728994266770804,0.834323063438537,0.948533367416675
"2427",0.941823340947118,0.827259922237384,0.826025830323998,0.879135270476834,0.905207574447303
"2428",0.955825039226865,0.977309839183821,0.752920978294504,0.790107290428802,0.825533345642732
"2429",0.953601980856278,0.969947718261993,0.813513609341648,0.76753540318438,0.873918158812954
"2430",0.890975720116273,0.916568015725361,0.638898556723558,0.718045293526385,0.860769014988362
"2431",0.974349746794439,0.984214978473741,0.822268611896041,0.881890017246519,0.853643537065612
"2432",0.880421328743784,0.897525372190481,0.854949967344935,0.739931689856794,0.856221704127993
"2433",0.963178073439259,0.972170202723438,0.738086355059226,0.835512310810544,0.962523183414161
"2434",0.954260854026074,0.970336086985796,0.819731335363867,0.78683838491282,0.894675673486107
"2435",0.960819517861409,0.974225795993768,0.739198046539882,0.843042656722066,0.944307022317942
"2436",0.794574277021037,0.8184983948391,0.69926395991074,0.763486285540499,0.742177821406493
"2437",0.835687015243778,0.848249069588803,0.763793344229204,0.825498089704351,0.84250299640591
"2438",0.93811861304342,0.929613734639768,0.80838427531697,0.854684671975647,0.995190200126
"2439",0.877008835259143,0.891560214188163,0.944670951656293,0.84775011579598,0.964388227726509
"2440",0.935435467609312,0.954472526720115,0.66983911778686,0.766734660295868,0.879636601514762
"2441",0.934907141313147,0.813205564878724,0.805699902717994,0.837109586879076,0.952944098057509
"2442",0.880350248899301,0.909625320926492,0.679601356126953,0.76751523745799,0.803392176691502
"2443",0.92814203847935,0.938866812109904,0.741955119094979,0.753641392925973,0.876982782663179
"2444",0.970272341392261,0.914078883393439,0.645193899544638,0.739374073805083,NA
"2445",0.970718004437648,0.983159928882623,0.685561569768719,0.773050444103821,0.89963904107947
"2446",0.968025338881558,0.899869059852064,0.721513783046645,0.778802303803999,NA
"2447",0.972168447877707,0.961429302968076,0.705408498144718,0.775095396583244,0.905168065701366
"2448",0.914323817134314,0.932030593869149,0.818038107405467,0.769136796441773,0.892311890107119
"2449",0.951676623945498,0.887473112961258,0.827847992787929,0.740851442448395,0.848149218459246
"2450",0.853749244964725,0.878791113896668,0.719441590518359,0.800746033950205,0.932083778474738
"2451",0.916256785907801,0.937846109787042,0.787030358224153,0.858396969963423,0.968550773802334
"2452",0.96349706507596,0.980532322055808,0.804774278703302,0.690182217097935,0.839359907873028
"2453",0.977228377394226,0.978396747190731,0.787885452940329,0.668145142130526,0.799767257480245
"2454",0.976709663846278,0.814482318808343,0.765998870512394,0.851745741799356,0.961807442663561
"2455",0.955348715465077,0.89512387968203,0.763808413055184,0.810910281460455,0.846991620002852
"2456",0.973237483880588,0.720947473110439,0.772328507524769,0.835346898397596,0.943804756769786
"2457",0.860188421058414,0.824379897456084,0.637232514303323,0.66874694543297,NA
"2458",0.935387479950327,0.898835961605371,0.815056066498153,0.88272027498666,0.979590510635514
"2459",0.937383723945538,0.95433662670369,0.754114225161349,0.837929748387955,0.908776934030754
"2460",0.864720262034795,0.878632149869375,0.776619472372145,0.845325489,0.831487099040974
"2461",0.917993612906221,0.932497012990151,0.73618848530414,0.767401360289228,NA
"2462",0.895681459204014,0.909195673798243,0.805392335336424,0.864219248773641,0.801183602926772
"2463",0.967858847468311,0.813533022831392,0.821784833143075,0.853106291134926,0.933860491627302
"2464",NA,NA,NA,NA,NA
"2465",0.974546356333108,0.895562078319253,0.851717672802188,0.921153527418029,1.03149836929202
"2466",0.946416368447595,0.961813696761873,0.722204034990286,0.830465652373537,0.919939902684799
"2467",0.956910766821074,0.752867818917745,0.716610619269167,0.845917541561927,0.908573492609563
"2468",0.79422109007589,0.812116793847967,0.854557761420498,0.899716959504714,1.02772505772841
"2469",0.895934235172989,0.924046110034242,0.62485797109604,0.724418630168421,0.80795938132201
"2470",0.945665732851416,0.95963312877182,0.778316468003078,0.850042028084549,0.966891306221003
"2471",0.845801670743359,0.833661097305381,0.748489145425968,0.817517200648901,0.941064468621654
"2472",0.956452194822234,0.963763171562348,0.916345447160489,0.812770878849755,0.906774555619161
"2473",0.963568069315347,0.960218682729658,0.810845945534604,0.586394954829837,NA
"2474",0.861493206809424,0.816635989698074,0.836513101178658,0.895838034413294,1.02275068483835
"2475",0.971344801950387,0.948977600680696,0.81030047838645,0.897721849108389,0.963291476176952
"2476",0.960495717709375,0.941531172941069,0.881750345970349,0.938069223195117,1.05194448003555
"2477",0.904366977143581,0.922113003787709,0.959586543760809,0.851152712562761,0.968989261737716
"2478",0.943474711658799,0.960582528934029,1.00626287531761,0.94533008027183,0.991562614610925
"2479",0.950199992753757,0.898818355888369,0.637462875393889,0.713733783045768,0.839783140148385
"2480",0.960597004828609,0.97483905460946,0.84177793220292,0.757435264558823,0.89121093242049
"2481",0.954249812073443,0.946954047444065,0.927937073128433,0.935410041798348,0.966716363821031
"2482",0.917674059179498,0.927987229899323,0.759591012687615,0.801832097455742,0.958582744745509
"2483",0.938118759574678,0.862227548626393,0.808019126736546,0.877080835689825,0.999166400805277
"2484",0.955568266669323,0.967825755806887,0.817699989562505,0.712540190536472,0.862450631514986
"2485",0.867635287169857,0.873953104558801,0.905697920802722,0.956023549729425,1.07112200984608
"2486",0.936253973028723,0.94822120287828,0.697799318321708,0.749496975119864,0.92301748720361
"2487",0.950777531601921,0.910113357490857,0.742416033664964,0.811329920955389,0.887932655156185
"2488",0.958897284878522,0.977627844999417,0.747625686148297,0.819699405776324,0.955245193703676
"2489",0.956786255745298,0.875719304966667,0.730531828602654,0.791364290344797,0.851215182897266
"2490",0.894746984819575,0.911969086004278,0.723951746255091,0.762950373231167,0.896301768089329
"2491",0.96632730137268,0.969314566126576,0.818415826838231,0.846762380740152,0.963966894396296
"2492",0.930041430025042,0.944807743381549,0.745026447913617,0.815405747569938,0.8872899082028
"2493",0.919105709312762,0.930231409243936,0.693132766117638,0.807288079060477,0.911006095469838
"2494",0.959995816344433,0.972673348092515,0.822233343255819,0.886914949570196,1.01227981967433
"2495",0.935422037707147,0.925405091198335,0.802612175740172,0.882098395196491,0.989885220645335
"2496",0.929729651786721,0.951842006252755,0.746043741501451,0.798589494298496,0.869623448252275
"2497",0.95754446126014,0.972927147629209,0.719141554586443,0.767024584275445,0.820365806218182
"2498",0.955164104128641,0.731178606249617,0.792086210881165,0.87296752383859,0.89174521652777
"2499",0.953151256148164,0.920196443504415,0.788020814098061,0.78428681199154,0.909635704985091
"2500",0.962473498877253,0.806155613854808,0.858200908088278,0.788161078806252,0.896227263654387
"2501",0.899187666577121,0.913187992838022,0.75670043381863,0.655434037562624,0.83080025933502
"2502",0.960392018995588,0.970982578619994,0.87591375739621,0.871431792963123,0.752256142719114
"2503",0.96765501527571,0.9328036918026,0.849059884020241,0.929478704676163,0.821770085005273
"2504",0.924090510261033,0.941441530505676,0.737536968284085,0.80871578977722,0.937097787463939
"2505",0.951258699081244,0.916760905986383,0.633380765285995,0.715493713830916,0.850721306986252
"2506",0.850099415054194,0.838975666381663,0.833307851916419,0.856359187374164,0.946602298267541
"2507",0.949546300012624,0.964805654502295,0.683032014607326,0.746700061309325,0.880352611987415
"2508",0.95660180658436,0.962638213082712,0.652127389628491,0.758384635285419,0.870107016912458
"2509",0.966507831918195,0.976528485442769,0.884423870536162,0.864638169755144,0.97228684685802
"2510",0.945147138855789,0.80151857397514,0.866672682200597,0.84411616804354,0.951667123178177
"2511",0.915041403910285,0.924946185828252,0.747191690807966,0.813955318981676,0.927380823997582
"2512",0.971189625840184,0.972959962048693,0.812863559612608,0.857483884840488,0.99424422295894
"2513",0.912350908534342,0.928036737839308,0.703180902757432,0.772963252090393,0.900215057356301
"2514",0.96593648688943,0.984966478518846,0.680181104268456,0.773051089737995,0.816272975559614
"2515",0.97179514596481,0.989591248016118,0.783094298925603,0.568536233593505,NA
"2516",0.956851442899197,0.971917881236776,0.731333432792287,0.776728184853254,0.899154845242322
"2517",0.954316154170723,0.940711307325477,0.724868597759604,0.773447974463159,0.909022640038034
"2518",0.95361789495422,0.969870927755529,0.751396946066641,0.828887556681469,0.917927017175782
"2519",0.949285287803402,0.969693048610525,0.84725565365638,0.892073173447406,1.01922085458327
"2520",0.957720769626701,0.977397512279565,0.937810122076379,0.726405269660754,0.839358945955637
"2521",0.956495587778817,0.953779400853679,0.754750835555345,0.783564119444905,0.890031726665654
"2522",0.96932386032855,0.917639640454245,0.570643640922725,0.654526375370825,NA
"2523",0.951555350699089,0.962203068149012,0.654678787294707,0.752641764553636,0.855080092627228
"2524",0.911502645349471,0.716653593693732,0.738123923517877,0.836820477228098,NA
"2525",0.906697313028861,0.916966157255232,0.859588075303526,0.908695762058956,0.931942362791329
"2526",0.967487286714134,0.986478805200423,0.806519642450086,0.816868541085377,0.91328211645944
"2527",0.865790569345558,0.880719717718485,0.887891958864156,0.720737555801561,0.85433957169043
"2528",0.911379556589198,0.924813601035311,0.722362874855276,0.824299643367422,0.896904148372009
"2529",0.926481866700552,0.950562061807615,0.788547038115105,0.796402594909472,NA
"2530",0.929859248118941,0.941754486888028,0.930330042797545,0.970631599969193,NA
"2531",NA,NA,NA,NA,NA
"2532",0.879751066015759,0.898471059288368,0.704463336562075,0.797590710121794,0.935761268938659
"2533",0.979199942367784,0.985208888156315,0.729957095151832,0.852818367069953,0.942241030640277
"2534",0.833174523676944,0.851260355699725,0.608570074202417,0.726733582969734,0.846690055837199
"2535",0.95208475953692,0.948942096973119,0.80492116857768,0.766244547914013,0.847570849231326
"2536",0.934684193382817,0.864473660648951,0.899332602456441,0.876679630388138,0.688406436726553
"2537",0.94964177534266,0.956077520073096,0.897761627615957,0.980226190265111,1.05981082211533
"2538",0.935435105197846,0.84829689616971,0.842533275600465,0.826371670815173,NA
"2539",0.87132950458479,0.891730316086784,0.792448635937692,0.843077014859753,0.962131709125722
"2540",0.974283133577736,0.967964637021966,0.793527309721225,0.881972193137194,0.903550079445861
"2541",0.959946806700039,0.977318449609645,0.932656354755335,0.891595950569382,1.01377736162056
"2542",0.962127176808504,0.975086698138308,0.710483582376603,0.734601535094904,NA
"2543",0.972174452558914,0.972158328925479,0.771820858264201,0.843109019103043,NA
"2544",0.878268407118231,0.883683668638931,0.692043725726528,0.673188770416335,NA
"2545",0.946758691827135,0.814068417502754,0.802084910664757,0.709695954234003,0.831739545505558
"2546",0.959211712992659,0.961002992223127,0.691866686923988,0.770224026079211,0.90675945777601
"2547",0.957012492586561,0.841339487411874,0.777033129103484,0.854747562646479,0.956566344043897
"2548",0.877998030362957,0.846925154027389,0.820059031169832,0.880183363464051,0.801519280792627
"2549",0.905384766521522,0.916948599608189,0.71863550102913,0.811656721348914,0.904544752642737
"2550",0.965964000042927,0.918038807350756,0.863653229559269,0.932643903932162,0.942082650145952
"2551",0.969051798576741,0.758736592684869,0.654447899253757,0.75846727374026,0.880528745967086
"2552",0.919903642096925,0.929692233570362,0.646165422117235,0.733745872682438,0.846351653708658
"2553",0.944402999393618,0.911041617924998,0.775726319283383,0.856973695980849,NA
"2554",0.956956765617801,0.832069915258727,0.861966309914718,0.838382313913656,0.957451658411516
"2555",0.910499775908376,0.921980585990567,0.742387280172188,0.809837962163681,0.931145807299527
"2556",0.91647052934132,0.940357431509599,0.708184095638932,0.773431898718639,NA
"2557",0.972407085827704,0.972014863667497,0.996525712725376,0.878927131179288,0.994284574878532
"2558",0.949150966285559,0.959829597805173,0.84463180900023,0.838365254903498,0.951612809996976
"2559",0.961689283521969,0.962412695550683,0.848817075284976,0.815542167600848,0.95110268660427
"2560",0.816581386451946,0.82668201458269,0.675812701694332,0.773803450491813,0.885762679085455
"2561",0.967922055220081,0.963418176879433,0.74753386964162,0.762092342899647,0.877942096227904
"2562",0.942116894634711,0.959907481416064,0.873874337986933,0.805567484406031,0.789825060440025
"2563",0.981737382502514,0.720310538895504,0.688394944709187,0.77411669199563,0.87039842557647
"2564",0.972713381244968,0.986781027621207,0.743861741264059,0.84438818215109,NA
"2565",0.968686372446607,0.986273693073167,0.765646999913829,0.84114247885991,0.964868251754067
"2566",0.879739209573114,0.898889186192427,0.775089453281665,0.827784807104683,0.968903682053675
"2567",0.960242692082601,0.906184615276149,0.770504958358287,0.865293612193671,0.755840901540397
"2568",0.902914970200167,0.900267353794149,0.762206105593376,0.837520507056049,NA
"2569",0.95375792319543,0.771690644192815,0.646862572949059,0.709519138432558,0.864705536533014
"2570",0.937999197810728,0.953456757799273,0.778992095856811,0.78135538471968,0.909032846114626
"2571",0.971310178692362,0.843405271537682,0.845869123023998,0.921964527838724,0.726902426720901
"2572",0.880610738658803,0.893092258684358,0.823418388287687,0.896598806352514,1.00837590085092
"2573",0.957640012126594,0.929324662044607,0.790683000529989,0.806188594065476,0.888336365047231
"2574",0.953598096824591,0.966769309742486,0.699467542358766,0.803235384813999,0.909777412456411
"2575",0.925048897839292,0.916717771461098,0.827078360168023,0.849305642275429,0.932576201219532
"2576",0.973876435920024,0.971609651812057,0.920768141587724,0.941730674067475,0.787956485801523
"2577",0.966391372540961,0.983446537362555,0.882881089843658,0.963967756294471,1.06086924159843
"2578",0.965130336858736,0.980748683015226,0.803674809351616,0.869326304364748,0.983106847704479
"2579",0.916791202873749,0.927111912137972,0.663094007589345,NA,NA
"2580",0.96233605466761,0.941475574352873,0.93862408957685,0.597043545712861,0.758984461934661
"2581",0.973711611474539,0.980454128986633,0.727322508260376,0.779751629395696,0.902765391446721
"2582",0.942499386754531,0.871639690736908,0.661643135139593,0.73676787756971,0.910335476504378
"2583",0.908818794833866,0.927475117452213,0.809732921415146,0.89470703728279,0.996316896481121
"2584",0.962136555456335,0.974237140971972,0.660123138226834,0.733025481423137,0.874474360774011
"2585",0.971093483241879,0.974548340245656,0.577830569837319,0.656463937055265,0.793425027901499
"2586",0.925271060738631,0.944139979519189,0.637175470958655,0.720398369201187,0.875233897410919
"2587",0.864253406743889,0.881101052823667,0.800140334163505,0.874898633864686,0.823508607681621
"2588",0.964080401879449,0.970864285649245,0.683342255810903,0.737461247515558,0.872501503478235
"2589",0.957493209117128,0.963733438762591,0.864361045307281,0.925175628986865,1.02801330669666
"2590",0.943539070821875,0.816503377131959,0.691434637930947,0.757283012432369,NA
"2591",0.941906314572085,0.95430052647412,0.78639281267049,0.844949636172506,0.982150714793409
"2592",0.972989625634682,0.895118712090711,0.804191756736952,0.871752633957012,0.984528165099251
"2593",0.874915925242425,0.896153405849626,0.692546356006351,0.786644631823635,0.837912348665822
"2594",0.942467089258339,0.778425350183779,0.706206976574052,0.78200385861925,0.799513769677511
"2595",0.960540434596576,0.885719069467484,0.7775830319925,0.846026838429267,0.978122224372083
"2596",0.939827163984027,0.946795907416926,0.788059089093914,0.846038561287186,0.960453868094707
"2597",0.966757563792927,0.977134132558858,0.791024411629263,0.857809896649657,0.939475461996393
"2598",0.848687390310152,0.865554285496503,0.915828879125034,0.907474928376283,NA
"2599",0.965440377683685,0.817578401023046,0.802946101401298,0.848720679804755,0.956805335405001
"2600",0.791010770500337,0.803377759654556,0.78873399088107,0.837151370279349,0.954138351493957
"2601",0.952441154251488,0.969901791193152,0.740495273850093,0.805383144707888,0.933952527005908
"2602",0.969458204388149,0.984378667831434,0.73598525215027,0.817362423429104,0.861186307836972
"2603",0.971872759936519,0.986171717931512,0.918562307719142,0.821462966250105,0.870117656082834
"2604",0.938918391191303,0.957932668236529,0.939639657835224,0.85378107345332,NA
"2605",0.941486771676757,0.962069623312074,0.670314109778299,0.73363850918419,NA
"2606",0.972578616367424,0.960679289717955,0.744657778630314,0.801559606970996,0.91662797699852
"2607",0.949630379824241,0.83659159267435,0.726489529611401,0.794047019210162,0.940479090478533
"2608",0.897218834276855,0.909145662657544,0.749686677780679,0.831985399085818,0.942750673139677
"2609",0.976588983872645,0.963033804755402,0.710115831614057,0.76471161413778,0.905757030229655
"2610",0.887636065251772,0.902915256814598,0.899451932260407,0.882936507610892,0.928418589398343
"2611",0.949143014691502,0.97395865203122,0.938048499441109,1.00541320055206,0.956759906783138
"2612",0.960279773515437,0.977019281939116,0.767302913247264,0.732415317446908,0.851824270420872
"2613",0.974407648971714,0.978397911757539,0.864601573998711,0.703692350180251,0.816494675893656
"2614",0.89921820834097,0.87426093019882,0.620225871578496,0.715345801241351,0.83755139271299
"2615",0.952393351115621,0.911399234219664,0.721556062057195,0.766142841836359,0.906049603607573
"2616",0.974749755520083,0.96608525073762,0.744743239851833,0.837445183249605,0.862807764731044
"2617",0.949746912196205,0.955884755082367,0.711502242140555,0.768949587705741,0.907049275767143
"2618",0.970199925924403,0.946437783999199,0.806324442390024,0.852445973760017,0.94732733658843
"2619",0.857997292950776,0.884002930218125,0.864912469832404,0.828306411804817,0.952188091448083
"2620",0.906485884656588,0.865887046445336,0.755323881531173,0.845103953010012,0.775736183547287
"2621",0.964327408790107,0.964310732733441,0.939876726545622,0.818349998735037,0.950064594884704
"2622",0.964690778845101,0.98178062433049,0.944760505087903,1.00608760917064,1.11318135142757
"2623",0.941635927685662,0.958485773822903,0.851941226074646,0.919899355247694,1.00784211854679
"2624",0.941059895222689,0.960303208447799,0.872802425521026,0.943199868837778,0.992055195676273
"2625",0.959901566978143,0.89147267225057,0.839223263576792,0.856313645776342,0.833412938821398
"2626",0.897982993956513,0.782078225201381,0.637661616596126,0.738411043350339,0.84033034632688
"2627",0.967943641005115,0.980391770216474,0.786229209843377,0.883797669454548,0.997151676935315
"2628",0.968040917208117,0.988747277454358,0.757181318596978,0.827653691824169,NA
"2629",0.948403387167417,0.937952348400721,0.785506925168049,0.848793334553048,0.97729980310281
"2630",0.953074269434753,0.963626965586512,0.714455637121895,0.747812692847774,0.867638661921968
"2631",0.860344579822695,0.859525085651517,0.708204798663289,0.80107305083037,0.925227091689257
"2632",0.926034916731191,0.945524245582178,0.712805518197889,0.700784495056968,NA
"2633",0.954575172208977,0.965726053628804,0.627791960445424,0.730732392564791,0.85115393064084
"2634",0.963667802544763,0.921362463330028,0.75417512774578,0.779710035132712,0.889013220888329
"2635",0.905995692817521,0.915786577010126,0.640350892139834,0.747156924463535,NA
"2636",0.945399789535452,0.966178620972019,0.770308326601359,0.837856597481056,0.933544558479572
"2637",0.956374429809884,0.89574907455965,0.941651122549468,0.962300448991347,0.898831946106274
"2638",0.895029670985358,0.917856027228628,0.851989372895473,0.864065583434428,0.933507236031562
"2639",0.928226592400476,0.905666714765751,0.792521937415893,0.813575588734983,0.810420355578046
"2640",0.969898051823169,0.973425969375081,0.847317591086052,0.854217871171247,0.947951659148087
"2641",0.963896638563145,0.950327236636943,0.714427609169889,0.792201742184087,0.902521667208406
"2642",0.937054043643334,0.952753409289524,0.943506482888247,0.679747972389388,0.737414739527399
"2643",0.967857113681088,0.896991994554918,0.824186425522672,0.867830190682562,0.782069640877679
"2644",0.971341199727887,0.986161688127975,0.705266269629363,0.731822181869751,0.865196844868585
"2645",0.955485355591665,0.916224665759332,0.886559485435369,0.827681745112404,0.87903727510303
"2646",0.944854702108956,0.904605392894186,0.789637411456076,0.860447636848216,0.975935433443252
"2647",0.928740061580741,0.93441631780882,0.889430369225114,0.942254156518811,0.978070408510717
"2648",0.972698213347692,0.983935869622421,0.518550421564298,NA,NA
"2649",0.963989873872107,0.962796643857681,0.778536399681406,0.82240490192041,0.818599491672241
"2650",0.960671461887661,0.969769853521185,0.722361801941918,0.793662774306663,0.928762729798837
"2651",0.952589886034706,0.850581289214661,0.818825128616481,0.884024925581164,0.991440770370637
"2652",0.943919370926841,0.961988022233522,0.755448818792436,0.814647880190206,0.880290801346767
"2653",0.970559569016274,0.973962211612708,1.02027550007419,0.964813941471301,1.06566854152233
"2654",0.950622730177319,0.733998276631168,0.793457091082457,0.890119083732378,0.925703800664758
"2655",0.958841957573396,0.920726256354248,0.564263513829811,0.60939821149748,NA
"2656",0.929775867525099,0.942704731923515,0.70625622006464,0.783240744112579,0.844650735547403
"2657",0.95608473009325,0.969053158330351,0.838607132209915,0.849248327171025,0.970409920095328
"2658",0.901695292533163,0.909295728171335,0.71531576479927,0.739966056106772,0.866296043589877
"2659",0.950801101597961,0.851447984113887,0.77702839218972,0.630845400158248,NA
"2660",0.937168925799695,0.962391226423587,0.932860817093454,1.00118670005995,0.912033539849138
"2661",0.93164088246831,0.949514632829419,0.943073341240705,0.857751357450274,0.985670291066809
"2662",0.88581183051872,0.900985678256825,0.779832608978032,0.865618248017721,0.854652799147031
"2663",0.814780585858186,0.839129247642944,0.886084506607525,0.755874348649368,0.76842302283244
"2664",0.954326247249083,0.970022311734565,0.797187519799103,0.888427316346152,0.827491458952303
"2665",0.876417929560508,0.889955746085164,0.773219745144595,0.857241550167575,0.846586110072377
"2666",0.91707621459126,0.932565839290538,0.754806626534848,0.781730206608362,NA
"2667",0.960888786763486,0.953347203913076,0.845801098624951,0.91707182983552,0.934170575353945
"2668",0.956031701166677,0.905967670251903,0.875173938943916,0.941339586299763,1.06127987135724
"2669",0.972076176454138,0.90086436408338,0.803807261067861,0.864125241666947,0.905077646349976
"2670",0.96829289764685,0.977877933329361,0.736252804675587,0.814754180134631,0.882560995405895
"2671",0.921869214114015,0.846413914882309,0.757483863461718,0.848664453983186,0.885441096086597
"2672",0.961187048824006,0.806332507490188,0.821835819901727,0.88446527520275,0.974292972929975
"2673",0.907212698972204,0.926865571266907,0.789563748104998,0.877255164842607,0.834641728444615
"2674",0.972976827281061,0.933461749143306,0.668367224218457,0.74281998036858,0.821502642653694
"2675",0.959223459775367,0.899821988228415,0.689770095889049,0.778773271379841,0.909882160834838
"2676",0.985054931716465,0.980838881189675,0.758481720452856,NA,NA
"2677",0.864456427655623,0.888154119743007,0.903633441365221,0.826617081546238,0.86576503146425
"2678",0.979527755067711,0.846319131545703,0.696236357666248,0.757708982948295,0.907572078347278
"2679",0.96381945410817,0.912777620300241,0.748911764295918,0.728683767897447,NA
"2680",0.874900551764035,0.899011044188478,0.728705647540996,0.796797469037659,0.809143617073501
"2681",0.959202489153385,0.971007773410068,0.737036168761921,0.806664670871145,0.934309735046308
"2682",0.970002845087925,0.975169670763197,0.714818858778801,0.788866409810654,0.8780455593392
"2683",0.958393079734496,0.850030099013559,0.722501311507786,0.743983963939365,0.871133718719494
"2684",0.946412755871252,0.836800256647332,0.751105140305332,0.808559555405443,0.910305633085735
"2685",0.947951543192661,0.919316186799117,0.802503813350171,0.861410741435982,0.970879978198452
"2686",0.857277442757856,0.879353583030944,0.686805333041057,0.710375359045819,0.860864548166575
"2687",0.96698770040294,0.976785798377359,1.01255276945045,0.795478901763131,0.939851680671343
"2688",0.95061814159637,0.882420834193737,0.666784890672538,0.72951345573729,0.843875354522236
"2689",0.912186528023763,0.924385883456001,0.749597275496323,0.842319760403552,NA
"2690",0.864124429260931,0.895067282072773,0.927634838052332,0.963791146543051,1.0445363780349
"2691",0.959543582583064,0.914578334684193,0.687510242248668,0.760579028211001,NA
"2692",0.973261001859232,0.762967988046414,0.789923362387967,0.846649742237301,0.988877147564918
"2693",0.935062652560243,0.948565644590587,0.747594042925637,0.821029429094072,0.931248398894358
"2694",0.976271096399364,0.923238601897729,0.615579774698179,0.691866709932981,NA
"2695",0.914061271585155,0.924402962543017,0.790191984901715,0.851452040323407,0.964500526555715
"2696",0.939283973996186,0.839598278953115,0.892124864716892,0.960655649000245,1.06804864638411
"2697",0.96285063753125,0.977189106845503,0.639955696050263,0.735293590788096,0.879357426801405
"2698",0.937973308497623,0.951464059976661,0.985925585979411,0.738652004073082,0.830189324944042
"2699",0.962646675948295,0.975519844856722,0.759090487694293,0.835621459970485,0.970116866369316
"2700",0.953142152430125,0.813589545971163,0.750020745965511,0.793412370357267,0.95253107140258
"2701",0.945679089435585,0.926881726803593,0.974282264029989,0.909897775942113,0.987860935142074
"2702",0.914927173560738,0.918657838724268,0.636144288914058,0.729356900254161,0.871783632131001
"2703",0.9685534902413,0.992795914145946,0.743690079431076,0.847426412239588,0.926648486917215
"2704",0.89036854679369,0.861338508257718,0.688082582713903,0.626164844982646,0.779558123693251
"2705",0.965851818388525,0.902226176097933,0.729117043694632,0.767032608592446,NA
"2706",0.960735087968828,0.901932350324835,0.786251601899648,0.8447964399722,0.979685412038384
"2707",0.957620627563481,0.96488215786223,0.936322648122978,0.813705319719462,0.941679290275906
"2708",0.926365392277491,0.950537381826415,0.816013818647275,0.821149656598822,0.934064332023922
"2709",0.846414731244244,0.863236965518409,0.853871986520994,0.910434771860151,1.00561848110153
"2710",0.915041105293933,0.844208593512596,0.716949131521529,0.772393012966774,NA
"2711",0.838959153074287,0.855627432389535,0.790397503992388,0.881673665550305,0.979169050653699
"2712",0.933154984498809,0.908741940816248,0.826313157130777,0.891120805003107,0.826144991147937
"2713",0.903757822828239,0.838477310162317,0.748295575594107,0.746868254286111,0.87148572667538
"2714",0.918150601905958,0.932828718797428,0.994346764321221,1.05348169270561,1.08486814585721
"2715",0.955202078877843,0.879444876941279,0.708361058283281,0.808767047566496,0.907761279025043
"2716",0.899667172885636,0.912732984586093,0.700009149692275,0.802041830957377,0.911486299588852
"2717",0.956087714356628,0.916699329534815,0.74333796177389,0.806835402435969,0.904172765701915
"2718",0.967403013221462,0.882270414428174,0.772673254236043,0.859886718117506,0.977080293876079
"2719",0.937309029841877,0.946591920685325,0.764090406184105,0.719703055272438,NA
"2720",0.977021960777211,0.973925490216721,0.829786416609856,0.915135134791534,1.02087977353231
"2721",0.969392589304048,0.863052974395927,0.802265896488492,0.837761597550516,0.955096918175364
"2722",0.960465805316265,0.967602702994847,0.684313170615531,0.748475130705443,0.885076031346994
"2723",0.965020159041046,0.979916762433211,0.869641324710754,0.864341345173763,NA
"2724",0.951037684386951,0.845191233423528,0.780757052265078,0.819249319100614,NA
"2725",0.96791385607281,0.903622107684001,0.729365639530171,0.829376259343959,0.866979760399806
"2726",0.86893380684573,0.882847352392579,0.755432196312282,0.83814719110908,0.952642095330802
"2727",0.966815016779744,0.981755596209238,0.763643902609323,0.848658433404163,0.946608919446509
"2728",0.936687726163126,0.939711869728806,0.707325167795012,0.769003582180255,NA
"2729",0.96171250017487,0.974300183732862,0.901628513298444,0.978227495983367,0.957786894616102
"2730",0.976234149945009,0.989461604544793,0.796604412778695,0.8303469462565,0.940445001584712
"2731",0.804425499284604,0.830893282745069,0.831325473868888,0.901008389138148,0.964903816959217
"2732",0.967351005754005,0.900767835975569,0.798919735824851,0.657197336455093,0.817587151722258
"2733",0.922012739046198,0.947141515120763,0.603379246953115,0.703425725035391,0.819517583338699
"2734",0.938912389713938,0.929683272008241,0.862854095096771,0.926107116204288,0.880211455181683
"2735",0.960657053927383,0.894170662674143,0.724787448579703,0.797279485030311,0.923204498649935
"2736",0.972971422307546,0.956035829367393,0.849528463713717,0.910794101399721,NA
"2737",0.9209483045399,0.938651481213306,0.764785837037726,0.847943750821852,0.94220633967156
"2738",0.956508739953781,0.906161325890689,0.729453148545049,0.803337596936189,0.93784377909099
"2739",0.900853696569072,0.913500431804955,0.848907201244685,0.814372824282816,0.926529163538579
"2740",0.98872750788033,0.874209567152292,0.86950703052172,0.944881559204905,1.04917937741174
"2741",0.963644322230526,0.9073852623649,0.758717557971608,0.832362464166204,0.936057206509109
"2742",0.966712059539648,0.960938479986882,0.796679831488631,0.846413737400387,0.926428003206423
"2743",0.9779134650366,0.964406071506165,0.73545908378029,0.787935702600635,0.902981161682471
"2744",0.961030343159471,0.970870552467109,0.627374140956079,0.689249846218911,0.851455831831414
"2745",0.910318565454854,0.934288092560797,0.631418465226638,0.740054797087057,0.85086867821395
"2746",0.979536595287274,0.992395715234009,0.903761373384813,0.95128854232434,NA
"2747",0.941522737399557,0.912652087315646,0.667527770551536,0.729730071666453,0.892291207772842
"2748",0.965299146034104,0.881620359325198,0.675289458419037,0.756078198758067,NA
"2749",0.945707174412812,0.898137958222568,0.777427297437531,0.842179505382102,0.949842272400767
"2750",0.948259824073883,0.878851422156046,0.767228606715635,0.841542179728034,0.743052944134352
"2751",0.952918042993847,0.828799579685114,0.768400768927582,0.735463544441197,0.864151683224414
"2752",0.934852583087184,0.889742560266525,0.842076509964464,0.840523332606519,0.933680972102086
"2753",0.861563286979545,0.881274332713446,0.759284644938771,0.816362723605168,0.93199882877267
"2754",0.965079907087959,0.923953241001822,0.790126027939687,0.801000947089192,0.931990326818679
"2755",0.938316100268189,0.949375027925505,0.792374490147554,0.856411878949371,NA
"2756",0.959321935227213,0.90077789889808,0.7043269107754,0.776492456507586,0.887847181907631
"2757",0.954112733856697,0.96401580370417,0.835684033940077,0.752260602769736,0.670473352555936
"2758",0.947871883297295,0.962230326882843,0.771278296059726,0.802436373511332,0.881389889088267
"2759",0.973518385793736,0.967322359487729,0.634505736752616,0.682264527678075,0.822530253099932
"2760",0.954253795693704,0.805955611462338,0.850855844170854,0.79562487119801,NA
"2761",0.94149631150893,0.95440792882,0.722115826018577,0.82853665971033,0.847856142597611
"2762",0.894201423161364,0.905139120681116,0.794634871808012,0.811800071240032,NA
"2763",0.899911108268987,0.907438722391684,0.800784103594936,0.882406266737922,0.770377154777487
"2764",0.940468156056045,0.962326265025163,0.711311739910004,0.770039471922963,0.880603570892461
"2765",0.876886246159122,0.81323747610995,0.868505702790604,0.917690456141988,NA
"2766",0.874100575436928,0.816093718111866,0.615484438288977,0.734710122888698,0.828662568104213
"2767",0.964403199176928,0.828857764356194,0.874077538743009,0.911609436175071,1.02328911208719
"2768",0.960317418067732,0.819417721915436,0.727131910778734,0.7788556824038,0.918651774620904
"2769",0.963794469131754,0.888045084948125,0.703432193993759,0.789312510301243,0.92204471826676
"2770",0.889761093474337,0.82013468399843,0.73791484033505,0.781771112069887,0.819136974199457
"2771",0.958714351162386,0.948189735912433,0.70520874454862,0.780769659789722,NA
"2772",0.938167997999112,0.95799568096385,0.709190374993618,0.80318141283167,0.89545016892992
"2773",0.96740467283201,0.824777417330449,0.824457522391289,0.898907872555,1.00846270988335
"2774",0.929975782721649,0.766840124927386,0.57700351907755,0.691159429263946,0.806975847197863
"2775",0.939124608820545,0.883031062040302,0.76409640038316,0.828125558692931,0.954361944914469
"2776",0.961035601110953,0.920590141901862,0.849678595030437,0.909987775218535,1.01704240574332
"2777",0.93793459179329,0.918880192963725,0.698111616037832,0.702238777530962,0.831422838175823
"2778",0.892241195037391,0.914546465818339,0.809227307350292,0.846252827434285,0.980580862396869
"2779",0.900851893264922,0.91628313827615,0.702369953334062,0.789088424863104,0.918224174787943
"2780",0.955078801689042,0.930764924548366,0.698020692577577,0.770327273196008,0.875967074154585
"2781",0.86596277055536,0.884659229787504,0.794216244071247,0.862984679584967,NA
"2782",0.91810961444868,0.889463232417365,0.671461696282179,0.663592349308898,NA
"2783",0.961891343445303,0.98138386481311,0.814062387081424,0.842867092989519,0.93765024331904
"2784",0.972298544854667,0.973719681388457,0.69322289844679,0.750069447566813,0.881974785381484
"2785",0.95707147587376,0.908928738295999,0.883606186405663,0.809328607743562,0.923829423310529
"2786",0.971367122280305,0.978125131473355,0.795025915949671,NA,NA
"2787",0.957399395814584,0.958390331935468,0.692123267467545,0.739737614864723,0.895315546935708
"2788",0.945892053734192,0.943888080170153,0.732516063132808,0.817948802831491,0.884100092625693
"2789",0.914538792306153,0.920229813174801,0.885834011820361,0.760089926593808,0.892841327313785
"2790",0.950704785210072,0.967274102291823,0.79314344125668,0.855598364582902,0.95200990908793
"2791",0.967471290446572,0.98259162585087,0.720207900772912,0.777183455987564,0.905222862350723
"2792",0.976300338657341,0.892992243430556,0.727404433680797,0.825138964998228,0.947096583343423
"2793",0.985062967801743,0.953320694063981,0.6970160454398,0.739331340055277,NA
"2794",0.923841292163578,0.93450207436812,0.883603538191589,0.946263245493312,NA
"2795",0.962353235741913,0.974740223765697,0.865248067122696,0.930002297338116,NA
"2796",0.909773160965563,0.927128854662097,0.860991609003803,0.747542192013955,0.856530231138808
"2797",0.956079797476224,0.971932750373085,0.782676477731673,0.832674542849151,NA
"2798",0.920068235537976,0.943689246149316,0.759796717552224,0.840064688549619,0.948185063834015
"2799",0.957095891639754,0.828065664550015,0.803447798964414,0.840516509388264,0.928384986008453
"2800",0.894187387601309,0.912725184391986,0.691941509942948,0.755412580032554,0.897247723948767
"2801",0.962510262727513,0.975361069522755,0.914754061918522,0.893234385608271,1.02355938413236
"2802",0.940162592573355,0.849277106846941,0.721394445139935,0.774490418748441,0.91845456781089
"2803",0.931536952950528,0.942356911040465,0.876130505410068,0.854797957120503,0.967882131811098
"2804",0.929000986990686,0.948154421964268,0.775047670985506,0.846479479929563,0.79423575414228
"2805",0.983930035552612,0.80059018864273,0.841678403435977,0.911425304822874,0.899610763306156
"2806",0.929748825780074,0.943678203483034,0.829734436625181,0.817821330322892,0.794243599352315
"2807",0.960526781564857,0.97573182286395,0.662923180441542,0.729607473843868,0.908050259071267
"2808",0.959631974612172,0.976135550147282,0.838326641341296,0.724101897240547,0.88327182910078
"2809",0.924574398092658,0.935583273287581,0.851618623994042,0.884692626947617,NA
"2810",0.827246314150345,0.839248684132949,0.722524779878957,0.784358791610827,0.910398717508668
"2811",0.958590945210711,0.855468241187402,0.677398991406442,0.773273312259444,0.876691776956508
"2812",0.822786861503427,0.671544519647768,0.713074903918876,0.816600719064999,0.941363197195051
"2813",0.893230655339231,0.892606186369541,0.693214286419989,0.65375800456035,0.783685126591251
"2814",0.959152733752215,0.958811236387343,0.758998997521383,0.823539966833164,0.958354378718048
"2815",0.964400675993337,0.973525997586236,0.83301932695882,0.925911801958119,1.01984927786157
"2816",0.919250772340274,0.926174665700214,0.685106904891719,0.76610999910316,NA
"2817",0.943681737686996,0.955246671686997,0.824376487174948,0.8238306923475,0.959568058155914
"2818",0.968301561491908,0.77557628131486,0.789355445684416,0.84642097961212,0.965569702977045
"2819",0.902133290302651,0.91038705878957,0.820998246735822,0.895809117446725,0.982016306462287
"2820",0.928298079884903,0.94524899337525,0.835685155015091,0.91975553755125,NA
"2821",0.842987506387068,0.853531344988876,0.73171897078632,0.787988386796932,0.910502490289936
"2822",0.916054501814637,0.927022936634787,0.793394835981969,0.85595287691244,0.796123909840185
"2823",0.977173115022735,0.97501500233034,0.924971343566686,0.99266690547417,1.08102424133017
"2824",0.932868563735297,0.868978105350155,0.65012064143984,0.743198180550464,0.834295460201477
"2825",0.941686373109722,0.956853325160707,0.631138853403591,0.698349333445175,0.825155454395152
"2826",0.959932939557961,0.903595929400841,0.759457611402954,0.839676888892789,0.921030742547672
"2827",0.950595401746585,0.950617542057648,0.834349327559433,0.895490834901079,NA
"2828",0.891666758138874,0.81401374990713,0.724540983438018,0.74406495924524,NA
"2829",0.850787129326448,0.873692295567007,0.926033566177653,0.909145671471798,0.989251413489276
"2830",0.928112103387865,0.934149691970782,0.770830816286507,0.841766683162939,0.94678673330275
"2831",0.982069111838097,0.966460109494983,0.933069175144836,0.995751489529375,1.03297804377567
"2832",NA,NA,NA,NA,NA
"2833",0.981869338948885,0.858820985503776,0.702966421082194,0.770283315738348,0.924700243972714
"2834",0.945031580729649,0.919764418397849,0.914833012520924,0.778464715893913,0.910066683245212
"2835",0.938568015413085,0.949936842684024,0.675589624377892,0.748683584314772,0.845197790067166
"2836",0.971252439686159,0.960701172063748,0.837130644230186,0.916669565013386,0.781970330142534
"2837",0.964464214031647,0.904878713683389,0.679629648570468,0.772342042198848,0.873805798299089
"2838",0.950406154247862,0.829518095846448,0.79741552481106,0.878991857375312,1.01290803984906
"2839",0.976299966714366,0.974099047831608,0.860284878618336,0.906059912882082,0.835659979399558
"2840",0.89850913929906,0.911441489073721,0.763099390207122,0.858676845040722,0.789409146959372
"2841",0.954821619460649,0.946870242003112,0.854576860281011,0.958123676144504,1.01968661054049
"2842",0.964083598689466,0.950714715368328,0.842143785608685,NA,NA
"2843",0.947317214161646,0.908770248726525,0.771200343091096,0.829402122738257,0.957872163651011
"2844",0.974607835385777,0.9810256710062,0.779684164144126,0.852926289850434,0.897355084967253
"2845",0.95830113588369,0.777891631889679,0.720366891600721,0.78488448171939,0.929323948961991
"2846",0.939145729688445,0.887289929167715,0.805353816010162,0.860585668997614,0.956593799809349
"2847",0.966161023799577,0.869287844049952,0.80143833636483,0.863854130310559,0.970204659253063
"2848",0.976597881708941,0.947209487374456,0.768886841141461,0.848260180119925,0.90358528386711
"2849",0.955596257274491,0.964439211332849,0.933451213101319,0.807281988028488,0.912079888501229
"2850",0.963816673867883,0.960941427433758,0.771963051645334,0.809079752587906,0.96201971932802
"2851",0.957939087753172,0.970506833275292,0.874661339932481,0.727746072222815,0.852892548293862
"2852",0.914645690826451,0.933107897641118,0.83966492196865,0.903703678854038,1.02180943661934
"2853",0.958183889892709,0.91913677027306,0.949390840585732,0.919777507666568,NA
"2854",0.921845922725061,0.941940585300349,0.745906234793489,0.822946438145836,0.895629725340266
"2855",0.951553678581552,0.854822198177234,0.68933969153335,0.759249151088605,0.898139235256367
"2856",0.949555183436023,0.968276128989029,0.752189282443034,0.829849720421114,0.781208878605506
"2857",0.955426115367,0.939180981037991,0.975377744408664,0.721896515960948,0.828139971976964
"2858",0.964365128443099,0.973936674003003,0.744586559743702,0.833254712332352,0.947335423500955
"2859",0.946544952503214,0.967280561656365,0.738318274294768,0.827750858943517,0.857687040599754
"2860",0.844452019590097,0.864427223915101,0.915095873610917,0.876648749061809,1.006838521483
"2861",0.872639788795227,0.88325863825971,0.893491806907313,0.894265954261378,0.866382169062381
"2862",0.888054621254701,0.899456045738763,0.736590685506642,0.801490579589601,0.83558036723445
"2863",0.894937296190099,0.883048492711269,0.803807087929557,0.825335360891171,0.961022599376277
"2864",0.956018148235339,0.903508684005813,0.809368906827934,0.884692315965508,0.988995945147393
"2865",0.956951878149026,0.901401217123395,0.766960098670182,0.801309502936996,0.895328565606715
"2866",0.966410678236526,0.980056901435338,0.858980682391494,0.736844299257472,0.848693157002645
"2867",0.895870328819874,0.91085626904467,0.835019803333475,0.835956562493339,0.86085389021083
"2868",0.949867554528628,0.972636122658757,0.661811903458129,0.743851025154056,0.834775103670204
"2869",0.951088867062983,0.938850324416555,0.803340761257267,0.864075511428656,0.940287255892377
"2870",0.958755330712668,0.891109447643731,0.958100860906305,0.896769517185179,1.00131018611216
"2871",0.966723330613989,0.97940341853655,0.946871791388787,0.788613991876352,NA
"2872",0.928388061241077,0.938323597402574,0.878435305574299,0.859013809848862,0.850657981406379
"2873",0.978818240270263,0.90870389946019,0.765624576822092,0.861068807591764,0.926269851141025
"2874",0.840181278853474,0.799820237922624,0.774339378506311,0.844457888784164,0.95222352965715
"2875",0.95720513721881,0.945325150086014,0.983582929704288,0.822729069326286,0.947605760277137
"2876",0.915484605208352,0.926040705320455,0.915789215679769,0.879224735617695,1.00206834162453
"2877",0.96676981637949,0.893826318875421,0.824406882375273,0.871897643713828,0.82241973404205
"2878",0.872251522647859,0.886458476399195,0.808900798865997,0.88695310271558,NA
"2879",0.938143051445104,0.916637107200331,0.851464462647783,0.779136143658779,0.901829611876956
"2880",0.968150589647001,0.976079417413205,0.623601595385189,0.707165615723943,0.863413552450752
"2881",0.935073974303944,0.941194753567159,0.7024829809691,0.781462522254587,0.90714573660363
"2882",0.969276470244707,0.978693589591722,0.795070921817815,0.869677507497745,0.962672735641532
"2883",0.939061585109824,0.867921363415435,0.855816616581691,0.906665822867994,1.02828915330837
"2884",0.893995703740967,0.908494953369134,0.865040555777543,0.861187822068693,0.965647047405167
"2885",0.961960072863948,0.979975481903085,0.717940165312707,0.805273770881294,0.939122385055581
"2886",0.858635767313207,0.870803647806238,0.700960081381806,0.77365788414001,0.886399453588516
"2887",0.970198206975295,0.984017586650466,0.696149761827114,0.778441818938414,0.834005723128333
"2888",0.976426698542366,0.968508025626343,0.712879776669188,0.781955315455195,0.834225183191948
"2889",0.915875857142944,0.929395946753163,0.818037634474452,0.796921547469378,0.939644457638569
"2890",0.939315354978418,0.95334990219656,0.823221530067468,0.88924315354144,1.01109235688545
"2891",0.955150933634123,0.966182654389478,0.810021613168906,0.895553180722706,0.98897295174711
"2892",0.970705580320379,0.988074852021202,0.731726465469923,0.830313523331105,NA
"2893",0.97533174686305,0.928756515523256,0.735379022683922,0.785120860561382,0.909116401235846
"2894",0.909381388838605,0.784467676607142,0.830921385630695,0.739409415283532,0.845425294214672
"2895",0.944472722346481,0.959355874090563,0.751483945414251,0.815805621588573,0.826611365943762
"2896",0.97631388725307,0.961203768204919,0.809223731655644,0.903944348358792,0.823304229279581
"2897",0.863928586126276,0.880911432558832,0.732970342002369,0.794004113851044,0.912147221243283
"2898",0.962899638943033,0.911708039420576,0.662293444402416,0.769187543926433,0.894448980984428
"2899",0.956009255047133,0.968353783661174,0.770845054811293,0.819633614672273,0.938706023081841
"2900",0.964036585071917,0.993834138946555,0.821967786574305,0.882774341109859,0.923804182716692
"2901",0.894268034794526,0.791778798520563,0.845230710045248,0.835321974724825,0.932114807935873
"2902",0.92479002577337,0.906123553809804,0.92854407034522,0.853716918477657,0.960879834682942
"2903",0.884700286065005,0.813955113620945,0.805207698698594,0.877238594560617,NA
"2904",0.808321273809995,0.831259430802182,0.614083311736121,0.732584925469277,0.793325574783126
"2905",0.940320613415277,0.785036806097505,0.650383776053383,0.745254978690335,0.87691277052569
"2906",0.959647147804888,0.873257508866824,0.714451222275542,0.804931627167877,0.935529002273535
"2907",0.902918324084051,0.923362410371177,0.741574090290078,0.769661567459423,NA
"2908",0.898035690461673,0.912065540382983,0.780280692849086,0.841705678516014,0.724953770271788
"2909",0.862528680883257,0.797345421867793,0.651682436185003,0.742169106340782,0.881819721953144
"2910",0.916231958330513,0.925244519385613,0.798829997789838,0.872553310140059,0.885586520754245
"2911",0.871072415516218,0.88660823408582,0.759797871720861,0.828619145496454,0.836603298707405
"2912",0.871093631982139,0.879731565632938,0.669378822149107,0.771410533876348,0.883189969117093
"2913",0.975141514266777,0.95694319646488,0.748972171231395,0.827945111818471,0.958698570907407
"2914",0.90168286876209,0.846271182412205,0.889715245281284,0.792899024416801,0.907081926131487
"2915",0.935563792985568,0.932317666371371,0.804455488116122,0.895353844109285,0.988912369196547
"2916",0.971863791942328,0.892811840141087,0.750400295510143,0.767072962590975,NA
"2917",0.803603896614854,0.778748581462891,0.790847555808256,0.868981238040643,0.847990686654996
"2918",0.831148673293169,0.842993533134167,0.836698920619678,0.934014110752843,1.02103377215238
"2919",0.881920367195395,0.895518782219883,0.759486587686214,0.740141802209213,0.789784377419864
"2920",0.945404079699221,0.912889477160855,0.649500445752857,0.694168579413647,NA
"2921",0.952434817048545,0.905199123034962,0.750424792944259,0.838000399207305,0.954742524499132
"2922",0.907798150543886,0.921884877013789,0.7536710244043,0.705580096374669,0.874767048872831
"2923",0.961222271964719,0.879015906663667,0.889769758188032,0.869549454270782,0.975472648603191
"2924",0.91310608058875,0.925876442048671,0.554338997153042,0.644804320399966,0.791447421265317
"2925",0.890944491379304,0.8651959544872,0.921010757632241,0.990732753477283,1.05561381786715
"2926",0.971471817776064,0.907095375233148,0.675050799036727,0.559036423722188,NA
"2927",0.942875145091058,0.957132274703672,0.691190364702842,0.772720909516054,0.889647484312291
"2928",0.97391939566776,0.975569547738121,0.846656239685459,0.808676418206344,NA
"2929",0.93342508998072,0.85815448671826,0.719096595546134,0.779095806889265,0.890695663558207
"2930",0.91552982592668,0.934231187053372,0.783634801334947,0.637875202471965,NA
"2931",0.96240414054201,0.881373544584785,0.886714760881922,0.923882103633793,1.00510734173006
"2932",0.964437300005652,0.978973809511595,0.877862745625426,0.834243022963607,0.950760683994061
"2933",0.981087769375114,0.958684512246636,0.684216023693018,0.745403608935533,0.898110562050131
"2934",0.970528279201128,0.935458370076878,0.890105453909274,0.864209424425049,NA
"2935",0.967434003321717,0.980861458367634,0.70410484656722,0.690315379833845,NA
"2936",0.90515406100425,0.923972995610624,0.744546654766488,0.803394386394373,0.941850713230062
"2937",0.909123791104828,0.919444461894204,0.810502825987427,0.868908296804781,0.944978719390476
"2938",0.935596737373261,0.957546707548676,0.670536805534325,0.722021420767576,0.875009279992855
"2939",0.950626325295146,0.914290206608624,0.68389418213584,0.758747103579089,0.896675396847122
"2940",0.950033525227393,0.868612636541446,0.921157107540896,0.887185779920918,0.986376887695368
"2941",0.959663772303153,0.97810623419791,0.707414645501271,0.708524836366749,0.856571098526649
"2942",0.968094371359725,0.751972781790821,0.720683390355639,0.766495970059308,0.922297965923467
"2943",0.952697767926504,0.967231881689516,0.771653385807905,0.859369307597955,0.967414886730415
"2944",0.966536293944502,0.959456507181528,0.94038445757002,1.00153477010188,0.847869022025107
"2945",0.904541588655966,0.91050420181521,0.795867645042926,0.775557624620372,0.920648316275448
"2946",0.916096380251858,0.924961808865194,0.762743815408993,0.862450336301173,0.962274030283439
"2947",0.920995380376551,0.931858238155216,0.587841675702574,0.690366368471595,0.802948577116715
"2948",0.91530107115394,0.928276668189262,0.747274069882382,0.806880820408255,0.891750741495073
"2949",0.90788321266908,0.804653494819733,0.67970284103966,0.755802454746989,NA
"2950",0.962811754733261,0.979844611779988,0.818628294724769,0.867620679567744,0.951254679830427
"2951",0.959047224693785,0.971421705929148,0.775065788737291,0.846113244122,0.955775031134288
"2952",0.97601689934638,0.97512702460152,0.702628166502387,0.794538379857187,0.924792173959926
"2953",0.968945111813668,0.972168475751938,0.790762250326446,0.868127072598496,0.946634045723609
"2954",0.824832847152873,0.833662692947732,0.89965986481934,0.901319434984278,1.00064009145311
"2955",0.976397924095214,0.956126263038995,0.762225383654797,0.815688882544775,0.923445781063134
"2956",0.952799918602768,0.938239284504081,0.800716131454924,0.864717157545401,0.969513553979499
"2957",0.954279979082799,0.903326392895275,0.773538445524908,0.828222684696975,0.588362888484428
"2958",0.960919137333125,0.972917330646528,0.845651131151693,0.911495538557162,1.02104353495212
"2959",0.934520343034228,0.952290766077762,0.737424886587477,0.819993488918582,0.944018775665945
"2960",0.941345118199368,0.956004380805622,0.81331671753666,0.89538207650939,0.938880518896849
"2961",0.904557166380318,0.917386801376755,0.85952842054116,0.760970225469997,0.902276215689921
"2962",0.976412116127891,0.96449955852927,0.762687535758891,0.83923360631871,0.929217300546604
"2963",0.904728777050217,0.932768729656323,0.762653170238441,0.844203847536081,0.943336780633567
"2964",0.934606037322227,0.941265253808042,0.867843409030782,0.721825204860032,0.839060563837257
"2965",0.96703411215412,0.903715229887919,0.790803197054193,0.855031528018132,0.821022738859228
"2966",0.978648632117157,0.972203347177272,0.925528671900621,0.84568718401225,0.886838764265702
"2967",0.942045795596367,0.895839487765167,0.908681382725047,0.974814113631524,0.925950198705854
"2968",0.97082096979301,0.959866546222002,0.789832508663276,0.865083285673283,0.932292497362229
"2969",0.965744203137842,0.954094747547848,0.776090003884565,0.847709968252022,0.956744275593065
"2970",0.886326152539459,0.913165074640981,0.65073274658895,0.759942446602994,0.871743968028549
"2971",0.976797674701447,0.966403090746141,0.848002787530444,0.909137678656828,1.0202008149702
"2972",0.950048376231302,0.962415037881754,0.659576948451693,0.726610881087901,0.872824847006194
"2973",0.960568705951379,0.979363198098308,0.714277693940455,0.703602993377944,NA
"2974",0.915067482911142,0.911122354241867,0.956153267160914,1.01844779473733,0.989570395547223
"2975",0.967743784225434,0.898583435254907,0.728432547622955,0.797336858487207,0.922171204854468
"2976",0.927387245462778,0.935948857684626,0.64717967390963,0.743971601735099,0.859922133103698
"2977",0.96933196022897,0.858896700168363,0.651758242986918,0.717367262960284,0.872854508010402
"2978",0.879649356057489,0.89105990500089,0.66211959224709,NA,NA
"2979",0.96466252432409,0.989930887394321,0.940232353310708,0.715947142902936,0.833513471825037
"2980",0.922238805166959,0.933040547432041,0.738395894102545,0.804037707629524,0.831749832173733
"2981",0.966463449285678,0.801626098715458,0.843424443621322,0.914835584778208,0.964503376093973
"2982",0.967830219705493,0.895604061835356,0.835249454645115,0.885737336774824,1.0240819546532
"2983",0.960661482308245,0.826897915695757,0.818860339009602,0.872697956487497,0.893543940732984
"2984",0.97771468141412,0.94284862694843,0.712003893842121,0.688919136435605,0.811857066353804
"2985",0.931640605557885,0.947668098662405,0.769567869592369,0.832665141474553,0.944173381763492
"2986",0.954194251766564,0.967339114348387,0.660591041332772,0.752910639520229,0.866817187045516
"2987",0.95119151154929,0.949351881932837,0.773572407660592,0.851502156624037,0.966943348176447
"2988",0.966429887005239,0.782935888586174,0.656222094571699,0.727145040572848,0.883574689361862
"2989",0.947091421655675,0.948681767821515,0.884703955506559,0.953021742868569,0.908019676103131
"2990",0.973731332162183,0.951317515631701,0.888501426196572,0.965115244436012,0.948443750015336
"2991",0.938234735046077,0.956410903125707,0.771163182166281,0.858367911742144,0.94563885216253
"2992",0.953760502071167,0.860458811356153,0.833748956690659,0.875289079141237,0.895381495922608
"2993",0.958425743883852,0.976359610626651,0.866245177596575,0.93138527779919,0.951756108274544
"2994",0.974395346018719,0.963575672015952,0.795625431236247,0.874153135761702,0.963098973894017
"2995",0.925235912840053,0.942519300557264,0.777506094156766,0.797555099489115,0.903184741331717
"2996",0.922021357939461,0.93211996498443,0.950850285657103,0.900962408166305,0.913250179478708
"2997",0.96888065055506,0.840710142482859,0.652532390613884,0.744117253435201,0.847713096957541
"2998",0.966805863721372,0.983152234237882,0.762398068801668,0.798913386585702,0.893899063460334
"2999",0.958184350882717,0.971126418033907,0.834862670260868,0.884965023608752,0.993242564150679
"3000",0.970631661638959,0.925837418350524,0.973145167207015,0.983242609700851,1.0416826564551
"3001",0.853410847756567,0.867486151590743,0.818528106266556,0.879890960543613,0.999443423844171
"3002",0.948535236051739,0.904281445471443,0.648275188616716,0.715270572411577,0.808873099405721
"3003",0.929331489647777,0.88158375230187,0.68948018178307,0.789912066412501,0.923234740620082
"3004",0.928212292408604,0.75810817663712,0.796005792866095,0.853384922426256,0.964104359337373
"3005",0.959302687382615,0.914515443057573,0.808201662555947,0.879137714401465,0.859086238312454
"3006",0.949147276497112,0.955718306867342,0.837831456000445,0.865636949800595,0.966716943749802
"3007",0.870422237139595,0.881658285401599,0.676811690665631,0.754724724429171,0.893583998151328
"3008",0.960996590680259,0.928654199359667,0.782606105365001,0.844460013633905,0.957477487827549
"3009",0.963657432076373,0.979045752651676,0.580574408520271,0.693303348520038,0.797980154783142
"3010",0.947172129046261,0.920844168428921,0.707224785283405,0.784510336989629,0.922056592122783
"3011",0.887408540711947,0.802052294091612,0.693960153251413,0.778214665714131,0.912957441090446
"3012",0.899401297510933,0.920143123613444,0.869159917204464,0.935729431038966,0.951525624327263
"3013",0.953680259432142,0.828910935118651,0.705370009537498,0.799493709236868,0.935829280888602
"3014",0.923812271855458,0.935006215890548,0.811642074089238,0.880894123006543,0.977913082477856
"3015",0.930547094900858,0.945481728729524,0.72385975609641,0.813924246466968,0.914475467254999
"3016",0.951146003272922,0.965502365896106,0.778167429514559,0.850118154206627,0.88226474704905
"3017",0.927237386741465,0.940847847811483,0.816020871709824,0.884805836779152,0.996240400438037
"3018",0.972554723018896,0.907180400251264,0.740307621973305,0.809195091323267,0.942231646539948
"3019",0.893719127308254,0.915948714306036,0.764383811131818,0.847832261643469,0.965436303511177
"3020",0.928809533535743,0.949905081506162,0.860820337385126,0.812950239238922,0.882273218370974
"3021",0.921174395349255,0.944330351689283,0.777793142680609,0.855500820533808,0.972130861414307
"3022",0.964441691156598,0.972195982579675,0.862406653359954,0.92295562208819,0.89754486641312
"3023",0.945939983215585,0.947556346687234,0.721010714192313,0.794116127510543,0.918613970893354
"3024",0.911258255799284,0.744708273600577,0.783337232114398,0.644708803238374,NA
"3025",0.902978506151424,0.916989886757643,0.743739689024042,0.702173583093841,0.80343607706026
"3026",0.975285803151412,0.979723064902786,0.652723239602366,0.641248831499182,0.811251318811108
"3027",0.885656217511761,0.870173318938957,0.729857468753473,0.686908986876032,NA
"3028",0.976332675888579,0.782164597000833,0.834663461963094,0.884171740939084,0.972353391588088
"3029",0.949919963162501,0.97697771332082,0.779566040561866,0.798226618425814,0.930218069656633
"3030",0.95604958505144,0.893778733681825,0.809719931475748,0.870826008993614,0.97909323219169
"3031",0.829009646338623,0.794142564471242,0.847407634276107,0.919250124196964,0.868763710076245
"3032",0.909723295825622,0.924135441346367,0.700014647261519,0.823369311082846,0.899584090495435
"3033",0.968028956030985,0.908488055900173,0.874205589282009,NA,NA
"3034",0.905968681833603,0.920398237624014,0.794682102232161,0.887412119936377,0.904218663469054
"3035",0.952489052059906,0.901313583226144,0.90366468964325,0.968047781974768,1.08385469672973
"3036",0.936753909410343,0.951873334341045,0.93856818841565,0.718659340030261,0.840293037242075
"3037",0.940086210628912,0.792949246532987,0.766502628768459,0.81383226559019,0.922976165159644
"3038",0.960329666474598,0.951339464461173,0.879082420595149,0.93634370013883,0.983410400169466
"3039",0.980399881367274,0.96782512990711,0.720717965315569,0.775356433472496,0.872926275209295
"3040",0.912955912181323,0.928067472398422,0.751444625663063,0.826226754934715,0.933739019115373
"3041",0.961731456946671,0.978359738134357,0.860910930945388,0.9195176639076,1.0242183469076
"3042",0.952455878247656,0.956905370785077,0.73561631086223,0.831239092976384,0.933677171845761
"3043",0.949955104273605,0.827110283569595,0.776190539092356,0.854427805890153,0.956108856805239
"3044",0.876854443622854,0.751029551042672,0.734408288454528,0.827444499700215,0.93749047579553
"3045",0.930107522275188,0.936698206433146,0.809633365146186,0.852266374406682,0.951292560826662
"3046",0.950696521041246,0.954944202566483,0.680869081979304,0.7581289933945,0.853391596659709
"3047",0.964925622189181,0.977051824250976,0.692653191988706,0.799305187589918,0.915080185377163
"3048",0.928685084423112,0.940850489675012,0.777424839102882,0.908422559526002,NA
"3049",0.953716805643821,0.91303663082943,0.819820188160093,0.875625690205345,0.983878414894507
"3050",0.969835248917277,0.813185631887344,0.845107775165351,0.893219599882433,NA
"3051",0.879577249883182,0.897049503331967,0.738664972149794,0.822640254196063,0.880671871495694
"3052",0.977796831356732,0.976363384465342,0.702748143958858,0.744342731687209,0.736319497626137
"3053",0.967640309882103,0.960150382779249,0.747925587647159,0.81522457268605,0.931868670826514
"3054",0.952259204948493,0.965530912443247,0.823351288812362,0.850314759029975,0.972000055519876
"3055",0.951037832771048,0.971060482310059,0.823731418320295,0.928457658756331,1.01253750817844
"3056",0.959750399727833,0.961968181566192,0.750857147419717,0.799954755368157,0.922372341139454
"3057",0.957407601896038,0.896161289901508,0.798878674462908,0.88469471955886,0.973141701325217
"3058",0.957432775945768,0.936909877425512,0.712163872416254,0.815246342165862,0.923663351589389
"3059",0.976224547465959,0.9110084889804,0.633658844640499,0.764778788183102,0.86411381286698
"3060",0.870358151422536,0.898238635996179,0.769165349594414,0.82288498080567,0.899562482844115
"3061",0.964384030469613,0.892376836917938,0.75094585495606,0.833444181495244,0.898276963108043
"3062",0.945352585948695,0.95278255780268,0.807800734184254,0.887273439354524,0.95484205400667
"3063",0.984049058122855,0.859719074775655,0.913149615892426,0.826713033304056,0.931133029934834
"3064",0.868318756592686,0.894834585172294,0.765485076287405,0.834386794566372,0.868915806701776
"3065",0.950809295042329,0.970341763428622,0.857699090727663,0.918814594229782,1.01508941547866
"3066",0.887109259533638,0.902395572690635,0.740046031130336,0.819267198541668,0.863140305334058
"3067",0.973887227848831,0.969135594565023,0.711970070231586,0.728959783848535,0.857303419875204
"3068",0.917914210895919,0.867307783465742,0.746966451386943,0.620643616751507,NA
"3069",0.94606593651343,0.960077354840914,0.690567825349411,0.78706476099945,0.886750931399842
"3070",0.92323854378585,0.931304214748465,0.989307253370062,0.860837985441918,0.965389716448232
"3071",0.89414151624751,0.82707612948166,0.768687946519804,0.849426538637614,0.959287057797755
"3072",0.945659993611786,0.707076448565477,0.777404641915091,0.821935331663706,0.91360815133248
"3073",0.952509052545017,0.962959872592048,0.762468547002095,0.788453725929882,0.873586105843624
"3074",0.938174330500208,0.952332048713892,0.807166969534049,0.812098804701323,0.904562179058738
"3075",0.915466210432692,0.942239402950168,0.804450436737548,0.878472483046447,0.971752413048839
"3076",0.758072730361784,0.777873081525229,0.732335372067326,0.815576894296864,0.754948611277477
"3077",0.949117772581604,0.960155397659064,0.722356923166174,0.809499139510823,0.946207448828148
"3078",0.970460485367703,0.969274649103467,0.620810463734362,0.687038796044606,NA
"3079",0.963228510762004,0.965286540758395,0.815479838813216,0.851460716037065,0.935559976303747
"3080",0.945001423406426,0.891396131761881,0.716913660631609,0.808951990568678,0.920658806008502
"3081",0.962137282953448,0.971327318188561,0.994202520561193,0.909307923209043,1.00698274955155
"3082",0.966867127259091,0.951817938880749,0.727745002922465,0.78353170271398,0.920358836610266
"3083",0.975022107898503,0.986023680977194,0.860210697290103,0.91549774370225,NA
"3084",0.864124047427161,0.877686214268913,0.935418022478448,0.8340559372573,0.69093190428004
"3085",0.978974117463965,0.900402051071344,0.9501483489149,1.00752815296953,1.10689964092311
"3086",0.961332948174487,0.824673514165949,0.820079427930583,0.845327008074237,0.896402833059623
"3087",0.948598412005369,0.950160855197639,0.810510950964967,0.869048675009522,0.871416597945311
"3088",0.946242838222768,0.950251244726901,0.761760195027607,0.828916625901969,0.915236889278275
"3089",0.951349291808581,0.966237027863613,0.816161459693939,0.81465333596108,0.956763078496522
"3090",0.96573527172175,0.972451242134759,0.756421541613384,0.847933161473899,0.944091249742031
"3091",0.950687557941407,0.96902834149434,0.775166411187936,0.853727025878556,NA
"3092",0.888421559141595,0.779841816099047,0.832631283478313,0.80248067865085,0.888339097528773
"3093",0.962643214810539,0.873276606125026,0.8303587434409,0.680734572450357,0.830465745570195
"3094",0.835421623488795,0.75445488833521,0.792612962055276,0.874429180582553,0.96710546091534
"3095",0.895852988080824,0.909954332179963,0.721595584834903,0.788033054391768,0.868962549356483
"3096",0.930243940174386,0.818192059537393,0.664366365232804,0.759280059646183,0.893080784680036
"3097",0.970851435943531,0.975886863487349,0.666837381755233,0.780905407590308,0.879987286930513
"3098",0.922065107148871,0.855592247677955,0.802643289709344,0.874269932666935,0.973721899252122
"3099",0.940572501066686,0.949432163375198,0.818517916689685,0.875989784542065,0.990811504708295
"3100",0.931683541576937,0.914618923167326,0.688434172831752,0.78468740022121,0.893262074568552
"3101",0.959299246951664,0.889364789480381,0.660736978046162,0.7251384597383,0.70375665673802
"3102",0.945931223505306,0.804092585603943,0.834510608235011,0.837242321474055,0.944973319479737
"3103",0.889227311606328,0.899593635119273,0.948530477863504,0.839257118044231,0.905496411621246
"3104",0.954258204680797,0.951812934879771,0.74075239588838,0.785676479908659,0.904160624328392
"3105",0.970990904424219,0.823982745598368,0.715851129841454,0.806086285657937,0.923630347817417
"3106",0.967379636760908,0.935951889445748,0.771775077323078,0.83113922877799,0.954856677981597
"3107",0.898478043831726,0.920082633893024,0.723584236921695,0.80541963005554,0.91121881494446
"3108",0.960907401758948,0.897465767973866,0.768709533049305,0.845838304809263,0.962433764685181
"3109",0.95834045127536,0.877125324337345,0.750298406164513,0.822041357315931,0.939670752296353
"3110",0.952658833222557,0.895631793459413,0.714297872415445,0.7853564845469,0.934246363000358
"3111",0.894669959249827,0.915894361190215,0.63676454028062,0.729923646641836,0.733630856491596
"3112",0.940808390025775,0.926075863501618,0.801661011250103,0.83225752454076,0.849105757048667
"3113",0.954573918454071,0.903895523365896,0.80490198691521,0.7183502637593,NA
"3114",0.970325964234034,0.813524014900879,0.770058978297376,0.804374561017194,NA
"3115",0.87633792058724,0.793628480130915,0.831178532107227,0.863943649966732,0.975641978188847
"3116",0.917923953886522,0.917875020963085,0.840450746208543,0.907518519470626,NA
"3117",0.954214247734942,0.967049353276127,0.870751006969634,0.849153670594786,0.959838569236972
"3118",0.9655387203914,0.98486482409925,0.726385119965704,0.8315106198257,0.818399627503425
"3119",0.961684708787036,0.952848278131642,0.668183849361722,0.781780274367836,0.893627353087994
"3120",0.933380681701094,0.944870426640186,0.801734807101899,0.87114144015452,0.966145513026455
"3121",0.777532500866135,0.755494923879069,0.817778637925719,0.875982174745372,0.849652027301818
"3122",0.941776649040166,0.956593846448294,0.70066072229861,0.770472601031782,0.843978294152394
"3123",0.903729440182991,0.925765963436929,0.808759023313286,0.884755228305267,0.823366665762747
"3124",0.90804506340541,0.921942785805424,0.760806808934534,0.837284917762151,0.948309665345338
"3125",0.962533110662262,0.96517137143056,0.736362750442381,0.689346547183697,0.849074617024864
"3126",0.941901002559803,0.952325300088341,0.840138044025764,0.896860306687833,0.967251660097533
"3127",0.911833318652418,0.929717047459318,0.791322065358999,0.793401794742075,0.901583511286552
"3128",0.957911815776098,0.972437528242132,0.727935723300682,0.799065850254184,0.92579241308348
"3129",0.827543237522801,0.84351086822141,0.830160920507942,0.908933867068098,1.00641537277396
"3130",0.826528981825328,0.782422280799943,0.843940250358898,0.86329814339381,0.979506930494554
"3131",0.942194606901443,0.881092178734338,0.778776502348513,0.854741501623703,0.972900108774428
"3132",0.971177036774634,0.956865976736716,0.887459373006324,0.835723321976164,0.875179185586887
"3133",0.958555895342603,0.959679816056049,0.828086550285017,0.912304408988327,1.00255277719735
"3134",0.939308341238295,0.94813095857544,0.785534943156306,0.870311981640217,0.975630473312494
"3135",0.878120429309659,0.895163366546267,0.772629595778078,0.807974172431808,0.912946693584659
"3136",0.958257334940928,0.979295270756944,0.764699866038945,0.719605353568242,0.874484788205523
"3137",0.897842110060638,0.876697390286939,0.774655345937399,0.874192844233147,0.957081907593682
"3138",0.92012294164446,0.942153174618465,0.753751335659038,0.838120355562888,0.920995504399916
"3139",0.957235664739629,0.918007037259772,0.689843227260158,0.769724515198684,0.862283268749369
"3140",0.985027358543288,0.985590887286711,0.900364249774323,0.763718223119814,0.87655226749955
"3141",0.884013326721051,0.898415270083103,0.94417002823288,0.791502381952486,0.909820654674705
"3142",0.927772280338137,0.93655078335188,0.757975042999903,0.823787222652518,0.957207276091733
"3143",0.888945432852682,0.894678005932326,0.936931016678834,0.962549198307626,1.05269838603563
"3144",0.930286678314348,0.943411145653542,0.846533664348076,0.881414165910604,0.942050849774307
"3145",0.956841733080201,0.903503255423992,0.736842068291132,0.817350545557444,0.95531449556367
"3146",0.915955769297503,0.927333960573977,0.810713023058397,0.888243571062003,0.977165848886294
"3147",0.910866572701691,0.871368550223185,0.625025238197242,0.718110650221623,0.815231264981115
"3148",0.968312065311525,0.842294810720931,0.697247688824228,0.763596741446341,0.854035225953009
"3149",0.950301831338203,0.934089351130674,0.720581545443277,0.801709885176841,0.91499305748745
"3150",0.925620157633683,0.947886221628062,0.894869131767615,0.758603233821478,0.826479147584824
"3151",0.919255196408617,0.925582320155393,0.699390945666137,NA,NA
"3152",0.861497266960551,0.766604486587109,0.738982878440316,0.823954622903868,0.867322481550693
"3153",0.959042016489915,0.954518470535525,0.725453061323762,0.762264992615252,0.881206700403321
"3154",0.975992463625451,0.949475938053081,0.99859027727322,0.828111548480871,0.921692931290877
"3155",0.931255289151998,0.943793143720771,0.893194936091766,0.983656308262669,0.973580576738347
"3156",0.969271376729166,0.97530985988129,0.678872030959279,0.77870603122583,0.883315592201252
"3157",0.946837469966496,0.961426558586487,0.790102771563879,0.871847611121923,0.964013148468402
"3158",0.959762203719348,0.928743787877345,0.731970659682257,0.810292501998215,0.901157694675192
"3159",0.946450523814774,0.86666018470287,0.679649122381235,0.774950845299253,0.885276307889967
"3160",0.876873658962409,0.889978891672512,0.834673597964492,0.895237360532558,0.954951142410504
"3161",0.922834225275007,0.879265910479149,0.786421836530513,0.851279495221751,0.967106536595001
"3162",0.974035038694891,0.910345780080082,0.666344111557844,0.77822241832478,0.875060502796567
"3163",NA,NA,NA,NA,NA
"3164",0.961986092876754,0.946314937093958,0.714683360744198,0.761475143423738,0.900039702547927
"3165",0.952335150030505,0.955790513987342,0.749648232299656,0.826292207637589,0.878118235541272
"3166",0.964990917459992,0.977856358417875,0.781944812008703,0.84379768192253,0.741516948027747
"3167",0.971337891113595,0.976838074821623,0.663251881472021,0.734606894995866,0.885101355767032
"3168",0.905614096600798,0.928381773965779,0.81632388723198,0.895482558518289,1.01037093067951
"3169",0.974137017355292,0.974897551574136,0.77237543289461,0.845993686558109,0.944214576113362
"3170",0.961381319320953,0.868444384791522,0.692450906868871,0.767221183386284,0.869568505181915
"3171",0.975576970749057,0.897806981495414,0.703677994636618,0.765135828185459,0.897815020329604
"3172",0.966589127070461,0.98243032501251,0.715099700187757,0.651070611179491,NA
"3173",0.918416701702025,0.940021051846305,0.726310698783144,0.759553898458608,0.843537929658204
"3174",0.975843741953055,0.952468963423831,0.818747528917191,0.880091899318164,0.968033813576419
"3175",0.954321472814546,0.797787954971095,0.755747835695298,0.698888079002885,0.815599960357036
"3176",0.94333467736941,0.776769438058742,0.742248864883413,0.798734383170542,0.924367067495063
"3177",0.962519251371744,0.706424561735548,0.754234689979625,0.857902261746218,0.951802049006525
"3178",0.950756017210357,0.873891280694595,0.790257091229054,0.858793376670265,NA
"3179",0.909383622001771,0.925606795398359,0.870666465841219,0.828582053007573,0.862111299801307
"3180",0.967951094971741,0.896646684407966,0.928586328483011,0.830685994698853,0.938612466645867
"3181",0.958736371928351,0.974803363472824,0.733201228973156,0.814863632803181,0.923287036399666
"3182",0.945636433032371,0.970795362404403,0.747117236120508,0.805657648734653,0.926087026771321
"3183",0.956921425757178,0.85371732689229,0.86708718283157,0.714212675599812,0.832217737213992
"3184",0.925933064486613,0.947424989131169,0.846132306215323,0.72844706757271,0.879006146713749
"3185",0.981068138886869,0.87832014786725,0.835315910416655,0.893792956096387,0.848894822180638
"3186",0.921130217068013,0.928429191377495,0.918767281038249,0.972647341058691,1.03154193666091
"3187",0.976413571927234,0.99225367232563,0.647437846248712,0.737026802182455,0.840865363655963
"3188",0.967700074097349,0.980143966499627,0.833562311633596,0.904441248845138,0.993878135777521
"3189",0.964370111200462,0.866488526785046,0.694698305237503,0.783711930016986,0.894767260648844
"3190",0.955072216629066,0.968225810966422,0.608932769141838,0.709835741254875,0.857528247662251
"3191",0.969182990830142,0.907332825920386,0.713657096386959,0.741800662986445,0.870030002862608
"3192",0.938800385028185,0.950148540736495,0.669357862370314,0.748675971998178,0.902856976430732
"3193",0.967742738141788,0.858553323806262,0.707732429674854,0.791889641032638,0.746496498296897
"3194",0.961088537087247,0.809268609142264,0.799715938069126,0.870711269334961,0.994904919691239
"3195",0.903269847103423,0.928359019255985,0.705821510052408,0.770300088029742,0.924973471853567
"3196",0.96137262657962,0.968744283975921,0.793902477655311,0.863375433479945,0.97551696813067
"3197",0.961503899646323,0.949182814111507,0.675775535223599,0.767034583716295,0.887257484730551
"3198",0.9379046891368,0.958586996992637,0.95102020909524,1.01060586839076,1.1252663013866
"3199",0.967281407311984,0.95489389795775,0.819390925395297,0.888888606510215,1.00061058630741
"3200",0.950759497476674,0.897491456952187,0.885585647486651,0.763827946323239,0.792828075972121
"3201",0.909165072531339,0.891076026086511,0.671936201354564,0.698117193050108,0.85065386260354
"3202",0.965574743681191,0.980265241504389,0.797842324592136,0.784864571787048,0.872084132422261
"3203",0.772513454356782,0.79265176271648,0.851394958379444,0.916928522934575,1.02578058285974
"3204",0.828193116832019,0.846908060980164,0.628845236954365,0.732787180220669,0.807112156442489
"3205",0.912527146593896,0.921169470321733,0.74144493319959,0.824369105540627,0.959662774333012
"3206",0.955014285965144,0.866567973577158,0.735122920922152,0.818512341461701,0.951665062373721
"3207",0.937337192983828,0.950526603569255,0.712479633932847,0.758176442869043,NA
"3208",0.937677095772003,0.949975747961578,0.903863696910192,0.972684251933696,1.08318738233674
"3209",0.968511338794687,0.978254644380382,0.798353510397332,0.817304704784137,0.924856625582478
"3210",0.95386379912181,0.959828165292224,0.885729500475009,0.935558049352175,1.07738687450702
"3211",0.964160480024609,0.968087701081332,0.621308975305727,0.713846533824309,0.822891758987599
"3212",0.9716453244383,0.905469751918413,0.954311043615714,1.02286633717563,NA
"3213",0.948145612884232,0.856168495932484,0.760601186306846,0.692487776819109,0.828719106447912
"3214",0.813497109354334,0.824048158784925,0.862853149335945,0.898459687582283,0.798639269148658
"3215",0.893369286133235,0.836489766001106,0.819070046076192,0.614686348879455,0.80206567016168
"3216",0.953191027659079,0.965476651058189,0.913325186946782,0.766479781319028,0.889116055508694
"3217",0.980095851411815,0.922213663843252,0.830383202163495,0.896549742229744,NA
"3218",0.961829289952438,0.965472589543779,0.853343608142014,0.801200169209101,0.920039933824173
"3219",0.948753738831412,0.956089831285602,0.840021712723307,0.955876103103133,1.00513395951141
"3220",0.893018358348044,0.837849438918802,0.666483561402359,0.770640803912353,0.802008211792558
"3221",0.94158395177236,0.955378669885149,0.725024839631633,0.820370440640097,0.826014773504041
"3222",0.96481248705601,0.92988017476685,0.895157304531422,0.967985556928418,1.07171060480675
"3223",0.961223916994334,0.962379082797695,0.668691314803908,0.744253839441309,0.889009385623421
"3224",0.961308258567676,0.973780128623406,0.707523317466098,0.799287110475858,0.899434209908387
"3225",0.971247033689621,0.978282219093461,0.847398061261907,0.729053626633546,NA
"3226",0.954844924096994,0.956878139162411,0.862961194397502,0.932205866479035,1.01842295467854
"3227",0.929940623152684,0.943739525599767,0.93904292840323,0.880117378584542,0.96795284439998
"3228",0.907967177830377,0.919447407680187,0.69761160899676,0.799873341262949,0.89613720488685
"3229",0.938259046716406,0.927731691487593,0.680245369720467,0.733735604123983,0.872603605988342
"3230",0.919322897643664,0.93519027186735,0.842526108856479,NA,NA
"3231",0.973970591608189,0.862514604410286,0.752260850965887,0.853397964072599,0.95785972828184
"3232",0.966187211106761,0.851060414682954,0.812854576339204,0.861110125226887,0.79811768100622
"3233",0.96622516088184,0.968135778300609,0.720399951208045,0.724136765606921,0.872096606574466
"3234",0.958640012571037,0.968781655489892,0.704151973458291,0.762703182805614,0.841516281263697
"3235",0.949103008284031,0.916345273699965,0.74281417129149,0.817326499972845,0.790414334088654
"3236",0.973759695431623,0.877156828039718,0.856658265815443,0.690692652883513,NA
"3237",0.926297910766216,0.940310603300523,0.779425526637736,0.844744055919907,0.94030119173364
"3238",0.913893481180222,0.927517816993234,0.741874439688968,0.662792946362266,NA
"3239",0.932199207402693,0.752531244212121,0.79919662979143,0.789427311333404,0.888528830583599
"3240",0.925625301552809,0.934740321733205,0.839032991835941,0.731090245048381,0.871269693092338
"3241",0.959263696302216,0.89547646574582,0.826679417298191,0.901360926146392,1.02514352642671
"3242",0.889680946925668,0.91083615249068,0.837022439564039,0.889773381661445,0.99762694982069
"3243",0.965817173502166,0.806827912857818,0.750422483625535,0.833957101715601,0.756079343782664
"3244",0.936937486523907,0.90957922145887,0.860234688405709,0.90570794777189,0.767650684063689
"3245",0.966778072961575,0.813718308443446,0.837398302204075,0.91029147147982,1.0126768795452
"3246",0.954164713627383,0.965191333383046,0.798166497314303,0.844561719987656,0.970332700336529
"3247",0.98031419613634,0.969669067141209,0.826497348092866,0.878191127449925,NA
"3248",0.898694546017162,0.91054601742925,0.846743130193814,0.651985532108454,0.803801444235147
"3249",0.963031891316192,0.900815982537042,0.654673800044488,0.728524793465589,0.839620062977244
"3250",0.896282281362423,0.916510349020093,0.814603559635596,0.884209472982337,0.954151656583675
"3251",0.808245154031129,0.83045792412417,0.734321214547354,0.824033113012017,0.896165902601135
"3252",0.97824483684048,0.965007844494114,0.995900933281424,0.830251706567027,0.870649383674563
"3253",0.96964877872388,0.968950927633334,0.748958228301988,0.821140325574991,0.921886070174242
"3254",0.919998383856953,0.924027162460549,0.651073509391006,0.731950880489154,NA
"3255",0.96715332455196,0.962636237594819,0.921831934178401,0.813202392402377,0.92856496701994
"3256",0.901755379252211,0.922636380511872,0.849371043234674,0.89151341400359,1.02084955107547
"3257",0.950137520189519,0.909432375654082,0.812606465334981,0.902290778424448,0.965062502409358
"3258",0.970101468675379,0.826821539077484,0.747630535352308,0.823711841207585,0.947467020809717
"3259",0.959393995474478,0.975482291252459,0.710143503461057,0.780536600729803,0.908050487170709
"3260",0.968278643006602,0.860538091051242,0.748882939876402,0.735332961785207,0.871953875492013
"3261",0.87851937013114,0.902902695431647,0.908604112937585,0.988410659593051,0.954966659006869
"3262",0.890122207323777,0.84011248113085,0.672106970453265,0.747091218462314,0.875330371422676
"3263",0.951870282415406,0.965441202926679,0.723228423297213,0.786065233966126,0.911441402952184
"3264",0.964301892936365,0.862190991641066,0.839815504662007,0.848598618416459,0.951702917049398
"3265",0.967225024333432,0.9050121448857,0.65266895089588,0.722373100508079,0.869314232312487
"3266",0.953625851915961,0.964229180402567,0.668027783386916,0.768179411763673,0.863508859627907
"3267",0.952320389013035,0.972539204379153,1.00322384525682,NA,NA
"3268",0.948504188229952,0.957229558833629,0.763051749049145,0.838241008537628,0.961779851208583
"3269",0.933277708957165,0.908266082693384,0.869101428290865,0.888886745214958,0.985172345738721
"3270",0.963883371032267,0.985263490757847,0.758647756809309,0.846432527798458,0.956610553712272
"3271",0.923988548390348,0.934157218885492,0.797851655501939,0.860279717480529,0.947427985782616
"3272",0.96587392639631,0.951854951824592,0.767089808645613,0.763276829352549,0.781406315841582
"3273",0.923906033727619,0.881457250473961,0.869993247185446,0.938918242365902,1.03345261966079
"3274",0.938263830135885,0.764636847996153,0.815107174219097,0.902104289166782,0.855106167797645
"3275",0.972349793749388,0.980640856705237,0.68772065492331,0.77909478665702,NA
"3276",0.954943418415338,0.919456387148332,0.776088832210092,0.874864057986044,0.921470940289646
"3277",0.974138275078589,0.951806521329469,0.861872830914038,0.945711032275171,0.863672630566337
"3278",0.907984111387403,0.927376643208839,0.838237257405169,0.827515107706956,0.915134990066585
"3279",0.953152874220902,0.903046598077283,0.782155210815345,0.838117099419303,NA
"3280",0.966548961854525,0.853404074332169,0.694976447734432,0.778697882633504,0.800443906527909
"3281",0.979044405970977,0.97269842660083,0.861246858654935,0.887002462523358,0.978424845815307
"3282",0.955248351820603,0.965346433784276,0.750883473045225,0.785415537529123,0.846722594165162
"3283",0.912182022049598,0.926178713409507,0.767181921312107,0.836133003473288,NA
"3284",0.854406348860808,0.868549670939716,0.682405798691248,0.812634250091685,0.738082315215862
"3285",0.858551057150201,0.868275099163454,0.817423826054301,0.894966324819336,0.966989837467136
"3286",0.925828845192481,0.943942418190128,0.801806953484469,0.883264826077771,0.951743002893803
"3287",0.743149436043127,0.754486667719444,0.679281027586007,0.758123713390675,0.889226376861174
"3288",0.920604318855766,0.930569230100202,0.771770549222014,0.856325923260395,0.951963203610612
"3289",0.907024165605356,0.882513082811459,0.771135740177728,0.863167420894092,0.947244032043154
"3290",0.94514196146439,0.958737977398164,0.718288339591778,0.814932581040042,0.858075064786226
"3291",0.964652691083189,0.891843893245394,0.929934904499215,0.97591580741641,0.964467012000761
"3292",0.955700590442478,0.94107955352784,0.832590804934524,0.909963923142041,0.809515763000338
"3293",0.894309232090936,0.91718290716457,0.69856700027733,0.786935694510944,0.823405471189208
"3294",0.935835659999851,0.941380186867153,0.754641025309168,0.777604938070056,0.867688802461208
"3295",0.978433221919659,0.989650396288888,0.863897645556557,0.908305479235796,1.03289978243851
"3296",0.877250377626275,0.879415351953096,0.921108868444825,0.801443705904611,0.921298803578
"3297",0.85291753984533,0.867644189761244,0.784122218346658,0.805674302521947,NA
"3298",0.801633188704451,0.822350036343313,0.726932201681287,0.800341813023351,0.90324488625748
"3299",0.960621013225266,0.964403390373893,0.9012079253589,0.952529085715901,1.02675365536173
"3300",0.95970122601891,0.852494238949609,0.631081627009886,0.723148119954908,0.825308707840456
"3301",0.976609532219928,0.985702517799953,0.880506306736479,0.943537765667027,1.03014484377082
"3302",0.904311873289888,0.921369311666935,0.880928938376365,0.863449031293691,0.877248075173883
"3303",0.943611265409064,0.845158413130464,0.90927044567446,0.723092084260358,0.826614348661238
"3304",0.932724825407353,0.953150697083088,0.924490295943214,0.875885950592938,0.98098226672071
"3305",0.955603031828087,0.864372382154357,0.876543530457815,0.837801124341814,0.879876614243947
"3306",0.959431844813021,0.954258212621918,0.756356384325998,0.816996162906097,0.926984856164951
"3307",0.96105581813633,0.977406280195108,0.639559778701383,0.726245651003391,0.863449725218219
"3308",0.885297047650359,0.878012662282214,0.667931743634103,0.750713475574852,0.852639131550596
"3309",0.898874228698544,0.917397069197326,0.803538272844151,0.875408953142544,0.941974763315061
"3310",0.965567524629908,0.905780211452577,0.797046381399307,0.842505912116285,0.99209149277968
"3311",0.957313906482996,0.970926448892987,0.888473756032255,0.760176648034408,0.868913276471263
"3312",0.891152440817024,0.901579363508559,0.812151879279,0.74514712017377,0.693201587059403
"3313",0.94327694740185,0.928275516174251,0.794326523909746,0.880549884284425,0.975031418360831
"3314",0.967112308237467,0.926091352045478,0.84848946212708,0.937624514472462,1.01302267241749
"3315",0.978145527734222,0.910221353039337,0.786727656085189,0.845735818445434,0.962506670972738
"3316",0.973359613149908,0.970311888488945,0.770664091721414,0.797105195601275,0.899427844161034
"3317",0.960819554013308,0.938529143582295,0.777218672543562,0.827283993935445,0.944444563852689
"3318",0.885693284787103,0.83982930444696,0.775258203490653,0.850414977538371,0.889316178354099
"3319",0.973898079855178,0.973475284814582,0.792366208387873,0.822645601940197,NA
"3320",0.977009840328005,0.923645810187959,0.737466429587272,NA,NA
"3321",0.920781961515287,0.930094383925425,0.760645980408795,0.804016643629159,0.71958168442677
"3322",0.956965803537699,0.867150313556529,0.705141988215213,0.790651671003235,0.921184937598404
"3323",0.965665202563099,0.950364288753442,0.844260570615967,0.826052753994059,0.935123276479907
"3324",0.958422574453278,0.970134305484866,0.860832572010139,0.920897329348592,NA
"3325",0.980509427082392,0.781382477689648,0.744688362460915,0.811355307531324,0.935990678724829
"3326",0.95433480309807,0.813570197934692,0.790730294373707,0.725610639788382,0.848856855969655
"3327",0.930258739014773,0.943783627943716,0.660299301654002,0.764677286439109,NA
"3328",0.91202794182954,0.931518257041173,0.743359107116678,0.834134253316257,0.941615048841345
"3329",0.945532863670881,0.968507908685739,0.823492913098165,0.888234851276721,0.94335842023963
"3330",0.955692969473104,0.84477624205205,0.841808576570245,0.893478026317937,0.920909957433243
"3331",0.918558942862177,0.94099825923534,0.796474460627795,0.868688351846224,0.90560834805889
"3332",0.942403531779034,0.876369650368387,0.718249595354847,0.804624541871611,0.896865277743448
"3333",0.953216648954818,0.840080903319877,0.778591967139082,0.843116138027292,0.948668394826463
"3334",0.909992529370138,0.915016881784294,0.717926933316407,0.795330436521481,0.822258304341323
"3335",0.966254218034134,0.968119540681063,0.824468904499081,0.842171283258575,0.959659637820345
"3336",0.917761917568007,0.928362115373089,0.77934408470147,0.857402107126641,0.964670361769094
"3337",0.96244401293388,0.97123899185522,0.762366610726147,0.809645400005989,0.927675223851851
"3338",0.965164150660808,0.834957526611378,0.882481199143071,0.876465780308804,0.864780048778889
"3339",0.916321848850141,0.928114296708452,0.75854504688327,0.838263787359755,0.823271655766508
"3340",0.955212234550366,0.977586790567921,0.719005608889524,0.796243683016726,0.838532548005076
"3341",0.970271247332327,0.98354198191919,0.6944157367198,0.799323384043638,0.778714680529102
"3342",0.95573038573177,0.97315119172614,0.745983128110778,0.828968450334578,0.932875714961774
"3343",0.977142986624763,0.960713824249792,0.696156827677316,NA,NA
"3344",0.90530042639337,0.920065983687671,0.79429757733598,0.761084161063195,NA
"3345",0.954842272561228,0.964127237367948,0.770952133380236,0.818761669515681,0.952291710129351
"3346",0.977529819762909,0.863811899167013,0.674381860515587,0.766906186382575,NA
"3347",0.970624090899019,0.962708295918058,0.722320166635595,0.741444757936283,0.799413818163342
"3348",0.970236199133044,0.980318213528569,0.700755831599133,0.84555064701005,0.844207583214696
"3349",0.934805389293349,0.94546637523852,0.749125079955447,0.760161859921175,0.871576956547451
"3350",0.971719417002764,0.968445461245009,0.809054669722385,0.77354555875712,0.893581508947837
"3351",0.940090796466982,0.917012228353471,0.913616964817999,0.965823494337787,1.06493929207516
"3352",0.959474460061997,0.968091538424432,0.841560375275611,0.899812061065663,1.00183986087254
"3353",0.965580448306426,0.982480063547538,0.753382809997648,0.801828176006154,0.920640687188225
"3354",0.972346411033693,0.980695662410809,0.791460194183967,NA,NA
"3355",0.809248949744359,0.728910368525539,0.723055745132375,0.669469839575458,0.834480412333134
"3356",0.958307046317112,0.948470931359139,0.860572544087179,0.840358717446334,0.866824770436768
"3357",0.955834969836806,0.863508639188428,0.917809674973811,0.726671176362652,0.863207643687818
"3358",0.963807295053035,0.960988576835718,0.813119300306931,0.808414756893626,0.94143040480544
"3359",0.96994432140243,0.973555185558318,0.642037224304919,0.744223716114802,NA
"3360",0.968113081659564,0.959767903426531,0.812556696966907,0.868275020832696,0.829713002250641
"3361",0.956848254330412,0.974431222948603,0.790312846122324,0.855952317536946,0.944638422661814
"3362",0.948205621766576,0.965357895853337,1.01307378239311,0.851608266105065,0.974037064225125
"3363",0.96496199957994,0.878504085936065,0.83278210546175,0.904080026906787,0.990990717723469
"3364",0.929486637582789,0.942979014027836,0.805356229313962,0.848478704356655,0.887785405656237
"3365",0.924205486362762,0.887984365633942,0.873405758012277,0.944896512474451,0.783320953373442
"3366",0.936877334650179,0.947065726910466,0.799957387553341,0.876765168125239,NA
"3367",0.933463639823409,0.805938713490992,0.870444592897973,0.833411285075925,0.798035156023086
"3368",0.961403029917223,0.845171943870883,0.723207897307777,0.795131196676939,0.934400062061468
"3369",0.967898789177036,0.929992431760149,0.82232112157078,0.89443225317547,0.991921853721038
"3370",0.922643342999739,0.923660137641676,0.756593249156582,0.812810930164282,NA
"3371",0.958819151463634,0.964272346072163,0.693932945570168,0.769828725782816,0.891126315164468
"3372",0.970232872360618,0.881485591239723,0.908804676281742,0.91155032785738,0.922097282071056
"3373",0.949201201629034,0.78471285450174,0.737880242667046,0.766904785771265,0.880938365926741
"3374",0.90130194021185,0.921877984385358,0.732775548462602,0.802765284058849,0.939589240195702
"3375",0.983114538109152,0.95645567274625,0.656541831965285,NA,NA
"3376",0.88256755235533,0.895178660486637,0.801667015320517,0.85714929249694,0.879144433949121
"3377",0.926157073463959,0.948898796335276,0.985194211088033,0.814983713730949,0.832524326194079
"3378",0.935308383112048,0.879233372954224,0.770078001378279,0.850587949175745,0.956131502705538
"3379",0.851003393242439,0.869993747562345,0.865233685741157,0.925589475332497,0.818377921620394
"3380",0.94974091716545,0.886205887063687,0.686673341446912,0.747850866851915,NA
"3381",0.953624466701875,0.962778848417027,0.733700795061238,0.772134308691661,0.897422851481287
"3382",0.904211633234951,0.916213297925962,0.713819074660408,0.768521513537259,0.918315366588472
"3383",0.888917932155659,0.732440514688229,0.779809233637202,0.858445423313368,0.960668665633898
"3384",0.891521778343671,0.908757961330688,0.885694487301299,0.823669578714496,0.942001109007646
"3385",0.941808102369647,0.946865639752934,0.697186090356966,0.772552905815584,0.892385742910973
"3386",0.955134852364787,0.956772634947465,0.832371359201957,0.852644467669702,0.950498154466656
"3387",0.944093933462471,0.968167502358671,0.889623574079424,0.954759310738564,1.02960879415161
"3388",0.947737353854434,0.960466797142886,0.824101898527279,0.872309546686051,0.8260690504648
"3389",0.963369875359323,0.983192654763427,0.764007786296065,0.820582907345839,0.934745825815316
"3390",0.963681931432893,0.968858069153586,0.786657375636484,0.849025692866753,0.95594583404051
"3391",0.895316395774596,0.906488578692816,0.755275874298333,0.81854635924563,0.948170079555902
"3392",0.891333575979963,0.907592674451037,0.714111711427611,0.786864779824457,0.846275942961986
"3393",0.879541424188302,0.894621763427613,0.841618098565949,0.789117813698944,0.885782227001273
"3394",0.89763013191452,0.915006308415414,0.843870733168966,0.890141092789396,0.935611256815295
"3395",0.97448731699812,0.925715952121177,0.796884195951358,NA,NA
"3396",0.970405480155923,0.984728262112499,0.840284266246809,0.899196780028338,1.02293479991053
"3397",0.967668507521277,0.964981234205801,0.695425705206004,0.775411546422098,0.831700625379033
"3398",0.977346274579779,0.911467496503758,0.676617157418487,0.771996516276065,NA
"3399",0.943236844112915,0.877387980939216,0.668453077646276,0.747605221198123,0.881450638580605
"3400",0.956664866566292,0.975868487372853,0.725112030376344,0.819574175691225,0.916549404999887
"3401",0.907889013380733,0.923351740804619,0.740950664498703,0.793862783524323,NA
"3402",0.942592181256771,0.899036716912848,0.580402981188014,0.694707408398845,0.815981983597181
"3403",0.963280051501035,0.941958730747947,0.595873892272878,0.683286106904871,0.837338057863052
"3404",0.924729128567014,0.944964064807027,0.910073309957422,0.732536668193479,0.868999328447315
"3405",0.929775894800209,0.948120490042743,0.638922905766994,NA,NA
"3406",0.961902799545543,0.971631421555916,0.926199954287307,0.84203298488762,0.921862438128633
"3407",0.924547518362287,0.935415067210347,0.840561044232839,0.831053652043092,0.958942888703859
"3408",0.929099018277022,0.933505393016912,0.744845811384672,0.822563400343507,0.909015615569802
"3409",0.950871047813911,0.958779933375685,0.753093831081039,0.827833144456734,0.923060118163692
"3410",0.906313837060121,0.922741087187417,0.703490258439858,0.707037424484396,0.829487893500322
"3411",0.983870051793274,0.959355282436234,0.681542863119963,0.805801610718296,0.908167426205613
"3412",0.946706048757398,0.973757869188003,0.725291151049631,0.78627487386857,0.906574822569961
"3413",0.937822042232982,0.952597929231879,0.826990582825804,0.894772413645857,0.960107654057327
"3414",0.948121402780842,0.898782654415262,0.713364213061274,0.799187987072533,0.899837681447225
"3415",0.958474307671674,0.974195842533727,0.734658210023861,0.825818405920712,0.941513030642635
"3416",0.926831333569872,0.933864702814886,0.902776755536846,0.785231462671679,0.896460766224434
"3417",0.948909663959007,0.969324386012261,0.761308818674096,0.844367277404361,0.965126252220872
"3418",0.960945850336827,0.971679854407149,0.861690281840556,0.788328294530357,0.91969975172382
"3419",0.941114174685907,0.846607764330871,0.914975947715387,0.971697753443094,0.959940653852389
"3420",0.954979471669079,0.964419040101549,0.77452588292747,0.769485240108952,NA
"3421",0.96872145056303,0.835668840139508,0.679667632997912,0.756183387562138,0.868823757917518
"3422",0.905821319687439,0.918806168100342,0.679763040509732,0.750664974151238,0.879372744448111
"3423",0.936361758167383,0.952131363905892,0.878708762697361,0.873725533330386,0.978137350802193
"3424",0.958832395472835,0.970269074786082,0.798882156793781,0.904161344809313,0.98359625637075
"3425",0.929293408448029,0.951271624567471,0.709646554930525,0.759150185055535,0.889424797706034
"3426",0.88267764495631,0.862306280785273,0.759245943686062,0.84409530242389,0.955956431508721
"3427",0.966523213207701,0.978749850471922,0.781356329725225,0.766964456904647,NA
"3428",0.910214311921872,0.920619658281914,0.806718327291065,0.854235258248261,0.973290621858611
"3429",0.884253529114624,0.904668360205757,0.697472008761181,0.772381888549312,0.900847479094569
"3430",0.935666334818954,0.951939060348108,0.734591263744688,0.794904793090796,0.919147767885572
"3431",0.763455681222514,0.77052907034229,0.858613899168076,0.934968252524104,0.765416534850242
"3432",0.943185234097674,0.884073023390244,0.703161384942217,0.786517831655924,NA
"3433",0.97786680843661,0.925953022736855,0.692442197864756,0.785454729005746,0.863923022628484
"3434",0.958813967477886,0.935479616845279,0.815689127152767,0.848513700795229,0.990837809959073
"3435",0.901841090501891,0.911361167479851,0.697328950373724,0.774261952142937,0.914863590155261
"3436",0.924332530788317,0.85195796238464,0.788678940198302,0.880851642106685,0.961217086238469
"3437",0.809051924015617,0.830994918158422,0.696808368966882,0.754334356791774,0.896400276394467
"3438",0.968118880362173,0.984716733571014,0.956441148186775,0.995710664033936,0.910018575341805
"3439",0.960128595086968,0.975001003325479,0.707494618598165,0.783904363484251,0.852408782479056
"3440",0.889354803547943,0.903684241358453,0.87394820616226,0.744627567835948,0.872751114720841
"3441",0.857209719899082,0.871592635622865,0.647459365351726,0.724033089089679,0.831399791211511
"3442",0.957675115940069,0.852475239025198,0.748863169047058,0.692397749906529,0.868314370517347
"3443",0.858861148568493,0.773956638323265,0.791359684538699,0.874281125014945,NA
"3444",0.953369517199517,0.973520665974727,0.710927233819249,0.775172172220147,0.896519701795064
"3445",0.955381285517284,0.924055457838524,0.773197495210692,0.844323151181875,0.955536693963921
"3446",0.952546618771886,0.924057769498519,0.758999946352165,0.779022760267391,NA
"3447",0.960553311429122,0.970446204081923,0.801164103916428,0.867388117144598,0.978523320771102
"3448",0.963682578122184,0.980591761818198,0.787303833560863,0.866722694431494,0.912464439478617
"3449",0.950505848564347,0.974039942353125,0.812730262844962,0.872704735482823,0.917036735538897
"3450",0.971663197666124,0.973301041476992,0.717939643697147,0.797039750019995,0.902517994773165
"3451",0.892575878585426,0.898998011038701,0.727975508097608,0.659436889724904,0.83516646415935
"3452",0.933281048782567,0.943769525869535,0.845695612740168,0.93735893976874,1.02038905255446
"3453",0.959501698995311,0.873151289295202,0.907378527313851,0.981251542153836,0.980087457020108
"3454",0.956733598252326,0.978162991321069,0.636351869462723,NA,NA
"3455",0.945393418452129,0.96079605605105,0.856062183189621,0.83358891741182,0.843383318421788
"3456",0.929943649403289,0.945936034488138,0.754531812796307,0.755885861537982,0.904225414555808
"3457",0.878603710600435,0.898411383478793,0.783966593702154,0.815506495234818,0.82793053856296
"3458",0.937262898145839,0.964424717776745,0.836752931045819,0.817043783202373,0.918429590356848
"3459",0.966360357569239,0.969014719563716,0.730414550929948,0.786284776888171,0.911600665376978
"3460",0.97063127167635,0.976396942658502,0.871279045405636,0.817984161855238,0.806138288534003
"3461",0.898174730282876,0.891363110951974,0.799704882642518,0.855039482091736,0.972167666628124
"3462",0.869763717606756,0.895800128043849,0.687256691661773,0.773735516594852,0.854567838308016
"3463",0.982159848274719,0.977870010792519,0.684119652591604,NA,NA
"3464",0.958142940191339,0.972276179638516,0.738012259809292,0.692937110310805,0.838075160077815
"3465",0.960653309077117,0.974085566366177,0.802375861677906,0.861963697736797,NA
"3466",0.967530606672497,0.978869738630121,0.96297474643116,0.954449641869694,0.942396678677359
"3467",0.975146612056405,0.94948137502484,0.802758553502525,0.707286434510834,NA
"3468",0.937090789119637,0.950261527278716,0.868345956320201,0.899962695957796,0.988698780666105
"3469",0.9464589243987,0.836984473284827,0.740279049488567,0.820308903618957,0.953827974314468
"3470",0.973486981249735,0.988992318031649,0.698351285842965,0.557081223778763,NA
"3471",0.95281659555499,0.861822704391462,0.662367243009192,0.692299066091178,0.775738462992736
"3472",0.860032506588903,0.883038814287902,0.721038609758561,0.806113909999788,0.936043787343118
"3473",0.975942584889743,0.893715138757763,0.746549177578466,0.688729537493503,0.831342912137446
"3474",0.955185002902284,0.965275634345568,0.842292593031119,0.792644800782382,0.771382679966721
"3475",0.965519089610875,0.973052170729865,0.825163023025853,0.894085886936532,0.775569384703966
"3476",0.940919090717662,0.847985098362001,0.804116395715631,0.801998600328794,0.928046978657422
"3477",0.909161322626712,0.913164365755879,0.672981062342345,0.744469410746197,0.868736469117616
"3478",0.959363094704,0.959263559386194,0.904586172306839,0.974198560733921,0.988933372669819
"3479",0.913563319090584,0.94233535424295,0.839995526158515,0.889219243114762,1.01711769086489
"3480",0.967060513000475,0.957928113445029,0.78229823624167,0.8629927546239,0.906584330192064
"3481",0.957661744512734,0.865246783309284,0.764014881351315,0.753655525979456,0.889598440981387
"3482",0.949055489217456,0.965473366345153,0.755531130448433,0.826123606434818,0.901398920227094
"3483",0.91400527482051,0.922800254107547,0.904322758317411,0.977295033562049,1.07361722799444
"3484",0.963309200160387,0.9633895455726,0.728853835545686,0.627726180056427,NA
"3485",0.953355568468486,0.952838595814176,1.00896851470099,0.750884523170227,0.911165901209319
"3486",0.963246619080391,0.966174534724885,0.656414877984782,0.738320145606276,0.865724439696145
"3487",0.846234519143782,0.812180243755951,0.868591277805032,0.876353954326446,0.974841549105968
"3488",0.960127193111723,0.889180337132319,0.74655856539399,0.793122315343135,0.907681262348464
"3489",0.900053330041639,0.915765896988359,0.8899849463011,0.891596207441178,0.983096040408341
"3490",0.948630606334931,0.960344238206658,1.01990139654119,0.874586092185529,0.87448587674071
"3491",0.973860943983533,0.952669160538756,0.773463687774534,0.839286966977102,0.977804944581608
"3492",0.855133939629087,0.871797249197633,0.729524414914826,0.787336401930417,0.887060744606046
"3493",0.943660560220731,0.952589060666601,0.892380048755728,0.838207620211081,0.944250200251953
"3494",0.954727396936073,0.818316469808572,0.710931110370854,0.757490393811972,0.906975348070982
"3495",0.881841562890179,0.907275076603673,0.771136449608233,0.835857944154183,0.809063303108667
"3496",0.960617390109375,0.93629557582078,0.722595931803018,0.810558012990817,0.905697130516722
"3497",0.964959583106108,0.978909731712897,0.744863632820395,0.696336826653013,NA
"3498",0.935923881337905,0.945566251569515,0.845381682770615,0.869619280470935,0.964671577411756
"3499",0.95852486456195,0.974387989678729,0.777902849100301,0.841861744913331,0.935486197684453
"3500",0.951263876783859,0.959400064865028,0.858409070403837,0.921558488731521,1.01423383686523
"3501",0.947789379550154,0.954800891777289,0.809283900493112,0.882846679137832,0.874175423201016
"3502",0.97746785558397,0.988237681844084,0.815691152443123,0.876711682653596,0.964703046561202
"3503",0.952363090015007,0.911136047933834,0.690869950955209,0.786881838830822,0.900197933548651
"3504",0.959345384052062,0.976174464768094,0.734019473933639,0.780521063221855,0.915007099358808
"3505",0.921865094026664,0.939988251796805,0.870976646665749,0.941024391448168,1.03647948739836
"3506",0.939188683418008,0.951331761133727,0.924803897022657,0.974300938877542,0.807846398674529
"3507",0.961536910562209,0.97529450482758,0.799754565885038,0.882841033297142,1.00077176517714
"3508",0.94204519803167,0.952135602631599,0.751709395848649,0.644702872866279,NA
"3509",0.920430251965691,0.936997944865401,0.73775069940953,0.812997010272834,0.842632409863818
"3510",0.980272410853028,0.909194535216584,0.856724067381247,0.79436301739716,NA
"3511",0.941064339210238,0.901912277010349,0.741465720818265,0.81962540886894,NA
"3512",0.954783276149323,0.838282820916947,0.587067069763591,0.699870868429582,0.826500662734107
"3513",0.893714893286578,0.913149698723462,0.673185857166362,0.776931643710438,0.898765607752669
"3514",0.95064888912257,0.914643108319159,0.736430272759748,0.804161677252771,0.943480688736145
"3515",0.969572534173237,0.969115202324577,0.873019116858108,0.960567413509926,0.946391776645432
"3516",0.946492450697233,0.908883707023229,0.754127664625308,0.840833733343359,0.962097413377806
"3517",0.937767372089778,0.952509158175079,0.765582784526344,0.82896289851683,0.847938697478611
"3518",0.950745872224735,0.916664064082276,0.845355774083394,0.885187308373266,0.846812538977965
"3519",0.944141292995558,0.938367107394985,0.851665022470168,0.913255841044171,0.99212055958627
"3520",0.916394675060774,0.932673596489684,0.585660250749003,0.691484754826811,0.747961558154132
"3521",0.954992897282792,0.918851118653062,0.96934567366988,0.85685789510913,0.973019137171815
"3522",0.850801553774389,0.788774164341121,0.799575774237241,0.822448076500389,0.942252926873157
"3523",0.94890899578793,0.912193743996506,0.928930825096905,0.892471808595397,0.910561536225959
"3524",0.961145024914882,0.859788889169743,0.849462808715538,0.893280036476848,1.00573343037463
"3525",0.854799372630677,0.86866865970396,0.82970634255061,0.715174467993822,0.841610541618804
"3526",0.821996214625181,0.849249820491597,0.881485370980231,0.926671999431237,NA
"3527",0.916432355797486,0.937053071310912,0.763653312332305,0.748581894251584,0.747317767317682
"3528",0.959025496067709,0.969940005324541,0.833566469543028,0.884192171439292,1.00090528050027
"3529",0.91347270831643,0.936600927852945,0.882362786503981,0.725732945318046,NA
"3530",0.951586091321836,0.969067684046556,0.688363337377608,0.757793982703776,0.891719562858109
"3531",0.967536516797458,0.970604891300057,0.639456643072061,0.755346133973877,0.873161735973308
"3532",0.981240993532853,0.861577777062914,0.804784246048016,NA,NA
"3533",0.978190957045254,0.945934768333735,0.7121004936144,0.658080870394565,0.819287963734678
"3534",0.967626427196373,0.985635981243842,0.786015873728878,0.761415243487707,NA
"3535",0.936831156777696,0.952718130265968,0.868221638750303,0.762029690534802,NA
"3536",0.957647390566767,0.778780924588866,0.76660551046903,0.776560171013103,0.897198326390762
"3537",0.965699967317786,0.951811735672509,0.891118621163269,0.78329579413721,0.725156896433837
"3538",0.966864104276483,0.979762151777472,0.918076634845119,0.874355976339022,1.00014649252661
"3539",0.91728514749163,0.939600589082522,0.727894628755998,0.787887572118627,0.834177331084583
"3540",0.968714244140535,0.965191701819644,0.762367951418679,0.828393261358939,0.950454897749812
"3541",0.950278416123357,0.968396135502504,0.794250050726507,0.828393145705995,0.899419065578473
"3542",0.974708427973532,0.815940024288924,0.735546900879612,0.804809736971113,0.855515313347655
"3543",0.972193816219584,0.818273523243665,0.740646785099988,0.803936209262188,NA
"3544",0.960666467532224,0.890641157506983,0.641730782158499,0.707097507021476,0.825503853477323
"3545",0.966497549781633,0.971452609703482,0.906939958788431,0.968657438729913,0.939626399440525
"3546",0.95641819510496,0.96534632346135,0.83219370778491,0.752789877758516,0.839904786023607
"3547",0.797583920237364,0.816125170642425,0.74802972439142,0.800574825659875,0.942818038157235
"3548",0.967240185105839,0.982553212542705,1.02562952433314,0.765033205936868,0.871249651343985
"3549",0.845548806333139,0.793595775514677,0.791463979573092,0.836504833922163,0.994975932385979
"3550",0.939759495162135,0.944908693573451,0.85438481087329,0.917072785297535,0.888653419080896
"3551",0.9548337112598,0.96048131777102,0.688924202079045,0.747133898149448,0.895128307990566
"3552",0.957318725536719,0.937910083916634,0.814308074814899,0.89044288343819,0.997759453757588
"3553",0.971308644327351,0.978093675994865,0.76931423083427,0.762064461868789,NA
"3554",0.982725587914459,0.977955286353465,0.737058667333942,NA,NA
"3555",0.968991928506309,0.921441645206692,0.907708010962836,0.824803355227351,0.878765435842623
"3556",0.898452278466913,0.921796025342655,0.7323756358,0.809804490633625,0.952558060815546
"3557",0.957571334048819,0.94834060242781,0.835340119968783,0.915932735644245,1.00531566315106
"3558",0.909247949333367,0.924645966395135,0.6815900054416,0.743391506697614,0.870458071797138
"3559",0.945173651853207,0.668772126425975,0.726369784011861,0.792125439434425,0.921781828302869
"3560",0.971032709801014,0.985949667484584,0.70659392170475,0.786126057972072,0.912094767976854
"3561",0.914080220424229,0.867478414560525,0.807555408655162,0.8714542540293,0.859787935186765
"3562",0.975839350379582,0.974052072835839,0.801969628886101,0.74211272165486,0.866329169599942
"3563",0.974310277294627,0.865320446267326,0.72002836219639,0.694006381111694,0.826198887556654
"3564",0.939835318571936,0.947235327347447,0.690343220250557,0.786389655997887,NA
"3565",0.962056191629969,0.977663666358338,0.755395258346845,0.797816156667648,0.902873140985425
"3566",0.890332265039533,0.907903915121848,0.808949587046773,0.872770993450865,0.93451666775394
"3567",0.917656179539268,0.936868147652266,0.822868162052797,0.877079639455074,1.00164855251001
"3568",0.953562349596874,0.899422712777355,0.880819555472326,0.769112275843537,NA
"3569",0.913060386658025,0.931496077234655,0.714884109079267,0.698178084635855,0.771993963476596
"3570",0.954257279236835,0.957843898068108,0.740218924769632,0.753542784413409,0.853510846345733
"3571",0.957386036076622,0.959068850293093,0.655029567116046,0.75249122746131,0.777395184074254
"3572",0.943075232498769,0.786992192889362,0.759872399687713,0.815902463620133,0.934145423325257
"3573",0.917801739004097,0.930201053665056,0.688237285077603,0.785382280720589,NA
"3574",0.934232439975774,0.945616289274659,0.812166244396988,0.895491759082705,0.942171828789205
"3575",0.968824164524711,0.942916584030149,0.826292768449857,0.907034742903131,1.02071757376148
"3576",0.955361654301903,0.86264073757158,0.722979123349643,0.692099862967092,0.870151781191201
"3577",0.84609237731132,0.864063629307484,0.865642346515652,0.761227802983205,0.817601957823119
"3578",0.978959661197491,0.969228397874753,0.831536224359449,0.858224206424543,0.986013147702355
"3579",0.973364476195888,0.986479524247447,0.844117335433264,0.751469444098549,NA
"3580",0.964909240599395,0.939828678541259,0.707903177824033,0.818935005250155,0.769097808033994
"3581",0.929884749902701,0.941288691884089,0.724316800003482,0.78970797713283,0.900890571984643
"3582",0.963470111263035,0.989789349259549,0.83594318508597,0.880924441214836,NA
"3583",0.855467937622844,0.874965035834721,0.721691649201598,0.783404171334684,0.896387145093298
"3584",0.970509151547167,0.995038622502808,0.714821191500682,0.82774438312195,0.914844307305948
"3585",0.94791102630231,0.888174410808601,0.796422715889048,0.863271018511799,0.885124282337367
"3586",0.955343727540181,0.862284183502892,0.859699264838567,0.92036216362031,1.02105058075335
"3587",0.96468201588909,0.980789264330026,0.812928239747183,0.754361797506314,0.890754516932544
"3588",0.934315602531419,0.945424207119365,0.734435694456799,0.840853985441706,NA
"3589",0.918625389851297,0.940180592010152,0.95212954029794,0.862381148149757,0.797882118409656
"3590",0.958000733512652,0.915080717823309,0.713467371985033,0.811268616713761,NA
"3591",0.896204541586453,0.905847571352103,0.878355985784391,0.928681994021186,1.05424050807469
"3592",0.966853821254907,0.978238280432617,0.738568267857838,0.841475155942797,0.938913744191805
"3593",0.968049659757984,0.952583968860564,0.722082899835491,0.757180784945675,0.900581440818195
"3594",0.947659741728435,0.89720438167419,0.758486475797668,0.822611618106254,0.942779377231438
"3595",0.972473811836992,0.967176730139181,0.746678714712514,0.800048111217552,0.906748546509984
"3596",0.960560784542303,0.822849391897776,0.819504684767255,0.884440896298769,0.956836294076648
"3597",0.885612852529682,0.903043054826661,0.810248860720518,0.862962536237903,0.985308084364917
"3598",0.907690271509936,0.922399648459886,0.896932902053427,0.894343417969374,0.994582165924621
"3599",0.977883230375506,0.9688793187562,0.810970419974694,0.869547306333726,0.991527468550338
"3600",0.942001838731955,0.953126898623965,0.674923257834946,0.755158839044536,0.870620075626866
"3601",0.964232640675586,0.975907953517602,0.6495696942613,0.722005968225486,0.845260460880144
"3602",0.937513165435928,0.866978550986632,0.56625734686923,0.667380333832131,0.776528170522774
"3603",0.964732066818265,0.884010706061896,0.715461992720388,0.741829810503172,0.8019043339329
"3604",0.956527512021079,0.973268407934863,0.68304527836554,0.711992216363157,NA
"3605",0.85851743195515,0.87355980890651,0.920991844903317,0.950881122272896,0.874935917008272
"3606",0.960578690338935,0.697733813708291,0.730073881765573,0.79579301859906,0.919802444642987
"3607",0.958126652081781,0.985548276664056,0.843412337789599,0.90737001156393,0.944902248725589
"3608",0.966849893961934,0.905940000301183,0.91417715550385,0.774692703064686,NA
"3609",0.930469843176741,0.940682729001858,0.905975318314878,0.849134539791367,0.946787474937567
"3610",0.939086140210689,0.955946670207447,0.745704633066463,0.749744630024668,NA
"3611",0.960965889611912,0.974112306144394,0.738637431866431,0.767459490603904,0.739375644418568
"3612",0.975160727880262,0.977012208700438,0.76951089707751,0.870384484985526,0.967101857716966
"3613",0.961686348196899,0.926648923776133,0.716530421416206,0.784261780130164,0.921487171911892
"3614",0.945729365575916,0.831794309192777,0.90087417074012,0.888024481982369,0.972924973302933
"3615",0.919408054384196,0.92964999636701,0.778019021857587,0.844326990461329,0.974537321834222
"3616",0.981881016445726,0.951998107262301,0.74727203316935,NA,NA
"3617",0.912006316849891,0.922629139570954,0.792385152379579,0.846612643822677,0.98223487920835
"3618",0.928031833346833,0.947630717818627,0.760472690366561,0.831418020728146,0.942128597171433
"3619",0.909983146293271,0.919024796713309,0.887072741424553,0.816574262386779,0.942565603245796
"3620",0.967529935163969,0.784205055916601,0.84944957894675,0.742133115097264,0.786259287279062
"3621",0.975562020212419,0.901737240097734,0.771702738716451,0.84011703892708,0.945230149379061
"3622",0.959228710285174,0.968392576474133,0.644705937901695,0.711773513260516,0.828574593433343
"3623",0.961027456029595,0.889160496466724,0.741565726587132,0.845477099306131,0.909180907760936
"3624",0.969754042232829,0.969151454729594,0.752050360459903,0.827625286594019,0.927127650057639
"3625",0.961710420384135,0.973394949644331,0.781327119143736,0.844566209068004,0.976544611881434
"3626",0.88893348785735,0.895171582655329,0.805568725119458,0.810692314366736,0.736016816996177
"3627",0.966477167555515,0.82951906069652,0.847101152414443,0.91680198599259,1.04895161677215
"3628",0.902378691224337,0.852617732664927,0.786314396339243,0.874527875048094,0.962969495961419
"3629",0.936686095195663,0.94850829563217,0.592988671401318,0.683201463462832,0.792895247681566
"3630",0.9330979996517,0.946245529734627,0.853617436994685,0.826260182286909,0.835175136415032
"3631",0.935866306482836,0.956920161963947,0.514712045026758,0.607557245609498,0.745329145771249
"3632",0.975157132884158,0.959450661398325,0.823979533322064,0.866563650119189,NA
"3633",0.963952541835494,0.87060962144297,0.738144179065062,0.717333153968445,NA
"3634",0.959007724827242,0.977260196007111,0.782696854816369,0.859804502512617,0.977575770329648
"3635",0.878626048351287,0.912060237861404,0.697874694570013,0.803121141256154,0.913644298933156
"3636",0.886600383730898,0.896540856717643,0.658997306074519,0.751750930653023,0.866399372641907
"3637",0.865087006673517,0.844830887897762,0.888010223445309,0.836082788179275,0.826494423795969
"3638",0.839020333336911,0.767381831944556,0.832115906234868,0.882928923986571,0.995972487719204
"3639",0.927828844008147,0.914044492135123,0.775390555805836,0.715565828500296,0.841999816369099
"3640",0.948522377310355,0.891463789720472,0.940970739440732,0.762513686968044,0.871199149974381
"3641",0.970290583081753,0.975070945884114,0.890532151030973,0.949387262697134,0.857477617642914
"3642",0.969393210001201,0.982113239869814,0.921395146265605,0.863811911232161,0.799473551699179
"3643",0.970415489628992,0.974788464662531,0.788870890310459,0.835171779288227,0.991138481840329
"3644",0.899343567920446,0.915072066884381,0.766900622283769,0.80410525400539,0.946339877343691
"3645",0.866417757823229,0.880088220817977,0.760508788486619,0.830406561465112,0.965677853321721
"3646",0.969000088216527,0.979264653827655,0.82987915907415,0.916805098947216,1.01181161189032
"3647",0.972936033808415,0.839201387699464,0.669432681824669,0.774004641795008,0.85361524056938
"3648",0.959795536780846,0.963842403288482,0.68060114056646,0.757567827948423,0.828357523585894
"3649",0.979407106326272,0.821794255121531,0.73061262459797,0.691755260263128,NA
"3650",0.891328645589788,0.918054755862256,0.660790645492272,0.748562710638532,0.889326198061589
"3651",0.90932095832211,0.924615740874546,0.852487450406663,0.923674568535273,0.876142041745166
"3652",0.962414822234889,0.917335077773296,0.807579311814701,0.807595277564394,0.854899685129205
"3653",0.964492914808321,0.923440422115271,0.8187902064498,0.885740352277396,0.833608311416358
"3654",0.965566317333342,0.978857471244103,0.903793907264588,0.956846194105229,0.974337602847756
"3655",0.956371219035806,0.980511827519222,0.828461318009688,0.899990097249087,0.884597569865687
"3656",0.934198315315519,0.773478989048484,0.775843538541011,0.837093402468304,0.966909133708937
"3657",0.968185611621725,0.850174322590575,0.768251723354365,0.784413048653717,0.900655504729459
"3658",0.960054125615963,0.805379119065503,0.769322809459341,0.834932601239108,0.941362598549029
"3659",0.976137109074592,0.842642134913237,0.739300470711112,0.791659544153005,0.909528075091556
"3660",0.851509465588841,0.863784463970311,0.899129422310034,0.685642396012922,0.782260055200468
"3661",0.955022703145351,0.973140090713919,0.817137250550392,0.821328709649192,0.954676461042785
"3662",0.898527534194336,0.930051651277652,0.717119296803125,0.777716303469004,0.906285184174867
"3663",0.967372421834812,0.83896360381775,0.903402898470728,0.929826915937037,1.04812897286495
"3664",0.92183993002828,0.947010683964924,0.729996430730224,0.800951032046557,0.903518418255511
"3665",0.950429938558985,0.866376118375665,0.609307674482796,0.716856903852689,0.844218927948645
"3666",0.941900817648299,0.951956980561992,0.76290890478927,0.745927716906722,NA
"3667",0.903469457651042,0.89964882577798,0.801241134199261,0.746186319478543,NA
"3668",0.961928774091952,0.89705284567557,0.642751167045824,0.738018006528669,0.859125690761254
"3669",0.875120412380452,0.888876684520125,0.756813769583804,0.849131781968815,0.969345210148244
"3670",0.963268377886263,0.981993267895566,0.727311541183571,0.708836545420212,NA
"3671",0.946554123963746,0.957512020091722,0.789262081128998,0.768062823849024,NA
"3672",0.975802105202758,0.921960569972272,0.891545157552479,0.885050795057058,1.00111392452873
"3673",0.963819536113955,0.980927225239371,0.637447417552308,0.746266639990937,0.872142206563004
"3674",0.952854418593161,0.968127372438611,0.65215179755925,0.747777334387092,0.846182193728651
"3675",0.955785365321668,0.91580787562348,0.65715299455874,0.752471696203688,0.807673441743209
"3676",0.948285454024094,0.918171530659401,0.874301733537159,0.949933653493453,1.02958938436218
"3677",0.958762383040738,0.815474732003009,0.796783504098221,0.867300319176538,0.976488111408698
"3678",0.959135544089109,0.926695922901279,0.777242079431775,0.824543262376777,0.969241176748031
"3679",0.848793557727218,0.863449471836535,0.706339205214499,0.784411770186691,0.857642594413029
"3680",0.960992249063902,0.944467353800245,0.79867094583524,0.858654045920841,0.957235523951662
"3681",0.964602120960539,0.974998751942584,0.762128930378762,0.734190446732104,NA
"3682",0.966910374463119,0.986912994955169,0.805323559927958,0.877405559943119,0.816128601650009
"3683",0.920811530871045,0.929419202426325,0.827582098683258,0.755966899545135,0.886265084269823
"3684",0.957406507451348,0.971666428285248,0.947668387446476,0.873188308364641,0.967008724613729
"3685",0.87682195933152,0.894193970823795,0.815355097998939,0.855721565681046,0.962537138544493
"3686",0.965072908804867,0.957616093456703,0.884015952067012,0.939797609595443,1.05717643158051
"3687",0.965993459645964,0.978687604881049,0.959951650265144,0.802785041831129,0.876049204918908
"3688",0.961736974385603,0.968265167673745,0.762100743394628,0.854128004455116,0.962174308934748
"3689",0.970561403998834,0.895983698808842,0.797064169376027,0.897279846678817,0.99502968342688
"3690",0.953796841534408,0.869107363429925,0.873359020091883,0.922337667339871,0.872953405251
"3691",0.957650203127471,0.838829228031618,0.815070574145357,0.888075995622317,0.891008968106854
"3692",0.942979170689812,0.962309464738252,0.783655836823291,0.864842831325886,0.927190387497519
"3693",0.888287277225338,0.856647488086803,0.76404311247975,0.704462772487861,0.811888369985093
"3694",0.976828544695998,0.990530815890881,0.809164811925549,0.871004206909532,NA
"3695",0.905812229904199,0.919737916504679,0.781332690831056,0.870539680842306,0.966991425352615
"3696",0.961530849426111,0.750643609803756,0.794401967139063,0.85206877876123,0.929693272062578
"3697",0.859639910139274,0.876970169218766,0.715837073651777,0.814832227035818,0.919339566447829
"3698",0.958447546519361,0.913229796006662,0.594723924197875,0.69774850293764,0.777025553165203
"3699",0.975534705602394,0.824970312308643,0.675420859639293,0.740576486615124,0.850277267567984
"3700",0.96865768002889,0.883701482598398,0.673857859156879,0.756737382050728,0.898175368974602
"3701",0.954409361968831,0.947880124561343,0.774393510243387,0.833422156964017,0.874180024881188
"3702",0.94638102704814,0.931832801040404,0.651857906738194,0.737628039108684,0.792804974915026
"3703",0.949606703434066,0.961072565010981,0.741659260781002,0.827260129084202,0.861147736957243
"3704",0.924555759123765,0.941046181127459,0.878982687598006,0.824191901080653,0.872281420945193
"3705",0.964855901023674,0.988686130717582,0.996258374475766,0.928536064167697,0.988592883775396
"3706",0.9481343048486,0.960423850796342,0.767388972295334,0.843518431054136,0.970331081155515
"3707",0.963926696831758,0.881997067405842,0.663762162364254,0.714597880115585,0.83309561153049
"3708",0.925301307561338,0.946272790389671,0.780734245207884,0.872244652282538,0.949374569388282
"3709",0.924478726443633,0.93907427297407,0.790153438537212,0.894770157149739,0.968874973997755
"3710",0.951593764758442,0.961991176922396,0.723311843658502,0.803745994536858,0.864966973474072
"3711",0.910386950859135,0.918162725007194,0.780592277433927,0.833060332796959,0.955806207163237
"3712",0.901010656272743,0.933373209531351,0.87667536895011,0.947835898818358,1.02629462712727
"3713",0.926892766645682,0.937404749125842,0.768662683723692,0.771223678751708,0.875808748598079
"3714",0.917364947354021,0.930644874865351,0.820488092317681,0.887708657408873,NA
"3715",0.960531625908305,0.973133908260264,0.738462412973103,0.803676505031212,0.928331458511248
"3716",0.847670990924931,0.862668887176208,0.712298836206049,0.806326900876373,0.923891451235595
"3717",0.970385321643905,0.983443330941946,1.02251327168306,0.851200059237053,0.95632753008255
"3718",0.917644409777555,0.930279324541188,0.838897597806288,0.899870252881125,0.966514404573083
"3719",0.968936706323551,0.989220031691089,0.815265424577316,0.654310213741278,NA
"3720",0.957286945518671,0.970328989887536,0.858290308848547,0.823071311374455,0.927214760029957
"3721",0.950226551588772,0.966118612694074,0.732820191233906,0.806638571136181,0.937961016717457
"3722",0.890830802512545,0.905772521337337,0.783984660074984,0.829326921811076,NA
"3723",0.874641250686644,0.891949717117943,0.679918844368172,0.76270825923597,0.860735596826603
"3724",0.906791651703908,0.926929103563962,0.730398541914527,0.826820384826071,0.957641571033474
"3725",0.965759386607624,0.944762549914499,0.846575889281628,0.765573375255789,0.893388469632216
"3726",0.961400057424256,0.834555831342412,0.807657151011275,0.799751153487687,0.916701682579208
"3727",0.912187701496703,0.908282006826864,0.77281375824072,0.867678059060707,0.973357929512637
"3728",0.873487123706448,0.896722271198576,0.77299723130656,0.842554618608319,0.951734308195247
"3729",0.968117422589341,0.98522043940179,0.823303354114899,0.834559441241694,0.928789593267988
"3730",0.882281672008138,0.88497554385136,0.784310880976686,0.756566636642241,0.851575818672753
"3731",0.937193449448835,0.938081026627246,0.764700534719632,0.81325429968377,0.958448963850634
"3732",0.960601064523887,0.89573532290917,0.777483623058205,0.844252722499123,NA
"3733",0.964152631664353,0.959712247595219,0.765425241442169,0.820146865027532,0.901458682856383
"3734",0.985821845304745,0.977940648624323,0.861732388045995,0.880017677038528,0.996142547535442
"3735",0.981069028543857,0.967571472553114,0.772128132450052,0.84321859782871,0.958051685789121
"3736",0.939935348471615,0.914788509339654,0.678542564021519,0.647647135099925,0.824552432943177
"3737",0.960226421243525,0.970195556613266,0.679528126962818,0.745925447095546,0.888508446204521
"3738",0.911500717295298,0.922968886640494,0.609611816286088,0.734668042228036,0.787597197376769
"3739",0.956301623999964,0.97574235326143,0.912085601404976,0.989733779802471,0.944090288329228
"3740",0.960322077672213,0.763470578331827,0.755886501146253,0.771421515026536,0.8229789999023
"3741",0.961328316281462,0.923736588550986,0.751654391260561,0.676049483319716,0.824897881930129
"3742",0.970001174090557,0.965359634363394,0.861514654013649,0.830460887721498,0.930023188346142
"3743",0.931633896795174,0.943920929741613,0.820282597242269,0.885084719057206,0.970780339908277
"3744",0.91858560660731,0.940821144727987,0.768627151273462,0.722452209735558,0.778842191204001
"3745",0.950865254384652,0.956325238238604,0.763296752948184,0.844233528056373,0.955254009001213
"3746",0.958652462995913,0.970177527388128,0.76000450983495,0.797532610759683,0.865762734179306
"3747",0.943167610231401,0.833077304018467,0.674656627425466,0.72925916089606,0.713796555026414
"3748",0.960096435560719,0.973833760277634,0.793565126227085,0.86676878356291,1.008642430729
"3749",0.96479868106655,0.960436342470187,0.622158686332518,0.717564195644709,0.865319820677659
"3750",0.947195901016021,0.788224341579655,0.835095800398881,0.824656947945055,NA
"3751",0.949789401658262,0.947347680593422,0.710591012599628,0.787009336213075,0.903721196697967
"3752",0.934068700275273,0.856032186988388,0.785901317407601,0.733229517873793,0.828540046300008
"3753",0.909810175327493,0.936126173699121,0.803215595743943,0.877404195154974,0.972586741785484
"3754",0.934456542928873,0.948279811004522,0.784256241785701,0.875649942092471,NA
"3755",0.919553677662813,0.934721157262825,0.790669214012801,0.736969754632441,0.826759272933303
"3756",0.968485819404831,0.971879707913924,0.736841724469934,0.778587967223479,0.907302338327532
"3757",0.960552781038144,0.803516463340788,0.771558001265267,0.870128609200554,0.961453925817656
"3758",NA,NA,NA,NA,NA
"3759",0.96145404407013,0.930906629379343,0.855570973724642,0.952784707880177,0.941549444501031
"3760",0.918096089759618,0.941884337832991,0.605171086487411,0.68072074497815,0.806493144736913
"3761",0.893587779505646,0.908015950437609,0.670215886016589,0.725466409202384,NA
"3762",0.946060646175852,0.952702780037011,0.718829512726042,0.762934673080264,0.902737441561407
"3763",0.936571232033543,0.947112152343605,0.74784263151421,0.827293264532608,0.97903284125974
"3764",0.974244190713942,0.949536287588471,0.74868504103819,NA,NA
"3765",0.962381142628095,0.985211334420745,0.725693668895223,0.791462480291933,0.883150432213823
"3766",0.960194899893586,0.960045859218748,0.78418648154497,0.85637693102976,0.964576469820972
"3767",0.962308722960273,0.880859611352544,0.796740299102399,0.845033152873956,NA
"3768",0.916175306802266,0.815537641686342,0.701289943565734,0.784713266446733,0.876571614581937
"3769",0.972958085379776,0.894232438662272,0.77038898892248,0.84370399928077,0.968246507783999
"3770",0.948665852288818,0.966316424954499,0.649885764406598,0.700763557329151,0.84817695513413
"3771",0.926944321149485,0.937655272183045,0.949127429983493,0.850821596205412,0.822618364700617
"3772",0.95752297193019,0.97442110283974,0.752992012529437,0.81347407721343,0.951220780311948
"3773",0.972697402948919,0.885963491912234,0.720979169346565,0.790180324368705,0.919483021178079
"3774",0.95528552374433,0.974966589213337,0.854454990199539,0.880966937244795,0.994483464378027
"3775",0.939059312633837,0.844137025595416,0.816054426443029,0.891189920183221,0.860490865887028
"3776",0.921950934498069,0.936695090426183,0.922043096448739,0.964647023652949,1.07911794550825
"3777",0.967915852937894,0.978263591384904,0.839617877321991,0.89128210352223,NA
"3778",0.928276882298931,0.937666991367722,0.832773569608679,0.886897644366902,1.01256964613718
"3779",0.884265166499266,0.763500712700817,0.795599357313821,0.868366405965958,0.77035963906172
"3780",0.978031704069372,0.928472058053109,0.801572493299073,NA,NA
"3781",0.965372696199923,0.968417958027074,0.899438160120484,0.859757363313621,0.956252877486793
"3782",0.966633500140859,0.969836562732248,0.773615277175659,0.733086498644812,0.86154062854603
"3783",0.958112635908634,0.974285375113444,0.815196608727419,0.746707116002576,0.854978064130382
"3784",0.882827840284624,0.899851878081214,0.785879133481875,0.860141720720063,0.922182330756482
"3785",0.963748565881046,0.955370561421881,0.943043387873936,0.887473980689232,0.994924799106197
"3786",0.895724959920702,0.915512715040244,0.782513614537529,0.801454974644935,NA
"3787",0.919250886761696,0.904144539145935,0.672191753762514,0.745938637293433,0.87370237404043
"3788",0.962664346687812,0.974481908700965,0.826860927998124,0.739372952077407,0.864822750719586
"3789",0.966622799094101,0.977322756619423,0.810117546871455,0.879534776608275,NA
"3790",0.833834481627671,0.863528470228673,0.834489737691107,0.900357192750798,NA
"3791",0.968315725003576,0.749221001941412,0.745446083942682,0.827644015201418,0.892733352791929
"3792",0.969057712188338,0.976410411057905,0.810949807390483,0.887689258657415,0.985513008038952
"3793",0.961003672820337,0.968744592155787,0.684806388858547,0.764162205435705,0.795261749195099
"3794",0.921232772372637,0.912224346311223,0.693044438965075,0.76710591600903,0.875803517397816
"3795",0.86266040263892,0.7609558821412,0.815359013700768,0.877059805896914,0.905394538985967
"3796",0.930496325514091,0.948886207028684,0.881122720044072,0.805015000214737,0.908246244074571
"3797",0.945981819109718,0.892894156098743,0.597664118969501,0.678639087950253,0.802367178815834
"3798",0.936301419965765,0.90351291832734,0.763373064692298,0.843434871583081,0.826807461769893
"3799",0.97656929573116,0.748989771369866,0.825115187807497,0.800364907824716,0.906555177015596
"3800",0.984915149230878,0.972628786850957,0.79957910352794,NA,NA
"3801",0.978378827361548,0.810472173420989,0.753779715137348,0.827289994248188,0.953879500716624
"3802",0.965885690571245,0.861660779938741,0.701784371626811,0.789774788483597,0.883251297891295
"3803",0.955759267409659,0.962063837313982,0.662177903790102,0.768710032146252,0.908209436089719
"3804",0.918959602621495,0.917698046042863,0.878637110213658,0.858210246660965,0.940146679597315
"3805",0.907938915404149,0.925679362459356,0.820476387230681,0.875925287161507,NA
"3806",0.927423861503267,0.945715563396538,0.632159362046598,0.721316209120917,0.879047547424373
"3807",0.917438648899118,0.941815697928768,0.625097032304304,0.705457391453303,0.845674062983168
"3808",0.961594267486552,0.974301675905201,0.812904230046304,0.867651656515459,0.689384286509616
"3809",0.959906957605967,0.970416643594326,0.690218743859542,0.758586988939275,0.895723247750868
"3810",0.957927237669218,0.780425236801076,0.621957156739634,0.694086869046129,0.76706081637808
"3811",0.923861846148622,0.939370366023706,0.699613036123455,0.775166264518473,0.888170322000385
"3812",0.919479123675246,0.932891126358467,0.853719624748147,0.905347228635918,1.03457277466155
"3813",0.969813082070037,0.899082137272636,0.845230188701371,0.700804181519163,0.830626056011564
"3814",0.924212113801469,0.939436210445014,0.722214406396742,0.785741600513018,NA
"3815",0.929603986030712,0.82872764723815,0.707188724858876,0.792936354467815,0.90248016376285
"3816",0.919661235721208,0.932416590701497,0.691059330075477,0.779067622881422,NA
"3817",0.877041819101003,0.895024933982756,0.903522215948152,0.765595482581671,NA
"3818",0.965083044859858,0.976127614103577,0.767051273382391,0.849242492487048,0.916103668774469
"3819",0.945310333981643,0.813425222462174,0.773050159614454,0.726970196511077,0.878351863239303
"3820",0.950239971085089,0.687926011235071,0.721546766848014,0.780786020247041,0.867884121626742
"3821",0.943002683014301,0.959426761266345,0.884739882716861,0.821005581025539,0.951967924317941
"3822",0.851330212943313,0.856713050012154,0.84442965666282,0.863924181285054,0.970340098222347
"3823",0.967324193157463,0.974937621332947,0.921365963047312,0.963003712760455,1.09341135181077
"3824",0.96438945392858,0.80306438865505,0.665131183250884,0.746108241513035,0.77040739230655
"3825",0.909704698710509,0.840684785135076,0.670212326639001,0.736828237408211,0.912159337426671
"3826",0.921301225353818,0.942249021709145,0.63890428974695,0.745534911854067,0.87833976699542
"3827",0.949641434931041,0.959297456849659,0.847823897223414,0.91261464373639,1.0204755621501
"3828",0.917821903259759,0.937412466491854,0.762454213880488,0.848109679057529,0.874351713404809
"3829",0.921034774228143,0.940680067142732,0.833026222794737,0.719285966948026,0.830713275282535
"3830",0.974285267314918,0.917891688982913,0.61521034636199,0.754165888527627,0.832232598899831
"3831",0.917413084119608,0.927967872839744,0.809085940833891,0.886243548144039,0.922366418890976
"3832",0.770428452912264,0.786317799890969,0.861828115556363,0.916562547822422,1.01712542459254
"3833",0.917156810384409,0.934410393778599,0.807879955239372,0.887693772639605,0.992435334409343
"3834",0.916700072087226,0.943395953813888,0.911145307432847,0.824328556109403,0.789115194971445
"3835",0.962533440370111,0.892465888102045,0.604432975555551,0.721004257485406,0.826508543123153
"3836",0.884720723431138,0.850768867755432,0.738803094756264,0.806090258434843,0.905704032515708
"3837",0.956712559676973,0.963748233785584,0.771057257707314,0.845156933662676,0.913299226282841
"3838",0.970681136562245,0.944136179514098,0.753259755525995,0.799164596980139,NA
"3839",0.965619906484418,0.845148387605351,0.914188999760581,0.953652238058692,0.815119608200245
"3840",0.958075712274624,0.905077619139243,0.790262134190422,0.877550007887492,0.976885008836665
"3841",0.948803379002077,0.960139454192403,0.723051342410564,0.814030901480656,0.921723646051409
"3842",0.952224410010132,0.819353894890971,0.753830830676886,0.82907041347538,0.953121185679619
"3843",0.976440785433708,0.988833293309345,0.828550841579024,0.714726844631231,NA
"3844",0.884981407596555,0.779734000054594,0.825007871254379,0.900544659733315,1.02347960159076
"3845",0.894782097596325,0.908145933665878,0.83894206195561,0.814341985418974,0.931444863470157
"3846",0.960445928755447,0.953273310590238,0.763788258952405,0.832996653557444,0.961940951226384
"3847",0.848172891855366,0.865750769699553,0.755770576927641,0.836597096323268,0.883865682625095
"3848",0.960582464382559,0.959029180266687,0.911560581142889,0.919735491055124,1.02377849418311
"3849",0.96773962321465,0.980543072115253,0.847808668343818,0.750015326742948,NA
"3850",0.888627136257906,0.90484886830756,0.734297031969091,0.763668070493941,0.888897525964746
"3851",0.904869626966021,0.929456420838715,0.828252562720849,0.751806223902163,0.874027645232141
"3852",0.869250151896642,0.897994074862121,0.713582823223891,0.778493035507571,0.903642820290387
"3853",0.93996465462513,0.950533581140524,0.909367643743345,0.96143584502335,0.980743465969035
"3854",0.953750964283146,0.83942248590931,0.753107281808172,0.821008256989507,0.900005596183571
"3855",0.960931407156426,0.886933057617347,0.750919204575123,0.807410636417373,NA
"3856",0.823754705035391,0.698657111327037,0.748715729489547,0.851916082476651,0.955565923558883
"3857",0.960629269451294,0.934919091001422,0.816330830986255,0.87182147099715,NA
"3858",0.937483050381537,0.952919953464036,0.721706998339645,0.808716449919945,0.897763433163606
"3859",0.90079083660193,0.879863135722441,0.742233283558578,0.818332471041889,0.916112151868719
"3860",0.973523302376613,0.966504599331188,0.805238312361983,0.885445231056073,0.758560581761294
"3861",0.961846277881496,0.845715031424401,0.635846721850655,0.723938427580103,NA
"3862",0.882069272702585,0.898337288302143,0.775782451350715,0.854553302465177,0.774392797615674
"3863",0.890694364225913,0.866984222073938,0.923137783287835,0.750630031346209,0.886782467215127
"3864",0.964508043581646,0.92722290456792,0.666732028137626,0.680834047357432,NA
"3865",0.964124637446718,0.966347971074028,0.720291387629744,0.801560320937861,0.932965810946371
"3866",0.981664196198515,0.948318241511536,0.827758318987266,NA,NA
"3867",0.939522665009942,0.863109308999156,0.730373241204609,0.641537848206296,NA
"3868",0.955622003986521,0.954699806029078,0.727757149434477,0.677967935245069,0.836611139883484
"3869",0.977942935234344,0.973349080542156,0.712875044888235,0.780877029737626,0.897193276491939
"3870",0.91285239205697,0.928321134971301,0.84808876044054,0.891663445506856,0.826694052986545
"3871",0.925158018526644,0.942377516957761,0.738913448807126,0.795025688521838,0.893403640850257
"3872",0.954307955054642,0.853149986609094,0.714268611458261,0.756650274770579,0.892924370223455
"3873",0.884139434335173,0.903598121091313,0.809215557618945,0.873194535541722,NA
"3874",0.935458092211251,0.908091877804929,0.866357910887733,0.912795603720732,NA
"3875",0.971309327490291,0.733972446173346,0.795243843814836,0.828081535953104,0.953961165303821
"3876",0.967929177839987,0.962170416939006,0.910771973675868,0.950447050832995,1.05706393075247
"3877",0.948324631386706,0.751685414683606,0.732299860971407,0.804084680505155,0.9401047369428
"3878",0.958813654024859,0.898513572156101,0.66069861713662,0.760550390863219,NA
"3879",0.942915125702117,0.951643145334615,0.802864539022673,NA,NA
"3880",0.964913190924923,0.952195934587991,0.782662934393819,0.854163983435494,0.968693287172216
"3881",0.924667743734121,0.928376651312275,0.852133617007427,0.919124307613812,0.982282850525146
"3882",0.955877511122207,0.908351207696731,0.85944586028189,0.77613290644248,0.868510945100366
"3883",0.844849425301759,0.828683228081151,0.839373551769056,0.823063499328567,0.841994889279774
"3884",0.974786491611917,0.911755441364451,0.758283341872722,0.792800975997245,NA
"3885",0.977034506555454,0.990714043538088,0.717828511952399,0.629151871202928,NA
"3886",0.953968050845226,0.950000291267661,0.635012213935705,0.707719217199948,0.858223096510387
"3887",0.922536045553829,0.934592207159585,0.752878740695315,0.819968913836878,0.950369770786009
"3888",0.938267857498932,0.813158571146271,0.824149078679639,0.888639728897777,1.01974746032198
"3889",0.957676173792146,0.915334659825056,0.747840320837354,0.772239138537573,0.895535165303783
"3890",0.953022164012008,0.820110315456904,0.722918582999998,0.763797759039117,0.894717784084611
"3891",0.855711075426465,0.828371798856052,0.88070447828141,0.963224745420018,1.0623682640304
"3892",0.94592078327909,0.95429159705282,0.724222459421258,0.781808123313544,0.912636774744688
"3893",0.889147456092606,0.735461379223791,0.79808132043396,0.866705800645696,0.981069849975887
"3894",0.863082017429525,0.822475631076141,0.759174005665905,0.835124714718815,0.955428556611896
"3895",0.963522887542836,0.954883692778679,0.781891758088567,0.795484787870379,NA
"3896",0.912598510747313,0.903592228030451,0.748340937149222,0.832353786266954,0.840046853673024
"3897",0.952738525429122,0.891070315469959,0.646649051387521,0.750465935135687,0.892475447723131
"3898",0.939375287728166,0.947957336758515,0.771713289053963,0.840110383174867,0.965734986413342
"3899",0.953676922920689,0.911755854082578,0.774104564854163,0.675747463101743,0.780367240911718
"3900",0.968519459124899,0.987535770292739,0.746115025077399,0.789192647904323,0.845176593978097
"3901",0.937177267768553,0.872170796602993,0.729848442345383,0.818940237528159,0.909234240668705
"3902",0.966141003280692,0.977684755155089,0.892081226155048,0.870704158867975,0.986440586285214
"3903",0.968317070970959,0.976919908598549,1.01090182325596,0.778947794126622,0.91710153165894
"3904",0.965334605365064,0.978217876668321,0.829148931007709,0.755282497746148,0.866565077731216
"3905",0.935253763522529,0.914969702153752,0.777023076650648,0.833303254755362,0.925622784983288
"3906",0.884584946044644,0.860121146295086,0.913193391493387,0.908079930632199,1.019376000755
"3907",0.911364433474583,0.865540023711522,0.719534809821519,0.779763549153633,0.90536663163731
"3908",0.90773886626468,0.922568214278842,0.79435727572761,0.680278823543474,0.830387218877711
"3909",0.956368499803663,0.961832390932232,0.762296137792691,0.845770836211564,0.972189579221104
"3910",0.92254152766588,0.932560071554617,0.836125631841615,0.914039407230893,0.990556094960079
"3911",0.90675777558344,0.914966130492758,0.766583466552704,0.836807851626193,0.950055385694748
"3912",0.934955515011202,0.938065983478991,0.8407825200314,0.910479066134854,1.01696165724504
"3913",0.980308386695308,0.978271886631276,0.904267248716529,0.858879907308539,0.936689172884343
"3914",0.980187421509158,0.989361279412939,0.835761414861153,0.92647092742649,0.972723809829156
"3915",0.963166110456484,0.97718023543847,0.680275808650097,0.786868640964965,0.888231013743434
"3916",0.959786409472982,0.977815918002095,0.710221785419154,0.792943896378558,0.915107388208769
"3917",0.979989252366749,0.949166128685601,0.672287618542404,0.76158559372084,0.870125262982049
"3918",0.864273122241245,0.802080173473666,0.798332920926551,0.658678172001121,0.707494885870047
"3919",0.941153187668571,0.964203768235635,0.809318575553883,0.860000676792837,NA
"3920",0.922411564947686,0.943035490528522,0.627539169459032,0.705685353344315,0.856117013041771
"3921",0.979317941139994,0.898253613261725,0.630321121531102,0.711705750579672,0.792409703776209
"3922",0.979541090357299,0.951918730409294,0.808263279929933,0.859030350137228,0.971794375796714
"3923",0.916336906057173,0.924565061035642,0.868639692901929,0.927877317622744,0.942771947475035
"3924",0.913900069259386,0.926902516717021,0.865938361552501,0.936803161348808,1.0352089669304
"3925",0.970171374955891,0.979913865868556,0.621484415708611,0.749234754818691,0.852330129901963
"3926",0.966819930343857,0.976267627994327,0.727836564330579,0.72552230464092,0.863171408291884
"3927",0.911949181675384,0.889555119740826,0.80764791384601,0.889446576927041,0.995205967666488
"3928",0.891346414413986,0.782760873221653,0.810492024691804,0.879350932505093,0.992506176882823
"3929",0.974790320567383,0.945305626428596,0.674125750464231,0.762016939530316,0.869898712197926
"3930",0.942971985323436,0.877412208830862,0.755270356555295,0.830111470066541,0.952643565686192
"3931",0.97433545939448,0.804629833672496,0.766977869035794,0.756296928072019,0.862714376623876
"3932",0.96874161768347,0.817962524551245,0.724412438118678,0.800615796638124,0.874176826925358
"3933",0.973363330256466,0.95936272258612,0.717959545537156,0.797764042686932,0.945462353307497
"3934",0.963852711195517,0.983466504201997,0.93507827048452,0.786236326098754,NA
"3935",0.961565650381796,0.972926045501038,0.860616744489186,0.870464172248452,0.93894156555449
"3936",0.930173377067844,0.939626975337217,0.807752397964173,0.886855707958037,1.00197438364558
"3937",0.965743834668049,0.969727298072499,0.890287258080721,0.962688252771842,1.07723870349611
"3938",0.959906268612904,0.975509610476332,0.799188823075223,0.87494207934152,0.927247138430434
"3939",0.940445682707018,0.960967246883954,0.704906588483765,0.803539175945399,0.830776765164226
"3940",0.954674554119007,0.921084272468815,0.821515177861571,0.884539895937038,NA
"3941",0.8771269922911,0.882855646991204,0.844842626243539,0.894605096112573,0.86893984746779
"3942",0.956555882328256,0.969072801857113,0.714390923547357,0.75071948836741,0.909936711775666
"3943",0.972446706086836,0.984706392548652,0.763755720320751,0.834617029899638,0.959233205429498
"3944",0.94647813724873,0.804101846245802,0.684199866912033,0.774053278617352,0.900646717096296
"3945",0.907022959526642,0.896678736305588,0.644723512323436,0.646703519089923,0.819611999598818
"3946",0.964631021515766,0.980616317579032,0.822963836199936,0.86685353418945,0.912374632944118
"3947",0.885186387405871,0.902018240788103,0.784722333923312,0.66468272352147,NA
"3948",0.941279061584897,0.949403449534879,0.738560210483147,0.797567172872631,0.943355683125015
"3949",0.971775180775812,0.863181072653079,0.899503664502665,0.96393573014023,0.998481903927737
"3950",0.940419833882885,0.972340993776366,0.820395848198978,0.899473398127107,0.912527632354818
"3951",0.934305361005365,0.890953048300861,0.930094483865849,0.773070113580427,0.815657891746984
"3952",0.960568719492918,0.903284356917623,0.830548250473139,0.875448810819396,NA
"3953",0.9419397615934,0.955487977115245,0.993412407341736,0.775249079593343,0.890771648048713
"3954",0.918365661873988,0.924796833139919,0.814780032327806,0.72654783578161,NA
"3955",0.960346390131257,0.957375053172006,0.852924475126181,0.918832561506543,0.926946245380671
"3956",0.891536433000023,0.910195964933483,0.799416173787844,0.86282964742266,0.959600481134017
"3957",0.899873613980366,0.916847960251321,0.716771948599465,0.819540848593123,0.921327175028689
"3958",0.962047561555243,0.87174386933135,0.822773805776127,0.889322035076447,0.935333655535891
"3959",0.946346651413408,0.918715468501572,0.776001486887634,0.847706775764494,0.929833089993446
"3960",0.975732553171888,0.862460194153275,0.799701731747955,0.719360103209398,0.859969429046512
"3961",0.974029950801816,0.935450280777079,0.808805407228223,0.857416877686562,0.75506994483243
"3962",0.967627024927562,0.98408625829211,0.908359842313552,0.860139030501678,0.991390477973962
"3963",0.959081762264089,0.910099212001749,0.788264387523107,0.864355580254646,0.875273813186417
"3964",0.964628902395299,0.934332796516536,0.780999641461396,0.828154196648179,0.86727416827429
"3965",0.964549878253341,0.974584258023719,0.731311835198956,0.762517227446206,NA
"3966",0.898759245945654,0.900056797917031,0.958870933576192,0.77951270850789,0.922119824338652
"3967",0.956239334175161,0.890904314155548,0.753895638108804,0.82874727447326,0.958329821237217
"3968",0.9544140230696,0.913674246729951,0.796291258320826,0.728526206909827,0.852891123537873
"3969",0.963456047750603,0.946688848598726,0.738981052199679,0.734446472301818,0.719695655324502
"3970",0.963619883386368,0.93048542285774,0.976709852022122,0.796291227786628,0.912534790604336
"3971",0.885645562442453,0.897582487659563,0.740194432320595,0.771321573403366,NA
"3972",0.856765859031815,0.79495009085889,0.740324786598268,0.808358160069218,0.929450608426917
"3973",0.907949926757535,0.915156825468926,0.843329779877463,0.891743737459108,1.04258492675866
"3974",0.977481578833364,0.988662181681616,0.825142040548743,0.857749930303639,0.975517830431668
"3975",0.89944592691819,0.892462900891068,0.944746104272833,0.82769481873243,0.941496668851542
"3976",0.953170098019589,0.964452153540247,0.808899688624508,0.90178529357667,0.995351923127263
"3977",0.938280225397675,0.945012392220607,0.753961769758057,0.822522364789484,0.90510047152841
"3978",0.96545078720294,0.980948360378363,0.914925628763857,0.818483738090982,0.917502751491092
"3979",0.97198742709003,0.912934735115431,0.789347942808027,0.850007416620448,0.960691455490674
"3980",0.849873639374453,0.834964861196754,0.877697280760453,0.827043526313055,0.960115799510183
"3981",0.973222915444498,0.921406926044493,0.988240743795064,0.855644515534123,0.960829185569476
"3982",0.95714937369085,0.959925963114221,0.696293263939418,0.779546298668229,0.898754994837451
"3983",0.864334419052431,0.880712397308497,0.770897893881403,0.83895670240731,0.886896973368454
"3984",0.961106789502444,0.843880809992554,0.754610781650137,0.751874490504308,0.88721670207715
"3985",0.875652872398647,0.861470288632744,0.673937744046698,0.73490585529991,0.854686446356034
"3986",0.972112348655885,0.982328602312117,0.852689269182078,0.881298952813247,0.994755689653654
"3987",0.840530638980779,0.864407491997874,0.795110989150489,0.880266931039083,0.930618297357435
"3988",0.955768179886884,0.97523706246447,0.716642309113727,0.779553397226878,0.87374251063749
"3989",0.857638804732974,0.868624627412991,0.793826379909261,0.698471846532776,NA
"3990",0.941119978779731,0.93612783738056,0.739050012738422,0.802317234343159,0.947454479641014
"3991",0.919985867454645,0.946322092410421,0.954043501811947,0.914055688856336,1.02757313806157
"3992",0.950330027587418,0.822257331836883,0.733531374576276,0.821952436966785,0.823429533247077
"3993",0.932888631675324,0.946766579499944,0.653183123709522,0.75386004002573,0.785470466958664
"3994",0.954112197579083,0.970612570533844,0.746954841419096,0.817941918156382,NA
"3995",0.965942848654109,0.883057537384282,0.823832553108759,0.904347765338303,0.979476274094778
"3996",0.920428301821637,0.932611822609704,0.81995761032958,0.887405607055164,NA
"3997",0.956931707137347,0.943262927871872,0.81387983889842,0.866527545692644,NA
"3998",0.927899010916608,0.944066156383878,0.793033652195424,0.864577067623805,NA
"3999",0.95989255100374,0.962904785765105,0.764219831511516,0.743307887656217,0.872793234067571
"4000",0.963116980638697,0.8912642054027,0.699665391980786,0.747436868356292,NA
"4001",0.943182134316822,0.947560587659798,0.744905027278263,0.759245678723214,0.827954484439548
"4002",0.968215909549899,0.979658448208803,0.71306735880065,0.799510480738476,NA
"4003",0.975026452608092,0.972965424897067,0.68180724758532,0.782489727379948,0.922930064566914
"4004",0.97341850557993,0.991184156975033,0.765584833124653,0.640707514429626,NA
"4005",0.888798149996272,0.809457010263499,0.866801490894499,0.847541671330568,0.931511892270523
"4006",0.97531588383615,0.976273563360612,0.808026911067676,0.857189914742917,0.96598146706335
"4007",0.978775539810248,0.838839732296062,0.915159327200899,0.938251961573521,0.937724397023501
"4008",0.97124517517184,0.988723193565716,0.718340308392483,0.836770197337511,0.767185965461505
"4009",0.976447175344329,0.966789481611152,0.776629863928545,0.811835250893174,NA
"4010",0.970364763266255,0.978505968378149,0.877022552007689,0.901201413348869,0.956063203620546
"4011",0.956141795773923,0.966390304883199,0.823551671961023,0.902916270018837,0.998723379332004
"4012",0.828611666872784,0.844373616301517,0.754286253960664,0.850894042832323,0.959242146999215
"4013",0.831980718874878,0.838545306818503,0.777304478979704,0.838313631016979,0.907602817402783
"4014",0.975232085468532,0.997102732572701,0.918501390406608,0.823887018724369,NA
"4015",0.984075945418326,0.97206898206907,0.903723198687727,NA,NA
"4016",0.972620307140258,0.845944923375246,0.710646020534678,NA,NA
"4017",0.875991160361913,0.892921279434045,0.788130538827224,0.770314977966286,0.876217401685271
"4018",0.950412360121886,0.966142547917161,0.732250967687138,0.796095846508244,0.911780279201066
"4019",0.909695255337293,0.929290093688501,0.605439225689165,0.70112338656195,0.822888867912394
"4020",0.949044872673365,0.965366125426529,0.866656940791662,0.830916551770727,0.928606370397565
"4021",0.960784237612361,0.95807202960888,0.935212990051337,0.787642056817724,0.894749060686925
"4022",0.957943095201339,0.932755652165447,0.776312852007734,0.840636029686779,0.959272588766735
"4023",0.847415961659665,0.758944951630659,0.809907150491607,0.78238775308089,0.898656004824226
"4024",0.969096948270695,0.980990465278574,0.942731813383578,0.830444730856316,0.937783898525183
"4025",0.968033656257416,0.773497229591644,0.806878014950455,0.843845130881591,NA
"4026",0.976453985903286,0.986909930788087,0.580501871174773,0.668462372052608,NA
"4027",0.82311731178711,0.832413664175864,0.745479196742279,0.825192302049948,NA
"4028",0.889528239135291,0.868347009310839,0.843588732286603,0.797675817610631,NA
"4029",0.957782782114097,0.812933464432148,0.771462281567948,0.844838822600831,0.921284787158412
"4030",0.95266201939998,0.966127642759437,0.772982477720692,0.824424004348873,0.96144259404322
"4031",0.974723809440994,0.954385745092654,0.582021637650624,NA,NA
"4032",0.972831067025542,0.972988942209863,0.769304531450107,0.820779738541103,0.932160321407382
"4033",0.957168556678394,0.976404181364429,0.911447527078457,0.977954354690255,0.867238975018245
"4034",0.937480861272204,0.951264522894318,0.997462484667933,0.94546588548084,1.05698624383031
"4035",0.924701842518779,0.933211060888841,0.895684689282311,0.945498321477854,1.02795485418958
"4036",0.874126765494623,0.88846269057385,0.873965630605067,0.936883408297345,0.994503580958651
"4037",0.964293551099672,0.816396249877045,0.795895165838093,0.798762734528081,0.912585769129769
"4038",0.933000848773777,0.946449035322413,0.898335288893449,0.864886933322916,0.976216103853242
"4039",0.807966276661128,0.81976349990169,0.752085584083137,0.815509014620127,NA
"4040",0.967536111783136,0.714852514497339,0.777122887504584,0.814817134687087,0.922979588868392
"4041",0.94056027559437,0.962077864022275,0.703986465768128,0.763890194688014,0.874486266710234
"4042",0.970784492690601,0.951414384348102,0.838846408349425,0.902505968625933,1.01299979103238
"4043",0.939586928821296,0.949631861574658,0.657610595552692,0.743180836630664,0.875833767151999
"4044",0.97123075581027,0.972241693217113,0.790251051861985,0.841922299879152,0.959272299454646
"4045",0.919817138572261,0.928491988217465,0.752483074101496,0.811849982929175,0.945079226570342
"4046",0.969496456002067,0.961427936151489,0.817718353379301,0.875826466025101,0.971793309737231
"4047",0.927995181268135,0.937664930654587,0.868538211686549,0.750218582318293,0.897750105741006
"4048",0.913224449728684,0.907462266285487,0.835280850249272,0.90633684928578,1.01420378844025
"4049",0.942719276075744,0.950510739516102,0.786894412486142,0.8695379560068,NA
"4050",0.965537588870043,0.898629458579037,0.858482677719258,0.882112608865416,0.912910413222754
"4051",0.943001468025121,0.95848473521035,0.830900926238932,0.810163088150802,0.858582731224866
"4052",0.973675491521255,0.963117334535102,0.758044150871155,0.844435287514848,0.917035054361279
"4053",0.955004288427003,0.974247305299017,0.869834526207268,0.875966432937814,0.993051159914469
"4054",0.928167060497774,0.941722816707831,0.814619877890062,0.884449798106344,1.01438638973625
"4055",0.95815215633309,0.790563681980715,0.779750272368682,0.695947744820075,NA
"4056",0.916628512471651,0.946346847275608,0.779260578049526,0.845603700125085,NA
"4057",0.966933739438721,0.981835198651489,0.772885419381547,0.807030874155829,0.815518893542041
"4058",0.975744339545239,0.966105200075937,0.777720265410417,0.851615637239117,0.882379809737871
"4059",0.914591990288973,0.939685198320337,0.71493488887365,0.789204587424896,0.915271895423385
"4060",0.986336500669409,0.977760213599803,0.716979531797644,NA,NA
"4061",0.951640023059146,0.891831381992213,0.713839512893532,0.794150732639607,0.90916530282997
"4062",0.977295313270127,0.953968267563322,0.847504650364205,0.742550903493091,0.861925877067134
"4063",0.817424484998023,0.830478351502821,0.819064448720756,0.756586030046156,0.837785952618134
"4064",0.963363720644673,0.969363925661053,0.779338660889839,0.843751581636558,0.968790362039445
"4065",0.843460440522965,0.864185813881745,0.81460313685375,0.889481543645958,0.981085865135109
"4066",0.964033527031476,0.824532736896721,0.704855869013624,0.77183694679733,0.892552966467633
"4067",0.979969665784531,0.97607736902086,0.676171524679176,NA,NA
"4068",0.973012789184697,0.914242760295487,0.816803381980813,0.784389614066643,0.898931525049183
"4069",0.971976330479897,0.679486862193155,0.707867396307849,0.784370346127655,0.905891049594594
"4070",0.940434692812011,0.947185936773969,0.908784439030258,0.961448840795467,0.924843294649556
"4071",0.979247237524646,0.950731360664612,0.719563750060093,0.785605443276867,0.906226801918505
"4072",0.96515447849805,0.778406864177166,0.707732403275868,0.779281943088019,0.918480582752767
"4073",0.960198839491719,0.969298711021207,0.804504085592316,0.881670442399581,0.966178443072383
"4074",0.969091446228413,0.979695114422582,0.909375276217044,0.931261366237291,0.775828175540844
"4075",0.961126949227113,0.974444792885813,0.758372170473953,0.80965405091409,0.931899309266337
"4076",0.953890209437932,0.894270817624818,0.887538675794279,0.765033788051959,0.886253024200801
"4077",0.922011918039696,0.944760223722488,0.810340171064126,0.863638515915051,0.92871368369587
"4078",0.962712441993202,0.976949501764053,0.682487252008537,0.760616259201452,0.896148888127014
"4079",0.827141597672885,0.724856107814826,0.664447188834685,0.748812523109011,0.888514889904174
"4080",0.952817423588287,0.969175651419089,0.697002443471604,0.780738383589409,0.898056517726605
"4081",0.950025138941183,0.964377019090371,0.950243266067798,0.818551245938226,NA
"4082",0.939549446492574,0.864020678160674,0.783984917629122,0.840966611555654,0.948619883518937
"4083",0.942713775818802,0.959922704140647,0.769903650343278,0.838347316366086,0.945152572254672
"4084",0.957733666109652,0.980011124213701,0.804544071864443,0.825846559606026,0.950475809289541
"4085",0.95993028010458,0.954536125524795,0.99919666740432,1.01740846347987,0.905085082429629
"4086",0.973868940004904,0.86639803194521,0.813036727643059,0.883241746670549,0.986511927282661
"4087",0.978337910862673,0.98005447661447,0.941905669596924,0.828883709976102,0.953631968718282
"4088",0.941950564686653,0.948735410137502,0.752132677576888,0.790595590616469,0.863638651607467
"4089",0.944616731253768,0.791428595662916,0.754482543427124,0.77198978265282,0.935321421076286
"4090",0.957048800259194,0.89745284160024,0.754691314551229,0.789834263891319,0.940633401142538
"4091",0.971996809686624,0.959039242618992,0.824589855818525,0.793242274792372,0.894500281534264
"4092",0.975651902461814,0.973969540033588,0.827691924291459,0.90329317167105,0.724275292823867
"4093",0.965710165774347,0.971504367495264,0.732187862552309,0.769062666565935,0.88203218092667
"4094",0.914021398354276,0.928129352660024,0.918652094466301,0.973605414032379,1.07546637458868
"4095",0.967433594509844,0.941107450111501,0.759368717516068,0.841583309639421,NA
"4096",0.969914251967694,0.98459630550838,0.654594960877915,0.737982973594966,0.865302191328336
"4097",0.972552917046198,0.91597465113767,0.760556953631278,0.853361013023199,0.952933643335124
"4098",0.947282529914267,0.865169631767735,0.782680859551863,0.844660180127706,0.877849120916951
"4099",0.889580048064184,0.914622105974475,0.651537994274766,0.655562190132317,0.80086878021911
"4100",0.963918768752311,0.747497339450513,0.684742088365915,0.757968191449338,NA
"4101",0.959161455144583,0.732622447071772,0.795505838414864,0.850868235217729,0.922830453783671
"4102",0.943554908708491,0.83575893701483,0.796870152508327,NA,NA
"4103",0.917355740260639,0.912340187718082,0.914116589787195,0.925969568555919,0.949602097845429
"4104",0.960317020984417,0.975654255781687,0.742402569606755,0.834007556214449,0.82493595331285
"4105",0.899749183372031,0.914227901505349,0.809087478068464,0.861015454057057,0.871432337306909
"4106",0.913369617554781,0.935112483141593,0.93712859608082,0.836081980218638,0.940733702146286
"4107",0.962603699496206,0.944569683260599,0.731543626915868,0.779987273485911,0.913489925529093
"4108",0.97427754505158,0.978480618564215,0.871384388385388,0.948293169512655,0.976650470585122
"4109",0.964132345091331,0.97762482929425,0.798086669180359,0.868249452997128,1.00174242933495
"4110",0.793174759671577,0.803860239283764,0.7593047184882,0.846639839392591,0.958514142287088
"4111",0.938248231188664,0.927794681085568,0.77210523283887,0.855755506857131,0.952579773114515
"4112",0.968656071595383,0.988078504314094,0.732203558940355,0.80861310546223,NA
"4113",0.960270707084962,0.977899645821367,0.833657022405131,0.902635762658427,1.00395562694056
"4114",0.963239924366577,0.902019915165268,0.79964383270707,0.807627728461562,0.933598118441612
"4115",0.962959872117248,0.969802189733728,0.761992299532126,0.781829767319834,NA
"4116",0.878549727833476,0.888405862644231,0.872605496385567,0.756110775836939,0.867782654072219
"4117",0.937794861010634,0.947936764572764,0.802469078423753,0.889729127080235,0.974070723097793
"4118",0.907954175292271,0.900727054279854,0.746310311360066,0.772912412839727,0.861292890096282
"4119",0.940840978770016,0.845818283275307,0.717043378988493,0.798746486112906,0.898121220813198
"4120",0.961802546873107,0.951374678131317,0.764772257007751,0.846908541923341,0.962164312075292
"4121",0.964703852905594,0.9774457791511,0.85798891807698,0.931405251034855,0.994754187959727
"4122",0.910737760162597,0.927118006802151,0.792251121522162,0.763431605860444,NA
"4123",0.936565808008024,0.957193064727806,0.866251610368484,0.913769755937579,1.03750076305537
"4124",0.967963316920523,0.952776707928457,0.685212456681121,0.76705657022711,NA
"4125",0.951615904942178,0.895125932741114,0.957626460817868,1.01708959625283,1.10890283077403
"4126",0.900061155427199,0.91014900045831,0.81808605319487,0.865648098350732,1.00290634562321
"4127",0.92154322993799,0.940271660342464,0.697141473117537,0.788579157520035,0.818129496813325
"4128",0.914819928318182,0.805934926871611,0.856856409727311,0.916988554720764,0.847274137173333
"4129",0.966548251366644,0.756901381324545,0.804910627373736,0.849134789156196,0.970239426772039
"4130",0.95836242279373,0.978578668417589,0.817674858322846,0.883492761325156,NA
"4131",0.951678158804053,0.967036696376968,0.66834854186039,0.706486602330502,0.83599208955718
"4132",0.857036341476097,0.872978860312172,0.66084036247023,0.731431784573644,0.864139384373998
"4133",0.953243131388223,0.894330849581645,0.91243671589354,0.903347875342094,0.989764290519113
"4134",0.852274082811053,0.858409690226103,0.786819319852414,0.834930131768312,0.938912299526536
"4135",0.874898509000665,0.888537237707918,0.854808285647499,0.904081358269675,NA
"4136",0.940796085624034,0.955058022800663,0.820394232452227,0.886068855683026,NA
"4137",0.928282563223167,0.944028496023285,0.893115556917683,0.885663387639402,NA
"4138",0.965973799643872,0.846602098359466,0.681876194371624,NA,NA
"4139",0.919385461883816,0.927161376257098,0.914636201879984,0.963652952111055,1.02113603138309
"4140",0.972347988398448,0.972800184483904,0.799800368195497,0.879472033183145,0.911573711028358
"4141",0.940662354463545,0.922617086420671,0.801204442161631,0.869401982575912,0.989762776115411
"4142",0.92106120161672,0.939438466423257,0.805042984562826,0.877394199412993,0.924112635051952
"4143",0.969034865175565,0.969265796560996,0.806195290808846,0.881026912841231,1.00113038760973
"4144",0.951475080330186,0.963821066420976,0.970942422335629,1.0103252508786,0.873947864424849
"4145",0.961022740731451,0.767359128370568,0.743361042133352,0.729290397010071,0.852616442271074
"4146",0.961149896625298,0.933729538525358,0.893758480643454,0.8739021055905,0.986194554908986
"4147",0.962957834460673,0.972348008639432,0.732023107592167,0.796647670402776,NA
"4148",0.950455578950629,0.96799157005845,0.890000413328807,0.793991217719184,0.900704715301954
"4149",0.912395154002271,0.933941453550915,0.748616914548854,NA,NA
"4150",0.970539356483088,0.944988028933361,0.892447799563918,0.981058040982903,1.0505145398089
"4151",0.932703759949868,0.941851705751859,0.889761511086998,0.944309257737695,1.06810885695508
"4152",0.963599037033236,0.886307487735063,0.71272466261475,0.784444941440716,0.909257030465041
"4153",0.962553379340581,0.884000826796815,0.744563464440421,0.813996451102962,0.929335282793456
"4154",0.877745854216432,0.887741643346631,0.717701642636052,0.748134458388819,0.910186240502095
"4155",0.94334593774203,0.964669320575385,0.681907883348994,0.756594763247315,0.885374254559534
"4156",0.888497777548339,0.896328359203918,0.706309364359662,0.79231831553742,0.681732033838188
"4157",0.875076323047064,0.862172880327421,0.797716468837443,0.844216596418691,0.963489983721335
"4158",0.95637092904954,0.930808868480531,0.714312871660799,0.816025680906019,0.871735567506074
"4159",0.709737226074321,0.703142840440291,0.765155428308562,0.853605951513957,0.935160331154247
"4160",0.891357058524812,0.899765639072439,0.829768254991881,0.823825674425841,0.954539776372792
"4161",0.960607506203122,0.869153597875423,0.827409605753835,0.848042773492787,0.966580758423004
"4162",0.959319707995777,0.969217853383136,0.760157299128673,0.797589209498746,0.905340363646121
"4163",0.948312596626789,0.85901158933745,0.792274399614911,0.760912067805643,0.862628096115493
"4164",0.961139650074218,0.941177520553909,0.744145346351365,0.855726015472547,0.822886810687455
"4165",0.955255057465872,0.968230967527928,0.753865511170073,0.798679251814964,0.761701389535786
"4166",0.934776495063245,0.914294789594863,0.941735441046456,0.74421729743469,0.849664924368302
"4167",0.934621405042015,0.950188695805582,0.727072524949688,0.760123675128484,0.893203775160634
"4168",0.912903985650045,0.918714512750456,0.752814606952995,0.844361557417397,0.939619780152972
"4169",0.964341074356863,0.974433963509289,0.807094563063782,0.876467231303025,0.994179431636173
"4170",0.979903388288153,0.984108556998057,0.636877823889059,0.737988534689752,NA
"4171",0.923369356465309,0.943300698278897,0.687884857279536,0.778445746052112,0.898857127599426
"4172",0.960009611535074,0.974337387750518,0.851210250934139,0.94352145375204,1.02455702035234
"4173",0.955752473291108,0.972888692181431,0.818816530760994,0.757329774534288,0.886914115704203
"4174",0.957723306686532,0.831610378694608,0.762474054880442,0.853588829622352,0.970659505566969
"4175",0.951275519820015,0.815906289020998,0.868597801406478,0.942656800005347,1.02944034348815
"4176",0.968018528335486,0.913022628704835,0.770494426774607,0.842646051595342,0.87215826626146
"4177",0.966147511325945,0.880632776373262,0.863999112732766,0.816911970523445,0.950668210853257
"4178",0.896915843644471,0.895308771133951,0.718678143995318,0.812491822834695,0.800198924540829
"4179",0.960907748672247,0.855859322188727,0.794999653982579,0.870109869756693,0.915500417672552
"4180",0.970540531366097,0.772209322810949,0.704223420438235,0.765998463728317,NA
"4181",0.961907384360736,0.830997178186368,0.886514882414134,0.828250346177934,0.945859226356816
"4182",0.901184355461626,0.909143097087857,0.752335692422388,0.818764474581622,0.761409000485466
"4183",0.97264559075725,0.894963466476731,0.72228904678762,0.792592327782721,0.887689131113002
"4184",0.933055405455916,0.942910166806285,0.914733415400615,0.817011482141898,0.829972045998045
"4185",0.939176698949945,0.950878365820091,0.890723100257894,0.968453361461826,NA
"4186",0.939937950220829,0.956631543847158,0.706473713691111,0.761157413272328,NA
"4187",0.965178733510793,0.968517233100801,0.862524405124727,0.92919461568193,1.01535093479098
"4188",0.962254041368399,0.973745820795917,0.712975223152851,0.789827520234119,NA
"4189",0.877084068096858,0.797260600876559,0.863325947406183,0.779613295309322,0.856201425644742
"4190",0.950549760005429,0.976506967481704,0.783585989656408,0.864934552631757,0.764236918848936
"4191",0.93132825511862,0.945618645037803,0.787706171910615,0.829285127891044,0.926391839261243
"4192",0.913463131193845,0.912302798970658,0.73271598094145,0.802707657051849,0.727819480480214
"4193",0.951965096190028,0.955446132490836,0.794373084981157,0.875008961158226,0.952786982721939
"4194",0.910096153419335,0.693857654776819,0.71830549945392,0.78376898756771,0.832661467706776
"4195",0.969040514946316,0.877847395673369,0.752564811457512,0.766159585798743,NA
"4196",0.76550522013075,0.785682363942347,0.771291734131874,0.843908552813998,0.958995627709259
"4197",0.95590419631044,0.955581813386417,0.872489737530729,0.924938219856348,NA
"4198",0.956934549164571,0.966411750752727,0.807963174450047,0.879598472333945,0.922476160276159
"4199",0.955710928404005,0.971595940606938,0.841670667339436,0.91422356764923,0.776763586806136
"4200",0.940157375509546,0.954778645044219,0.69068451781701,0.783363726615411,0.891144420849123
"4201",0.970863583386028,0.981328605751161,0.915261637346303,0.982253654819868,1.07956975570507
"4202",0.967075188385543,0.954176298685044,0.734580262786599,0.814515864310861,0.868971907843192
"4203",0.963257631972596,0.833105503508717,0.899887749697206,0.950901727806591,1.02355025334314
"4204",0.970053358776186,0.972293370995277,0.898398158999094,0.945591664052108,1.04010290670638
"4205",0.949286078711067,0.938302991826011,0.919979646047232,0.847608538032411,0.8829231898641
"4206",0.95421378325852,0.830027396453608,0.88783598238963,0.898573602465178,0.808900411649008
"4207",0.974510923442892,0.873996308240897,0.69509624002046,0.691907648054992,0.821419118872751
"4208",0.887115262636062,0.881726005541543,0.764371055593925,0.83642894188993,NA
"4209",0.85626608327361,0.838757727347743,0.866227209199429,0.891291511021357,0.937955300010234
"4210",0.937617615597775,0.960287877416114,0.922429003975466,0.713976681467173,0.839023809734561
"4211",0.967894105020619,0.98327983181376,0.828025805124107,0.892266952747995,1.00136193463885
"4212",0.921502655929813,0.923122972310236,0.726560158854558,0.792422683609415,0.904033208500327
"4213",0.974747635916054,0.973164558267346,0.861314425382278,0.783076855036093,0.801055603861654
"4214",0.926305366942469,0.947268458298001,0.980833038911728,1.05525465762394,0.905562964490848
"4215",0.969924015452655,0.983176058079667,0.635510731827579,0.702239591494109,NA
"4216",0.967928077628743,0.871723379222448,0.775409695229355,0.844909800636941,NA
"4217",0.824739388718287,0.766501616359472,0.784275442056828,0.838079719478611,0.948056449498672
"4218",0.967245724024514,0.982965332711948,0.736092657870894,0.773025476865348,0.767460147797541
"4219",0.962235693178138,0.888655480488121,0.772252690723784,0.878008796673402,0.973916000608626
"4220",0.982480738545715,0.97462447935871,0.786899286051989,0.898572149030029,0.958501871223138
"4221",0.946764807950297,0.906848659246637,0.822700802067126,0.893372729848102,0.887487311073173
"4222",0.921906729810154,0.933720990216798,0.645467363847287,0.726719088097833,0.852228680686838
"4223",0.964308851467957,0.966583847523028,0.822857313216842,0.90483354391358,0.939456033085371
"4224",0.946112629199293,0.802251857106723,0.781603004940096,0.844617845561602,0.914291317362634
"4225",0.913772296378674,0.922317060256224,0.817475070012431,0.890275603104696,0.944890813557319
"4226",0.958408948687641,0.880273136753196,0.776299230113791,0.872893001937002,0.876931230746441
"4227",0.950398081779404,0.873247883798941,0.75585850208807,0.759634063815343,0.864650392329163
"4228",0.948883879476165,0.966832178840063,0.690674626000267,0.737451111584437,NA
"4229",0.920848356759815,0.935160417021287,0.793117103570232,0.875619269059669,0.840406057623374
"4230",0.922034231082542,0.935516153707343,0.846909052038523,0.910558054360177,1.01319573296404
"4231",0.935456721459687,0.948099409267255,0.685505741000269,0.777959952562342,0.886178114456675
"4232",0.732268895764809,0.758996806468182,0.833650509302252,0.86634478288333,1.00388960921284
"4233",0.933576153395376,0.944566879206949,0.791494179588277,0.85505616269869,0.988295660889449
"4234",0.956558399347481,0.910663585929804,0.747893250678911,0.831333940299337,0.920539490902026
"4235",0.96898935559073,0.896574799201731,0.73816109369156,0.793418933206013,0.897989992971922
"4236",0.910457901405455,0.920278117914381,0.808702436535388,0.888075263648724,0.939796635692792
"4237",0.874208185634292,0.895328769841999,0.739179734537598,0.825521823257019,0.855516266200983
"4238",0.91353260257993,0.931472389379256,0.842467738199348,0.927474534110011,0.864364552308458
"4239",0.939866258751294,0.950869560135766,0.824230415105477,0.906790292317452,1.00051693083146
"4240",0.956155030283289,0.967975940654055,0.853771618760537,0.906787287850729,1.02068437851192
"4241",0.957855281459833,0.834768728482399,0.886114426744311,0.950344503297658,0.878861450348477
"4242",0.888022172047509,0.911078370009289,0.754041907928131,0.833029022725728,0.938469737575971
"4243",0.955242069648264,0.968763082765732,0.856712757301375,0.917434879366112,0.861636290522751
"4244",0.874069488762114,0.849739486639711,0.836652866546822,0.808967230321745,0.855228298617871
"4245",0.939495140562608,0.914665165317855,0.852458860611414,0.907329956015158,0.768154756253868
"4246",0.876304046957098,0.885052501715379,0.795444558838628,0.86968693318517,0.973095299003215
"4247",0.923043885369662,0.934802198313774,0.945652999522074,0.857990856760184,0.98573971373615
"4248",0.97315421920031,0.955404021430452,0.850281199203281,NA,NA
"4249",0.970430300491525,0.984695326601291,0.727604427075146,0.817706275127999,0.94362869931896
"4250",0.973452615895294,0.980716890212659,0.809204059515275,0.775946269637247,0.860911827659879
"4251",0.842604155691416,0.840550149386949,0.782273049841858,0.857402649349947,0.891646559514761
"4252",0.932192938068953,0.897664837613332,0.915050327616504,0.971649248152608,0.895795134947435
"4253",0.909481915107704,0.854922911514775,0.919371433559057,0.971701947440655,1.07742341399063
"4254",0.954858547528782,0.897508713054286,0.770701728631927,0.831283064891898,0.943955372577628
"4255",0.928462173410276,0.942638837576975,0.797170195438042,0.889328655721394,NA
"4256",0.96769415370439,0.98330779834221,0.847001415373564,0.862181868448489,0.948975661983037
"4257",0.94154594916564,0.957481399812327,0.703348878707399,0.798965038326588,0.897182793269337
"4258",0.969509399012088,0.951449308595993,0.781360524203955,0.772420809473542,0.89268787187494
"4259",0.957758749661562,0.901064722774754,0.71062549279706,0.806219058313256,NA
"4260",0.981911279524808,0.970415619588131,0.832220019804,0.867272404389123,1.0293610952392
"4261",0.934594074852333,0.964343140611807,0.628705852032213,0.73539904543717,NA
"4262",0.823355769743104,0.83546881046756,0.885257673155387,0.806475940842246,0.864136870691662
"4263",0.954675847626956,0.962248187256199,0.694414075056668,0.770744003053008,0.805582995684898
"4264",0.95820081521791,0.953314368331062,0.87133163578501,0.766944299225945,0.898206702717951
"4265",0.970080444751106,0.987655891597697,0.784468431371574,0.867767549784384,0.931572366346451
"4266",0.965624733107733,0.965400546628299,0.742326430774964,0.8261894767117,0.941262514211908
"4267",0.963780273012523,0.97739960923138,0.915214396378403,0.947966623210807,0.872399252452944
"4268",0.859350139000073,0.878311317571806,0.877149080957836,0.784075552651794,0.910984726608326
"4269",0.979257005353164,0.98246301311405,0.750635150563553,NA,NA
"4270",0.966032686837019,0.97479155949421,0.879063642501892,0.927935111528558,1.06394050144436
"4271",0.910638011479296,0.928370630194328,0.662027860512263,0.741639563795521,0.872084733302496
"4272",0.948690414819179,0.918809306591475,0.819376347649555,0.844430219538317,0.974903917369124
"4273",0.929018948549285,0.947299361302276,0.923723416246443,0.978458899965484,0.987383989537321
"4274",0.937270279087947,0.845058163513432,0.777294683375838,0.818169226257583,0.950721853707571
"4275",0.966472172103481,0.975768301223193,0.942322054018249,0.779276811103559,0.906227916883803
"4276",0.937416919480568,0.962756063221639,0.719700655184825,0.804292064771674,0.905536315899113
"4277",0.949465782368879,0.963277316808651,0.837255387188608,0.90402673442595,0.890436469862231
"4278",0.970723925961985,0.937691506582948,0.994928807324154,0.98134511931754,1.02849896866793
"4279",0.962994777875516,0.974806176669181,0.791165119211089,0.879317830566939,0.984167954370389
"4280",0.963072963805757,0.829677463345835,0.676550359503775,0.770034103412192,0.86005545218318
"4281",0.878514073767554,0.7678914409405,0.811461452905973,0.880893950318645,0.998001943192312
"4282",0.958836957462982,0.896625788383803,0.793794780164253,0.851460758259988,0.94865287073088
"4283",0.880859114395496,0.895546479689977,0.76193417512793,0.785307367709409,0.907292272638553
"4284",0.9607970241497,0.83198333945239,0.895245359816954,0.950038678465035,0.94963223373791
"4285",0.93823694526962,0.95619123066322,0.737274078766439,0.78189618857784,0.900773407772799
"4286",0.964915128674713,0.832499367762919,0.715412653791051,0.801949491578778,0.915455275385349
"4287",0.958424220526208,0.966975617423207,0.803650891537527,0.868143890916515,0.961609746146496
"4288",0.970264279215705,0.978951221328102,0.691071208627513,0.777556679455259,NA
"4289",0.849680726974986,0.869068135626824,0.823447891855292,0.805764551009652,0.885874825744985
"4290",0.967054347020617,0.97949481024182,0.793468688452569,0.866761790963461,0.98001840205043
"4291",0.95270215335758,0.91461542726901,0.684904822456596,0.748152330214283,0.84565797112901
"4292",0.964251578180138,0.755724798648715,0.778311798779176,0.84286799478967,0.960574562794023
"4293",0.90945392236602,0.929488919687448,0.773840545852182,0.842463976826811,0.940342642344246
"4294",0.959629205932705,0.962437768478751,0.8668642774391,0.896854946686411,1.00146885975844
"4295",0.968271081427182,0.907317615472669,0.87835807343683,0.779860539257809,0.90781756968906
"4296",0.967726085631137,0.828448301220446,0.586142229916302,0.68609434922994,0.787199170168268
"4297",0.953372153334995,0.889756275537855,0.683856685198346,0.743644951019924,0.876720593335004
"4298",0.963931523537483,0.711307931116594,0.727645260712592,0.826171388134901,0.916458200689833
"4299",0.931584700918771,0.944159428022569,0.85241396944783,0.893343325798454,0.765765133762498
"4300",0.972766696036359,0.971822055934054,0.882628402616494,0.851913271137376,0.959414177742611
"4301",0.950264166846284,0.783981300053789,0.691118631510431,0.773798778738409,0.896504441981868
"4302",0.888926042571952,0.905982865325128,0.812431570001454,0.896192776225438,0.999624708046107
"4303",0.969911762251367,0.929686022770027,0.769921489909828,0.817044369400533,0.950854354360702
"4304",0.900725692853641,0.916314192035175,0.859595459995672,0.925412176478705,1.01729113675189
"4305",0.895354415745478,0.911266545353033,0.973758125823241,0.785950229398478,0.932642681723336
"4306",0.891560519070739,0.840664858487692,0.756932557408062,0.829298971839857,0.895455969848608
"4307",0.964320868955839,0.859042962294573,0.806480278884866,0.737663633209448,NA
"4308",0.959826852213144,0.974745742843677,0.698393994950753,0.751283403003856,0.884149106676574
"4309",0.961521506765757,0.913678094558218,0.843284482556319,NA,NA
"4310",0.966296588400209,0.964525648279977,0.739156581938186,0.775192730213879,0.891455050170451
"4311",0.975921722283565,0.951424971111154,0.824928460224276,0.886167607156579,1.00213672872719
"4312",0.918855400081187,0.937295078548222,0.746640198045145,0.788632556661192,0.861887204046643
"4313",0.957915904170599,0.945622083328521,0.786339901432224,0.851788594430686,0.968926085799626
"4314",0.925835038042806,0.841849159974626,0.70699992216249,0.690832223093959,NA
"4315",0.927971708906146,0.870920943023859,0.832234444806914,NA,NA
"4316",0.837569789949995,0.854449996535396,0.808966446842504,0.847801618788327,0.978954364435374
"4317",0.950020473654602,0.973941017893291,0.897634989856126,0.948112980219363,0.888433871258236
"4318",0.966683598960004,0.903894974804563,0.704995000149441,0.772292238216608,NA
"4319",0.95512911887329,0.968718272547507,0.755863273512333,0.841945482116749,0.943792376806244
"4320",0.947193931470259,0.807614277409767,0.808364175288052,0.730707606152764,0.832637733824655
"4321",0.855972488315015,0.81606829716203,0.810773999748077,0.861544673658274,0.959740935963904
"4322",0.852967805930842,0.858192324387248,0.842601245373372,0.881451134203703,0.979164855515937
"4323",0.967244292509445,0.946888161997597,0.730950400544273,0.796354636263841,0.920620239843793
"4324",0.980035245223666,0.96798152161656,0.822297116611288,0.804454870796305,NA
"4325",0.95696721782381,0.813783972173966,0.808650906323321,0.845191026973797,0.924941813069636
"4326",0.943144046541171,0.960946345589601,0.711242411527971,0.782831123064642,0.789031931304132
"4327",0.900178521992674,0.887932781238322,0.739278659812224,NA,NA
"4328",0.928231545180677,0.945662827866707,0.895908068121153,0.933560392097142,0.924878312954597
"4329",0.958327915380103,0.854401110809733,0.639958600030487,0.742798741526374,0.853115375957238
"4330",0.957864340937967,0.968918079596897,0.735923047480561,0.820013890947173,0.932434977242322
"4331",0.958912623057489,0.954481623639732,0.712038653361261,0.794049148342717,0.910270467019564
"4332",0.955954853386624,0.944140026992858,0.650327501137223,0.723904608315901,0.875716220451195
"4333",0.957326496515361,0.974932886640608,0.847010111305231,0.724231738755289,0.847765417726416
"4334",0.970069891814874,0.969993958392635,0.64365074588362,0.764314781413872,0.881501780983596
"4335",0.967362038656811,0.905730180246357,0.722701836213794,0.812953818366315,0.915326315516698
"4336",0.952360161385267,0.967410943578519,0.749273779822664,0.821474921430425,0.971744019058879
"4337",0.956908796298494,0.973064962624997,0.764564706262625,0.845578705460165,0.958901293792566
"4338",0.938363065580334,0.842723421107313,0.752921276021585,0.7895899629904,0.888345021419488
"4339",0.971162194362476,0.985112234949268,0.730216187519348,0.721862299829135,0.802807925526917
"4340",0.966954787519878,0.87719411093291,0.754125166618283,0.709805941957673,0.827887150163181
"4341",0.90468896460615,0.772158591665428,0.759057422331172,0.85101807744116,0.960542104479441
"4342",0.958817933033324,0.943728027225499,0.838235773179171,0.898412938716185,0.991373460722455
"4343",0.954580518507843,0.862923441946249,0.851373151547001,0.921259509881538,0.937444539640433
"4344",0.912988277843428,0.925723683296806,0.866117420693242,0.916253565335883,0.867395556710347
"4345",0.93183475630111,0.944793905923246,0.838351711137993,0.872913284827324,1.01604336209149
"4346",0.948110819724196,0.912720287892368,0.802572107282781,0.848055866593521,0.962176449474635
"4347",0.950625175985191,0.959227169943257,0.705446180377167,0.764280988638335,0.883576087295697
"4348",0.959822927871739,0.963314985218674,0.82402514848114,0.807545893053595,NA
"4349",0.937454220165016,0.953338935068376,0.876840934207189,0.936885049928043,0.875309394187076
"4350",0.939390374734294,0.886736095704101,0.738650542212743,0.816323034540114,0.861912265509061
"4351",0.959008562765306,0.906270758705423,0.718098185860203,0.746851653324809,0.896241118244744
"4352",0.948483661415401,0.896509501545992,0.776561032864353,0.838696857913757,0.855332059935014
"4353",0.947363940952083,0.95831488826909,1.01807188987607,0.851766989406873,0.900616792621383
"4354",0.957645044279395,0.955904566377843,0.821276611730994,0.846415264236019,0.852457330774299
"4355",0.933851787824012,0.944146853609835,0.751018456704349,0.823717132839639,0.928192841601103
"4356",0.90547370595662,0.917727149099496,0.704584094364936,0.696655874485931,0.821165153567241
"4357",0.974735839988776,0.917717386616093,0.872045665774562,0.929096498429414,1.0178758224071
"4358",0.952307914325428,0.974494184736026,0.73116979981422,0.84999296660685,0.897112245122058
"4359",0.974399143489293,0.973951371363714,0.755971330805023,0.84016594941808,0.949426700331792
"4360",0.960819025160256,0.902538728116073,0.63470148169952,0.709264262728948,0.762030996377486
"4361",0.961285420331257,0.981945254278911,0.82231616326579,0.88049034925409,0.976231734521423
"4362",0.967767097021647,0.818496009485918,0.753575832861277,0.763942308351198,0.87976028274195
"4363",0.881948468994729,0.890684938074013,0.705535760800209,0.733309755964757,0.724725370204472
"4364",0.923388041686641,0.941179589767178,0.784978595870744,0.816828545770521,0.8093473459673
"4365",0.974244162824312,0.892911183399248,0.802300965412554,0.873660614212036,0.991929892071822
"4366",0.937342680774891,0.887963052650289,0.719074915644766,0.784703226167738,0.904894700419739
"4367",0.942251481422407,0.962682506116239,0.701831722234932,0.748908305692545,NA
"4368",0.949213292733526,0.871951063060101,0.736148259285183,0.8171867787363,0.927758130900949
"4369",0.97630193639186,0.70021508748503,0.774735563178764,0.826796254974455,0.950579880220674
"4370",0.964337375308827,0.843940726342192,0.70997025233753,0.792810214505384,0.808162410361222
"4371",0.860831083238073,0.887135720777332,0.7499487944134,0.652378322430962,0.777327629855321
"4372",0.954454482938204,0.965517174777317,0.78877719849456,0.873960852798718,0.969487240305047
"4373",0.950644626738305,0.8211781167538,0.677286946680668,0.748702365861463,0.856869610359749
"4374",0.966035801866475,0.823823571638019,0.830277330639395,0.895460055804555,1.01559027839808
"4375",0.97279962452824,0.965259664145487,0.893142806284766,0.827189708384579,0.954273248404796
"4376",0.891817894612541,0.902433985172019,0.80903564784022,0.904421292122849,0.995113752885748
"4377",0.960363434112147,0.96112950674318,0.822451494245647,0.905450501709836,0.975234093635504
"4378",0.954351675108329,0.916798229364025,0.915707870692583,0.883872630766702,1.00139455363871
"4379",0.969680508230717,0.960824490653403,0.755835966261127,0.848207051180101,0.937460549170454
"4380",0.965150370191261,0.98386685321973,0.693465417043317,0.792811181032675,0.852895909331765
"4381",0.954673372324622,0.966100656507847,0.675115278262385,0.751448775846687,0.908611778461703
"4382",0.865913246005188,0.878837572288386,0.927717714681538,0.901916420623696,0.888401449443734
"4383",0.969335599671848,0.816771120824327,0.748294718164174,0.757095076698376,0.888818333840936
"4384",0.931864050526073,0.953500992311295,0.803382289115285,0.854263118978226,0.861729999228861
"4385",0.966886019342768,0.982273313693364,0.768209524945113,0.842228637744282,0.95853267423309
"4386",0.948553866163127,0.865389683429062,0.743882749467347,0.691874756181935,0.815005698465071
"4387",0.961642487919689,0.899409022792367,0.795754811185004,0.860978147308775,0.960011238779892
"4388",0.931864495377396,0.899222168867447,0.774440772566715,0.680702370892104,0.832397869775093
"4389",0.874331233158312,0.868883298088532,0.78921980201799,0.860974726744111,0.990717324929888
"4390",0.969537032710719,0.969943565237391,0.772888672629163,0.849301494148793,0.851255772580868
"4391",0.974768100095575,0.982437763639112,0.788512459993749,0.871691809397955,0.987409486969718
"4392",0.944876649470299,0.958773734223527,0.661697353282498,0.705656309613328,0.820766168860596
"4393",0.969676474724376,0.982511334298023,0.81164604304292,0.907274581138277,0.816032687941564
"4394",0.968626709455667,0.952028471032629,0.745791619847029,0.816252515516419,0.921738284726393
"4395",0.933631383501467,0.925442825257899,0.81132572295878,0.815876926093992,0.969001872705587
"4396",0.972997923851828,0.967971076591006,0.798622705959562,0.871615245220351,0.963040498232625
"4397",0.974136201192861,0.974881047763445,0.689846712789142,0.785831361076726,0.890186025640711
"4398",0.888133288170147,0.884461050566428,0.883180085939442,0.719190344599538,0.753217939230431
"4399",0.967277051504666,0.826392940314572,0.679495420834615,0.772857009853465,0.912392721664927
"4400",0.958379154656508,0.951976590140606,0.718688878278123,0.807826074301359,0.852244182967024
"4401",0.889464947929702,0.909255509884725,0.802376776730503,0.631631483405499,0.790985714121283
"4402",0.956805160581793,0.972262213559248,0.869226936481343,0.931861599621233,NA
"4403",0.968269697591449,0.974621869568282,0.800538491194431,0.867436985299115,0.831152079218557
"4404",0.968304204473004,0.948596756661405,0.672252723795171,0.735537699540047,NA
"4405",0.861633498668337,0.883322788178532,0.677011500148485,0.737437294940051,0.883474854825283
"4406",0.947147332105165,0.886724806573796,0.680787225196521,0.76625266870129,0.893031367467572
"4407",0.902344916887244,0.920095174113202,0.760716100971217,0.852739300697502,0.86649647710609
"4408",0.985897026934731,0.974746367122702,0.863081827036505,0.861168396065838,0.846545335789119
"4409",0.893973656531883,0.914124130155272,0.755210937146306,0.817127144882274,0.944766896222013
"4410",0.966009038472429,0.966924488440492,0.771148334896161,0.860399160800811,0.978907032103587
"4411",0.966652529602192,0.969616302137509,0.726636994580709,0.80122548369967,0.867764322554056
"4412",0.887220107086892,0.879930139638107,0.806841783904763,0.855981376998058,0.99573043665425
"4413",0.960139786067472,0.968374414545676,0.704839772410588,0.758024764964798,0.876645933564831
"4414",0.933436260713442,0.941057149775087,0.808355009889033,0.869770543267466,0.98366855445305
"4415",0.892315211484845,0.909563611305856,0.848825568615295,0.835733304096417,0.967292208846027
"4416",0.961141474361991,0.855842617629532,0.77986934061601,0.844848213608761,0.779465997044848
"4417",0.87677399409579,0.894401335929834,0.818685698662969,0.874686556967603,NA
"4418",0.912852245833732,0.766289191522578,0.834369528164136,0.892439184661196,0.870573618267565
"4419",0.923943425164829,0.942891813703108,0.76524019062954,0.819629268610084,0.953494634555546
"4420",0.966612858683644,0.94939373480554,0.676456005212159,0.778360800277688,0.83259715743829
"4421",0.963842184635954,0.976680936692395,0.74701614309526,0.824850006543186,0.897982381587818
"4422",0.964015038924445,0.969813411553536,0.754342034309865,0.829569184454235,0.945642518745665
"4423",0.968451756607408,0.981342891801734,0.706497878307646,0.778564427463894,0.894795963055284
"4424",0.965194036077169,0.840288490360457,0.878456934228976,0.929100544410708,1.02689924614726
"4425",0.887919524378411,0.899841598192369,0.760752927733032,0.810836075711465,0.936863975166347
"4426",0.964738001053669,0.867014227372385,0.728380712988441,0.789438299901621,0.888946588833572
"4427",0.958412445472293,0.966360799423039,0.876890401016714,0.859302969486247,0.881492516135985
"4428",0.937860395651895,0.914117914855221,0.836103162580608,0.825405418127372,0.949957380807639
"4429",0.958721127188224,0.798425713390826,0.805313577177991,0.872582133243381,NA
"4430",0.985145221781391,0.966864475455989,0.718875804507448,0.777685422380859,0.892882762107078
"4431",0.961416353543974,0.95057384946028,0.805117099481705,0.864949956065855,0.988272511492532
"4432",0.947119245308244,0.956681838022319,0.753901038272942,0.843094629977176,NA
"4433",0.944923499521657,0.962449451668198,0.640000467542004,NA,NA
"4434",0.966453870882813,0.954622677026758,0.839522308788432,0.767016749002042,0.844088014180917
"4435",0.954597721701541,0.970511301938836,0.756336801009367,0.821123424064902,0.912971405650359
"4436",0.946422041718039,0.962523530876276,0.854596903815748,0.921209623638793,0.888424614025115
"4437",0.974456944292411,0.972797618281375,0.74078981573436,0.818147919584341,0.888082596868481
"4438",0.955780376413449,0.921041861244392,0.752201110321019,0.837973757095302,NA
"4439",0.942311887476152,0.856012651808819,0.651378347114044,0.749907010405271,NA
"4440",0.960948388469141,0.964720048461314,0.799964085485996,0.849459119743545,0.985331338734465
"4441",0.969746938127068,0.973517655853618,0.780270689690569,0.804020124155381,NA
"4442",0.861731857479122,0.845950178512174,0.843684484593257,0.762104461933643,NA
"4443",0.956971959976209,0.972086341187852,0.580512451304343,0.656161649354583,NA
"4444",0.948127545710697,0.966186067701543,0.95285970591542,1.01571004721157,0.863608743643452
"4445",0.969426022546249,0.992652928757392,0.750519837995143,0.826546859180906,0.925948963429216
"4446",0.916476353115691,0.92778730138769,0.740676024187199,0.773252618333972,0.911375284394274
"4447",0.952903259739526,0.969961771191411,0.766092710680215,0.821526930810165,0.940046682592175
"4448",0.959142117834999,0.85949948291387,0.795527976494878,0.760267964442153,0.873962583964233
"4449",0.957000070192799,0.870618719137894,0.783053145915854,0.831926475884806,0.850229294786449
"4450",0.917168647196873,0.932595447317157,0.806663508254816,NA,NA
"4451",0.901695195799538,0.910521457316678,0.681103381441162,0.713345447869995,0.831329182290503
"4452",0.954815518802362,0.96347793529633,0.779649012333131,0.850464194999625,0.929160641951409
"4453",0.973675642480435,0.981840621853082,0.946870545755536,0.797107403696994,0.870978775526334
"4454",0.968926026077131,0.906274569122558,0.923236216015045,0.832646296050107,0.950558691044858
"4455",0.971255752122205,0.789527629479788,0.836045676542659,0.846487509695785,0.81818606022039
"4456",0.966206911141831,0.791841128001362,0.817905561826687,0.893496529925268,0.963629068134753
"4457",0.907851456072395,0.927559189310334,0.691753567165551,0.758445223349268,0.890169897526738
"4458",0.959882701027579,0.92314235648923,0.969194411323526,0.76406431168637,0.894108848322092
"4459",0.956944770792297,0.866514997381006,0.737237039228251,0.826133437590737,0.927966487389446
"4460",0.963572427372204,0.973986128716197,0.757495168612015,0.828576772191235,0.918097916128015
"4461",0.969171937496819,0.981297227016681,0.914164434427178,0.967079465115554,1.08743771218814
"4462",NA,NA,NA,NA,NA
"4463",0.967688217266358,0.973124943371346,0.833111923660839,0.878598424780105,0.861315362690576
"4464",0.941279012327201,0.911375337129281,0.917393936260472,0.923561692393107,1.02939399108214
"4465",0.964085235937118,0.96367413475895,0.791769778700344,0.872568363428824,0.979650299235565
"4466",0.927040425636373,0.942601098033339,0.664031370659185,0.758114208677776,0.884494479549269
"4467",NA,NA,NA,NA,NA
"4468",0.86992705623716,0.883604531066104,0.958012913882989,0.785490435591718,0.897297443627241
"4469",0.957695532877239,0.971399823317319,0.683732798800548,0.785574314419739,0.886299180115043
"4470",0.939555789689452,0.877429229363691,0.778552277998654,0.850276194545187,0.939902884287828
"4471",0.895355885808446,0.896563583939255,0.82837162316836,0.81478587259046,0.753077053861026
"4472",0.919493455953364,0.933886036068118,0.708056951001956,0.790832968768019,0.871886832831915
"4473",0.955537564894408,0.959202610416594,0.693467486030199,0.746445384497361,0.866854507885115
"4474",0.955205508006656,0.94843739029192,0.783569177611374,0.877527899783022,0.805931481936157
"4475",0.97910376416861,0.895400680352096,0.796146950107473,0.73568633023708,0.874982600333693
"4476",0.958752683249248,0.952660277643662,0.786580635776453,0.850394567264372,0.975480881223688
"4477",0.95741809075539,0.843191480454604,0.871298409125364,0.955385150653707,0.98674874133406
"4478",0.918230313713218,0.944742838175774,0.827638178502712,0.806463566414913,0.935921731306926
"4479",0.962194116804311,0.966600980155252,0.727737981620414,0.771328992347429,0.939983689377024
"4480",0.924993032855351,0.934882934107738,0.77194222235658,0.828793289036598,0.948033766939019
"4481",0.894670969180779,0.924142724774359,0.899282000779441,0.932093598016875,0.860056674572368
"4482",0.968938486388327,0.772865973054567,0.777926797357369,0.804331863390049,0.931306094030974
"4483",0.968810179685143,0.879469134202939,0.777138321818453,0.843697822495668,0.956976167892058
"4484",0.880153152517858,0.898622182185924,0.772043263816792,0.783164825111106,0.924423145814325
"4485",0.956765024170334,0.966573621434042,0.753941275227036,0.791878377624715,0.856844850426215
"4486",0.90573173618278,0.92744747705637,0.76906402188607,0.810639624423005,NA
"4487",0.936911611926369,0.953984902577808,0.789118391953107,0.844580327849016,0.89805309517206
"4488",0.967057269560505,0.972888436347895,0.773001217649842,0.745606582576625,0.879932888107892
"4489",0.887523117743895,0.908770599715275,0.821785549566591,0.883850915182216,0.992041729956899
"4490",0.966161390213126,0.938640396343578,0.789493207192013,0.882854346379692,0.897094441611665
"4491",0.949452278785405,0.965656639188452,0.717631521751937,0.819733046514642,0.862628612277027
"4492",0.958663357898381,0.977754142707885,0.716107444698107,0.822883573972112,0.914089115243862
"4493",0.881318951085796,0.891670549473048,0.827761115206346,0.86383939118638,0.968639852101747
"4494",0.952873288129247,0.96489413864462,0.844570604581626,0.878303440611866,0.848212017735168
"4495",0.957603133021655,0.782021705214151,0.7892795343608,0.872709533160622,0.974709519869758
"4496",0.898179544919101,0.920801201561679,0.765902303572651,0.851416321583932,0.957427641718483
"4497",0.935101191261529,0.871950008808179,0.800805541238371,0.867324754949527,0.916489776969739
"4498",0.974379249605519,0.860588804671983,0.628882444878027,NA,NA
"4499",0.899931014854493,0.920359653498672,0.590556559459142,0.692903868136195,NA
"4500",0.929075333346234,0.940096105009594,0.78069420152854,NA,NA
"4501",NA,NA,NA,NA,NA
"4502",0.960201954329295,0.941648429425253,0.721866591792681,0.775893626703335,NA
"4503",0.957372280008194,0.966980240478604,0.817317967314904,0.820915448491018,0.884271530663091
"4504",0.944048043223827,0.90310196872302,0.796599170863694,0.816396707273673,0.708492013033185
"4505",0.962628028186411,0.926264387206127,0.719078221206138,0.774409175000257,NA
"4506",0.889222097617528,0.899947864582091,0.906635168626537,0.90773554225318,0.925495302486795
"4507",0.966622129242563,0.946737929317422,0.68528085522944,0.741991427986857,0.888101539930737
"4508",0.961388600600045,0.854688531379435,0.726107392265323,0.799311196460016,0.915448253071726
"4509",0.966768136597967,0.977846519908841,0.764018183439241,0.818225800614049,0.913480745084661
"4510",0.940056167849172,0.957065006395261,0.697325515401342,0.793264975211133,0.904362120514782
"4511",0.895730584760269,0.904364836043889,0.83475848054218,0.905129909044595,1.01604847284064
"4512",0.97064066357549,0.976944636047891,0.632038735629821,0.712087594608204,0.908502305850588
"4513",0.946351509968448,0.964757935708881,0.705743299408009,0.783323800699977,0.875729492768635
"4514",0.917899508625781,0.923983911016505,0.793034867486127,0.889409435872871,0.910910486532278
"4515",0.950125409628235,0.936448225086972,0.842019838446578,0.894794808254228,1.00617323087367
"4516",0.971740869337568,0.983118635319866,0.748671607756845,0.821985757351,NA
"4517",0.922605658450965,0.901442848996174,0.652081961169996,0.762321016447961,0.88981308991118
"4518",0.887531516053936,0.888731905520724,0.717494335048741,NA,NA
"4519",0.970473854502976,0.861048624839233,0.725592213610697,0.825856161066921,0.956023657378971
"4520",0.926310472285473,0.941774886361004,0.834049850695581,0.880087982369995,0.998657673020482
"4521",0.960964700539042,0.964208639342492,0.778510834382562,0.844559056480409,0.961446376598863
"4522",0.873132986936662,0.89795050151391,0.823311911238815,0.739602340870514,0.874466812141262
"4523",0.95355400918159,0.934182792063074,0.691301874856856,0.696393411357256,0.816872028178233
"4524",0.961273083597506,0.976960308476665,0.796246451566944,0.852716302570133,0.949920486424552
"4525",0.958395549873407,0.810832093634637,0.7791730865585,0.838844715725313,0.799279765516466
"4526",0.941563600597329,0.952945380606451,0.691386316700012,0.770592470481764,0.907839465791898
"4527",0.831382420700363,0.844256620513638,0.727718915522827,0.812835890400844,0.883440355615806
"4528",0.838819973834993,0.866387351791193,0.706254178985435,0.759057869020891,NA
"4529",0.970160188774209,0.957250801158521,0.746814056465673,0.800714275069929,0.936865278410135
"4530",0.955284414014387,0.9713314426251,0.691898266648427,0.787637956051868,NA
"4531",0.966353185482369,0.940186660859472,0.739410266110468,0.803569982304889,NA
"4532",0.967131428263364,0.973032264884267,0.933485146961436,0.898578910038507,0.997632981323556
"4533",0.964997062238375,0.962020455483191,0.936434056088453,0.883753220249281,0.993961399126332
"4534",0.921651540485881,0.946442126382949,0.77607653678098,0.847376628741852,0.959328637856007
"4535",0.954938067924446,0.901773200979189,0.772759525356303,0.858318781881076,0.969792647705904
"4536",0.948646161550282,0.972911663808015,0.692613416234979,0.765239061855888,0.814692194911821
"4537",0.969948323718029,0.844807190314276,0.825184029754071,0.880745082640044,NA
"4538",0.94882435313448,0.784470360251901,0.779985412338408,0.840071000684717,0.960602304082375
"4539",0.976205677274504,0.88491565534606,0.918680134168484,0.992429568127913,0.942354446990163
"4540",0.937823797052935,0.861486858515039,0.71680027426588,0.777941719504384,0.921095630954035
"4541",0.956292499170275,0.840161064506969,0.729253912184504,0.808583194247472,0.866660708897257
"4542",0.938522302629459,0.92318050764854,0.737926445590604,0.835363567857041,0.825462838254626
"4543",0.840038930377344,0.793352841140479,0.80644513407341,0.880780869423952,0.732136039163056
"4544",0.966260529939398,0.907872164650893,0.733991461270119,0.671989597392507,0.812075397417652
"4545",0.96043976876754,0.969601675662162,0.88114786632368,0.709323024096966,NA
"4546",0.921884636224639,0.930601120496394,0.876467958384831,0.948035727837781,0.919245717371391
"4547",0.968584786630486,0.884361459674204,0.777387033221985,0.69657759590202,NA
"4548",0.962253221614972,0.923691338747455,0.685720273023522,0.780017361542978,0.901945013597087
"4549",0.889888588753947,0.874845395506221,0.934471051553704,0.812741326523728,0.952977784517219
"4550",0.963283975228271,0.950007977848057,0.945428577810241,0.939723426576097,1.04942966991903
"4551",0.906489248719085,0.920199683944524,0.865420148749375,0.914371686203649,1.03941640488882
"4552",0.968057440194645,0.917753820312452,0.835614714688921,0.804252329972995,NA
"4553",0.97092613574154,0.988776044645614,0.76853572251248,0.905953949898012,0.976455285264713
"4554",0.952658279545169,0.946213728007544,0.802112906051226,0.861660797301443,0.974669049117441
"4555",0.965936304711915,0.974576451081127,0.698263332962167,0.728988122025238,0.86121153716065
"4556",0.966767653709852,0.979695722792641,0.903599325829046,0.797527467844542,0.873158644896766
"4557",0.880776497497877,0.891516551162771,0.733588889105638,0.803867046296591,0.943918166196652
"4558",0.85276962634647,0.868368044274421,0.796300053788291,0.883410978063488,0.987646783326442
"4559",0.838872613923549,0.846107307703171,0.71785511169613,0.769116041871493,0.911652294436304
"4560",0.955594758959439,0.903492906778941,0.813375797699315,0.890339162395992,1.01572675316663
"4561",0.926019309168987,0.940138892683451,0.732337178801863,0.839017596657314,0.907217384893784
"4562",0.965187494841287,0.969856039802994,0.819447268069292,0.835599135925377,0.943570653507316
"4563",0.972068677617463,0.917945300198062,0.922273135210864,NA,NA
"4564",0.903355342839816,0.920644726854707,0.96027936182714,0.787263894957132,0.891794891443948
"4565",0.937162539243663,0.9353510010054,0.697767077649216,0.784050579489139,0.724008396311558
"4566",0.949765765556866,0.969195114324203,0.838281079513376,0.870150999363004,0.952959852561473
"4567",0.955521842495438,0.965002620946151,0.779968009968937,0.859089770251691,0.589886705336048
"4568",0.918588942961347,0.951604043692237,0.95285422934033,0.889332480055772,0.960092141509458
"4569",0.974871765924742,0.977518824549922,0.638766993726364,0.758368819540314,0.887379867569832
"4570",0.943065730734674,0.963265539654119,0.747196508397847,0.807831576429635,0.838338400755119
"4571",0.847931710043509,0.875899848679313,0.925007961947063,0.883580027148151,0.992267600044857
"4572",0.883042419398929,0.890981893264227,0.818281662378167,0.805873570845808,0.94809548798144
"4573",0.929560621962639,0.886716583790927,0.877908399057266,0.804065404023624,0.946793374735633
"4574",0.971080762394214,0.854098811976187,0.929256572663555,0.789466334285063,0.924427667220179
"4575",0.883568857584194,0.807247916295307,0.777735865200778,0.852531593698052,0.938213887951937
"4576",0.929394931614851,0.938975334120688,0.748317799777212,0.813853841447852,NA
"4577",0.891835393129191,0.911768539875804,0.719782965438859,0.801422760259168,0.925999287507014
"4578",0.960911100216027,0.972820938421345,0.956470161880487,0.920750233905171,1.01726856674369
"4579",0.90652947509644,0.924604523663907,0.694732607986224,NA,NA
"4580",0.945392948582878,0.963192894879516,0.783347569222848,0.827298855749197,NA
"4581",0.964331363647833,0.848965191020062,0.89958574532785,0.882718757965045,0.860224784072731
"4582",0.960854587447048,0.979733714951205,0.772584084759705,0.846326301268574,0.962704855647296
"4583",0.959727966127576,0.959311693670384,0.771368955253645,0.813080206466767,0.955086062014987
"4584",0.971456946558061,0.981431051004735,0.772807280967277,0.727579143918322,0.839419365234317
"4585",0.970064867157213,0.980096360425647,0.720682550401145,0.812618837972778,0.925887144641262
"4586",0.938978041879457,0.894021047977276,0.785185159561182,0.849031617002401,NA
"4587",0.979037021534144,0.960090340429539,0.656219523058621,0.746085431050417,0.878497748191315
"4588",0.947301259409213,0.96177714967914,0.828160808068238,0.878710389567529,NA
"4589",0.883962511579934,0.896054377216565,0.849740593985604,0.795323599980773,0.896414855444976
"4590",0.957963531730872,0.977330594022676,0.937568845287369,0.77917109400291,0.752921324309369
"4591",0.977518466422923,0.970337652414061,0.860350495346079,0.93405749918405,0.981963025301723
"4592",0.959824684223908,0.858107223110491,0.518399051102948,0.621398688859049,0.789710296024404
"4593",0.966512355290799,0.951189475778457,0.842613712516674,0.895584125413159,0.938747991837882
"4594",0.912783158551878,0.921870733887447,0.770205144110006,0.843171675539321,0.940639416528487
"4595",0.961574566669346,0.951343671565824,0.924870386021746,0.816743098462044,0.940634976089665
"4596",0.947024718979972,0.964245492895273,0.791014958097989,0.751192285229928,NA
"4597",0.966843370923804,0.98351301334653,0.966980176190431,0.873609813968156,0.767611731989551
"4598",0.980052961925445,0.901442744788197,0.694573396230761,0.709304104899154,0.845369163672306
"4599",0.923638368440393,0.9388705784486,0.71289037605832,0.786875768093046,0.902748403614466
"4600",0.91184493644476,0.932293903246808,0.845390046530506,0.91386224204507,0.739426118369912
"4601",0.957615691673931,0.78274585529132,0.731636349350683,0.82090948386778,0.884789062450386
"4602",0.958666981634204,0.956673783968015,0.785184287656407,0.858394194828168,0.879914915764844
"4603",0.969192228919845,0.964650217668562,0.730389584478689,0.734328358453433,0.846711596904963
"4604",0.948239450466786,0.966020868876515,0.825108979133243,0.858408900807099,0.987447669520231
"4605",0.965220943419456,0.974139490906977,0.818935437626748,0.879260808494203,0.763585033910374
"4606",0.980139653298135,0.781476065201483,0.837242866185875,0.903874108830899,0.948993435688267
"4607",0.95359294130382,0.966129200365814,0.720342204523996,0.826415455414114,0.94127837834646
"4608",0.952227332184531,0.956992738917563,0.752513132423416,0.765514070353925,0.897957937990493
"4609",0.969080544631394,0.890615146798833,0.80198147737391,0.620204563986291,NA
"4610",0.975202425242025,0.85738916027112,0.631364660894958,0.6515945614901,NA
"4611",0.967889371709349,0.984180664289418,0.750725270916118,0.816549509966143,0.932649579888409
"4612",0.94921504201896,0.863155604128002,0.767953853467409,0.815608874755415,0.929959010293734
"4613",0.97154717367246,0.972076273365698,0.819093366623418,0.893570446462731,0.992469862909588
"4614",0.834837746182832,0.848302913452047,0.673943907454547,0.755385815557106,0.797702028022276
"4615",0.932276633658202,0.874466984013561,0.718912760938772,0.804507412087735,0.860576195531842
"4616",0.952017293349386,0.880733713447883,0.662443363549028,0.713292864537059,0.88380578774827
"4617",0.874623191733633,0.88300620361168,0.734148594096372,0.792266538925165,0.91223334889369
"4618",0.9622156404763,0.977887523925305,0.766689289312333,0.867708225130921,0.966419517669693
"4619",0.962133364920038,0.87411947827124,0.788188238956709,0.869742894443594,0.858075295488709
"4620",0.970718817027662,0.970416642193167,0.761025406234582,0.872106736680486,0.950563346512255
"4621",0.891513425026902,0.906645046675655,0.779443072677242,0.829219036091091,0.952138787855346
"4622",0.953050593321922,0.947768249896003,0.723076372329209,0.658890626880274,NA
"4623",0.901375685565728,0.914438590817041,0.967226637588197,0.877746788712417,0.981929484603593
"4624",0.954278865867336,0.949837199418738,0.762325574078625,0.844188015378855,0.87175813396769
"4625",0.966647914682495,0.949465961979844,0.977868009230915,0.892433798270616,0.936850847283781
"4626",0.922222401265511,0.933653867586257,0.774370317481005,0.852411249314664,0.951319428163553
"4627",0.953808131669222,0.970436993131156,0.701867635971122,0.796829749773164,0.93002591060591
"4628",0.970004176220264,0.976890291496462,0.760651832973265,0.850451189341817,NA
"4629",0.882769252914426,0.899367903755852,0.885697566350145,0.680182262735799,0.82113335578706
"4630",0.97114448370555,0.827635812182415,0.851254940018741,0.893276927011012,0.789247581181807
"4631",0.960534170588488,0.963302235159328,0.863328975295933,0.940690317435578,0.929618281718003
"4632",0.963411352977147,0.931187810615238,0.706910501722963,0.782116828371476,0.900607974642418
"4633",0.809161423205356,0.81816357698224,0.772489869517893,0.825809508576207,0.854400516789835
"4634",0.965416621441912,0.972046514144001,0.771085717859231,0.84391477850398,NA
"4635",0.898031033225895,0.827053473999171,0.838588937615215,0.903575761668317,1.01060739790812
"4636",0.967485534290747,0.972951447221326,0.807735930200643,0.8680333914896,0.998028926916886
"4637",0.968566444315362,0.982354648698765,0.892980006563295,0.942569732121861,1.0602098111845
"4638",0.891067235325117,0.808113243896326,0.782598033339136,0.824511199853463,0.951237440741176
"4639",0.952585574649822,0.900623700475406,0.782814004454567,0.871932270345299,0.850850487944766
"4640",0.972249983401356,0.972755967410379,0.792261979142266,NA,NA
"4641",0.907576046849966,0.912738187026078,0.819406930604732,0.895971905885816,0.961728236986437
"4642",0.96471951329975,0.940139275561932,0.744473806238549,0.803933007565086,0.905138877083425
"4643",0.933168629051183,0.961335611417355,0.770606009056584,0.860472344181227,0.780831263837399
"4644",0.973752322201467,0.960591528242972,0.719894356075799,0.78786162389191,0.887995271832989
"4645",0.955771653249019,0.760762578601289,0.752155691386365,0.811232298347976,0.935342027201562
"4646",0.967340844816603,0.926767464447556,0.709999556734843,0.795966332628904,NA
"4647",0.973662724793011,0.884604937876254,0.769139166208227,0.814012586736565,NA
"4648",0.973298039811243,0.965733586572183,0.787997338674434,0.872355747348491,0.984945915737465
"4649",0.941712927761595,0.943949974200034,0.745012654598849,0.832371863830271,0.946675588101243
"4650",0.935240712922544,0.955942276525001,1.01379111804282,1.05074318698921,0.942337983638864
"4651",0.942015991890031,0.964801982147616,0.701051626189285,0.802688170010703,0.91197726766472
"4652",0.855190249708473,0.867093149480595,0.908451666992439,0.983745471341761,1.04023606840002
"4653",0.962760242406419,0.977283504951421,0.824950668230519,0.904731936418895,0.998582519153068
"4654",0.900097692418847,0.864931788176652,0.847009514169948,NA,NA
"4655",0.913324681919735,0.861073826260252,0.868625122846476,0.865235094736374,0.845113359496437
"4656",0.967949743888719,0.964448466304405,0.742118518780815,0.797488553406344,0.932602093282286
"4657",0.969886841258215,0.970828890254338,0.836138199776911,0.875664571799247,0.997795632831327
"4658",0.963565830718298,0.981926423725784,0.777020751020089,0.866077413393429,0.977339475130127
"4659",0.955891009667331,0.939371781263768,0.727852989994555,0.820783727780023,0.92808488056182
"4660",0.969722982817475,0.949562113401375,0.745801928486752,0.801857360999423,0.928730404524914
"4661",0.960528725663839,0.850378449665687,0.664434746921129,0.736137078172737,NA
"4662",0.980699995149014,0.822259734883955,0.634248530644418,0.71512079873041,0.819151389774936
"4663",0.977612889749183,0.873692955628377,0.686705100391406,0.775701532892782,0.78575783280728
"4664",0.971249712163505,0.954440593896239,0.827661809612289,0.72650278298763,0.846110476329296
"4665",0.952143107810404,0.892542181812396,0.943181586401094,0.863590152803248,0.735984302584718
"4666",0.918027490983966,0.926589995798952,0.867834145677877,0.845880494170251,0.971732073198477
"4667",0.969727661685266,0.982468499505698,0.712829879386612,0.768112695655816,0.898166118821712
"4668",0.952097920583416,0.966151649533407,0.806046125472174,0.726842428130996,0.847686707215143
"4669",0.955137348680409,0.966830055556957,0.953055888627385,0.868278552481554,0.885685553534295
"4670",0.939138714561223,0.957814967899418,0.746894705551288,0.813211365852655,NA
"4671",0.966741092791304,0.980241102512592,0.90625176464278,0.973448115439923,1.02783776494238
"4672",0.964470320155958,0.95859641222806,0.751699845573642,0.794107366741014,0.929907088691945
"4673",0.969764825916333,0.96591387142688,0.748761246515737,0.814462592141859,0.947476355710051
"4674",0.890783540900485,0.907470124149377,0.7422727125171,0.667832133322594,NA
"4675",0.953576886940442,0.931143148650806,0.709784298412788,0.771003884623015,0.829442405625157
"4676",0.868339260460616,0.888587549731416,0.786783468858787,0.842575068062296,0.960200626391846
"4677",0.964980540301167,0.977808666721871,0.792513548717318,0.856391414229891,0.924071958387455
"4678",0.961586175380191,0.975253298888377,0.783523738103434,0.866308227234068,0.894838520282478
"4679",0.963240540259561,0.963935093559109,0.644825940453579,0.758007869744739,0.867796214872535
"4680",0.883907203686238,0.884998933162312,0.892887241124859,0.950752705486206,1.05955581647258
"4681",0.954488919381977,0.97334154758202,0.9196808164702,0.968447015210997,1.02012877087039
"4682",0.965585253380914,0.979896205299536,0.797974702921645,0.731197328226052,NA
"4683",0.897471718591588,0.871148381927149,0.614511037523643,0.710032890362296,0.835882176292374
"4684",0.93853604431273,0.943982070483306,0.850534917199253,NA,NA
"4685",0.968104074084241,0.953474579987919,0.768329866402385,0.850181969941261,0.948714797859471
"4686",0.922722911433978,0.933015225084168,0.615929459321702,0.755328679789161,0.810869506333724
"4687",0.968058788122055,0.980019003958141,0.720195969987179,0.795308922348284,0.924581592329458
"4688",0.915765600162093,0.932697624813656,0.925841957221794,0.783366041470287,0.867365202026072
"4689",0.905347323230065,0.781172161270732,0.752351072977306,0.840954471981579,0.962059179495934
"4690",0.9387902092573,0.926900542503187,0.789233509026282,0.835968686657397,0.956081852179186
"4691",0.916284531826104,0.935893381791468,0.617066596483723,0.711864603992977,0.837769299538569
"4692",0.97530647253808,0.977271308457271,0.755370471717474,0.775315460437242,NA
"4693",0.917905627492115,0.938035545247547,0.805661673407013,0.883033656160864,0.999185111892929
"4694",0.888793081304392,0.840869950257277,0.807365793387274,0.887814104357259,1.00713962355535
"4695",0.893497521520256,0.909568629552241,0.652393954854489,0.736525544050544,0.861540790394817
"4696",0.895660183303625,0.871487088474253,0.751074888396023,0.767176623270809,0.878381984449213
"4697",0.966416795236815,0.972993563599323,0.722861411432737,0.812049945396024,0.945541240409095
"4698",0.956767344367818,0.961859777665649,0.849676434422869,0.806321778355219,0.863428279969329
"4699",0.965630213691144,0.974145812808787,0.823004620166205,0.890538219249189,0.928056026743085
"4700",0.959032040265306,0.773809954006265,0.798214685568331,0.852755275912277,0.836292035357365
"4701",0.887772951848487,0.886263186842947,0.717585086907239,0.774116951885684,0.94122745543846
"4702",0.927247888281614,0.842766327225177,0.776817766930007,0.811939972657637,0.935124721310374
"4703",0.936770151717781,0.952924422428023,0.852008376776438,0.92405014654159,0.89785975856119
"4704",0.921653350572345,0.937419719241029,0.758954751757571,0.865645098474221,0.928590871206136
"4705",0.974158318587133,0.981914762674366,0.731140363415366,0.788462946618168,0.900572534331242
"4706",0.97346524234393,0.980775157134265,0.621048155023231,0.742903977131827,0.830297694854724
"4707",0.936810124221542,0.93814275511833,0.859374083784152,0.885967989128439,NA
"4708",0.959531458000048,0.974054415121604,0.901476148541648,0.959604115204718,1.06558812786422
"4709",0.970487021057785,0.965324514952796,0.915203282918996,0.897175567784306,0.87164324936577
"4710",0.862858033241331,0.885004359663509,0.781488728560062,0.719646048751788,0.852207846502445
"4711",0.923847854627413,0.933925302575692,0.725599520077867,NA,NA
"4712",NA,NA,NA,NA,NA
"4713",0.902380870809638,0.669300594665189,0.587101251025047,0.687868539584567,0.83448240320523
"4714",0.875391345727528,0.891440870049044,0.689342214052348,0.761146304239081,0.904781061860869
"4715",0.928544393096604,0.93712034599313,0.626201899078085,0.730788424168476,0.851817989796726
"4716",0.861313598655236,0.874497898522855,0.644124475594518,0.733753051476319,0.864980678858639
"4717",0.959430875777925,0.966486087052923,0.860635724330362,0.876905141375689,0.931631313466244
"4718",0.939729034172235,0.819842784966041,0.775433983670761,0.833080167580518,0.921476097597946
"4719",0.958273534903356,0.897737472343258,0.964656215325343,0.747729398108328,0.893396901542742
"4720",0.942382214423299,0.909906931784656,0.708869048702517,0.794202008049178,0.914989422552155
"4721",0.917597853258112,0.786026333826768,0.612937264785574,NA,NA
"4722",0.960349687436841,0.92070348786032,0.784032874226974,0.878333204323167,0.968859616157058
"4723",0.966722773768259,0.824308446366844,0.760195453488974,0.841743068448722,0.84863098518813
"4724",0.846123171208997,0.863624296096633,0.82718333389247,0.82196324538853,NA
"4725",0.950923403303862,0.906739292698566,0.711889681974071,0.766032430510703,0.894726594403255
"4726",0.893811297681079,0.924337192920278,0.720917283158729,0.77876742098771,0.88094544875772
"4727",0.936949913239126,0.942307720104314,0.73302383122697,0.80197715162444,0.930797055444449
"4728",0.949407232376088,0.961351156528779,0.904646197592542,0.883693097606015,0.983552975156308
"4729",0.964550162323935,0.962137785089112,0.800658573487101,0.867783885564668,0.948865745693421
"4730",0.96965261057534,0.972740971362423,0.87642305723381,0.871850820539281,0.99227725775781
"4731",0.820934136154807,0.802773253852683,0.771843526100519,0.800463098389087,0.897912618941008
"4732",0.973286349363756,0.98351379199318,0.66475006197992,0.743729425266638,NA
"4733",0.969889393642072,0.968377031684517,0.775387014605374,0.675667563299031,0.815422339808477
"4734",0.927135409043946,0.937756433153652,0.876999143702126,0.879822194914276,NA
"4735",0.964119150605166,0.975998106191615,0.695009106736414,0.750292959767703,0.89577259719946
"4736",0.919061051339056,0.926045382792663,0.923880250048833,0.832895263753306,0.956255592484189
"4737",0.961755722392737,0.979801923287791,0.695305220500279,0.776011122426347,0.74962412936364
"4738",0.948947188868741,0.961949546616376,0.625397830290022,0.740364033176284,0.830945457337625
"4739",0.933679057681269,0.948349611283615,0.556208147729053,0.637631265400422,NA
"4740",0.957955605743236,0.974742569160028,0.701429844193786,0.774648065881322,NA
"4741",0.922753795717646,0.945952941009985,0.803662954106419,0.847111193038882,0.799738190285646
"4742",0.95729224308917,0.890436241407798,0.560616140805164,0.678563882629474,0.822945034268485
"4743",0.960118286614459,0.755634651135165,0.679850157778651,0.757439968960224,0.894841064994502
"4744",0.966657108009674,0.979795371043043,0.773058295248479,0.842732520134889,0.935710098205269
"4745",0.967805860290707,0.977590587547589,0.838565321526019,0.771567095775955,0.872899078980966
"4746",0.94289323831618,0.845549803726429,0.789033446028366,0.870316383316972,0.987532018463845
"4747",0.932596684660545,0.939688962270975,0.786877942107716,0.819831087787464,0.726564791775658
"4748",0.929749173055512,0.948178377998163,0.634440440538209,0.676720665374141,NA
"4749",0.960652311548416,0.978854435847434,0.774138570789206,0.839343913480624,0.941063447663124
"4750",0.951205091706298,0.970429433245853,0.867975661356139,0.707822590079139,0.85679703945343
"4751",0.923010916181949,0.923181309694503,0.739941266239421,0.830833336696799,0.891442424563636
"4752",0.940669193183293,0.909991516648873,0.708181645198281,0.776281900805768,0.889648618302154
"4753",0.956410923183191,0.959920081510282,0.838186515824547,0.891632300766855,0.997374315391304
"4754",0.835255654374376,0.817262423820976,0.819585368713712,0.898457728344678,0.988639669939421
"4755",0.891957770918494,0.786753814101013,0.768810142762654,0.838213664019342,0.96112144120135
"4756",0.956280232389376,0.944161653751309,0.796457652324218,0.88845503521895,0.928526417023403
"4757",0.873583852198379,0.895077412262403,0.733257400563783,0.793148754296776,0.890566749658586
"4758",0.958350166682148,0.973442040659497,0.646747787882927,0.742956094647109,0.794476642579053
"4759",0.964110490647481,0.976600623527494,0.792087089001028,0.845076652792953,0.960470536187124
"4760",0.926702797297066,0.940833554570143,0.794696168439956,0.86655881685873,0.991101050583488
"4761",0.900527944119862,0.921263928472252,0.838023574886354,0.901318432489015,0.741582225833067
"4762",0.958633552669084,0.982624174073916,0.857191242416884,0.872314735544928,0.949702358923638
"4763",0.882373642031495,0.882006121127329,0.927979845998349,1.00049886273407,1.09993593853464
"4764",0.973626076583559,0.823316132225334,0.8761596898557,0.852165184841952,0.954162591257375
"4765",0.942290618003935,0.852686518578409,0.795200503489233,0.87708329467877,0.974683895353337
"4766",0.953710650663646,0.969669104968205,0.741636366086058,0.782441991136775,NA
"4767",0.952906983979221,0.934853189312992,0.661623479213075,0.744677452441598,NA
"4768",0.973270749464407,0.983545564710447,0.924172428222885,0.986694944962545,0.705413780491581
"4769",0.898168040223911,0.916693736444613,0.770162314267396,0.839598136844481,0.832980130551156
"4770",0.954577041189254,0.786008870069897,0.724163630126291,0.806147366888954,0.917354904744331
"4771",0.961742684428778,0.790088686256333,0.819832196163264,0.833870100079621,0.961499904094469
"4772",0.931965446238271,0.916469290662371,0.735164328603653,0.793610974784608,0.789837613303601
"4773",0.892681590259118,0.910699776444638,0.73618977709658,0.835689113413209,0.803190136600939
"4774",0.970735884340074,0.978538219128635,0.73904035419991,0.816196256565604,NA
"4775",0.939288336204597,0.954110074560003,0.854309343767655,0.784669855835569,0.937631517874014
"4776",0.971728044658072,0.976012302909232,0.940110717496162,0.878576406878805,1.0171269880408
"4777",0.859327808784422,0.873268481489522,0.792759714566321,0.841202223735013,0.962090127905149
"4778",0.842331483332787,0.856837114934382,0.802028864633729,0.803540910331845,0.923313421787228
"4779",0.967743366539413,0.892146961913044,0.815895880472959,0.894096127783954,NA
"4780",0.957553905934342,0.971708107404673,0.767685814046155,0.870506302046339,0.918905001943224
"4781",0.965093987811883,0.958418848905095,0.839878469328889,0.812744116196397,0.912727632982337
"4782",0.956173655412605,0.953611018864105,0.821395208672408,0.867726525811185,0.767916755164088
"4783",0.966746966945457,0.945979826512979,0.769623855502934,0.845695375985863,0.968849053571397
"4784",0.944090782821414,0.957707686697939,0.738097058452812,0.805116802292409,0.796321398268642
"4785",0.869642569658239,0.885090153113745,0.766651151219633,0.847248889929614,0.72432695638273
"4786",0.983294811439654,0.946379146487846,0.717534268706662,0.739451843640431,NA
"4787",0.973581742058955,0.903919405089917,0.713242138154919,0.793082699015453,NA
"4788",0.963336539331835,0.980272176109561,0.795293222615125,0.807445812720245,0.809152840412291
"4789",0.9244239820169,0.947558615724228,0.814377651697775,0.791868722558039,NA
"4790",0.90610208408887,0.906494263303774,0.791398348575834,0.851795741889839,NA
"4791",0.970695756266615,0.89142726398387,0.694485380440473,NA,NA
"4792",0.962473603008422,0.957509910464512,0.724959252262563,0.814869174359591,0.930153475304851
"4793",0.883677670312175,0.894752465515182,0.953829934832335,0.911913086816636,NA
"4794",0.959002111235695,0.880409844052512,0.637105906490994,0.729552656713152,0.852733909167365
"4795",0.962380526954449,0.979407214073979,0.732590921995565,0.815671920819963,0.856319857821551
"4796",0.881704032859617,0.898651845446017,0.72241735665959,0.787662955504264,0.944882230968745
"4797",0.968564922191823,0.979236176465147,0.668819943243136,0.73294798756963,0.785574793645221
"4798",0.976290051697788,0.970830744269777,0.808384150861629,0.875369879807542,0.9917119932003
"4799",0.93737819358201,0.944182286286405,0.767092477053934,0.757973533664752,NA
"4800",0.939740038054387,0.938133892163559,0.748209758763421,NA,NA
"4801",0.85213384270817,0.833047467421193,0.764114526859857,0.833743658907027,0.881321298530328
"4802",0.957525861383916,0.941322926249332,0.780767344876579,0.855649165631634,NA
"4803",0.951332856359201,0.960429764599796,0.76591504004207,0.815601915213296,0.932160324290755
"4804",0.955726723799399,0.884922140607879,0.837941924370346,0.830431985203808,0.837035582360169
"4805",0.971731612730057,0.991016728228491,0.849572924078623,0.831838346235576,NA
"4806",0.965746613150752,0.944392252539482,0.830680596151293,0.882755852909645,1.0178754358076
"4807",0.95891550094676,0.916943892239555,0.827423251346394,0.914055303783327,1.01870390523501
"4808",0.969406589048268,0.98459221589361,0.806234837281338,0.702241303349867,0.845847902662746
"4809",0.870339183040309,0.876334831046037,0.745169008266294,0.820430734067177,0.805406354598291
"4810",0.963839044407829,0.853322465537529,0.745455210275706,0.856811332429173,0.889970705802756
"4811",0.973676172064221,0.951981040681789,0.719968142435497,0.78412164962559,0.861726374997303
"4812",0.908886608672215,0.924702145030598,0.794405837505728,0.886284750658527,0.972740118215152
"4813",0.965377481494066,0.973639872786817,0.8306145674076,0.885717420055867,0.97888853254045
"4814",0.964163514233487,0.984157948212364,0.763227246455143,0.843594321833026,0.79257565520743
"4815",0.971197550424302,0.974143887765047,1.01247882829412,0.791757726813104,0.878063644208407
"4816",0.910481069814048,0.921819822684848,0.822515333770838,0.890892936894848,0.993687612418213
"4817",0.880889884584107,0.79078303098949,0.634975481916396,0.667181174660328,0.801552401000038
"4818",0.869545128738975,0.777459700208788,0.7421953671894,0.741105835390857,0.857657136358781
"4819",0.948095602588063,0.906178858808266,0.703614393427782,0.784863846781532,0.804012514538087
"4820",0.923285089569785,0.935723913145664,0.736471732110612,0.77173463937329,0.893777254248981
"4821",0.955559224939505,0.909412175358131,0.863707028265893,0.924937046332969,1.03318841138684
"4822",NA,NA,NA,NA,NA
"4823",0.822967911069679,0.843416516563538,0.808039033459073,0.870848931131437,0.984590058158471
"4824",0.947669476544208,0.926992318779676,0.787244945622338,0.860774363857266,0.969641057575585
"4825",0.97792555315034,0.909704830422265,0.740102805876647,0.769457769502849,0.875346237737597
"4826",0.970959200161318,0.976565560908852,0.850546187940159,0.844474728428044,0.94706132160588
"4827",0.910462067266466,0.922895655969511,0.872193004077821,0.716808767919991,NA
"4828",0.975749601511811,0.981191085233545,0.823766869444202,0.830495514333185,0.938771589268739
"4829",0.968417225754185,0.97282007476445,0.734081786548621,0.837718018699269,0.822442266618858
"4830",0.967983560126353,0.886230239887358,0.944431658931021,0.881198484255793,0.993988670658059
"4831",0.964599471832302,0.832793820056861,0.774944061526377,0.843583874117454,0.951153596081568
"4832",0.930685802212255,0.937295628603962,0.776067996791123,0.85968111208147,0.961571193761247
"4833",0.954036668260532,0.966974049418512,1.00560501518717,1.0478036421455,0.870820918921503
"4834",0.823820512243712,0.837622326046338,0.781764874425232,0.859895786043493,0.867131786859915
"4835",0.972323358558013,0.983521542653042,0.702199001344809,0.783572284586963,0.808701729751525
"4836",0.956231906278956,0.918173511791212,0.955229107576437,0.898929765180679,0.991128261733318
"4837",0.940964502941087,0.837051111830785,0.719527132592414,0.799172655862726,0.92814145760303
"4838",0.956886630730107,0.951732536018342,0.708190827867134,0.787914351804466,0.902934966245674
"4839",0.946819575448752,0.871448417176059,0.703400209442026,NA,NA
"4840",0.867214133020142,0.858140578167705,0.742447826121247,0.802385631306671,0.936765714038358
"4841",0.958797456909038,0.96408407126437,0.827745674791142,0.88628764506731,1.02641092683409
"4842",0.962378243983127,0.970050916416027,0.924163820721928,0.945492724178537,0.918019281420574
"4843",0.897045449194193,0.910309545948079,0.714188562187477,0.81511896745681,0.898576514740914
"4844",0.967308973179696,0.848884485607293,0.82683352820521,0.886239723775041,0.777378125537267
"4845",0.90011764991358,0.876174360771723,0.75394804703531,0.833867921044119,0.937066381557054
"4846",0.93898038047177,0.869231320060133,0.779043447903568,0.866715618461872,0.983239501189524
"4847",0.973271165248865,0.967349734900069,0.907857567730551,0.733484210072388,0.80507484118891
"4848",0.97494536138947,0.981595412640602,0.799279975729607,0.876530771449724,0.994756383566024
"4849",0.884633701679097,0.895872558218887,0.776076155958945,0.844577488513111,0.923826133277344
"4850",0.945728821965476,0.787419988122974,0.67748228670867,0.709894617512454,0.890488949572788
"4851",0.939376949223604,0.960205752356785,0.77406417762281,0.771609438142831,0.732100736468312
"4852",0.965412254178341,0.961310390639675,0.768445445346174,0.866652425878314,0.953175283468316
"4853",0.942688942835307,0.721247404365235,0.787670364231694,0.874739096203078,0.968766528692718
"4854",0.940991458233409,0.96908654753453,0.796874302798102,0.851189524189343,0.956915564604919
"4855",0.964591713655167,0.972607580927848,0.746290257560571,0.842365515940577,0.95066151462987
"4856",0.841621858787464,0.767623551910025,0.842396753875624,0.837604543748746,0.919589102989472
"4857",0.96965589951021,0.790419320276414,0.863181469674229,0.744223790215172,0.875587563592263
"4858",0.865348705439177,0.76879102724447,0.575931854044711,0.699305917790254,0.76536776093271
"4859",0.968225478187017,0.941171120296534,0.712059349771045,0.759342922330237,0.85772290320815
"4860",0.946318223143391,0.955776755311402,0.794877591689811,0.770015965370558,0.88811269900667
"4861",0.964588943972234,0.947768881831858,0.704575330580849,0.793538710117319,0.927935956536152
"4862",0.934479939038519,0.947496650031776,0.667913478544395,0.750004106975244,0.887970677644935
"4863",0.950128434526817,0.95503601409826,0.711826469141505,0.805582542971082,NA
"4864",0.919217440515435,0.903463920070731,0.801853113282265,0.870785297493131,0.955083496729164
"4865",0.871632848940125,0.821191983923471,0.729717714646941,0.782582413613981,0.926840127598725
"4866",0.868861984233705,0.839950390910759,0.704350762167116,0.787206555754082,0.900683621065433
"4867",0.933369276907438,0.922660676610278,0.890051298229456,0.792885576469869,0.88590937608414
"4868",0.890295866458903,0.828029303771162,0.770734371902149,0.759772057780557,0.852896988228714
"4869",0.963478236685679,0.983472293379389,0.805813086257639,0.873645027460094,0.84630081575901
"4870",0.905312796345622,0.924477298016025,0.770192569321379,0.862430313042846,0.941312286339961
"4871",0.855375394412179,0.872342681696922,0.69612306742409,0.77953259424702,NA
"4872",0.887910114679813,0.896682230908803,0.764358156416095,0.838930111908563,0.944822416091022
"4873",0.874618870285761,0.814859916390957,0.649453626615462,0.743905227174233,NA
"4874",0.965843755583068,0.978398089064364,0.657969689760491,0.719483328475835,0.860294016161365
"4875",0.9469142232628,0.90811015897187,0.964734766192803,0.897032376568127,1.01857576673643
"4876",0.955905595046909,0.963830605328028,0.788896360623751,0.873409605007385,0.879110324516433
"4877",0.956320274331339,0.802522835724385,0.794952315448832,0.872375313444205,0.855090270187961
"4878",0.927849452435502,0.949830639514695,0.976527280355073,1.0120733642979,0.939259035387964
"4879",0.975717247358947,0.946272281773661,0.695494393915543,0.789005792045213,NA
"4880",0.889071731184121,0.902252443432896,0.727185496568097,0.818550201779486,0.942331139035611
"4881",0.931582368223046,0.877492224142809,0.804664581335156,0.877424103013667,0.971829955845929
"4882",0.901429056616362,0.860209658857492,0.782363200203203,0.813968530209108,0.885664398622838
"4883",0.883477963022122,0.873688151591581,0.773269195202274,0.799792791983932,0.937952891513142
"4884",0.918098749658042,0.92997304106792,0.864019984591579,0.919501953077375,1.02223306558873
"4885",0.953955216806331,0.870353508969899,0.926878582961871,0.883319739586499,0.969291025226568
"4886",0.914584127208996,0.944994967565279,0.724738474752908,0.807962513438034,0.91728804462903
"4887",0.971925714976612,0.892638752614623,0.794040294073903,0.780763582628313,0.909844872364178
"4888",0.935865105483344,0.934708613445359,0.697741609521007,0.782785768657474,NA
"4889",0.959501969153085,0.970891005248425,0.864631808667357,0.929546404417985,0.853475081411858
"4890",0.959140772199546,0.977346049877011,0.812124970184466,0.8387207887752,0.847849287422432
"4891",0.884965914554592,0.893720806624465,0.682665160277857,0.795118722725622,0.76175192419768
"4892",0.950380096791587,0.964372260072551,0.77763533918541,0.7263516893253,0.869488939900475
"4893",0.911155527858403,0.662388239467818,0.735443166540408,0.780339342575785,0.898460627462905
"4894",0.96643149628038,0.960905027969448,0.710916964726167,0.772679696742743,0.932678617322318
"4895",0.925209485450056,0.946402571371187,0.984108888365351,0.858558627200754,0.946786212668809
"4896",0.85456391091444,0.860857620317499,0.7849990797376,0.855077948693612,0.976224941381323
"4897",0.963569190409493,0.978530298842483,0.798054639260494,0.851259780747153,0.996637128657778
"4898",0.956633354576966,0.918756060293887,0.842830104957806,0.887022568894217,0.780666258019357
"4899",0.97013069640122,0.973657481710212,0.774084342100188,0.732024163907122,0.877576211085874
"4900",0.888874707908653,0.855998446477323,0.892354691793879,0.940228263554001,NA
"4901",0.96934433487223,0.948489199907873,0.823301484060712,0.896413408724264,0.991866093669266
"4902",0.955531025153397,0.884213482032084,0.8100436404954,0.896698828123072,0.915862388117634
"4903",0.860560158723575,0.862900034408596,0.785100056403338,0.849107497874153,0.965367692686117
"4904",0.828859900757917,0.85558689419135,0.626596165238939,0.70666558416584,0.837348561657582
"4905",0.961032310194885,0.88502387760911,0.654378355440839,0.751259229333969,NA
"4906",0.922755702710281,0.894790145336946,0.849438765664802,0.906381369183149,0.85073546417863
"4907",0.82693587153591,0.815154325077068,0.796832572476831,0.81375252045607,0.955655465825019
"4908",0.95835006031647,0.935924227877196,0.823234544982147,0.900065779492367,NA
"4909",0.867711529732156,0.855968034605623,0.778827237207818,0.848655084695817,0.962370411811874
"4910",0.874186858894357,0.879362234960463,0.8235770041181,0.86540202374519,0.99740114560286
"4911",0.967996305426523,0.960386292965174,0.819107552995429,0.84112270547695,0.977363685529533
"4912",0.877880675903159,0.890996499311499,0.865982284690199,0.927037621543272,NA
"4913",0.891505811132109,0.907498402184852,0.7483190315706,0.75275065681729,0.900158459009472
"4914",0.95203930212261,0.967868101070807,0.609184953712965,0.686074309233258,0.819736153353816
"4915",0.972907066024071,0.934172036854366,0.738077448993723,0.778892661093641,0.773672864750413
"4916",0.96801754277571,0.957147907846115,0.740188413414291,0.745634575513082,NA
"4917",0.961766749607965,0.966692758860822,0.785849392236442,0.870355714187024,0.964531121604491
"4918",0.977087928751362,0.95555660940763,0.910996143472903,0.96520716429384,0.839943570439332
"4919",0.959197134546366,0.980285344754189,0.741565133767451,0.756748123066069,NA
"4920",0.960773506892711,0.975051905711319,0.640861146643668,0.702245577313191,0.817441984869491
"4921",0.956727826272222,0.804404734826251,0.695435274426839,0.781300185485733,0.892745680464433
"4922",0.932514371394647,0.948162336411124,0.703523108122106,0.787531254088507,NA
"4923",0.919955122578171,0.909386271698036,0.812685609588677,NA,NA
"4924",0.929624583509183,0.93640863808433,0.868108630479524,0.888204186085033,0.997700783926658
"4925",0.95978920464402,0.982768948881445,0.820313417725045,0.898022643524652,0.93288982647369
"4926",0.943573934527002,0.961596259674698,0.803638796022462,NA,NA
"4927",0.957297637463022,0.975084167943198,0.911018299950147,0.94339122123788,0.973012254889748
"4928",0.970176155939379,0.913828294375821,0.701524365625336,0.732816432344468,0.816010718531674
"4929",0.94211037613753,0.885165057602569,0.876205798866902,0.732456657815839,0.862935649877443
"4930",0.956036306201197,0.980534302174519,0.824484806934086,0.900935172883344,0.997509599323105
"4931",0.973022277673883,0.880397271459721,0.928175412913266,0.843526571790248,0.844826718889134
"4932",0.974416895996127,0.984831370411207,0.824494493873897,0.891494656575549,0.852816842467826
"4933",0.96941450835357,0.832845438634751,0.620648195679107,0.710748165546097,NA
"4934",0.939202223635546,0.646301827643148,0.7223222867184,0.801757818647279,0.909590332644304
"4935",0.829611601314899,0.84585900784318,0.71027154889696,0.761147647489808,0.90301949601405
"4936",0.946398772311734,0.932679368573653,0.869899256634538,0.83421013089372,0.970172217575746
"4937",0.918762356679372,0.937217544579273,0.756185786005016,0.823705957009684,0.961617741400319
"4938",0.890051481612087,0.77818719784098,0.688972711157308,0.770073597669536,0.825138379641445
"4939",0.969910707807928,0.938931084845916,0.804633045824025,0.70759085648932,0.848630515367176
"4940",0.943592774098073,0.87350466025301,0.732190680628017,0.798003620534643,0.893193446021939
"4941",0.949779620220835,0.853081845576116,0.864509290622286,0.92731165855134,0.957603681867943
"4942",0.939612904381534,0.93017196954675,0.74585890478609,0.69903148669312,NA
"4943",0.894083167492502,0.907452204849772,0.790806179172649,0.828303136334913,0.940893249495343
"4944",0.956516843968095,0.973119806970996,0.709363799976837,0.765071435266476,0.886404074239986
"4945",0.856820265209179,0.86279315660353,0.764092353025187,0.8165042426095,0.927949902518383
"4946",0.963711390151406,0.978445202109613,0.761533174813843,0.798370806005685,0.92519069078827
"4947",0.982134553161052,0.988414944919204,0.735976905634044,NA,NA
"4948",0.960786225631152,0.967573142628112,0.709016155510898,0.75388830629498,0.885621801271297
"4949",0.97215078679576,0.96810389253733,0.788117641002956,0.828233868041522,0.847847994612304
"4950",0.960551655156501,0.971773592743041,0.732641004373372,0.784176000426424,0.917089267266365
"4951",0.945051582846139,0.960566293524754,0.939839978298901,0.866103878651564,0.96089990185503
"4952",0.819243429646799,0.801625155044094,0.795474892750982,0.820797687425295,0.927845230953693
"4953",0.88068448279506,0.892611357794313,0.921864069908225,0.662298518354232,0.778909907912865
"4954",0.96197904676882,0.929953483911008,0.670188021551199,0.739841557014027,NA
"4955",0.977395867407667,0.924087516307828,0.977890813467662,0.912556515510688,0.984494034484481
"4956",0.915804488588791,0.936902498736913,0.770191183644501,0.855912207590521,0.955794444105087
"4957",0.932641152640749,0.900453453976138,0.822225877686873,0.866624956005845,0.911646711054294
"4958",0.958265613629608,0.973558158747955,0.744083042877818,0.807137016565363,0.868679462668968
"4959",0.874773619288695,0.875990207839498,0.759458555149579,0.727837316454,NA
"4960",0.96873161427968,0.961830597827314,0.860357122383422,0.850872411926003,0.767161758460058
"4961",0.963207385119722,0.97710369705591,0.932236968191503,0.839872117363428,0.963524407657747
"4962",0.972651495314412,0.920758290069247,0.83828418837972,0.905069079757107,NA
"4963",0.954258951167352,0.875304600979547,0.785165954149065,0.806618192223769,0.923843596274699
"4964",0.912106296813489,0.921726797228908,0.850665217895977,0.878310764067995,0.993600132835826
"4965",0.959967389985893,0.927898550609235,0.78656573417283,0.833043655305368,0.975277981608255
"4966",0.864407614763956,0.751065232416543,0.676732316838352,0.746741944526264,0.863823123365875
"4967",0.959754662976216,0.888129800119347,0.884887150389967,0.863779329866239,0.976361151199936
"4968",0.906216032011329,0.927072248208207,0.653645715195301,0.77014983357167,0.87137709053383
"4969",0.9679596768523,0.953177466994521,0.644420159814774,0.673706639830708,0.762867987074561
"4970",0.956555926620489,0.972193766472382,0.836091339451133,0.897743668527845,0.827902092801047
"4971",0.876677490290433,0.903929314842014,0.932316113520306,0.966921275856778,1.0876269493131
"4972",0.905086590592604,0.923135164332334,0.780259385845042,0.846838033211058,0.963563550018478
"4973",0.964955339740896,0.974316182487572,0.810648514212553,0.859068196465662,0.943633174402862
"4974",0.901780148929571,0.822220508841769,0.834938324076791,0.872835476230472,0.995571420536882
"4975",0.971962632786931,0.937268734303367,0.773115332085017,0.849633446486575,0.947830990117126
"4976",0.958026379069372,0.972163872647263,0.790817190833258,0.819767606600436,NA
"4977",0.964621692051685,0.9694560725944,0.810711712886317,0.861724386468096,0.982185807396926
"4978",0.950098828268761,0.92755269668148,0.683017340454898,0.74878366343021,0.893418084530623
"4979",0.924266552103008,0.933865695348286,0.808485862883137,0.894281651358433,0.86764535134516
"4980",0.895911879274591,0.901443961975818,0.663354945939588,0.742016446411565,0.793229857321614
"4981",0.970276213665923,0.976983194369343,0.752056940806492,0.815303991347556,0.939284445160948
"4982",0.87833806639783,0.884119618119037,0.922629641749309,0.726497196185704,0.806953526588672
"4983",0.946378275012035,0.847808231804584,0.726911768105341,0.805986762106091,0.887927444740526
"4984",0.96110221401066,0.902385833223078,0.599195699162364,0.673758734541669,0.808811247686505
"4985",0.960447331055588,0.94745449501978,0.792861987610384,0.815221223126301,0.91993650367116
"4986",0.93107484464016,0.943122752227783,0.73873425120876,0.753488624336221,0.86683100902325
"4987",0.964222134087285,0.965168782881007,0.763605570432421,0.800380107108603,NA
"4988",0.96126763715741,0.93750618540975,0.984414327124923,0.737139899172347,0.85478190782066
"4989",0.968305545432293,0.977024418869356,0.686884677341589,0.782786344212434,NA
"4990",0.945414241795993,0.967181790409679,0.838294919861632,0.921423749884409,0.94179491034722
"4991",0.862871164885378,0.764733649484471,0.695266514992073,0.763757337573858,0.877650563970831
"4992",0.92650232014936,0.937559487944723,0.789432963415123,0.882339882302772,0.858888074410782
"4993",0.963947203533811,0.957291157629549,0.853413923926356,0.932397883233142,0.804141528441969
"4994",0.944475828117154,0.951794587685568,0.824554043690716,0.885182815196583,0.882028134304706
"4995",0.982307613288245,0.839718443305838,0.846838751064282,0.910621823078401,NA
"4996",0.944345987968876,0.951243135656609,0.774965601246624,0.834271507156324,NA
"4997",0.963506984152773,0.961205037471476,0.66881421609563,0.745965782510987,0.828925779897649
"4998",0.944653672966012,0.95705624348749,0.697621332928828,0.760864525999299,0.883708107502875
"4999",0.960039744599465,0.970119242612941,0.908835819821278,0.832512371197792,0.965968613827125
"5000",0.961487409966167,0.972339928766886,0.715578849015463,0.772104189705525,0.685429920729996
