"","V1","V2","V3","V4","V5","V6","V7","V8","V9"
"1",0,0,0,1,2,3,2,1,2
"2",0,0,0,2,0,2,5,1,3
"3",0,0,0,3,0,5,2,0,2
"4",0,0,0,1,2,1,2,1,1
"5",0,0,0,2,0,1,2,3,1
"6",0,0,0,0,2,2,2,3,1
"7",0,0,0,3,3,1,4,2,1
"8",0,0,0,2,1,3,2,0,2
"9",0,0,0,1,0,2,0,3,6
"10",0,0,0,1,1,2,2,2,2
"11",0,0,0,4,1,3,0,1,0
"12",0,0,0,2,1,0,5,1,2
"13",0,0,0,1,2,2,7,1,0
"14",0,0,0,3,1,1,0,4,2
"15",0,0,0,0,4,1,1,0,1
"16",0,0,0,2,0,7,2,2,1
"17",0,0,0,1,2,1,3,1,1
"18",0,0,0,3,2,3,3,0,2
"19",0,0,0,2,1,2,2,2,0
"20",0,0,0,1,4,2,2,1,5
"21",0,0,0,3,1,2,2,1,3
"22",0,0,0,0,1,3,1,2,2
"23",0,0,0,2,0,2,1,1,0
"24",0,0,0,2,2,3,1,3,1
"25",0,0,0,1,2,3,2,0,5
"26",0,0,0,2,2,2,2,3,4
"27",0,0,0,5,3,2,2,0,2
"28",0,0,0,1,2,1,3,1,4
"29",0,0,0,3,3,2,1,0,1
"30",0,0,0,2,1,2,1,3,2
"31",0,0,0,4,3,2,1,3,0
"32",0,0,0,3,3,5,3,2,2
"33",0,0,0,2,1,3,1,2,2
"34",0,0,0,1,4,2,0,1,0
"35",0,0,0,1,3,2,1,2,1
"36",0,0,0,4,1,4,2,1,1
"37",0,0,0,3,3,1,2,2,1
"38",0,0,0,0,4,4,3,2,2
"39",0,0,0,4,3,1,4,2,2
"40",0,0,0,1,2,3,2,2,1
"41",0,0,0,1,3,0,3,2,3
"42",0,0,0,2,1,2,3,2,2
"43",0,0,0,4,2,0,2,4,2
"44",0,0,0,3,1,1,1,3,1
"45",0,0,0,1,1,2,3,2,1
"46",0,0,0,3,2,3,4,2,5
"47",0,0,0,2,5,4,4,2,3
"48",0,0,0,3,5,2,2,0,1
"49",0,0,0,1,3,1,3,1,3
"50",0,0,0,2,3,5,4,1,1
"51",0,0,0,1,2,5,4,3,1
"52",0,0,0,5,5,0,1,6,2
"53",0,0,0,2,1,3,3,0,2
"54",0,0,0,2,4,3,2,2,5
"55",0,0,0,2,4,1,0,2,2
"56",0,0,0,1,2,1,2,1,0
"57",0,0,0,1,2,2,2,1,1
"58",0,0,0,0,2,5,2,1,0
"59",0,0,0,1,4,0,1,2,1
"60",0,0,0,6,3,1,2,1,2
"61",0,0,0,1,2,4,1,2,1
"62",0,0,0,0,6,2,2,2,0
"63",0,0,0,3,1,4,4,4,1
"64",0,0,0,1,4,1,5,2,1
"65",0,0,0,0,2,0,7,3,0
"66",0,0,0,3,2,0,2,1,1
"67",0,0,0,1,1,2,2,3,3
"68",0,0,0,1,3,6,1,0,0
"69",0,0,0,4,1,2,0,1,1
"70",0,0,0,3,3,3,2,1,1
"71",0,0,0,4,3,0,5,3,1
"72",0,0,0,2,2,3,0,2,2
"73",0,0,0,1,4,3,2,4,0
"74",0,0,0,1,0,2,2,1,2
"75",0,0,0,4,1,1,4,5,0
"76",0,0,0,3,4,5,1,0,0
"77",0,0,0,3,3,3,0,0,3
"78",0,0,0,1,1,0,3,5,1
"79",0,0,0,1,1,1,2,0,2
"80",0,0,0,5,3,3,1,1,1
"81",0,0,0,2,4,0,1,2,4
"82",0,0,0,3,1,2,3,2,1
"83",0,0,0,2,0,2,3,1,4
"84",0,0,0,1,3,1,1,1,4
"85",0,0,0,1,2,3,4,2,0
"86",0,0,0,5,1,3,1,1,1
"87",0,0,0,1,5,1,3,2,3
"88",0,0,0,2,3,0,2,3,0
"89",0,0,0,3,2,0,1,3,1
"90",0,0,0,2,1,3,2,2,3
"91",0,0,0,3,2,2,2,1,1
"92",0,0,0,1,2,1,0,1,4
"93",0,0,0,3,2,1,2,1,0
"94",0,0,0,2,4,2,1,3,0
"95",0,0,0,2,5,3,2,0,5
"96",0,0,0,1,8,1,2,1,1
"97",0,0,0,3,2,2,1,4,1
"98",0,0,0,1,1,2,4,3,0
"99",0,0,0,2,3,1,2,2,3
"100",0,0,0,2,1,1,4,0,4
"101",0,0,0,1,1,1,5,1,1
"102",0,0,0,4,6,2,2,0,0
"103",0,0,0,0,3,2,0,1,1
"104",0,0,0,0,3,4,0,2,3
"105",0,0,0,1,1,1,4,3,2
"106",0,0,0,2,0,2,2,2,3
"107",0,0,0,2,3,3,3,3,1
"108",0,0,0,4,0,4,3,0,1
"109",0,0,0,4,5,0,2,1,0
"110",0,0,0,1,4,1,3,4,1
"111",0,0,0,4,5,2,3,2,3
"112",0,0,0,2,1,1,3,2,2
"113",0,0,0,1,1,1,1,0,1
"114",0,0,0,1,1,2,1,2,0
"115",0,0,0,4,4,1,0,1,1
"116",0,0,0,3,0,1,2,5,0
"117",0,0,0,4,3,3,2,1,0
"118",0,0,0,1,4,3,5,0,3
"119",0,0,0,5,0,4,1,3,4
"120",0,0,0,3,3,3,1,1,2
"121",0,0,0,2,2,3,1,3,4
"122",0,0,0,2,2,1,5,1,0
"123",0,0,0,3,5,3,5,1,1
"124",0,0,0,3,6,1,3,4,4
"125",0,0,0,2,2,0,1,4,3
"126",0,0,0,4,2,1,2,2,1
"127",0,0,0,2,4,0,5,3,1
"128",0,0,0,1,6,2,2,4,0
"129",0,0,0,2,3,5,1,1,1
"130",0,0,0,2,3,3,2,2,1
"131",0,0,0,3,1,2,5,1,0
"132",0,0,0,1,1,3,3,1,2
"133",0,0,0,5,3,1,4,3,1
"134",0,0,0,3,1,1,2,2,1
"135",0,0,0,4,2,0,3,0,0
"136",0,0,0,5,3,1,0,4,1
"137",0,0,0,3,1,0,1,2,1
"138",0,0,0,2,1,3,2,4,1
"139",0,0,0,3,0,2,2,3,2
"140",0,0,0,0,3,4,2,2,0
"141",0,0,0,5,3,2,0,1,1
"142",0,0,0,1,3,0,2,1,3
"143",0,0,0,4,3,3,2,1,2
"144",0,0,0,1,5,2,2,1,4
"145",0,0,0,3,0,3,2,3,1
"146",0,0,0,4,1,0,3,4,1
"147",0,0,0,2,3,2,1,1,2
"148",0,0,0,3,2,3,1,5,2
"149",0,0,0,2,4,1,1,3,0
"150",0,0,0,1,0,0,1,5,1
"151",0,0,0,4,2,1,3,0,0
"152",0,0,0,4,2,0,2,3,0
"153",0,0,0,3,4,2,2,2,1
"154",0,0,0,2,3,2,2,3,4
"155",0,0,0,3,0,3,2,2,1
"156",0,0,0,3,3,1,1,3,1
"157",0,0,0,4,3,2,1,2,2
"158",0,0,0,1,0,3,0,2,7
"159",0,0,0,3,2,2,4,0,1
"160",0,0,0,3,0,3,3,3,2
"161",0,0,0,2,1,1,1,0,1
"162",0,0,0,2,3,2,4,3,1
"163",0,0,0,0,4,1,3,3,1
"164",0,0,0,2,1,3,1,2,1
"165",0,0,0,3,3,0,2,2,3
"166",0,0,0,1,1,3,2,1,3
"167",0,0,0,1,1,1,3,3,3
"168",0,0,0,1,2,3,7,0,2
"169",0,0,0,3,3,2,0,4,2
"170",0,0,0,1,3,3,0,1,1
"171",0,0,0,2,2,2,1,2,2
"172",0,0,0,0,2,4,2,3,2
"173",0,0,0,2,3,1,1,1,2
"174",0,0,0,1,1,0,2,3,5
"175",0,0,0,2,1,0,3,0,2
"176",0,0,0,0,1,1,2,1,2
"177",0,0,0,4,1,4,0,3,1
"178",0,0,0,2,2,5,1,4,0
"179",0,0,0,4,1,1,1,2,3
"180",0,0,0,4,3,2,3,2,1
"181",0,0,0,2,3,0,1,1,2
"182",0,0,0,3,1,2,3,2,2
"183",0,0,0,3,3,3,0,3,1
"184",0,0,0,3,0,1,1,0,1
"185",0,0,0,1,1,4,4,2,1
"186",0,0,0,3,2,0,2,2,0
"187",0,0,0,3,3,1,1,1,3
"188",0,0,0,7,4,1,3,1,1
"189",0,0,0,5,1,3,3,3,2
"190",0,0,0,1,2,3,3,3,3
"191",0,0,0,6,6,3,3,1,4
"192",0,0,0,2,2,4,5,1,5
"193",0,0,0,5,1,3,3,1,1
"194",0,0,0,5,1,1,3,3,1
"195",0,0,0,0,6,2,1,3,1
"196",0,0,0,4,2,2,5,1,3
"197",0,0,0,2,3,3,3,0,1
"198",0,0,0,3,2,4,2,2,2
"199",0,0,0,1,2,4,1,2,1
"200",0,0,0,1,0,2,5,2,0
"201",0,0,0,3,4,0,2,1,1
"202",0,0,0,1,1,2,2,3,6
"203",0,0,0,2,1,5,4,3,3
"204",0,0,0,2,4,0,2,3,4
"205",0,0,0,3,2,2,1,2,1
"206",0,0,0,4,1,2,1,3,1
"207",0,0,0,2,3,6,2,1,1
"208",0,0,0,5,1,1,2,3,2
"209",0,0,0,2,1,2,2,0,1
"210",0,0,0,3,5,2,1,3,1
"211",0,0,0,0,3,1,3,2,0
"212",0,0,0,2,0,6,2,1,2
"213",0,0,0,6,2,2,2,2,1
"214",0,0,0,1,4,4,3,1,3
"215",0,0,0,4,3,3,0,2,3
"216",0,0,0,3,2,3,5,1,1
"217",0,0,0,3,2,4,3,2,3
"218",0,0,0,4,1,2,2,3,1
"219",0,0,0,1,6,1,0,1,3
"220",0,0,0,3,0,1,4,2,2
"221",0,0,0,3,4,3,3,4,2
"222",0,0,0,6,0,1,2,4,1
"223",0,0,0,3,1,0,1,2,1
"224",0,0,0,1,1,4,1,1,4
"225",0,0,0,2,2,3,3,1,2
"226",0,0,0,1,3,3,2,3,2
"227",0,0,0,6,6,0,2,1,1
"228",0,0,0,5,5,3,1,1,1
"229",0,0,0,2,2,1,1,1,1
"230",0,0,0,3,3,0,1,0,4
"231",0,0,0,2,2,3,3,1,4
"232",0,0,0,3,2,0,5,0,3
"233",0,0,0,1,3,2,3,1,2
"234",0,0,0,3,1,2,1,3,1
"235",0,0,0,1,1,0,1,2,5
"236",0,0,0,1,2,1,3,1,4
"237",NA,NA,NA,NA,NA,NA,NA,NA,NA
"238",0,0,0,2,1,2,3,4,3
"239",0,0,0,2,1,1,1,4,4
"240",0,0,0,3,3,1,1,2,3
"241",0,0,0,4,3,3,2,3,0
"242",0,0,0,2,2,4,2,2,1
"243",0,0,0,2,2,2,3,3,2
"244",0,0,0,0,0,2,4,1,2
"245",0,0,0,4,1,2,2,2,2
"246",0,0,0,2,2,2,0,0,2
"247",0,0,0,2,0,3,3,2,2
"248",0,0,0,2,3,4,3,3,2
"249",0,0,0,4,1,2,4,3,1
"250",0,0,0,3,3,1,1,2,2
"251",0,0,0,3,1,4,1,0,2
"252",0,0,0,2,0,1,4,3,4
"253",0,0,0,2,4,0,4,0,1
"254",0,0,0,2,2,2,5,2,4
"255",0,0,0,1,2,2,2,3,0
"256",0,0,0,3,3,4,2,3,3
"257",0,0,0,1,3,1,2,3,1
"258",0,0,0,1,2,2,2,2,1
"259",0,0,0,1,2,2,1,4,1
"260",0,0,0,2,1,1,2,2,1
"261",0,0,0,5,1,3,1,0,3
"262",0,0,0,0,5,3,1,3,1
"263",0,0,0,0,4,2,0,1,1
"264",0,0,0,1,2,2,1,2,0
"265",0,0,0,4,0,5,1,2,2
"266",0,0,0,2,0,1,0,1,1
"267",0,0,0,3,1,3,1,3,2
"268",0,0,0,2,0,3,2,1,3
"269",0,0,0,2,2,5,2,3,2
"270",0,0,0,5,3,0,3,1,2
"271",0,0,0,2,2,1,1,0,4
"272",0,0,0,0,1,0,4,6,1
"273",0,0,0,1,4,3,4,1,0
"274",0,0,0,2,4,3,4,2,1
"275",0,0,0,4,0,2,1,3,1
"276",0,0,0,0,1,3,1,3,2
"277",0,0,0,5,3,3,3,2,4
"278",0,0,0,1,2,1,4,2,3
"279",0,0,0,2,4,3,1,3,0
"280",0,0,0,4,4,1,0,4,3
"281",0,0,0,6,1,1,7,0,1
"282",0,0,0,2,4,4,3,1,1
"283",0,0,0,0,1,4,1,2,2
"284",0,0,0,3,4,1,1,2,2
"285",0,0,0,1,0,1,2,4,4
"286",0,0,0,4,1,4,1,1,0
"287",0,0,0,5,1,2,4,2,3
"288",0,0,0,3,6,1,1,3,1
"289",0,0,0,1,3,2,0,4,3
"290",0,0,0,2,4,2,0,3,2
"291",0,0,0,0,2,0,2,1,6
"292",0,0,0,3,4,3,4,1,2
"293",0,0,0,0,2,0,4,1,2
"294",0,0,0,2,5,0,5,0,4
"295",0,0,0,3,1,3,2,3,1
"296",0,0,0,1,3,4,1,3,3
"297",0,0,0,2,1,3,1,1,0
"298",0,0,0,3,1,1,3,4,3
"299",0,0,0,4,2,3,2,3,1
"300",0,0,0,1,2,0,2,3,2
"301",0,0,0,3,4,1,2,3,2
"302",0,0,0,3,2,3,4,2,1
"303",0,0,0,1,2,2,0,2,4
"304",0,0,0,0,4,1,3,1,2
"305",0,0,0,3,5,2,2,1,1
"306",0,0,0,5,3,4,0,2,2
"307",0,0,0,3,5,3,2,3,1
"308",0,0,0,4,1,3,2,1,3
"309",0,0,0,2,1,4,2,2,3
"310",0,0,0,3,2,2,2,0,2
"311",0,0,0,1,8,1,0,0,0
"312",0,0,0,1,1,2,3,3,0
"313",0,0,0,2,4,2,0,1,3
"314",0,0,0,6,4,3,4,0,4
"315",0,0,0,1,3,1,4,1,3
"316",0,0,0,2,0,1,0,3,2
"317",0,0,0,1,3,4,4,0,1
"318",0,0,0,2,2,1,3,1,2
"319",0,0,0,3,1,2,1,0,1
"320",0,0,0,4,1,3,2,2,2
"321",0,0,0,2,2,2,1,1,3
"322",0,0,0,3,1,2,2,1,0
"323",0,0,0,1,2,7,2,2,0
"324",0,0,0,2,1,2,0,1,1
"325",0,0,0,2,3,3,2,5,1
"326",0,0,0,2,3,4,1,1,1
"327",0,0,0,1,2,2,2,1,1
"328",0,0,0,1,3,2,0,0,1
"329",0,0,0,4,1,3,1,2,0
"330",0,0,0,4,1,1,1,2,0
"331",0,0,0,4,1,2,3,2,3
"332",0,0,0,1,2,4,3,1,2
"333",0,0,0,2,2,3,4,2,1
"334",0,0,0,2,2,5,3,1,0
"335",0,0,0,2,1,2,1,6,1
"336",0,0,0,3,4,3,3,0,0
"337",0,0,0,2,5,1,0,3,2
"338",0,0,0,1,0,0,1,1,2
"339",NA,NA,NA,NA,NA,NA,NA,NA,NA
"340",0,0,0,4,1,2,2,1,5
"341",0,0,0,3,3,3,4,3,2
"342",0,0,0,0,2,2,0,0,3
"343",0,0,0,2,3,5,1,3,3
"344",0,0,0,2,3,5,3,4,4
"345",0,0,0,1,4,6,4,2,0
"346",0,0,0,3,4,1,3,3,2
"347",0,0,0,3,5,1,0,2,0
"348",0,0,0,0,1,1,3,2,0
"349",0,0,0,3,0,0,3,3,2
"350",0,0,0,0,4,2,2,1,1
"351",0,0,0,2,1,0,1,0,1
"352",0,0,0,5,3,1,2,1,2
"353",0,0,0,3,2,2,4,2,2
"354",0,0,0,1,2,3,1,2,0
"355",0,0,0,2,3,3,2,5,5
"356",0,0,0,4,2,2,1,2,1
"357",0,0,0,4,3,2,3,3,3
"358",0,0,0,0,4,3,0,3,0
"359",0,0,0,3,2,1,1,5,2
"360",0,0,0,4,4,3,2,2,0
"361",0,0,0,3,2,3,1,0,3
"362",0,0,0,3,0,3,2,5,3
"363",0,0,0,3,1,2,1,4,1
"364",0,0,0,2,1,1,1,1,0
"365",0,0,0,0,3,3,3,3,1
"366",0,0,0,1,1,0,0,2,5
"367",0,0,0,3,1,1,2,4,0
"368",0,0,0,1,2,1,4,3,2
"369",0,0,0,1,0,4,1,2,0
"370",0,0,0,1,1,4,2,0,0
"371",0,0,0,1,4,2,2,4,1
"372",0,0,0,2,1,2,2,1,3
"373",0,0,0,3,1,3,6,0,4
"374",0,0,0,1,3,2,1,4,0
"375",0,0,0,1,5,3,0,2,2
"376",0,0,0,3,4,3,1,2,2
"377",0,0,0,1,3,1,3,1,3
"378",0,0,0,3,3,1,0,1,2
"379",0,0,0,6,0,2,5,2,2
"380",0,0,0,5,2,1,2,2,2
"381",0,0,0,0,5,0,1,3,6
"382",0,0,0,0,1,2,4,3,2
"383",0,0,0,2,0,4,1,2,0
"384",0,0,0,1,6,4,2,0,0
"385",0,0,0,4,1,3,0,2,3
"386",0,0,0,5,3,1,1,3,1
"387",0,0,0,2,4,1,3,1,0
"388",0,0,0,5,3,0,0,1,0
"389",0,0,0,3,2,1,2,2,1
"390",0,0,0,3,2,3,2,1,2
"391",0,0,0,2,0,1,0,0,0
"392",0,0,0,4,2,1,3,4,1
"393",0,0,0,1,2,5,3,3,1
"394",0,0,0,1,1,4,0,0,3
"395",0,0,0,4,3,3,3,1,0
"396",0,0,0,0,3,2,3,1,1
"397",0,0,0,1,1,0,4,2,4
"398",0,0,0,4,0,3,2,3,1
"399",0,0,0,3,1,0,3,2,1
"400",0,0,0,3,3,1,4,1,2
"401",0,0,0,1,1,1,1,3,1
"402",0,0,0,0,3,1,1,1,3
"403",0,0,0,2,1,3,2,3,1
"404",0,0,0,5,1,1,1,1,3
"405",0,0,0,3,2,1,2,2,0
"406",0,0,0,3,2,1,0,1,2
"407",0,0,0,4,3,2,1,1,0
"408",0,0,0,2,4,0,1,2,1
"409",0,0,0,3,2,2,2,0,6
"410",0,0,0,1,2,4,1,2,3
"411",0,0,0,1,2,0,1,2,0
"412",0,0,0,2,0,1,2,2,4
"413",0,0,0,1,0,1,1,2,0
"414",0,0,0,5,1,1,3,3,2
"415",0,0,0,2,1,2,3,2,3
"416",0,0,0,4,4,3,2,2,3
"417",0,0,0,4,0,2,2,4,1
"418",0,0,0,3,2,2,3,2,1
"419",0,0,0,1,1,4,3,4,0
"420",0,0,0,1,4,2,3,1,1
"421",0,0,0,2,1,2,2,1,3
"422",0,0,0,1,1,1,3,4,2
"423",0,0,0,3,3,3,2,0,4
"424",0,0,0,4,0,1,3,1,3
"425",0,0,0,4,1,1,0,4,3
"426",0,0,0,3,1,2,3,1,0
"427",0,0,0,2,1,2,2,5,2
"428",0,0,0,1,4,4,0,1,4
"429",0,0,0,4,0,2,2,1,2
"430",0,0,0,6,6,2,3,0,7
"431",0,0,0,2,3,2,0,4,1
"432",0,0,0,2,2,1,2,3,5
"433",0,0,0,3,1,5,2,1,3
"434",0,0,0,4,0,3,1,4,0
"435",0,0,0,3,3,4,3,2,1
"436",0,0,0,2,3,2,3,1,2
"437",0,0,0,1,1,4,0,2,2
"438",0,0,0,2,4,1,3,2,3
"439",0,0,0,1,5,6,3,3,3
"440",0,0,0,1,2,3,4,1,2
"441",0,0,0,4,1,2,3,2,3
"442",0,0,0,2,3,4,1,2,1
"443",0,0,0,2,1,1,1,1,2
"444",0,0,0,1,5,1,3,3,1
"445",0,0,0,1,1,3,2,3,2
"446",0,0,0,2,2,2,0,4,1
"447",0,0,0,0,0,4,0,6,1
"448",0,0,0,3,1,3,1,3,2
"449",0,0,0,1,0,3,2,4,3
"450",0,0,0,1,2,2,3,1,0
"451",0,0,0,1,5,3,2,6,0
"452",0,0,0,2,6,2,0,1,0
"453",0,0,0,0,4,1,0,0,2
"454",0,0,0,0,3,4,4,0,2
"455",0,0,0,3,4,1,3,1,1
"456",0,0,0,1,3,1,4,2,1
"457",0,0,0,3,1,2,4,2,0
"458",0,0,0,1,2,1,2,0,2
"459",0,0,0,3,2,2,1,0,1
"460",0,0,0,1,3,2,2,2,3
"461",0,0,0,3,1,2,2,2,3
"462",0,0,0,1,2,2,3,1,1
"463",0,0,0,2,1,0,1,2,1
"464",0,0,0,3,2,1,2,0,4
"465",0,0,0,3,0,3,1,0,1
"466",0,0,0,0,0,1,4,0,3
"467",0,0,0,1,2,3,0,2,3
"468",0,0,0,3,2,2,2,2,2
"469",0,0,0,2,0,2,0,2,1
"470",0,0,0,1,2,3,0,0,4
"471",0,0,0,2,1,2,2,3,1
"472",0,0,0,1,1,3,2,0,2
"473",0,0,0,3,1,1,1,1,0
"474",0,0,0,2,3,3,3,4,1
"475",0,0,0,2,1,2,2,3,2
"476",0,0,0,1,3,1,4,1,4
"477",0,0,0,2,5,0,1,5,2
"478",0,0,0,1,1,4,1,4,0
"479",0,0,0,1,1,6,2,0,0
"480",0,0,0,1,3,4,1,2,0
"481",0,0,0,3,2,1,3,1,0
"482",0,0,0,3,3,3,4,2,1
"483",0,0,0,1,3,1,3,0,0
"484",0,0,0,3,1,3,1,3,1
"485",0,0,0,1,1,1,0,4,4
"486",0,0,0,2,1,2,3,3,1
"487",0,0,0,3,2,1,2,2,1
"488",0,0,0,3,2,0,2,6,4
"489",0,0,0,5,3,2,1,1,3
"490",0,0,0,5,5,2,3,2,1
"491",0,0,0,2,2,1,3,2,3
"492",0,0,0,4,3,3,2,0,1
"493",0,0,0,2,1,5,2,3,2
"494",0,0,0,1,3,0,5,1,2
"495",0,0,0,1,2,3,2,5,1
"496",0,0,0,3,3,1,1,2,0
"497",0,0,0,1,3,1,2,2,1
"498",0,0,0,2,2,3,1,3,0
"499",0,0,0,2,0,3,0,4,0
"500",0,0,0,3,1,0,2,3,2
"501",0,0,0,0,4,2,1,5,1
"502",0,0,0,1,1,4,2,2,2
"503",0,0,0,1,1,3,1,1,3
"504",0,0,0,2,3,1,4,2,0
"505",0,0,0,3,2,1,2,3,3
"506",0,0,0,3,1,0,5,0,4
"507",0,0,0,3,1,2,0,1,5
"508",0,0,0,1,1,3,0,1,0
"509",0,0,0,4,2,4,2,0,1
"510",0,0,0,0,3,0,3,2,0
"511",0,0,0,5,1,2,3,0,4
"512",0,0,0,1,2,2,1,1,1
"513",0,0,0,2,4,0,4,2,3
"514",0,0,0,2,0,4,2,1,2
"515",0,0,0,2,1,2,2,2,2
"516",0,0,0,3,1,0,0,3,2
"517",0,0,0,3,2,2,3,2,3
"518",0,0,0,1,5,0,4,1,0
"519",0,0,0,2,3,3,3,1,1
"520",0,0,0,3,0,2,2,1,1
"521",0,0,0,1,0,0,8,1,1
"522",0,0,0,3,4,3,0,5,3
"523",0,0,0,4,4,0,2,3,3
"524",0,0,0,1,6,0,0,4,2
"525",0,0,0,2,1,1,2,2,3
"526",0,0,0,2,3,0,2,1,3
"527",0,0,0,2,2,2,3,0,3
"528",0,0,0,5,2,2,2,2,2
"529",0,0,0,2,0,1,3,4,2
"530",0,0,0,1,1,4,1,3,3
"531",0,0,0,1,2,3,0,1,3
"532",0,0,0,4,3,2,1,3,2
"533",0,0,0,2,2,2,2,4,1
"534",0,0,0,2,2,2,1,2,1
"535",0,0,0,3,4,1,1,4,1
"536",0,0,0,5,2,1,1,1,0
"537",0,0,0,1,3,3,2,1,2
"538",0,0,0,2,2,3,2,1,0
"539",0,0,0,0,3,7,2,2,1
"540",0,0,0,2,2,1,1,3,2
"541",0,0,0,2,3,4,1,3,0
"542",0,0,0,1,4,3,0,0,2
"543",0,0,0,4,2,1,0,5,5
"544",0,0,0,1,6,3,2,2,2
"545",0,0,0,5,2,0,2,6,1
"546",0,0,0,3,3,1,4,3,2
"547",0,0,0,0,2,1,4,0,0
"548",0,0,0,3,3,2,1,1,1
"549",0,0,0,2,2,2,4,3,2
"550",0,0,0,1,1,3,2,2,3
"551",NA,NA,NA,NA,NA,NA,NA,NA,NA
"552",0,0,0,1,3,1,0,0,4
"553",0,0,0,0,1,1,5,1,2
"554",0,0,0,3,1,3,3,5,1
"555",0,0,0,6,1,3,2,0,3
"556",0,0,0,4,3,3,2,1,1
"557",0,0,0,4,0,2,1,4,0
"558",0,0,0,1,2,0,1,2,3
"559",0,0,0,3,1,6,2,3,1
"560",0,0,0,3,4,0,2,2,3
"561",0,0,0,2,1,5,3,2,2
"562",0,0,0,1,1,2,2,2,0
"563",0,0,0,4,2,3,0,2,1
"564",0,0,0,3,3,2,1,1,1
"565",0,0,0,1,0,3,0,1,6
"566",0,0,0,0,4,2,3,5,2
"567",0,0,0,1,0,1,4,1,4
"568",0,0,0,2,2,0,2,1,2
"569",0,0,0,3,1,3,4,2,2
"570",0,0,0,1,6,4,2,2,3
"571",0,0,0,2,2,1,5,4,2
"572",0,0,0,3,2,1,0,3,5
"573",0,0,0,2,2,3,1,0,5
"574",0,0,0,4,0,0,3,1,1
"575",0,0,0,3,2,5,1,1,3
"576",0,0,0,1,2,0,1,1,2
"577",0,0,0,2,3,1,2,1,1
"578",0,0,0,3,0,2,0,1,2
"579",0,0,0,0,1,5,2,1,1
"580",0,0,0,1,2,2,2,3,0
"581",0,0,0,3,1,3,5,3,5
"582",0,0,0,0,1,0,0,2,5
"583",0,0,0,5,3,4,4,0,0
"584",0,0,0,4,1,0,1,2,0
"585",0,0,0,3,4,1,0,1,1
"586",0,0,0,5,1,2,0,2,3
"587",0,0,0,1,1,2,2,2,1
"588",0,0,0,4,2,1,3,0,1
"589",0,0,0,3,0,0,6,1,1
"590",0,0,0,5,2,3,2,3,2
"591",0,0,0,2,2,2,4,1,2
"592",0,0,0,1,5,2,3,2,3
"593",0,0,0,2,1,1,2,4,5
"594",0,0,0,5,1,3,1,4,0
"595",0,0,0,1,3,3,5,1,0
"596",0,0,0,4,1,3,1,1,3
"597",0,0,0,2,2,5,1,3,3
"598",0,0,0,0,3,1,4,2,4
"599",0,0,0,2,3,4,2,2,0
"600",0,0,0,1,3,2,2,1,3
"601",0,0,0,3,4,1,3,2,2
"602",0,0,0,2,1,1,3,0,1
"603",0,0,0,2,1,2,7,1,3
"604",0,0,0,3,4,4,3,3,1
"605",0,0,0,2,3,3,1,3,3
"606",0,0,0,3,2,0,3,2,1
"607",0,0,0,2,3,1,2,2,2
"608",0,0,0,6,0,5,1,1,1
"609",0,0,0,3,4,2,1,5,2
"610",0,0,0,1,0,2,0,1,2
"611",0,0,0,3,1,4,3,1,0
"612",0,0,0,1,0,1,1,3,2
"613",0,0,0,2,1,2,0,1,1
"614",0,0,0,1,1,1,4,4,0
"615",0,0,0,3,1,2,2,2,2
"616",0,0,0,2,2,4,4,0,3
"617",0,0,0,1,4,2,0,2,2
"618",0,0,0,2,2,2,2,2,0
"619",0,0,0,4,1,1,0,2,2
"620",0,0,0,1,6,2,1,1,1
"621",0,0,0,3,1,1,3,1,0
"622",0,0,0,0,2,4,2,2,4
"623",0,0,0,2,0,0,1,1,1
"624",0,0,0,1,3,1,1,2,1
"625",0,0,0,4,0,3,1,3,3
"626",0,0,0,4,1,2,2,2,2
"627",0,0,0,2,3,2,1,0,1
"628",0,0,0,2,0,3,2,3,1
"629",0,0,0,1,1,4,4,1,1
"630",0,0,0,3,5,2,1,1,0
"631",0,0,0,0,3,1,1,1,2
"632",0,0,0,1,3,4,2,0,2
"633",0,0,0,3,3,1,0,0,1
"634",0,0,0,4,2,3,1,1,0
"635",0,0,0,2,0,1,4,1,0
"636",0,0,0,0,1,2,2,2,3
"637",0,0,0,1,1,2,4,0,4
"638",0,0,0,1,1,1,2,2,2
"639",0,0,0,1,3,2,1,4,2
"640",0,0,0,0,1,2,3,2,2
"641",0,0,0,3,6,3,2,3,1
"642",0,0,0,1,2,4,4,1,1
"643",0,0,0,4,0,1,3,1,1
"644",0,0,0,3,1,3,1,2,2
"645",0,0,0,4,1,1,1,1,3
"646",0,0,0,3,2,2,3,0,2
"647",0,0,0,1,4,4,0,2,1
"648",0,0,0,3,3,0,2,5,2
"649",0,0,0,2,1,2,1,3,1
"650",0,0,0,3,4,1,2,8,2
"651",0,0,0,1,0,4,3,2,2
"652",0,0,0,1,2,2,1,3,3
"653",0,0,0,2,0,4,2,2,4
"654",0,0,0,1,4,2,1,0,4
"655",0,0,0,2,0,2,1,0,3
"656",0,0,0,0,1,4,0,2,2
"657",0,0,0,1,2,4,2,2,1
"658",0,0,0,1,5,2,1,4,1
"659",0,0,0,2,3,2,3,2,4
"660",0,0,0,2,6,2,5,1,3
"661",0,0,0,0,3,3,2,3,4
"662",0,0,0,2,4,1,3,4,2
"663",0,0,0,1,3,3,1,1,0
"664",0,0,0,1,0,1,2,4,1
"665",0,0,0,2,0,1,2,1,1
"666",0,0,0,2,1,1,1,3,0
"667",0,0,0,4,3,1,2,1,4
"668",0,0,0,2,1,0,2,5,1
"669",0,0,0,2,3,0,1,4,2
"670",0,0,0,0,2,2,1,0,2
"671",0,0,0,2,4,0,2,1,2
"672",0,0,0,3,6,1,2,2,1
"673",0,0,0,0,1,3,1,0,1
"674",0,0,0,0,0,3,2,2,2
"675",0,0,0,2,0,2,4,0,1
"676",0,0,0,4,1,1,0,1,3
"677",0,0,0,5,2,1,1,3,2
"678",0,0,0,2,3,0,2,1,1
"679",0,0,0,4,2,2,3,0,3
"680",0,0,0,1,5,1,2,1,4
"681",NA,NA,NA,NA,NA,NA,NA,NA,NA
"682",0,0,0,3,5,5,2,2,0
"683",0,0,0,0,1,2,1,3,0
"684",0,0,0,1,3,3,3,3,5
"685",0,0,0,2,1,0,7,4,1
"686",0,0,0,1,2,1,0,1,1
"687",0,0,0,3,2,0,2,0,0
"688",0,0,0,2,2,0,2,3,1
"689",0,0,0,1,3,3,2,4,1
"690",0,0,0,4,3,2,4,2,1
"691",0,0,0,1,2,5,2,1,1
"692",0,0,0,3,2,1,1,2,3
"693",0,0,0,0,2,2,1,0,2
"694",0,0,0,3,1,0,3,0,1
"695",0,0,0,4,3,4,2,1,0
"696",0,0,0,2,3,2,3,2,1
"697",0,0,0,3,0,2,1,1,2
"698",0,0,0,2,1,3,1,2,3
"699",0,0,0,3,2,0,2,2,0
"700",0,0,0,2,1,3,1,1,2
"701",0,0,0,3,5,2,2,5,2
"702",0,0,0,3,3,6,1,3,2
"703",0,0,0,3,4,1,1,0,2
"704",0,0,0,1,3,1,2,5,2
"705",0,0,0,2,2,2,2,1,3
"706",0,0,0,2,1,0,4,2,2
"707",0,0,0,2,0,2,4,3,0
"708",0,0,0,4,2,3,1,3,2
"709",0,0,0,2,3,0,2,3,2
"710",0,0,0,2,2,2,1,0,2
"711",0,0,0,1,3,3,3,0,2
"712",0,0,0,2,1,0,1,5,1
"713",0,0,0,2,1,0,4,1,3
"714",0,0,0,1,5,2,2,1,3
"715",0,0,0,1,3,0,0,1,1
"716",0,0,0,3,2,5,2,0,2
"717",0,0,0,2,3,1,1,1,5
"718",0,0,0,5,5,0,3,5,3
"719",0,0,0,4,3,4,3,0,1
"720",0,0,0,4,2,2,3,1,0
"721",0,0,0,2,0,4,3,2,0
"722",0,0,0,3,3,0,0,3,3
"723",0,0,0,0,0,8,0,1,1
"724",0,0,0,1,1,0,3,1,2
"725",0,0,0,1,3,2,0,0,3
"726",0,0,0,4,2,2,0,1,3
"727",0,0,0,3,2,1,1,3,1
"728",0,0,0,4,2,3,1,1,1
"729",0,0,0,1,4,0,4,2,2
"730",0,0,0,2,0,3,6,2,2
"731",0,0,0,2,0,2,2,2,1
"732",0,0,0,1,3,2,0,1,3
"733",0,0,0,3,3,4,2,1,3
"734",0,0,0,5,2,1,2,0,2
"735",0,0,0,3,4,2,2,1,2
"736",0,0,0,5,2,5,1,3,3
"737",0,0,0,1,1,1,2,3,3
"738",0,0,0,1,1,4,0,1,3
"739",0,0,0,2,0,0,2,2,3
"740",0,0,0,3,3,2,3,0,2
"741",0,0,0,4,1,2,0,1,1
"742",0,0,0,4,2,1,1,3,0
"743",0,0,0,5,1,1,1,0,0
"744",0,0,0,4,0,1,3,2,2
"745",0,0,0,2,0,0,0,1,2
"746",0,0,0,2,4,4,1,1,2
"747",0,0,0,1,2,2,4,2,1
"748",0,0,0,4,2,0,2,6,2
"749",0,0,0,6,2,3,3,4,2
"750",0,0,0,1,1,3,2,2,3
"751",0,0,0,3,1,2,3,1,4
"752",0,0,0,0,1,5,2,1,2
"753",0,0,0,3,2,4,2,3,2
"754",0,0,0,5,2,1,4,4,1
"755",0,0,0,1,1,3,2,1,1
"756",0,0,0,3,5,0,0,3,3
"757",0,0,0,3,5,1,1,0,3
"758",0,0,0,3,3,3,2,1,3
"759",0,0,0,2,3,0,3,1,1
"760",0,0,0,2,3,1,5,2,0
"761",0,0,0,3,1,1,1,3,1
"762",0,0,0,2,4,4,2,3,1
"763",0,0,0,3,1,2,3,2,2
"764",0,0,0,2,3,3,3,1,4
"765",0,0,0,3,4,2,1,3,1
"766",0,0,0,2,2,4,3,3,3
"767",0,0,0,1,1,4,2,1,0
"768",0,0,0,1,0,4,1,2,4
"769",0,0,0,1,2,0,2,1,4
"770",0,0,0,4,2,1,2,2,2
"771",0,0,0,3,5,1,1,1,1
"772",0,0,0,2,5,1,3,2,3
"773",0,0,0,1,1,1,2,2,2
"774",0,0,0,1,2,4,2,3,2
"775",0,0,0,2,1,0,1,2,2
"776",0,0,0,4,2,3,3,3,3
"777",0,0,0,2,2,3,1,2,1
"778",0,0,0,1,5,3,2,2,1
"779",0,0,0,1,0,0,1,2,1
"780",0,0,0,1,2,2,0,5,2
"781",0,0,0,2,2,5,2,2,0
"782",0,0,0,1,2,1,0,1,1
"783",0,0,0,1,4,3,0,3,2
"784",0,0,0,4,2,0,2,0,3
"785",0,0,0,0,1,2,1,4,6
"786",0,0,0,1,1,2,2,2,1
"787",0,0,0,1,3,2,1,0,3
"788",NA,NA,NA,NA,NA,NA,NA,NA,NA
"789",0,0,0,1,0,3,3,3,4
"790",0,0,0,0,3,2,4,4,0
"791",0,0,0,3,5,4,2,0,2
"792",0,0,0,2,1,1,0,1,3
"793",0,0,0,1,4,2,3,1,4
"794",0,0,0,3,1,1,2,2,1
"795",0,0,0,3,2,3,1,0,1
"796",0,0,0,1,2,2,1,2,1
"797",0,0,0,1,1,5,3,2,2
"798",0,0,0,2,4,2,4,5,1
"799",0,0,0,2,4,2,2,0,2
"800",0,0,0,0,1,3,3,0,3
"801",0,0,0,6,2,2,1,4,1
"802",0,0,0,1,5,2,1,0,1
"803",0,0,0,4,1,5,1,0,3
"804",0,0,0,2,2,1,3,4,1
"805",0,0,0,6,2,2,3,1,2
"806",0,0,0,1,1,1,4,2,1
"807",0,0,0,0,1,0,4,0,4
"808",0,0,0,0,2,5,3,3,1
"809",0,0,0,2,2,1,2,3,1
"810",0,0,0,1,4,3,2,2,2
"811",0,0,0,4,3,2,3,0,2
"812",0,0,0,2,4,1,2,2,0
"813",0,0,0,1,1,0,7,2,0
"814",0,0,0,1,3,2,1,2,2
"815",0,0,0,2,2,2,5,3,3
"816",0,0,0,2,3,1,1,2,4
"817",0,0,0,2,2,3,3,0,1
"818",0,0,0,3,4,3,4,1,3
"819",0,0,0,2,2,2,3,4,1
"820",0,0,0,3,2,6,1,2,1
"821",0,0,0,2,0,1,2,2,4
"822",0,0,0,2,5,4,2,0,3
"823",NA,NA,NA,NA,NA,NA,NA,NA,NA
"824",0,0,0,4,2,2,3,2,0
"825",0,0,0,4,3,4,3,0,0
"826",0,0,0,1,3,3,1,0,1
"827",0,0,0,5,2,2,2,2,3
"828",0,0,0,1,4,1,1,1,3
"829",0,0,0,2,1,5,4,1,1
"830",0,0,0,1,4,2,2,2,1
"831",0,0,0,2,2,3,2,4,0
"832",0,0,0,5,3,1,3,1,2
"833",0,0,0,4,1,0,1,3,4
"834",0,0,0,5,0,2,3,3,0
"835",0,0,0,2,2,4,2,4,1
"836",0,0,0,4,3,2,1,2,1
"837",0,0,0,5,2,1,0,2,1
"838",0,0,0,1,2,2,2,1,4
"839",0,0,0,4,1,2,5,4,2
"840",0,0,0,3,5,1,3,0,2
"841",0,0,0,2,0,3,2,2,4
"842",0,0,0,2,1,3,3,4,4
"843",0,0,0,1,4,3,3,3,1
"844",0,0,0,1,4,1,3,1,3
"845",0,0,0,3,2,2,1,4,4
"846",0,0,0,3,4,2,2,3,1
"847",0,0,0,1,2,2,3,1,2
"848",0,0,0,3,0,0,4,0,1
"849",0,0,0,2,2,3,0,0,4
"850",0,0,0,2,1,1,4,0,2
"851",0,0,0,3,2,4,1,0,2
"852",0,0,0,4,3,1,1,5,2
"853",0,0,0,2,0,5,2,1,3
"854",0,0,0,3,2,2,4,0,1
"855",0,0,0,2,3,0,2,2,3
"856",0,0,0,1,3,4,3,6,2
"857",0,0,0,2,0,2,3,1,1
"858",0,0,0,5,2,0,4,2,5
"859",0,0,0,2,4,1,5,3,3
"860",0,0,0,2,4,6,1,2,3
"861",0,0,0,6,1,2,2,1,3
"862",0,0,0,1,0,4,4,1,3
"863",0,0,0,3,3,1,2,1,2
"864",0,0,0,2,2,2,2,1,0
"865",0,0,0,2,0,1,2,0,1
"866",0,0,0,7,3,0,1,0,1
"867",0,0,0,1,2,3,2,3,1
"868",0,0,0,3,4,1,2,1,1
"869",0,0,0,4,1,1,3,1,2
"870",0,0,0,2,2,2,2,3,3
"871",0,0,0,3,4,1,1,2,4
"872",0,0,0,2,0,1,2,2,0
"873",0,0,0,5,3,2,3,2,2
"874",0,0,0,6,0,2,2,0,2
"875",0,0,0,1,3,2,3,0,1
"876",0,0,0,8,4,0,2,1,2
"877",0,0,0,1,2,1,2,2,2
"878",0,0,0,0,4,1,2,2,3
"879",0,0,0,2,0,2,4,1,2
"880",0,0,0,1,2,3,1,0,2
"881",0,0,0,1,0,2,1,4,3
"882",0,0,0,1,2,3,4,1,5
"883",0,0,0,4,2,2,2,2,1
"884",0,0,0,1,4,4,6,1,1
"885",0,0,0,3,0,3,1,4,2
"886",0,0,0,2,2,4,1,4,2
"887",0,0,0,1,3,2,2,1,2
"888",0,0,0,2,2,2,2,1,2
"889",0,0,0,4,1,6,3,3,1
"890",0,0,0,3,4,1,2,2,4
"891",0,0,0,1,2,4,3,3,0
"892",0,0,0,2,3,0,4,0,2
"893",0,0,0,3,3,4,3,0,0
"894",0,0,0,2,4,3,0,3,2
"895",0,0,0,1,3,2,3,0,1
"896",0,0,0,3,2,4,3,4,3
"897",0,0,0,1,3,0,0,3,3
"898",0,0,0,2,3,3,2,2,0
"899",0,0,0,3,3,4,0,1,0
"900",0,0,0,2,2,3,2,0,0
"901",0,0,0,1,2,1,1,0,2
"902",0,0,0,0,4,1,1,1,0
"903",0,0,0,1,2,5,4,1,1
"904",0,0,0,1,2,3,2,0,3
"905",0,0,0,2,3,2,3,0,1
"906",0,0,0,1,4,0,0,1,2
"907",0,0,0,3,3,3,1,0,1
"908",0,0,0,3,2,1,1,3,3
"909",0,0,0,1,1,2,3,5,0
"910",0,0,0,2,4,1,4,0,1
"911",0,0,0,2,2,3,2,1,3
"912",0,0,0,1,3,1,3,3,0
"913",0,0,0,2,2,1,1,1,1
"914",0,0,0,2,5,1,3,2,2
"915",0,0,0,3,5,4,1,2,0
"916",0,0,0,0,3,2,2,1,1
"917",0,0,0,1,3,3,0,0,0
"918",0,0,0,1,4,0,5,3,2
"919",0,0,0,2,1,4,1,4,0
"920",0,0,0,0,5,1,2,1,1
"921",0,0,0,4,2,1,2,0,1
"922",0,0,0,1,3,1,1,1,1
"923",0,0,0,2,4,4,1,5,2
"924",0,0,0,2,2,4,3,0,2
"925",0,0,0,0,6,1,0,2,3
"926",0,0,0,2,2,1,1,3,2
"927",0,0,0,1,3,2,3,2,6
"928",0,0,0,2,4,1,3,1,1
"929",0,0,0,2,3,4,0,0,3
"930",0,0,0,5,2,1,0,1,0
"931",0,0,0,3,1,5,1,0,2
"932",0,0,0,2,0,0,3,1,3
"933",0,0,0,5,1,1,0,2,2
"934",0,0,0,2,1,1,2,0,1
"935",0,0,0,0,1,4,1,2,1
"936",0,0,0,1,3,1,0,2,0
"937",0,0,0,3,5,1,2,5,2
"938",0,0,0,1,3,2,2,1,2
"939",0,0,0,4,3,0,1,2,2
"940",0,0,0,1,0,2,3,0,1
"941",0,0,0,2,2,4,3,1,3
"942",0,0,0,3,1,0,2,3,3
"943",0,0,0,1,2,3,0,3,4
"944",0,0,0,3,1,2,4,1,0
"945",0,0,0,2,4,0,1,5,1
"946",0,0,0,1,2,0,3,3,1
"947",0,0,0,4,2,2,1,0,2
"948",0,0,0,2,3,2,2,2,3
"949",0,0,0,0,2,2,0,0,2
"950",0,0,0,1,3,3,2,4,2
"951",0,0,0,4,3,2,1,2,1
"952",0,0,0,1,4,3,3,0,2
"953",0,0,0,5,2,3,1,3,2
"954",0,0,0,7,1,2,2,3,3
"955",0,0,0,2,4,0,2,1,2
"956",0,0,0,2,2,4,3,2,1
"957",0,0,0,2,5,4,1,0,3
"958",0,0,0,2,2,0,0,2,3
"959",0,0,0,1,4,5,3,2,2
"960",0,0,0,2,3,1,3,4,2
"961",0,0,0,0,4,1,4,0,0
"962",0,0,0,3,3,1,3,1,6
"963",0,0,0,1,3,1,2,2,3
"964",0,0,0,2,3,1,1,1,2
"965",0,0,0,3,2,3,2,1,3
"966",0,0,0,1,3,0,0,1,2
"967",0,0,0,3,3,1,2,3,1
"968",0,0,0,2,2,1,4,2,3
"969",0,0,0,2,4,1,2,0,2
"970",0,0,0,2,5,2,0,1,1
"971",0,0,0,4,2,3,3,5,2
"972",0,0,0,2,2,1,1,3,3
"973",0,0,0,4,1,2,2,2,1
"974",0,0,0,3,1,1,0,0,4
"975",0,0,0,1,2,2,0,3,5
"976",0,0,0,4,2,3,1,2,0
"977",0,0,0,1,2,3,1,2,0
"978",0,0,0,4,3,5,2,3,0
"979",0,0,0,2,1,2,1,2,5
"980",0,0,0,1,4,6,3,1,2
"981",0,0,0,3,2,1,1,1,2
"982",0,0,0,1,1,3,1,0,2
"983",NA,NA,NA,NA,NA,NA,NA,NA,NA
"984",0,0,0,0,2,0,1,2,2
"985",0,0,0,2,2,0,3,3,0
"986",0,0,0,2,1,5,2,0,0
"987",0,0,0,4,3,1,3,3,1
"988",0,0,0,6,2,3,0,1,1
"989",0,0,0,3,0,0,2,2,2
"990",0,0,0,2,1,2,2,2,0
"991",0,0,0,1,0,2,4,2,2
"992",0,0,0,2,3,2,1,3,4
"993",0,0,0,3,3,1,1,2,2
"994",0,0,0,3,2,1,1,0,3
"995",0,0,0,2,2,1,1,1,3
"996",0,0,0,2,2,2,2,2,3
"997",0,0,0,2,3,3,0,2,3
"998",0,0,0,1,4,2,4,2,0
"999",0,0,0,5,2,4,1,2,1
"1000",0,0,0,2,1,3,4,4,1
"1001",0,0,0,1,2,2,2,1,1
"1002",0,0,0,2,1,4,4,3,1
"1003",0,0,0,4,4,1,1,2,3
"1004",0,0,0,5,3,2,0,1,1
"1005",0,0,0,3,1,5,1,0,1
"1006",0,0,0,0,1,4,4,1,2
"1007",0,0,0,3,3,2,0,1,1
"1008",0,0,0,1,2,4,2,1,1
"1009",0,0,0,0,3,5,2,2,2
"1010",0,0,0,1,1,4,1,1,3
"1011",0,0,0,2,1,2,2,6,2
"1012",0,0,0,3,2,3,3,2,1
"1013",0,0,0,3,2,2,1,1,2
"1014",0,0,0,3,3,0,0,0,3
"1015",0,0,0,1,3,2,2,7,4
"1016",0,0,0,3,3,3,4,1,2
"1017",0,0,0,3,1,1,2,3,0
"1018",0,0,0,3,5,5,4,0,0
"1019",0,0,0,2,2,1,1,2,3
"1020",0,0,0,0,1,0,3,3,3
"1021",0,0,0,2,0,1,2,2,2
"1022",0,0,0,7,3,1,4,2,0
"1023",0,0,0,2,2,5,2,0,3
"1024",0,0,0,3,2,6,4,5,0
"1025",0,0,0,0,3,1,1,0,0
"1026",0,0,0,5,3,1,2,1,4
"1027",0,0,0,7,2,2,1,2,4
"1028",0,0,0,1,3,4,1,1,5
"1029",0,0,0,0,2,0,3,1,3
"1030",0,0,0,2,4,3,4,0,1
"1031",0,0,0,1,2,3,3,3,2
"1032",0,0,0,3,0,1,3,4,1
"1033",0,0,0,4,1,3,2,0,4
"1034",0,0,0,2,0,2,4,1,3
"1035",0,0,0,3,2,2,2,1,0
"1036",0,0,0,0,1,1,4,2,4
"1037",0,0,0,2,2,1,4,1,2
"1038",0,0,0,2,2,1,3,3,1
"1039",0,0,0,5,2,0,3,2,3
"1040",0,0,0,2,2,3,4,0,1
"1041",0,0,0,1,3,1,4,4,0
"1042",0,0,0,2,4,4,1,1,1
"1043",0,0,0,0,2,3,1,1,2
"1044",0,0,0,6,2,2,4,2,1
"1045",0,0,0,0,3,3,0,1,1
"1046",0,0,0,1,1,4,5,1,1
"1047",0,0,0,2,1,1,3,4,1
"1048",0,0,0,2,1,1,2,0,2
"1049",0,0,0,0,3,1,4,1,2
"1050",0,0,0,3,0,2,2,4,3
"1051",0,0,0,2,7,2,2,4,1
"1052",0,0,0,5,2,0,1,4,2
"1053",0,0,0,4,2,2,2,0,2
"1054",0,0,0,2,0,4,2,0,3
"1055",0,0,0,0,2,2,3,3,6
"1056",0,0,0,1,1,3,3,0,3
"1057",0,0,0,1,2,4,1,2,3
"1058",0,0,0,0,0,4,2,2,2
"1059",0,0,0,1,6,1,1,1,1
"1060",0,0,0,3,1,3,4,5,1
"1061",0,0,0,4,4,1,1,1,2
"1062",0,0,0,1,2,2,3,3,2
"1063",0,0,0,2,1,0,3,2,4
"1064",0,0,0,3,6,3,3,0,2
"1065",0,0,0,3,2,1,1,1,0
"1066",0,0,0,3,1,1,3,1,0
"1067",0,0,0,3,2,1,0,5,1
"1068",0,0,0,1,4,0,1,1,2
"1069",0,0,0,3,2,3,2,3,4
"1070",0,0,0,4,4,6,2,2,0
"1071",0,0,0,4,0,2,0,2,2
"1072",0,0,0,1,1,5,0,2,5
"1073",0,0,0,0,3,0,1,4,0
"1074",NA,NA,NA,NA,NA,NA,NA,NA,NA
"1075",0,0,0,3,3,3,1,0,2
"1076",0,0,0,3,2,2,4,0,4
"1077",0,0,0,1,3,1,2,1,2
"1078",0,0,0,2,3,2,2,1,5
"1079",0,0,0,2,3,1,5,1,1
"1080",0,0,0,5,2,2,2,0,2
"1081",0,0,0,7,1,2,2,2,0
"1082",0,0,0,1,5,1,4,1,0
"1083",0,0,0,4,2,3,1,5,1
"1084",0,0,0,2,0,2,0,3,2
"1085",0,0,0,2,2,2,1,1,3
"1086",0,0,0,2,2,1,0,0,1
"1087",0,0,0,4,2,2,0,1,2
"1088",0,0,0,1,2,4,3,1,1
"1089",0,0,0,2,0,4,3,6,3
"1090",0,0,0,0,2,2,3,2,2
"1091",0,0,0,2,2,4,0,1,1
"1092",0,0,0,2,1,5,2,1,2
"1093",0,0,0,1,6,1,2,1,5
"1094",0,0,0,2,4,1,3,2,2
"1095",0,0,0,0,3,3,2,2,2
"1096",0,0,0,1,1,0,2,6,2
"1097",0,0,0,3,3,4,2,2,5
"1098",0,0,0,0,2,3,0,5,1
"1099",0,0,0,0,5,3,2,0,2
"1100",0,0,0,0,4,1,0,2,3
"1101",0,0,0,3,1,4,3,1,1
"1102",0,0,0,2,1,3,2,2,3
"1103",0,0,0,3,3,3,2,0,3
"1104",0,0,0,3,7,2,2,1,1
"1105",0,0,0,3,4,0,4,0,3
"1106",0,0,0,3,4,2,1,2,4
"1107",0,0,0,2,1,2,1,1,1
"1108",0,0,0,2,1,0,1,3,2
"1109",0,0,0,1,2,3,2,1,3
"1110",0,0,0,1,1,2,1,2,0
"1111",0,0,0,2,1,3,2,5,2
"1112",0,0,0,0,2,1,4,2,4
"1113",0,0,0,0,1,1,5,2,2
"1114",0,0,0,1,4,0,2,2,0
"1115",0,0,0,2,1,1,0,1,2
"1116",0,0,0,4,2,2,2,4,4
"1117",0,0,0,3,1,1,3,2,3
"1118",0,0,0,1,2,3,1,2,1
"1119",0,0,0,2,2,2,4,0,0
"1120",0,0,0,4,3,0,2,0,1
"1121",0,0,0,2,2,1,3,3,3
"1122",0,0,0,3,2,4,0,4,1
"1123",0,0,0,4,3,4,2,0,1
"1124",0,0,0,0,2,4,3,4,3
"1125",0,0,0,1,2,2,3,1,1
"1126",0,0,0,3,2,3,4,2,3
"1127",0,0,0,4,1,1,2,2,0
"1128",0,0,0,1,2,1,1,1,3
"1129",0,0,0,2,4,2,2,2,1
"1130",0,0,0,5,2,4,3,1,0
"1131",0,0,0,3,1,0,4,3,0
"1132",0,0,0,1,2,4,3,2,0
"1133",0,0,0,5,1,2,2,0,1
"1134",0,0,0,4,1,3,2,1,3
"1135",0,0,0,1,1,4,1,3,3
"1136",0,0,0,3,1,2,1,3,2
"1137",0,0,0,4,2,1,0,3,3
"1138",0,0,0,2,1,3,2,0,4
"1139",0,0,0,4,3,5,2,0,3
"1140",0,0,0,2,2,5,3,2,3
"1141",0,0,0,4,3,3,0,2,1
"1142",0,0,0,0,3,3,2,1,3
"1143",0,0,0,1,1,1,1,1,3
"1144",0,0,0,2,2,1,3,1,2
"1145",0,0,0,1,5,3,0,2,2
"1146",0,0,0,0,0,3,2,0,1
"1147",0,0,0,1,2,5,4,0,0
"1148",0,0,0,0,4,2,3,0,2
"1149",0,0,0,1,3,2,0,5,2
"1150",0,0,0,5,3,5,2,4,0
"1151",0,0,0,2,2,8,2,1,1
"1152",0,0,0,1,0,2,0,4,2
"1153",0,0,0,0,4,1,1,3,3
"1154",0,0,0,0,3,3,1,3,6
"1155",0,0,0,3,3,6,2,2,1
"1156",0,0,0,4,4,1,1,2,1
"1157",NA,NA,NA,NA,NA,NA,NA,NA,NA
"1158",0,0,0,5,2,0,2,0,1
"1159",0,0,0,4,3,2,6,4,0
"1160",0,0,0,2,2,2,4,3,2
"1161",0,0,0,3,1,4,3,1,2
"1162",0,0,0,0,2,0,3,1,2
"1163",0,0,0,2,2,3,3,1,1
"1164",0,0,0,2,2,1,2,4,2
"1165",0,0,0,2,0,2,0,0,3
"1166",0,0,0,1,1,3,2,4,0
"1167",0,0,0,8,3,0,2,3,2
"1168",0,0,0,2,1,0,1,1,3
"1169",0,0,0,2,2,1,3,3,1
"1170",0,0,0,2,3,2,2,1,0
"1171",0,0,0,0,1,0,0,1,2
"1172",0,0,0,4,4,0,5,1,2
"1173",0,0,0,1,5,4,3,2,3
"1174",0,0,0,5,5,0,1,0,4
"1175",0,0,0,2,3,4,2,2,1
"1176",0,0,0,2,2,1,0,6,4
"1177",0,0,0,4,1,3,0,1,3
"1178",0,0,0,5,1,3,0,3,2
"1179",0,0,0,2,3,2,3,1,2
"1180",0,0,0,2,3,2,1,4,3
"1181",0,0,0,4,3,0,5,4,2
"1182",0,0,0,3,5,2,1,1,2
"1183",0,0,0,4,4,2,3,5,1
"1184",0,0,0,3,4,1,4,3,1
"1185",0,0,0,1,3,2,2,6,2
"1186",0,0,0,2,2,1,3,2,3
"1187",0,0,0,2,1,5,3,2,2
"1188",0,0,0,4,2,4,2,4,2
"1189",0,0,0,0,3,2,2,2,2
"1190",0,0,0,1,4,1,1,2,3
"1191",0,0,0,5,1,3,4,4,2
"1192",0,0,0,1,4,2,0,0,1
"1193",0,0,0,2,3,1,1,2,1
"1194",0,0,0,2,0,2,1,4,3
"1195",0,0,0,2,5,2,3,1,1
"1196",0,0,0,1,2,1,3,4,3
"1197",0,0,0,2,3,1,4,1,0
"1198",0,0,0,1,5,3,2,1,1
"1199",0,0,0,1,4,1,3,2,1
"1200",0,0,0,5,3,0,2,0,1
"1201",0,0,0,1,4,1,4,3,5
"1202",0,0,0,3,1,0,1,0,0
"1203",0,0,0,3,2,5,3,0,1
"1204",0,0,0,6,2,5,1,1,2
"1205",0,0,0,1,4,1,2,3,1
"1206",0,0,0,4,3,2,3,3,0
"1207",0,0,0,3,5,2,3,1,1
"1208",0,0,0,5,2,0,3,1,1
"1209",0,0,0,3,5,1,4,1,4
"1210",0,0,0,1,6,2,1,1,2
"1211",0,0,0,1,2,2,0,2,2
"1212",0,0,0,1,3,1,0,3,1
"1213",0,0,0,3,3,2,2,1,2
"1214",0,0,0,3,4,4,0,3,2
"1215",0,0,0,3,2,2,4,2,3
"1216",0,0,0,2,3,3,3,2,0
"1217",0,0,0,3,2,2,2,3,4
"1218",0,0,0,1,1,2,2,0,2
"1219",0,0,0,1,3,2,2,2,2
"1220",0,0,0,1,1,3,1,1,5
"1221",0,0,0,2,0,3,3,2,1
"1222",0,0,0,3,3,0,1,1,3
"1223",0,0,0,3,3,1,0,2,2
"1224",0,0,0,3,2,3,5,2,0
"1225",0,0,0,2,1,3,1,3,3
"1226",0,0,0,5,4,2,3,4,0
"1227",0,0,0,3,3,2,2,2,5
"1228",0,0,0,2,3,4,4,1,3
"1229",0,0,0,3,1,4,1,3,2
"1230",0,0,0,4,2,4,1,1,4
"1231",0,0,0,2,4,4,3,1,1
"1232",0,0,0,2,0,3,1,3,2
"1233",0,0,0,2,2,1,2,0,0
"1234",0,0,0,5,2,1,4,3,1
"1235",0,0,0,5,1,2,2,2,2
"1236",0,0,0,2,1,1,3,2,0
"1237",0,0,0,3,1,0,1,2,2
"1238",0,0,0,3,1,2,3,1,0
"1239",0,0,0,3,3,3,1,2,1
"1240",0,0,0,1,4,3,3,2,1
"1241",0,0,0,0,3,7,1,3,1
"1242",0,0,0,5,1,3,3,0,0
"1243",0,0,0,3,0,3,2,2,2
"1244",0,0,0,1,0,0,1,3,1
"1245",0,0,0,1,1,3,2,2,3
"1246",0,0,0,1,5,1,0,3,0
"1247",0,0,0,3,2,4,4,3,0
"1248",0,0,0,3,4,2,5,2,2
"1249",0,0,0,2,0,2,2,3,3
"1250",0,0,0,4,0,1,0,1,2
"1251",0,0,0,0,1,0,3,3,3
"1252",0,0,0,3,2,0,1,0,2
"1253",0,0,0,3,1,4,0,3,4
"1254",0,0,0,2,2,4,0,5,3
"1255",0,0,0,4,1,1,1,3,3
"1256",0,0,0,1,4,1,1,4,2
"1257",0,0,0,1,4,1,2,3,2
"1258",0,0,0,2,3,3,1,0,2
"1259",0,0,0,1,2,3,1,2,1
"1260",0,0,0,2,1,0,2,4,1
"1261",0,0,0,3,6,1,3,3,0
"1262",0,0,0,3,2,3,2,2,1
"1263",0,0,0,4,4,2,2,0,2
"1264",0,0,0,5,3,1,0,2,1
"1265",0,0,0,4,1,0,6,1,3
"1266",0,0,0,1,1,1,3,0,3
"1267",0,0,0,3,1,3,1,1,2
"1268",0,0,0,4,3,0,2,1,2
"1269",0,0,0,3,6,1,1,1,3
"1270",0,0,0,1,0,5,2,2,3
"1271",0,0,0,3,4,4,4,1,0
"1272",0,0,0,0,1,3,3,1,2
"1273",0,0,0,3,2,6,2,2,6
"1274",0,0,0,3,1,5,0,1,0
"1275",0,0,0,2,3,4,4,2,2
"1276",0,0,0,1,1,1,1,1,1
"1277",0,0,0,2,1,1,3,4,1
"1278",0,0,0,4,1,3,0,3,2
"1279",0,0,0,1,2,2,2,3,4
"1280",0,0,0,2,1,2,4,2,5
"1281",0,0,0,4,1,1,1,1,1
"1282",0,0,0,2,4,2,5,0,4
"1283",0,0,0,3,2,3,1,1,0
"1284",0,0,0,2,6,4,2,3,0
"1285",0,0,0,2,1,0,2,1,1
"1286",0,0,0,2,3,0,2,2,0
"1287",0,0,0,4,2,0,2,3,2
"1288",0,0,0,1,5,3,0,0,2
"1289",0,0,0,3,4,1,2,3,1
"1290",0,0,0,1,0,0,1,3,0
"1291",0,0,0,3,3,2,2,1,4
"1292",0,0,0,2,0,1,3,1,1
"1293",0,0,0,2,6,0,3,4,3
"1294",0,0,0,2,3,4,2,0,2
"1295",0,0,0,2,0,1,5,3,3
"1296",0,0,0,2,4,1,1,5,1
"1297",0,0,0,2,5,3,4,4,2
"1298",0,0,0,4,0,0,4,1,1
"1299",0,0,0,3,0,1,3,0,1
"1300",0,0,0,2,6,1,4,0,1
"1301",0,0,0,2,2,1,2,1,3
"1302",0,0,0,1,4,3,1,0,1
"1303",0,0,0,1,1,1,3,1,3
"1304",0,0,0,2,2,4,1,1,3
"1305",0,0,0,4,4,2,0,3,0
"1306",0,0,0,3,3,2,2,2,0
"1307",0,0,0,1,1,2,3,2,2
"1308",0,0,0,5,4,2,3,1,2
"1309",0,0,0,2,2,2,1,2,3
"1310",0,0,0,4,0,2,2,3,0
"1311",0,0,0,4,2,2,1,2,5
"1312",0,0,0,1,0,2,3,0,3
"1313",0,0,0,1,2,0,1,2,2
"1314",0,0,0,1,2,1,1,4,1
"1315",0,0,0,1,1,0,1,2,2
"1316",0,0,0,1,4,3,2,3,1
"1317",0,0,0,1,4,5,1,1,3
"1318",0,0,0,4,2,1,3,5,0
"1319",0,0,0,3,3,4,1,2,3
"1320",0,0,0,3,2,3,1,2,2
"1321",0,0,0,3,3,1,3,0,2
"1322",0,0,0,0,4,2,2,0,2
"1323",0,0,0,1,1,3,1,0,0
"1324",0,0,0,1,1,4,2,1,2
"1325",0,0,0,2,1,1,3,4,1
"1326",0,0,0,0,1,1,2,1,0
"1327",0,0,0,0,1,1,2,1,2
"1328",0,0,0,1,3,4,1,1,0
"1329",0,0,0,0,3,4,0,3,1
"1330",0,0,0,1,4,2,4,0,2
"1331",0,0,0,1,7,4,1,2,0
"1332",0,0,0,2,3,2,2,1,2
"1333",0,0,0,2,2,4,3,2,4
"1334",0,0,0,2,1,0,4,2,2
"1335",0,0,0,0,4,3,3,0,1
"1336",0,0,0,2,5,3,2,1,0
"1337",0,0,0,5,1,2,1,0,1
"1338",0,0,0,2,3,3,1,0,1
"1339",0,0,0,1,3,4,1,3,6
"1340",0,0,0,2,1,2,2,0,3
"1341",0,0,0,6,2,2,3,0,2
"1342",0,0,0,5,0,2,4,2,4
"1343",0,0,0,5,0,1,2,2,1
"1344",0,0,0,0,1,3,2,3,2
"1345",0,0,0,2,2,2,1,0,1
"1346",0,0,0,5,3,1,2,1,2
"1347",0,0,0,2,6,2,1,4,3
"1348",0,0,0,5,1,5,3,4,5
"1349",0,0,0,4,1,2,1,2,0
"1350",0,0,0,3,2,4,2,1,2
"1351",0,0,0,2,4,0,5,0,2
"1352",0,0,0,2,8,3,4,3,0
"1353",0,0,0,3,2,3,0,1,1
"1354",0,0,0,3,1,3,3,2,2
"1355",0,0,0,2,3,0,1,1,3
"1356",0,0,0,4,3,1,4,5,3
"1357",0,0,0,2,1,0,5,1,2
"1358",0,0,0,1,1,2,3,1,1
"1359",0,0,0,4,1,3,1,1,1
"1360",0,0,0,1,2,3,0,4,0
"1361",0,0,0,0,2,2,2,2,3
"1362",0,0,0,0,4,3,2,4,1
"1363",0,0,0,1,3,1,2,3,1
"1364",0,0,0,4,3,1,4,2,2
"1365",0,0,0,0,3,1,2,3,3
"1366",0,0,0,5,3,0,1,1,1
"1367",0,0,0,5,1,2,3,4,2
"1368",0,0,0,3,2,0,2,4,1
"1369",0,0,0,1,2,0,4,2,0
"1370",0,0,0,0,0,1,1,1,1
"1371",0,0,0,1,0,4,3,3,0
"1372",0,0,0,2,5,4,3,4,2
"1373",0,0,0,2,2,1,2,4,3
"1374",0,0,0,2,0,3,1,2,5
"1375",0,0,0,2,2,2,2,2,5
"1376",0,0,0,2,2,0,1,1,2
"1377",0,0,0,3,1,5,2,5,4
"1378",0,0,0,0,3,1,2,4,1
"1379",0,0,0,2,3,1,2,4,2
"1380",0,0,0,4,2,1,1,2,2
"1381",0,0,0,2,3,2,2,3,2
"1382",0,0,0,3,1,0,4,2,4
"1383",0,0,0,1,3,4,1,1,3
"1384",0,0,0,2,1,2,1,4,2
"1385",0,0,0,1,2,2,3,1,2
"1386",0,0,0,3,2,4,1,2,2
"1387",0,0,0,5,2,3,2,3,2
"1388",0,0,0,4,2,1,4,2,1
"1389",0,0,0,1,1,1,1,3,4
"1390",0,0,0,2,3,3,2,1,2
"1391",0,0,0,3,2,1,0,1,1
"1392",0,0,0,1,2,2,3,1,3
"1393",0,0,0,2,2,2,3,3,5
"1394",0,0,0,3,3,3,2,4,1
"1395",0,0,0,3,0,7,1,0,2
"1396",0,0,0,5,2,1,3,2,3
"1397",0,0,0,3,1,2,5,0,1
"1398",0,0,0,4,2,2,0,4,2
"1399",0,0,0,3,2,3,3,2,1
"1400",0,0,0,1,0,1,2,3,1
"1401",0,0,0,6,2,0,3,4,0
"1402",0,0,0,0,2,4,2,0,2
"1403",0,0,0,2,1,2,1,5,3
"1404",0,0,0,3,2,5,2,1,3
"1405",0,0,0,2,2,1,2,1,3
"1406",0,0,0,2,0,1,1,1,1
"1407",0,0,0,2,5,1,2,1,0
"1408",0,0,0,5,3,1,2,2,2
"1409",0,0,0,1,2,1,2,2,0
"1410",0,0,0,2,0,4,1,5,2
"1411",0,0,0,2,4,3,2,2,4
"1412",0,0,0,3,5,2,2,5,2
"1413",0,0,0,1,1,3,4,2,2
"1414",0,0,0,3,2,2,3,3,1
"1415",0,0,0,2,2,2,0,1,3
"1416",0,0,0,0,4,3,1,3,1
"1417",0,0,0,3,5,2,2,2,0
"1418",0,0,0,2,1,1,3,4,0
"1419",0,0,0,5,1,5,1,1,2
"1420",0,0,0,2,8,2,1,1,2
"1421",0,0,0,1,1,2,3,1,4
"1422",0,0,0,0,2,3,2,2,2
"1423",0,0,0,3,1,5,1,4,1
"1424",0,0,0,4,1,3,4,1,1
"1425",0,0,0,0,3,0,3,2,3
"1426",0,0,0,2,2,1,3,1,1
"1427",0,0,0,1,2,3,1,1,1
"1428",0,0,0,1,3,1,2,2,2
"1429",0,0,0,1,1,0,0,3,1
"1430",0,0,0,3,2,1,1,2,1
"1431",0,0,0,5,1,1,6,3,0
"1432",0,0,0,3,2,1,4,2,0
"1433",0,0,0,3,2,0,4,2,3
"1434",0,0,0,4,1,1,7,1,1
"1435",0,0,0,3,1,3,1,3,5
"1436",0,0,0,3,3,1,2,2,3
"1437",0,0,0,0,2,1,0,0,2
"1438",0,0,0,4,1,3,0,0,4
"1439",0,0,0,0,2,1,0,1,4
"1440",0,0,0,2,1,1,1,3,5
"1441",0,0,0,1,4,2,3,0,2
"1442",0,0,0,4,2,2,1,2,0
"1443",0,0,0,2,1,1,5,1,0
"1444",0,0,0,1,1,4,2,1,1
"1445",0,0,0,2,3,1,3,3,2
"1446",0,0,0,0,6,5,3,7,3
"1447",0,0,0,1,4,2,2,4,2
"1448",0,0,0,3,2,2,1,4,2
"1449",0,0,0,1,1,0,1,6,1
"1450",0,0,0,3,1,4,0,0,4
"1451",0,0,0,5,1,1,3,1,2
"1452",0,0,0,1,3,1,2,3,3
"1453",0,0,0,2,2,4,2,1,1
"1454",0,0,0,4,5,6,1,0,4
"1455",0,0,0,2,3,2,2,2,2
"1456",0,0,0,2,4,3,2,1,4
"1457",0,0,0,2,1,0,2,1,1
"1458",0,0,0,2,2,0,3,2,0
"1459",0,0,0,3,1,1,0,0,2
"1460",0,0,0,4,0,3,3,1,2
"1461",0,0,0,3,4,0,2,2,0
"1462",0,0,0,0,2,2,4,4,1
"1463",0,0,0,4,3,1,2,1,4
"1464",0,0,0,2,1,2,1,3,1
"1465",0,0,0,5,4,3,1,1,1
"1466",0,0,0,2,2,1,3,1,2
"1467",0,0,0,4,0,5,1,4,1
"1468",0,0,0,3,1,4,1,1,0
"1469",0,0,0,0,2,1,1,1,1
"1470",0,0,0,1,4,3,2,2,0
"1471",0,0,0,2,4,1,1,2,5
"1472",0,0,0,3,4,0,2,2,3
"1473",0,0,0,5,6,0,4,1,3
"1474",0,0,0,4,2,4,1,4,2
"1475",0,0,0,0,2,3,3,1,2
"1476",0,0,0,4,3,1,3,3,0
"1477",0,0,0,0,2,2,6,1,3
"1478",0,0,0,2,3,4,1,4,1
"1479",0,0,0,4,5,3,2,1,0
"1480",0,0,0,7,0,3,0,1,2
"1481",0,0,0,1,2,0,2,2,0
"1482",0,0,0,2,0,3,1,2,2
"1483",0,0,0,2,2,2,1,1,3
"1484",0,0,0,3,1,2,2,2,2
"1485",0,0,0,4,5,2,2,1,1
"1486",0,0,0,1,1,1,1,2,2
"1487",0,0,0,4,2,2,1,1,6
"1488",0,0,0,1,3,0,7,5,1
"1489",NA,NA,NA,NA,NA,NA,NA,NA,NA
"1490",0,0,0,5,3,2,5,1,1
"1491",0,0,0,2,5,3,1,1,2
"1492",0,0,0,4,2,1,1,5,2
"1493",0,0,0,1,1,1,1,4,1
"1494",0,0,0,1,2,1,3,2,2
"1495",0,0,0,1,3,0,1,4,1
"1496",0,0,0,1,4,1,2,3,2
"1497",0,0,0,2,3,0,3,3,1
"1498",0,0,0,0,2,4,2,3,0
"1499",0,0,0,2,1,4,1,2,2
"1500",0,0,0,2,2,0,2,2,2
"1501",0,0,0,3,0,4,0,4,1
"1502",0,0,0,0,2,1,2,1,4
"1503",0,0,0,2,3,2,1,1,2
"1504",0,0,0,2,3,3,5,2,1
"1505",0,0,0,2,3,2,1,3,2
"1506",0,0,0,1,0,3,2,1,0
"1507",0,0,0,4,1,4,1,1,4
"1508",0,0,0,2,3,1,3,5,0
"1509",0,0,0,1,4,2,1,2,2
"1510",0,0,0,0,1,0,2,0,1
"1511",0,0,0,2,2,1,2,1,4
"1512",0,0,0,2,1,4,0,0,2
"1513",0,0,0,0,0,2,1,3,1
"1514",0,0,0,5,2,1,1,4,1
"1515",0,0,0,1,0,3,5,1,1
"1516",0,0,0,2,3,1,2,0,5
"1517",0,0,0,2,2,1,3,2,4
"1518",0,0,0,1,1,1,1,0,2
"1519",0,0,0,1,0,2,2,1,0
"1520",0,0,0,4,1,0,1,2,2
"1521",0,0,0,2,3,3,0,4,0
"1522",0,0,0,3,1,2,3,3,2
"1523",0,0,0,0,1,1,4,4,2
"1524",0,0,0,2,4,4,1,0,0
"1525",0,0,0,2,3,4,3,2,0
"1526",0,0,0,2,2,2,3,3,3
"1527",0,0,0,3,0,2,2,1,1
"1528",0,0,0,0,3,2,1,1,0
"1529",0,0,0,3,0,0,3,0,1
"1530",0,0,0,2,1,2,3,2,0
"1531",0,0,0,3,1,3,3,3,1
"1532",0,0,0,4,0,1,2,2,3
"1533",0,0,0,1,0,2,1,2,2
"1534",0,0,0,2,2,2,1,2,2
"1535",0,0,0,3,1,4,4,4,1
"1536",0,0,0,1,5,2,2,4,3
"1537",0,0,0,3,2,3,3,0,2
"1538",0,0,0,1,1,2,2,3,2
"1539",0,0,0,2,2,2,2,5,0
"1540",0,0,0,2,1,4,1,1,1
"1541",0,0,0,2,1,3,3,4,2
"1542",0,0,0,1,2,1,1,4,1
"1543",0,0,0,2,0,0,5,3,4
"1544",0,0,0,5,1,0,3,4,2
"1545",0,0,0,3,2,4,0,3,1
"1546",0,0,0,2,2,3,1,1,2
"1547",0,0,0,0,1,2,2,2,5
"1548",0,0,0,1,0,4,1,0,2
"1549",0,0,0,4,1,2,4,6,2
"1550",0,0,0,2,1,2,1,2,0
"1551",0,0,0,1,2,2,0,1,3
"1552",0,0,0,1,1,2,1,4,2
"1553",0,0,0,2,2,1,3,3,2
"1554",0,0,0,2,1,1,2,4,5
"1555",0,0,0,5,4,1,2,2,2
"1556",0,0,0,1,1,2,0,1,2
"1557",0,0,0,1,5,0,6,1,3
"1558",0,0,0,2,1,3,0,2,3
"1559",0,0,0,3,3,1,2,1,2
"1560",0,0,0,3,2,2,3,3,1
"1561",0,0,0,3,2,3,1,3,2
"1562",0,0,0,1,2,1,2,4,2
"1563",0,0,0,0,2,1,3,0,0
"1564",0,0,0,0,4,1,2,1,2
"1565",0,0,0,1,3,2,2,0,2
"1566",0,0,0,1,2,1,4,1,2
"1567",0,0,0,0,3,1,1,1,1
"1568",0,0,0,1,3,3,3,1,0
"1569",0,0,0,2,4,4,1,2,1
"1570",0,0,0,3,1,4,1,3,1
"1571",0,0,0,3,1,1,1,1,2
"1572",0,0,0,1,1,3,1,3,2
"1573",0,0,0,1,3,2,1,2,2
"1574",0,0,0,3,1,2,1,2,1
"1575",0,0,0,2,1,1,1,0,3
"1576",0,0,0,2,1,3,2,3,2
"1577",0,0,0,0,1,2,0,1,2
"1578",0,0,0,5,2,1,0,1,3
"1579",0,0,0,3,0,1,2,2,4
"1580",0,0,0,3,2,3,0,1,5
"1581",0,0,0,1,1,3,7,2,2
"1582",0,0,0,2,2,1,3,2,1
"1583",0,0,0,1,2,2,1,2,2
"1584",0,0,0,2,1,5,2,0,2
"1585",0,0,0,0,3,2,3,2,1
"1586",0,0,0,3,4,1,3,3,0
"1587",0,0,0,3,2,3,1,3,2
"1588",0,0,0,3,1,3,2,2,4
"1589",0,0,0,1,3,5,1,2,3
"1590",0,0,0,0,3,2,1,7,2
"1591",0,0,0,6,0,3,1,0,2
"1592",0,0,0,0,2,3,3,0,1
"1593",0,0,0,2,1,1,4,1,1
"1594",0,0,0,1,1,3,3,3,2
"1595",0,0,0,3,4,3,3,3,2
"1596",0,0,0,3,0,3,3,0,2
"1597",0,0,0,2,5,3,2,2,0
"1598",0,0,0,3,2,2,2,2,1
"1599",0,0,0,1,2,2,2,0,1
"1600",0,0,0,3,4,1,2,3,0
"1601",0,0,0,1,2,2,1,1,1
"1602",0,0,0,4,0,1,2,3,2
"1603",0,0,0,0,3,2,3,2,4
"1604",0,0,0,0,4,4,2,3,0
"1605",0,0,0,2,3,5,4,2,2
"1606",0,0,0,2,2,0,0,4,2
"1607",0,0,0,5,0,3,0,1,3
"1608",0,0,0,1,5,4,1,1,2
"1609",0,0,0,3,0,4,0,3,3
"1610",0,0,0,2,2,1,2,2,5
"1611",0,0,0,2,1,2,2,3,1
"1612",0,0,0,0,1,1,1,3,3
"1613",0,0,0,1,1,3,3,1,1
"1614",0,0,0,3,2,3,1,1,2
"1615",0,0,0,2,4,0,2,1,1
"1616",0,0,0,3,1,5,3,4,5
"1617",0,0,0,0,1,2,2,4,2
"1618",0,0,0,1,2,3,4,2,2
"1619",0,0,0,1,1,2,1,1,2
"1620",0,0,0,1,3,0,0,1,0
"1621",0,0,0,2,0,6,1,0,2
"1622",0,0,0,1,3,2,0,2,2
"1623",0,0,0,1,2,0,3,4,1
"1624",0,0,0,3,1,3,3,1,3
"1625",0,0,0,5,3,1,1,2,1
"1626",0,0,0,3,6,2,2,2,1
"1627",0,0,0,0,2,4,2,4,4
"1628",0,0,0,3,1,2,4,3,1
"1629",0,0,0,2,1,2,1,2,1
"1630",0,0,0,1,0,3,2,1,1
"1631",0,0,0,5,0,2,2,4,0
"1632",0,0,0,3,2,0,0,2,1
"1633",0,0,0,1,0,0,3,3,2
"1634",0,0,0,1,0,3,3,1,2
"1635",0,0,0,1,1,1,1,1,1
"1636",0,0,0,1,3,0,1,4,2
"1637",0,0,0,1,1,4,1,3,2
"1638",0,0,0,2,0,2,3,1,3
"1639",0,0,0,5,1,2,4,2,2
"1640",0,0,0,2,1,6,1,0,1
"1641",0,0,0,1,2,1,2,1,1
"1642",0,0,0,3,1,1,2,1,0
"1643",0,0,0,2,0,2,2,3,3
"1644",0,0,0,1,2,5,2,1,1
"1645",0,0,0,5,1,2,1,2,1
"1646",0,0,0,5,2,0,0,0,2
"1647",0,0,0,2,2,1,2,0,1
"1648",0,0,0,2,2,1,3,5,5
"1649",0,0,0,2,1,3,2,1,4
"1650",0,0,0,1,2,5,1,2,0
"1651",0,0,0,0,2,1,0,2,0
"1652",0,0,0,6,1,3,1,2,1
"1653",0,0,0,3,2,2,0,1,4
"1654",0,0,0,1,2,0,2,2,1
"1655",0,0,0,1,3,0,1,1,2
"1656",0,0,0,2,1,1,4,3,2
"1657",0,0,0,1,4,1,2,3,5
"1658",0,0,0,4,3,2,1,1,4
"1659",0,0,0,1,2,5,3,2,1
"1660",0,0,0,1,2,0,6,2,1
"1661",0,0,0,4,0,3,2,3,1
"1662",0,0,0,2,3,3,2,1,3
"1663",0,0,0,6,2,4,1,2,3
"1664",0,0,0,2,2,1,3,0,0
"1665",0,0,0,1,1,0,1,3,3
"1666",0,0,0,3,2,3,3,2,4
"1667",0,0,0,1,2,1,1,2,3
"1668",0,0,0,2,3,0,1,3,2
"1669",0,0,0,2,6,2,2,0,3
"1670",0,0,0,4,1,2,4,3,4
"1671",0,0,0,4,3,1,4,3,3
"1672",0,0,0,1,2,2,1,2,4
"1673",0,0,0,5,1,2,3,4,2
"1674",0,0,0,4,4,1,3,2,2
"1675",0,0,0,4,2,3,0,2,3
"1676",0,0,0,2,3,1,1,2,5
"1677",0,0,0,6,1,3,2,0,3
"1678",0,0,0,1,2,2,3,2,4
"1679",0,0,0,5,2,3,2,1,2
"1680",0,0,0,0,1,1,4,4,2
"1681",0,0,0,1,2,4,2,2,3
"1682",NA,NA,NA,NA,NA,NA,NA,NA,NA
"1683",0,0,0,2,2,1,3,0,2
"1684",0,0,0,0,1,5,2,4,3
"1685",0,0,0,4,1,4,2,0,1
"1686",0,0,0,2,1,1,3,3,3
"1687",0,0,0,2,2,3,1,2,3
"1688",0,0,0,1,4,4,0,4,2
"1689",0,0,0,0,1,2,4,0,2
"1690",0,0,0,3,2,2,1,3,3
"1691",0,0,0,3,1,1,4,3,3
"1692",0,0,0,5,1,2,0,1,2
"1693",0,0,0,1,3,2,3,1,2
"1694",0,0,0,1,2,1,2,4,1
"1695",0,0,0,1,3,4,1,2,2
"1696",0,0,0,1,1,0,4,5,0
"1697",0,0,0,1,1,3,5,3,1
"1698",0,0,0,1,3,4,3,4,2
"1699",0,0,0,2,2,4,1,3,2
"1700",0,0,0,2,0,1,0,2,2
"1701",0,0,0,3,3,2,4,2,2
"1702",0,0,0,0,6,2,1,5,2
"1703",0,0,0,1,1,2,0,2,4
"1704",0,0,0,1,3,1,2,2,4
"1705",0,0,0,4,1,4,2,1,3
"1706",0,0,0,3,5,1,2,2,0
"1707",0,0,0,3,6,3,3,2,1
"1708",0,0,0,3,4,3,3,3,2
"1709",0,0,0,3,1,3,3,2,1
"1710",0,0,0,5,0,2,5,1,2
"1711",0,0,0,1,1,1,6,3,1
"1712",0,0,0,1,2,1,0,1,1
"1713",0,0,0,5,1,4,4,2,2
"1714",0,0,0,4,2,2,3,4,2
"1715",0,0,0,2,1,2,4,3,3
"1716",0,0,0,1,1,2,1,6,1
"1717",0,0,0,2,1,2,3,3,3
"1718",0,0,0,3,1,1,2,1,1
"1719",0,0,0,0,4,0,2,1,0
"1720",0,0,0,0,3,2,1,5,4
"1721",0,0,0,2,2,1,2,4,2
"1722",0,0,0,1,2,3,3,0,2
"1723",0,0,0,1,1,4,1,1,1
"1724",0,0,0,1,6,1,3,1,1
"1725",0,0,0,2,2,0,3,2,5
"1726",0,0,0,2,3,2,3,4,1
"1727",0,0,0,4,2,3,4,3,2
"1728",0,0,0,0,2,5,4,4,3
"1729",0,0,0,0,1,5,1,4,6
"1730",0,0,0,4,1,2,2,1,1
"1731",0,0,0,1,1,3,2,0,4
"1732",0,0,0,3,2,2,0,3,1
"1733",0,0,0,3,2,4,2,1,3
"1734",0,0,0,4,0,3,1,1,3
"1735",0,0,0,2,6,2,2,0,1
"1736",0,0,0,4,3,0,1,1,1
"1737",0,0,0,4,0,1,3,5,0
"1738",0,0,0,1,4,3,2,2,1
"1739",0,0,0,0,1,2,1,4,1
"1740",0,0,0,3,5,1,1,1,1
"1741",0,0,0,2,4,1,0,0,4
"1742",0,0,0,2,2,2,2,2,2
"1743",0,0,0,2,3,1,2,0,2
"1744",0,0,0,4,1,4,4,2,0
"1745",0,0,0,0,1,1,3,2,2
"1746",0,0,0,0,0,3,1,1,0
"1747",0,0,0,2,2,3,1,5,1
"1748",0,0,0,1,2,2,0,4,3
"1749",0,0,0,2,3,3,1,1,0
"1750",0,0,0,3,2,0,2,2,2
"1751",0,0,0,2,3,2,1,1,3
"1752",0,0,0,7,1,2,2,4,2
"1753",0,0,0,1,3,4,3,1,2
"1754",0,0,0,4,3,2,1,0,4
"1755",0,0,0,2,3,0,1,3,1
"1756",0,0,0,2,0,0,4,3,1
"1757",0,0,0,2,2,2,1,3,3
"1758",0,0,0,3,2,4,3,5,0
"1759",0,0,0,3,1,2,1,5,2
"1760",0,0,0,6,1,4,4,2,2
"1761",0,0,0,0,0,2,6,2,2
"1762",0,0,0,5,4,2,2,1,1
"1763",0,0,0,0,2,2,3,2,3
"1764",0,0,0,4,4,0,5,1,2
"1765",0,0,0,6,2,1,1,4,1
"1766",0,0,0,3,2,5,1,2,2
"1767",0,0,0,2,1,2,5,4,2
"1768",0,0,0,4,3,3,2,3,3
"1769",0,0,0,0,3,0,1,2,1
"1770",0,0,0,3,3,1,4,1,2
"1771",0,0,0,3,4,2,2,1,0
"1772",0,0,0,4,3,3,1,2,2
"1773",0,0,0,1,3,3,1,6,3
"1774",0,0,0,2,3,4,2,1,3
"1775",0,0,0,2,1,1,5,3,2
"1776",0,0,0,0,1,4,2,3,5
"1777",0,0,0,2,1,2,1,2,1
"1778",0,0,0,1,2,2,2,3,0
"1779",0,0,0,0,2,1,4,4,1
"1780",0,0,0,4,3,0,0,1,3
"1781",0,0,0,4,2,2,2,3,2
"1782",0,0,0,3,2,0,4,0,2
"1783",0,0,0,3,4,2,2,1,2
"1784",0,0,0,2,2,4,2,0,1
"1785",0,0,0,1,3,0,1,3,2
"1786",0,0,0,5,3,4,1,1,0
"1787",0,0,0,3,2,1,2,1,5
"1788",0,0,0,4,3,1,0,0,2
"1789",0,0,0,4,3,3,2,3,1
"1790",0,0,0,0,3,3,1,1,2
"1791",0,0,0,3,2,2,1,4,2
"1792",0,0,0,1,1,4,2,1,2
"1793",0,0,0,2,1,3,2,1,1
"1794",0,0,0,4,1,4,1,1,3
"1795",0,0,0,2,0,1,3,1,1
"1796",0,0,0,0,4,4,4,0,1
"1797",0,0,0,4,2,2,2,5,0
"1798",0,0,0,2,2,1,2,2,1
"1799",0,0,0,0,2,3,3,0,2
"1800",0,0,0,5,3,1,1,2,3
"1801",0,0,0,0,2,2,2,1,2
"1802",0,0,0,2,3,3,0,1,0
"1803",0,0,0,3,4,1,2,3,0
"1804",0,0,0,2,2,1,2,1,2
"1805",0,0,0,1,1,3,2,2,3
"1806",0,0,0,4,2,2,2,3,1
"1807",0,0,0,1,1,3,3,1,2
"1808",0,0,0,1,1,1,4,1,0
"1809",0,0,0,1,2,5,2,0,2
"1810",0,0,0,2,3,1,1,3,2
"1811",0,0,0,3,4,1,3,3,3
"1812",0,0,0,1,2,2,3,1,2
"1813",0,0,0,1,5,2,1,3,1
"1814",0,0,0,4,2,4,0,2,5
"1815",0,0,0,3,1,2,1,1,2
"1816",0,0,0,2,4,6,4,1,2
"1817",0,0,0,5,0,5,1,2,2
"1818",0,0,0,0,3,2,3,4,1
"1819",0,0,0,3,5,3,1,2,2
"1820",0,0,0,1,7,3,3,1,3
"1821",0,0,0,3,1,1,1,0,0
"1822",0,0,0,5,3,1,1,1,4
"1823",0,0,0,2,2,4,2,0,4
"1824",0,0,0,3,3,2,0,1,1
"1825",0,0,0,4,2,1,2,1,1
"1826",0,0,0,1,3,4,0,3,1
"1827",0,0,0,4,2,0,1,1,2
"1828",0,0,0,1,4,3,1,2,1
"1829",0,0,0,2,3,1,0,2,0
"1830",0,0,0,3,3,0,2,2,2
"1831",0,0,0,1,4,0,2,2,0
"1832",0,0,0,2,3,2,3,0,2
"1833",0,0,0,2,2,1,2,2,3
"1834",0,0,0,1,3,1,2,2,0
"1835",0,0,0,1,4,0,3,2,4
"1836",0,0,0,2,4,2,3,3,1
"1837",0,0,0,1,2,2,0,4,1
"1838",0,0,0,1,3,2,3,10,1
"1839",0,0,0,2,2,0,0,4,1
"1840",0,0,0,4,0,1,0,2,0
"1841",0,0,0,1,4,4,1,3,1
"1842",0,0,0,2,3,3,0,1,2
"1843",0,0,0,3,3,2,0,1,4
"1844",0,0,0,4,2,4,3,2,0
"1845",0,0,0,2,5,2,0,1,3
"1846",0,0,0,3,1,1,0,3,2
"1847",0,0,0,2,0,5,3,2,2
"1848",0,0,0,2,1,3,2,2,1
"1849",0,0,0,1,5,2,3,1,1
"1850",0,0,0,1,4,0,3,2,2
"1851",0,0,0,5,0,2,3,2,1
"1852",0,0,0,3,2,3,4,3,0
"1853",0,0,0,1,3,0,2,1,2
"1854",0,0,0,4,5,3,0,0,2
"1855",0,0,0,2,1,2,3,1,2
"1856",0,0,0,6,3,4,1,1,2
"1857",0,0,0,0,1,2,5,3,4
"1858",0,0,0,4,5,2,0,2,1
"1859",0,0,0,4,2,6,4,1,3
"1860",0,0,0,8,1,1,1,1,4
"1861",0,0,0,2,4,4,0,1,1
"1862",0,0,0,2,4,1,1,3,0
"1863",0,0,0,5,5,1,4,1,3
"1864",0,0,0,2,4,0,3,1,6
"1865",0,0,0,1,3,0,3,2,0
"1866",0,0,0,0,3,4,1,2,1
"1867",0,0,0,3,3,1,3,5,1
"1868",0,0,0,3,1,1,1,2,2
"1869",0,0,0,4,2,3,1,2,1
"1870",0,0,0,3,2,2,2,1,5
"1871",0,0,0,6,3,2,1,1,1
"1872",0,0,0,5,3,4,2,0,2
"1873",0,0,0,2,0,1,0,2,2
"1874",0,0,0,1,5,3,2,1,2
"1875",0,0,0,2,2,2,3,0,0
"1876",0,0,0,2,1,0,3,1,0
"1877",0,0,0,6,7,3,2,0,3
"1878",0,0,0,3,3,2,3,3,2
"1879",0,0,0,2,5,0,1,3,2
"1880",0,0,0,3,3,6,3,0,1
"1881",0,0,0,5,3,2,0,4,0
"1882",0,0,0,3,2,1,2,1,4
"1883",0,0,0,3,1,5,2,2,1
"1884",0,0,0,1,4,3,1,2,1
"1885",0,0,0,3,2,1,4,1,0
"1886",0,0,0,3,3,2,1,4,1
"1887",0,0,0,2,1,2,4,0,0
"1888",0,0,0,3,0,3,2,0,1
"1889",0,0,0,4,3,2,1,0,3
"1890",0,0,0,2,1,2,2,2,1
"1891",0,0,0,1,5,0,3,0,3
"1892",0,0,0,4,5,1,0,4,3
"1893",0,0,0,0,1,2,2,3,2
"1894",0,0,0,2,2,3,1,2,3
"1895",0,0,0,3,3,3,2,1,4
"1896",0,0,0,6,3,1,4,3,2
"1897",0,0,0,4,2,8,5,1,2
"1898",0,0,0,1,0,2,2,1,4
"1899",0,0,0,2,3,2,2,0,2
"1900",0,0,0,3,5,1,0,3,3
"1901",0,0,0,1,3,2,2,4,1
"1902",0,0,0,2,1,6,1,2,2
"1903",0,0,0,2,6,2,1,1,4
"1904",0,0,0,2,3,2,0,1,1
"1905",0,0,0,1,3,4,4,2,3
"1906",0,0,0,1,2,1,1,3,1
"1907",0,0,0,6,2,2,0,1,0
"1908",0,0,0,1,1,3,2,1,3
"1909",0,0,0,0,2,5,1,1,0
"1910",0,0,0,2,4,1,1,0,0
"1911",0,0,0,3,3,5,3,3,1
"1912",0,0,0,3,2,1,5,1,1
"1913",0,0,0,5,2,2,2,0,3
"1914",0,0,0,2,2,1,5,3,3
"1915",0,0,0,3,0,2,2,1,0
"1916",0,0,0,5,2,1,0,1,4
"1917",0,0,0,2,1,3,3,2,1
"1918",0,0,0,3,5,1,0,1,3
"1919",0,0,0,1,0,1,2,0,1
"1920",0,0,0,1,3,0,3,2,2
"1921",0,0,0,4,3,1,1,0,3
"1922",0,0,0,0,2,2,3,3,0
"1923",0,0,0,2,1,2,4,1,0
"1924",0,0,0,2,2,3,3,1,2
"1925",0,0,0,2,2,3,3,0,3
"1926",0,0,0,4,2,1,5,3,2
"1927",0,0,0,2,6,0,2,0,6
"1928",0,0,0,1,3,2,1,3,1
"1929",0,0,0,1,1,3,2,1,1
"1930",0,0,0,2,7,2,1,1,0
"1931",0,0,0,4,4,3,3,2,2
"1932",0,0,0,1,5,2,1,0,2
"1933",0,0,0,2,5,4,0,2,2
"1934",0,0,0,2,3,4,2,3,1
"1935",0,0,0,2,0,4,2,3,1
"1936",0,0,0,2,2,4,2,3,0
"1937",0,0,0,2,3,5,0,3,1
"1938",0,0,0,1,1,5,1,3,3
"1939",0,0,0,2,3,5,4,1,1
"1940",0,0,0,4,1,0,3,0,2
"1941",0,0,0,2,1,4,2,5,2
"1942",0,0,0,3,3,3,0,0,1
"1943",0,0,0,2,5,2,2,2,3
"1944",0,0,0,1,3,1,1,3,7
"1945",0,0,0,0,2,2,1,1,1
"1946",0,0,0,4,2,3,2,1,2
"1947",0,0,0,0,1,2,1,3,1
"1948",0,0,0,1,2,4,3,2,3
"1949",0,0,0,1,2,2,1,0,1
"1950",0,0,0,1,3,1,2,1,1
"1951",0,0,0,2,6,2,3,3,6
"1952",0,0,0,5,4,2,7,1,1
"1953",0,0,0,3,1,3,2,1,3
"1954",0,0,0,5,2,3,2,3,1
"1955",0,0,0,0,1,2,4,2,4
"1956",0,0,0,3,1,5,3,3,3
"1957",0,0,0,2,3,5,3,2,0
"1958",0,0,0,4,2,4,3,2,0
"1959",0,0,0,4,1,0,3,2,2
"1960",0,0,0,1,1,3,3,2,4
"1961",0,0,0,2,6,3,1,5,1
"1962",0,0,0,1,1,2,3,5,1
"1963",0,0,0,1,0,2,1,1,2
"1964",0,0,0,2,2,2,3,2,1
"1965",0,0,0,4,4,0,1,0,2
"1966",0,0,0,2,3,1,3,2,2
"1967",0,0,0,0,3,2,5,0,2
"1968",0,0,0,2,2,2,3,2,2
"1969",0,0,0,4,4,2,2,0,1
"1970",0,0,0,2,0,2,3,0,0
"1971",0,0,0,3,1,3,0,2,3
"1972",0,0,0,0,4,1,0,1,2
"1973",0,0,0,0,4,3,1,3,3
"1974",0,0,0,3,1,1,2,2,2
"1975",0,0,0,3,1,1,3,2,1
"1976",0,0,0,2,4,2,0,3,1
"1977",0,0,0,3,4,3,4,4,1
"1978",0,0,0,3,1,2,1,2,1
"1979",0,0,0,2,4,0,2,1,0
"1980",0,0,0,3,1,3,5,2,1
"1981",0,0,0,3,2,3,1,1,2
"1982",0,0,0,3,2,1,3,0,2
"1983",0,0,0,1,1,3,3,3,1
"1984",0,0,0,4,1,2,4,0,0
"1985",0,0,0,2,3,2,4,1,3
"1986",0,0,0,2,1,2,2,2,4
"1987",0,0,0,5,1,3,2,4,0
"1988",0,0,0,2,3,1,2,3,1
"1989",0,0,0,1,1,1,2,2,2
"1990",0,0,0,3,2,3,3,1,1
"1991",0,0,0,1,2,2,2,3,4
"1992",0,0,0,4,2,1,4,2,0
"1993",0,0,0,2,1,3,7,1,2
"1994",0,0,0,2,3,1,2,2,2
"1995",0,0,0,1,3,2,2,6,2
"1996",0,0,0,4,3,1,1,2,2
"1997",0,0,0,2,1,1,3,3,2
"1998",0,0,0,3,6,2,1,1,0
"1999",0,0,0,4,3,2,3,2,1
"2000",0,0,0,1,1,3,0,2,1
"2001",0,0,0,3,0,2,0,3,0
"2002",0,0,0,0,3,2,2,3,0
"2003",0,0,0,4,2,3,1,5,2
"2004",0,0,0,2,3,2,4,1,2
"2005",0,0,0,2,2,0,4,3,1
"2006",0,0,0,1,1,5,4,0,3
"2007",0,0,0,1,0,1,5,1,4
"2008",0,0,0,1,1,4,1,1,2
"2009",0,0,0,2,1,3,2,0,2
"2010",0,0,0,6,1,2,4,3,1
"2011",0,0,0,1,3,0,4,4,3
"2012",0,0,0,1,1,1,2,2,3
"2013",0,0,0,2,2,3,2,0,2
"2014",0,0,0,1,3,4,2,2,0
"2015",0,0,0,2,1,1,0,2,2
"2016",0,0,0,3,3,3,2,2,0
"2017",0,0,0,3,0,0,3,4,4
"2018",0,0,0,2,2,3,3,3,2
"2019",0,0,0,2,1,3,2,4,3
"2020",0,0,0,2,1,2,2,2,1
"2021",0,0,0,3,1,5,3,0,1
"2022",0,0,0,5,1,2,2,1,1
"2023",0,0,0,1,0,0,1,4,1
"2024",0,0,0,3,2,2,1,1,3
"2025",0,0,0,1,1,3,2,0,5
"2026",NA,NA,NA,NA,NA,NA,NA,NA,NA
"2027",0,0,0,2,5,1,3,1,4
"2028",0,0,0,7,4,1,3,1,0
"2029",0,0,0,1,3,3,4,2,0
"2030",0,0,0,2,3,1,1,2,0
"2031",0,0,0,2,4,3,1,1,4
"2032",0,0,0,4,2,1,5,2,3
"2033",0,0,0,3,3,0,2,0,2
"2034",0,0,0,3,2,0,3,2,5
"2035",0,0,0,0,2,2,1,2,1
"2036",0,0,0,5,2,3,3,1,1
"2037",0,0,0,5,1,2,2,1,3
"2038",0,0,0,3,3,1,2,4,3
"2039",0,0,0,0,4,0,4,1,2
"2040",0,0,0,0,1,1,2,3,3
"2041",0,0,0,3,2,2,2,3,1
"2042",0,0,0,0,2,2,7,0,2
"2043",0,0,0,2,4,2,1,1,5
"2044",0,0,0,2,3,1,1,1,2
"2045",0,0,0,3,1,4,0,2,2
"2046",0,0,0,3,4,2,1,0,5
"2047",0,0,0,0,3,2,3,3,2
"2048",0,0,0,2,2,1,1,2,1
"2049",0,0,0,5,1,1,2,0,4
"2050",0,0,0,3,2,1,2,2,0
"2051",0,0,0,1,2,3,4,2,1
"2052",0,0,0,1,3,2,5,4,1
"2053",0,0,0,6,3,2,3,1,1
"2054",0,0,0,1,4,2,0,2,3
"2055",0,0,0,2,2,0,1,0,5
"2056",0,0,0,3,1,5,2,2,1
"2057",0,0,0,5,3,2,1,3,2
"2058",0,0,0,6,2,1,1,2,1
"2059",0,0,0,2,5,4,0,0,1
"2060",0,0,0,1,0,0,3,2,2
"2061",0,0,0,3,4,2,1,3,1
"2062",0,0,0,7,2,4,3,0,1
"2063",0,0,0,3,3,2,5,2,3
"2064",0,0,0,1,1,0,2,1,2
"2065",0,0,0,3,3,1,1,1,1
"2066",0,0,0,4,1,0,0,3,1
"2067",0,0,0,4,2,4,2,3,0
"2068",0,0,0,3,1,1,2,1,0
"2069",0,0,0,2,1,3,1,1,0
"2070",0,0,0,1,3,0,5,2,2
"2071",0,0,0,1,4,2,3,1,1
"2072",0,0,0,1,3,2,6,3,1
"2073",0,0,0,1,2,2,4,3,4
"2074",0,0,0,4,2,5,1,1,1
"2075",0,0,0,1,3,2,0,3,3
"2076",0,0,0,4,2,0,2,2,2
"2077",0,0,0,3,1,0,3,4,2
"2078",0,0,0,4,1,2,2,1,4
"2079",0,0,0,1,4,1,2,0,5
"2080",0,0,0,2,4,2,2,3,0
"2081",0,0,0,2,0,0,2,3,1
"2082",0,0,0,3,0,1,3,3,2
"2083",0,0,0,5,3,2,2,1,0
"2084",0,0,0,3,1,2,1,0,0
"2085",0,0,0,3,4,1,3,4,2
"2086",0,0,0,0,2,3,2,2,1
"2087",0,0,0,1,4,6,1,3,3
"2088",0,0,0,1,2,3,2,2,4
"2089",0,0,0,1,1,1,0,2,3
"2090",0,0,0,2,3,2,2,3,4
"2091",0,0,0,1,4,2,2,2,2
"2092",0,0,0,6,2,2,4,1,2
"2093",0,0,0,2,2,2,0,4,2
"2094",0,0,0,0,3,4,0,3,2
"2095",0,0,0,2,3,2,5,1,1
"2096",0,0,0,0,2,1,1,1,2
"2097",0,0,0,2,3,2,1,3,0
"2098",0,0,0,2,1,2,1,1,2
"2099",0,0,0,2,1,0,3,0,2
"2100",0,0,0,2,4,0,3,4,0
"2101",0,0,0,3,1,1,2,1,2
"2102",0,0,0,2,2,3,3,1,1
"2103",0,0,0,2,4,4,1,4,2
"2104",0,0,0,1,1,3,1,2,3
"2105",0,0,0,3,1,2,1,0,3
"2106",0,0,0,3,2,4,1,1,0
"2107",0,0,0,3,4,3,2,3,1
"2108",0,0,0,3,4,2,3,1,1
"2109",0,0,0,0,3,2,3,2,1
"2110",0,0,0,2,3,1,3,4,5
"2111",0,0,0,1,1,0,1,2,2
"2112",0,0,0,3,2,3,0,1,3
"2113",0,0,0,4,5,6,0,3,2
"2114",0,0,0,3,5,1,1,1,2
"2115",0,0,0,2,4,3,1,0,1
"2116",0,0,0,3,3,3,1,1,0
"2117",0,0,0,2,1,0,2,1,3
"2118",0,0,0,1,2,5,2,0,1
"2119",0,0,0,4,5,3,3,3,1
"2120",0,0,0,6,2,2,0,1,2
"2121",0,0,0,2,2,3,4,0,2
"2122",0,0,0,1,1,4,1,0,1
"2123",0,0,0,3,2,1,0,3,1
"2124",NA,NA,NA,NA,NA,NA,NA,NA,NA
"2125",0,0,0,3,0,1,1,1,6
"2126",0,0,0,1,1,1,2,4,3
"2127",0,0,0,2,1,1,6,2,2
"2128",0,0,0,4,0,3,5,0,1
"2129",0,0,0,2,5,3,0,1,2
"2130",0,0,0,2,4,2,2,2,5
"2131",0,0,0,0,1,2,2,0,6
"2132",0,0,0,2,2,0,0,1,4
"2133",0,0,0,3,1,0,5,2,3
"2134",0,0,0,3,0,2,3,2,2
"2135",0,0,0,5,2,1,1,3,1
"2136",0,0,0,1,1,1,4,2,2
"2137",0,0,0,2,3,3,1,1,1
"2138",0,0,0,2,3,1,1,0,3
"2139",0,0,0,2,3,3,0,3,3
"2140",0,0,0,3,0,1,2,1,0
"2141",0,0,0,1,2,3,1,1,4
"2142",0,0,0,1,1,4,2,1,2
"2143",0,0,0,3,3,3,4,2,1
"2144",0,0,0,4,1,3,1,2,0
"2145",0,0,0,3,2,3,1,2,2
"2146",0,0,0,1,0,1,0,2,1
"2147",0,0,0,1,5,1,2,3,2
"2148",0,0,0,5,1,4,4,2,4
"2149",0,0,0,1,0,4,0,4,4
"2150",0,0,0,1,2,3,3,5,2
"2151",0,0,0,3,2,0,2,3,1
"2152",0,0,0,0,3,0,2,5,0
"2153",0,0,0,4,2,1,4,2,2
"2154",0,0,0,1,2,8,1,3,1
"2155",0,0,0,6,4,1,1,0,2
"2156",0,0,0,2,4,0,1,1,0
"2157",0,0,0,3,1,3,1,0,5
"2158",0,0,0,1,5,3,2,3,1
"2159",0,0,0,6,2,1,3,0,0
"2160",0,0,0,1,3,3,3,1,0
"2161",0,0,0,1,4,2,2,4,1
"2162",0,0,0,0,1,4,2,2,2
"2163",0,0,0,0,2,2,5,1,2
"2164",0,0,0,2,1,1,1,1,4
"2165",0,0,0,2,3,0,4,2,2
"2166",0,0,0,4,3,1,1,1,2
"2167",0,0,0,3,1,3,2,1,2
"2168",0,0,0,4,2,2,2,1,2
"2169",0,0,0,3,1,6,2,3,2
"2170",0,0,0,3,4,4,2,0,2
"2171",0,0,0,4,3,2,1,3,3
"2172",0,0,0,2,2,5,3,3,0
"2173",0,0,0,2,1,3,4,1,1
"2174",0,0,0,2,2,1,2,3,1
"2175",0,0,0,4,3,1,2,2,1
"2176",0,0,0,2,5,1,1,3,0
"2177",0,0,0,2,3,2,3,0,3
"2178",0,0,0,2,0,3,2,2,2
"2179",0,0,0,1,3,0,2,0,6
"2180",0,0,0,4,1,1,3,3,8
"2181",0,0,0,1,3,2,1,0,3
"2182",0,0,0,1,2,2,3,1,2
"2183",0,0,0,6,4,1,4,0,0
"2184",0,0,0,5,0,1,1,2,3
"2185",0,0,0,2,1,0,1,2,2
"2186",0,0,0,3,2,2,2,2,1
"2187",0,0,0,10,2,1,2,0,1
"2188",0,0,0,2,0,2,4,0,3
"2189",0,0,0,3,7,2,1,1,2
"2190",0,0,0,2,2,0,2,0,2
"2191",0,0,0,3,3,2,2,2,3
"2192",0,0,0,3,1,3,5,1,3
"2193",0,0,0,1,4,1,0,2,3
"2194",0,0,0,2,1,1,0,1,3
"2195",0,0,0,3,1,3,3,3,1
"2196",0,0,0,3,2,0,1,1,2
"2197",0,0,0,2,2,1,1,2,2
"2198",0,0,0,2,2,1,0,1,4
"2199",0,0,0,4,1,2,1,2,1
"2200",0,0,0,3,2,2,1,4,1
"2201",0,0,0,5,3,0,4,1,1
"2202",0,0,0,3,2,1,2,2,2
"2203",0,0,0,2,7,3,2,0,1
"2204",0,0,0,1,2,2,2,4,5
"2205",0,0,0,3,2,1,3,2,2
"2206",0,0,0,3,2,5,2,3,2
"2207",0,0,0,3,3,4,3,1,3
"2208",0,0,0,4,4,0,4,0,1
"2209",0,0,0,3,3,0,3,1,3
"2210",0,0,0,3,1,1,3,0,5
"2211",0,0,0,1,3,0,4,3,2
"2212",0,0,0,2,0,3,4,1,1
"2213",0,0,0,6,0,0,2,5,0
"2214",0,0,0,2,0,1,2,0,2
"2215",0,0,0,3,0,3,1,1,2
"2216",0,0,0,2,4,3,3,2,2
"2217",0,0,0,3,1,2,3,2,1
"2218",0,0,0,2,2,3,1,1,4
"2219",0,0,0,2,4,3,1,2,2
"2220",0,0,0,4,3,2,4,5,1
"2221",0,0,0,1,1,4,2,0,2
"2222",0,0,0,6,1,2,2,0,0
"2223",0,0,0,1,2,2,4,1,2
"2224",0,0,0,2,4,4,0,1,0
"2225",0,0,0,5,4,1,0,0,3
"2226",0,0,0,4,2,1,1,0,0
"2227",0,0,0,0,2,3,2,3,2
"2228",0,0,0,6,3,2,2,4,3
"2229",0,0,0,6,1,4,2,1,2
"2230",0,0,0,1,3,1,3,2,3
"2231",0,0,0,6,4,1,0,2,0
"2232",0,0,0,3,3,0,1,2,3
"2233",0,0,0,3,0,2,2,3,0
"2234",0,0,0,1,3,1,3,2,1
"2235",0,0,0,1,0,2,2,3,2
"2236",0,0,0,3,1,2,0,4,2
"2237",0,0,0,2,2,0,4,1,0
"2238",0,0,0,1,2,1,1,2,5
"2239",0,0,0,4,1,0,0,2,1
"2240",0,0,0,6,4,0,1,0,0
"2241",0,0,0,2,1,1,4,5,1
"2242",0,0,0,2,1,1,2,2,2
"2243",0,0,0,1,2,2,2,2,2
"2244",0,0,0,1,2,1,4,2,2
"2245",0,0,0,0,1,1,2,3,2
"2246",0,0,0,3,2,0,0,1,1
"2247",0,0,0,5,2,6,1,1,1
"2248",0,0,0,5,4,5,0,1,1
"2249",0,0,0,1,3,2,1,0,2
"2250",0,0,0,6,3,6,0,4,1
"2251",0,0,0,3,3,2,1,1,1
"2252",0,0,0,3,2,2,1,0,1
"2253",0,0,0,3,5,1,1,2,3
"2254",0,0,0,1,1,2,2,0,1
"2255",0,0,0,5,3,1,1,1,0
"2256",0,0,0,1,4,2,5,3,0
"2257",0,0,0,3,1,2,4,2,4
"2258",0,0,0,1,2,3,3,1,1
"2259",0,0,0,3,2,3,1,2,3
"2260",0,0,0,3,3,3,4,3,1
"2261",0,0,0,4,2,0,1,1,0
"2262",0,0,0,0,5,3,2,1,1
"2263",0,0,0,2,4,1,4,0,1
"2264",0,0,0,1,0,2,2,3,1
"2265",0,0,0,3,1,2,5,0,1
"2266",0,0,0,1,1,4,3,1,3
"2267",0,0,0,2,3,2,1,2,1
"2268",0,0,0,5,2,3,2,1,0
"2269",0,0,0,5,3,5,0,4,3
"2270",0,0,0,0,2,1,3,1,1
"2271",0,0,0,5,3,3,1,2,1
"2272",0,0,0,2,3,3,0,0,3
"2273",0,0,0,3,2,3,2,2,0
"2274",0,0,0,1,3,4,2,3,2
"2275",0,0,0,1,2,2,1,1,3
"2276",0,0,0,2,2,4,1,1,3
"2277",0,0,0,2,2,2,2,2,0
"2278",0,0,0,0,3,2,1,2,3
"2279",0,0,0,2,4,1,1,5,3
"2280",0,0,0,5,4,5,1,0,1
"2281",0,0,0,1,3,1,0,4,0
"2282",0,0,0,3,2,1,2,3,2
"2283",0,0,0,1,4,2,2,3,2
"2284",0,0,0,0,2,0,3,1,2
"2285",0,0,0,0,1,2,4,4,1
"2286",0,0,0,1,2,3,1,4,3
"2287",0,0,0,1,2,2,4,2,2
"2288",0,0,0,2,1,3,4,4,2
"2289",0,0,0,1,2,1,4,2,2
"2290",0,0,0,4,1,3,3,3,5
"2291",0,0,0,1,4,1,3,1,2
"2292",0,0,0,1,4,2,3,2,0
"2293",0,0,0,1,2,3,1,2,2
"2294",0,0,0,5,2,2,1,0,3
"2295",0,0,0,1,2,1,3,0,2
"2296",0,0,0,0,2,0,1,4,3
"2297",0,0,0,4,1,3,2,2,1
"2298",0,0,0,0,7,3,2,1,1
"2299",0,0,0,5,2,2,4,0,1
"2300",0,0,0,3,2,2,1,4,1
"2301",0,0,0,0,0,2,3,3,2
"2302",0,0,0,3,6,1,1,2,1
"2303",0,0,0,3,0,3,2,3,2
"2304",0,0,0,4,2,2,1,2,1
"2305",0,0,0,3,1,3,2,3,2
"2306",0,0,0,6,2,2,1,0,2
"2307",0,0,0,5,1,1,2,1,1
"2308",0,0,0,2,7,1,1,2,0
"2309",0,0,0,2,3,1,1,3,1
"2310",0,0,0,3,3,2,2,0,1
"2311",0,0,0,1,2,1,1,1,1
"2312",0,0,0,2,2,3,3,0,1
"2313",0,0,0,1,2,1,0,3,0
"2314",0,0,0,0,3,1,2,2,2
"2315",0,0,0,4,1,2,2,3,1
"2316",0,0,0,4,3,1,2,0,2
"2317",0,0,0,2,1,0,6,2,1
"2318",0,0,0,2,2,3,3,2,2
"2319",0,0,0,3,2,1,3,4,3
"2320",0,0,0,4,0,1,3,3,1
"2321",0,0,0,1,1,2,2,4,1
"2322",0,0,0,0,2,3,3,2,3
"2323",0,0,0,3,1,1,1,1,1
"2324",0,0,0,2,0,3,0,2,2
"2325",0,0,0,4,1,0,1,2,2
"2326",0,0,0,1,3,2,2,2,4
"2327",0,0,0,3,3,4,3,3,1
"2328",0,0,0,4,2,3,0,2,5
"2329",0,0,0,0,2,4,1,2,0
"2330",0,0,0,2,2,3,2,2,0
"2331",0,0,0,1,3,2,4,3,2
"2332",0,0,0,4,2,1,6,5,1
"2333",0,0,0,0,2,1,5,1,1
"2334",0,0,0,2,1,4,1,2,2
"2335",0,0,0,0,3,1,1,2,5
"2336",0,0,0,1,3,2,5,1,1
"2337",0,0,0,0,3,1,0,1,2
"2338",0,0,0,3,3,5,2,0,4
"2339",0,0,0,1,3,3,3,3,0
"2340",0,0,0,1,1,5,3,1,3
"2341",0,0,0,3,4,5,5,0,1
"2342",0,0,0,4,0,1,2,5,0
"2343",0,0,0,0,2,6,2,1,2
"2344",0,0,0,2,5,0,1,1,3
"2345",0,0,0,1,2,2,3,0,3
"2346",0,0,0,0,2,5,1,3,2
"2347",0,0,0,0,4,3,2,3,4
"2348",0,0,0,2,3,3,1,1,1
"2349",0,0,0,3,3,0,3,1,5
"2350",0,0,0,4,1,0,1,2,1
"2351",0,0,0,1,0,1,0,2,2
"2352",0,0,0,2,1,1,4,0,2
"2353",0,0,0,3,1,2,3,1,3
"2354",0,0,0,2,2,3,2,2,3
"2355",0,0,0,1,0,4,3,2,4
"2356",0,0,0,2,3,1,5,1,0
"2357",0,0,0,2,2,3,0,4,1
"2358",0,0,0,0,2,2,2,1,5
"2359",0,0,0,6,1,0,1,0,0
"2360",0,0,0,1,2,0,0,3,1
"2361",0,0,0,1,2,2,2,1,4
"2362",0,0,0,1,3,3,2,1,2
"2363",0,0,0,2,3,4,2,3,2
"2364",0,0,0,2,1,7,1,1,1
"2365",0,0,0,6,3,5,2,6,2
"2366",0,0,0,2,2,3,0,4,4
"2367",0,0,0,2,4,3,4,3,0
"2368",0,0,0,1,1,3,1,3,1
"2369",0,0,0,0,2,2,3,3,3
"2370",0,0,0,4,4,3,1,2,3
"2371",0,0,0,4,2,4,1,2,2
"2372",0,0,0,3,2,2,2,2,2
"2373",0,0,0,3,3,4,2,0,1
"2374",0,0,0,3,4,6,2,0,1
"2375",0,0,0,1,4,2,1,0,4
"2376",0,0,0,1,4,1,2,2,4
"2377",0,0,0,1,1,3,1,3,3
"2378",0,0,0,6,4,0,4,3,0
"2379",0,0,0,2,1,2,1,1,5
"2380",0,0,0,2,5,2,1,0,2
"2381",0,0,0,3,1,1,1,3,2
"2382",0,0,0,4,1,0,0,2,1
"2383",0,0,0,3,4,3,1,1,1
"2384",0,0,0,2,0,0,2,0,1
"2385",0,0,0,1,8,1,1,1,4
"2386",0,0,0,2,2,3,2,0,5
"2387",0,0,0,2,3,4,4,0,2
"2388",0,0,0,1,2,4,1,5,2
"2389",0,0,0,3,5,4,1,2,2
"2390",0,0,0,3,1,2,3,1,2
"2391",0,0,0,4,2,0,5,1,5
"2392",0,0,0,1,2,4,0,1,2
"2393",0,0,0,5,1,1,2,2,2
"2394",0,0,0,1,3,2,0,1,2
"2395",0,0,0,3,1,2,2,0,2
"2396",0,0,0,4,2,2,2,2,3
"2397",0,0,0,3,4,1,0,2,1
"2398",0,0,0,4,1,4,0,4,0
"2399",0,0,0,1,2,6,1,1,0
"2400",0,0,0,1,3,2,0,2,1
"2401",0,0,0,3,6,5,3,1,2
"2402",0,0,0,4,2,0,2,2,2
"2403",0,0,0,1,2,2,3,3,2
"2404",0,0,0,2,1,4,0,4,1
"2405",0,0,0,2,3,2,1,4,2
"2406",0,0,0,4,1,1,2,1,3
"2407",0,0,0,0,2,3,1,1,1
"2408",0,0,0,2,1,2,0,1,3
"2409",0,0,0,0,3,2,5,2,1
"2410",0,0,0,2,2,1,3,4,1
"2411",0,0,0,2,7,3,4,2,2
"2412",0,0,0,1,3,1,0,2,1
"2413",0,0,0,6,1,2,0,2,5
"2414",0,0,0,2,4,3,0,1,0
"2415",0,0,0,2,0,3,0,1,1
"2416",0,0,0,4,7,3,1,5,0
"2417",0,0,0,3,3,4,0,1,2
"2418",0,0,0,4,7,1,0,7,3
"2419",0,0,0,3,4,2,0,2,0
"2420",0,0,0,2,3,2,2,2,3
"2421",0,0,0,2,1,2,2,5,2
"2422",0,0,0,2,1,6,1,0,3
"2423",0,0,0,3,4,4,1,4,3
"2424",0,0,0,2,1,1,2,1,2
"2425",0,0,0,2,1,3,3,1,2
"2426",0,0,0,4,4,2,0,3,1
"2427",0,0,0,3,4,3,1,1,2
"2428",0,0,0,0,1,1,3,0,2
"2429",0,0,0,2,2,3,4,1,3
"2430",0,0,0,3,1,2,1,4,1
"2431",0,0,0,2,1,5,4,2,2
"2432",0,0,0,2,2,4,0,2,0
"2433",0,0,0,2,1,1,1,1,0
"2434",0,0,0,2,3,1,0,2,1
"2435",0,0,0,0,5,1,4,1,2
"2436",0,0,0,2,2,0,1,1,2
"2437",0,0,0,0,0,5,3,1,2
"2438",0,0,0,2,3,1,4,1,0
"2439",0,0,0,4,0,2,0,3,2
"2440",0,0,0,2,2,4,3,3,0
"2441",0,0,0,2,3,0,3,1,1
"2442",0,0,0,2,3,1,0,3,2
"2443",0,0,0,0,1,3,2,1,1
"2444",0,0,0,1,2,2,4,1,4
"2445",0,0,0,3,4,3,1,1,3
"2446",0,0,0,2,4,1,0,2,1
"2447",0,0,0,4,0,2,4,1,0
"2448",0,0,0,2,2,0,3,0,3
"2449",0,0,0,0,2,1,2,8,2
"2450",0,0,0,3,2,1,3,2,5
"2451",0,0,0,2,1,2,0,4,4
"2452",0,0,0,2,1,3,2,0,2
"2453",0,0,0,2,1,1,1,2,7
"2454",0,0,0,1,3,2,1,4,2
"2455",0,0,0,3,0,2,2,3,1
"2456",0,0,0,2,1,3,2,5,2
"2457",0,0,0,3,3,3,1,1,4
"2458",0,0,0,1,3,3,0,0,0
"2459",0,0,0,1,1,3,3,3,2
"2460",0,0,0,3,4,1,1,2,3
"2461",0,0,0,6,3,1,1,3,4
"2462",0,0,0,2,3,6,2,2,2
"2463",0,0,0,1,0,3,2,0,2
"2464",0,0,0,3,4,0,4,1,3
"2465",0,0,0,2,0,2,0,3,0
"2466",0,0,0,3,0,0,1,1,3
"2467",0,0,0,5,5,0,5,1,1
"2468",0,0,0,2,2,2,3,2,3
"2469",0,0,0,2,1,2,1,2,2
"2470",0,0,0,1,3,4,1,0,2
"2471",0,0,0,5,3,2,0,0,6
"2472",0,0,0,1,1,4,2,2,1
"2473",0,0,0,2,4,2,1,4,3
"2474",0,0,0,2,0,5,1,1,2
"2475",0,0,0,3,3,2,0,2,2
"2476",0,0,0,2,2,2,0,2,2
"2477",0,0,0,2,0,1,2,1,2
"2478",0,0,0,3,8,3,1,0,3
"2479",0,0,0,1,0,3,1,1,1
"2480",0,0,0,8,2,1,2,2,4
"2481",0,0,0,5,0,1,2,1,1
"2482",0,0,0,4,2,1,2,0,1
"2483",0,0,0,3,2,2,1,1,2
"2484",0,0,0,2,3,1,1,0,3
"2485",0,0,0,3,4,2,1,3,2
"2486",0,0,0,4,1,3,1,3,3
"2487",0,0,0,4,2,2,2,1,1
"2488",0,0,0,0,6,1,0,2,1
"2489",0,0,0,2,3,1,4,2,0
"2490",0,0,0,2,0,1,2,2,1
"2491",0,0,0,4,2,0,1,0,2
"2492",0,0,0,1,1,3,1,2,1
"2493",0,0,0,0,6,3,2,1,0
"2494",0,0,0,5,3,0,0,1,3
"2495",0,0,0,4,3,4,2,4,1
"2496",0,0,0,1,1,1,3,5,2
"2497",0,0,0,9,0,2,2,1,1
"2498",0,0,0,1,3,1,3,1,3
"2499",0,0,0,3,1,3,2,3,2
"2500",0,0,0,2,3,3,4,0,1
"2501",0,0,0,3,5,3,1,2,2
"2502",0,0,0,3,2,2,2,2,2
"2503",0,0,0,5,1,2,3,0,0
"2504",0,0,0,2,6,3,0,1,0
"2505",0,0,0,5,3,3,3,0,3
"2506",0,0,0,3,1,3,3,3,1
"2507",0,0,0,4,3,4,4,4,2
"2508",0,0,0,5,2,2,2,5,0
"2509",0,0,0,4,3,0,2,2,2
"2510",0,0,0,3,4,3,2,3,4
"2511",0,0,0,4,3,2,3,1,2
"2512",0,0,0,3,4,3,2,1,3
"2513",0,0,0,6,0,1,3,2,2
"2514",0,0,0,6,0,2,2,0,0
"2515",NA,NA,NA,NA,NA,NA,NA,NA,NA
"2516",0,0,0,3,2,2,2,2,3
"2517",0,0,0,0,2,3,2,3,1
"2518",0,0,0,3,4,3,2,1,3
"2519",0,0,0,4,0,1,2,1,2
"2520",0,0,0,3,1,3,2,2,1
"2521",0,0,0,3,3,3,3,1,1
"2522",0,0,0,0,0,1,1,1,4
"2523",0,0,0,2,4,0,1,2,2
"2524",0,0,0,2,1,2,5,0,0
"2525",0,0,0,1,1,1,1,1,1
"2526",0,0,0,4,1,3,3,0,1
"2527",0,0,0,1,4,0,0,1,3
"2528",0,0,0,4,4,2,1,1,2
"2529",0,0,0,4,4,1,4,1,2
"2530",0,0,0,3,2,0,4,1,3
"2531",0,0,0,1,2,1,4,2,4
"2532",0,0,0,1,2,2,1,0,3
"2533",0,0,0,3,4,3,0,2,6
"2534",0,0,0,1,3,3,5,2,2
"2535",0,0,0,7,1,2,2,1,2
"2536",0,0,0,3,3,4,2,2,1
"2537",0,0,0,1,0,0,0,2,1
"2538",0,0,0,3,2,2,2,1,4
"2539",0,0,0,2,3,3,4,1,1
"2540",0,0,0,0,1,0,3,2,0
"2541",0,0,0,1,2,3,1,1,0
"2542",0,0,0,4,1,2,2,0,2
"2543",0,0,0,1,3,5,2,1,1
"2544",0,0,0,1,0,1,3,3,1
"2545",0,0,0,1,4,1,1,1,0
"2546",0,0,0,0,2,1,1,1,3
"2547",0,0,0,1,4,1,3,0,1
"2548",0,0,0,1,0,3,1,1,3
"2549",0,0,0,3,3,1,2,4,2
"2550",0,0,0,4,2,1,1,1,2
"2551",0,0,0,4,1,5,3,2,1
"2552",0,0,0,4,2,2,1,2,2
"2553",0,0,0,2,3,2,4,1,1
"2554",0,0,0,2,2,6,3,0,1
"2555",0,0,0,1,3,4,0,3,2
"2556",0,0,0,3,2,4,0,3,0
"2557",0,0,0,0,3,0,5,1,1
"2558",0,0,0,3,4,0,5,3,1
"2559",0,0,0,3,3,2,2,1,2
"2560",0,0,0,3,0,1,1,2,0
"2561",0,0,0,2,2,3,2,0,2
"2562",0,0,0,4,2,1,3,1,4
"2563",0,0,0,1,3,3,2,3,5
"2564",0,0,0,1,2,3,1,3,3
"2565",0,0,0,2,1,1,2,5,3
"2566",0,0,0,1,2,0,2,0,2
"2567",0,0,0,3,1,2,1,1,5
"2568",0,0,0,0,2,1,3,3,2
"2569",0,0,0,2,2,2,0,4,2
"2570",0,0,0,4,2,2,2,2,0
"2571",0,0,0,3,2,0,2,0,1
"2572",0,0,0,1,4,2,2,4,2
"2573",0,0,0,2,4,2,1,5,2
"2574",0,0,0,1,3,4,2,0,3
"2575",0,0,0,2,1,4,0,1,1
"2576",0,0,0,0,4,0,2,1,0
"2577",0,0,0,2,2,2,1,4,3
"2578",0,0,0,7,2,2,2,2,1
"2579",0,0,0,4,3,2,0,2,2
"2580",0,0,0,1,1,2,2,3,5
"2581",0,0,0,2,3,0,0,3,3
"2582",0,0,0,2,1,3,0,0,2
"2583",0,0,0,4,4,2,2,3,1
"2584",0,0,0,2,3,1,2,1,0
"2585",0,0,0,0,1,1,3,4,2
"2586",0,0,0,2,2,3,9,2,0
"2587",0,0,0,2,1,3,3,2,3
"2588",0,0,0,3,2,1,3,1,1
"2589",0,0,0,2,1,0,5,0,2
"2590",0,0,0,3,4,0,1,2,2
"2591",0,0,0,5,1,0,0,2,2
"2592",0,0,0,3,1,0,2,2,1
"2593",0,0,0,6,0,0,1,1,5
"2594",0,0,0,1,2,1,2,5,0
"2595",0,0,0,3,2,2,1,2,1
"2596",0,0,0,4,0,4,1,3,1
"2597",0,0,0,2,4,3,0,7,1
"2598",0,0,0,1,1,5,3,3,2
"2599",0,0,0,3,3,4,0,0,3
"2600",0,0,0,1,2,2,2,1,0
"2601",0,0,0,4,2,1,1,0,2
"2602",0,0,0,0,7,5,1,3,2
"2603",0,0,0,1,2,0,3,4,1
"2604",0,0,0,4,4,0,3,0,1
"2605",0,0,0,2,3,0,3,0,5
"2606",0,0,0,3,3,4,3,0,1
"2607",0,0,0,1,0,1,1,2,0
"2608",0,0,0,3,0,2,2,2,3
"2609",0,0,0,5,0,2,3,1,0
"2610",0,0,0,2,1,3,2,2,2
"2611",0,0,0,4,3,5,2,2,2
"2612",0,0,0,4,2,3,2,1,2
"2613",0,0,0,2,3,4,3,2,2
"2614",0,0,0,2,4,2,1,1,2
"2615",0,0,0,1,4,2,5,2,4
"2616",0,0,0,7,0,0,4,1,2
"2617",0,0,0,1,2,3,2,3,3
"2618",0,0,0,1,2,2,2,3,1
"2619",0,0,0,3,3,5,1,0,2
"2620",0,0,0,5,6,2,1,1,2
"2621",0,0,0,4,2,2,3,3,1
"2622",0,0,0,3,1,1,3,0,4
"2623",0,0,0,3,2,2,1,3,2
"2624",0,0,0,1,2,1,4,7,1
"2625",0,0,0,1,1,1,2,2,2
"2626",0,0,0,4,3,4,3,3,0
"2627",0,0,0,1,1,4,2,1,0
"2628",0,0,0,3,1,5,0,0,1
"2629",NA,NA,NA,NA,NA,NA,NA,NA,NA
"2630",0,0,0,2,3,6,3,1,2
"2631",0,0,0,2,4,1,2,0,3
"2632",0,0,0,3,2,2,2,1,1
"2633",0,0,0,1,2,3,4,2,1
"2634",0,0,0,2,1,2,3,1,1
"2635",0,0,0,3,1,2,2,4,0
"2636",0,0,0,1,1,4,2,3,4
"2637",0,0,0,2,1,3,0,3,2
"2638",0,0,0,0,1,0,2,2,2
"2639",0,0,0,1,4,2,1,2,1
"2640",0,0,0,2,4,0,1,3,2
"2641",0,0,0,2,2,3,0,5,2
"2642",0,0,0,3,5,0,1,1,2
"2643",0,0,0,3,2,0,2,1,3
"2644",0,0,0,1,3,3,4,3,4
"2645",0,0,0,3,2,1,1,0,2
"2646",0,0,0,5,2,1,3,2,1
"2647",0,0,0,1,2,4,0,1,4
"2648",0,0,0,1,2,1,1,2,2
"2649",0,0,0,2,2,1,0,2,1
"2650",0,0,0,2,0,2,2,1,1
"2651",0,0,0,3,1,1,4,0,2
"2652",0,0,0,1,2,0,5,1,6
"2653",0,0,0,4,2,2,3,0,2
"2654",0,0,0,2,3,2,0,5,1
"2655",0,0,0,1,4,1,3,0,4
"2656",0,0,0,1,4,2,2,0,2
"2657",0,0,0,0,2,4,1,3,2
"2658",0,0,0,1,1,1,0,2,2
"2659",0,0,0,0,0,1,1,2,1
"2660",0,0,0,1,1,1,2,4,3
"2661",0,0,0,3,1,0,0,1,4
"2662",0,0,0,1,1,3,3,1,3
"2663",0,0,0,2,2,0,3,0,5
"2664",0,0,0,2,2,6,3,5,2
"2665",0,0,0,1,4,2,1,3,0
"2666",0,0,0,3,2,3,3,2,5
"2667",0,0,0,4,2,1,4,1,0
"2668",0,0,0,3,3,1,1,2,1
"2669",0,0,0,1,3,5,1,6,4
"2670",0,0,0,1,1,2,4,2,3
"2671",0,0,0,2,1,2,3,2,1
"2672",0,0,0,2,1,5,3,5,0
"2673",0,0,0,2,3,2,3,2,3
"2674",0,0,0,4,5,1,1,1,1
"2675",0,0,0,1,1,2,1,3,2
"2676",0,0,0,4,3,3,4,0,1
"2677",0,0,0,0,1,3,2,5,2
"2678",0,0,0,4,4,2,1,1,1
"2679",0,0,0,4,2,1,4,3,2
"2680",0,0,0,2,2,3,4,3,1
"2681",0,0,0,2,2,4,3,0,4
"2682",0,0,0,2,1,2,3,2,0
"2683",0,0,0,3,2,2,3,5,4
"2684",0,0,0,3,3,2,3,5,1
"2685",0,0,0,2,3,1,0,5,7
"2686",0,0,0,4,3,4,0,4,2
"2687",0,0,0,0,1,2,4,2,1
"2688",0,0,0,1,2,3,2,0,2
"2689",0,0,0,4,0,5,4,3,2
"2690",0,0,0,4,1,1,8,4,3
"2691",0,0,0,0,1,2,0,5,2
"2692",0,0,0,3,2,0,1,1,0
"2693",0,0,0,0,2,2,1,0,1
"2694",0,0,0,2,2,2,0,1,2
"2695",0,0,0,1,1,2,4,1,1
"2696",0,0,0,4,3,2,2,2,1
"2697",0,0,0,0,1,1,1,2,3
"2698",0,0,0,1,1,4,2,2,3
"2699",0,0,0,3,2,1,2,3,2
"2700",0,0,0,3,2,0,3,1,0
"2701",0,0,0,1,3,1,0,2,2
"2702",0,0,0,5,1,2,3,2,4
"2703",0,0,0,2,4,0,2,3,0
"2704",0,0,0,3,0,3,3,3,3
"2705",0,0,0,5,3,0,0,2,0
"2706",0,0,0,3,2,1,2,0,3
"2707",0,0,0,2,0,2,0,2,1
"2708",0,0,0,2,3,3,3,0,3
"2709",0,0,0,3,1,4,1,2,0
"2710",0,0,0,2,1,2,2,2,1
"2711",0,0,0,4,0,2,1,0,0
"2712",NA,NA,NA,NA,NA,NA,NA,NA,NA
"2713",0,0,0,2,1,1,3,2,2
"2714",0,0,0,3,0,1,0,3,3
"2715",0,0,0,5,2,1,1,2,2
"2716",0,0,0,3,1,3,2,0,1
"2717",0,0,0,1,0,4,1,3,1
"2718",0,0,0,4,1,1,1,1,1
"2719",0,0,0,2,1,1,1,2,1
"2720",0,0,0,5,2,0,3,0,2
"2721",0,0,0,0,4,2,3,1,2
"2722",0,0,0,2,2,4,0,6,4
"2723",0,0,0,0,1,1,1,1,3
"2724",0,0,0,2,3,3,1,1,0
"2725",0,0,0,1,3,6,1,1,2
"2726",0,0,0,3,2,4,3,3,2
"2727",0,0,0,4,0,1,2,1,4
"2728",0,0,0,0,5,2,2,3,3
"2729",0,0,0,2,4,3,3,2,1
"2730",0,0,0,3,1,1,1,3,2
"2731",0,0,0,2,3,2,4,0,4
"2732",0,0,0,3,3,1,2,2,1
"2733",0,0,0,4,0,2,3,3,3
"2734",0,0,0,0,3,1,2,1,1
"2735",0,0,0,5,1,2,2,4,2
"2736",0,0,0,1,4,2,3,1,0
"2737",0,0,0,2,3,2,2,2,4
"2738",0,0,0,3,3,2,0,1,2
"2739",0,0,0,1,5,1,0,1,2
"2740",0,0,0,1,1,3,3,2,3
"2741",0,0,0,2,1,4,1,4,2
"2742",0,0,0,2,0,1,1,0,5
"2743",0,0,0,7,2,5,1,0,1
"2744",0,0,0,3,1,2,3,3,5
"2745",0,0,0,2,2,3,2,3,1
"2746",0,0,0,2,4,2,2,3,2
"2747",0,0,0,3,2,2,1,2,2
"2748",0,0,0,2,0,2,2,3,4
"2749",0,0,0,3,2,1,3,3,2
"2750",0,0,0,1,3,3,1,1,4
"2751",0,0,0,0,2,6,3,3,3
"2752",0,0,0,0,1,4,0,1,0
"2753",0,0,0,3,2,0,2,0,4
"2754",0,0,0,1,1,3,4,2,1
"2755",0,0,0,1,2,3,3,2,3
"2756",0,0,0,2,2,2,1,5,2
"2757",0,0,0,3,2,3,0,6,3
"2758",0,0,0,2,4,2,4,1,1
"2759",0,0,0,1,0,3,1,3,2
"2760",0,0,0,2,0,1,1,2,3
"2761",0,0,0,2,3,1,2,1,4
"2762",0,0,0,2,2,1,2,1,2
"2763",0,0,0,0,2,3,5,1,3
"2764",0,0,0,2,1,2,3,2,3
"2765",0,0,0,0,3,2,2,1,2
"2766",0,0,0,1,1,7,2,1,0
"2767",0,0,0,2,0,0,2,2,2
"2768",0,0,0,1,1,2,3,3,3
"2769",0,0,0,0,3,1,3,2,1
"2770",0,0,0,1,3,3,0,5,1
"2771",0,0,0,2,3,6,0,3,0
"2772",0,0,0,3,3,0,1,1,2
"2773",0,0,0,3,1,2,3,3,4
"2774",0,0,0,2,1,1,1,4,0
"2775",0,0,0,5,3,1,2,3,2
"2776",0,0,0,3,5,1,3,2,1
"2777",0,0,0,0,2,3,4,1,2
"2778",0,0,0,2,1,3,0,1,1
"2779",0,0,0,1,4,1,2,4,4
"2780",0,0,0,0,0,3,2,0,2
"2781",0,0,0,3,4,4,0,6,0
"2782",0,0,0,2,4,3,4,2,0
"2783",0,0,0,4,1,2,3,1,1
"2784",0,0,0,2,3,3,3,3,2
"2785",0,0,0,2,0,3,3,2,1
"2786",0,0,0,1,1,4,3,2,1
"2787",0,0,0,3,3,2,2,3,0
"2788",0,0,0,3,1,6,1,1,1
"2789",0,0,0,2,0,1,1,0,5
"2790",0,0,0,1,0,0,0,2,4
"2791",0,0,0,2,1,3,2,3,1
"2792",0,0,0,3,1,2,1,1,2
"2793",0,0,0,3,1,3,1,2,1
"2794",0,0,0,6,2,3,1,4,0
"2795",0,0,0,1,1,0,5,1,2
"2796",0,0,0,2,2,0,2,3,3
"2797",0,0,0,4,1,2,1,1,0
"2798",0,0,0,4,1,2,3,3,1
"2799",0,0,0,1,3,4,3,1,2
"2800",0,0,0,4,2,0,4,1,1
"2801",0,0,0,1,4,2,1,3,1
"2802",0,0,0,6,3,1,3,2,1
"2803",0,0,0,1,4,0,1,2,4
"2804",0,0,0,2,1,4,2,3,3
"2805",0,0,0,0,4,2,0,3,0
"2806",0,0,0,1,1,0,2,3,1
"2807",0,0,0,4,2,2,4,2,0
"2808",0,0,0,2,2,5,4,2,1
"2809",0,0,0,0,5,1,2,2,2
"2810",0,0,0,2,2,2,4,1,0
"2811",0,0,0,2,3,4,2,3,0
"2812",0,0,0,1,2,2,3,2,3
"2813",0,0,0,2,1,1,2,2,5
"2814",0,0,0,3,1,1,1,4,2
"2815",0,0,0,1,2,2,3,0,0
"2816",0,0,0,0,3,1,3,3,2
"2817",0,0,0,2,2,1,3,2,5
"2818",0,0,0,1,6,3,0,0,2
"2819",0,0,0,4,1,0,1,3,3
"2820",0,0,0,4,0,5,0,2,0
"2821",0,0,0,3,0,2,1,0,1
"2822",0,0,0,3,3,2,0,1,3
"2823",0,0,0,1,2,1,1,1,1
"2824",0,0,0,1,3,1,0,6,1
"2825",0,0,0,2,2,3,3,3,2
"2826",0,0,0,1,3,2,2,3,0
"2827",0,0,0,3,2,2,1,2,3
"2828",0,0,0,2,3,2,2,1,3
"2829",0,0,0,1,0,2,1,4,1
"2830",0,0,0,1,1,3,1,1,3
"2831",0,0,0,2,3,2,0,5,3
"2832",0,0,0,3,1,0,4,4,0
"2833",0,0,0,4,2,2,2,0,1
"2834",0,0,0,2,2,1,1,2,1
"2835",0,0,0,1,4,2,2,3,1
"2836",0,0,0,1,3,3,4,1,2
"2837",0,0,0,4,1,3,3,1,1
"2838",0,0,0,2,2,3,1,3,0
"2839",0,0,0,4,2,2,1,2,2
"2840",0,0,0,1,2,0,2,3,1
"2841",0,0,0,3,3,2,3,3,1
"2842",0,0,0,2,4,0,1,1,2
"2843",0,0,0,6,3,2,2,5,0
"2844",0,0,0,0,2,3,4,3,0
"2845",0,0,0,3,1,3,3,4,0
"2846",0,0,0,3,2,2,2,0,6
"2847",0,0,0,2,2,0,2,2,1
"2848",0,0,0,3,1,1,2,2,3
"2849",0,0,0,1,3,3,1,2,1
"2850",0,0,0,3,1,0,3,7,4
"2851",0,0,0,1,5,2,2,2,2
"2852",0,0,0,7,2,1,0,2,0
"2853",0,0,0,1,2,1,2,4,6
"2854",0,0,0,2,3,5,2,1,0
"2855",0,0,0,1,2,1,3,2,3
"2856",0,0,0,1,3,0,2,0,1
"2857",0,0,0,4,2,2,1,2,1
"2858",0,0,0,0,2,1,3,4,3
"2859",0,0,0,4,0,2,3,1,1
"2860",0,0,0,1,1,1,0,2,6
"2861",0,0,0,1,3,2,4,3,3
"2862",0,0,0,2,4,0,2,1,1
"2863",0,0,0,3,2,3,1,1,2
"2864",0,0,0,1,1,2,1,0,4
"2865",0,0,0,0,1,4,1,2,3
"2866",0,0,0,2,2,4,2,0,1
"2867",0,0,0,3,6,2,0,1,4
"2868",0,0,0,3,3,2,0,2,2
"2869",0,0,0,2,3,0,1,1,2
"2870",0,0,0,2,5,1,2,3,1
"2871",0,0,0,3,2,2,2,2,1
"2872",0,0,0,2,3,0,0,2,3
"2873",0,0,0,2,3,4,2,1,3
"2874",0,0,0,1,3,1,0,5,3
"2875",0,0,0,1,2,4,4,1,2
"2876",0,0,0,2,2,4,2,1,3
"2877",0,0,0,3,2,2,2,1,5
"2878",0,0,0,1,0,1,3,3,0
"2879",0,0,0,2,2,2,0,4,1
"2880",0,0,0,2,1,3,1,0,1
"2881",0,0,0,6,1,0,4,0,4
"2882",0,0,0,3,2,6,3,1,1
"2883",0,0,0,2,3,4,1,1,3
"2884",0,0,0,0,2,0,0,3,2
"2885",0,0,0,1,5,2,1,4,2
"2886",0,0,0,3,3,3,1,1,1
"2887",0,0,0,1,3,3,2,1,1
"2888",0,0,0,1,2,1,2,1,1
"2889",0,0,0,1,2,1,0,4,3
"2890",0,0,0,1,2,1,1,4,1
"2891",0,0,0,0,4,0,1,0,3
"2892",0,0,0,1,2,1,1,2,2
"2893",0,0,0,0,2,1,4,1,3
"2894",0,0,0,2,3,1,3,2,5
"2895",0,0,0,2,1,2,3,2,2
"2896",0,0,0,3,0,5,1,4,0
"2897",0,0,0,2,0,2,2,0,3
"2898",0,0,0,7,4,3,0,2,3
"2899",0,0,0,2,2,1,3,2,1
"2900",0,0,0,2,3,1,3,2,1
"2901",0,0,0,2,2,1,2,0,2
"2902",0,0,0,3,0,1,0,1,4
"2903",0,0,0,3,2,1,4,4,2
"2904",0,0,0,3,3,2,3,2,3
"2905",0,0,0,1,5,0,1,0,1
"2906",0,0,0,3,2,0,1,1,1
"2907",0,0,0,6,2,2,2,2,3
"2908",0,0,0,0,1,4,3,3,1
"2909",0,0,0,2,1,0,1,2,2
"2910",0,0,0,4,0,0,1,0,3
"2911",0,0,0,2,3,6,1,1,0
"2912",0,0,0,2,4,4,1,3,0
"2913",0,0,0,5,1,1,4,2,5
"2914",0,0,0,4,2,1,3,2,2
"2915",0,0,0,1,2,2,3,3,1
"2916",0,0,0,1,4,3,0,3,3
"2917",0,0,0,4,0,3,1,2,2
"2918",0,0,0,4,4,1,1,3,1
"2919",0,0,0,3,2,1,3,3,1
"2920",0,0,0,4,1,2,0,2,4
"2921",0,0,0,6,3,1,0,0,2
"2922",0,0,0,5,3,0,1,0,4
"2923",0,0,0,0,2,3,3,2,2
"2924",0,0,0,1,3,1,0,1,3
"2925",0,0,0,2,2,1,0,3,1
"2926",0,0,0,7,4,4,4,1,2
"2927",0,0,0,5,0,0,1,1,0
"2928",0,0,0,2,3,1,2,2,1
"2929",0,0,0,3,2,3,1,0,4
"2930",0,0,0,3,1,1,4,3,2
"2931",0,0,0,3,2,0,3,4,1
"2932",0,0,0,2,1,3,5,2,3
"2933",0,0,0,5,1,3,2,0,2
"2934",0,0,0,5,3,2,1,2,0
"2935",0,0,0,2,2,1,0,1,3
"2936",0,0,0,2,3,2,1,6,0
"2937",0,0,0,2,1,2,2,6,1
"2938",0,0,0,2,3,2,1,2,3
"2939",0,0,0,3,3,5,5,2,1
"2940",0,0,0,3,5,3,0,0,2
"2941",0,0,0,4,1,0,2,1,4
"2942",0,0,0,2,2,3,1,1,2
"2943",0,0,0,1,3,4,1,2,1
"2944",0,0,0,3,1,0,1,1,0
"2945",0,0,0,4,3,0,3,5,1
"2946",0,0,0,1,0,2,3,1,2
"2947",0,0,0,0,1,2,2,2,1
"2948",0,0,0,6,1,2,3,0,4
"2949",0,0,0,2,4,1,1,2,1
"2950",0,0,0,3,0,5,3,2,0
"2951",0,0,0,4,2,3,2,3,3
"2952",0,0,0,5,3,4,2,2,2
"2953",0,0,0,1,1,3,1,2,3
"2954",0,0,0,1,5,1,1,1,0
"2955",0,0,0,6,0,2,2,3,2
"2956",0,0,0,3,3,3,0,2,2
"2957",0,0,0,5,1,2,3,0,3
"2958",0,0,0,1,2,1,1,1,2
"2959",0,0,0,3,2,4,2,2,1
"2960",0,0,0,5,1,5,2,2,1
"2961",0,0,0,3,2,2,4,2,2
"2962",0,0,0,3,5,2,4,3,2
"2963",0,0,0,3,1,1,3,2,1
"2964",0,0,0,1,0,0,2,3,2
"2965",0,0,0,3,3,5,3,2,3
"2966",0,0,0,2,2,1,3,3,2
"2967",0,0,0,3,4,1,1,2,2
"2968",0,0,0,5,1,2,0,4,3
"2969",0,0,0,1,2,0,2,2,4
"2970",0,0,0,3,2,3,1,2,3
"2971",0,0,0,1,5,2,2,5,2
"2972",0,0,0,1,4,3,4,1,0
"2973",0,0,0,1,2,1,3,1,1
"2974",0,0,0,2,4,1,1,2,2
"2975",0,0,0,4,0,4,3,1,3
"2976",0,0,0,4,0,3,3,0,0
"2977",0,0,0,5,1,4,0,2,1
"2978",0,0,0,1,4,0,2,2,1
"2979",0,0,0,2,3,3,2,1,0
"2980",0,0,0,1,2,0,1,0,0
"2981",0,0,0,4,0,7,1,6,5
"2982",0,0,0,1,1,2,3,4,1
"2983",0,0,0,4,1,1,2,2,2
"2984",0,0,0,4,1,2,1,1,1
"2985",0,0,0,2,0,5,1,1,0
"2986",0,0,0,1,0,1,3,2,2
"2987",0,0,0,1,6,4,1,6,1
"2988",0,0,0,2,0,2,1,1,2
"2989",0,0,0,1,4,5,2,0,1
"2990",0,0,0,0,1,1,0,3,1
"2991",0,0,0,2,2,3,3,5,0
"2992",0,0,0,2,1,2,0,3,2
"2993",0,0,0,6,2,3,3,2,0
"2994",0,0,0,1,4,2,0,4,0
"2995",0,0,0,2,5,0,1,2,1
"2996",0,0,0,3,3,4,2,0,2
"2997",0,0,0,5,2,1,0,3,2
"2998",0,0,0,1,0,2,3,0,3
"2999",0,0,0,3,4,1,1,0,4
"3000",0,0,0,1,1,2,3,2,3
"3001",0,0,0,1,2,4,0,2,1
"3002",0,0,0,1,5,1,1,1,2
"3003",0,0,0,1,6,2,3,1,0
"3004",0,0,0,2,5,2,4,3,4
"3005",0,0,0,5,1,0,6,2,0
"3006",0,0,0,5,2,0,0,1,2
"3007",0,0,0,2,3,3,3,1,3
"3008",0,0,0,1,4,0,3,0,2
"3009",0,0,0,1,4,4,2,1,2
"3010",0,0,0,3,5,2,3,1,2
"3011",0,0,0,3,3,2,3,4,3
"3012",0,0,0,3,1,3,0,1,3
"3013",0,0,0,5,6,4,3,2,0
"3014",0,0,0,2,1,6,2,0,0
"3015",0,0,0,2,2,3,2,3,2
"3016",0,0,0,1,3,2,1,1,2
"3017",0,0,0,3,3,3,2,2,2
"3018",0,0,0,3,2,2,0,4,5
"3019",0,0,0,1,1,2,4,0,4
"3020",0,0,0,1,1,1,0,3,1
"3021",0,0,0,0,1,3,1,3,0
"3022",0,0,0,0,4,2,0,2,3
"3023",0,0,0,2,3,2,1,4,2
"3024",0,0,0,0,2,3,1,2,0
"3025",0,0,0,6,2,0,2,2,1
"3026",0,0,0,0,2,2,3,0,2
"3027",0,0,0,1,1,1,3,2,3
"3028",0,0,0,2,3,2,3,1,2
"3029",0,0,0,2,6,5,1,2,2
"3030",0,0,0,4,1,4,2,3,2
"3031",0,0,0,2,3,2,1,0,2
"3032",0,0,0,3,1,5,3,5,2
"3033",0,0,0,6,2,1,2,2,4
"3034",0,0,0,3,2,3,0,2,2
"3035",0,0,0,4,1,1,4,3,3
"3036",0,0,0,4,1,1,2,5,2
"3037",0,0,0,2,1,1,2,2,6
"3038",0,0,0,1,2,1,2,2,2
"3039",0,0,0,3,0,4,2,2,5
"3040",0,0,0,1,2,0,1,1,1
"3041",0,0,0,3,2,1,0,5,1
"3042",0,0,0,3,1,2,0,1,5
"3043",0,0,0,2,1,2,3,2,3
"3044",0,0,0,3,2,4,3,1,2
"3045",0,0,0,2,0,1,3,2,0
"3046",0,0,0,1,3,4,3,3,3
"3047",0,0,0,1,2,3,1,4,1
"3048",0,0,0,1,2,1,0,2,1
"3049",0,0,0,5,1,1,4,2,1
"3050",0,0,0,2,1,2,2,0,3
"3051",0,0,0,0,2,0,2,4,0
"3052",0,0,0,1,2,2,2,3,2
"3053",0,0,0,4,1,4,4,0,1
"3054",0,0,0,2,2,2,2,1,3
"3055",0,0,0,3,5,3,0,3,2
"3056",0,0,0,1,2,1,1,0,0
"3057",0,0,0,6,4,2,5,1,1
"3058",0,0,0,3,1,1,3,3,2
"3059",0,0,0,1,0,3,3,1,3
"3060",0,0,0,3,2,3,2,2,1
"3061",0,0,0,3,4,2,4,2,1
"3062",0,0,0,1,1,1,0,0,3
"3063",0,0,0,1,2,2,2,2,2
"3064",0,0,0,3,1,1,1,6,1
"3065",0,0,0,2,4,2,1,3,1
"3066",0,0,0,2,2,3,2,5,4
"3067",0,0,0,0,1,2,1,0,5
"3068",0,0,0,1,0,2,1,2,1
"3069",0,0,0,1,1,1,0,4,3
"3070",0,0,0,1,3,4,3,3,3
"3071",0,0,0,3,0,6,4,1,4
"3072",0,0,0,2,3,5,2,0,2
"3073",0,0,0,1,4,1,1,4,0
"3074",0,0,0,4,1,4,3,4,0
"3075",0,0,0,2,3,1,5,2,3
"3076",0,0,0,2,4,4,3,2,2
"3077",0,0,0,3,0,1,2,4,1
"3078",0,0,0,4,0,4,2,1,2
"3079",0,0,0,0,1,2,5,1,2
"3080",0,0,0,2,3,2,3,2,4
"3081",0,0,0,2,2,3,0,3,1
"3082",0,0,0,3,7,1,1,4,1
"3083",0,0,0,3,2,2,2,2,1
"3084",0,0,0,7,1,2,0,5,3
"3085",0,0,0,3,0,1,5,4,2
"3086",0,0,0,3,1,4,3,1,1
"3087",0,0,0,2,1,3,1,2,2
"3088",0,0,0,3,1,2,2,3,4
"3089",0,0,0,3,1,2,4,1,1
"3090",0,0,0,2,3,7,1,4,1
"3091",0,0,0,2,5,3,1,1,3
"3092",0,0,0,5,2,1,2,2,1
"3093",0,0,0,2,4,1,2,2,2
"3094",0,0,0,2,5,1,1,3,2
"3095",0,0,0,1,3,3,2,2,4
"3096",0,0,0,1,2,3,1,7,0
"3097",0,0,0,0,1,2,0,2,2
"3098",0,0,0,2,2,2,0,1,1
"3099",0,0,0,0,3,3,2,1,2
"3100",0,0,0,1,7,1,4,0,1
"3101",0,0,0,3,0,1,0,2,1
"3102",0,0,0,3,2,3,6,2,1
"3103",0,0,0,5,1,1,4,2,2
"3104",0,0,0,0,1,3,2,2,4
"3105",0,0,0,3,3,0,3,3,1
"3106",0,0,0,2,1,1,2,0,1
"3107",0,0,0,2,0,2,2,3,4
"3108",0,0,0,3,5,3,0,2,2
"3109",0,0,0,2,2,1,1,2,0
"3110",0,0,0,1,1,3,4,4,4
"3111",0,0,0,2,2,1,1,2,2
"3112",0,0,0,2,1,4,4,5,4
"3113",0,0,0,5,1,3,2,2,1
"3114",0,0,0,0,4,2,2,0,3
"3115",0,0,0,3,2,2,3,2,2
"3116",0,0,0,2,2,1,2,1,3
"3117",0,0,0,0,2,1,1,2,4
"3118",0,0,0,4,2,5,3,2,2
"3119",0,0,0,5,3,1,3,1,0
"3120",0,0,0,1,2,1,1,2,3
"3121",0,0,0,4,1,5,1,1,1
"3122",0,0,0,4,0,3,2,1,0
"3123",0,0,0,1,2,4,1,4,1
"3124",0,0,0,2,3,5,0,2,0
"3125",0,0,0,0,2,2,5,2,1
"3126",0,0,0,1,1,4,3,3,2
"3127",0,0,0,1,1,2,3,1,2
"3128",0,0,0,1,1,6,0,2,0
"3129",0,0,0,2,3,1,3,0,2
"3130",0,0,0,2,4,1,2,3,0
"3131",0,0,0,2,1,4,0,2,0
"3132",0,0,0,1,3,4,1,3,0
"3133",0,0,0,2,2,3,2,3,3
"3134",0,0,0,2,3,4,1,2,2
"3135",0,0,0,1,2,2,0,1,0
"3136",0,0,0,2,5,0,1,3,2
"3137",0,0,0,2,1,1,3,1,2
"3138",0,0,0,1,1,3,2,1,1
"3139",0,0,0,1,3,4,0,3,2
"3140",0,0,0,4,1,2,1,2,0
"3141",0,0,0,1,1,1,1,1,1
"3142",0,0,0,1,3,2,3,2,3
"3143",0,0,0,3,3,1,3,2,2
"3144",0,0,0,3,4,3,3,1,2
"3145",0,0,0,3,3,1,2,4,0
"3146",0,0,0,5,0,1,2,4,2
"3147",0,0,0,2,2,3,3,1,0
"3148",0,0,0,4,3,1,2,4,2
"3149",0,0,0,0,3,3,2,2,2
"3150",0,0,0,1,0,3,1,1,0
"3151",0,0,0,4,2,3,2,1,7
"3152",0,0,0,2,4,3,1,2,1
"3153",0,0,0,3,3,1,2,2,3
"3154",0,0,0,0,2,2,1,1,6
"3155",0,0,0,2,1,2,3,3,0
"3156",0,0,0,1,0,3,3,2,0
"3157",0,0,0,5,1,1,1,4,3
"3158",0,0,0,2,1,0,4,1,2
"3159",0,0,0,3,2,3,1,0,3
"3160",0,0,0,0,0,1,2,0,2
"3161",0,0,0,2,1,0,7,3,1
"3162",0,0,0,2,5,4,0,4,1
"3163",0,0,0,1,2,1,3,2,3
"3164",NA,NA,NA,NA,NA,NA,NA,NA,NA
"3165",0,0,0,2,4,2,3,3,3
"3166",0,0,0,2,0,4,3,3,1
"3167",0,0,0,1,4,2,3,3,2
"3168",0,0,0,3,5,3,2,5,1
"3169",0,0,0,4,3,2,2,3,1
"3170",0,0,0,2,2,0,1,1,2
"3171",0,0,0,3,0,2,1,1,1
"3172",0,0,0,1,2,1,0,4,1
"3173",0,0,0,1,4,4,2,3,2
"3174",0,0,0,3,3,3,3,2,2
"3175",0,0,0,2,5,1,1,5,0
"3176",0,0,0,1,1,3,3,1,0
"3177",0,0,0,2,2,2,3,0,2
"3178",0,0,0,0,1,5,4,0,3
"3179",0,0,0,3,3,2,3,1,5
"3180",0,0,0,3,2,1,2,2,2
"3181",0,0,0,2,2,3,3,0,2
"3182",0,0,0,0,2,2,3,2,0
"3183",0,0,0,3,3,2,3,2,0
"3184",0,0,0,1,4,1,0,4,1
"3185",0,0,0,2,2,2,1,1,1
"3186",0,0,0,4,1,1,0,3,1
"3187",0,0,0,5,3,2,3,0,3
"3188",0,0,0,3,2,1,3,0,4
"3189",0,0,0,3,5,4,4,2,3
"3190",0,0,0,1,4,4,1,2,1
"3191",0,0,0,5,2,3,3,1,1
"3192",0,0,0,1,3,2,1,4,2
"3193",0,0,0,2,2,2,1,1,0
"3194",0,0,0,1,4,2,1,2,2
"3195",0,0,0,1,2,4,1,2,3
"3196",0,0,0,1,1,0,1,3,1
"3197",0,0,0,1,4,1,2,1,1
"3198",0,0,0,1,2,1,1,0,3
"3199",0,0,0,1,6,1,5,1,1
"3200",0,0,0,4,4,6,0,2,1
"3201",0,0,0,4,1,2,2,6,1
"3202",0,0,0,3,1,1,3,1,2
"3203",0,0,0,3,0,4,6,3,0
"3204",0,0,0,0,4,1,3,3,0
"3205",0,0,0,3,6,1,1,2,1
"3206",0,0,0,3,6,0,4,5,3
"3207",0,0,0,2,5,4,2,1,3
"3208",0,0,0,2,4,0,3,0,4
"3209",0,0,0,4,3,2,2,2,4
"3210",0,0,0,2,0,1,5,3,2
"3211",0,0,0,3,3,2,2,2,2
"3212",0,0,0,3,2,3,2,2,1
"3213",0,0,0,3,1,2,2,2,2
"3214",0,0,0,4,3,2,3,1,0
"3215",0,0,0,1,0,4,4,1,1
"3216",0,0,0,2,5,0,1,3,3
"3217",0,0,0,0,2,5,1,1,2
"3218",0,0,0,1,1,2,2,3,2
"3219",0,0,0,2,2,1,3,1,0
"3220",0,0,0,4,2,2,1,1,2
"3221",0,0,0,3,4,1,3,1,0
"3222",0,0,0,1,3,1,1,1,3
"3223",0,0,0,3,3,5,3,1,0
"3224",0,0,0,1,1,5,4,1,2
"3225",0,0,0,1,0,0,1,0,0
"3226",0,0,0,2,0,2,1,3,3
"3227",0,0,0,2,1,2,3,3,1
"3228",0,0,0,2,4,1,2,3,3
"3229",0,0,0,1,0,3,4,1,0
"3230",0,0,0,3,3,0,0,4,1
"3231",0,0,0,3,3,3,1,1,2
"3232",0,0,0,2,1,1,1,2,2
"3233",0,0,0,3,2,2,6,4,4
"3234",0,0,0,5,2,1,2,1,2
"3235",0,0,0,2,2,2,2,1,1
"3236",0,0,0,1,3,1,3,3,1
"3237",0,0,0,2,1,2,0,2,1
"3238",0,0,0,1,2,0,0,1,1
"3239",0,0,0,3,3,1,1,1,2
"3240",0,0,0,2,0,5,4,4,1
"3241",0,0,0,3,3,3,1,1,3
"3242",0,0,0,3,0,0,1,1,3
"3243",0,0,0,1,2,2,3,2,6
"3244",0,0,0,2,2,0,2,3,1
"3245",0,0,0,2,0,0,2,3,2
"3246",0,0,0,1,2,0,4,4,1
"3247",0,0,0,2,2,4,2,2,1
"3248",0,0,0,2,1,3,2,1,2
"3249",0,0,0,1,4,1,1,1,1
"3250",0,0,0,4,2,2,3,0,2
"3251",0,0,0,0,5,5,0,2,1
"3252",0,0,0,2,1,1,0,3,1
"3253",0,0,0,1,2,2,0,1,1
"3254",0,0,0,0,4,2,3,2,2
"3255",0,0,0,4,4,2,1,2,2
"3256",0,0,0,2,2,2,0,3,1
"3257",0,0,0,0,5,2,3,0,1
"3258",0,0,0,2,2,0,4,1,1
"3259",0,0,0,4,2,4,3,1,0
"3260",0,0,0,1,2,6,2,1,2
"3261",0,0,0,3,2,3,1,1,0
"3262",0,0,0,1,3,2,3,1,2
"3263",0,0,0,3,0,3,1,1,3
"3264",0,0,0,1,1,1,2,2,0
"3265",0,0,0,3,1,1,3,2,3
"3266",0,0,0,3,3,1,0,3,1
"3267",0,0,0,2,3,3,0,2,3
"3268",0,0,0,0,5,1,1,1,0
"3269",0,0,0,5,2,2,1,3,2
"3270",0,0,0,2,3,2,2,0,1
"3271",0,0,0,1,3,2,0,1,2
"3272",0,0,0,3,2,4,3,2,0
"3273",0,0,0,3,4,3,1,4,0
"3274",0,0,0,2,4,3,2,3,1
"3275",0,0,0,3,0,3,1,1,2
"3276",0,0,0,4,4,2,2,0,1
"3277",0,0,0,1,2,3,0,2,2
"3278",0,0,0,1,2,1,1,0,2
"3279",0,0,0,3,1,1,4,0,0
"3280",0,0,0,2,2,2,2,1,2
"3281",0,0,0,3,2,2,3,1,2
"3282",0,0,0,2,2,2,2,0,5
"3283",0,0,0,4,5,1,1,3,4
"3284",0,0,0,2,2,2,5,0,3
"3285",0,0,0,2,1,2,6,2,2
"3286",0,0,0,1,3,0,3,2,0
"3287",0,0,0,2,1,5,5,2,3
"3288",0,0,0,2,1,4,0,4,1
"3289",0,0,0,4,2,0,3,2,1
"3290",0,0,0,2,0,1,1,1,3
"3291",0,0,0,1,4,2,3,1,2
"3292",0,0,0,2,2,2,3,4,1
"3293",0,0,0,2,3,3,1,2,4
"3294",0,0,0,2,3,0,1,3,2
"3295",0,0,0,2,2,3,1,0,2
"3296",0,0,0,5,3,1,2,1,3
"3297",0,0,0,1,3,3,2,3,3
"3298",0,0,0,1,1,1,4,3,2
"3299",0,0,0,5,2,3,2,1,1
"3300",0,0,0,5,1,1,1,0,1
"3301",0,0,0,2,0,5,3,4,1
"3302",0,0,0,1,4,2,3,4,1
"3303",0,0,0,3,1,2,1,2,0
"3304",0,0,0,2,2,3,3,1,3
"3305",0,0,0,1,2,2,1,0,5
"3306",0,0,0,2,1,1,2,4,1
"3307",0,0,0,2,3,3,1,2,3
"3308",0,0,0,3,2,6,0,2,2
"3309",0,0,0,3,2,2,3,2,1
"3310",0,0,0,4,4,1,2,4,1
"3311",0,0,0,1,2,3,3,3,0
"3312",0,0,0,0,0,0,6,1,0
"3313",0,0,0,1,1,2,2,2,0
"3314",0,0,0,3,1,2,3,2,1
"3315",0,0,0,1,3,1,2,2,2
"3316",0,0,0,1,2,2,2,1,2
"3317",0,0,0,2,2,3,3,2,3
"3318",0,0,0,1,0,2,0,3,1
"3319",0,0,0,1,1,5,0,0,4
"3320",0,0,0,1,2,3,0,1,3
"3321",0,0,0,2,2,2,2,3,1
"3322",0,0,0,3,2,2,1,1,1
"3323",0,0,0,3,1,0,2,7,0
"3324",NA,NA,NA,NA,NA,NA,NA,NA,NA
"3325",0,0,0,4,3,2,4,2,1
"3326",0,0,0,1,1,0,2,3,1
"3327",0,0,0,3,5,5,4,0,0
"3328",0,0,0,3,2,4,4,3,1
"3329",0,0,0,1,2,0,7,2,3
"3330",0,0,0,1,3,4,1,3,1
"3331",0,0,0,3,1,1,0,2,1
"3332",0,0,0,4,2,3,2,1,3
"3333",0,0,0,2,0,1,2,3,1
"3334",0,0,0,2,2,1,3,3,1
"3335",0,0,0,2,3,3,1,4,1
"3336",0,0,0,4,1,4,2,1,2
"3337",0,0,0,3,0,2,1,2,0
"3338",0,0,0,6,0,0,1,2,4
"3339",0,0,0,0,2,1,1,1,4
"3340",0,0,0,1,2,1,1,1,2
"3341",0,0,0,1,5,2,3,2,2
"3342",0,0,0,7,1,1,1,6,1
"3343",0,0,0,2,1,1,4,2,5
"3344",0,0,0,3,3,1,2,0,0
"3345",0,0,0,3,2,4,1,2,3
"3346",0,0,0,1,0,6,1,2,0
"3347",0,0,0,2,3,6,2,1,2
"3348",0,0,0,3,1,1,5,4,3
"3349",0,0,0,1,3,3,1,1,0
"3350",0,0,0,5,2,2,0,3,1
"3351",0,0,0,2,2,2,1,4,2
"3352",0,0,0,3,3,2,3,1,1
"3353",0,0,0,1,0,1,3,2,5
"3354",0,0,0,2,1,0,0,4,0
"3355",0,0,0,6,4,1,3,1,2
"3356",0,0,0,3,1,2,5,2,1
"3357",0,0,0,3,4,0,5,1,0
"3358",0,0,0,2,2,0,2,0,2
"3359",0,0,0,1,2,1,2,2,3
"3360",0,0,0,4,2,0,2,2,1
"3361",0,0,0,2,1,4,3,1,3
"3362",0,0,0,4,2,1,2,2,3
"3363",0,0,0,1,2,2,2,2,1
"3364",0,0,0,0,1,3,2,2,2
"3365",0,0,0,1,5,2,3,1,3
"3366",0,0,0,3,2,3,1,2,1
"3367",0,0,0,3,3,3,1,2,1
"3368",0,0,0,1,0,2,0,0,1
"3369",0,0,0,5,0,5,2,2,1
"3370",0,0,0,2,2,2,0,0,3
"3371",0,0,0,3,1,4,4,4,4
"3372",0,0,0,1,2,3,2,3,0
"3373",0,0,0,3,1,2,2,1,0
"3374",0,0,0,0,4,1,4,3,2
"3375",0,0,0,1,1,2,4,0,0
"3376",0,0,0,3,3,5,2,4,2
"3377",0,0,0,1,2,2,0,2,1
"3378",0,0,0,3,2,5,5,3,1
"3379",0,0,0,2,4,5,0,1,2
"3380",0,0,0,1,1,3,1,7,3
"3381",0,0,0,1,1,2,4,4,3
"3382",0,0,0,1,2,1,4,4,2
"3383",0,0,0,0,5,4,1,2,1
"3384",0,0,0,2,3,2,1,0,1
"3385",0,0,0,4,3,2,3,1,3
"3386",0,0,0,4,2,0,3,1,1
"3387",0,0,0,2,3,3,2,2,1
"3388",0,0,0,2,2,1,1,2,3
"3389",0,0,0,1,1,1,2,3,3
"3390",0,0,0,2,1,3,2,0,1
"3391",0,0,0,1,1,3,1,4,0
"3392",0,0,0,1,1,2,6,1,6
"3393",0,0,0,2,1,1,1,4,3
"3394",0,0,0,2,2,3,2,0,3
"3395",0,0,0,1,3,1,0,2,2
"3396",0,0,0,6,1,1,1,1,1
"3397",0,0,0,4,1,2,2,2,2
"3398",0,0,0,2,2,0,3,5,0
"3399",0,0,0,2,1,2,5,1,0
"3400",0,0,0,0,5,0,2,1,0
"3401",0,0,0,3,5,1,2,0,0
"3402",0,0,0,1,2,1,1,5,3
"3403",0,0,0,3,5,1,0,3,2
"3404",0,0,0,2,2,4,1,2,3
"3405",0,0,0,2,2,2,2,2,1
"3406",0,0,0,4,0,3,2,2,2
"3407",0,0,0,1,6,4,1,0,3
"3408",0,0,0,3,4,2,0,2,0
"3409",0,0,0,0,3,2,3,1,1
"3410",0,0,0,2,1,2,4,6,0
"3411",0,0,0,2,2,2,2,3,2
"3412",0,0,0,5,2,2,2,0,1
"3413",0,0,0,2,2,2,2,3,1
"3414",0,0,0,4,3,4,0,1,4
"3415",0,0,0,7,1,1,1,2,1
"3416",0,0,0,4,2,4,3,4,1
"3417",0,0,0,1,1,1,4,2,2
"3418",0,0,0,0,4,3,5,1,2
"3419",0,0,0,2,1,1,0,3,2
"3420",0,0,0,1,1,2,4,0,2
"3421",0,0,0,3,1,3,2,1,0
"3422",0,0,0,3,3,3,3,2,1
"3423",0,0,0,3,1,1,1,3,0
"3424",0,0,0,6,3,0,1,2,3
"3425",0,0,0,1,4,1,1,2,2
"3426",0,0,0,2,5,2,2,2,1
"3427",0,0,0,2,2,2,4,1,1
"3428",0,0,0,0,3,6,2,0,2
"3429",0,0,0,3,2,2,1,2,1
"3430",0,0,0,1,5,3,4,3,2
"3431",0,0,0,1,3,1,2,2,3
"3432",0,0,0,2,2,0,1,1,4
"3433",0,0,0,4,4,4,1,1,2
"3434",0,0,0,0,1,3,3,0,3
"3435",0,0,0,1,2,2,2,3,1
"3436",0,0,0,1,1,3,2,0,0
"3437",0,0,0,2,2,0,3,0,1
"3438",0,0,0,2,3,4,0,3,3
"3439",0,0,0,5,2,0,2,3,2
"3440",0,0,0,1,3,1,1,3,4
"3441",0,0,0,3,2,0,0,5,3
"3442",0,0,0,0,3,1,3,1,0
"3443",0,0,0,2,1,2,3,3,2
"3444",0,0,0,1,3,2,1,2,4
"3445",0,0,0,0,2,2,3,3,3
"3446",0,0,0,0,4,4,2,0,3
"3447",0,0,0,1,0,0,1,2,5
"3448",0,0,0,1,3,2,2,0,1
"3449",0,0,0,2,4,1,3,2,3
"3450",0,0,0,4,2,1,2,2,0
"3451",0,0,0,4,3,2,3,2,3
"3452",0,0,0,2,1,1,0,2,2
"3453",0,0,0,2,2,3,0,4,2
"3454",0,0,0,1,3,3,0,3,1
"3455",0,0,0,1,4,7,1,1,0
"3456",0,0,0,4,1,2,5,1,2
"3457",0,0,0,1,1,4,1,1,2
"3458",0,0,0,2,5,2,2,1,1
"3459",0,0,0,3,5,0,2,3,1
"3460",0,0,0,2,0,3,2,2,4
"3461",0,0,0,0,1,2,0,1,2
"3462",0,0,0,2,1,2,2,1,2
"3463",0,0,0,2,5,3,1,0,6
"3464",0,0,0,3,0,4,1,0,3
"3465",0,0,0,5,5,2,1,2,4
"3466",0,0,0,2,7,3,0,4,2
"3467",0,0,0,0,1,2,1,0,2
"3468",0,0,0,2,0,0,1,1,0
"3469",0,0,0,1,0,4,2,5,0
"3470",0,0,0,4,0,2,1,2,0
"3471",0,0,0,2,5,1,4,2,1
"3472",0,0,0,0,2,1,0,1,7
"3473",0,0,0,3,2,0,3,2,2
"3474",0,0,0,0,2,5,1,5,2
"3475",0,0,0,4,0,2,3,1,2
"3476",0,0,0,1,3,2,5,2,3
"3477",0,0,0,2,2,1,3,3,4
"3478",0,0,0,6,0,1,3,2,2
"3479",0,0,0,3,1,3,6,0,2
"3480",0,0,0,2,2,2,4,1,1
"3481",0,0,0,0,0,0,3,3,3
"3482",0,0,0,1,4,3,1,3,1
"3483",0,0,0,4,1,2,0,1,2
"3484",0,0,0,3,3,2,3,2,3
"3485",0,0,0,0,0,4,2,0,5
"3486",0,0,0,0,3,2,3,2,2
"3487",0,0,0,2,2,4,1,0,2
"3488",0,0,0,2,1,3,2,2,2
"3489",0,0,0,4,2,1,1,2,1
"3490",0,0,0,0,1,5,2,1,1
"3491",0,0,0,4,4,1,2,1,3
"3492",0,0,0,1,4,1,0,0,1
"3493",0,0,0,6,1,1,1,2,3
"3494",0,0,0,3,4,2,1,1,4
"3495",0,0,0,1,5,4,0,0,1
"3496",0,0,0,3,4,0,1,1,1
"3497",0,0,0,4,0,5,3,1,2
"3498",0,0,0,3,5,1,2,2,1
"3499",0,0,0,2,1,2,2,3,1
"3500",0,0,0,2,2,2,1,1,5
"3501",0,0,0,2,4,2,3,2,0
"3502",0,0,0,0,5,1,3,2,1
"3503",0,0,0,4,1,1,2,0,0
"3504",0,0,0,3,1,0,1,3,3
"3505",0,0,0,4,1,1,2,3,2
"3506",0,0,0,0,4,2,1,1,1
"3507",0,0,0,0,4,0,4,3,1
"3508",0,0,0,6,0,0,1,5,1
"3509",0,0,0,3,2,3,2,0,0
"3510",0,0,0,5,2,2,4,2,2
"3511",0,0,0,3,3,1,3,0,2
"3512",0,0,0,4,2,2,0,2,3
"3513",0,0,0,2,2,3,3,3,3
"3514",0,0,0,4,2,4,2,2,1
"3515",0,0,0,2,4,1,2,3,1
"3516",0,0,0,2,3,5,2,2,2
"3517",0,0,0,2,3,3,1,3,1
"3518",0,0,0,4,1,2,2,2,1
"3519",0,0,0,3,3,2,2,2,3
"3520",0,0,0,0,1,3,2,2,0
"3521",0,0,0,3,4,2,3,1,1
"3522",0,0,0,2,2,5,1,3,3
"3523",0,0,0,4,2,1,2,3,0
"3524",0,0,0,3,1,2,4,1,0
"3525",0,0,0,4,1,5,0,1,1
"3526",0,0,0,3,4,0,3,2,1
"3527",0,0,0,3,4,3,0,1,2
"3528",0,0,0,3,3,2,3,3,0
"3529",0,0,0,5,2,0,0,1,2
"3530",0,0,0,3,3,2,3,3,0
"3531",0,0,0,2,1,2,2,1,3
"3532",0,0,0,3,2,1,2,4,4
"3533",0,0,0,0,0,1,1,3,5
"3534",0,0,0,1,4,0,1,5,4
"3535",0,0,0,2,2,2,3,2,1
"3536",0,0,0,2,3,3,2,0,2
"3537",0,0,0,1,5,1,2,2,1
"3538",0,0,0,4,2,1,3,0,1
"3539",0,0,0,2,0,1,0,3,1
"3540",0,0,0,2,0,1,1,0,5
"3541",0,0,0,1,2,1,1,4,4
"3542",0,0,0,0,3,3,3,1,2
"3543",0,0,0,3,3,1,1,3,2
"3544",0,0,0,3,4,2,1,3,0
"3545",0,0,0,3,2,0,2,1,2
"3546",0,0,0,2,0,2,4,1,1
"3547",0,0,0,4,0,3,2,3,3
"3548",0,0,0,4,3,3,2,0,1
"3549",0,0,0,2,3,3,2,1,1
"3550",0,0,0,1,2,1,0,1,4
"3551",0,0,0,4,1,4,2,4,3
"3552",0,0,0,2,2,2,1,1,3
"3553",0,0,0,4,2,1,2,3,1
"3554",0,0,0,1,1,2,1,1,4
"3555",0,0,0,3,1,4,6,2,4
"3556",0,0,0,6,3,1,2,6,3
"3557",0,0,0,3,4,1,1,6,3
"3558",0,0,0,3,3,1,3,1,0
"3559",0,0,0,1,1,5,2,0,1
"3560",0,0,0,2,5,2,0,1,2
"3561",0,0,0,2,2,3,2,3,0
"3562",0,0,0,2,2,2,1,2,2
"3563",0,0,0,2,0,1,2,1,3
"3564",0,0,0,0,1,2,2,1,3
"3565",0,0,0,1,0,5,3,2,0
"3566",0,0,0,1,3,3,4,1,2
"3567",0,0,0,3,0,1,6,4,2
"3568",0,0,0,1,2,0,5,4,1
"3569",0,0,0,0,0,2,3,1,2
"3570",0,0,0,4,3,4,2,0,0
"3571",0,0,0,0,0,3,0,4,0
"3572",0,0,0,0,4,2,0,3,2
"3573",0,0,0,3,3,2,1,3,1
"3574",0,0,0,6,0,1,1,2,4
"3575",0,0,0,1,2,3,1,1,1
"3576",0,0,0,4,2,3,5,2,3
"3577",0,0,0,2,2,3,2,3,4
"3578",0,0,0,3,1,2,4,1,1
"3579",0,0,0,2,2,1,1,1,1
"3580",0,0,0,4,4,2,1,2,0
"3581",0,0,0,4,0,2,3,1,0
"3582",0,0,0,2,5,0,0,2,0
"3583",0,0,0,2,2,1,1,0,3
"3584",0,0,0,4,1,2,1,2,4
"3585",0,0,0,5,0,2,1,2,1
"3586",0,0,0,0,2,0,2,0,1
"3587",0,0,0,3,1,4,1,1,1
"3588",0,0,0,1,1,1,0,4,1
"3589",0,0,0,1,1,1,1,3,0
"3590",0,0,0,1,2,4,1,1,3
"3591",0,0,0,6,4,3,0,3,0
"3592",0,0,0,2,3,1,1,3,2
"3593",0,0,0,6,2,2,3,2,1
"3594",0,0,0,2,3,0,1,3,0
"3595",0,0,0,1,4,4,3,1,1
"3596",0,0,0,2,2,1,2,3,1
"3597",0,0,0,1,0,1,3,3,4
"3598",0,0,0,4,3,1,2,2,1
"3599",0,0,0,6,0,1,6,0,1
"3600",0,0,0,3,1,2,0,1,2
"3601",0,0,0,0,2,0,4,2,2
"3602",0,0,0,3,3,3,3,2,0
"3603",0,0,0,3,1,1,1,3,3
"3604",0,0,0,1,5,4,2,2,1
"3605",0,0,0,2,0,3,2,2,3
"3606",0,0,0,1,0,3,3,0,4
"3607",0,0,0,1,4,1,2,1,5
"3608",0,0,0,1,5,1,1,1,1
"3609",0,0,0,2,4,1,1,0,0
"3610",0,0,0,5,0,3,4,1,3
"3611",0,0,0,1,4,2,4,3,3
"3612",0,0,0,1,3,1,2,1,1
"3613",0,0,0,3,2,1,6,3,2
"3614",0,0,0,0,2,0,2,2,1
"3615",0,0,0,4,1,1,0,3,1
"3616",0,0,0,3,2,1,1,1,1
"3617",0,0,0,3,4,3,0,4,1
"3618",0,0,0,2,2,1,1,3,2
"3619",0,0,0,5,2,2,4,1,3
"3620",0,0,0,2,0,4,4,0,2
"3621",0,0,0,3,4,1,4,3,0
"3622",0,0,0,5,1,1,3,1,2
"3623",0,0,0,2,0,3,1,2,1
"3624",0,0,0,3,3,2,2,1,1
"3625",0,0,0,2,4,4,4,1,0
"3626",0,0,0,0,0,1,1,5,0
"3627",0,0,0,1,1,1,0,2,4
"3628",0,0,0,1,1,0,4,3,0
"3629",0,0,0,2,0,1,1,2,1
"3630",0,0,0,5,1,0,4,0,3
"3631",0,0,0,3,1,4,2,0,0
"3632",0,0,0,2,2,0,3,0,1
"3633",0,0,0,0,4,1,1,3,5
"3634",0,0,0,3,2,2,3,1,3
"3635",0,0,0,2,1,3,1,2,2
"3636",0,0,0,0,2,2,1,1,5
"3637",0,0,0,3,3,2,4,3,4
"3638",0,0,0,3,0,2,3,0,2
"3639",0,0,0,1,0,3,0,2,0
"3640",0,0,0,1,0,1,1,2,3
"3641",0,0,0,3,0,1,1,2,3
"3642",0,0,0,1,3,2,3,2,1
"3643",0,0,0,0,5,3,2,2,1
"3644",0,0,0,0,0,4,2,0,1
"3645",0,0,0,0,1,3,1,2,2
"3646",0,0,0,2,2,2,2,0,3
"3647",0,0,0,0,2,0,0,1,1
"3648",0,0,0,4,3,4,1,3,3
"3649",0,0,0,4,1,2,3,2,0
"3650",0,0,0,4,0,2,2,1,3
"3651",0,0,0,2,2,4,0,2,0
"3652",0,0,0,1,1,5,0,4,1
"3653",0,0,0,1,2,1,3,0,2
"3654",0,0,0,2,2,2,2,0,2
"3655",0,0,0,2,4,2,3,2,2
"3656",0,0,0,4,2,2,4,1,0
"3657",0,0,0,2,2,1,2,6,5
"3658",0,0,0,3,2,1,2,4,1
"3659",0,0,0,1,2,1,1,1,4
"3660",0,0,0,3,1,3,2,2,3
"3661",0,0,0,1,0,3,3,1,1
"3662",0,0,0,2,3,3,2,1,4
"3663",0,0,0,1,1,3,0,4,2
"3664",0,0,0,2,4,4,3,2,3
"3665",0,0,0,3,2,3,3,0,0
"3666",0,0,0,3,2,2,3,2,0
"3667",0,0,0,3,2,1,0,1,4
"3668",0,0,0,3,2,2,0,0,0
"3669",0,0,0,1,1,4,0,2,4
"3670",0,0,0,4,2,4,0,4,2
"3671",0,0,0,1,1,1,2,2,1
"3672",0,0,0,7,3,0,2,2,2
"3673",0,0,0,4,2,4,3,2,2
"3674",0,0,0,6,1,1,3,1,5
"3675",0,0,0,2,2,1,4,2,2
"3676",0,0,0,0,2,2,1,2,2
"3677",0,0,0,3,1,3,3,0,1
"3678",0,0,0,2,0,2,2,0,3
"3679",0,0,0,2,3,1,4,0,1
"3680",0,0,0,4,0,1,1,5,1
"3681",0,0,0,0,2,1,2,1,2
"3682",0,0,0,1,5,2,1,2,3
"3683",0,0,0,3,4,1,2,1,4
"3684",0,0,0,1,1,2,1,5,1
"3685",0,0,0,3,3,0,1,3,1
"3686",0,0,0,5,0,1,5,0,2
"3687",0,0,0,2,0,1,3,2,5
"3688",0,0,0,1,3,3,1,5,3
"3689",0,0,0,2,5,2,0,1,1
"3690",0,0,0,1,0,4,4,4,0
"3691",0,0,0,2,3,1,2,3,2
"3692",0,0,0,4,2,2,1,0,0
"3693",0,0,0,1,5,2,0,4,1
"3694",0,0,0,3,3,1,4,2,1
"3695",0,0,0,1,2,3,4,4,1
"3696",0,0,0,0,2,3,2,2,1
"3697",0,0,0,2,4,3,2,2,5
"3698",0,0,0,1,5,0,0,2,2
"3699",NA,NA,NA,NA,NA,NA,NA,NA,NA
"3700",0,0,0,3,2,2,1,2,1
"3701",0,0,0,2,3,3,3,3,1
"3702",0,0,0,3,3,1,2,4,2
"3703",0,0,0,4,2,1,2,2,3
"3704",0,0,0,3,5,3,4,1,3
"3705",0,0,0,0,2,5,2,0,2
"3706",0,0,0,4,2,0,6,1,0
"3707",0,0,0,3,4,4,1,1,1
"3708",0,0,0,0,1,3,5,1,3
"3709",0,0,0,1,3,1,0,4,2
"3710",0,0,0,6,2,1,0,1,3
"3711",0,0,0,1,2,3,1,1,2
"3712",0,0,0,0,1,4,0,2,1
"3713",0,0,0,4,1,0,4,2,4
"3714",0,0,0,2,0,2,3,2,0
"3715",0,0,0,2,1,3,1,0,2
"3716",0,0,0,4,3,3,0,0,4
"3717",0,0,0,5,0,1,1,4,5
"3718",0,0,0,6,0,1,0,1,1
"3719",0,0,0,2,4,2,2,1,1
"3720",0,0,0,0,2,3,4,1,2
"3721",0,0,0,0,2,1,2,3,0
"3722",0,0,0,4,1,1,1,2,3
"3723",0,0,0,3,3,2,3,0,0
"3724",0,0,0,3,2,1,3,4,2
"3725",0,0,0,0,1,3,1,3,1
"3726",0,0,0,1,1,2,4,1,1
"3727",0,0,0,2,2,3,2,3,1
"3728",0,0,0,2,2,2,3,1,2
"3729",0,0,0,3,3,0,0,3,2
"3730",0,0,0,1,5,0,0,1,1
"3731",0,0,0,4,1,1,4,5,2
"3732",0,0,0,1,4,4,3,2,0
"3733",0,0,0,2,6,1,2,3,0
"3734",0,0,0,2,1,2,1,1,4
"3735",0,0,0,2,3,3,2,1,3
"3736",0,0,0,1,2,3,3,2,2
"3737",0,0,0,2,2,2,1,1,1
"3738",0,0,0,1,1,2,0,0,3
"3739",0,0,0,0,1,1,3,0,1
"3740",0,0,0,0,3,3,1,4,3
"3741",0,0,0,3,1,5,1,1,1
"3742",0,0,0,0,2,2,0,1,2
"3743",0,0,0,2,3,1,3,3,1
"3744",0,0,0,3,1,2,4,0,2
"3745",0,0,0,2,2,3,3,1,1
"3746",0,0,0,3,1,1,2,2,4
"3747",0,0,0,0,1,1,1,5,1
"3748",0,0,0,2,5,1,0,3,1
"3749",0,0,0,4,2,4,0,4,3
"3750",0,0,0,1,2,1,2,2,2
"3751",0,0,0,1,4,3,2,2,2
"3752",0,0,0,1,1,1,1,3,0
"3753",0,0,0,0,1,0,3,3,3
"3754",0,0,0,2,2,1,3,0,1
"3755",0,0,0,3,6,2,2,4,1
"3756",0,0,0,1,1,2,3,4,2
"3757",0,0,0,0,2,3,4,1,2
"3758",0,0,0,1,2,0,2,1,1
"3759",0,0,0,4,1,0,2,3,1
"3760",0,0,0,1,3,0,2,4,4
"3761",0,0,0,2,0,4,0,2,0
"3762",0,0,0,0,3,5,0,1,2
"3763",0,0,0,5,0,2,2,4,3
"3764",0,0,0,2,2,2,0,1,3
"3765",0,0,0,2,1,2,4,0,3
"3766",0,0,0,1,1,1,0,2,3
"3767",0,0,0,3,3,4,1,1,3
"3768",0,0,0,2,4,2,1,3,1
"3769",0,0,0,1,4,2,2,1,3
"3770",0,0,0,0,4,1,1,1,1
"3771",0,0,0,1,2,1,2,4,1
"3772",0,0,0,5,2,3,0,5,2
"3773",0,0,0,2,1,1,2,1,1
"3774",0,0,0,2,3,2,2,3,0
"3775",0,0,0,3,3,0,4,1,1
"3776",0,0,0,2,2,1,1,1,1
"3777",NA,NA,NA,NA,NA,NA,NA,NA,NA
"3778",0,0,0,1,5,1,3,2,3
"3779",0,0,0,1,3,2,1,2,1
"3780",0,0,0,4,1,0,3,5,2
"3781",0,0,0,6,1,3,2,1,0
"3782",0,0,0,1,2,7,3,0,2
"3783",0,0,0,1,8,3,2,2,1
"3784",0,0,0,2,1,5,3,2,0
"3785",0,0,0,3,3,2,4,2,0
"3786",0,0,0,1,4,2,3,2,2
"3787",0,0,0,4,0,2,1,2,5
"3788",0,0,0,2,5,4,1,2,2
"3789",0,0,0,1,1,1,2,2,3
"3790",0,0,0,0,1,1,2,3,6
"3791",0,0,0,4,1,2,2,3,3
"3792",0,0,0,1,3,3,3,4,1
"3793",0,0,0,1,1,1,2,3,1
"3794",0,0,0,1,3,5,0,3,1
"3795",0,0,0,3,2,2,1,0,1
"3796",0,0,0,2,3,2,3,3,2
"3797",0,0,0,7,2,3,2,1,1
"3798",0,0,0,1,3,1,2,2,3
"3799",0,0,0,3,3,2,1,1,1
"3800",0,0,0,4,3,0,1,1,1
"3801",0,0,0,1,4,2,1,0,2
"3802",0,0,0,3,2,2,5,2,1
"3803",0,0,0,2,0,3,2,3,5
"3804",0,0,0,3,4,1,3,0,6
"3805",0,0,0,0,2,3,1,1,2
"3806",0,0,0,2,1,4,2,2,2
"3807",0,0,0,1,6,3,3,4,2
"3808",0,0,0,3,3,0,1,0,1
"3809",0,0,0,3,3,2,0,3,3
"3810",0,0,0,1,3,2,0,1,2
"3811",0,0,0,0,5,2,4,3,0
"3812",0,0,0,0,2,5,4,0,1
"3813",0,0,0,1,1,1,1,1,1
"3814",0,0,0,4,2,1,0,1,2
"3815",0,0,0,3,0,0,4,2,1
"3816",0,0,0,3,1,3,1,0,3
"3817",0,0,0,3,1,4,1,0,3
"3818",0,0,0,1,4,1,2,1,4
"3819",0,0,0,2,0,2,4,3,3
"3820",0,0,0,1,5,3,1,3,1
"3821",0,0,0,3,0,3,5,1,1
"3822",0,0,0,2,1,1,4,1,3
"3823",0,0,0,4,3,2,3,2,1
"3824",0,0,0,7,2,0,3,5,1
"3825",0,0,0,2,4,1,2,0,1
"3826",0,0,0,0,4,5,4,2,2
"3827",0,0,0,2,5,3,2,3,1
"3828",0,0,0,0,0,3,7,2,1
"3829",0,0,0,1,1,1,1,3,1
"3830",0,0,0,3,5,2,0,1,0
"3831",0,0,0,2,3,1,2,1,1
"3832",0,0,0,2,0,5,5,1,4
"3833",0,0,0,2,0,0,3,1,5
"3834",0,0,0,1,2,2,4,0,2
"3835",0,0,0,1,0,2,2,1,2
"3836",0,0,0,0,1,3,3,4,1
"3837",0,0,0,2,1,2,1,3,2
"3838",0,0,0,3,3,2,0,3,1
"3839",0,0,0,3,3,2,2,1,1
"3840",0,0,0,1,3,0,2,1,5
"3841",0,0,0,2,4,1,2,2,1
"3842",0,0,0,0,3,3,1,2,3
"3843",0,0,0,7,3,3,2,1,3
"3844",0,0,0,3,0,3,3,1,0
"3845",0,0,0,4,1,1,1,3,3
"3846",0,0,0,3,3,4,0,2,1
"3847",0,0,0,1,2,2,1,1,0
"3848",0,0,0,2,3,4,1,2,1
"3849",0,0,0,3,1,0,1,3,3
"3850",0,0,0,4,5,1,0,1,1
"3851",0,0,0,5,1,5,1,6,2
"3852",0,0,0,1,0,2,1,0,7
"3853",0,0,0,4,1,3,1,2,4
"3854",0,0,0,3,2,3,4,1,0
"3855",0,0,0,3,1,1,2,1,0
"3856",0,0,0,1,2,2,1,4,3
"3857",0,0,0,1,2,3,2,4,0
"3858",0,0,0,3,2,3,3,1,1
"3859",0,0,0,2,2,1,4,2,1
"3860",0,0,0,3,2,2,3,1,2
"3861",0,0,0,2,3,3,5,3,1
"3862",0,0,0,2,0,3,4,1,1
"3863",0,0,0,3,2,2,1,5,3
"3864",0,0,0,3,1,2,7,5,3
"3865",0,0,0,1,1,1,4,3,2
"3866",0,0,0,4,2,3,3,1,2
"3867",0,0,0,2,3,3,3,0,3
"3868",0,0,0,2,1,3,3,2,2
"3869",0,0,0,0,3,2,1,0,2
"3870",0,0,0,1,1,3,1,0,3
"3871",0,0,0,1,3,3,3,3,2
"3872",0,0,0,2,4,4,3,0,2
"3873",0,0,0,1,1,0,4,2,3
"3874",0,0,0,2,0,3,1,2,3
"3875",0,0,0,0,4,3,2,1,1
"3876",0,0,0,2,2,1,3,1,1
"3877",0,0,0,2,4,4,3,1,2
"3878",0,0,0,2,3,2,0,2,2
"3879",0,0,0,1,4,0,3,3,3
"3880",0,0,0,2,2,1,0,0,2
"3881",0,0,0,6,0,2,3,1,1
"3882",0,0,0,2,5,5,1,0,0
"3883",0,0,0,1,0,6,2,2,1
"3884",0,0,0,2,4,2,2,2,2
"3885",0,0,0,4,4,1,1,3,3
"3886",0,0,0,1,3,1,2,4,1
"3887",0,0,0,1,1,1,1,2,0
"3888",0,0,0,1,2,3,0,3,2
"3889",0,0,0,0,4,1,1,1,3
"3890",0,0,0,3,2,0,0,4,1
"3891",0,0,0,1,2,1,3,1,1
"3892",0,0,0,3,3,0,2,3,2
"3893",0,0,0,1,2,3,1,2,2
"3894",0,0,0,1,2,2,2,0,0
"3895",0,0,0,1,0,3,1,1,2
"3896",0,0,0,2,2,0,1,1,2
"3897",0,0,0,2,0,2,1,1,2
"3898",0,0,0,4,1,2,1,1,2
"3899",0,0,0,4,2,2,1,1,3
"3900",0,0,0,1,2,0,4,1,1
"3901",0,0,0,2,2,4,3,2,1
"3902",0,0,0,4,2,2,1,2,1
"3903",0,0,0,3,0,2,2,6,1
"3904",0,0,0,0,3,1,2,2,1
"3905",0,0,0,1,4,4,2,4,2
"3906",0,0,0,4,1,4,1,4,3
"3907",0,0,0,1,4,0,3,0,2
"3908",0,0,0,5,2,3,0,5,2
"3909",0,0,0,3,4,2,0,3,1
"3910",0,0,0,5,1,1,4,0,2
"3911",0,0,0,1,2,1,3,2,4
"3912",0,0,0,0,1,5,2,2,2
"3913",0,0,0,1,2,6,2,0,0
"3914",0,0,0,1,1,0,1,4,1
"3915",0,0,0,3,5,2,2,0,3
"3916",0,0,0,3,2,0,2,5,1
"3917",0,0,0,0,1,1,0,5,1
"3918",0,0,0,1,3,2,5,2,4
"3919",0,0,0,1,3,4,1,4,0
"3920",0,0,0,3,3,1,5,0,2
"3921",0,0,0,4,3,2,2,1,3
"3922",0,0,0,2,5,3,0,2,1
"3923",0,0,0,4,2,4,4,1,2
"3924",0,0,0,2,3,3,1,3,0
"3925",0,0,0,4,2,1,2,0,2
"3926",0,0,0,1,1,3,1,1,2
"3927",0,0,0,1,2,5,2,3,3
"3928",0,0,0,1,3,1,0,1,1
"3929",0,0,0,2,0,1,4,1,3
"3930",0,0,0,5,0,0,1,0,0
"3931",0,0,0,3,2,4,0,2,0
"3932",0,0,0,3,4,1,1,4,1
"3933",0,0,0,2,2,3,0,5,1
"3934",0,0,0,2,5,2,2,3,4
"3935",0,0,0,1,1,0,3,3,3
"3936",0,0,0,2,3,3,0,0,2
"3937",0,0,0,0,2,4,1,2,3
"3938",0,0,0,3,1,5,1,1,2
"3939",0,0,0,3,2,2,5,3,2
"3940",0,0,0,1,3,2,3,0,3
"3941",0,0,0,4,1,3,1,3,3
"3942",0,0,0,3,2,2,4,1,3
"3943",0,0,0,1,4,0,1,0,2
"3944",0,0,0,0,3,2,5,1,2
"3945",0,0,0,2,4,2,0,2,2
"3946",0,0,0,3,2,0,1,3,2
"3947",0,0,0,2,3,2,2,1,4
"3948",0,0,0,3,2,5,0,0,3
"3949",0,0,0,1,2,2,2,5,2
"3950",0,0,0,1,2,1,1,3,5
"3951",0,0,0,4,1,3,2,1,3
"3952",0,0,0,2,1,2,0,1,3
"3953",0,0,0,4,1,2,2,0,1
"3954",0,0,0,0,1,2,1,2,2
"3955",0,0,0,5,0,1,0,1,4
"3956",0,0,0,0,3,1,2,1,2
"3957",0,0,0,0,2,1,5,1,2
"3958",0,0,0,3,3,4,2,1,3
"3959",0,0,0,1,3,2,2,1,0
"3960",0,0,0,0,1,2,0,4,0
"3961",0,0,0,3,2,0,5,0,3
"3962",0,0,0,4,0,1,3,5,2
"3963",0,0,0,4,2,3,3,2,2
"3964",0,0,0,0,0,3,3,1,3
"3965",0,0,0,2,2,1,4,1,1
"3966",0,0,0,4,0,1,1,2,1
"3967",0,0,0,3,2,4,3,1,1
"3968",0,0,0,3,4,0,2,2,2
"3969",0,0,0,3,6,0,2,2,2
"3970",0,0,0,2,3,3,1,0,3
"3971",0,0,0,2,6,2,2,4,0
"3972",0,0,0,2,3,2,1,2,1
"3973",0,0,0,1,1,1,1,3,3
"3974",0,0,0,2,6,2,2,1,0
"3975",0,0,0,1,3,4,1,3,3
"3976",0,0,0,2,4,6,2,2,3
"3977",0,0,0,3,3,1,2,1,1
"3978",0,0,0,1,2,0,4,4,1
"3979",0,0,0,3,3,1,1,1,0
"3980",0,0,0,2,1,2,3,4,2
"3981",0,0,0,0,3,2,2,6,1
"3982",0,0,0,2,3,1,1,0,2
"3983",0,0,0,2,3,3,1,1,5
"3984",0,0,0,1,3,2,3,4,2
"3985",0,0,0,1,4,1,3,0,2
"3986",0,0,0,3,1,4,4,2,0
"3987",0,0,0,3,0,1,3,3,3
"3988",0,0,0,3,3,2,4,4,2
"3989",0,0,0,2,0,2,3,1,1
"3990",0,0,0,2,3,2,2,2,0
"3991",0,0,0,2,2,0,0,6,0
"3992",0,0,0,0,3,2,1,1,5
"3993",0,0,0,4,3,1,1,2,3
"3994",0,0,0,3,2,5,2,2,2
"3995",0,0,0,1,0,4,6,1,1
"3996",0,0,0,2,1,2,2,0,2
"3997",0,0,0,0,5,0,3,0,0
"3998",0,0,0,2,1,3,2,1,4
"3999",0,0,0,3,1,1,1,1,1
"4000",0,0,0,0,6,0,1,4,5
"4001",0,0,0,3,1,2,0,4,3
"4002",0,0,0,4,1,4,3,1,1
"4003",0,0,0,0,2,2,3,3,2
"4004",0,0,0,4,2,2,1,1,4
"4005",0,0,0,3,2,5,4,1,2
"4006",0,0,0,3,1,1,1,2,4
"4007",0,0,0,4,2,2,3,0,3
"4008",0,0,0,3,5,0,1,2,2
"4009",0,0,0,3,3,3,2,2,1
"4010",0,0,0,2,5,3,0,1,1
"4011",0,0,0,2,0,3,0,2,2
"4012",0,0,0,2,2,1,2,1,2
"4013",0,0,0,4,4,1,1,2,2
"4014",0,0,0,3,0,2,3,1,0
"4015",0,0,0,1,1,3,2,3,2
"4016",0,0,0,5,0,1,2,0,2
"4017",0,0,0,2,1,0,2,3,1
"4018",0,0,0,5,3,0,1,2,4
"4019",0,0,0,4,4,0,3,2,0
"4020",0,0,0,1,6,2,1,1,3
"4021",0,0,0,4,3,5,2,3,0
"4022",0,0,0,2,4,1,2,2,2
"4023",0,0,0,4,1,1,3,1,1
"4024",0,0,0,3,2,3,4,1,2
"4025",0,0,0,3,2,1,0,1,1
"4026",0,0,0,1,1,2,1,3,3
"4027",0,0,0,5,2,2,1,1,3
"4028",0,0,0,1,1,4,3,2,5
"4029",0,0,0,1,1,2,0,2,2
"4030",0,0,0,4,3,1,3,0,0
"4031",0,0,0,1,4,3,0,2,3
"4032",0,0,0,1,4,5,1,2,1
"4033",0,0,0,4,3,1,1,2,3
"4034",0,0,0,1,3,5,0,1,2
"4035",0,0,0,1,4,4,7,0,1
"4036",0,0,0,3,2,4,1,2,3
"4037",0,0,0,2,1,1,1,1,0
"4038",0,0,0,0,1,1,2,1,1
"4039",0,0,0,0,2,1,2,0,2
"4040",0,0,0,2,1,1,1,3,3
"4041",0,0,0,3,0,2,3,3,3
"4042",0,0,0,4,2,2,1,5,1
"4043",0,0,0,3,1,2,3,2,5
"4044",0,0,0,3,7,2,2,3,1
"4045",0,0,0,4,0,2,2,2,1
"4046",0,0,0,4,1,1,4,1,1
"4047",0,0,0,3,0,1,6,1,1
"4048",0,0,0,1,0,3,6,2,4
"4049",0,0,0,3,7,2,1,1,3
"4050",0,0,0,4,1,3,4,2,3
"4051",0,0,0,1,1,2,6,0,2
"4052",0,0,0,3,2,1,4,0,3
"4053",0,0,0,0,3,1,1,2,0
"4054",0,0,0,2,0,2,3,3,2
"4055",0,0,0,2,3,1,3,3,5
"4056",0,0,0,1,5,1,1,4,0
"4057",0,0,0,2,2,1,1,2,2
"4058",0,0,0,2,0,4,3,7,6
"4059",0,0,0,3,4,2,1,2,1
"4060",0,0,0,8,0,1,1,1,1
"4061",0,0,0,3,4,1,1,4,3
"4062",0,0,0,2,2,1,1,2,2
"4063",0,0,0,2,3,4,0,1,0
"4064",0,0,0,3,0,4,2,2,2
"4065",0,0,0,2,3,3,0,2,4
"4066",0,0,0,4,0,3,1,1,0
"4067",0,0,0,2,2,2,2,2,1
"4068",0,0,0,2,0,1,1,1,1
"4069",NA,NA,NA,NA,NA,NA,NA,NA,NA
"4070",0,0,0,1,2,3,2,2,1
"4071",0,0,0,3,4,2,2,6,4
"4072",0,0,0,2,2,3,1,0,3
"4073",0,0,0,3,2,1,0,2,1
"4074",0,0,0,1,2,1,4,2,3
"4075",0,0,0,0,2,1,5,4,2
"4076",0,0,0,4,4,3,0,1,1
"4077",0,0,0,5,1,0,2,1,0
"4078",0,0,0,1,1,1,2,4,1
"4079",0,0,0,2,1,1,1,0,3
"4080",0,0,0,1,0,0,2,1,1
"4081",0,0,0,1,2,3,2,2,2
"4082",0,0,0,6,1,0,1,0,0
"4083",0,0,0,2,4,1,3,2,2
"4084",0,0,0,1,2,2,3,3,0
"4085",0,0,0,6,0,1,4,3,2
"4086",0,0,0,2,3,0,2,0,3
"4087",0,0,0,4,1,3,1,0,2
"4088",0,0,0,1,3,1,3,1,1
"4089",0,0,0,4,3,1,1,2,1
"4090",0,0,0,2,1,2,0,2,1
"4091",0,0,0,4,0,2,3,1,2
"4092",0,0,0,1,1,4,2,2,0
"4093",0,0,0,3,1,4,0,6,3
"4094",0,0,0,2,5,1,2,2,0
"4095",0,0,0,3,6,2,3,1,1
"4096",0,0,0,2,2,6,1,3,1
"4097",0,0,0,1,2,4,0,1,1
"4098",0,0,0,2,2,1,1,2,2
"4099",0,0,0,1,1,2,1,0,1
"4100",0,0,0,1,2,4,1,6,1
"4101",0,0,0,4,3,1,5,3,2
"4102",0,0,0,1,1,3,3,2,1
"4103",0,0,0,1,2,1,3,1,2
"4104",0,0,0,5,2,4,4,1,0
"4105",0,0,0,1,0,2,3,3,3
"4106",0,0,0,2,2,3,3,2,1
"4107",0,0,0,2,4,2,3,2,3
"4108",0,0,0,5,4,4,1,1,2
"4109",0,0,0,7,2,2,3,3,1
"4110",0,0,0,1,2,4,0,0,3
"4111",0,0,0,2,5,3,2,1,0
"4112",0,0,0,4,4,3,2,1,0
"4113",0,0,0,4,5,0,1,2,1
"4114",0,0,0,5,2,3,2,1,3
"4115",0,0,0,3,1,2,3,3,1
"4116",0,0,0,3,1,3,1,4,2
"4117",0,0,0,2,0,0,3,3,2
"4118",0,0,0,1,3,3,3,1,0
"4119",0,0,0,1,1,2,1,3,7
"4120",0,0,0,1,2,2,3,2,2
"4121",0,0,0,2,6,1,3,1,1
"4122",0,0,0,2,3,3,4,2,2
"4123",0,0,0,8,1,3,0,3,3
"4124",0,0,0,0,1,3,2,2,5
"4125",0,0,0,1,6,3,0,2,3
"4126",0,0,0,1,6,3,2,2,1
"4127",0,0,0,3,1,2,0,3,1
"4128",0,0,0,3,4,3,2,1,3
"4129",0,0,0,2,3,2,1,2,1
"4130",0,0,0,1,2,3,1,0,2
"4131",0,0,0,3,0,2,0,1,3
"4132",0,0,0,4,2,1,0,5,3
"4133",0,0,0,3,1,0,2,1,3
"4134",0,0,0,4,4,3,1,3,0
"4135",0,0,0,1,6,7,0,2,3
"4136",0,0,0,2,3,4,2,0,1
"4137",0,0,0,3,1,2,2,2,0
"4138",0,0,0,2,5,2,3,2,1
"4139",0,0,0,6,3,1,1,0,3
"4140",0,0,0,4,2,0,6,1,4
"4141",0,0,0,1,4,2,3,3,1
"4142",0,0,0,3,2,2,3,2,2
"4143",0,0,0,2,0,1,2,3,1
"4144",0,0,0,2,2,1,1,4,1
"4145",0,0,0,1,4,4,1,0,2
"4146",0,0,0,4,3,4,2,3,0
"4147",0,0,0,2,3,3,2,2,2
"4148",0,0,0,4,2,4,3,2,1
"4149",0,0,0,1,0,3,1,2,2
"4150",0,0,0,5,2,1,2,4,1
"4151",0,0,0,6,0,1,2,6,3
"4152",0,0,0,1,0,0,6,1,3
"4153",0,0,0,4,2,0,0,1,1
"4154",0,0,0,2,6,1,0,3,3
"4155",0,0,0,1,5,5,2,0,1
"4156",0,0,0,2,2,2,0,3,3
"4157",0,0,0,1,3,5,3,5,2
"4158",0,0,0,2,0,3,2,2,0
"4159",0,0,0,2,0,1,2,3,2
"4160",0,0,0,1,4,2,0,2,2
"4161",0,0,0,0,0,1,5,2,3
"4162",0,0,0,1,1,3,6,1,2
"4163",0,0,0,2,1,1,1,3,1
"4164",0,0,0,3,2,1,2,2,1
"4165",0,0,0,6,3,2,2,1,2
"4166",0,0,0,1,1,1,3,4,2
"4167",0,0,0,4,2,1,4,6,2
"4168",0,0,0,2,5,2,2,2,1
"4169",0,0,0,2,1,1,1,0,3
"4170",0,0,0,1,1,3,0,2,1
"4171",0,0,0,1,2,0,1,2,2
"4172",0,0,0,2,1,2,0,5,1
"4173",0,0,0,4,2,4,3,0,0
"4174",0,0,0,0,1,3,1,4,0
"4175",0,0,0,1,0,0,5,0,1
"4176",0,0,0,4,4,1,2,3,0
"4177",0,0,0,3,0,1,1,1,0
"4178",0,0,0,1,3,2,1,3,1
"4179",0,0,0,1,1,3,0,1,0
"4180",0,0,0,4,2,1,4,0,2
"4181",0,0,0,3,0,1,2,4,1
"4182",0,0,0,4,2,3,2,1,2
"4183",0,0,0,0,0,2,6,3,2
"4184",0,0,0,4,4,1,0,1,3
"4185",0,0,0,2,3,0,5,0,3
"4186",0,0,0,3,1,3,1,1,1
"4187",0,0,0,2,2,0,2,3,1
"4188",0,0,0,5,1,2,1,2,4
"4189",0,0,0,3,3,3,1,1,4
"4190",0,0,0,6,4,0,1,5,3
"4191",0,0,0,3,2,1,3,1,3
"4192",0,0,0,4,1,2,1,1,1
"4193",0,0,0,0,1,4,4,2,0
"4194",0,0,0,1,1,1,0,2,1
"4195",0,0,0,0,2,0,2,3,2
"4196",0,0,0,2,2,2,4,0,1
"4197",0,0,0,3,3,2,4,1,1
"4198",0,0,0,2,2,0,1,2,1
"4199",0,0,0,3,1,0,3,3,4
"4200",0,0,0,2,1,2,5,1,3
"4201",0,0,0,2,1,4,2,4,4
"4202",0,0,0,3,1,1,3,0,3
"4203",0,0,0,1,0,1,2,2,1
"4204",0,0,0,5,1,1,4,0,2
"4205",0,0,0,2,3,2,2,1,2
"4206",0,0,0,5,2,1,3,3,3
"4207",0,0,0,2,3,3,1,2,2
"4208",0,0,0,4,2,2,2,3,3
"4209",0,0,0,0,1,3,1,3,2
"4210",0,0,0,4,0,1,1,2,1
"4211",0,0,0,2,3,2,0,3,3
"4212",0,0,0,0,1,3,1,2,3
"4213",0,0,0,1,0,3,1,2,3
"4214",0,0,0,3,3,0,2,1,2
"4215",0,0,0,3,1,5,1,2,1
"4216",0,0,0,5,2,4,1,1,2
"4217",0,0,0,3,1,1,2,4,1
"4218",0,0,0,0,3,3,3,3,0
"4219",0,0,0,3,1,4,2,2,3
"4220",0,0,0,1,3,1,0,0,2
"4221",0,0,0,1,1,1,5,3,2
"4222",0,0,0,3,2,1,4,1,3
"4223",0,0,0,4,4,2,4,2,0
"4224",0,0,0,3,0,1,3,1,1
"4225",0,0,0,3,2,2,2,3,0
"4226",0,0,0,1,5,2,3,3,1
"4227",0,0,0,4,1,1,3,5,4
"4228",0,0,0,4,5,5,3,2,0
"4229",0,0,0,0,4,1,3,4,3
"4230",0,0,0,0,3,2,0,3,2
"4231",0,0,0,2,2,4,3,1,4
"4232",0,0,0,2,2,0,2,2,2
"4233",0,0,0,2,5,1,1,2,3
"4234",0,0,0,1,3,3,2,0,1
"4235",0,0,0,3,6,1,2,2,2
"4236",0,0,0,2,6,0,1,2,2
"4237",0,0,0,3,0,3,2,3,1
"4238",0,0,0,4,1,2,1,3,2
"4239",0,0,0,0,2,2,3,4,4
"4240",0,0,0,0,1,1,1,1,3
"4241",0,0,0,4,1,0,1,1,1
"4242",0,0,0,0,3,1,0,2,1
"4243",0,0,0,2,3,0,5,2,2
"4244",0,0,0,1,2,3,4,3,3
"4245",0,0,0,3,2,2,3,1,3
"4246",0,0,0,2,4,5,2,1,3
"4247",0,0,0,1,2,3,6,2,3
"4248",0,0,0,2,0,0,3,1,1
"4249",0,0,0,3,3,1,2,2,1
"4250",0,0,0,2,5,2,2,4,2
"4251",0,0,0,2,2,1,2,0,2
"4252",0,0,0,2,2,1,0,2,2
"4253",0,0,0,3,3,1,1,3,2
"4254",0,0,0,2,3,2,0,0,1
"4255",0,0,0,2,1,2,1,1,1
"4256",0,0,0,1,3,0,0,2,2
"4257",0,0,0,2,3,1,5,0,2
"4258",0,0,0,1,3,2,1,0,3
"4259",0,0,0,1,4,3,2,0,1
"4260",0,0,0,1,1,2,3,0,2
"4261",0,0,0,1,1,1,2,2,2
"4262",0,0,0,2,0,3,2,2,2
"4263",0,0,0,1,2,3,3,2,2
"4264",0,0,0,1,1,2,1,3,0
"4265",0,0,0,1,3,1,3,2,1
"4266",0,0,0,1,0,2,2,2,2
"4267",0,0,0,4,4,4,1,4,3
"4268",0,0,0,2,3,0,0,2,3
"4269",0,0,0,2,1,2,1,2,0
"4270",0,0,0,3,3,2,1,1,3
"4271",0,0,0,3,6,3,0,5,1
"4272",0,0,0,4,1,1,3,2,1
"4273",0,0,0,3,1,3,3,1,0
"4274",0,0,0,4,3,1,1,2,4
"4275",0,0,0,2,3,0,3,4,1
"4276",0,0,0,1,1,1,1,1,1
"4277",0,0,0,4,4,1,0,1,3
"4278",0,0,0,3,0,6,3,3,1
"4279",0,0,0,1,2,1,2,4,1
"4280",0,0,0,2,3,0,3,3,5
"4281",0,0,0,5,0,3,3,3,0
"4282",0,0,0,1,0,2,2,0,0
"4283",0,0,0,0,3,0,3,2,1
"4284",0,0,0,4,1,3,3,4,1
"4285",0,0,0,4,3,1,5,0,4
"4286",0,0,0,2,1,2,1,2,1
"4287",0,0,0,2,0,3,3,3,1
"4288",0,0,0,0,2,2,0,2,3
"4289",0,0,0,4,1,0,3,3,2
"4290",0,0,0,2,1,2,2,3,3
"4291",0,0,0,2,2,3,5,3,2
"4292",0,0,0,1,0,2,1,2,0
"4293",0,0,0,1,1,1,3,2,1
"4294",0,0,0,1,0,1,0,1,2
"4295",0,0,0,1,2,5,0,3,3
"4296",0,0,0,3,3,1,2,2,2
"4297",0,0,0,2,3,1,3,1,0
"4298",0,0,0,2,2,2,2,5,1
"4299",0,0,0,2,3,0,0,2,4
"4300",0,0,0,2,1,0,1,3,1
"4301",0,0,0,2,2,3,3,2,4
"4302",0,0,0,2,4,1,2,3,5
"4303",0,0,0,2,2,4,1,4,1
"4304",0,0,0,5,6,0,3,1,3
"4305",0,0,0,2,1,1,1,2,1
"4306",0,0,0,3,2,2,3,3,2
"4307",0,0,0,0,0,1,1,0,2
"4308",0,0,0,1,2,5,3,2,1
"4309",0,0,0,5,3,4,2,2,3
"4310",0,0,0,2,1,2,0,5,1
"4311",0,0,0,1,4,2,2,1,1
"4312",0,0,0,2,3,3,4,1,0
"4313",NA,NA,NA,NA,NA,NA,NA,NA,NA
"4314",0,0,0,1,0,4,2,1,6
"4315",0,0,0,1,1,3,1,1,2
"4316",0,0,0,0,2,2,4,0,6
"4317",0,0,0,0,2,1,3,1,1
"4318",0,0,0,2,4,2,1,3,3
"4319",0,0,0,0,2,2,2,1,3
"4320",0,0,0,5,2,0,4,2,1
"4321",0,0,0,1,0,0,1,6,2
"4322",0,0,0,2,2,0,2,1,3
"4323",0,0,0,2,2,2,1,1,4
"4324",0,0,0,5,1,7,1,3,2
"4325",0,0,0,4,1,2,0,4,2
"4326",0,0,0,0,3,4,2,2,3
"4327",0,0,0,2,3,1,3,1,0
"4328",0,0,0,2,3,3,1,2,1
"4329",0,0,0,1,2,1,2,1,1
"4330",0,0,0,3,5,1,3,2,0
"4331",0,0,0,2,4,3,1,3,1
"4332",0,0,0,1,2,1,1,2,2
"4333",0,0,0,1,1,1,3,4,1
"4334",0,0,0,1,2,5,1,3,0
"4335",0,0,0,1,7,1,2,1,4
"4336",0,0,0,2,4,1,2,2,1
"4337",0,0,0,5,7,2,2,3,2
"4338",0,0,0,1,2,2,5,3,0
"4339",0,0,0,5,1,0,3,1,0
"4340",0,0,0,4,3,0,2,0,4
"4341",0,0,0,3,4,1,3,1,2
"4342",0,0,0,4,4,1,2,1,1
"4343",0,0,0,2,1,3,1,3,1
"4344",0,0,0,2,0,3,3,4,2
"4345",0,0,0,2,4,2,3,0,1
"4346",0,0,0,3,3,2,1,0,1
"4347",0,0,0,1,5,1,1,2,1
"4348",0,0,0,1,0,3,3,0,3
"4349",0,0,0,3,1,0,7,1,2
"4350",0,0,0,1,0,2,2,3,1
"4351",0,0,0,2,1,3,0,0,0
"4352",0,0,0,1,2,2,5,1,4
"4353",0,0,0,0,2,1,0,3,4
"4354",0,0,0,2,0,2,3,2,3
"4355",0,0,0,3,2,6,1,2,1
"4356",0,0,0,3,2,1,3,3,1
"4357",0,0,0,2,3,2,2,4,4
"4358",0,0,0,5,3,3,2,1,2
"4359",0,0,0,3,1,2,3,4,0
"4360",0,0,0,1,1,1,1,3,2
"4361",0,0,0,2,1,0,3,6,0
"4362",0,0,0,3,2,1,2,4,3
"4363",0,0,0,4,1,0,6,2,3
"4364",0,0,0,2,4,3,2,2,0
"4365",0,0,0,3,2,2,0,2,0
"4366",0,0,0,0,1,4,0,2,5
"4367",0,0,0,1,2,4,0,4,2
"4368",0,0,0,4,1,4,1,2,4
"4369",0,0,0,2,7,2,2,1,0
"4370",0,0,0,1,0,3,3,3,2
"4371",0,0,0,3,3,2,0,1,1
"4372",0,0,0,2,2,3,2,1,1
"4373",0,0,0,1,3,1,4,1,3
"4374",0,0,0,2,2,3,5,3,2
"4375",0,0,0,3,1,1,3,1,2
"4376",0,0,0,1,1,4,4,2,3
"4377",0,0,0,0,5,3,0,3,2
"4378",0,0,0,3,1,2,0,3,1
"4379",0,0,0,3,3,2,2,1,1
"4380",0,0,0,2,0,3,0,3,3
"4381",0,0,0,6,1,2,1,0,2
"4382",0,0,0,1,4,0,1,3,3
"4383",0,0,0,3,4,1,1,3,2
"4384",0,0,0,0,3,0,3,4,1
"4385",0,0,0,2,4,2,4,2,0
"4386",0,0,0,2,5,4,3,1,1
"4387",0,0,0,3,1,1,1,1,2
"4388",0,0,0,0,3,3,5,2,1
"4389",0,0,0,2,2,6,0,1,0
"4390",0,0,0,0,2,5,0,0,1
"4391",0,0,0,6,3,4,1,5,2
"4392",0,0,0,0,1,1,1,2,3
"4393",0,0,0,1,4,4,3,3,1
"4394",0,0,0,5,2,3,2,0,2
"4395",0,0,0,3,3,3,1,4,3
"4396",0,0,0,0,1,0,4,1,6
"4397",0,0,0,1,0,1,1,1,1
"4398",0,0,0,5,1,2,1,2,1
"4399",0,0,0,3,6,4,0,2,2
"4400",0,0,0,1,2,4,3,4,2
"4401",0,0,0,3,1,2,3,2,0
"4402",0,0,0,3,4,0,2,2,4
"4403",0,0,0,3,6,5,2,2,1
"4404",0,0,0,4,4,1,3,1,0
"4405",0,0,0,4,1,1,2,0,1
"4406",0,0,0,2,0,0,4,3,3
"4407",0,0,0,2,1,2,5,2,2
"4408",0,0,0,2,0,2,0,3,2
"4409",0,0,0,3,2,1,4,1,2
"4410",0,0,0,1,5,1,1,6,3
"4411",0,0,0,3,1,2,1,1,3
"4412",0,0,0,6,1,2,4,2,2
"4413",0,0,0,4,2,3,1,3,3
"4414",0,0,0,3,2,4,1,2,1
"4415",0,0,0,3,5,0,0,1,3
"4416",0,0,0,6,1,2,1,1,3
"4417",0,0,0,4,1,3,1,2,2
"4418",0,0,0,1,4,4,1,3,3
"4419",0,0,0,3,3,0,1,2,1
"4420",0,0,0,2,1,3,2,0,3
"4421",0,0,0,2,1,1,6,3,1
"4422",0,0,0,3,4,3,1,0,0
"4423",0,0,0,2,1,2,2,5,0
"4424",0,0,0,2,1,2,1,1,2
"4425",0,0,0,4,2,6,2,3,1
"4426",0,0,0,2,4,1,3,2,1
"4427",0,0,0,2,3,3,1,4,2
"4428",0,0,0,5,2,4,1,4,0
"4429",0,0,0,3,3,2,1,2,2
"4430",0,0,0,2,3,4,0,1,8
"4431",0,0,0,0,5,3,2,3,1
"4432",0,0,0,1,5,4,6,4,0
"4433",0,0,0,2,2,3,3,1,0
"4434",0,0,0,3,1,2,1,2,2
"4435",0,0,0,2,2,5,3,2,1
"4436",0,0,0,2,2,0,1,0,1
"4437",0,0,0,0,3,1,1,1,2
"4438",0,0,0,4,0,0,1,2,5
"4439",0,0,0,1,0,3,2,0,2
"4440",0,0,0,2,3,1,0,3,1
"4441",0,0,0,1,1,4,1,0,5
"4442",0,0,0,3,0,3,3,1,1
"4443",0,0,0,1,4,5,6,2,0
"4444",0,0,0,4,1,1,2,1,2
"4445",0,0,0,2,1,0,1,3,2
"4446",0,0,0,2,1,5,2,0,1
"4447",0,0,0,2,1,3,3,3,1
"4448",0,0,0,2,2,1,1,2,2
"4449",0,0,0,3,2,3,1,2,1
"4450",0,0,0,1,0,0,2,6,3
"4451",0,0,0,3,1,2,3,1,0
"4452",0,0,0,1,3,2,2,2,1
"4453",0,0,0,4,2,0,2,0,3
"4454",0,0,0,0,1,1,2,3,1
"4455",0,0,0,3,1,5,2,1,1
"4456",0,0,0,1,1,1,1,3,2
"4457",0,0,0,2,3,3,2,1,3
"4458",0,0,0,2,1,0,8,1,0
"4459",0,0,0,2,1,1,0,2,1
"4460",0,0,0,1,4,2,3,2,2
"4461",0,0,0,1,6,2,0,0,0
"4462",0,0,0,2,2,2,4,1,2
"4463",0,0,0,3,3,0,3,4,3
"4464",0,0,0,3,3,0,1,3,3
"4465",0,0,0,1,4,2,1,3,2
"4466",0,0,0,1,6,0,3,5,1
"4467",0,0,0,2,6,3,3,0,1
"4468",0,0,0,1,1,4,2,3,2
"4469",0,0,0,0,1,1,4,2,2
"4470",0,0,0,1,3,1,0,1,1
"4471",0,0,0,0,1,5,1,3,3
"4472",0,0,0,2,1,1,3,1,1
"4473",0,0,0,5,2,5,1,2,4
"4474",0,0,0,4,3,2,0,2,0
"4475",0,0,0,6,1,3,2,1,3
"4476",0,0,0,5,1,1,3,0,4
"4477",0,0,0,5,6,2,2,3,1
"4478",0,0,0,3,1,2,2,1,2
"4479",0,0,0,4,1,0,2,0,3
"4480",0,0,0,2,2,3,3,3,2
"4481",0,0,0,2,0,1,3,5,2
"4482",0,0,0,3,3,2,3,3,3
"4483",0,0,0,4,1,0,1,1,2
"4484",0,0,0,3,3,3,1,2,1
"4485",0,0,0,2,0,3,3,1,3
"4486",0,0,0,3,1,2,3,0,1
"4487",0,0,0,3,4,0,1,1,3
"4488",0,0,0,4,2,2,0,2,2
"4489",0,0,0,1,2,0,2,3,2
"4490",0,0,0,3,1,1,2,1,0
"4491",0,0,0,4,6,1,0,0,1
"4492",0,0,0,1,1,2,3,3,1
"4493",0,0,0,0,2,2,0,2,2
"4494",0,0,0,1,0,3,6,0,3
"4495",0,0,0,3,2,3,3,1,1
"4496",0,0,0,2,2,1,2,0,3
"4497",0,0,0,2,0,2,2,2,3
"4498",0,0,0,1,2,3,3,1,0
"4499",0,0,0,2,4,2,1,4,1
"4500",0,0,0,1,2,1,2,3,2
"4501",0,0,0,1,3,2,1,5,1
"4502",0,0,0,3,2,1,2,2,3
"4503",0,0,0,4,2,2,4,1,0
"4504",0,0,0,2,4,3,1,1,3
"4505",0,0,0,0,3,5,2,1,1
"4506",0,0,0,2,2,2,2,2,1
"4507",0,0,0,1,2,3,1,3,1
"4508",0,0,0,4,1,4,2,1,1
"4509",NA,NA,NA,NA,NA,NA,NA,NA,NA
"4510",0,0,0,4,2,2,3,1,1
"4511",0,0,0,0,2,1,3,0,1
"4512",0,0,0,2,2,0,2,2,3
"4513",0,0,0,2,2,2,3,2,3
"4514",0,0,0,2,2,2,2,1,6
"4515",0,0,0,1,1,2,2,1,4
"4516",0,0,0,2,0,2,1,4,1
"4517",0,0,0,1,2,1,0,3,0
"4518",0,0,0,4,1,2,1,3,1
"4519",0,0,0,3,0,1,4,3,1
"4520",0,0,0,1,3,2,3,0,2
"4521",0,0,0,0,7,1,2,1,2
"4522",0,0,0,5,1,1,2,1,1
"4523",0,0,0,4,3,2,1,1,0
"4524",0,0,0,3,2,1,0,2,4
"4525",0,0,0,3,3,2,1,2,2
"4526",0,0,0,2,4,5,5,0,2
"4527",0,0,0,2,4,2,3,2,0
"4528",0,0,0,0,0,4,1,2,4
"4529",0,0,0,2,2,2,2,1,2
"4530",0,0,0,3,3,0,5,0,2
"4531",0,0,0,4,2,2,2,2,3
"4532",0,0,0,2,3,0,2,0,2
"4533",0,0,0,1,0,2,4,0,3
"4534",0,0,0,3,2,2,2,2,1
"4535",0,0,0,2,4,4,3,1,2
"4536",0,0,0,1,2,3,1,1,1
"4537",0,0,0,2,1,3,1,2,4
"4538",0,0,0,3,2,0,3,5,2
"4539",0,0,0,2,4,2,3,3,3
"4540",0,0,0,2,1,3,2,2,3
"4541",0,0,0,2,2,1,1,4,1
"4542",0,0,0,2,1,1,3,2,0
"4543",0,0,0,0,2,2,2,2,1
"4544",0,0,0,4,3,5,5,0,3
"4545",0,0,0,1,2,7,5,4,0
"4546",0,0,0,4,3,2,0,1,2
"4547",0,0,0,4,2,3,1,0,4
"4548",0,0,0,2,3,5,1,0,2
"4549",0,0,0,3,2,2,2,1,4
"4550",0,0,0,0,3,1,4,1,1
"4551",0,0,0,3,2,2,0,2,3
"4552",0,0,0,3,4,3,2,1,1
"4553",0,0,0,0,2,1,3,1,2
"4554",0,0,0,2,3,0,0,3,2
"4555",0,0,0,2,3,3,2,3,0
"4556",0,0,0,1,4,1,1,3,1
"4557",0,0,0,3,2,2,3,0,1
"4558",0,0,0,0,3,4,1,3,2
"4559",0,0,0,1,0,2,2,0,1
"4560",0,0,0,5,2,1,2,1,1
"4561",0,0,0,8,1,1,2,2,2
"4562",0,0,0,3,3,3,4,3,1
"4563",0,0,0,2,1,4,1,4,3
"4564",0,0,0,0,2,2,3,0,0
"4565",0,0,0,2,4,5,2,3,1
"4566",0,0,0,0,2,1,0,7,0
"4567",0,0,0,2,6,0,1,0,3
"4568",0,0,0,4,1,0,1,0,1
"4569",0,0,0,2,4,0,4,3,3
"4570",0,0,0,2,2,5,0,2,1
"4571",0,0,0,3,1,1,6,1,2
"4572",0,0,0,2,2,3,1,1,3
"4573",0,0,0,4,3,3,1,4,4
"4574",0,0,0,4,0,2,3,1,1
"4575",0,0,0,2,3,2,2,1,2
"4576",0,0,0,3,2,0,2,4,1
"4577",0,0,0,3,2,0,2,1,1
"4578",0,0,0,2,6,2,1,0,4
"4579",0,0,0,2,2,1,0,1,2
"4580",0,0,0,2,0,1,1,3,1
"4581",0,0,0,4,3,1,1,3,2
"4582",0,0,0,1,1,2,0,0,1
"4583",0,0,0,1,4,3,3,1,1
"4584",0,0,0,2,3,2,0,1,1
"4585",0,0,0,2,3,0,4,2,2
"4586",0,0,0,2,2,3,0,1,2
"4587",0,0,0,3,2,4,1,0,1
"4588",0,0,0,2,1,3,3,3,2
"4589",0,0,0,4,3,1,2,0,0
"4590",0,0,0,5,4,3,0,1,0
"4591",0,0,0,0,2,0,1,3,2
"4592",0,0,0,1,2,4,1,2,1
"4593",0,0,0,2,3,3,2,1,3
"4594",0,0,0,1,2,4,2,2,2
"4595",0,0,0,0,5,2,1,3,1
"4596",0,0,0,1,4,2,1,5,0
"4597",0,0,0,3,1,4,1,2,4
"4598",0,0,0,2,3,2,0,3,0
"4599",0,0,0,2,1,1,0,2,1
"4600",0,0,0,5,6,3,1,2,2
"4601",0,0,0,3,2,6,3,3,2
"4602",0,0,0,1,3,2,4,2,0
"4603",0,0,0,0,2,4,1,2,0
"4604",0,0,0,1,1,2,0,0,3
"4605",0,0,0,2,3,2,5,3,1
"4606",0,0,0,3,3,0,1,1,3
"4607",0,0,0,1,5,6,1,0,1
"4608",0,0,0,3,1,3,1,6,2
"4609",0,0,0,4,5,2,4,0,1
"4610",0,0,0,2,1,2,1,2,1
"4611",0,0,0,3,4,0,4,2,0
"4612",0,0,0,2,5,0,0,1,1
"4613",0,0,0,3,0,2,1,2,1
"4614",0,0,0,5,0,1,1,1,2
"4615",0,0,0,3,1,0,1,1,0
"4616",0,0,0,2,2,4,2,4,2
"4617",0,0,0,3,1,4,1,0,2
"4618",0,0,0,1,1,2,2,1,3
"4619",0,0,0,4,2,2,3,0,2
"4620",0,0,0,5,2,1,1,3,3
"4621",0,0,0,3,1,0,1,2,2
"4622",0,0,0,2,2,1,0,4,0
"4623",0,0,0,2,4,1,0,0,2
"4624",0,0,0,0,2,2,1,1,3
"4625",0,0,0,3,7,4,5,3,2
"4626",0,0,0,2,1,1,1,4,1
"4627",0,0,0,2,2,1,5,2,2
"4628",0,0,0,3,4,1,1,2,1
"4629",0,0,0,6,1,3,0,0,2
"4630",0,0,0,1,1,0,2,2,1
"4631",0,0,0,1,2,1,2,1,1
"4632",0,0,0,2,2,5,1,1,2
"4633",0,0,0,2,2,2,1,5,0
"4634",0,0,0,0,3,3,1,3,0
"4635",0,0,0,0,2,1,5,0,4
"4636",0,0,0,3,1,5,3,1,1
"4637",0,0,0,2,0,3,3,0,1
"4638",0,0,0,1,0,1,2,2,3
"4639",0,0,0,4,3,0,4,1,1
"4640",0,0,0,3,2,3,4,3,4
"4641",0,0,0,3,2,1,1,3,0
"4642",0,0,0,2,1,2,4,0,3
"4643",0,0,0,1,1,1,2,4,0
"4644",0,0,0,0,2,2,2,1,2
"4645",0,0,0,2,1,3,4,5,0
"4646",0,0,0,1,4,5,2,1,3
"4647",0,0,0,1,2,2,3,0,1
"4648",0,0,0,1,1,2,3,2,0
"4649",0,0,0,1,1,2,5,0,1
"4650",0,0,0,3,2,4,1,4,2
"4651",0,0,0,3,1,2,2,0,3
"4652",0,0,0,1,3,0,1,3,0
"4653",0,0,0,2,2,4,2,3,1
"4654",0,0,0,1,2,2,3,3,2
"4655",0,0,0,3,0,4,1,0,1
"4656",0,0,0,6,4,2,1,2,1
"4657",0,0,0,1,1,3,0,3,2
"4658",0,0,0,1,3,4,3,2,1
"4659",0,0,0,0,0,4,2,1,1
"4660",0,0,0,3,3,1,1,1,3
"4661",0,0,0,2,1,3,2,1,2
"4662",0,0,0,1,3,6,4,1,0
"4663",0,0,0,2,2,1,4,6,1
"4664",0,0,0,4,2,4,1,1,1
"4665",0,0,0,1,3,1,3,3,2
"4666",0,0,0,3,0,3,1,2,1
"4667",0,0,0,1,0,3,1,2,2
"4668",0,0,0,0,1,1,3,2,1
"4669",0,0,0,2,2,0,4,5,1
"4670",0,0,0,1,4,1,4,2,1
"4671",0,0,0,2,4,0,0,5,2
"4672",0,0,0,1,1,2,4,0,7
"4673",0,0,0,1,0,4,2,3,2
"4674",0,0,0,3,5,1,2,2,2
"4675",0,0,0,5,3,1,0,3,1
"4676",0,0,0,1,5,1,3,2,1
"4677",0,0,0,2,1,2,0,2,2
"4678",0,0,0,2,3,3,2,3,2
"4679",0,0,0,3,2,1,1,1,0
"4680",0,0,0,1,2,2,3,1,2
"4681",0,0,0,4,2,0,3,0,2
"4682",0,0,0,7,2,2,2,4,1
"4683",NA,NA,NA,NA,NA,NA,NA,NA,NA
"4684",0,0,0,3,0,3,0,1,3
"4685",0,0,0,2,1,2,1,5,1
"4686",0,0,0,2,0,1,1,5,2
"4687",0,0,0,2,0,2,2,2,3
"4688",0,0,0,3,0,4,3,0,2
"4689",0,0,0,0,1,5,3,2,3
"4690",0,0,0,5,3,3,1,1,1
"4691",0,0,0,2,1,6,2,1,4
"4692",0,0,0,4,2,0,2,3,5
"4693",0,0,0,2,3,1,2,3,2
"4694",0,0,0,0,5,5,2,0,1
"4695",0,0,0,2,2,2,3,2,2
"4696",0,0,0,3,0,0,3,1,1
"4697",0,0,0,4,3,2,2,2,0
"4698",0,0,0,3,3,2,2,3,3
"4699",0,0,0,1,1,1,1,2,0
"4700",0,0,0,4,2,3,2,0,2
"4701",0,0,0,3,3,2,2,2,1
"4702",0,0,0,6,1,2,0,1,1
"4703",0,0,0,4,1,2,6,1,2
"4704",0,0,0,2,0,2,1,3,3
"4705",0,0,0,4,3,3,0,3,2
"4706",0,0,0,2,3,0,2,2,2
"4707",0,0,0,1,2,0,4,1,2
"4708",0,0,0,4,4,4,1,0,3
"4709",0,0,0,0,1,1,1,2,5
"4710",0,0,0,1,2,1,2,3,0
"4711",0,0,0,1,0,2,1,2,3
"4712",0,0,0,4,3,1,3,2,3
"4713",0,0,0,2,5,6,1,1,0
"4714",0,0,0,2,3,3,2,2,3
"4715",0,0,0,3,4,1,0,1,3
"4716",0,0,0,5,3,3,2,3,2
"4717",0,0,0,0,1,2,1,2,3
"4718",0,0,0,5,3,4,2,3,2
"4719",0,0,0,5,1,0,3,2,4
"4720",0,0,0,4,2,2,3,4,3
"4721",0,0,0,3,3,6,3,1,1
"4722",0,0,0,3,2,3,1,0,2
"4723",0,0,0,3,3,5,3,5,1
"4724",0,0,0,3,1,2,1,2,5
"4725",0,0,0,2,2,1,2,3,2
"4726",0,0,0,3,1,2,0,2,0
"4727",0,0,0,3,2,3,3,1,1
"4728",0,0,0,2,6,1,3,0,3
"4729",0,0,0,1,3,4,5,2,4
"4730",0,0,0,3,2,2,1,2,3
"4731",0,0,0,2,1,3,2,2,3
"4732",0,0,0,2,1,1,6,5,2
"4733",0,0,0,1,2,5,4,1,1
"4734",0,0,0,0,2,2,3,2,2
"4735",0,0,0,1,4,1,2,1,4
"4736",0,0,0,4,0,1,4,1,3
"4737",0,0,0,4,1,3,1,3,0
"4738",0,0,0,2,2,1,6,1,2
"4739",0,0,0,2,2,3,2,4,1
"4740",0,0,0,1,0,3,1,2,4
"4741",0,0,0,4,0,2,2,0,2
"4742",NA,NA,NA,NA,NA,NA,NA,NA,NA
"4743",0,0,0,5,1,2,3,0,1
"4744",0,0,0,3,1,4,3,4,1
"4745",0,0,0,2,4,2,2,1,1
"4746",0,0,0,3,2,2,1,2,1
"4747",0,0,0,2,1,3,3,4,0
"4748",0,0,0,2,2,1,2,2,2
"4749",0,0,0,2,4,0,4,1,5
"4750",0,0,0,2,1,1,2,0,4
"4751",0,0,0,1,6,3,3,4,0
"4752",0,0,0,1,2,1,2,2,5
"4753",0,0,0,1,1,1,0,1,0
"4754",0,0,0,2,3,2,1,5,2
"4755",0,0,0,1,3,3,2,3,1
"4756",0,0,0,4,2,1,1,2,2
"4757",0,0,0,2,2,3,1,4,1
"4758",0,0,0,3,1,2,3,2,1
"4759",0,0,0,1,2,6,3,4,2
"4760",0,0,0,5,0,1,4,3,1
"4761",0,0,0,3,1,1,2,0,0
"4762",0,0,0,4,4,2,2,2,2
"4763",0,0,0,1,1,2,0,1,2
"4764",0,0,0,1,1,4,1,2,1
"4765",0,0,0,2,1,2,2,0,1
"4766",0,0,0,3,2,1,1,1,1
"4767",0,0,0,1,2,4,3,6,2
"4768",0,0,0,0,0,2,1,0,1
"4769",0,0,0,6,0,1,1,1,1
"4770",0,0,0,1,4,1,2,0,1
"4771",0,0,0,1,1,2,1,1,2
"4772",0,0,0,0,1,1,1,2,1
"4773",0,0,0,2,1,1,1,2,3
"4774",0,0,0,3,1,4,2,2,2
"4775",0,0,0,1,1,1,0,2,0
"4776",0,0,0,1,2,1,3,1,0
"4777",0,0,0,1,2,2,0,2,4
"4778",0,0,0,4,3,3,0,6,4
"4779",0,0,0,2,0,2,3,4,3
"4780",0,0,0,3,2,0,1,0,3
"4781",0,0,0,1,1,2,2,1,5
"4782",0,0,0,2,1,1,3,0,2
"4783",0,0,0,1,3,1,3,2,2
"4784",0,0,0,1,3,0,2,2,2
"4785",0,0,0,5,1,3,1,2,4
"4786",0,0,0,4,0,2,0,2,3
"4787",0,0,0,4,1,1,3,1,0
"4788",0,0,0,3,2,4,2,3,4
"4789",0,0,0,3,2,1,3,2,1
"4790",0,0,0,2,3,1,3,1,1
"4791",0,0,0,4,0,1,5,1,3
"4792",0,0,0,3,2,0,2,3,1
"4793",NA,NA,NA,NA,NA,NA,NA,NA,NA
"4794",0,0,0,3,1,1,3,3,3
"4795",0,0,0,2,3,2,0,1,2
"4796",0,0,0,0,4,4,1,2,4
"4797",0,0,0,3,5,3,1,3,3
"4798",0,0,0,2,2,2,3,0,3
"4799",0,0,0,2,3,1,3,2,1
"4800",0,0,0,1,3,0,3,1,4
"4801",0,0,0,3,0,2,3,4,3
"4802",0,0,0,4,2,3,1,3,2
"4803",0,0,0,2,1,3,3,2,4
"4804",0,0,0,2,2,2,2,0,2
"4805",0,0,0,2,4,1,2,6,3
"4806",0,0,0,3,1,3,2,2,2
"4807",0,0,0,1,5,4,4,0,2
"4808",0,0,0,2,3,2,3,2,2
"4809",0,0,0,2,1,2,2,3,2
"4810",0,0,0,1,2,3,0,4,2
"4811",0,0,0,2,0,2,0,0,1
"4812",0,0,0,2,2,4,0,3,1
"4813",0,0,0,3,0,2,1,3,0
"4814",0,0,0,3,2,3,2,4,1
"4815",0,0,0,0,2,2,1,2,1
"4816",0,0,0,3,0,2,2,3,1
"4817",0,0,0,3,0,4,2,0,1
"4818",0,0,0,2,2,2,3,1,2
"4819",0,0,0,1,0,0,3,4,1
"4820",0,0,0,3,4,0,2,2,1
"4821",0,0,0,4,5,2,4,3,0
"4822",0,0,0,0,2,2,3,1,3
"4823",0,0,0,2,1,4,1,2,0
"4824",0,0,0,1,2,1,3,2,1
"4825",0,0,0,0,3,4,3,2,2
"4826",0,0,0,3,8,1,5,1,0
"4827",0,0,0,0,3,4,1,1,1
"4828",0,0,0,2,1,4,3,0,2
"4829",0,0,0,5,2,3,2,0,1
"4830",0,0,0,4,3,2,2,0,1
"4831",0,0,0,4,1,2,3,1,3
"4832",0,0,0,2,1,4,2,1,1
"4833",0,0,0,3,3,3,2,1,0
"4834",0,0,0,4,2,2,2,0,3
"4835",0,0,0,2,0,2,1,0,2
"4836",0,0,0,5,1,2,0,2,2
"4837",0,0,0,4,5,0,2,2,1
"4838",0,0,0,5,1,1,5,0,2
"4839",0,0,0,1,2,3,1,1,3
"4840",0,0,0,2,4,2,4,1,1
"4841",0,0,0,1,3,0,0,3,2
"4842",0,0,0,1,4,3,0,1,1
"4843",0,0,0,7,3,2,2,3,0
"4844",0,0,0,2,4,0,4,1,1
"4845",0,0,0,4,5,2,1,1,1
"4846",0,0,0,3,1,0,3,1,0
"4847",0,0,0,0,1,1,1,1,0
"4848",0,0,0,2,4,1,3,2,3
"4849",0,0,0,1,3,4,1,3,0
"4850",0,0,0,2,3,4,1,3,1
"4851",0,0,0,4,1,4,3,4,2
"4852",0,0,0,1,4,1,2,2,1
"4853",0,0,0,3,2,2,4,3,0
"4854",0,0,0,1,3,1,3,2,0
"4855",0,0,0,3,2,1,6,0,2
"4856",0,0,0,4,2,4,1,3,2
"4857",0,0,0,3,3,0,1,2,1
"4858",0,0,0,1,3,2,2,0,3
"4859",0,0,0,3,1,0,3,1,2
"4860",0,0,0,4,0,0,2,3,2
"4861",0,0,0,2,1,2,4,1,2
"4862",0,0,0,2,3,2,1,2,3
"4863",0,0,0,2,3,2,3,0,1
"4864",0,0,0,2,1,4,3,3,3
"4865",0,0,0,1,3,2,5,4,2
"4866",0,0,0,2,3,5,0,1,2
"4867",0,0,0,1,3,2,4,4,0
"4868",0,0,0,5,1,6,2,3,0
"4869",0,0,0,4,2,1,1,1,5
"4870",0,0,0,3,4,1,2,1,1
"4871",0,0,0,2,1,0,0,0,1
"4872",0,0,0,2,3,1,2,2,0
"4873",0,0,0,1,2,3,2,3,1
"4874",0,0,0,2,2,3,1,0,2
"4875",0,0,0,3,5,2,2,2,3
"4876",NA,NA,NA,NA,NA,NA,NA,NA,NA
"4877",0,0,0,2,2,1,1,0,4
"4878",0,0,0,2,4,0,2,1,0
"4879",0,0,0,2,1,2,3,2,2
"4880",0,0,0,0,4,0,4,2,3
"4881",0,0,0,1,4,3,3,3,1
"4882",0,0,0,1,1,5,2,0,3
"4883",0,0,0,1,2,2,2,4,2
"4884",0,0,0,2,0,2,5,3,2
"4885",0,0,0,2,2,0,1,2,1
"4886",0,0,0,1,1,3,4,0,1
"4887",0,0,0,4,0,5,3,2,2
"4888",0,0,0,1,2,0,2,0,3
"4889",0,0,0,2,1,2,3,2,3
"4890",0,0,0,3,3,2,2,3,2
"4891",0,0,0,1,4,0,1,0,0
"4892",0,0,0,2,0,0,1,1,7
"4893",0,0,0,2,1,4,1,1,1
"4894",0,0,0,4,4,1,0,3,0
"4895",0,0,0,1,1,0,1,2,2
"4896",0,0,0,2,5,0,4,2,0
"4897",0,0,0,0,2,2,1,4,1
"4898",0,0,0,4,4,0,0,4,0
"4899",0,0,0,3,4,2,3,2,2
"4900",0,0,0,0,1,3,4,2,1
"4901",0,0,0,1,3,1,2,2,6
"4902",0,0,0,3,1,3,4,0,1
"4903",0,0,0,1,2,3,2,2,0
"4904",0,0,0,3,3,3,0,1,2
"4905",0,0,0,2,3,2,0,2,3
"4906",0,0,0,1,3,2,1,0,2
"4907",0,0,0,3,1,2,3,0,0
"4908",0,0,0,1,1,3,2,3,3
"4909",0,0,0,2,0,2,2,2,1
"4910",0,0,0,4,2,0,2,2,0
"4911",0,0,0,0,2,1,0,3,0
"4912",0,0,0,0,2,1,0,1,5
"4913",0,0,0,3,3,3,1,5,1
"4914",0,0,0,0,2,6,2,1,2
"4915",0,0,0,2,3,3,4,0,3
"4916",0,0,0,2,1,1,2,0,2
"4917",0,0,0,0,4,3,2,0,0
"4918",0,0,0,1,2,0,1,3,2
"4919",0,0,0,1,2,1,2,1,3
"4920",0,0,0,3,2,3,1,3,3
"4921",0,0,0,2,1,1,2,2,0
"4922",0,0,0,2,0,3,2,2,3
"4923",0,0,0,2,3,4,0,0,2
"4924",0,0,0,1,0,2,1,5,1
"4925",0,0,0,2,1,2,2,3,2
"4926",0,0,0,3,3,1,4,3,2
"4927",0,0,0,2,2,3,3,0,3
"4928",0,0,0,3,1,0,3,0,3
"4929",0,0,0,7,1,2,3,3,2
"4930",0,0,0,1,1,3,2,3,0
"4931",0,0,0,2,0,3,1,3,2
"4932",0,0,0,3,5,4,3,5,0
"4933",0,0,0,2,2,3,5,0,1
"4934",0,0,0,2,3,0,4,2,4
"4935",0,0,0,1,3,2,3,2,2
"4936",0,0,0,3,0,1,2,0,1
"4937",0,0,0,1,2,0,0,4,1
"4938",0,0,0,5,1,5,2,2,1
"4939",0,0,0,2,2,3,2,1,2
"4940",0,0,0,3,1,3,0,5,0
"4941",0,0,0,2,3,0,3,4,1
"4942",0,0,0,1,4,1,3,1,2
"4943",0,0,0,1,0,4,2,0,3
"4944",0,0,0,0,0,3,5,1,2
"4945",0,0,0,1,4,1,1,4,0
"4946",0,0,0,3,1,3,1,1,1
"4947",0,0,0,4,2,1,3,0,1
"4948",0,0,0,3,2,2,2,1,2
"4949",0,0,0,3,5,1,2,3,2
"4950",0,0,0,4,0,3,3,3,1
"4951",0,0,0,2,3,4,3,2,2
"4952",0,0,0,0,1,0,2,2,3
"4953",0,0,0,4,1,4,3,1,3
"4954",0,0,0,2,0,3,0,1,3
"4955",0,0,0,5,2,2,1,1,0
"4956",0,0,0,1,2,3,4,2,2
"4957",0,0,0,2,2,0,0,3,1
"4958",0,0,0,2,2,2,1,3,3
"4959",0,0,0,2,3,3,1,2,3
"4960",0,0,0,5,2,1,2,1,3
"4961",0,0,0,2,0,1,1,4,7
"4962",0,0,0,1,5,3,1,2,0
"4963",0,0,0,2,0,0,3,1,0
"4964",0,0,0,4,1,1,3,1,1
"4965",0,0,0,1,3,1,4,2,1
"4966",0,0,0,0,3,3,2,3,0
"4967",0,0,0,2,4,2,2,1,1
"4968",0,0,0,1,1,2,3,2,0
"4969",0,0,0,4,2,4,2,4,3
"4970",0,0,0,1,3,0,1,4,2
"4971",0,0,0,0,3,4,0,4,3
"4972",0,0,0,1,2,3,2,3,2
"4973",0,0,0,0,0,2,3,2,1
"4974",0,0,0,3,3,1,3,3,1
"4975",0,0,0,2,2,1,2,4,1
"4976",0,0,0,1,2,3,2,2,2
"4977",0,0,0,3,2,1,2,0,0
"4978",0,0,0,0,0,1,3,3,2
"4979",0,0,0,3,2,3,1,4,1
"4980",0,0,0,2,2,3,1,0,2
"4981",0,0,0,0,4,1,0,0,1
"4982",0,0,0,4,3,2,0,3,0
"4983",0,0,0,3,2,2,1,0,0
"4984",0,0,0,0,1,1,1,4,1
"4985",0,0,0,3,3,1,2,2,0
"4986",0,0,0,6,3,1,1,1,2
"4987",0,0,0,2,2,3,2,5,3
"4988",0,0,0,2,2,4,1,1,3
"4989",0,0,0,2,2,1,1,1,2
"4990",0,0,0,3,2,3,0,2,1
"4991",0,0,0,1,1,5,2,3,1
"4992",0,0,0,0,2,0,2,4,2
"4993",0,0,0,3,3,1,2,0,1
"4994",0,0,0,0,1,3,1,2,4
"4995",0,0,0,0,2,1,1,1,2
"4996",0,0,0,1,1,2,4,3,0
"4997",0,0,0,3,4,3,2,4,1
"4998",0,0,0,1,2,3,5,1,0
"4999",0,0,0,2,0,1,3,2,1
"5000",0,0,0,2,3,2,0,1,2
