"","V1","V2","V3","V4","V5"
"1",0.94493847157909,0.975293701831768,0.807646778889808,0.786490026240942,0.97137852581522
"2",0.971510127149396,0.959869292161173,1.025065468564,0.838133150317188,0.861343834204156
"3",0.961533573697063,0.634919375800106,0.776710326916604,0.820645165611593,0.877799839290417
"4",0.957862679892923,0.988511453354404,0.75823897285471,0.811454933526933,0.845153350862722
"5",0.962811359882689,0.87094357375899,1.00966061329237,0.783065237097084,0.947213084959516
"6",0.909796144373563,0.951915764291029,1.02129816407711,0.730994416464911,0.87875411750987
"7",0.955687946313029,0.894164612721354,0.818828853552821,0.780695100059206,0.905789306538716
"8",0.988820779492648,0.997766416391539,0.895434252906571,1.06767291077453,0.927663333679042
"9",0.963033797118936,0.984328928993858,0.932322861839411,0.783170254474544,0.879258856905262
"10",0.95688462204077,0.960430616527018,0.81957141798118,0.614881405113077,0.983891021273249
"11",0.962936241686996,0.782980057366924,0.86446012343152,0.734274852600476,1.11157783354029
"12",0.9594466758123,0.986245318010108,0.91964050545869,0.838340534715294,0.880415447329749
"13",0.956612724354614,0.846210137942261,0.940465238490942,0.850380389281975,NA
"14",0.948174225900237,0.986734571236021,0.860406595305936,0.900267302303089,0.878699863875158
"15",0.946210479989801,0.979859213647986,0.957343993066603,0.950352006822867,0.841536387342162
"16",0.971666535320272,0.976394230229818,0.900483652138369,0.720577387318407,0.895985829375046
"17",0.976541758831044,0.913125427882051,0.86895168668596,0.921082672418693,NA
"18",0.848149724382008,0.979533970139427,0.863001059385827,0.689002650979146,0.996020680536176
"19",0.97059223529093,0.988373882519169,0.945779270790075,0.824569146402152,1.08962872917365
"20",0.947344085557393,0.889505735550788,0.865159388968194,0.951455655825141,0.995269670285555
"21",0.909618853555224,0.985222490214132,0.965110268818249,0.825190517573742,1.03146203943385
"22",0.949437402370945,0.883682192860908,0.983042871528501,0.857429358794693,0.915571163874203
"23",0.951328966385157,0.944785652280201,0.936930440759485,0.682510236592821,1.08046897960442
"24",0.846896217283856,0.90691659416086,0.823356315617644,0.930871603982878,1.14719856852193
"25",0.863924839761318,0.763055126686085,0.903608025597304,0.774470202155475,0.910932182290838
"26",0.783182763776609,0.759625002217222,0.944490768934183,0.681693276322218,0.952424179394935
"27",0.96416094342136,0.970924950573923,0.8832131583946,0.778249196039921,0.937254790813651
"28",0.977946740631545,0.987048644871894,0.726121956975188,0.667937407762747,0.937630255337387
"29",0.853003108204983,0.896774948812583,0.795575718302265,1.07785143745464,0.948695217706783
"30",0.958970716430156,0.66282688550415,0.890551462920091,0.838553983622015,0.885342805104997
"31",0.952510663315702,0.82388941243826,0.861535073531074,0.898415853137774,NA
"32",0.966963005460939,0.97311842141468,0.813195238804589,0.901318095082935,1.00973717269062
"33",0.91317983324206,0.899869743910033,0.895660198713391,0.801053849077368,NA
"34",0.961446104215941,1.00132106718657,0.943460838721901,0.983570413257945,0.992776036588408
"35",0.950725533036321,0.975625582594499,0.926555063264994,1.00380934425245,0.890160277272879
"36",0.918887795960466,0.962665339152117,0.931377508044131,0.826607728268317,NA
"37",0.817177457803859,0.985935580109593,0.862120911109625,1.0196401926881,NA
"38",0.979051135835631,0.995256535415624,0.921745813771687,0.980468385917085,0.941340209117116
"39",0.967481726793045,0.9500387704037,0.788367212036617,1.08154670735521,0.880502948175898
"40",0.893667243946211,0.868878894642492,0.739904191176099,0.727843264034469,0.901904700375845
"41",0.943149330102875,0.97884165471548,0.780987540416164,0.922195131929313,0.987353277534516
"42",0.7870461865391,0.809836909173958,0.978490809887265,0.706789543685092,0.970232499640521
"43",0.96446475717304,0.74506638843542,0.818033403064141,1.02634071480277,0.887560492198765
"44",0.942594591119385,0.849182410487091,0.893920809040209,1.07963882188171,0.96058965667581
"45",0.963186079756655,0.984293516712299,0.805559606508651,0.941497652486974,0.858944382785451
"46",0.846621854387368,0.978010296570431,0.854953714953746,0.818845303857113,0.843036938597049
"47",0.962333570737777,0.809241625099254,0.828142518257476,0.924604154836875,0.901278459276071
"48",0.944607328920847,0.897606673567461,0.816082303537934,0.920836489114419,0.969551908951077
"49",0.987698832158413,0.986884768886226,0.772317204942808,0.72512437728604,NA
"50",0.966440425016024,0.972002608130531,0.996596367241274,0.764739419891558,0.757723452689059
"51",0.969831230510395,0.761274730015009,0.826765877471998,0.840939919527473,1.05125964398284
"52",0.906032630674079,0.867172059150945,0.876154185396832,0.94871165950073,1.05832459618768
"53",0.902912525431249,0.946515972773265,0.937746820224769,0.805236149265999,NA
"54",0.897640753379072,0.920416948323618,0.715799249351539,0.88142606603631,0.855725145247699
"55",0.972824680292475,0.898818384775266,0.707564279575413,0.764246233273125,0.878192667555308
"56",0.893117734130573,0.964111541321312,0.905538915139796,0.797384546466965,0.86953464209262
"57",0.88247634118463,0.872503431579755,1.02376076481806,0.79788398429032,0.953599934868606
"58",0.955376634625692,0.973148900100316,0.926108531593681,0.741627749580955,0.86259779785871
"59",0.973129967382465,0.983352232316489,0.929221176050083,0.920466616885313,1.07105367490846
"60",0.891862962287425,0.979671087015283,0.911974936800761,1.00642987495589,1.05171604138301
"61",0.895714220369313,0.988102546135133,0.813194944470875,0.76760146532003,0.973247645260156
"62",0.967512784537252,0.957775604871598,0.939579954061684,0.713465633679968,1.0267861344952
"63",0.966055148549326,0.988630888563617,0.825343554750229,0.823321624239782,1.01321474341321
"64",0.963061606774754,0.991478611765141,0.647793504847742,0.803532457894281,0.803120983543381
"65",0.903670035846274,0.940729084158799,0.931345513633258,0.814165741081096,0.780289867933696
"66",0.963444189828286,0.96991305990212,0.930971081886249,0.882896521925642,1.11082062029933
"67",0.948337018132,0.885662726855434,1.0304273214548,1.0027329336794,1.00882490102118
"68",0.96747853301035,0.925272951617569,0.732468011533963,1.01745582013675,0.780262201058245
"69",0.840339167810539,0.965614389884042,0.899402551032114,0.848019197397651,NA
"70",0.970230015294456,0.982899256346647,0.877573145634458,0.734627172567486,0.853272878095147
"71",0.879099939132529,0.990727562646642,1.02608991857628,0.88863981854633,0.846607369846633
"72",0.943044563324196,0.978438185409188,0.763473827088843,0.762371464524053,0.938804142018963
"73",0.829852149590848,0.960121819752868,0.814422887544133,0.893069948400879,1.0347723310509
"74",0.975618177920675,0.962178223591715,0.767027397116414,0.883754341468277,0.962772504056465
"75",0.958337856549719,0.982546081392165,0.744095345597972,0.799264470735897,1.16020356787395
"76",0.966248621730502,0.992337633538102,0.961844874279551,0.93632373938911,0.92606064591798
"77",0.894830616441044,0.976001094067392,0.889335712577005,0.852328467058135,1.04112011906322
"78",0.81266389073867,0.990529886226077,1.03352484199637,0.928983047636971,0.847160210934157
"79",0.964641941841257,0.989121217616433,0.758961316247463,0.930462183649216,NA
"80",0.920976927397105,0.993685621154394,0.826074775495271,0.750531960536109,NA
"81",0.872708437110305,0.783342282751014,0.914538212232145,0.794702199264427,0.981025199545136
"82",0.952709039098637,0.967215909813392,1.02781279331695,0.817329698950275,1.07063715014843
"83",0.985108719808019,0.97662741307491,0.850292521857362,0.698669284323188,0.836395787596803
"84",0.827629241277931,0.967255462731175,0.821236464159134,0.882232807507782,1.02192383402035
"85",0.897418231952278,0.968659926224541,0.839946815405005,0.89919598156195,0.8854079924803
"86",0.81471541406924,0.979262525161261,0.613622951373143,1.0305167446957,0.984701936122796
"87",0.965289184174987,0.981720247803517,0.990720484458561,0.948172928364821,0.880444585602699
"88",0.978216182909358,0.959845033812045,0.806336993510674,0.839465487671578,0.955935271781899
"89",0.789715341566344,0.989036207798262,0.89880057270788,0.823375777831831,NA
"90",0.973099925876048,0.965934444348886,1.01334646848108,0.67979282984945,0.951328258537075
"91",0.946892358636827,0.997885005250628,0.879115079099394,0.778945041003508,0.927372870010923
"92",0.966638228200784,0.886979421342442,0.893293995581722,0.769629991902146,1.08698834799509
"93",0.874693884561991,0.96160476255054,0.959587244174562,0.850029873844139,0.831035611435171
"94",0.903486329259489,0.981725319641808,0.949965707715368,0.872252914911784,0.90313146857969
"95",0.938133387975459,0.993722353775898,0.753470505342327,0.900794506612053,1.00907308937373
"96",0.970320647180411,0.966716469667712,0.878279991836679,1.00970592389295,0.949012919630413
"97",0.946991611518968,0.912960091510219,0.79674187218143,0.742650904243348,0.977547850617841
"98",0.893306858320903,0.989376126853977,1.0026903339694,0.833726745388114,0.971009455645273
"99",0.953138198178174,0.968573759132517,0.826720058654883,0.829075525517419,1.06883660947071
"100",0.866537898539462,0.892918915243995,0.9318020207488,0.713624131838902,1.00248540003172
"101",0.962018270660127,0.999648150324471,0.761761054701825,0.784968966923811,0.876266131944969
"102",0.96931156191161,0.972457842033874,0.891616132840459,0.732259497028837,0.947753210054656
"103",0.948989258838748,0.899838984209644,0.978459033551562,0.667481321966942,0.948333150209899
"104",0.910622078862741,0.961806335764158,0.751059086139478,0.777127570428314,0.93599800310056
"105",0.806554701874995,0.9805339346366,0.902858146554931,0.785982223885846,0.92404502719555
"106",0.967209588705118,0.915323466415799,0.813120734430649,0.983302807699391,0.983137098197328
"107",0.987957213644286,0.995035995833891,0.924966326454177,0.745526062268166,0.849681919746012
"108",0.970548524386943,0.797114167179005,0.696413666194403,0.895922586416566,0.785069370923221
"109",0.895369694368244,0.899925323535697,0.873700287427026,0.779872712024122,0.891558922460361
"110",0.961471649112115,0.977297780367628,0.861637723236157,0.60033363740238,0.929147345917188
"111",0.965766931006316,0.984607448533491,0.985781673221989,0.715332953303291,NA
"112",0.967554670745552,0.897995498177684,0.789140517789827,0.76725786153055,0.991714212151509
"113",0.967790102191936,0.987886994087222,0.966452602623728,0.660131353164065,1.05417162111677
"114",0.937119106705286,0.927196803878398,0.8133161368246,0.596563923853349,1.04385671337008
"115",0.981827073987471,0.878604939403865,0.81024334213866,0.830066686868386,1.07241625886442
"116",0.862852116967914,0.976686630148775,0.745823959690588,0.646822271563871,1.06628378640122
"117",0.931829296094411,0.963050203699378,0.941322725851347,0.721265165328234,1.02776272739215
"118",0.976280989340441,0.976970335170592,0.83527921838605,0.793112921972932,0.786522245206462
"119",0.980256534037811,0.954822633627891,0.906652647413182,0.764107775407889,1.00153196366211
"120",0.958533542274584,0.996147264265019,1.01849862452808,NA,NA
"121",0.962727242611876,0.989504361043926,0.69908712298012,0.795675218053845,1.01656300727763
"122",0.889418995444596,0.98417785623907,0.850819986619105,1.03643219852866,0.834733153927859
"123",0.919767003293956,0.981863126350556,0.917604938222328,0.637916582705795,0.763057414407583
"124",0.966852768072109,0.939097638153987,0.779247033738575,0.785127600127603,0.820433749451871
"125",0.962671959970177,0.96049556463117,0.826360505308397,0.805662876518308,NA
"126",0.981186825541133,0.979634050661645,0.927056008292484,0.697249899600677,0.883641715213959
"127",0.947117634203743,0.908406690433574,1.0396409829064,0.802484824268306,0.808933628957178
"128",0.767360966464172,0.740303797802284,0.932998005731562,1.08253614449223,0.833126291891499
"129",0.97126764102551,0.976020457513078,0.743432828703964,0.817623290846179,0.913896131045115
"130",0.842717002807223,0.772749166154199,0.81604996597892,0.716405410970284,0.995920913878939
"131",0.986033197868556,0.96292440169083,0.884860663061204,0.778947306573239,NA
"132",0.873076122684324,0.974681091146956,1.03947256035296,0.81322035607692,1.1084542926902
"133",0.934502604661193,0.866503379616235,0.927863443342578,0.757076349956975,0.863754948497646
"134",0.905401753446036,0.980657288886961,0.82798084794769,0.785259700028939,0.902643783299204
"135",0.964965102482241,0.941456827670972,0.899636620198583,0.841802274595534,0.876076353878266
"136",0.868151844763621,0.901721362142154,0.811462164855278,0.634913452823781,0.966002666855308
"137",0.886741400492558,0.976543279957945,0.714652723251104,0.753103415108098,0.877885554375128
"138",0.909128924157891,0.816675233409473,0.947828382259859,0.760577086118741,0.858506517637957
"139",0.899997484314195,0.989354410824729,0.993631657261231,0.999522516646159,0.798015472730143
"140",0.977008066837274,0.980212066136669,0.951220620595386,0.83564602496505,1.06559095325397
"141",0.958427988582372,0.987078400092659,1.01845324877021,0.884964994268904,0.998914053073232
"142",0.830215475649164,0.956864554586774,0.927663098089432,0.8279209445164,1.07784493340851
"143",0.978652304838874,0.969872210725842,0.859260295251086,0.797237423846987,0.960152161407595
"144",0.910959460868944,0.975069564100431,0.890114843692108,0.944348054915589,0.755357153923802
"145",0.963045450581526,0.975997136490844,0.892502542767903,0.892559661201457,0.971116366929974
"146",0.971733255772001,0.949060755517158,0.993674431828904,0.647567817509972,1.02877426393238
"147",0.931334919611028,0.985015732959212,0.818812091328775,0.720731035590656,1.00558957590084
"148",0.962961721954067,0.989223727605576,0.951959421995625,0.823067393764519,NA
"149",0.893103510570474,0.905352884851991,1.01220350836422,0.952361338849166,1.00891069073177
"150",0.958695976971734,0.878210240365472,0.781326653773151,0.68863171816621,NA
"151",0.957540896597329,0.817145965788828,0.87413189212795,0.88441928038895,NA
"152",0.961278870828022,0.960106017492225,0.795214549421065,0.839565485368213,1.04337577889921
"153",0.966371995176299,0.927395437812117,1.00322884253111,0.812350201151771,0.891213700755647
"154",0.969686375111183,0.772742767672367,0.934166528046553,0.862030286058333,NA
"155",0.959246123180942,0.927123584067498,0.743467922134179,0.893691903600632,0.932419322864522
"156",0.955130812309369,0.990423807640932,0.907295674277487,0.766175599192171,0.951215070242864
"157",0.948237674394984,0.914794422819403,1.02450788208925,0.850245314522954,0.874935836262035
"158",0.957373563860674,0.989499041976063,0.872263977016098,0.727602293809072,NA
"159",0.850922158639642,0.864582726925264,1.03531465849365,0.771284802338463,1.0223081081272
"160",0.873584682544024,0.740812651709091,0.968737353196128,0.815456942898452,0.878994190556542
"161",0.986414040617503,0.852939492791188,0.861105757932818,1.02883897269399,0.753429370850361
"162",0.968198140120146,0.916516825660505,0.780015075879713,0.858589434776045,0.997634079986032
"163",0.966170000760348,0.994176894176868,0.930817062247784,0.767199031173492,NA
"164",0.940252828560555,0.978016179448042,0.905257560933899,0.857964496645763,0.942192748196679
"165",0.947722934732874,0.985991847448554,0.790858905589327,0.979952703640175,1.08557922686843
"166",0.808656423571575,0.835059071951421,0.905073809574894,0.932157188098062,0.990663485263919
"167",0.967889866944761,0.982039620171702,0.937783161428168,0.994518910815142,0.98401854281223
"168",0.974278254770831,0.920892560571802,0.771624736601745,0.898856286376262,0.886488533930027
"169",0.944386089627501,0.998293868612317,1.03199875830917,0.768263717450758,0.855461295812221
"170",0.979342539523665,0.809325255305463,1.02655651157793,0.888290016002605,0.992544225566921
"171",0.965281058552063,0.975817851287854,0.78626025744732,0.739777887774841,0.844612031329175
"172",0.946782869966519,0.983841961608568,0.679112064343266,0.909015492221376,0.91264701583981
"173",0.977024277463727,0.989742464536619,1.01759680036475,0.672184095391705,0.82480257773897
"174",0.961617117279729,0.969324569848345,0.922068934214984,0.903549760191666,0.876240878727817
"175",0.963668112583359,0.86097102156847,0.82603389996638,0.99098375259684,0.987738527832475
"176",0.96947175931684,0.976831250727234,0.896216813651609,0.769241866312182,0.909374104879117
"177",0.978444467839135,0.992220011522441,0.930877605956555,0.679350507923755,1.01225047093375
"178",0.952983763458858,0.928193368625145,0.909457554048355,0.91429685605914,0.895777426887552
"179",0.951456746316861,0.802967929928521,0.793065009494117,0.743073552825614,0.969796466192193
"180",0.97383580664266,0.961078968537118,1.0301811130519,0.786782982917363,0.957944268048276
"181",0.966917851938846,0.910204334073691,0.841467164338789,0.674215262844982,0.847559654348817
"182",0.838131525130589,0.999467663685847,0.748517472454993,1.04768230741035,0.938920089653964
"183",0.891812306946713,0.824901323120366,0.823335713169338,1.08427667400428,0.914686526911748
"184",0.967919848196103,0.99467534906607,0.77031662294809,1.01321942392826,1.04783264843842
"185",0.925188671460374,0.817856298965671,0.83247414585618,0.840922037524448,1.16730408941002
"186",0.945200215961976,0.917306466259988,0.860664748244558,0.835926659046982,1.07887845351046
"187",0.881753776170562,0.962123745864538,1.02340668817558,0.791560745269791,0.99285513562568
"188",0.881794239611731,0.912699935413908,0.977956547105235,0.870994555744699,0.899082264392091
"189",0.975610680769767,0.878423277375379,0.918894621955612,0.835634644835539,0.907283944552752
"190",0.95562975070541,0.980720411797091,0.960358234650535,0.813205058856891,1.05055635069903
"191",0.953243063527251,0.982329877634511,0.856003609221333,0.906543555585362,0.966321698301904
"192",0.964795546049852,0.76348786757508,0.938859694171113,0.938716236326156,1.00512462522137
"193",0.963718561394232,0.861191587408379,0.852413655946019,0.905806026915464,0.859270045151952
"194",0.806568842982875,0.855242741229688,0.729318373439874,0.720198908526314,0.880914889804015
"195",0.907773999354088,0.82952456642819,0.917821378950999,0.760794665670259,NA
"196",0.877497711677773,0.957957574055099,0.911065868661445,0.901732045874238,1.13576079183051
"197",0.895799117771805,0.976250385959514,0.930446106023755,0.777783153789711,0.725803291895327
"198",0.969018971256159,0.896480180549613,0.61977157681162,0.687671778687649,0.954765098566268
"199",0.957767669490413,0.984656263517347,0.812753919720913,0.984058743483438,1.04750373414757
"200",0.975609084533965,0.945738767844669,0.977435168479797,0.899526034303801,0.95079375989903
"201",0.972372295516502,0.840277539812336,1.01882088640521,0.973257153040015,0.826062652676281
"202",NA,NA,NA,NA,NA
"203",0.927516277937243,0.973969829353187,0.967251462634133,1.0749155172252,1.06377536487745
"204",0.916361657458756,0.989843689212552,0.801481095705201,0.798667945497023,0.890885230809263
"205",0.947839416920503,0.983705217225867,0.907112283011659,0.798285218208353,0.880779705909238
"206",0.901211618148945,0.86759921202762,0.878231434527522,0.87047415483344,NA
"207",0.891667028577183,0.905415049346213,0.85626068606729,0.891832044567388,0.839532525032884
"208",0.940716115263312,0.986421618844504,0.880503255522057,NA,NA
"209",0.974785718383567,0.972660042583403,0.912318427799233,0.68636020378604,NA
"210",0.970462567718921,0.985778218217406,1.03316932683843,0.818335402187931,0.927699128034147
"211",0.72801262545733,0.900146206058005,1.02366007472734,0.870223782828842,0.863311387787863
"212",0.924791924459154,0.968743073080182,0.744027712584776,NA,NA
"213",0.908498374653846,0.847884514009865,0.967741286441363,0.720464255584885,1.01030973111325
"214",0.743162882809169,0.985827599935733,0.931857868860582,0.722399937733,0.852083252543505
"215",0.848622491175945,0.982836222035271,0.879587195801813,0.737310289518416,0.871982188305418
"216",0.950783321964988,0.900857350192799,1.02483026201022,0.707228208312313,0.921014694162535
"217",0.92878987199778,0.991485475818723,0.917385528271904,0.806418580664356,0.906964678607771
"218",0.83221365508189,0.98720541613844,0.82760699532428,0.64514351303491,0.788136612021017
"219",0.915019323814057,0.951386350004264,0.949394316564897,0.840640879368835,1.03275633604261
"220",0.908214540986241,0.901324409515505,0.899216127284355,1.0553851351477,0.875727369333517
"221",0.973452349158572,0.935377879473634,1.02053134877451,0.767063391816197,0.9517776654138
"222",0.97651501417085,0.808262821789558,0.863184966318715,0.921734053698732,1.01566119489172
"223",0.881773001055863,0.973494292772995,0.91813237865268,0.895718140727923,0.804118738676764
"224",0.953140090988698,0.938414044635195,0.931426397551268,0.817483898283291,1.10520020067672
"225",0.895254985504543,0.97277644866255,0.652716553966534,0.825971944621085,0.991313715388964
"226",0.91504861103364,0.958932245162055,0.873803347102646,0.81416415064295,0.857879605425582
"227",0.958406465271782,0.982913454935257,1.00526185567811,0.836857866729192,1.06945972388146
"228",0.965467957491433,0.976913537327872,0.824577728874577,0.864339601953893,1.04888833461317
"229",0.960671467937969,0.931972130304419,0.843059006766399,0.967696876288999,NA
"230",0.962849541254057,0.94990443148132,0.915963012409001,0.962863403371163,1.01282600356929
"231",0.956749457650729,0.967883531410915,0.988146036355299,0.656236835650171,0.88952420214301
"232",0.956258120747759,0.787186229245835,1.04839400684183,1.02167684863292,0.991943008013392
"233",0.97700030216204,0.888431689582048,0.939727610623616,0.880019667975167,0.807816170822138
"234",0.959342139077462,0.902557236682714,0.903149398912403,0.948323664087242,1.01525211786607
"235",0.98510616379085,0.896987566206194,1.01411111320948,0.881152392420657,1.06705241182976
"236",0.876138702472348,0.991397735401788,0.908366749421459,0.79691193676721,0.915588278006895
"237",0.968587502225464,0.931909142373949,0.924390252522752,0.749976910944766,0.84289548950256
"238",0.945758056098883,0.986625878945452,0.749133482401596,0.785323977348967,0.839973960137053
"239",0.861068450254244,0.965554968707207,0.538818820187401,0.857007989524167,1.02192939992311
"240",0.946151776446192,0.973083055104679,0.871290423566136,0.891774165886904,1.11491889676839
"241",0.963022839359843,0.907880423787797,1.02145594348966,0.71261028466135,0.832100968547197
"242",0.970236004011022,0.979499760239503,0.916495137501188,0.863803511413369,1.00147803556761
"243",0.842949601308032,1.00107474902107,0.836177742386318,0.717604808795506,1.03517791941103
"244",0.966338985072619,0.979401081628563,0.915530301494005,0.631661708361811,0.910532751873545
"245",0.980560009528951,0.845597811369486,0.783495373732993,0.824408400075379,1.05270055320634
"246",0.917021117453376,0.994032166095941,1.03101026438216,0.731332901781699,0.838444603019127
"247",0.800406969893323,0.910179537133889,0.850092376903945,0.939829656267275,0.915192745652032
"248",0.840589108710533,0.98853592989575,0.863068948503807,NA,NA
"249",0.961689335053644,0.8652490835649,0.898360291186719,0.651648668002701,1.01105752571865
"250",0.989105894548841,0.959158326341867,0.787101229240307,0.895730955442014,0.929506390558887
"251",0.953287995187916,0.885385412684987,1.01386536261415,0.869264055281299,0.837119715324045
"252",0.737186093037184,0.96408043761612,0.90957598560326,0.841643626011853,0.882872210747714
"253",0.965017469892697,0.852383921342148,0.88138997572722,0.819612387744481,0.926602603782604
"254",0.883488845892054,0.994226898847721,0.869064001987736,0.927859098473743,0.808239996929394
"255",0.944837139001485,0.796513363446914,0.707411254360103,0.777181067702976,0.807925662030533
"256",0.822244493163391,0.961278337512806,0.865943406096429,0.809043997075783,1.0319372921938
"257",0.935650143057038,0.978730392736274,0.939978882363126,0.777046644624401,0.846991377601767
"258",0.791128957682096,0.902057795825472,0.857871012406772,0.882965056472224,0.981582450304449
"259",0.672407221846928,0.905070960203025,0.697302557866363,0.641852977858587,0.842408696358301
"260",0.916560688430251,0.893922865766224,0.968676981121327,0.818474925920425,0.99509639413048
"261",0.972599223407443,0.991025265332166,0.949306531537059,0.806022868445252,NA
"262",0.865646374346068,0.809390153266386,0.89864260590932,0.683296222215122,0.844529367737838
"263",0.826571864572171,0.986205333111732,0.949345098262039,0.764197659802526,0.938782747471926
"264",0.939552652808772,0.968712889782782,0.914433528769613,0.930454666709887,0.947996209809821
"265",0.953470198533077,0.972129912829799,0.952796360709647,0.802142470308634,0.801586978003112
"266",0.963380733319016,0.757406657437771,0.872294966568684,0.655158318878072,0.826660372658453
"267",0.851889502041601,0.842686317142064,0.8617636353704,0.726012586700258,0.912724963460663
"268",0.982715598784381,0.981653264959435,0.699606540463102,0.731200001853821,0.90573196218584
"269",0.939187316490896,0.978080249166399,1.02072018867416,0.958528188487016,0.88857233490032
"270",0.961975005335748,0.934620525193986,0.830590531703584,0.740288164931551,NA
"271",0.827868456076491,0.992682477400367,0.777671560997718,0.866617229607433,1.05241258094015
"272",0.968974033307926,0.996926634254288,0.861897032467216,0.639576835387558,1.04647210958338
"273",0.98190368215865,0.956709568931477,1.0136164626372,0.70192879112387,0.968047260097968
"274",0.810043530747833,0.970268647722778,0.93702642954649,0.835862178633928,0.817675054731518
"275",0.963144981533014,0.982919560798891,0.947833940023482,0.916159683772785,1.01400160945204
"276",0.962920161398197,0.994677422390251,0.91491001285943,0.961449299592695,0.762933818984665
"277",0.982260424226546,0.925915886727554,0.899524065112974,0.885179843189009,NA
"278",0.950379026009791,0.974355080515164,0.988789381747738,0.841984416943551,0.975988541450847
"279",0.87564282759513,0.98777279034533,1.02889687768736,0.762066601147691,1.11364035923833
"280",0.922504867146192,0.912871772072369,0.908761548204402,0.812901500045884,NA
"281",0.905571699415138,1.00067687517189,0.981547184000343,1.01310000290899,0.959755663943069
"282",0.972729069531431,0.637869118411501,0.850613920368038,0.714103330434611,1.02121340191701
"283",0.946076076501985,0.949381320166634,0.845370654465387,0.827134608101591,0.961776736635165
"284",0.971390099768841,0.981473556663887,0.790506304964048,0.845213287215219,1.0507064895393
"285",0.981893285730964,0.935130571206645,0.914148923755665,0.664484785146174,NA
"286",0.933122792903036,0.91371505698325,0.756438124277326,0.954033766619632,NA
"287",0.918494816802436,0.970500222982419,1.00489460104155,0.919361479705664,0.94676562827179
"288",0.977412371052913,0.971797822103817,0.82380351848815,0.913857049148651,NA
"289",0.923478907424043,0.974584046206468,0.724892604948828,0.91470156661928,0.877467890149726
"290",0.981620928359821,0.980992414694951,0.897679434761622,0.797366508903374,1.05749675995937
"291",0.848715976817522,0.84443758922653,0.653386929443821,0.891521233830542,0.976809013499508
"292",0.984437029450231,0.94003214037225,1.02593741571687,NA,NA
"293",0.981615575305837,0.853161984780043,0.901041440988397,0.828246071727779,0.84045412606247
"294",0.967130087058898,0.899873358111446,0.810424549867134,0.790941928423085,1.03177388881543
"295",0.949686520539226,0.983152222610574,0.937065300164564,0.717561461419533,0.917491100250263
"296",0.969631505746435,0.964927914081088,0.680876868009122,0.666726383602881,NA
"297",0.948390536927031,0.979969421522229,0.935471850962327,0.843720139736611,0.92017865253579
"298",0.976082427794402,0.806631192518572,0.806267989364867,0.91853077249278,1.04114312651163
"299",0.850369756722264,0.826601198537758,0.839636649102772,0.793875476296458,1.05277791966214
"300",0.894903801689259,0.926898829065367,0.970744387870641,0.775854641510839,0.831629270072964
"301",0.854773373091129,0.982558841981897,0.889934651233515,0.897696111502145,1.14252511820018
"302",0.968089223436164,0.826880256388828,0.791210287514856,0.927169960004223,1.00016576631
"303",0.858116738244832,0.871713732355601,0.983235520398257,0.964753577458284,0.903520539826588
"304",0.88648129887407,0.977139708919618,0.823582044585144,0.735994232864565,0.857888416316721
"305",0.954107280855619,0.980066670618993,0.734599939739695,0.977982210585917,0.890128741548343
"306",0.976953147649682,0.813451300340319,0.978236112240013,0.632900011879768,0.984946199093216
"307",0.964321791970557,0.97356773068813,0.808591833737487,0.797781734283371,0.829894106370743
"308",0.963842135902407,0.962193725489501,0.962959167487663,0.765725689652896,0.960988833180991
"309",0.88583692904415,0.825142412962312,0.925819787778074,0.864843137381823,0.997121415667266
"310",0.964242024143192,0.977711398174102,0.852494817781917,0.95283602414787,0.968929962610966
"311",0.902465714882394,0.841732577126391,0.733147555894347,0.915141068803296,0.882170077200172
"312",0.807550645299671,0.943490927845908,0.766899698179764,0.843037571876979,0.890202483785754
"313",0.7029283607056,0.918448115522553,0.90737047451545,0.861045956180653,0.912313285201362
"314",0.905273845413085,0.657999711992822,0.882382832363011,0.978071067380122,NA
"315",0.787887916499383,0.96215621997466,0.80083633621995,0.718804380747064,1.03048966821971
"316",0.862369502417222,0.922310983561382,0.839284748960219,0.846756259966241,0.876277479643565
"317",0.789282557621986,0.962394748535131,1.03324318567749,0.833406814260065,1.03594837741861
"318",0.97531392554638,0.66765642380285,0.816626691182542,0.753666249545382,0.869612475414737
"319",0.790298718918847,0.980643492223243,0.886740568305162,0.795130545880207,0.74038669085038
"320",0.960399629194532,0.921959989222051,0.957303592331469,0.818437141986078,0.975026996788541
"321",0.952213544178286,0.979072542849733,1.04325700737714,0.837269970101498,0.99006977124045
"322",0.971380622852093,0.96408234752056,0.913400123845121,0.878470473853799,1.02515894607114
"323",0.97221106765679,0.893406418889592,0.908520329503102,0.854554408351608,1.06324516378956
"324",0.9385311733431,0.798986517766002,0.775302959838955,0.657028209310048,1.06116172682651
"325",0.858237358955792,0.989434207599519,1.01893239910513,0.878808146185489,1.00906704737781
"326",0.890844702480801,0.96305179765212,0.862072640078305,0.830385165085673,0.981994470404943
"327",0.962149624112604,0.989657234562066,0.800185864663911,0.922680544235133,0.763696266564929
"328",0.94327002355059,0.789722829028455,0.941816231849281,0.643688557287716,1.03128571646753
"329",0.984771953108087,0.888247632810005,0.991205189922766,0.965517473054212,1.00785770515875
"330",0.96377039095982,0.951403051798394,0.94566541299955,0.719417229012113,1.00070199064078
"331",0.93389993613671,0.958243672755115,0.922535176748182,0.841052800070534,0.829397597970905
"332",0.892941116943863,0.96724172368078,0.763113353653579,0.80465475552413,0.868351425613071
"333",0.961491973166709,0.953198360192985,0.923454163249088,0.800035115851177,0.89888224043784
"334",0.87970799639521,0.977570588418984,0.880399406024491,0.876186651810888,1.06771989833826
"335",0.940987802460815,0.989667174195197,0.704952637874419,0.841637848871983,1.04187692863503
"336",0.967029082913598,0.983028275397811,0.914013936681501,0.915147835275621,0.977085063490537
"337",0.887283379361229,0.999295167574473,0.831597074396038,0.801243965956044,NA
"338",0.896932960198352,0.993322750684228,0.87007560624972,0.861924494973758,0.896005230186961
"339",0.984912606895539,0.976975363555961,0.849641929199359,0.988032303531682,0.935395811977311
"340",0.898497958665097,0.981731668765039,0.930866889764485,0.833357651655891,0.887077308707424
"341",0.893469940231836,0.987187308518287,1.00849338102623,1.10032149613963,0.834343825373481
"342",0.951696663505306,0.985370337042381,0.904289722942877,0.787132212082039,0.960934189447338
"343",0.969855469400331,0.86825182962352,0.800017241507387,0.895820283877482,0.875141737406423
"344",0.96981382758577,0.858320965949295,0.833299194670074,0.722137230838811,0.834377964242957
"345",0.957575036946133,0.983587785968106,1.0370544659564,0.980489228076902,0.919663769866158
"346",0.898226816219852,0.904986272383518,1.0365869943949,0.815074051885101,0.937236975849118
"347",0.961512817955445,0.971729879495668,0.815343896279121,0.966575263255924,0.8675686333136
"348",0.942637738551224,0.917863593197691,0.817247830574531,1.05565341606605,0.908020432492342
"349",0.972386787296025,0.971608000036988,0.967889089765026,0.781983108257667,0.850162929325338
"350",0.950146085655516,0.986583898660754,0.875801136876401,0.971675335753407,0.885850458445578
"351",0.973263474575227,0.987231827609071,0.853972336300642,0.750687384724562,NA
"352",0.966536643268312,0.988052144849587,0.821924807463421,0.820792402002488,0.938287727547801
"353",0.96986994235709,0.895728700083912,0.848248035837459,0.685556433017568,0.947784673274977
"354",0.973342314956017,0.991474251988725,0.798781972993318,0.754887125751129,1.02850485202703
"355",0.975240486950172,0.980383166112581,0.921252019113864,0.800344986837648,0.906127658102832
"356",0.95099444403021,0.851029535527745,0.79065452596814,0.672539077657568,0.871073477458812
"357",0.955161060182203,0.991836116987812,0.93666959337767,0.841850237853868,0.847936974283247
"358",0.974138358063243,0.948665296681144,0.974904401182998,0.704962355391157,0.772975093039992
"359",0.938935826855854,0.97740426986358,0.74108515087774,0.858090666680454,0.785030476547474
"360",0.947860631711733,0.91064717105669,0.816732588840638,0.656734520923822,0.969481326324268
"361",0.972289444868073,0.898115716714587,0.902050741748413,0.799796441008376,0.983342454037272
"362",0.963748047309271,0.970595770570193,0.990597080334704,0.787059232215975,0.962779820154897
"363",0.931875346143703,0.964486975699115,0.995460810161683,0.932057921646605,1.01672105524543
"364",0.962464865765256,0.861058871316887,0.745812899223676,0.879754496059339,0.826269080517754
"365",0.961051476629508,0.859804911638622,1.0291570323628,0.725464536395947,1.00393030099674
"366",0.938609595851427,0.819954292873744,0.817175360304261,0.831442611703929,1.16054476864346
"367",0.959771398043681,0.978207455236232,0.899763679240922,0.832907135436258,1.04255234053504
"368",0.943082475153738,0.808665011489028,0.873998432294837,0.761041887348085,1.09933430197083
"369",0.951348210805875,0.871983479268084,0.937524781504052,0.895966383761108,0.821578523040584
"370",0.986109642679208,0.97528101836706,0.930878197292279,0.924414961214077,0.795351609969613
"371",0.94008882131377,0.960508976745288,0.868958565449941,0.734642584215165,0.836850295259931
"372",0.920939919187242,0.857657242457709,0.93998266873032,0.917025031793665,0.921354096844266
"373",0.910102647148944,0.939343459765292,0.88376533082063,0.844845816462658,1.0019052388
"374",0.895036230884154,0.991190873771967,0.856527507659703,0.83790280181771,0.894088186225887
"375",0.940324254119313,0.806473944676439,0.961206619664611,1.06753198556813,NA
"376",0.962495477106174,0.985158304728981,0.955856977253227,0.885350295245195,1.0046604326708
"377",0.97450005754458,0.993335167334738,0.728470886518343,0.748091904704617,0.957668272646075
"378",0.956136607086107,0.833621872514936,0.908204027511761,0.878452403487465,0.888468644479331
"379",0.988817901848737,0.886078983965878,0.977778079309848,0.833290332600286,NA
"380",0.839327402659173,0.983929633639985,1.00331490246075,0.818207380763264,0.898663276181439
"381",0.972302345753416,0.810121611800064,0.880943629965602,0.698907121574464,0.939713039494559
"382",0.957327493037358,0.934679285265122,0.796737501575503,0.940218681856379,0.93383887047604
"383",0.977166596056002,0.975446161596301,0.961534151386953,0.726375896945579,0.853710639822953
"384",0.94581569717784,0.906490690279144,0.942380556446663,0.876463737834931,0.85108138595363
"385",0.969329949474782,0.979488298328435,0.919757209327662,0.704601251899354,1.04233530845658
"386",0.974995826243774,0.989089967096605,0.900880731111915,1.07866229092617,1.06143179845847
"387",0.974301438315799,0.982961604479407,0.880834897578768,0.995767573650597,0.946563805830049
"388",0.892935990971946,0.865005536687572,0.941723362740151,0.783574007056301,0.638938853456569
"389",0.981057935055602,0.976156438444168,0.74963066982664,0.793802995996428,0.938078004244998
"390",0.959613101456296,0.962845459255737,1.0096156673108,0.773555409915698,1.17274817611238
"391",0.946512514222104,0.923403968855661,0.696420502651793,0.80964729065992,1.03567512427905
"392",0.934319800272827,0.904250615057608,0.760900383617988,0.837354285307323,0.897863527578157
"393",0.913343174749527,0.931157349909488,0.782369036204377,0.844797138338224,1.11856397140633
"394",0.871130196809798,0.990153187025973,0.817085144666291,0.709712148213186,0.947440280703053
"395",0.943488434907129,0.820684479593969,0.984505448146985,0.770145716154781,0.985504647458255
"396",0.9580738805427,1.00207229064128,0.784148348083805,0.923058323873151,0.853437765536505
"397",0.980128917222286,0.959146365598785,0.799482745630673,0.974127970664787,0.953521447176286
"398",0.989532002576982,0.78640353986653,0.745495878111971,NA,NA
"399",0.923047649709123,0.963312231394142,0.919667771224626,0.893253527235561,0.896641229322507
"400",0.963448006137864,0.907209985833438,0.815064202361333,0.681376048106975,NA
"401",0.942002931014861,0.904449432885844,0.822974661650615,0.802148582882545,0.920633620775167
"402",0.94494465401506,0.879083388249355,0.881537035696429,0.889455709936197,0.980054441622539
"403",0.799849156449996,0.744753519549096,0.856664731071094,0.978581454331056,0.81231371869922
"404",0.921256736344982,0.907677722319265,0.883382129019117,0.859562154888218,NA
"405",0.969532029211345,0.889960948976455,0.847194590526843,0.648225931174309,1.17196091031246
"406",0.963346708582589,0.973328565212701,0.953261585925285,0.854219721167856,0.979572982178013
"407",0.976462896747972,0.98039043167083,1.016545182859,0.859285516105287,0.784528044443362
"408",0.96928019029438,0.890861406505815,0.741999309414722,0.947811906244911,0.91372827515904
"409",0.862444091025469,0.981990995445994,0.909396751809067,0.793446426695427,1.07838431521634
"410",0.966126312920134,0.983661984003689,0.877244452525611,0.721786858251489,1.0260534832385
"411",0.892391363363093,0.761261607963503,0.933831772123354,0.811405079047707,0.765590920578667
"412",0.924477313415496,0.944734800859036,1.01069095039067,0.698920117017174,1.04363209809807
"413",0.851403778091986,0.836989377543071,1.01372989757475,0.745737288440156,0.879665808599103
"414",0.976732824807603,0.792016281736626,0.950668550636093,0.896235608191422,NA
"415",0.94552007022432,0.859706272202573,0.743431758290995,0.828909441156466,0.997230525572221
"416",0.983525272088462,0.932501069050904,0.991867131223389,0.836890554982155,0.962157875028707
"417",0.969603402566143,0.973650539932241,0.926849782688245,0.968706621175408,0.948122613963787
"418",0.978125264109716,0.985850140032876,0.758186825491318,0.916472380649757,0.97521074577082
"419",0.960764586443833,0.967512460163666,0.902344672521664,0.863352605281034,0.925366976948359
"420",0.948952682065073,0.776015721306871,0.826185943198491,0.766534619179376,0.770438493735407
"421",0.869116507515698,0.896217032409698,0.931449274267192,0.953231693983803,0.930601961933824
"422",0.756465880607667,0.977929427725463,0.821351731104685,0.779985278926581,1.0970272163871
"423",0.975465429400253,0.948174414164066,0.74518659943822,0.723675472315688,NA
"424",0.868254775624639,0.987954551902116,0.761680324891669,0.789961930484887,0.89499775503494
"425",0.984159000832379,0.984609649523893,0.857601789202399,0.89683432128803,NA
"426",0.866541285733943,0.992809434319667,0.709349917824106,0.842336677768895,0.87925777599988
"427",0.980781571858787,0.819064795677987,0.750768169053578,0.681689680431449,0.946811803842583
"428",0.956719418550984,0.754284670698988,1.0229632050346,0.876402439550166,0.946370268678276
"429",0.94660901621749,0.93666654890368,0.866474147349196,0.762011113948972,NA
"430",0.961920443111232,0.985024890543704,1.02995964559308,0.894052498975892,0.913008058931803
"431",0.947577826340075,0.900064990253447,0.965254537189699,0.97796123852232,NA
"432",0.919039936345952,0.856480170906781,0.901264981658629,0.823404735964137,0.871942223291339
"433",0.965246521040403,0.975373034395604,0.954213413755424,0.975667767807999,0.820147978283215
"434",0.97192351879884,0.926067666915601,0.705362796756258,0.772052270279424,0.992151439938426
"435",0.885126709836933,0.991450094723931,0.874987193378311,0.921443273235775,NA
"436",0.968122172267108,0.962911544109504,0.84773543453028,0.716054070117586,0.770052871795642
"437",0.963475584041589,0.910370592343647,0.890025510467645,0.656580493453522,1.09626903287001
"438",0.89797256827913,0.869041958158641,0.9462202260782,0.714688115205574,1.07845714204619
"439",0.982143975628943,0.984103769292578,0.482867949558508,0.730393424633232,1.03207753185856
"440",0.951390835581708,0.978232755899884,0.725485557683191,0.802436057977935,0.952872342327859
"441",0.889869140094712,0.898141552808965,0.79162897479386,0.722816826192438,0.852309442481789
"442",0.964632044781652,0.984650125830599,0.70485714334078,0.941104347272057,0.857941678696803
"443",0.967741200113058,0.819029773290928,0.709726803136914,0.87948456576858,1.18670331582434
"444",0.962946066193149,0.9792284367565,0.925994821865145,0.976214167228315,0.934397490204086
"445",0.894956488506689,0.899054762700728,0.881259790152089,0.616611087998576,0.970637374388972
"446",0.963713072131449,0.922322953549007,0.887606219652327,0.885073319516551,1.01339465398796
"447",0.981641054581675,0.659983642448172,0.754778736699525,0.983550828601688,0.837341387365283
"448",0.868241626529,0.863453484827852,0.78293770275091,0.694948288380343,0.854520617171265
"449",0.96062507752962,0.99167282820034,0.850975065820736,0.917393030592475,1.07077144891057
"450",0.959912255219555,0.984017461768117,0.834153092552102,0.704547696274937,0.885359046741413
"451",0.800548135059873,0.893576240738607,1.00920310662783,0.821729093034627,0.883535892189229
"452",0.864138935464707,0.926587375034658,0.768097432041624,0.795467082012039,1.10887877419112
"453",0.903153732528297,0.904809733580764,0.788413337374943,0.83668066867096,0.930052819171041
"454",0.978106566229331,0.984107949006236,0.866236346945341,1.0403855447247,0.868354502678737
"455",0.939956040146036,0.817740884992453,1.04024990714724,0.691169422419482,1.12283332670556
"456",0.815135283251159,0.853893161027048,0.84745676596386,0.926173604131412,0.931723316022781
"457",0.636152782455488,0.98780798397116,0.922277991140513,0.90800542650375,0.930211376268647
"458",0.918360517292962,0.969943854652613,0.909861519566106,0.795074923343135,0.948111490354891
"459",0.91737587621047,0.948684388820288,0.989965225266541,0.875550231111461,0.990031144558397
"460",0.97652157681361,0.968339220844499,0.897104837674628,0.895795978413623,NA
"461",0.796594428421249,0.894781668266431,0.856350627641406,0.927360121243695,0.84411280580228
"462",0.965987963032319,0.857962878307976,0.890540984500629,0.788997662284977,0.911663209421912
"463",0.89810781919546,0.892995581636321,0.780220743048688,0.971748275894533,0.922111162452052
"464",0.982709111834295,0.91430764490848,0.727509977585471,0.788977528387113,NA
"465",0.959544582042315,0.976399412245991,0.925332513094147,0.670979923150354,0.919212138455744
"466",0.972372254569758,0.880713710306316,0.924598682259049,0.73274666094221,0.95069067072865
"467",0.9584409285688,0.997329124292203,0.744868212321295,0.858295409875171,0.944463460090974
"468",0.96208072101001,0.981134043598079,0.929925321707592,0.825803096283012,0.9465869983823
"469",0.968353157546183,0.902530581929625,0.888101442014207,0.879799018884339,NA
"470",0.940953313329087,0.911747819389015,0.763124457713482,0.741216676861706,1.17045822716908
"471",0.925048879228333,0.994824841405381,0.753990104634287,0.822066207444384,NA
"472",0.980108298198957,0.977468373825047,0.904538965527315,0.873446784453649,0.917424716746878
"473",0.97078006164958,0.983600241362754,0.788551636628595,0.957350178876244,1.05050223143925
"474",0.959530651712346,0.929693776494723,0.881122707719681,0.677572102832082,0.850548119427086
"475",0.850428276810861,0.921766928655711,0.922031742703206,0.571739152923012,0.893416069650173
"476",0.966703765275317,0.8965874538475,1.00886546482901,0.769858470931433,0.866414533942943
"477",0.977579780621917,0.939242433332995,0.826983128036451,0.854275223926687,1.01479715013197
"478",0.940612728050833,0.985139573172959,0.974599557429305,0.970279482598589,NA
"479",0.964327043702963,0.98752838598864,0.964341053119838,0.810117434513751,0.982594971396438
"480",0.875509358312793,0.977708763671194,0.741138911659789,0.946642754460208,1.02524362831668
"481",0.976303294439047,0.813031870676619,0.863884149926943,0.897039105675893,0.91001594514802
"482",0.824879234326172,0.96832101875088,0.967973586667278,1.01154097427108,1.00782361415554
"483",0.979655903614733,0.977196932435306,0.944635418732596,0.847804129657212,1.03168347754951
"484",0.965454694307294,0.983446080153137,0.867725709439987,0.830847719122898,0.945213327284754
"485",0.873255886961262,0.928161593474854,0.80097061262725,0.864283343128743,0.808320446221875
"486",0.976181146611507,0.972801567560336,0.847836932715397,0.862345175892509,1.00321092268912
"487",0.866384551358014,0.885777507077929,0.752897607289611,0.84789783831321,0.963831914447398
"488",0.980216446727478,0.98131660611296,0.915549307853248,0.880681463573052,NA
"489",0.962110050800927,0.881732518205047,0.807660702935972,0.689364090380794,1.00276264928196
"490",0.965650028279394,0.988344308665206,0.891814531530648,0.909836504293654,0.934882765082651
"491",0.955146668957072,0.964276455451741,0.894433178392068,0.819316158205114,0.862498898735206
"492",0.967192438803964,0.930525902077654,0.899439151332563,0.939619950562682,0.874338548673612
"493",0.967072851971888,0.942056021635178,0.777448487339422,0.76982223105652,NA
"494",0.975708605109005,0.965619156876183,0.739786160982747,0.718253125579171,0.914681574545443
"495",0.901913619201447,0.977284354291207,0.883133023513562,0.715537981924125,0.950684018544369
"496",0.946805083219958,1.00112745526867,0.743085075148224,0.729062709168011,1.09221427993366
"497",0.961643441091873,0.964628562157747,0.954529173431183,0.817699709847781,1.08768489503736
"498",0.867405934239982,0.982402227336194,0.947893445970802,0.927157032967644,NA
"499",0.925593954947105,0.9768588797366,0.763770300816489,0.790695619324106,0.96004589445391
"500",0.955995739477029,0.976270525887385,1.02520155425733,0.579972041599128,0.843602512127235
"501",0.96785987156198,0.976626699235833,0.957389322793442,0.732135178732077,0.812892668161181
"502",0.948585602579368,0.952729515046874,0.712435551450013,0.853222000349061,0.976738501746255
"503",0.91930530298041,0.995126697892071,1.019450547658,0.728723685918513,1.06810024802273
"504",0.967176285981117,0.841249635325162,0.985314072788171,0.796650665089734,NA
"505",0.895171002164674,0.987213580172411,0.86162873963982,0.780123446233922,0.794109265953031
"506",0.938521293071886,0.889016483981113,0.877684762873134,0.922921663567431,0.935378380571752
"507",0.861362849364187,0.96901598294595,0.761113711801248,0.840107106657695,0.879954477814794
"508",0.954615244742254,0.963323537308426,0.887072703914941,0.849981766198878,0.957826485594543
"509",0.956567560081754,0.789659613379418,0.7531715454835,0.855731705548995,0.87103616818987
"510",0.930084665534908,0.960154453318942,0.784527546830344,0.875812288369116,0.877518040093457
"511",0.922584088652014,0.988752415471633,0.806768590918279,0.978340384316965,0.772170187950637
"512",0.965375161996125,0.993369294275308,0.813664507032882,0.819773683165396,0.996973013371307
"513",0.829701860571148,0.659609389023924,0.908001093191346,0.82563590817248,0.927898154051246
"514",0.963403713873657,0.969433954077811,0.769911866076609,0.938875747057505,0.737671586631597
"515",0.959259902507981,0.894710562627519,0.79679729464623,0.781450399205731,0.95962301805896
"516",0.905073286741787,0.992922411333374,0.935660763740095,0.799698699784346,NA
"517",0.959566583882715,0.987690555996581,0.954467912988777,0.822565291172692,0.957229075001549
"518",0.798894871321648,1.00654075948903,0.945625608917212,0.846627779109065,0.883449020454905
"519",0.975372439741097,0.870051164747072,1.03700258743318,0.774576278602897,0.845531480620757
"520",0.950068853174238,0.963225491924914,0.921411402943935,0.843465872337878,0.79420066263968
"521",0.947131768294034,0.860228334959598,0.729895641716459,0.720252174634316,0.923997482323494
"522",0.974739100080638,0.962625240463542,0.812018676263545,0.658879391650606,0.9677423676219
"523",0.979437905775815,0.972465390495114,0.809727651100561,0.860261267566484,NA
"524",0.960456517749497,0.98737444809778,0.861793242895542,0.893171738367644,NA
"525",0.964157084164624,0.970797114955104,0.92490181828006,0.668054912848792,1.01567260749382
"526",0.918711935302552,0.902355053075502,0.865211427408343,0.841894096578451,1.03062311625998
"527",0.896851546115108,0.964270136942583,0.890404049816064,0.694931465360754,0.836028262868885
"528",0.965916682016522,0.906150025942793,0.781146299082522,1.06306550148348,0.807224627762955
"529",0.960373133849136,0.885949102503583,1.01021452743371,0.91089663137146,0.797630396852698
"530",0.907785415380908,0.968403413483749,1.02995590061358,0.788565027516946,0.922789156043605
"531",0.941176273204683,0.885850230041586,0.798782407011051,0.996500094467632,0.894347297253226
"532",0.87309775325802,0.988167379104863,0.887259235605391,NA,NA
"533",0.971875539993677,0.994313467876361,1.01082039448511,0.838371450853997,0.931312613667028
"534",0.962988499386245,0.831831502969489,0.908113424428495,0.770073820650079,0.964496915849725
"535",0.956407766309447,0.988390579332648,0.773649089300176,0.9558395207641,1.11776949022773
"536",0.890987712704661,0.871019520754557,0.834402219491078,0.779799060871932,1.05720620402496
"537",0.853514225320956,0.992040275225391,1.00955760712722,0.800141762536772,0.90846888340693
"538",0.963520246308496,0.884530165784284,0.862486966928468,0.929889527014707,1.07994334983839
"539",0.97140382800043,0.909519919792647,0.853239189185064,0.717369793056337,0.952443158628701
"540",0.9566571159312,0.975076276628829,0.958726813366788,0.748508297730115,0.976192385703546
"541",0.97583279323922,0.975932612430738,0.770943765596451,0.725593156095714,1.09564954923526
"542",0.965448411930689,0.990852324859676,0.826215312853003,0.811973386114406,0.872256598442523
"543",0.967317391654782,0.958951856095263,0.773246380816118,1.02025989406399,1.08234197530428
"544",0.969681003780412,0.8833002663922,1.03017996986741,0.711711746375664,0.991560162286206
"545",0.975175065334849,0.958980167950591,0.835205006159394,0.87923963011952,0.953206727370075
"546",0.865761113253185,0.981169165138597,0.95296737438864,0.89501301624952,0.874815397698655
"547",0.970117146067907,0.88339285867362,0.778348738857335,0.518506299987235,0.934579552529979
"548",0.791075510755439,0.983606123490173,0.884019287112023,0.812465856958177,0.860814888625589
"549",0.949457176780722,0.983194829810197,0.815252936123812,0.982232847978554,0.996013687092548
"550",0.939325490837392,0.946903358193571,0.737007177183879,0.877766321241231,0.966591768474545
"551",0.968269069759971,0.975048925029784,0.895969882680747,0.772848802175256,0.761557739217586
"552",0.77103339989775,0.971027109109549,0.963291377031181,0.887442413177009,0.898541516612001
"553",0.900663084325988,0.905323128546091,0.785359287754761,0.855099921150543,NA
"554",0.985135422597907,0.96728917277896,0.845232896038173,0.711391230161447,NA
"555",0.994175678466345,0.719048296823662,0.902061115868061,0.95178875917786,NA
"556",0.981211656860673,0.980901865020378,0.742068848858698,0.659773061795927,1.02985940729035
"557",0.941635903385179,0.96208368022417,0.887424622622501,0.711446475186954,0.85081205582071
"558",0.86994996878629,0.987604109781726,0.77801252511982,0.825286053452718,NA
"559",0.932185418449086,0.822347962307713,0.920676963524072,0.74823336556863,0.843911314932169
"560",0.974137854199931,0.990336303166279,0.939985659851681,0.878519543933296,NA
"561",NA,NA,NA,NA,NA
"562",NA,NA,NA,NA,NA
"563",0.757599685627779,0.902500489319424,0.84770713583967,0.740650965984746,NA
"564",0.851703110973122,0.878933072177716,0.91026978795167,0.979868420649075,0.787275850840053
"565",0.876163308008397,0.992419086507642,0.76988329805058,NA,NA
"566",0.952308008089453,0.995640129811777,0.994429998487755,0.869082520109261,0.917577844593732
"567",0.862698806723935,0.89920758809471,0.941228175602831,0.746100917687959,1.07793517688756
"568",0.894507272949059,0.975771540024643,0.699202987146098,0.820341047623444,1.00860995846322
"569",0.845821117054128,0.98120694589084,0.913326479777814,0.738584254147059,0.95149510327267
"570",0.960693457548222,0.930221119846889,0.884844311942631,0.837981641445274,0.799646679968915
"571",0.972007018991333,0.910123796505755,0.832054888387376,0.875819861251098,1.14767242576864
"572",0.929304995125204,0.826254406714856,0.771385279632808,0.755045256283856,0.880596195553473
"573",0.96343229105501,0.934734041157384,1.00994579329248,0.850594823282312,1.07553781590526
"574",0.953257083874423,0.687714301368407,0.918854998765932,0.755168448568493,1.01991955485366
"575",0.988161170900882,0.991385109083507,0.805937752244575,0.71890407951842,0.877257973559108
"576",0.934875478895317,0.999640279023466,0.98240957786554,0.661883262180555,0.948273378838906
"577",0.81352229898971,0.974482633091707,0.811774310248284,0.844060477284893,0.823226067275393
"578",0.971326251503893,0.983185080560872,1.02991331027719,0.789461592309078,0.929243423406976
"579",0.976585150983522,0.803113704026985,1.01422046049971,0.807176349455044,0.902901169889357
"580",0.987635435614296,0.98162965769509,0.819676908917736,0.850734637030936,0.952502391140072
"581",0.872179594131988,0.983295872744475,1.00486869136387,0.940905879841836,0.910270266249895
"582",0.940803809333353,0.882755364695428,0.875615733621058,0.989300781429219,0.989984238932188
"583",0.949099368273744,0.914053359139104,0.863527276920826,0.770393500250058,1.02900134123771
"584",0.968475489355271,0.924688715912136,0.785425580056721,0.625716399445358,0.870241181735993
"585",0.932280349218823,0.926146870473581,0.91083343983285,0.769144625591435,0.955312289587108
"586",0.705871234281049,0.968800547050119,0.83425396762724,0.885293633627289,0.842670345132269
"587",0.972117655206419,0.818979847020025,0.784640341530196,0.833955943074128,0.87775804424183
"588",0.966352972417567,0.930883848491478,0.84464383613839,0.865147149678088,0.900402752833391
"589",0.868386272290739,0.985877417652566,0.938764020237027,1.0281736341029,1.11064404136497
"590",0.974021710046965,0.98613723680277,1.00666035418073,0.781410092069989,0.984433420221734
"591",0.956392944152684,0.983269457308989,0.827259536633905,0.908083863548475,0.85722695677056
"592",0.903001840363713,0.969728266609344,0.844555473181798,0.786055014282528,1.07131240357986
"593",0.963160405581826,0.893799009971956,1.0131127920952,0.767855478414625,0.971560389850648
"594",0.965006343792101,0.983123762794805,0.858443533769408,0.837756599957859,0.951494944985151
"595",0.875864535184949,0.988184765056777,0.94143091576688,0.877368360139934,NA
"596",0.89555076153797,0.968740743426427,0.802115026330941,0.86961371716813,0.98741213790664
"597",0.963370636897976,0.853457305683935,0.900871301355131,0.79277202553674,1.13874805322738
"598",0.764857603930984,0.979320925189593,0.899619262025083,0.791005814253223,0.876635796269438
"599",0.891531968586817,0.968683170663055,0.799293840032267,0.812170894136992,0.924612349344108
"600",0.967375914805729,0.799716155361065,0.968003653040798,0.792647917825266,NA
"601",0.80550380343003,0.967451037121606,0.856887142587681,0.733518080681154,NA
"602",0.914455376449621,0.982140429013546,0.88252685441381,0.827951412446006,0.961856858885027
"603",0.929449055699437,0.974200606186365,0.926798760834651,0.92364748662012,1.02314882298955
"604",0.939796973945315,0.97608772179797,0.852274962022895,0.738041842389027,0.922965684361114
"605",0.967121811864737,0.907717792429526,0.976321671920415,0.961976064706379,0.878511238382496
"606",0.894184113354274,0.876202404932708,1.03698209419554,1.06501379216662,NA
"607",0.970697511971228,0.973426767168263,0.87932667841644,0.834410774322959,1.05704014456483
"608",0.900259425624742,0.987445839219311,0.825396957184692,0.9629221097216,0.888203414990735
"609",0.965834651260505,0.915161523962347,0.797457759231173,0.840275188662689,0.989423658894694
"610",0.96666899057526,0.965224641398847,0.852986795925404,1.09627618015346,0.886936930642393
"611",0.963683173493202,0.834306612220144,0.859299246728627,0.751057026223618,NA
"612",0.972426760885558,0.81636846056856,0.92505447754374,0.809646379611569,1.04216690761179
"613",0.845309001490432,0.997274331301284,1.0444573358591,0.810606905960651,0.98130228441437
"614",0.913420297327962,0.975383279261703,0.881972896802063,0.977283226350014,NA
"615",0.956024823206082,0.975729616045453,0.79265301758573,0.910358929450087,0.960064570581428
"616",0.791424408682274,0.983724027937826,0.906599683704559,0.696657309064603,1.0927874752166
"617",0.968300403605152,0.907078405978622,0.820116237280991,0.896958727297032,0.94416288477669
"618",0.945977584679643,0.981011947593507,0.864427049163077,0.803501167454776,0.99603604601139
"619",0.9300664056233,0.967324733504545,0.829088969075193,0.98387063089139,NA
"620",0.951844334083278,0.989142388831342,0.781043763622343,0.976451216591669,0.95860607316384
"621",0.978280946077316,0.917583594137307,1.01175376103674,0.863713319971326,0.924408786156061
"622",0.94852412896151,0.986519669990521,0.895267074294265,0.855251303770048,0.848660096572525
"623",0.826775361531539,0.960085911186182,0.917197289184267,0.730580515965105,0.938255085398292
"624",0.936517578484112,0.961113160090579,0.994126533661672,0.731728351973177,NA
"625",0.730921100241971,1.00008344827403,0.797210419840733,0.778970213772505,1.07736150817522
"626",0.813945497037958,0.844999238003783,0.950223118314937,0.814987837827474,0.882719886056899
"627",0.975112463830256,0.979803951104023,0.729023179904117,0.845267181063184,0.796969381652765
"628",0.978262995532306,0.858945979245916,0.859336337497228,0.858602724849124,0.903656227770669
"629",0.976317679897439,0.981737236606399,0.900914335759879,0.737882120426776,0.985504026923739
"630",0.907331788716446,0.949293726280374,0.772552396070908,0.654935035608368,0.86296430163975
"631",0.969950175260304,0.987576588242398,0.875035861046533,0.842789037822526,0.902579320741223
"632",0.940705054891499,0.761703776352347,1.02286224827249,0.808849614172448,0.905722718326282
"633",0.967660446494681,0.894199202430977,1.01428439414856,0.765475617412045,1.00466469330458
"634",0.954086478462509,0.943759083264731,0.847085819785501,0.776038592722299,0.976010028910623
"635",0.939749979249676,0.938686924539871,0.903757515424205,0.628812237935994,0.9512670619602
"636",0.980894382848331,0.837939096646396,0.874094746405627,NA,NA
"637",0.901626247251433,0.872253695246052,0.899245450772064,0.939445819285811,0.969963757729572
"638",0.963965043796237,0.975486550580547,0.940753024422959,0.86353431062638,0.991632345600129
"639",0.877302868672957,0.98854519116761,0.882723759411055,0.989510002313946,0.676669496098727
"640",0.892886300030782,0.962497395426003,0.767474655060714,0.689389959269321,1.00263235802888
"641",0.9781890108888,0.963697638881447,0.923773722936717,0.817417112364062,0.968193932691048
"642",0.969411668332482,0.78395723860638,0.966942138269922,0.6879595510446,0.929407254777203
"643",0.96999205560717,0.776989189382999,0.87003451320761,0.874003352539289,NA
"644",0.861745809135722,0.901041497760793,0.54808004584593,0.744019331808515,0.938241132915073
"645",0.962056662768587,0.980478826096767,0.887528836978369,0.727273987722372,1.02168045381471
"646",0.959136856119583,0.871217360721821,0.937206637474404,0.93128668920843,0.860871521038775
"647",0.867133734634445,0.916710564979851,0.77367148302338,0.722888940758773,0.707029836167668
"648",0.923739654142268,0.971321327907425,0.87535365629292,0.84055340958243,0.880528791681725
"649",0.969082209787487,0.785886731842429,0.824384545941441,0.80699958871566,NA
"650",0.810223187065386,0.885309054737651,0.935545787693001,0.840646907882871,0.870645086672955
"651",0.977707628809166,0.884921588066191,0.751386709980087,0.586042872802289,0.737626808877029
"652",0.904205268520685,0.972193406438373,0.826539775304554,0.702038816848765,0.977426390406998
"653",0.969997076989279,0.891122975046974,0.631407786475859,0.905891574689954,0.968824897007879
"654",0.961101556034011,0.985209795278661,0.914867574225981,0.938452403541962,0.834189075168275
"655",0.919497040789338,0.977260730347753,0.888004870536685,0.836887179332875,1.08020733229521
"656",0.973983457326978,0.925945167393805,0.791382905406204,NA,NA
"657",0.943879910095588,0.983086591303929,0.911687780348237,0.815680963738167,NA
"658",0.954772759890504,0.896774863970055,1.0102498650196,0.72386328011732,1.00987936021371
"659",0.857589610475803,0.994186378229099,1.00748712606505,0.914897900795419,0.949047505521978
"660",0.921791149727488,0.988368468859432,0.880160200528072,0.990346475809054,1.17542398547217
"661",0.977698928152841,0.742710570623936,0.750383349399025,0.804420409939199,0.805587693314798
"662",0.964827310628813,0.966517574076673,0.916508403188537,0.92093701577572,0.920477746874025
"663",0.948777581904814,0.968411178409681,0.873465354265987,0.859856340915433,NA
"664",0.877108855078479,0.977194905118052,1.01429360381755,0.992953548667099,1.02294843041074
"665",0.956622690301877,0.986001916187038,0.998465914864463,0.745661173308907,1.06235855392758
"666",0.97790438775646,0.92633848513811,0.871925652786354,0.799146276099399,0.827469904924447
"667",0.974597530928362,0.987320261569459,0.775232326175546,0.960836940276446,0.916883056163088
"668",0.959060750979464,0.972899184880412,0.80111036323524,0.799187733937164,0.920038932983351
"669",0.976656430242804,0.96697665373223,0.809603066523855,0.756884894213163,NA
"670",0.810255390872275,0.979612707109954,0.864379109219177,0.885698677033748,0.909154073180691
"671",0.791327447320331,0.975050227058252,0.745703713320203,0.974881946287965,1.10745882856725
"672",0.943499177394681,0.989219910538186,0.891662802781018,0.75831998106239,0.953109151630125
"673",0.962016908221832,0.88921240564471,0.827698072771898,0.864709688052317,0.908006210876273
"674",0.985734530362226,0.721533630168536,0.942207962906845,1.06314838610321,1.06230294257022
"675",0.94842399572381,0.969073305449469,0.766916644792306,0.883275514811427,0.886663296168427
"676",0.838685167434524,0.8864170468127,1.02053644283169,0.728321678739312,0.892910381005164
"677",0.907566766912754,0.789177120743288,0.801555191929106,0.809426898094044,NA
"678",0.96043373831413,0.906389630846116,0.818221628190297,0.854863257400629,NA
"679",0.867169969253475,0.944074231114982,0.730713269620326,0.915863742805084,1.02512459082689
"680",0.963170586124304,0.994739010912312,0.924316338908353,0.851184812924419,NA
"681",0.86070669050073,0.982580499304118,1.04408098940903,0.80620558547384,NA
"682",0.966882133119083,0.853077675173709,0.842597334942571,0.788327028595147,1.15207132166504
"683",0.973549558030235,0.97364946515027,0.815297049664736,0.948651778938845,0.793810078750035
"684",0.964028455175889,0.99803653325212,0.783518443135778,0.787093733251104,0.907567133482849
"685",0.9566296237499,0.972951829677677,NA,NA,NA
"686",0.970068175106536,0.97380421499167,0.754440242560222,0.717072211600997,0.902250978412549
"687",0.947087939217905,0.786752693200917,0.868202120805804,0.787369550101837,0.895976043156602
"688",0.926884585272614,0.969198981312244,0.871690957149506,0.668719729260861,0.816602782182709
"689",0.894746641956898,0.903952241459926,0.824800929673444,0.855007094713188,NA
"690",0.959616928910367,0.96659029894598,0.872938149978023,0.950317836405609,0.837265432131722
"691",0.959924605562139,0.985394034464017,0.982562453035509,0.811614374413927,1.05773256732315
"692",0.794478842712371,0.827754179402069,0.763722049071887,0.639501637863938,0.939351844949354
"693",0.937112540018504,0.883443449300724,0.871161527359735,0.851821032354841,1.02751050482567
"694",0.811188702154982,0.891000541298147,0.812397131677885,0.867952133951632,0.883630570089523
"695",0.863877597273701,0.982845766392786,0.666343277579978,0.920473830911222,0.938917480849509
"696",0.961025251510589,0.974966771517603,0.959503393941935,0.750488292815113,1.06656234753633
"697",0.938769498254544,0.989307711046701,0.744642800716929,0.706005622825758,1.09063657768565
"698",NA,NA,NA,NA,NA
"699",0.981589941444467,0.822892389018534,0.967750781479193,0.685799576974892,0.875347121618439
"700",0.9712709341892,0.907937511976563,0.795446972104891,0.758367559921539,1.15481353726821
"701",0.976061678327269,0.956131745247038,0.962793491934131,1.07832799638531,NA
"702",0.979769649031226,0.920568491635881,1.00883434232237,0.984083931957046,0.938934190668913
"703",0.902910197653602,0.826837850533297,0.972463348905093,0.735964128821208,NA
"704",0.886025096628532,0.979701349832852,0.96456741776446,0.734590717237104,0.854823097007539
"705",0.941880752385072,0.833047067537843,1.03954737521819,0.749373770213236,0.913868888601654
"706",0.966962830216411,0.884148645247255,0.854817762732148,0.780332574250832,NA
"707",0.963515993953483,0.880984308620165,0.950410589032069,0.723813967086324,0.788600039994437
"708",0.871815647907823,0.986127763052791,0.943940612671803,0.879552124721714,0.885258755427065
"709",0.804744144148604,0.979963574863032,0.710724903485946,0.967446725284508,0.853573873904853
"710",0.962888364982994,0.993941875340865,0.93466153074426,0.85746491929828,1.01389434409733
"711",0.961574891267996,0.97103453002101,0.820954068776813,0.687632579039822,0.881761620035055
"712",0.960509867976392,0.891944148395239,0.87919636813933,0.679033142799044,NA
"713",0.870005145275926,0.978020310291537,0.943390918639678,0.740061515682496,1.16726378990903
"714",0.973717597037218,0.757250900177318,0.787339592855257,0.673652885247288,0.956527767165507
"715",0.964468492510149,1.00180965613935,0.895237967183485,0.892656963407961,1.06457320277985
"716",0.978372537283126,0.958042982635427,1.01623487056834,0.895380037876134,0.954305349391747
"717",0.964982388539103,0.807736696887963,1.01447615424149,0.943025379306319,0.897771069939129
"718",0.853859940318517,0.868928728194977,0.742295477531419,0.811962419131356,0.995256655433885
"719",0.861816201327102,0.978179622503877,0.947878815196249,0.773052462072833,NA
"720",0.965726410209062,0.740718156992197,0.796826767661547,0.755035557294887,NA
"721",0.966427671034679,0.974203719846358,0.872895270498117,0.95309124404048,1.06124663463982
"722",0.895930031105624,0.937231854881765,0.914204294455778,0.959002499263565,1.02764152702173
"723",0.970402939276186,0.974888237669436,0.944715884104498,0.839724087856686,0.808539347184133
"724",0.899561159337293,0.992667755280146,0.900597531658347,0.849395338007337,1.03509703393401
"725",0.847138223437755,0.963281223891324,0.874770653920679,0.793470874878118,0.768909058819478
"726",0.793586506742684,0.808267461232126,0.798606189899672,0.718235366977236,1.00240058584824
"727",0.920616256622122,0.922684238163934,0.785779199809615,0.869321995959289,NA
"728",0.975247369022276,0.985059677384178,0.867995975247401,0.840863995407841,0.919114376025523
"729",0.934148353133682,0.795400107720101,0.75990561886892,0.892645892586554,0.930885852422117
"730",0.97532189067132,0.857368274750068,0.876393596702913,0.983940099233744,0.975188115431363
"731",0.94304322228945,0.978760320445713,0.759028175322437,0.819393463742884,0.869926987485913
"732",0.98782446465239,0.955943298771175,0.9617062013877,0.857667416011994,NA
"733",0.908736248001579,0.959159978208162,0.813505634972009,0.823393365216926,0.988957589102999
"734",0.862981412994052,0.89297485935957,0.920994441044702,0.963037049777073,NA
"735",0.971407737629149,0.964170117499919,0.886423644246363,0.718522261782954,0.916055643334819
"736",0.966742205716141,0.980418910290062,1.00521084766904,0.824327116941007,0.994539634337312
"737",0.965964634043938,0.965293130562656,0.825443884972745,0.699907900522044,1.0933241318185
"738",0.901641650257045,0.849790136665368,0.962137667498484,0.7374228382626,0.81009789836043
"739",0.968009444239645,0.86466522413356,0.91785343246887,0.699940425357795,0.81984418455181
"740",0.934185496259088,0.985002732170532,0.815059094025393,0.759115694594788,0.948616293004935
"741",0.942472874611571,0.969527528716755,0.986797251299053,0.565745654222133,0.992589668484177
"742",0.953539173632208,0.89833008437221,1.03514632885728,0.817393202330837,1.06300239357684
"743",0.967032734451354,0.754981101942591,0.9906133141957,0.728223864513744,0.965136840078535
"744",0.977419925729477,0.957245402316677,1.03088532223788,0.795289938951682,0.992153798892638
"745",0.902896407897272,0.965717305801061,0.896671618392574,0.759733303254852,NA
"746",0.865929752063088,0.935878591844709,0.923438751058125,0.982022973234282,1.00163944991933
"747",0.891453816414606,0.97750569437859,0.930528733778643,0.887081177321149,0.929214362590304
"748",0.880721371795987,0.998362350780262,0.866880809268747,0.960657986286029,0.883116664645236
"749",0.970647686493901,0.992610035581973,0.855629210365423,0.896860086714237,0.922614977398662
"750",0.958683842213668,0.983052068333773,0.949361376675598,0.921935018149683,0.991828447190279
"751",0.961753205242208,0.889015620949934,0.9137041003099,0.867142320901299,0.933309291381519
"752",0.968082617471664,0.990001562079215,0.84056729702396,0.96321644800114,0.809987492469807
"753",0.834970069738635,0.97276035739607,0.790688676205213,0.949202889024371,0.847130078612824
"754",0.977396597569612,0.946481471018503,0.904018753645065,0.965332696117063,0.811845908788107
"755",0.917200304842926,0.995276461061804,1.00138888611633,0.673468462485289,NA
"756",0.938804991699117,0.872281579272052,0.788214259671683,0.788734677437685,1.17603775054151
"757",0.953488757331123,0.878168299543848,1.02915394076949,NA,NA
"758",0.972099417400919,0.824580626077533,0.87558234202623,0.8023596400864,0.909375323986504
"759",0.973723959818521,0.772638626194838,0.957986660069912,0.953842928162492,NA
"760",0.892781037377279,0.961609691069228,0.899704474456411,0.887410527197665,0.940116795780466
"761",0.973769204257559,0.846809863838043,0.995870229085127,0.766486689445465,0.76684532462925
"762",0.938627990890988,0.938619957310139,1.0416029730331,0.688924935913284,0.906201452543198
"763",0.892143634536632,0.846466949752257,0.952925977041918,0.889949402726183,0.95468507692825
"764",0.973596085282303,0.878004828175304,0.968192946946123,0.686574601006251,1.12502840290478
"765",0.976112756393509,0.944249661467424,0.801463137917303,0.94597041733583,0.909895961902015
"766",0.901162708279706,0.975634326918637,0.848159523669525,1.02730882975632,0.946318158173829
"767",0.867424350005641,0.934201956982381,0.807945836584083,0.902794464853445,0.855473772685252
"768",0.970865493838084,0.984634871129747,0.832101388223643,0.711234317814787,NA
"769",0.87865716557048,0.98456940507047,0.811535794203109,0.922905291848102,0.781744585342525
"770",0.974804569055305,0.928782918558621,0.960363356298207,0.98530125219806,0.963150968100156
"771",0.962898899361844,0.949701173582358,0.870959938880297,0.720211106347176,1.00550220790731
"772",0.887189976472568,0.967889107734344,0.813951056298834,0.948277709722776,0.875204253928398
"773",0.957270836007986,0.954953304529062,0.882397886488135,0.896617998825878,0.95980226601912
"774",0.84334000377624,0.838945198081669,0.846739644100196,0.861010142778209,0.81105208085781
"775",0.708129064955129,0.963988574732131,0.911356563288209,0.748469979731112,1.01739942494711
"776",0.973805054947659,0.981174450279237,0.682862878708677,0.84539284967805,0.896147579990064
"777",0.956552176102599,0.918156411853923,0.828269197245807,0.807388563367976,1.04731384258065
"778",0.927187049251779,0.989568301475154,0.773299624127668,0.55515812984582,0.834829286683649
"779",0.958967966932334,0.904697531151496,0.802053721123043,0.902008802241994,NA
"780",0.972360848834188,0.932908766567702,0.938745387189956,1.01016180294184,0.96213127222092
"781",0.941209765968424,0.94989713697216,0.747998272803586,0.797092986368656,1.04263709614422
"782",0.980260712737802,0.988816605479011,1.01003463902939,0.722145417447897,1.02689326496723
"783",0.956090582352646,0.972614956324478,0.92187561963643,0.901262021671418,1.02861479642929
"784",0.865869919579293,0.976623038947681,0.908124953670878,0.828634627153689,0.832874127681207
"785",0.972891578832798,0.947559763794446,0.877772722208471,NA,NA
"786",0.879423474321549,0.982182321543083,0.921675845062594,1.00715002167751,0.832100576282398
"787",0.865743883059797,0.816470240588026,0.996954390626398,0.821025615831178,0.754695331796788
"788",0.967436904330381,0.987108600362429,0.790236608313455,0.794709757283429,NA
"789",0.956873941209158,0.907772109295165,0.93685014295816,0.713231069574057,1.06089244638903
"790",0.811438662539533,0.96061716490384,0.850952598627676,0.89515363380493,0.949841610062432
"791",0.971403028971182,0.943905453586659,0.805117862379379,0.684888894925239,0.896636032655341
"792",0.964308302463411,0.970968296306284,0.958869193874516,0.798487538433176,0.877854003048367
"793",0.981425968307009,0.957345246894993,0.930137912751772,0.687362684710317,1.15818969186781
"794",0.770448998310811,0.970580025556973,0.946839771388441,1.07139863414829,0.85245085849247
"795",0.974957345579807,0.954642863649884,1.04174094880607,0.928750234599922,0.876585320761721
"796",0.816284122035914,0.891599684383899,0.739619745457258,0.758443506363094,0.900827065428611
"797",0.955767833372277,0.970541964121007,0.872616198798024,0.759077101378606,0.976540263364493
"798",0.962233545296194,0.927554763007461,0.871650865670773,0.655549577618259,0.961414935791608
"799",0.973463576712385,0.998459108050486,1.03185957955323,0.899800763407807,0.900611608235418
"800",0.979756384662274,0.983373768821016,1.03072997077544,0.64978426554365,NA
"801",0.967938437150689,0.898451468402709,0.834887311024405,0.877139728523145,1.17348649097597
"802",0.949155389531957,0.949806276836866,1.03209624397162,0.801800354891829,0.980283076753839
"803",0.974300290603921,0.983508817966027,0.929382169884323,0.68803084761077,1.0305417764625
"804",0.963377239893801,0.983210774469685,0.984630974203619,0.770104758966387,0.857123052804543
"805",0.829855815408815,0.861700374707374,0.88781341548742,0.868605603033707,0.905195336271095
"806",0.955968416397363,0.978652489816005,0.863438248794481,0.877896708973537,0.884068341459256
"807",0.679561381526332,0.957151377294126,0.855032780974704,0.866082366791029,1.0121515409405
"808",0.870306947754934,0.988052277794545,0.957762060451881,0.70330232140088,1.076187917889
"809",0.976532942159291,0.992736034604623,0.914637003196956,0.908878605926043,0.947898601344058
"810",0.977911074150248,0.948321645227452,1.01563969761684,0.881100727158289,0.886017824596035
"811",0.949851772435417,0.909896024429136,1.00364006500881,0.8342642454372,0.827806078558814
"812",0.962886459632549,0.969411447280033,0.753296657861338,0.779261659299092,0.904379886066136
"813",0.978032752530988,0.973719207730583,0.828151999745346,0.930764394473243,0.942720916711895
"814",0.968567023005669,0.97519857064964,0.782015157037707,0.850118507321052,1.0889676385556
"815",0.975142925398184,0.79471597887058,0.957328771239971,0.865998572693997,0.974002154725182
"816",0.981042214375553,0.688418760022022,1.0120366031745,0.741523857987316,0.863128590378445
"817",0.965935877270231,0.867893671201628,0.982870474517551,0.956179605839724,NA
"818",0.891150425428393,0.817589346247233,1.01989644778748,0.875237445742931,0.863024017846696
"819",0.959962310177414,0.874180001979537,0.920554691959925,0.914896227063504,0.94076837279409
"820",0.952549009545187,0.962760601380267,0.910436046462482,0.680277561235278,0.896634807583347
"821",0.913363476818664,0.860794916443503,0.777452925768368,0.796744456570049,NA
"822",0.900366174655404,0.898489902057802,0.79930837615324,0.850836399912599,0.992112692253493
"823",0.834323663059293,0.829266896427743,0.738446077408207,0.89685052582972,0.784873503775649
"824",0.974479757781063,0.973608845247809,0.758973562834802,0.843019617249614,0.852162476185862
"825",0.944851419927108,0.872867864046102,0.850815877279977,0.835916193700921,1.02163301224978
"826",0.908194285556779,0.9151754600981,0.643156821637523,1.07258391949698,0.938972760213769
"827",0.885873343192073,0.95141769393056,0.744096502164426,0.92620775453654,0.838760945154275
"828",0.91697577908361,0.996025283161994,0.867265638143475,0.967749962693775,0.843554577968129
"829",0.948943307883031,0.982231430869904,0.826089618015544,0.836066124617192,0.955163466518332
"830",0.885328700826857,0.836255460908644,0.852348612041531,0.908373269065378,0.900745024209226
"831",0.923314488860139,0.888039406323919,0.883483471221513,0.694680199243854,NA
"832",0.964091546061438,0.95994749449814,0.76344083253922,0.795166584131649,0.878510969956407
"833",0.963336043140131,0.93128905643081,0.915176631822466,0.759173591245384,0.940221308728486
"834",0.906365832752143,0.988746775460815,0.92999168906567,0.908703056394206,NA
"835",0.962362987578673,0.988418218502411,1.03119932875046,0.688286467201183,1.01967849953755
"836",0.941590896572262,0.880171031925594,0.830281618383543,0.702798468702501,0.970538214550039
"837",0.940672017705385,0.89625391017251,0.78363114359915,0.906357648798584,0.910193056417301
"838",0.951164473608094,0.762154423019876,0.964759346747634,0.764217690900885,0.883582068145219
"839",0.97321480560933,0.942406082165489,0.781946781530835,0.825288946762522,0.938592313852179
"840",0.899187096136596,0.969337723366715,0.722559664466198,0.918868243518047,0.788446558230444
"841",0.848845627828158,0.983815799058357,0.920327929100872,0.725857450266179,0.788626520889754
"842",0.918196977642673,0.997895126525594,0.846557059139935,0.694332408346388,0.960939690461258
"843",0.977892251249668,0.982057996059127,0.779442878821458,0.673096285033931,0.859841346008067
"844",0.949608593530891,0.876576835544429,0.894952787422218,0.85716048033241,0.822190531405619
"845",0.964873549227797,0.948223535094772,0.765619964241917,0.783388207611106,NA
"846",0.974759878668762,0.907390355635253,1.01090161004813,0.754140617952946,1.04545926749628
"847",0.920000217889087,0.977929826082836,1.0088240702999,0.904661955436358,0.781344756221071
"848",0.913956419443435,0.967377394168849,0.974371584882583,1.0159467207079,0.947078585064246
"849",0.951780625026383,0.909745098800687,0.930006885672305,0.921477511829882,0.996298147888544
"850",0.987851419574873,0.982267751866812,0.791724356058456,0.667384654357438,NA
"851",0.96239841307341,0.964092321833798,0.966043048577091,1.03965960262015,0.974661414354644
"852",0.829689756121838,0.984282210442705,1.02276841583214,0.928619438476982,0.828964903010766
"853",0.954384510902874,0.986947594955087,0.930247216819077,0.912238879635089,0.864562972540383
"854",0.952605181918244,0.904635960364805,0.841641305624978,0.736219628635135,0.848598240094759
"855",0.961350175968134,0.879898466012856,0.697746093384352,0.762783409412497,0.839858942276481
"856",0.948288880392347,0.87638621288213,0.677346554519142,0.751909748149111,1.03432539263291
"857",0.957402650693257,0.979643093147179,1.00746001898829,0.806499571242328,0.856978774478974
"858",0.979053731832918,0.876109799448123,0.856939808417795,0.844532187412419,0.898738923605946
"859",0.905742938736061,0.868228153368732,0.727085933912471,0.868531476032297,1.01650934671269
"860",0.97391519732701,0.958223119050847,0.893578745434334,0.777551052053743,0.841032070336232
"861",0.969069349863891,0.999004675268277,1.0172221963838,0.952052585457842,NA
"862",0.898891454249155,0.989697195024846,0.927824137994074,0.973445700019446,0.937103234226768
"863",0.899633234031113,0.976541481111015,0.865072466460088,0.783017026794755,1.17664158003498
"864",0.975432703375651,0.991694660880059,1.03220024248262,0.737537226617061,NA
"865",0.961748261000919,0.985354454581632,1.02296263077573,0.905307315285532,0.936401001233133
"866",0.857422347625184,0.903400493248368,0.919620925359013,0.786651708623293,NA
"867",0.967228777983225,0.862269265907341,0.879853196603284,0.948143010081873,0.963160410944469
"868",0.972374985068261,0.973600843301295,0.942578138639926,1.02907877544037,NA
"869",0.861218092451436,0.851879714405141,0.861071832051266,0.831198936438244,0.957294119337818
"870",0.945798723776914,0.98105849706303,0.863293726816742,0.772417677918569,0.817682480019495
"871",0.963190151889265,0.963983201816169,0.938148583399682,0.665230965152087,0.89592198171257
"872",0.964302456919523,0.979707699079933,1.01806584399842,0.8542342744929,0.877295770225404
"873",0.970362513629828,0.991395472649251,0.692618895468095,0.800114143707823,0.972060189271385
"874",0.85109713110858,0.899201679397495,0.761839724322825,0.677833955979206,0.963786385962618
"875",0.843584357332641,0.966792688820663,0.717610535136676,0.912905743737451,1.01319513639622
"876",0.957336780914125,0.967681916371409,1.02360916972601,0.819183538138529,0.905793568303139
"877",0.901364751225976,0.983704668322522,0.886610752963972,0.985538122875125,1.00917887581569
"878",0.906814416549447,0.984079386761291,1.02675941231135,0.821013100042434,0.918031316846569
"879",0.982143184520938,0.902643971817869,0.83562094824293,0.864922456409438,0.941488423044104
"880",0.96410844888721,0.907178246507498,0.975287962368369,1.06951021894271,1.16596140439576
"881",0.862295907431545,0.954496770885695,0.846562358816423,0.748488480521047,0.811474365856902
"882",0.964363431638082,0.984173706485815,0.892136604202999,0.730331896654841,NA
"883",0.884196846199323,0.950697460441109,0.87222420299789,0.822330803781937,0.906296841764326
"884",0.902050568530215,0.96414503491375,0.724383018798174,0.621835794903472,0.845977277321424
"885",0.973496587457254,0.97531823087122,0.836647141798777,0.808319173902692,0.836845546532879
"886",0.958036895188344,0.902530165680313,0.994049232698936,0.954113629141382,0.930489267440079
"887",0.966946795954301,0.851675015186048,0.951610838503894,0.675466750217425,1.05927566342231
"888",0.916514885513952,0.974059929728498,0.92087958285919,0.624651278299978,1.04069138472937
"889",0.959340031837255,0.897563030619739,0.612258638828644,0.759564614304915,0.879867852171358
"890",0.975635782033171,0.972253802411615,0.821788914395781,0.826274965945915,1.17898466514148
"891",0.838317266190776,0.872001620706988,0.864019395040831,0.645241597519217,1.10041225199939
"892",0.939343791473422,0.993461056040853,0.936901888810334,0.822990584330855,0.829612641786403
"893",0.981429929225183,0.972807683010119,0.889132035336521,0.774612080416771,NA
"894",0.922149862593723,0.995374160901942,0.828138326372592,0.860109677486721,1.00433348739189
"895",0.917654213588699,0.968253882369227,0.850140096764214,0.820703461270943,0.938706726553203
"896",0.976889816287378,0.834003575160426,0.828872119237382,0.725055125852458,0.859531222302065
"897",0.98303919318173,0.971446179445862,0.820204635261028,0.572078721164239,1.02228518998678
"898",0.882336429201813,0.963352917856091,0.887807515394224,0.829283905525328,0.976238654294408
"899",0.964986275426975,0.934624828794985,0.793459905146622,1.08811131650435,0.99131436461156
"900",0.964854536948303,0.90647201949868,0.80568632162108,0.702320708267878,0.920042764278697
"901",0.930299424443621,0.892873506840861,0.928125644230017,0.763082653639695,0.991217661061585
"902",0.969397378893613,0.805456536984219,0.989981103388006,0.749491825431157,0.975967407796557
"903",0.84940178190966,0.980394895448918,0.92381693082156,1.06841164176237,0.870013975972384
"904",0.917442746094939,0.82381713551251,1.05343080645398,1.05893638214506,0.980735736065774
"905",0.944267906576285,0.997812951213339,0.921201734720507,0.73807174121674,0.892740107098759
"906",0.960518105676116,0.960516441314318,0.907623051924478,0.620188521272891,0.853743530318677
"907",0.963776108486122,0.978996875557605,0.938882431431665,1.08123704144828,0.935701516746693
"908",0.958518331826844,0.797037301940801,0.899187050907815,0.675444048503716,0.970269027089646
"909",0.977093513971487,0.714746010278471,1.00651441359943,0.939142786996171,1.00647325199095
"910",0.901415124779443,0.867266553143087,0.887049828728422,0.738106508689022,1.10469937239677
"911",0.971925373080391,0.983834063557092,0.728032800715376,0.926784793072035,0.864216240603265
"912",0.983500135313387,0.965488382193236,0.692741156417113,0.961994426011392,1.06607897411109
"913",0.957291863561384,0.954024976842133,0.798519195151755,0.83118138829147,0.970676006376807
"914",0.946022532820155,0.923720033150877,0.943832593278816,0.801798371342268,1.04370153691681
"915",0.907127806566258,0.864456477053191,0.760729031332598,0.772567918521113,0.871024338515154
"916",0.912379871614673,0.883422596779575,0.830831413376643,0.689070528666181,0.86299308684238
"917",0.857149158458861,0.993002328641086,0.913219773457601,0.943990056138985,1.09573215620318
"918",0.947577841630358,0.928988555449422,0.857900491618177,NA,NA
"919",0.909823549356831,0.886106999985515,0.837589108383754,0.818795588730282,NA
"920",0.995409963592601,0.949155734828573,1.03121604326858,NA,NA
"921",0.947734741498366,0.88788535221467,0.902002398752367,0.924554718323492,0.872852628439133
"922",0.90544851164451,0.91903601566638,0.965779778600729,0.954546059102136,0.929805714950218
"923",0.974353049507179,0.906080077492843,0.821225382268836,0.712997654372645,0.77524026873996
"924",0.966804069865223,0.887657977248386,0.819359503106536,0.902898981715247,NA
"925",0.981453967062623,0.902606840271053,1.02429714316481,0.688389468640647,1.00650587872079
"926",0.973643959653409,0.908325471896702,0.819040892158203,0.769876233345744,NA
"927",0.974407508536485,0.92431600092732,0.947542024636248,1.03360397416341,0.842749082698297
"928",0.983422649474002,0.98685130030671,0.809738737029416,NA,NA
"929",0.889871308080454,0.795886924300437,0.917167716371038,0.876382479279711,1.04866782180244
"930",0.971488648584983,0.913308825296127,0.804082571463017,1.01213152430074,0.892641367583222
"931",0.974049418944208,0.989748955418296,0.895923266160002,0.899234232334378,0.960801208436638
"932",0.983493645268062,0.884668803089271,0.84996994039861,0.698042440049175,1.01759270560215
"933",0.97067364594069,0.979724009403412,0.959930231363444,0.789420010156524,0.862005442277695
"934",0.900800294725779,0.941757880554985,0.918859787291777,1.08156836425584,1.05876946649806
"935",0.968468886145595,0.968493412181815,1.04518653652072,0.832249182758337,0.997040020507008
"936",0.971233311864539,0.821048225815109,0.74478501296732,0.725500951325358,0.903857026357325
"937",0.89271057447711,0.898431553563626,0.799564479293829,0.777604584610404,NA
"938",0.66915282781177,0.998432598159615,0.886938134923566,0.888979452727782,0.939107176334506
"939",0.897790647750195,0.902628568438129,0.94181196014943,0.776018123240333,0.973480753579304
"940",0.904124936161305,0.964815674108051,0.776023215854267,0.786701462212263,0.995159060133952
"941",0.891903898483306,0.977567999487296,0.944334784518542,0.901153494720347,0.96646051083913
"942",0.97477262257733,0.985485722485987,0.740342257609202,0.828557932488404,0.897050098655178
"943",0.971082409202994,0.988098880258445,0.848981367988264,0.79180991692072,0.913133268699626
"944",0.812893147475268,0.886735571312479,0.919282410875857,0.652171684446617,0.895044646387542
"945",0.981145711690659,0.986820793345667,1.01558517334694,0.839882400398599,0.881588451679744
"946",0.971605441280739,0.880283804415293,0.96793361721884,0.763097443475929,NA
"947",0.938052310892445,0.989419278768628,1.04606697148202,0.894363177129181,0.938644463718989
"948",0.910385823507536,0.98053289406295,0.589435831144359,0.81078213749112,0.949319944926394
"949",0.977245383953804,0.969761079947965,0.671096298910182,0.79819268936154,0.990115453581499
"950",0.984229873996519,0.793905681524985,0.944528116472006,0.824750669412086,0.818049172545481
"951",0.875348765157576,0.887719070772829,0.939394820423466,0.827991015155137,0.895475505012905
"952",0.929514878225714,0.908362535674622,0.866589540748426,0.92882788855066,NA
"953",0.812097044280188,0.906272647343474,0.928815385743265,0.901011521329297,0.964197779735283
"954",0.972150960564275,0.922600189759717,1.01650215411683,0.844428271595108,1.11267760878004
"955",0.970483600467167,0.969020072321796,0.992192891585344,0.880690157507752,NA
"956",0.964016497634651,0.848148998926267,0.87770465532771,0.713926773837354,1.11876326330322
"957",0.954759308757433,0.933949413362681,0.75021399574291,0.794685505118098,0.849506911828963
"958",0.982391360887556,0.973697728176162,1.00775400000487,0.80109220633818,0.963430330852262
"959",0.889632586271677,0.910661221459379,0.891912129720598,0.848018299095348,0.901925722875386
"960",0.981835305356177,0.865761041654863,0.90227979496039,1.01632207211021,0.925103562627587
"961",0.94750064272235,1.00302860980404,0.830084976061166,0.736892458395455,0.915143927556199
"962",0.954681071151723,0.983654434991692,1.03309166940414,0.832529063019228,0.966924681033562
"963",0.968884387746139,0.894374105055026,0.968164500441061,0.754160083406739,1.09735980171949
"964",0.928929751368383,0.915133097014483,0.668771101095853,0.920678838066326,NA
"965",0.848444971384561,0.958267031562113,0.881903643865305,0.77737259174573,0.834973622929764
"966",0.863317982402853,0.980342765285357,0.897700860196556,0.791785127534143,0.874404439829499
"967",0.883795790712676,0.949270372169538,0.843654015229439,0.718720522533435,0.999903735883417
"968",0.961833991492531,0.973348143562222,0.592162109453572,0.806203481228268,0.820993860303641
"969",0.797056160597504,0.977830710522066,0.911472799542268,0.720305137898677,0.899000004599829
"970",0.966616612511609,0.915861057047064,0.856479293573342,0.878291571596981,1.0788446709589
"971",0.980234309315503,0.978472859011143,1.04618447788242,0.761860878975299,0.98240499292526
"972",0.973171134476757,0.938513421553857,0.853025584638698,0.763588764678033,0.975543370775881
"973",0.898934260482572,0.967988546103586,0.958356272094452,0.749634411706143,0.926784408577338
"974",0.959359843115428,0.980926294703284,0.991832573000653,0.851882100548192,1.03054910895449
"975",0.89799963928727,0.958678342260354,0.843423603925089,NA,NA
"976",0.980137154164704,0.958691115320737,1.03299138537193,0.813420833386029,NA
"977",0.97957241384112,0.854520139741443,0.827127413576927,0.870746694047095,0.927063130838894
"978",0.982664013147887,0.892335203991827,0.822650077956115,0.892730939477234,NA
"979",0.855494453631024,0.979945398428398,0.864481737017688,0.773360212032694,0.929327278027329
"980",0.811182830122875,0.856376963974054,0.971799097696751,0.842031173470167,0.701951278470633
"981",0.976784772574934,0.980972025406776,0.677051003268033,0.587931372390565,0.867524700366951
"982",0.948516780157714,0.978178614660563,0.89018634878369,0.909511150573623,0.795147220594266
"983",0.911760432676227,0.977040608774135,0.884962360089117,0.847370594602512,NA
"984",0.9597717640508,0.83015592793024,0.699395531268114,1.06558946870395,1.04533555864052
"985",0.976515647744045,0.820926818534621,0.882059106920451,0.718893399347751,NA
"986",0.974857051117764,0.647489603093528,0.777617700025962,0.856862148095155,1.00300172501834
"987",0.973528807565892,0.939585758952925,0.8908791420352,0.871869491551499,0.801112790307126
"988",0.934021430301378,0.97523803924212,1.03334606560744,1.0330588988907,NA
"989",0.978752065572494,0.966194029553635,0.88588286678276,0.696563225159739,0.825860224205066
"990",0.969126041125907,0.962222574568122,0.789309782133524,0.792873032382617,NA
"991",0.950802415625489,0.988510669507997,0.973175249828355,0.749355928591149,1.14199805201923
"992",0.954373004506426,0.948306123637053,0.904388761589445,0.677303087665356,0.941646589566744
"993",0.9458422407712,0.846717045794931,0.80074873861333,0.890273384126699,1.05040421117078
"994",0.853278118630042,0.961808290322988,0.814890698829604,0.824342077198386,0.923064374838253
"995",0.945148290568374,0.975620886764976,0.952131579697145,0.942048947195027,0.821537757443981
"996",0.980690887664405,0.977609692309931,0.976972546559669,0.64606656782879,0.89929509987614
"997",0.963507858403343,0.989901477146543,0.855359175545994,0.987629327589466,0.905618645289249
"998",0.990180797573716,0.972968952291336,0.897705673556286,0.815318025869986,NA
"999",0.990518085960042,0.956737352497415,0.898633371683259,0.724909262304521,NA
"1000",0.934812254004683,0.980234418380542,0.838913803404179,0.732849000660843,0.898826316850261
"1001",0.9165068008197,0.984654112549835,0.896365580523922,0.77236382512638,0.83362554213358
"1002",0.847118688273544,0.828549480318475,0.825613820332245,0.7035779631958,0.946657684553207
"1003",0.949524312011906,0.937793149767024,0.83982899140117,1.01104898084823,0.987683124099731
"1004",0.897253169059201,0.942580655076873,0.809174540323904,0.91842263568339,0.864962820183502
"1005",0.968164903966566,0.873878315935683,0.769220007749156,0.775475842261159,NA
"1006",0.903216857948741,0.968089926259022,0.888402730318415,0.84827151552422,1.0788877936521
"1007",0.947701056909288,0.952148771424002,0.798339404082907,0.875211329044332,0.915930968353423
"1008",0.873828397525332,0.985618562691371,0.87040666008176,0.746286702204765,0.887925912974584
"1009",0.958558444350584,0.817432106799467,0.827089374419716,0.935804003238973,0.937627372245198
"1010",0.851251089192286,0.908673521160707,0.793603718068844,0.81487122557902,0.802755203173128
"1011",0.970622245866357,0.970111244487827,0.901430848073459,0.865263130027025,1.07711055490183
"1012",0.974139839966367,0.821254303173233,0.998564059434455,1.0219866908093,0.864924494182421
"1013",0.835090603691455,0.974878241392378,0.907523643882316,NA,NA
"1014",0.919145497080366,0.986514696354341,1.01741723510476,0.97256038014389,0.908949804871206
"1015",0.961874013640015,0.98228004532026,0.723444644811637,0.695758512701024,0.895071350613253
"1016",0.850010697542448,0.984422443403511,0.730374050756318,0.871819853542951,0.990416209994507
"1017",0.782276980754816,0.974643208822768,0.739083501286104,0.83650943824928,1.11143187533322
"1018",0.942320451870412,0.943134122142404,0.935951364127343,0.665316373930798,0.932658541202421
"1019",0.918483166115181,0.9774656343193,0.80408354065937,0.994532315110328,0.970424437740747
"1020",0.938409955572029,0.991269265563818,0.919146892733556,0.905180144553681,1.04640455294148
"1021",0.939287668720933,0.949062556405598,0.800148538377178,0.815539339692215,NA
"1022",0.959553007034502,0.774673766145353,0.851641935346784,0.737620727689098,0.872365276413605
"1023",0.893368354566758,0.942696890411992,0.876830754467571,0.763835810900595,0.80871712947584
"1024",0.952259072637303,0.849811094151148,0.731293041919066,0.861821460584992,0.829077060974279
"1025",0.962012784149308,0.985028783867668,0.79074531206397,0.868773582251691,0.996194784166206
"1026",0.820603186164395,0.973977410055074,0.753553225013503,0.944445764300187,0.874722087419831
"1027",0.975055660912275,1.0013822268407,1.03659004939482,0.818495378816514,NA
"1028",0.947450988504542,0.988951900559362,1.00412082215561,0.833293663644627,1.00264835975742
"1029",0.972159816867516,0.9543666458612,0.774975638695281,0.71962269274186,0.933348857519441
"1030",0.967201211105783,0.993069762249866,0.695716972342328,0.861781060199761,0.948117615740818
"1031",NA,NA,NA,NA,NA
"1032",0.960791334684707,0.997645623005144,0.970438597001113,0.787727964524306,NA
"1033",0.96443585257625,0.976308079471139,0.930288908381827,1.00717612148127,NA
"1034",0.955537415411829,0.889816948310069,0.997493597963547,0.838744844249855,NA
"1035",0.93578374403914,0.909688389186548,0.947114757084043,1.06329750532869,1.01448850299849
"1036",0.94353042587549,0.825222273769857,0.844065058868051,0.907540619318631,1.01624018310245
"1037",0.8747832320129,0.976864496518613,1.03046910197513,0.726587863943305,NA
"1038",0.908863360772742,0.864431938779675,0.821387388847126,0.931772242953788,1.16203244054351
"1039",0.892122090152449,0.979120777150336,0.643415236722864,0.709643445505677,1.01789796688754
"1040",0.947988809301689,0.904053459912663,0.943226032092796,0.876765528357192,1.18255756409225
"1041",0.878788963795711,0.976482758088117,0.926546434468379,0.717389103081596,0.903872508352349
"1042",0.855956922895015,0.86701359194216,0.832050051857672,0.972435744073229,NA
"1043",0.769111019485417,0.935856792427361,0.910472125598987,0.939963357247845,0.955227771367552
"1044",0.887299612027372,0.992102302897118,0.900087815868956,0.728156797332654,NA
"1045",0.939425156702199,0.747791814858779,0.920779754105552,0.794615996053599,1.16021820865417
"1046",0.971258451077085,0.976392941585154,0.920463695912921,0.892285147530432,0.816175542365817
"1047",0.976349359446082,0.982434479580193,0.79614524241686,0.990588457908754,0.75852121459071
"1048",0.89407584495971,0.9673425505492,0.896664298600642,0.957368220163623,0.836159993306106
"1049",0.937668891274812,0.986960897388237,0.95833389608141,NA,NA
"1050",0.850790642927889,0.974472482194818,0.908949400590973,0.706862493010078,1.0380587697137
"1051",0.887857991136213,0.891499967568497,1.01067857998618,0.664302084487948,0.835089036523167
"1052",0.938522077882842,0.884162743614263,0.952942304845685,0.824672499652171,1.02762575812266
"1053",0.98024026453738,0.878232877714631,0.903697845600435,0.928604636807442,0.88160404522462
"1054",0.770923139801512,0.918406449942499,0.827371230967616,0.910506322980523,0.888476028965236
"1055",0.975483923990006,0.97174102780273,0.693168432037763,0.778289250132789,0.819697548662441
"1056",0.970487694338651,0.890468392127882,0.802481021734531,0.827566944540711,0.936789132551085
"1057",0.965730160308714,0.950532223119633,0.804218798533245,0.609481448024332,0.959905405109196
"1058",0.870053862014303,0.979327441868682,0.881025596717674,0.877931701637583,0.840488283130991
"1059",0.981935158067715,0.900170411064525,0.920371508017627,0.635087455011924,0.830990030797144
"1060",0.953102476407888,0.990616393103249,1.04627849550758,0.632447803059595,0.87574848718912
"1061",0.953783463147448,0.878029954626686,0.846482547851309,0.855484546286756,0.969493621151245
"1062",0.866363066678913,0.864642715218348,0.788624273685247,0.696074634283762,1.05749809686854
"1063",0.962330020645796,0.990523578065317,0.787895321455783,0.972041386174147,1.03932816572325
"1064",0.828784938124089,0.760050540197234,0.84556533211259,0.918100042697494,0.749847002085536
"1065",0.887438752265611,0.97462669212173,0.751980516356566,0.677444686418523,0.91730749682814
"1066",0.952477635751951,0.978672728129132,0.819929731038599,0.944434767980454,1.17844072850949
"1067",0.960273957162568,0.992362778659642,0.613927614806502,0.860075835478482,0.944057883931837
"1068",0.967615655981667,0.982806350113044,0.783726994824811,0.865189626498222,NA
"1069",0.910419568082034,0.96924345191021,0.868798565056013,0.955709029433279,0.893373162399212
"1070",0.976589962957933,0.891920874579129,0.846743280420215,0.531729610391445,1.07196184903831
"1071",0.96509125446809,0.867953495907843,1.02593337831614,0.988325340370024,0.915484107546884
"1072",0.785230239618981,0.908191685145798,0.921161187159892,0.736869254247415,0.851930870514786
"1073",0.868650469391779,0.860256170576456,0.941468945835085,0.715374894614561,0.927884252060117
"1074",0.947024217405055,0.98570928532421,1.04079824576495,0.757215673139579,0.943261327755691
"1075",0.962107812849618,0.91574928009025,1.0141067919307,1.00549248912606,0.846929835555668
"1076",0.891373011194668,0.973410977659049,0.877210777234024,0.791536347720024,0.846784542701991
"1077",0.865122744836187,0.9654971356522,0.75350860707144,0.697792096466117,0.92293708065003
"1078",0.828475200438339,0.95655312405972,1.00549367567319,0.854226985559547,0.90922056094503
"1079",0.950600176324857,0.973752160859735,0.998869512894688,0.881878471798425,0.999097169824112
"1080",0.975885056253419,0.960566071555517,0.898642513339695,0.76287287979501,0.75980617219787
"1081",0.981589378248761,0.965808598735252,0.763978967940593,0.80215757873411,0.966462870647614
"1082",0.775732149958181,0.974041265308209,0.8843453652878,0.658310919555322,0.855081103669255
"1083",0.950546283515438,0.982179760348684,0.877451133272812,0.856864211011837,1.00593402235177
"1084",0.967475429540628,0.979157722443165,0.82484451696507,0.800762999679959,1.07920928889227
"1085",0.97772510265815,0.985792823348292,0.72068418289937,0.796121819227732,0.857062343966245
"1086",0.968486344116422,0.98652264370741,0.937841725912407,0.76018092048964,0.991225215639401
"1087",0.977342118370388,0.965375553378893,0.936276094178288,0.887864530794923,0.969020649095983
"1088",0.952404256825666,0.781834584078064,0.863072497142759,0.845291451830575,1.11112038865843
"1089",0.943248276221563,0.924689203028967,1.038014700451,0.733738510191737,1.00177451316552
"1090",0.976840437621355,0.975119550027871,0.773401826879072,0.847376634633748,NA
"1091",0.975959012142902,0.693514032710975,0.90796544793054,1.03239833565539,0.829978451184255
"1092",0.947279297231978,0.956490913486156,0.59352486495712,0.700565647696836,0.817708163450703
"1093",0.964646346677004,0.826707421645482,0.955570319231772,0.631414035939417,0.962368799344736
"1094",0.858093264857881,0.913648002452536,0.764767120714589,0.75416355474563,1.19050461359791
"1095",0.927529141774803,0.982468422259306,0.918436467665026,0.751291166195939,1.07936623274076
"1096",0.969560652778095,0.903735477609544,0.777654331758098,1.03304287787581,NA
"1097",0.945140625102361,0.991846789824085,0.823520101151937,0.786304305395653,0.894880357352111
"1098",0.962867299444988,0.903489949203711,0.827343388305201,0.665509022714855,0.883695586877284
"1099",0.792305764008784,0.784204986098207,0.931355301846856,0.94619849327175,0.956900946441302
"1100",0.963257951289711,0.959336520259865,0.780125932348014,0.856817595519705,0.998861004772754
"1101",0.965063267916046,0.904868102088057,0.833529489325882,0.797291167620194,1.01873073668195
"1102",0.981152209513268,0.975157291960388,0.793367169284722,0.911346499465905,1.03837549286778
"1103",0.870461155439467,0.965166370360295,0.745770777816233,1.02256906734634,0.818306418456486
"1104",0.891705781798034,0.972252418914595,0.728763381019904,0.86756534645449,0.840872119796851
"1105",0.967923084279718,0.964467231588539,0.82955359591168,0.684004430893461,0.948649348247139
"1106",0.982130456547318,0.985038238783626,0.831856232012327,1.0136278288345,0.962366956927501
"1107",0.916935921330557,0.963872070608067,0.802251668501428,0.922447567483839,0.840983162447961
"1108",0.967342519861705,0.987888331100633,0.742965677819664,0.761962175546587,0.870001123402739
"1109",0.953925908101286,0.933110571631805,1.03213707826035,0.738306347584798,1.1460523397463
"1110",0.958594385534381,0.897135830899313,0.844792043605815,0.754289319376104,0.778811916690074
"1111",0.959442558117225,0.788627018597257,0.862473599915486,0.887386718986315,NA
"1112",0.970937300877168,0.913434921972025,0.821382923840327,1.05347899571535,0.824711059011566
"1113",0.950410636331332,0.970803507386748,0.849866006674387,0.802340826372362,0.885253579543244
"1114",0.969661897194836,0.931430904989359,1.01600717051424,0.812879805936894,0.958740129634416
"1115",0.928243096277632,0.965772148560681,0.871824485858705,0.957868438534731,0.925432843618508
"1116",0.882971470250794,0.818624498454482,0.804058846253365,0.765393430866561,0.965688130172828
"1117",0.974417357350738,0.99261027978664,1.03305184470197,0.780364417111677,NA
"1118",0.961770332807605,0.974913464892612,0.933621092074186,0.921598475926335,0.997663472290965
"1119",0.959545120862169,0.966245734805081,0.960292095744681,0.889327709240058,0.812482880346604
"1120",0.846931975077173,0.971922621509924,0.844514293418366,0.74477981012996,NA
"1121",0.900587409947648,0.970179183415499,0.773401239256741,0.768011424473531,0.907066833843802
"1122",0.941174152901524,0.948952514667453,1.01091124436033,0.914424256913443,1.16145052447984
"1123",0.808257750428809,0.822332287335039,0.856025476881679,0.913406050682412,0.99523865373993
"1124",0.907835863470971,0.892996716544991,0.716726479451501,0.719369824218084,0.8209255275269
"1125",0.90208285119304,0.98707589338192,0.882446936799642,0.844294845543853,NA
"1126",0.807264366353392,0.989929683206548,0.843465460121744,0.807093296308168,0.960862128308764
"1127",0.959355518930476,0.937034223181782,0.827952296777058,0.703348637201068,1.01525271421294
"1128",0.769172534346003,0.979359003373291,0.812040593680709,0.788307328002625,1.09899463262386
"1129",0.957926381275173,0.974888627519031,0.793631617595623,0.754629009436973,0.975021236161174
"1130",0.966441446857298,0.681843726360516,0.878895483855315,0.873671190093559,NA
"1131",0.985715862663526,0.977773261186638,0.997155297221934,0.812708069476108,NA
"1132",0.902089198751047,0.998641707210177,0.785384706114742,0.889133992071311,0.957669355522629
"1133",0.906817348154263,0.946613747746708,0.751408831658444,0.846480277966172,1.08957239102179
"1134",0.965138377639384,0.980649163388307,0.79748213953804,0.906066771241272,NA
"1135",0.963148937622393,0.982154350949362,0.910468976168903,0.869809114453886,1.00532030404783
"1136",0.767253282500422,0.990005253363047,1.03199338262904,0.830416338051957,0.886114878094529
"1137",0.897082326180871,0.973742159803629,0.679089184905719,0.778409423647424,NA
"1138",0.850146170829937,0.985617469090733,1.00170169222449,0.709819767064048,0.949135542697795
"1139",0.950831601749312,0.923049684386495,0.829331668143274,0.706103770746441,0.811070451652182
"1140",0.976122577737337,0.899364274519552,0.848803349581365,0.820891214262549,0.899381696180504
"1141",NA,NA,NA,NA,NA
"1142",0.924463388565469,0.988353528126206,0.931269831873742,0.863602787716317,0.993012560374572
"1143",0.967314719878526,0.985441477672817,0.910740641686631,0.767905681196977,1.01619169675602
"1144",0.714547686927807,0.930090718833214,0.754012373188875,0.819601230887803,0.97090238520881
"1145",0.917023081448299,0.979950951584837,0.818132599580675,0.865588880656955,0.79835371758433
"1146",0.835596684077786,0.814287893116307,0.902662555836912,0.750826082888437,0.752844792718183
"1147",0.970818867153185,0.9233428155888,0.817978024654099,0.877102853341041,1.00022971359759
"1148",0.940057009813184,0.815171062031994,1.01610236631865,0.869025706333221,0.915972030249545
"1149",0.931997156013111,0.922591430631731,0.809895059608744,0.887807864661775,0.960223562507867
"1150",0.865482946018522,0.747567854076276,0.956931672430106,0.901069027074029,0.903830483082995
"1151",0.764337156953855,0.991740126069959,0.727227312917575,0.823731554414625,0.927671719471374
"1152",0.873516972705732,0.98850580249368,0.758297715156365,0.841308273720023,0.978679601895159
"1153",0.810080575987558,0.983705227563419,0.908051477558719,1.00632533276775,0.940806301686596
"1154",0.979784251475173,0.971717842854881,0.814790395627441,0.831196389303758,1.08446217644479
"1155",0.908456925397721,0.844602804977897,0.844096568510138,0.967910060240027,NA
"1156",0.832579350396889,0.976224779855418,0.760012238107918,0.872452177851274,0.955044972665961
"1157",0.913659559071697,0.977296653149653,0.789564001642127,0.699448774532503,1.0686328696317
"1158",0.950045595923648,0.984613126036642,0.853940071629175,0.97724606633029,0.924305340470781
"1159",0.824670446145836,0.982664443823362,0.92851891713309,0.895057805963568,0.818076868514509
"1160",0.808047092343559,0.880258849370026,0.94355442930922,1.09194960925763,1.05530620649821
"1161",0.979435694188948,0.953182870678368,0.892103077087761,1.02844564393396,0.860471920648472
"1162",0.959239806879794,0.985139350642401,0.98165294645522,0.843918110486948,1.08701561531928
"1163",0.93740946058555,0.947691821179774,1.00976571555827,0.985312717018238,0.980152109376289
"1164",0.959910427637572,0.845848118919253,0.828263164509546,0.908324924912365,0.833170205534914
"1165",0.959498374649767,0.816466022469609,0.958404811302005,0.772140832471426,0.97515626666362
"1166",0.955712803582464,1.00425076536504,1.02128920196538,1.0303250160526,0.935892845741469
"1167",0.974266366729065,0.956726299356779,0.967599900965895,0.69006366333334,0.925988374149443
"1168",0.963631343849332,0.900758148541629,0.92568826001522,0.704320983803052,0.812740804663817
"1169",0.981599435764114,0.968142453616732,0.865466046768693,1.07481922972596,0.763787816306609
"1170",0.97664168769865,0.889803823597853,0.863027790949496,0.696824808701199,0.895776963403568
"1171",0.978796805492332,0.850051509493764,0.865834784157805,0.833826413061892,1.06950122036996
"1172",0.846605367378789,0.916496166695968,0.751535468086906,1.01214265079945,0.933135246798426
"1173",0.958570482001182,0.903085052166941,0.910872455935113,0.825434304783651,0.926287542034766
"1174",0.961395911370719,0.915875672753759,0.855800897810028,0.854771431868032,0.889907108613489
"1175",0.970028718042722,0.86721895495995,0.839573201868565,0.825609992468105,1.01942404521505
"1176",0.977932515910425,0.982772784841914,1.00194613547911,0.78819559086481,0.752767595524404
"1177",0.984516465333569,0.904076706166551,1.01333437288838,1.01089093784553,0.840084382341175
"1178",0.950948434156142,0.792782660690663,1.04229616115886,0.878222713507235,0.966933916755929
"1179",0.983386526232591,0.759712404298505,0.92367594266295,0.657840551195166,1.02967760555188
"1180",0.958023952508154,0.990087251279795,0.890501513459285,0.94855432015944,0.990677715976296
"1181",0.866654348560242,0.960667243425994,0.894922697466318,0.790276585532162,0.894999025411024
"1182",0.979327802954476,0.983371521892337,0.77966483335451,0.944803184422908,0.938882921037176
"1183",0.916623133884273,0.972763691185105,1.04313474161718,1.00140072152465,0.82611493583705
"1184",0.976497599226845,0.899576661907618,0.751149770821244,0.909048953646706,NA
"1185",0.900605619737437,0.761557432423878,0.902687712651495,0.855297310637745,0.879809792283435
"1186",0.898097922392372,0.947980197451573,0.886921047075293,0.854151625181271,NA
"1187",0.985717664974184,0.976552593340959,0.935826689747527,0.867336439554646,0.864381115905704
"1188",0.970594849070064,0.984366388972617,0.767448561550159,0.698668542358818,0.952562989805617
"1189",0.864673223210344,0.974481334095169,0.800943258754458,1.01106806058418,0.769964093568649
"1190",0.944472961910426,0.910127310720934,0.835607603910968,0.861460778215343,1.05749282371389
"1191",0.96426141834256,0.905011244003106,1.02821755318982,0.643916349158282,0.871044106919542
"1192",0.91217894788846,0.964854005929932,0.833025271739092,0.872673774110912,0.797922398571211
"1193",0.945066566557962,0.959270569663699,0.741224345567413,0.678650267659532,0.966520961832325
"1194",0.868645073542933,0.973576705233782,1.02553744995485,0.846064015140809,0.985390380207374
"1195",0.970170513197038,0.980388714450012,0.871931904289297,1.01125342635122,0.907508683680639
"1196",0.955402685546648,0.851213461871064,0.975222636828406,0.800857137189461,1.07169018315872
"1197",0.920498308192069,0.991315240408657,0.949637127013516,0.786988810099931,NA
"1198",0.967618876807032,0.966222328000683,0.833122333188996,0.857512952293903,NA
"1199",0.879081717775011,0.869073367528556,0.797398006354471,0.776847042128139,1.10102881190596
"1200",0.89800371771816,0.869315824801871,0.8167039860356,0.935851909549841,0.942666188319844
"1201",0.917845370758649,0.903758628245854,0.809638904514774,0.801244990190176,NA
"1202",0.849357942311588,0.927025156603306,0.780254755891746,0.887013845872726,1.06924728549896
"1203",0.953002570880946,0.845485080546477,0.935312818608798,0.700569789902419,0.956224748235324
"1204",0.945897572700441,0.985419495683569,0.880637953164489,1.01271081159754,0.857328936871886
"1205",0.878820122093639,0.986116538229793,0.868648537775602,0.787117631271678,0.953355275784935
"1206",0.875358087615864,0.980049791873149,0.750296198706547,0.828307549205329,NA
"1207",0.973038932531297,0.968707492674029,0.823788767582986,0.734862340556777,0.920351996600093
"1208",0.850369393713332,0.798100016970417,0.932507197060645,0.654846067967159,1.08810148522652
"1209",0.841346726809878,0.893345488917843,1.01229811688391,0.807938840661869,0.821911097257306
"1210",0.959707771357141,0.956901011863326,1.03546171206573,0.962773377721632,0.994004749924647
"1211",0.847400760803269,0.951655477745294,0.860995960492356,0.990513199402352,NA
"1212",0.888403026766447,0.988430826117655,0.963891219358972,0.942171157551812,0.807515816532625
"1213",0.939232856196909,0.907842811618836,0.841215462796562,1.01555323428204,0.868556377591386
"1214",0.913810735685836,0.971446576440548,0.778203782326692,0.772767961149132,1.14635624597191
"1215",0.931332049311611,0.996065753442282,0.89015062816233,0.757902507854275,0.950693971493548
"1216",0.970229007800284,0.99203047317195,0.822385731235335,0.804197491744227,0.986443935177431
"1217",0.934932474405506,0.985505562314249,0.826751911537867,0.683111919554675,0.808763207954058
"1218",0.851569617444341,0.914868559668154,0.878872868616567,0.797213380685903,0.901630862725906
"1219",0.836565675790093,0.953551670898059,0.782061764203719,0.902973588794266,NA
"1220",0.95721633109398,0.958328154526949,0.8619427014658,0.884965276602935,0.853809185694884
"1221",0.965131341233191,0.978596144001481,0.890330430665249,0.966777126048514,0.99778383651608
"1222",0.798782060021602,0.958733262617285,0.835834139128337,0.831464456985041,0.96558311593568
"1223",0.981663963900728,0.981602659931611,0.790062244445708,0.713076651422909,0.802857961848649
"1224",0.944613699782305,0.864536460367938,0.969605016937412,0.869034778154154,0.918599822049209
"1225",0.915338501087824,0.980245279597434,1.03399681337804,0.868463690685576,0.98109705995132
"1226",NA,NA,NA,NA,NA
"1227",0.955872905179239,0.986703492707185,0.806045128059585,1.01728890799265,0.922310076522507
"1228",0.940375337740994,0.977768098160958,0.85745389533876,0.88663200871308,0.885207214433088
"1229",0.972724002018891,0.920942000232732,0.934681907792025,0.809758726658097,0.84372717705072
"1230",0.972980920690999,0.9647673728583,0.906757505179056,0.914430819405495,1.09267422041546
"1231",0.934443687341546,0.92113572611688,0.723438307843983,0.735207119395716,0.890031873713423
"1232",0.952853364234957,0.991078242662491,0.984605731504555,0.933218277911935,0.909114590688653
"1233",0.941498039144492,0.981786105014148,0.791073157417561,0.853315830679205,0.94946396941278
"1234",0.748942308867075,0.920723134231991,0.826232418539988,0.809874739296757,0.979025092623239
"1235",0.934301864773657,0.899861582894193,1.03813565138807,0.96734426437059,0.890483476921763
"1236",0.942525921721162,0.994358842510604,0.82462368691016,0.852191727120245,0.918995795094811
"1237",0.917305576643618,0.976094847331696,0.821578500971589,0.888968902969423,0.862702471969189
"1238",0.803255401651634,0.967111252780831,1.0118682575473,0.698978027251422,0.873414928448089
"1239",0.835643559590378,0.835994780777208,0.793829302669586,0.741511387412926,NA
"1240",0.89122222294429,0.991527493414395,0.851573436401625,0.825763552107774,0.786253385887522
"1241",0.939852359077761,0.983178693708699,1.03715751044605,0.725853635806355,0.941783157041725
"1242",0.955770823832627,0.967833775931815,0.805912077547277,0.690335701273186,1.05529593778852
"1243",0.90120436152161,0.827146879284914,0.809284431669967,0.949950689142784,0.756700934125127
"1244",0.990018977028737,0.984662150546356,0.772203329342514,0.759671227879343,0.662948931841544
"1245",0.95768774628369,0.979833441915328,0.88505231821963,0.908281150504766,0.822791639938997
"1246",0.9369910287019,0.868078288360297,0.956182776310385,0.907613046413587,0.926240672269028
"1247",0.965114100938137,0.769426314639407,0.942008192622551,0.855349070606548,0.896455108990028
"1248",0.969935184196099,0.979958309174159,0.867917161239727,0.813433388084667,1.08432974003678
"1249",0.964282722489099,0.839465061336721,0.863941359155636,0.898153587306351,1.0104672733905
"1250",0.853197398705391,0.97164028285555,0.893539151469611,1.01118358966706,1.00093758118211
"1251",0.949554518183295,0.79195955670672,0.739924985286203,0.853660809876128,NA
"1252",0.94423958038001,0.91496823777003,0.935472549943543,0.662805869076193,0.81517491667014
"1253",0.956423453277491,0.895720132571798,1.00455453504489,0.959642089324133,0.947823166232757
"1254",0.947776163494029,0.819619386682961,0.705265953611208,0.817210735547929,0.939002667037155
"1255",0.886433907705257,0.977128818236375,0.905000350995788,0.952589611190554,1.13454476735945
"1256",0.970603333852894,0.980709407148294,0.721340846850915,0.781489908343032,0.95105961090892
"1257",0.965580264842238,0.882788316132249,1.0179650766587,0.692657636877704,0.904819878450675
"1258",0.964267448260146,0.770492273891597,0.801106347724449,0.922590580236392,0.868144672213307
"1259",0.935996640017709,0.958292769321122,0.735403407453226,0.947116552640495,NA
"1260",0.963591944148796,0.978947681297833,0.927881465797501,0.740291796511711,NA
"1261",0.96355500460204,0.981700458174839,0.908334503557913,0.908698484144963,1.03107865396562
"1262",0.963239207775179,0.915391461507761,0.764569637409261,0.670553873207372,1.07878719656482
"1263",0.936652318401967,0.885080421974366,0.933272695588046,0.865672223475793,NA
"1264",0.940476570916263,0.989416662752337,0.96025421028915,0.773145017136688,0.88818943505588
"1265",0.844325098565443,0.919952863453434,0.956625220001943,0.907393115426325,1.08259384382897
"1266",0.857124841763055,0.97089896600297,0.852655791409625,0.740005522757412,NA
"1267",0.9689877273709,0.992730506114688,0.640850588002007,0.966797038912169,0.736980448731422
"1268",0.976456423347418,0.993064489147011,0.827614341483782,0.92838700789955,NA
"1269",0.983879661197032,0.974944228828821,0.969207511142389,NA,NA
"1270",0.909206515100866,0.82839849799001,0.798787835227755,0.91970644552315,0.786739614405801
"1271",0.974661452348238,0.924826025068257,0.948643225220222,0.69936436929977,1.07533018075406
"1272",0.973316908057355,0.979309572167333,0.890029152773232,0.816699743393934,0.804829216306259
"1273",NA,NA,NA,NA,NA
"1274",0.965976365033421,0.983269187652609,0.835691072890925,0.907908910155603,0.884419543315873
"1275",0.912514570068413,0.98304813024033,0.715580343116182,0.812523439348468,0.918770329468324
"1276",0.969667913992209,0.969278148759515,0.531541587428078,0.787746638998767,0.78665716075587
"1277",0.864661914418197,0.8373078780869,0.90625723105736,0.863971461580019,NA
"1278",0.894239417836096,0.960553227318817,0.80684947767805,0.692791535792527,1.1138154621774
"1279",0.861549322822627,0.855729382799757,0.782348538222114,1.05145719947999,0.936972153750272
"1280",0.97982157665427,0.756640000134973,1.02787533146179,0.683376065095566,1.03946938634102
"1281",0.862222848333257,0.993264275691794,0.597962849085906,0.853734227864251,0.821654324386454
"1282",0.955858437477664,0.973230151411472,0.971412144792862,0.679457146035516,0.993201320302538
"1283",0.946950106144796,0.919431070971672,0.880443612589283,NA,NA
"1284",0.981282998120441,0.9133833669103,0.910985925068014,0.832523569214284,NA
"1285",0.966697116883932,0.983654798193273,0.890532338501109,0.821845476863544,0.960651965506375
"1286",0.944785325711073,0.98091706945381,0.860330408400317,0.855761713997904,0.850415426251069
"1287",0.96950287382246,0.891391569358394,0.885367001135137,0.972536640795879,NA
"1288",0.949239276553162,0.898519286705696,0.950593137917982,0.774227018124504,0.84082230906631
"1289",0.914450193177476,0.952385403867396,0.865529087403736,0.957430507279423,0.899139715582078
"1290",0.894707798173965,0.79242828020504,0.890143030545618,0.785705253453509,0.852896403887707
"1291",0.89258736140039,0.903524683116021,0.913545237079034,0.703889550117127,0.790241471791629
"1292",0.962838862253178,0.680224310193306,0.850041734540573,0.790467777784245,1.07058774624622
"1293",0.97967358424238,0.994419155893772,0.761386070268555,1.05719211656816,0.999913711346902
"1294",0.963988348392881,0.929009005532727,0.923315745243807,0.727355030533939,1.1042831893996
"1295",0.952779520737842,0.959162642896042,0.790395974174056,0.856715281364351,0.887229778681706
"1296",0.942801151232067,0.950492672750389,0.830605085716937,0.850561281388523,0.853416546701923
"1297",0.961091525660813,0.792936567724681,0.946797716194309,0.778923278481356,NA
"1298",0.958528184021651,0.874030398801095,0.81454466691744,0.783812490440556,0.832367013605162
"1299",0.925894127127665,0.972562729989202,0.910616736920391,0.928425687158935,0.95797027525323
"1300",0.87111962437871,0.921055301840499,0.89784566537556,0.804972245096329,NA
"1301",0.968703041469322,0.976291776125241,0.839415094627037,0.85103870901093,0.854969207479833
"1302",0.88915593771329,0.815481016794004,0.982670185742841,0.766277760832305,NA
"1303",0.864978955333337,0.922072152135461,0.685086203202063,0.726014776249514,NA
"1304",0.913783121498945,0.934398154757929,0.880632446703079,0.663821177450004,0.954955014310367
"1305",0.917322748775364,0.977187139776919,0.872548651561642,0.993056823589962,1.00752998776523
"1306",0.970242157122635,0.955490665174736,1.03210851554404,0.752437186147031,1.06224619403433
"1307",0.969234878337878,0.897434937457346,0.966057508324872,0.804976208760271,NA
"1308",0.943724505160544,0.836607286377728,0.757207992328941,0.802717887722829,0.949849333153673
"1309",0.970087580638045,0.975954243072526,0.891366582876755,0.680205838337423,1.03233165709412
"1310",0.966615756232915,0.964544950920127,0.989271414458269,0.755218450530821,0.97218448377343
"1311",0.952545692686292,0.955085688454187,0.941472993961136,0.980871429930003,0.935990340826237
"1312",0.902483325034037,0.913201206834666,1.02606854801783,0.763491435132166,0.812351616927987
"1313",0.899920400073389,0.90240603721627,1.00938631694135,0.932799004020723,0.943240582470455
"1314",0.971679491952565,0.984198870487854,0.860525541222424,0.917647766013203,0.875333707060097
"1315",0.975870996615298,0.99096617897402,0.958173907892837,0.7154567161094,1.06457842169513
"1316",0.826856597370881,0.971874560905171,0.749812207209638,0.794023164291149,1.08581774607219
"1317",0.939733226241654,0.904016027517672,0.894137211633699,0.908238612646272,0.934507923051501
"1318",0.987895660428863,0.921333772232549,0.990260875563271,0.833994927085052,NA
"1319",0.867934788954398,0.965670216259433,0.777616116211288,0.724747975517496,0.952936207205619
"1320",0.97373801594488,0.997001383003926,0.996694239042412,0.752628146369698,1.17967142861757
"1321",0.977746752385359,0.933054272293531,1.00511937752959,0.869442069931082,0.96838842700933
"1322",0.973070870534375,0.89492886092523,0.920720317376508,0.87683420881387,0.954012529108835
"1323",0.972893094608087,0.970899316597606,0.890436289205576,0.737605011956198,1.08536521882241
"1324",0.974553224475125,0.88222782461394,1.03158445284826,0.709327523970419,0.966798114218185
"1325",0.899496343944212,0.872797879057336,0.885036239118731,0.783714337295652,0.887242403889253
"1326",0.947665707928474,0.85451291912961,0.620879226712791,0.822195055508497,0.900756382575647
"1327",0.958003901727304,0.986825310043468,1.03023309749472,0.806658140898573,0.931131721395799
"1328",0.959973115316146,0.744774849763115,0.706525892515611,0.762815942437789,1.02154474381784
"1329",0.904234753079342,0.961881337990168,0.847130476979305,0.676586020326681,0.982841178225072
"1330",0.957541956012387,0.975143184603592,0.935014030200518,0.992818752609728,0.864354538217453
"1331",0.958623541460203,0.980926598333043,0.982977497053051,0.71064491119825,0.824854977990532
"1332",0.96039775084421,0.919986098608243,1.02369688431168,NA,NA
"1333",0.926012946385163,0.977344738912124,0.907617148609126,0.718093033927956,0.946222891035331
"1334",0.963503994653723,0.906599845746155,0.81004725038986,0.782825824751978,0.952370396580691
"1335",0.785264888915603,0.98204126085722,0.844215530110416,0.694975269808278,0.830855537088306
"1336",0.962988275522866,0.898876442570751,0.951046028063176,0.923022142452686,1.10429093265943
"1337",0.950028603463685,0.973162036133545,0.736293106991375,0.827183851586546,0.985506291585928
"1338",0.889293160280609,0.974257415917233,0.917656915004886,1.07349846159712,0.954105210350246
"1339",0.893560432740193,0.932821295430332,0.941005011302891,0.854026217910701,1.16750514425837
"1340",0.886380162012509,0.99036166796211,0.895942741762849,0.603856065393725,1.18249385638567
"1341",0.905714113812009,0.978956612821214,0.914084144913101,0.819150111249007,0.946985650751829
"1342",0.943995367362682,0.934721057468214,0.884354523965145,0.868000983787854,0.857378387798767
"1343",0.973639783230425,0.90597406691276,0.852669057264782,0.71931069096999,0.728973192116331
"1344",0.971980157906434,0.983114631872082,0.846203798009663,0.842548790874089,1.09248541635092
"1345",0.786789183175142,0.954796493274559,1.01468692058181,0.849870499246063,0.854055226472297
"1346",0.980232353794495,0.946432789725705,0.925715504788478,0.594611964662384,NA
"1347",0.972403296884248,0.984229294586741,0.822058532223788,0.810167505845245,0.879362120369089
"1348",0.979164404920432,0.8614599546896,0.993158809602952,0.957410555262498,NA
"1349",0.977696148524939,0.984403900796049,0.743352266365889,0.698402194936639,NA
"1350",0.91806077441066,0.953219633472711,1.03155907640331,0.798052959381756,0.970302078921599
"1351",0.973094160967368,0.900966984916667,1.00171606784002,0.815878816523246,0.826033243872493
"1352",0.856672387451605,0.992575779043558,0.995518527875947,0.803008148926869,1.17184234873268
"1353",0.977401843029699,0.844643776029987,0.844801143176718,1.05479567005319,0.977723855601825
"1354",0.718310943808619,0.927435172050539,0.671500941600045,0.778071140782352,0.962041901872823
"1355",0.981175402107259,0.890468968539119,1.02513413194487,0.775552765536796,0.997445890143066
"1356",0.958319570509089,0.972967519521197,0.975061333533876,0.820682138011678,1.16375194556932
"1357",0.880734396760819,0.909218654157067,0.864768287893984,0.901870926423188,0.956099057770581
"1358",0.970203366819492,0.916886190048189,0.689201272441362,0.743376536213108,0.972094062021631
"1359",0.918925843864409,0.963558901129596,0.824306867064768,0.819641016567219,0.966908565664065
"1360",0.947718385019487,0.949717647922692,1.04213355914713,0.81900495773685,0.984667209085712
"1361",0.852453740096418,0.871017947022278,0.835226815454609,0.801171879274788,0.923338259107292
"1362",0.949887880604112,0.991628861994929,0.776295198739428,0.874697672064819,0.872839803647275
"1363",0.854976816693397,0.961318941693282,0.771170456578649,1.00527569532762,0.886280845593029
"1364",0.98295939039909,0.984106801272206,0.693582041453665,0.848073895231794,0.958281088855007
"1365",0.960396344807914,0.87736069963035,1.02226051156365,0.857684017792456,0.927967973264398
"1366",0.798734672468548,0.960237463690022,0.705741131402343,0.944324015635544,0.814537826371262
"1367",0.977016527848383,0.972789569359061,0.981320982918916,0.700422191147925,0.997902795380939
"1368",0.978653710801834,0.986578851818816,0.903769906856544,0.769801719586276,0.994910377414077
"1369",0.856363185852714,0.929963993925839,0.90169653874463,0.861845416815289,0.710463377630667
"1370",0.97099962972608,0.840521869393887,0.802740388218044,0.667622647446781,0.976345640622537
"1371",0.978170732756504,0.980729074106357,1.02381213440551,0.766927021427887,0.914868586914794
"1372",0.952149620546126,0.973537234829734,0.914788904787558,0.829179289178783,NA
"1373",0.953022723413404,0.871481443894798,0.840913298519628,0.752300735685685,0.793206403177615
"1374",0.770581286670701,0.908976546975283,0.904217329429437,0.84881056186223,1.00845999826274
"1375",0.974910502460875,0.981777951536466,0.970071877586238,0.844999597309314,1.09742834706387
"1376",0.958059007618086,0.930271573897867,1.04817534686342,0.679536140230439,0.999249890976365
"1377",0.963425544682585,0.998423934378904,0.950243137641396,0.862874668441356,0.861366532187569
"1378",0.970574819577658,0.927482055405262,0.687446299061633,0.918456488151943,NA
"1379",0.884830154338711,0.978054902642402,0.808871788193007,0.784343926259383,1.01931828435455
"1380",0.964977937536225,0.980267360435085,0.831041879531409,0.797734860773846,1.06201188508939
"1381",0.851816685505694,0.984051070605044,0.982717328300998,0.836761910947382,1.03258550964448
"1382",0.959821093996803,0.903333668598037,1.00380157161999,0.929478558068318,0.951713714802884
"1383",0.945828170970187,0.92178466991522,1.02354918686613,0.69844515021722,0.915980203114842
"1384",0.952424264600856,0.886466142966473,0.937504242561447,0.794432304643817,0.939506962006964
"1385",0.961919336721616,0.992503179796184,1.00797218518478,0.882317055671938,0.939082593964284
"1386",0.867513339111852,0.961286494461035,0.76940234207201,0.963741788118365,0.918450451208312
"1387",0.935167876544608,0.973034717725624,0.753028775777685,0.651035663592636,0.876787001060224
"1388",0.965190127597703,0.977323615669263,1.0221681436651,0.808615192067772,0.899543261004417
"1389",0.970041103383614,0.96886883606545,0.806549583613467,0.646307872989298,1.06077754127502
"1390",0.959415872667768,0.829770454435144,0.846268451923716,0.867192465553492,1.02519360003907
"1391",0.90813877789188,0.846392977208184,0.941611031313153,0.878866784684681,0.736546596325765
"1392",0.946022147981613,0.935432547823065,0.968299556481798,0.934919664840096,NA
"1393",0.965642353442638,0.93666793545792,0.84011440026264,0.821170867499796,NA
"1394",0.915435642472432,0.89795735685407,0.754989011750584,0.770704932277916,0.818296495346939
"1395",0.956132610125195,0.901070489456131,0.686489021144895,0.898763604724494,1.15370555997769
"1396",0.970189760986617,0.847548761771346,0.898904693201646,0.725375649610077,1.0033856396796
"1397",0.972393192414093,0.888065783779352,0.886272643623254,0.874302369106268,0.954152234966935
"1398",0.879351692660615,0.931135848652618,0.740159337649448,0.881331969699732,1.16510930105914
"1399",0.971955630423793,0.97444711762353,0.935605415707008,0.809569505899798,NA
"1400",0.932848938143643,0.98400507646806,0.948180184419532,0.783756863543465,1.05852782296919
"1401",0.967944752262002,0.972103039049228,0.931670901207437,0.679153558397658,0.987279984353492
"1402",0.970696360094384,0.85590578936515,0.912856568649978,1.06243708828644,1.04339969031354
"1403",0.971296651787491,0.987585375000439,0.954811560720361,1.03690029953267,1.09732526066855
"1404",0.967721472080211,0.868875757979469,0.781749924337808,0.715196526597699,1.029513465634
"1405",0.96493979450239,0.930002831780522,0.804148342651833,0.908064358901464,NA
"1406",0.907536881122864,0.954320262769242,0.722888725037603,NA,NA
"1407",NA,NA,NA,NA,NA
"1408",0.847870393652718,0.960821802245912,0.75417907801062,0.792198316300999,0.962536778003994
"1409",0.975024686030827,0.967574458841807,1.02344299846164,0.923700706069283,1.09530620118811
"1410",0.947324089482072,0.914631463374385,0.870806893883064,0.865006494344827,0.985976367690767
"1411",0.902662821552621,0.931135369400099,0.794277630844642,0.881846013498307,1.00414610777975
"1412",0.979242144786219,0.976183173744217,0.970429044508224,0.791198395802825,NA
"1413",0.968585089679998,0.983685498790964,0.830638035622692,0.815011291650829,0.976869476461435
"1414",0.961449858503736,0.977374579071866,0.790395186347301,0.77794466153903,0.937127227910149
"1415",0.925711591608132,0.905814762156204,0.856646816356484,0.940410546738136,NA
"1416",0.983363877306935,0.993592242599211,0.812672800227695,0.801755809362172,0.749821611639391
"1417",0.983434838168411,0.964144317509437,0.806026073030755,0.91492088216104,0.801293860475497
"1418",0.868011306111903,0.656811050282903,0.891771983447433,0.751562758460054,0.872023767149622
"1419",0.967110803786781,0.993297718514255,0.631106135324729,0.74475409873602,0.928250232408496
"1420",0.946415275458136,0.936096771817998,1.0309192521272,0.702565265095836,1.02282980175054
"1421",0.828277012123684,0.916223748408523,0.791437813860081,0.832149440609164,0.990483214611102
"1422",0.777566449385836,0.896934687234788,0.838576971795432,0.886751420333967,0.921799484843645
"1423",0.957047217378385,0.858057563579223,0.908129661870477,0.689068128192354,0.968409599234812
"1424",0.974042630951947,0.949103914443113,0.934194846006711,0.781378720826406,NA
"1425",0.837599257676265,0.992088709539581,0.942717396680337,0.806654349288683,0.948691660927908
"1426",0.858676365170711,0.956618045700548,1.02707092852672,0.888826129585373,0.882166746038125
"1427",0.989218159404586,0.955491680257345,0.928683576057789,0.958685219547053,0.952240357426011
"1428",0.835536858026884,0.99289657888374,0.860009026388526,1.08225681804888,0.946220482997585
"1429",0.735113550488428,0.971665119359706,0.904013166121031,0.861390840307744,0.916676432000354
"1430",0.971556014246197,0.966139302236777,0.932749556983496,0.910180538865994,0.852267223319264
"1431",0.986125343961672,0.983317113441015,0.946858271531374,0.759758840427683,0.916444325644145
"1432",0.983359403545028,0.959555958361471,0.837153063475117,0.77621174101969,1.07497844336784
"1433",0.960296180006333,0.921693641226262,0.927773046775087,0.899653872871317,1.07045984839447
"1434",0.846705821127719,0.957128426627287,1.00451587269466,0.782136491918964,NA
"1435",0.915850116961765,0.891757846263553,0.84810708503425,0.840893891709489,0.917283092072036
"1436",0.91625326357113,0.939844687109163,0.857997758640992,0.857388532203742,1.1565921412371
"1437",0.906102362911282,0.920013478574944,0.707559339794663,0.85797349760544,0.883010090117927
"1438",0.925512090112892,0.896471469114801,0.8358357604764,0.835252853796701,0.839140115638868
"1439",0.968459111313852,0.762120323046412,0.813955187103241,0.83691144600082,0.949460740770418
"1440",0.928897362568101,0.956526860603953,0.806601797576348,0.932879745608612,0.813919852463994
"1441",0.967927539452266,0.974876378527209,0.880931459510595,0.739901720426236,0.891518707437143
"1442",0.939964113568893,0.85323183581933,0.745523816544083,0.986414377297632,0.946700157789408
"1443",0.907282976263781,0.979069778866887,0.860862734420558,0.874744081071953,NA
"1444",0.97320715553768,0.964065689670753,0.892129461614022,0.839142003685608,0.902616027246081
"1445",0.922865855829891,0.825519988846374,0.899184714110784,0.838207792707097,0.831721791769489
"1446",0.972400385476346,0.884160683163142,0.859882182958947,0.922257140620749,0.899338916376185
"1447",0.969748558678818,0.982468849494065,0.806931894583812,0.867690817204104,0.914875046123054
"1448",0.902318874385992,0.908631452391743,0.864555516975904,0.950004650444486,0.999315245882867
"1449",0.913987951411733,0.852211052172705,0.92105943685507,0.819378934937357,0.997306172263466
"1450",0.961266387485073,0.994616898666996,0.899834399472262,0.859263319942928,1.01597315057957
"1451",0.939712161414954,0.973140227237928,0.811878627917853,0.78611759896132,0.813341666034491
"1452",0.918476332696375,0.928315750520172,0.895015311318261,0.658107265059397,0.820820973441554
"1453",0.966695410129767,0.990934599517944,1.03338616078727,0.775928434581989,0.811954163374147
"1454",0.963117343974156,0.982133294959278,1.04066618149813,0.716300877740876,0.965299571434595
"1455",0.961471965254648,0.988069883214124,0.933701329757285,0.811184144373561,0.975464305327582
"1456",0.957518963803493,0.968556379747663,0.962689394544017,0.817693607771948,0.992959803561346
"1457",0.909844237909545,0.97910541283674,0.944537865723167,0.771905512878324,0.847480931935026
"1458",0.925092213995664,0.898326810695974,0.907444151733943,0.818770281759793,0.965563875029856
"1459",0.88832556814716,0.897129794902724,0.923232370755665,0.735318555044615,0.997631763965333
"1460",0.971988990694047,0.946558143536769,0.88236735079681,0.719613493110731,NA
"1461",0.887651661442146,0.912080820948558,0.954542106479762,0.8230297287136,0.980607789331585
"1462",0.985579090116878,0.926812632444113,0.91157945860327,0.763069472775523,NA
"1463",0.970139146401103,0.901358529491132,1.02827684973029,0.713543764974135,0.936604629899428
"1464",0.981787457248086,0.983887433897712,0.939794392588555,0.924842293107854,0.77522606204723
"1465",0.96825934191087,0.958470593510953,0.764086075174455,0.832629397252208,0.900603592612963
"1466",0.897444933210689,0.967675371436915,0.865671896257039,0.850771740239577,1.03738320018814
"1467",0.980789931547593,0.974267678047124,0.968974528039323,0.895959365799834,1.06876204207054
"1468",0.978193104571361,0.987543394070456,0.865211895345118,0.928713536177413,0.879243632230939
"1469",0.809472104063658,0.978834119561181,0.916055142082236,0.761653647559478,1.02686318753044
"1470",0.94700662248664,0.958557044045979,0.780564658181725,0.863588604522611,0.916836274171997
"1471",0.990043788730374,0.888286637645023,1.02445490363086,NA,NA
"1472",0.882671821497936,0.976481470189744,0.934528304923486,0.886433214612215,1.05942501400901
"1473",0.868546486057345,0.922931557303191,0.882181337193502,0.803547320432119,0.983082909051099
"1474",0.891348247603773,0.966981341703612,1.03294551030636,0.733798234912531,0.900897321345744
"1475",0.969115045909214,0.963675811446208,0.966963629423864,0.854804800994951,0.937703869208862
"1476",0.961831946594907,0.97085646124218,0.721307625007481,0.952607886275752,1.00060838452665
"1477",0.914143503078529,0.999801367131904,0.893609544274681,0.906754280881561,0.749360839335067
"1478",0.82825675444623,0.973889673146101,0.825922073074513,0.821575489658809,1.02373768699308
"1479",0.972127022534387,0.896869813047142,0.750042956368806,NA,NA
"1480",0.978762597675545,0.99547498987285,0.912555467456759,0.755826502098784,1.09099344489946
"1481",0.876461454183997,0.972032556135868,0.855573522788911,0.999095662163627,NA
"1482",0.880304254526085,0.965622083262897,0.87708766558025,0.947301420971113,NA
"1483",0.965585257212629,0.986528985997903,1.00280215366367,0.841200624789083,0.997111334527599
"1484",0.979170165823824,0.836594690224503,0.830200709782758,0.80217953531088,0.955352988748311
"1485",0.952235821875761,0.795001016951217,0.933113130997877,0.997494623910635,0.861632315825523
"1486",0.937200638673042,0.964154657031605,0.95737617863459,0.914167218541992,0.919398637706098
"1487",0.943670378828215,0.871482521406332,0.94643498517968,0.937819158832901,0.982135028384183
"1488",0.871427172084231,0.987230126686464,0.858898493573566,0.972507199954604,NA
"1489",0.978733445689557,0.960821616796158,0.873968989825087,0.738869123161379,1.04927986905949
"1490",0.767782704478899,0.964387646167621,1.0107007028308,0.784401233618516,0.921677235558897
"1491",0.861970831009401,0.974467148023497,0.779009559583636,0.742881038013469,0.89368393872232
"1492",0.964553590594182,0.909104351677928,0.649768787780133,0.753556957051934,0.729743661657986
"1493",0.849352498434255,0.983941449951298,0.785158231593789,1.00300955171612,1.01044212721689
"1494",0.937032188697744,0.854520760904356,0.917021660573833,0.833194296213613,0.86574569641269
"1495",0.970162653552048,0.975261057603837,0.650534995501412,0.932984659071253,1.03970096246986
"1496",0.855060808410722,0.84002712780506,0.820903212833438,1.05119813027437,0.946893823882184
"1497",0.964756379107861,0.967730193009035,0.80630772055642,0.875370518664873,0.949676292472617
"1498",0.965220708442865,0.99151242385792,0.934263547373083,0.71243444857435,0.95578982186344
"1499",0.853433477749194,0.990549135789953,0.815257497227905,0.665061047329263,0.754521002626198
"1500",0.969537121380012,0.983859890135586,0.864505569691423,0.682259995791708,0.994156189762175
"1501",0.907545537363865,0.786318080081217,0.794339919648561,0.90879853031606,0.950441136744479
"1502",0.972066119981047,0.924282433229021,0.908324260631291,0.736705139549889,1.15817577235752
"1503",0.964336030588695,0.771803820950012,0.882218683662651,0.867923495104331,NA
"1504",0.939769455894927,0.836000503447007,0.851764656806579,0.874323901722415,0.900357119426246
"1505",0.852480784968071,0.936147057490301,0.735231177622982,0.857508180343988,1.07807988263331
"1506",0.788908461810372,0.930243889773663,0.630511006608001,0.684622590259759,1.0272979014545
"1507",0.83355382408473,0.994951808411022,0.955401077040566,0.993272075986619,1.06660174182407
"1508",0.977355078759159,0.985305518237208,0.949342972649499,0.83175525388953,1.18009195950048
"1509",0.972373709922495,0.95825506707311,0.889113555693327,0.688498437921924,0.944452102676566
"1510",0.982677286867382,0.932190546041034,0.972186347722277,0.967641224642194,NA
"1511",0.849425850118642,0.994382399559793,0.79442292479975,0.758122441844474,0.996600249399769
"1512",0.978369956308503,0.966924628845318,0.598761642727763,0.587476487309206,0.780807357862985
"1513",0.969153832938997,0.98284915267644,0.948296681238057,0.64418029471654,1.10373833896236
"1514",0.944255436156075,0.973999158616504,1.01668685047517,0.816751463378121,0.933170263346678
"1515",0.964726654618316,0.747376245251675,0.965630462429122,0.874401459028052,1.13162583027912
"1516",0.979648860169788,0.874804184292414,0.933255786167882,0.704537313663459,NA
"1517",0.975766302230546,0.913258801635927,0.797806096070607,0.710935164074256,1.13160978691347
"1518",0.982157572975207,0.985848224277115,0.950550674863834,0.769861276633074,0.963922847274533
"1519",0.950769624681473,0.814442977493589,0.905276879375469,0.815876411717323,0.917895022308915
"1520",0.844425874504489,0.983249548000456,0.950713091835406,0.844199103185319,0.923249631851437
"1521",0.985995990710518,0.716862814603301,0.822471531397668,0.846344333012968,1.05152954766321
"1522",0.965040102403548,0.957320279929702,0.96593455980142,0.801596893078555,0.871611722683074
"1523",0.971481271095378,0.957031047960601,0.956940655240079,0.794261827829636,1.13114430503071
"1524",0.959098796608912,0.991104388831531,0.889248044994559,0.843323041970215,1.15854143597635
"1525",0.958313480573404,0.997003253106479,0.863521144900334,1.05617659477299,NA
"1526",0.963481161386558,0.990544857144631,0.930855448280057,0.688167950522883,1.00192960100891
"1527",0.880907370743511,0.905262480734405,0.726258816085272,0.79488282139386,0.992782732148667
"1528",0.947269299270112,0.851977747832482,0.71313772145972,0.806390496279449,1.063722715447
"1529",0.923923304035655,0.933696631978536,0.799801337685764,0.753917764667975,NA
"1530",0.967889513466269,0.971632838071736,0.864179560713328,0.870326381306042,0.71121025472105
"1531",0.955341547495714,0.917672537495746,0.85458424761125,0.960059107841797,0.776161246017799
"1532",0.950706584521116,0.881231188153052,0.943945541516521,0.906296190259326,0.905191407261216
"1533",0.940572710395245,0.99185005384428,0.888989659934181,0.917637623449194,NA
"1534",0.960379770819529,0.976651691269709,0.970716791883352,0.826854482443435,0.985023708086546
"1535",0.824654144949202,0.917245598534914,0.782905148180363,0.821439347197807,0.861264622645919
"1536",0.967739235379648,0.928327800057658,0.911664218544882,0.630550786311534,NA
"1537",0.987537520598045,0.974561222952353,0.943822543160221,0.740213343866328,NA
"1538",0.957938804146159,0.827955253769231,0.763748760619797,0.78620716439813,0.853144318198863
"1539",0.812177582052627,0.951255005773539,0.767983066391809,0.681309231728875,0.934752118092616
"1540",0.965559515204333,0.971577742443397,0.938087004544033,0.898014806395367,0.995246836872039
"1541",0.847695216217082,0.91552521207456,0.914136415062939,0.783371251638104,0.877896197416502
"1542",0.792522106990386,0.970111918434175,0.889016364847123,0.660114580928734,1.10565337213984
"1543",0.951829283871756,0.952432150039926,0.932121666586828,0.900503972051417,0.972596383223173
"1544",0.963248386875575,0.921674324361455,0.816573107258683,0.839463691095272,1.00604468222581
"1545",0.973911510124877,0.967513075987129,0.912184910236174,1.0072289255704,0.767211356654375
"1546",0.970694611354092,0.88776558422301,0.896114005408849,0.728908476657833,NA
"1547",0.967523463765813,0.991425501472292,0.862654435820142,0.746529019766955,1.00614762812586
"1548",0.974086457043028,0.957359772712321,0.865396365340612,0.710472596599643,0.9521012385412
"1549",0.960758277790557,0.745627927680743,0.915667309597557,0.769523892688366,1.16059432694256
"1550",0.971805409420581,0.99145170428416,0.906498043726002,0.946412678271588,1.02632282112365
"1551",0.853302940802502,0.958941898376264,0.864660686668316,0.778671622478569,0.956324708479887
"1552",0.89378799198808,0.875497124029715,1.02988539761335,1.01673437887781,0.903619406773731
"1553",0.941717352961282,0.99380999679676,0.817443395860324,0.902419902921358,0.882693788291172
"1554",0.829565921076436,0.918688396069075,0.839422105501564,0.640854800788167,NA
"1555",0.976396697399585,0.930673611078151,0.796575088284766,0.715921409174257,0.958030305334674
"1556",0.968855968580875,0.889189883887682,0.805018744794642,0.759451322008661,1.03848115099391
"1557",0.971929215818333,0.975598560444221,0.903235692611737,0.79187424476916,0.913269704001362
"1558",NA,NA,NA,NA,NA
"1559",0.831365139275066,0.856372526694147,1.02781432333434,0.733657236404493,0.947814287584573
"1560",0.962206517231241,0.799720795656225,0.780664369547545,0.774979027226109,0.935939651409453
"1561",0.979283054850484,0.989027238922108,0.690472148355548,0.943231115829606,0.861736929551805
"1562",0.970348201533007,0.764252735020462,0.801639351287518,0.911004443064121,0.808455244379945
"1563",0.977158805973097,0.897938762229611,0.961838457604189,0.783503525466377,1.15964418506143
"1564",0.805054680238144,0.977576072024659,0.884127196546363,0.934633277382448,0.878460869935141
"1565",0.975884568012978,0.947403740877161,1.01702127393754,0.703930786488427,0.87137347903356
"1566",0.973408537591529,0.959089514694882,0.885272312240406,0.667018188450376,0.924891801178152
"1567",0.97334974028956,0.980018348806077,1.01891594949824,0.832559975713864,1.11630124145012
"1568",0.938708151754137,0.922825433195394,0.74559580436147,0.884949568718269,0.998655600170146
"1569",0.965069352813676,0.981703668746127,0.858705590799537,0.623273270520962,0.91328706374912
"1570",0.975921831390485,0.979011558434341,0.835412846055902,0.991579576848176,1.00062127025173
"1571",0.979447176273058,0.987784634852693,0.910063430797236,0.931613114463613,NA
"1572",0.977457885641029,0.97173257890274,1.01756170101611,0.806788791922828,0.799483433048635
"1573",0.964557107364993,0.918476745774999,0.682601214119204,0.778333682873788,1.14682346975521
"1574",0.894425295356343,0.966253610265262,0.864437737415605,0.869697856097646,0.907824708494851
"1575",0.878895640976623,0.994218132333936,0.865062815189412,0.925552576875722,1.03421698936099
"1576",0.975697394480334,0.901300136705996,0.95469574950896,0.952032121265842,NA
"1577",0.924381831031002,0.964065062843833,0.729222518783314,0.715614679691661,0.976530091923792
"1578",0.982544066070772,0.977802082838181,0.892123827535506,0.85614199410307,NA
"1579",0.981768037094971,0.982653815389613,0.959382054750932,1.06616834103483,0.919788893088476
"1580",0.954336862561666,0.981990404888634,0.934098607017761,0.852353334853718,1.00162896007443
"1581",0.789209638747109,0.974403105364661,1.04027114864655,0.910799837213492,0.977573062313751
"1582",0.972332532401665,0.982434928425473,0.742209726213944,0.907096739639539,0.820181229721152
"1583",0.954841924013655,0.977822229125975,0.643764567583646,0.749340572843832,0.916837072648993
"1584",0.799129165016888,0.921505435023638,0.930498151169698,0.793730429020888,0.880464620147021
"1585",0.956148200266971,0.822726830781648,0.787023536173853,0.864463232274965,0.864310032824513
"1586",0.94960976600869,0.974531648487654,1.00740062287074,0.933551928422082,0.981336941524126
"1587",0.774873148718793,0.922402114232423,0.807249159786551,0.931018862389955,0.972886442930755
"1588",0.992402224243183,0.725289423753756,0.861713677592817,0.697689185070272,NA
"1589",0.965746792931704,0.986130732221083,0.966806599094196,1.06180789210452,1.0047822476637
"1590",0.938090120296529,0.963444126229963,0.85795458716334,0.708323564264532,NA
"1591",0.959477998321374,0.829601889208514,0.846592320300476,0.745566037755295,0.91675106019662
"1592",0.945843625361625,0.925781717860073,0.979383225486246,0.804066843203901,1.00434353416496
"1593",0.970762355928153,0.818293797368652,0.846371601655533,1.06273332595389,0.791725438851473
"1594",0.871620122886224,0.997967525601739,0.749725837752195,0.864605421772662,0.824251763868442
"1595",0.966994199885625,0.988445708627346,0.724072543193515,0.770393362740151,1.00975356332583
"1596",0.940923524253297,0.948671692320909,0.729437829853689,0.765127534979185,1.00984232641363
"1597",0.969608102950385,0.981625490236848,0.912320257501051,0.901741170894845,1.00432414980696
"1598",0.972530354750565,0.814652113917664,0.748288744970822,0.892929504120591,NA
"1599",0.97269636010633,0.960147902377176,0.888550838760621,0.718675768684691,0.851287403876437
"1600",0.957052100655627,0.96698777221681,0.806402162950968,0.846709767588753,1.01075602159872
"1601",0.936661239615165,0.966985830077639,1.0050125974252,0.628928120610896,1.0812136011869
"1602",0.966242084582258,0.976132504353101,0.946847713542203,0.846881300710347,0.815253472099208
"1603",0.87941936792329,0.979065193366042,0.914727178493246,0.76770352869489,1.09138835160786
"1604",0.967674003122747,0.874239422850027,0.875542007430348,0.874127291540826,0.890062371094738
"1605",0.970863439215119,0.879089145566983,0.957853249553931,0.813768404677311,0.728297277676703
"1606",0.959247465770598,0.987801156011686,0.895105113358182,0.745895857246661,1.04013560942941
"1607",0.94362570499794,0.997684501207744,0.88653202001872,0.820661041398485,NA
"1608",0.971132321843804,0.9335821561321,0.979589485549645,0.858851654772314,0.994022114112179
"1609",0.969733487509085,0.907981425522985,0.874839359070604,0.875483587711683,1.0985260214933
"1610",0.72164664043152,0.992941425639456,0.687654424410466,0.853510543179374,0.937042019157628
"1611",0.800604354297486,0.885213767193788,0.937530773231474,0.821118799817732,NA
"1612",0.973103993385883,0.979605365540934,0.580875538713748,0.724384688182251,0.925182462343419
"1613",0.648030503791434,0.992480654225432,0.829522598950081,1.042242017288,1.02714618796832
"1614",0.970059750346736,0.985975112943991,0.949637303910199,0.967443953024415,0.884519707908515
"1615",0.962739686521313,0.893766136538853,1.04093007666973,0.794577415921878,0.978096393781426
"1616",0.955108722590158,0.916716978072959,0.888515097822815,0.833646289229516,1.04395687310473
"1617",0.944094388182842,0.884731141361636,1.04040773329908,0.904665096118969,0.896803073407418
"1618",0.975613269427151,0.858220913506733,0.875638119009996,0.930104333711242,0.875614533845341
"1619",0.953317197784119,0.858313591232301,0.750499359635429,0.963922075245465,0.858100741921038
"1620",0.885076585472053,0.941685514203349,0.929197929465902,0.97456804954262,1.05480590009274
"1621",0.976351938427213,0.963327356265846,1.02702325895008,0.957611099050044,0.917309449977236
"1622",0.898137310369728,0.855232495292543,0.772827548285943,0.912409600599508,0.873830867283015
"1623",0.963708444246746,0.896748893667275,0.913223819192648,0.845064008731872,0.966526437171637
"1624",0.941056535376954,0.881329792060007,0.715268880487371,0.600420222136984,0.979976608322175
"1625",0.956755935153529,0.840600228444688,0.961226656853411,0.856721268759487,0.854343088311564
"1626",0.974373068399518,0.960514429834301,0.905605673645092,0.781538056457296,0.922209083595059
"1627",0.872101243570936,0.933764013744612,0.891192052754095,0.966209260474457,0.824341853016037
"1628",0.814158884705528,0.872048901832424,1.03559323458578,0.997665191834788,0.856512689597482
"1629",0.979201079871424,0.934457853996275,0.734529755168173,1.01231233808906,0.921290097124552
"1630",0.965347746643315,0.914843068157253,0.783455911972633,0.895884687858224,0.998435199258845
"1631",0.94379600526638,0.924738990247073,0.842391683416341,0.91852395928116,0.960603954342864
"1632",0.869545342097529,0.814576571797413,0.969127197276872,1.00370426851103,1.0768529637596
"1633",0.941424462160113,0.867720198348237,0.792657922175059,0.698353330587411,0.779463848239498
"1634",0.892927837085972,0.983098352721176,1.0427742381223,0.72413873309813,0.808100901526107
"1635",0.860092177946308,0.971309781362299,0.90459072304573,0.669632396824865,0.985471426538685
"1636",0.945720333691333,0.982723481087373,0.832396646098972,0.883112555784805,0.911771182079714
"1637",0.954277697479759,0.982334325601891,1.01612976821292,0.614593991054612,0.924003167384016
"1638",0.971300308305168,0.959619000255651,0.847568193279133,0.6900940851437,0.884646613627919
"1639",0.961049691508868,0.975976386668035,0.914212379441337,1.042775183862,0.851056544185911
"1640",0.944395903968942,0.981873267911087,0.911432821516946,0.966846918564089,1.03903826424751
"1641",0.960471452939823,0.784479735710838,0.942657629733102,0.888228425811633,0.970066524736478
"1642",0.975215182495998,0.965704314848381,0.975819503351579,0.758184769615604,0.972131021886777
"1643",0.954927300566571,0.911470682763096,0.888653418772599,0.884096280326043,NA
"1644",0.966459827131952,0.902740863772225,0.938259502264272,0.949040520637693,1.0351953008805
"1645",0.956521489522155,0.986808203543734,0.788741704539624,0.765445051078616,0.996219436346889
"1646",0.964918180324595,0.958736220792899,0.692395188804629,0.91159270310045,1.06200844060891
"1647",0.965025958877202,0.976408801709637,1.02425387386745,0.857610938018333,1.01100535895501
"1648",0.950692286481487,0.940101710659798,1.02421354496399,0.870472611608423,1.04411307047093
"1649",0.963281111693826,0.778291078036186,0.65433645498833,0.655798214758216,1.08683029486054
"1650",0.94175372898898,0.960980472617974,0.864930611605546,0.823096045571539,0.915953175951625
"1651",0.956218866094109,0.907090438763412,0.929973167980593,1.06501843411555,1.15755503803374
"1652",0.985571872057816,0.868564795413864,0.788910836011561,1.02989412989084,0.92539777531746
"1653",0.93889968445073,0.987388046667817,0.942801349542002,0.883084948813142,0.866679603127616
"1654",0.937925514748475,0.765194131882248,0.902236577145026,0.869561890327201,0.9866633339139
"1655",0.961454191254108,0.987783048376899,0.726898406301355,NA,NA
"1656",0.967660118890288,0.787676920915259,0.76306987441302,0.879230354394661,0.84971036694112
"1657",0.868421101172275,0.971642601712201,0.890425373078527,0.893395426126561,0.808373537691155
"1658",0.960284010773374,0.927748189739592,0.861943373796167,0.94940865043561,0.909596082816137
"1659",0.985709563598702,0.722118954423496,0.804312918391301,0.754282969590048,0.898603576599088
"1660",0.960661200765362,0.829205444626605,0.790619628264298,0.851719950180766,0.871602920077306
"1661",0.966617775415538,0.90316585482637,0.888099620529819,0.907933347461183,0.825340435148794
"1662",0.858802681455037,0.956287858555797,0.919832228126087,0.925058401082162,0.892090625758237
"1663",0.972005482941215,0.969929966744477,0.858419047318087,0.808263178340745,0.982326326708899
"1664",0.959999095574009,0.913355013876723,0.907607422633971,0.897110839262149,0.816170529216778
"1665",0.937719885814446,0.975567340778288,0.688841206145371,0.784291718015081,0.937598817400444
"1666",0.939506768023023,0.953218466378034,0.909502376650098,0.775795520965832,0.954913608926206
"1667",0.969030549774011,0.972941988941678,1.03028929678067,0.708270816118632,1.01493639072273
"1668",0.947135412992783,0.983422864033754,0.932473185655214,0.661858272953789,0.783238222577908
"1669",0.883521627349828,0.990557762361972,0.881378734670266,0.812417983904975,NA
"1670",0.980578965289801,0.927204296482942,0.824239275025111,0.898818637855845,NA
"1671",0.987484833136356,0.917743807146994,0.743340003123464,0.657350415906496,1.12797800421597
"1672",0.963646651365387,0.989696418500048,0.925794304885426,0.849081783397063,0.851423791153039
"1673",0.974600871385775,0.9777351905017,0.977073435448667,0.931396138366885,NA
"1674",0.967636619155552,0.986601158023813,0.897693112145605,0.836291743295434,1.04079404006866
"1675",0.970185538621847,0.838276806933898,1.03098783615262,0.827360904997559,NA
"1676",0.976149216859168,0.99216788436553,1.03196533924692,0.876668973003702,0.794678344638024
"1677",0.971771936050796,0.919025132997613,0.946686314169811,0.789401928603424,1.03855751232792
"1678",0.939330343701554,0.987967493045261,0.821658169971475,0.834269080543616,0.765722059448331
"1679",0.847123847308614,0.976605345173651,0.889975685867958,0.747754531357852,1.16226429065309
"1680",0.905035401634349,0.977901396697686,0.779804448836363,0.78384144120235,0.997420343252087
"1681",0.949889519978252,0.959944699247105,0.845167196859991,0.732956159900685,0.870062460179482
"1682",0.984098261716255,0.956002921090745,0.916244787924622,0.755877007206136,NA
"1683",0.967839307590624,0.996723910965169,0.901864035848494,0.810495663036084,1.1437385405498
"1684",0.973187527625571,0.917070988840914,1.02374134534385,0.896850631801028,0.781244113678629
"1685",0.942797403411262,0.980214547300844,0.960748326481677,0.888269208753643,0.987521994094393
"1686",0.982080877568545,0.871143962365168,0.872286634297419,0.880659149668404,0.881869536444254
"1687",0.958305252590983,0.980665244766955,0.87144259969646,0.636862221915965,0.945712070547069
"1688",0.946174599089071,0.953954384455952,0.954696136994085,0.775060551912622,NA
"1689",0.887939071105327,0.932717818857459,0.78696308874247,0.740940056150696,1.06780016110513
"1690",0.965351908767852,0.983501140799559,0.763404197119745,0.812000424855036,0.846912187898058
"1691",0.964599685899816,0.964172631620201,1.03211477225011,0.801710890515427,1.00182979460925
"1692",0.950600619761319,0.961202359751779,1.03731940560474,1.01237860115962,0.904280094561226
"1693",0.885211616408988,0.980463516907261,1.01896377935315,0.66940212840163,0.805724081375583
"1694",0.945914848675934,0.917968016728696,0.756437210476048,0.905057932333738,0.974912116953907
"1695",0.96258855272187,0.972720915775074,0.879014472558806,0.821693029382121,1.06977483536426
"1696",0.971489413040151,0.894416464298816,0.794002306631761,0.797812862653698,0.842933690376364
"1697",0.97286731451169,0.97608661765863,0.845574659424862,0.91815659587699,0.992184298003764
"1698",0.902751379758098,0.959625787076079,0.81970688996183,0.830915621823974,0.880869037181993
"1699",0.848972661297015,0.860215421885066,1.03956638421118,0.783591890903277,0.860759059833011
"1700",0.962542778876614,0.959092196536704,0.773071120960738,0.88631793531996,0.863106781213416
"1701",0.971246020531101,0.911863600859462,0.865469036085268,0.834424605782808,0.95315849970004
"1702",0.988939194574342,0.988749366506349,0.998430560930745,NA,NA
"1703",0.97979852385395,0.969466196967821,0.843948756951451,0.834193497925912,NA
"1704",0.983179886888413,0.972271582105481,1.03073605545046,1.06539539979952,0.890724992758579
"1705",0.963564556088693,0.853015117689841,0.876474903026008,0.745961482812409,0.823635570700758
"1706",0.767296405404846,0.972565333693951,0.868997260413856,0.994724353953638,0.852298717277642
"1707",0.963717734002246,0.99086161592207,0.837190218308189,0.994269157951834,0.929955015529611
"1708",0.971104618936458,0.868483635017771,0.969706796769127,0.783609795892413,0.939733642851679
"1709",0.982089131657314,0.83047779707998,0.912525511338529,0.865286197636881,0.787088030068126
"1710",0.981116568319445,0.816656150126067,0.720040020423574,0.780095320493383,0.927806635535646
"1711",0.941133888918427,0.909006937685564,0.830293409885213,0.810839935422033,NA
"1712",0.936367744195822,0.847367492203296,0.872652039414246,0.535205854339248,NA
"1713",0.948867991698309,0.928574786339348,0.796285200972755,0.818554078720846,0.921097613471261
"1714",0.965667765092931,0.958147094019681,0.920371439497248,0.832756522385298,0.985106296889563
"1715",0.939795505263475,0.984714947948678,0.827767577652443,0.758539599725781,NA
"1716",0.970304679317216,0.943395497558881,0.921202159464598,0.921150977875379,0.975526854776424
"1717",0.899512451190727,0.987146312521229,1.02933370529776,0.821380661850509,0.876680139901958
"1718",0.889814353379329,0.963075684743938,1.04424537729618,0.85742944377847,0.757230023709055
"1719",0.972932126303654,0.979850067147616,1.01209999284171,0.826460861146155,1.08279692620368
"1720",0.955774558180967,0.98427316003418,0.802053865889189,0.933171322990549,0.970521952994583
"1721",0.934472535921093,0.85503352788899,0.97182906027514,0.845373637620594,1.00969291599254
"1722",0.971065675170765,0.885042218223363,1.00334135920966,0.935856021952371,0.980966033162266
"1723",0.957194819952314,0.891175334290634,0.897092987606236,0.723441767736389,0.892571272421247
"1724",0.98443658701176,0.944535017779637,0.936213991456947,NA,NA
"1725",0.977379717494195,0.878804644873299,0.869835814335172,0.813610901185162,1.16387806933603
"1726",0.864881560783284,0.972829396845536,1.03422680570262,0.711017308862238,0.878846465136634
"1727",0.948884385716728,0.868726601954546,0.811914239638981,0.749575135005743,NA
"1728",0.983960577954084,0.988673810216605,0.771595307014578,0.769264304709708,NA
"1729",0.959929352935664,0.970630582500513,1.03374278858539,0.725372455026841,0.968332609383926
"1730",0.964227022554067,0.892632718813369,0.815049430660004,0.705134321110104,NA
"1731",0.889776553796228,0.90963065672656,0.94615036403589,0.950495909008088,0.838077059593125
"1732",0.871179575741312,0.869973351444536,0.81800866571345,0.878346408596861,0.895631494532108
"1733",0.971092169095612,0.964632703053995,0.963072688705927,0.827153043990492,1.09943043593436
"1734",0.887643381670666,0.885994222158398,0.636496065151166,0.820702557912843,0.899458987957361
"1735",0.955559277292124,0.890612584277673,0.890682059134733,0.792175997750553,NA
"1736",0.907893007082133,0.922260219013775,0.844496875595155,0.926898153818363,0.815158888369985
"1737",0.954351810828236,0.983517117638923,0.94615644197807,0.910954791259663,0.826010544816462
"1738",0.971606989165222,0.976844161402875,0.930209113948159,0.775643142259286,0.993875903043697
"1739",0.82591617875921,0.904573358121831,0.762281896984744,0.823170486055114,1.15987109500601
"1740",0.921504774747817,0.975918366965185,0.850519691144585,0.682070234230736,0.885581016109463
"1741",0.807270077081915,0.955489104567316,0.917531307434357,0.881150152337275,0.938721718042198
"1742",0.947707555656889,0.856603535202741,0.929434394530395,0.944389225921206,1.12865476770612
"1743",0.965692084294833,0.986035906760465,0.834426352192511,0.848959666905559,0.929481636853907
"1744",0.963735248767988,0.929290008435386,0.748158221355846,0.727093589617582,0.828992896625856
"1745",0.956186449575362,0.979162375776109,0.787034259983352,0.794081245432261,0.982272611598358
"1746",0.923580774882378,0.903312397841518,0.929794339890933,NA,NA
"1747",0.919877815311379,0.870884520512271,0.927543239981137,0.843389939908517,0.711683573248158
"1748",0.897252867261802,0.971653929761319,0.877891566695015,1.07739019863462,0.832798040198871
"1749",0.803632376260828,0.967434340298778,0.99523602184971,0.860374620330754,1.05735601880995
"1750",0.963490899896605,0.956619694910989,0.834430333615373,0.87309273826799,0.844422875408053
"1751",0.991024456237376,0.899926164493329,1.03286824386417,0.833976194910434,NA
"1752",0.9406128446796,0.99001824876396,0.896303822308304,0.958596351258614,0.82712485801104
"1753",0.945629026144963,0.989199972593288,0.798939711065635,0.855564032481231,1.01413693705616
"1754",0.897475985773415,0.977594694109282,0.773068784678235,0.766356375290079,NA
"1755",0.883682550835912,0.948283058294935,1.03617031143596,0.818021734330246,NA
"1756",0.962353702295958,0.955282836888072,0.77257856570124,0.751868280220301,0.86260541997025
"1757",0.977831704325685,0.877351387826081,1.02196018408156,0.718407848995761,0.889459327325752
"1758",0.985745797753956,0.935939766896087,0.96180625987254,0.692838772914917,0.906668180270134
"1759",0.972867932237756,0.882698309415178,0.869082357516235,0.906416096337102,1.07696942410785
"1760",0.747215552103914,0.938197536056688,1.03165981323213,0.885277292656212,1.08540935362703
"1761",0.959182324857669,0.885100412379782,0.8002031859475,0.824402454872772,0.764844514810497
"1762",0.986482852162777,0.940709972750595,0.835173465850039,0.713807858774374,NA
"1763",0.881017959803554,0.993411859977407,0.895407462681569,0.970852300287058,1.0122557181967
"1764",0.978449935667082,0.969977912191945,0.899186628926414,0.992771016125457,0.867976407098092
"1765",0.981977598657253,0.989001314317257,0.896440336768943,0.739346430980412,NA
"1766",0.915318989004193,0.959700248665142,0.920905752020081,0.730258129090709,0.975531088437595
"1767",0.975346949229173,0.970223262175494,0.90959621156541,0.712390179029327,1.08344355959974
"1768",0.942121268787389,0.980567636281829,0.982205465905333,0.965003611720196,0.933479338642651
"1769",0.917518856950377,0.932735412705591,0.865168726701204,NA,NA
"1770",0.959788421919649,0.974319410022959,0.950210614454524,0.921586406792877,1.04589452892314
"1771",0.949471176124373,0.922091954796811,0.92491112745901,0.765451338264206,1.05248745627297
"1772",0.964776619856183,0.938776236404301,0.852064036650957,1.07548754951594,1.00114141612465
"1773",0.959091470141621,0.859164647614994,0.808196183568712,0.934272422693683,0.976629234325893
"1774",0.956192596638982,0.981534527056775,0.797563877078492,0.960779874707293,0.874536215885753
"1775",0.902919900100671,0.78495705957712,1.0085986385365,0.791682560501948,0.789016348770251
"1776",0.847297521436796,0.971090651584072,0.763508251946046,0.886872966055833,0.762092817769251
"1777",0.95919355279711,0.85990050156407,0.826050762850984,0.774146776588656,0.834376733398176
"1778",0.967002222219482,0.976395120989041,0.977597108642226,0.910658344777856,0.877165974200109
"1779",0.977214975535711,0.784586859915469,0.854274268681917,0.900584556229449,0.858065355560464
"1780",0.89315393141923,0.789943555629046,0.963405249246426,0.97315719298223,0.899768052829453
"1781",0.971761852870616,0.98163096991527,0.861133826992744,0.759965141957907,0.972595596175059
"1782",0.958504480863913,0.96409949230846,0.843510988395133,0.717561961459517,1.04580925735311
"1783",0.767030560471663,0.88638559877463,0.967122224689932,0.937252340695729,0.848732254237893
"1784",0.957620135476103,0.939649843244815,0.904179471257255,0.941664258920237,0.886665111631053
"1785",0.97191532292684,0.974504365451281,0.934694818779637,0.795220450667153,0.817033053335771
"1786",0.992137534757218,0.91114726496712,0.844707977340559,0.837437081561775,0.980386625136771
"1787",0.963544969149396,0.986332374042935,0.838342417847963,0.973038952152441,0.974644127929424
"1788",0.869775768516662,0.721362897178151,0.961602456373495,0.791019378299092,0.886307660238224
"1789",0.978542811625223,0.971004698232055,0.800731307936036,NA,NA
"1790",0.90393167129117,0.982649500492719,0.900778828840843,0.896205981903045,0.99193096108703
"1791",0.967188095577369,0.972124692893325,0.976518055840703,0.817668150988266,0.937701623130811
"1792",0.970596152969244,0.97508019282847,0.816234543045287,0.969660355827602,0.877696385977201
"1793",0.955325208628406,0.931498862839815,0.93958014383513,1.02553980359383,0.830467136468679
"1794",0.891348088398999,0.973459972892356,0.999798259653281,0.773701209153663,1.12675479000918
"1795",0.896400048076197,0.828007841056398,0.713808188805055,0.760460734864313,0.992883248690888
"1796",0.959026631960739,0.943812836351202,0.887321514670825,0.801940996467671,0.874141231958787
"1797",0.941815062960307,0.990493501110394,0.830797910855148,0.73005055061306,NA
"1798",0.84909091137349,0.983656594044651,0.998697061909893,0.905188768394441,0.963422558750966
"1799",0.926004571057275,0.989476520222353,0.931374061874111,0.842753027009999,1.13904662797542
"1800",0.97993464516564,0.985121191231226,0.961095830608908,0.842715468414962,0.700159271441557
"1801",0.955734839623599,0.990833863044979,0.91683313409369,0.849046231086515,0.915212627126405
"1802",0.791632120312866,0.890798878335536,0.935478059804936,0.813344094766484,NA
"1803",0.945590335480819,0.990434836433074,0.897261720458481,0.972203470762657,1.01268730687633
"1804",0.845080382984793,0.951338153356138,0.843646044013438,0.722409033393238,NA
"1805",0.93788147546196,0.903368668072214,0.947051066738856,0.908942922089603,1.17470301195114
"1806",0.952416435590546,0.910814710754028,0.880742184384179,0.772448470055738,0.962157439940258
"1807",0.869290974851835,0.988781440834258,0.836351568527261,0.879068616936558,1.00040027849913
"1808",0.965998631760682,0.994650674421928,0.682696603537681,0.643606452233542,1.04857421201772
"1809",0.909871531239993,0.975564841675918,0.767474295653393,0.739722739969889,0.95522771549936
"1810",0.946000845640719,0.925807292123222,0.951355105251125,0.713407735384691,NA
"1811",0.976483901694741,0.962002550037215,0.829039019790929,0.886735174773427,0.939016018174823
"1812",0.945185117284693,0.953591522277236,0.856549837571938,0.85271769190714,1.02763102737062
"1813",0.942340332297254,0.76588533347462,0.866844514163362,0.826206095667244,0.780641608769003
"1814",0.816996601875646,0.940783702739687,0.872944796006267,0.808923051526195,0.874876958086122
"1815",0.959186117069751,0.989228714930892,0.82756320297688,0.906790572521613,0.73645863881837
"1816",0.977503827428929,0.875008401860856,0.782143429520388,0.900486899147164,0.870753348610584
"1817",0.925251320476115,0.963510718783857,0.839689565789842,0.797647515941919,1.10210315329899
"1818",0.923638978984362,0.975452544012146,0.94653407073591,0.870219754363697,0.880840716212018
"1819",0.961707074390274,0.924959211973969,0.897596791329925,0.710366675995582,0.928401780728137
"1820",0.93798999126247,0.974427361780851,0.91431026010676,1.00525998051516,1.08223495092174
"1821",0.969089852482803,0.979806131699505,0.874391731645865,0.857426829969835,0.887112100621128
"1822",0.855366768167155,0.894599452279138,1.0222128250093,0.883500771896541,0.924393320277867
"1823",0.96062641101345,0.988713199666293,0.877543954705148,0.936596832897388,1.02003883190075
"1824",0.978117127733046,0.878439576401352,0.90896713977773,0.854798717402402,0.816870827497362
"1825",0.976466885115746,0.900348458616096,0.7238920016148,0.605766623242114,0.969192789912122
"1826",0.837103725753011,0.906904938762214,0.700178291475098,0.835844747598989,0.914791673709102
"1827",0.974957003782429,0.793514885564269,1.01489018489083,0.905664565023194,1.11056712293522
"1828",0.987686075862869,0.86785592067234,0.835576601766469,NA,NA
"1829",0.862618933459597,0.956805879776651,1.05015635188739,0.988733784513846,0.934645200830556
"1830",0.950789002756256,0.983136957336906,0.835506447797424,0.897415624792224,0.94257824113076
"1831",0.958701603748131,0.971721874928109,1.02617372567833,0.862715099612992,1.00755709652176
"1832",0.94861693751994,0.974913645313325,0.826500041143042,0.738986548380564,0.969989689098687
"1833",0.944465436109748,0.729924707341851,0.976443072636117,1.02321027843636,1.00353784723692
"1834",0.972484578922901,0.832505963411348,0.779341140920482,0.877192121492817,NA
"1835",0.895111203045152,0.969443391590346,0.902033623396128,0.764254908502764,0.82146079804361
"1836",0.861373898338389,0.964807768000002,0.910870157771187,0.825360653677655,0.949712962576662
"1837",0.985835437518032,0.95026762865502,0.913669510671381,0.747406059083974,NA
"1838",0.969878972907558,0.78827778677575,0.877351333025585,0.84402955545455,0.854045134330225
"1839",0.851804167536463,0.990587574192195,0.763758715470062,0.849890064915462,0.94179802631397
"1840",0.96674781119166,0.91274870093288,0.929296454118236,0.826808450074669,NA
"1841",0.982967053052858,0.841986337551349,0.87380679120615,0.860163407214532,0.759937764261315
"1842",0.959980325131253,0.978219801805209,0.820142811668893,0.885541418151977,0.850029306260228
"1843",0.97317596417277,0.993840835537531,0.940489301581265,0.687878709964188,1.01413026167978
"1844",0.940519712937506,0.977833147301862,0.868691963262309,0.734368456921836,0.72750822932709
"1845",0.917275872466855,0.732467779655265,0.956565098671139,0.765390495431983,1.00095866454404
"1846",0.977406460666535,0.827617823023326,0.859428632325931,0.757515167152699,1.03222936368497
"1847",0.976858097627883,0.864684613577444,0.673830493908631,0.820530046084105,0.943256347784244
"1848",0.966723944906791,0.99037543537139,0.967064762455548,0.793782483002522,0.875017126287995
"1849",0.939550022912979,0.988033055351149,0.89259995840684,0.863620759996691,1.08457949129472
"1850",0.923898357623601,0.857026863157909,0.965234817172772,0.806621049761494,NA
"1851",0.867224056590032,0.916414577088873,0.961493664804959,0.688223557920153,1.12917897447414
"1852",0.932023279951068,0.992612829306929,0.841338591341942,0.522043673647872,NA
"1853",0.948657587690771,0.987464873807323,0.959182374156567,0.790713873678662,1.08965976530692
"1854",0.930410851383961,0.703121436619574,0.839918250874524,0.965334815205513,NA
"1855",0.723668538343165,0.971271896005854,0.955597117520036,0.791907576463193,1.01368294520715
"1856",0.960543229646825,0.954831723235257,0.981454398722443,0.7108972742587,0.920716502718043
"1857",0.9669782939009,0.977491754778715,0.905344153406072,0.975644543222388,0.954218834694228
"1858",0.960478842899597,0.957265418424571,0.564672640749897,0.812231389210485,1.05057903538688
"1859",0.967878025727144,0.9020371160614,0.672423088648677,0.884846300677583,0.785578916223345
"1860",0.952275973783568,0.874236220647269,0.820522601486822,0.915273153767352,0.957415118771565
"1861",0.975144513444045,0.986873940204318,0.972307188973402,0.758211497406357,1.06950954190849
"1862",0.936569426149862,0.911342557604567,0.873949824237953,0.741996482968223,0.894410682692601
"1863",0.839368404069898,0.914849875463094,0.915674579442686,0.881874279754345,0.901967671942364
"1864",0.923089920478969,0.986406504840545,0.816139870376765,0.827833589879938,0.940666660007649
"1865",0.942386695053006,0.970050201314082,0.912995526545623,0.626241208250624,0.83788876466204
"1866",0.983167821739194,0.998606769346444,0.962187779969923,0.906013407954218,1.02259140640503
"1867",0.951828439964598,0.908112556142728,0.855656331793014,0.701129176635558,NA
"1868",0.872717320206815,0.959037432136188,0.850078246166884,0.953000960350381,0.956419534130023
"1869",0.887954340779304,0.974734707210063,0.917147265472737,0.677312277828908,0.903552317503069
"1870",0.97320706633131,0.987904998049646,0.852314735386008,0.907058235480529,NA
"1871",0.853284888972688,0.797698216537089,1.00141518219459,0.803855545063354,0.894866657713034
"1872",0.890307421744711,0.813186404858974,0.922271349506555,1.05008342993428,1.01346111105268
"1873",0.874109570305171,0.962038548151405,0.943318469367771,0.873413431372458,0.852762118080677
"1874",0.960832498556048,0.993992234178066,0.902142688074969,0.916934708494784,NA
"1875",0.914532328269525,0.97938989158804,0.964515818495325,0.97046777638225,0.986608157002157
"1876",0.893193835976739,0.923754506110297,0.745503651027251,0.85743268774721,NA
"1877",0.852707296188888,0.960004039561291,1.03912429161554,0.941331281483866,1.00170445093659
"1878",0.906316549719664,0.922121812014227,0.915332268851946,0.974916013081737,0.951797483595673
"1879",0.973445593594751,0.921092856962503,0.919623114068558,0.745801144152043,0.988137889076698
"1880",0.976260188164781,1.00105563382679,0.896018108774191,0.829520054068109,1.159606388248
"1881",0.974168032277525,0.972310145810053,1.00134576437637,0.723246928863057,0.944295009772375
"1882",0.841072157968119,0.908521745900129,0.785365911632328,0.831620261474761,1.11815557262325
"1883",0.923333889006983,0.968812549600138,0.950985989604862,0.776591112139958,0.983139147472174
"1884",0.909605180739558,0.989460328869393,0.725950908858453,0.861291834759101,1.0634403231995
"1885",0.930028614640925,0.990177907336601,0.763397929758624,1.01190832858929,0.957586579978253
"1886",0.965990136439027,0.950479727560612,0.815300035693501,0.836177462763722,0.819762527416609
"1887",0.921816036795345,0.847468019206327,0.924528366433914,0.832404334814539,1.02153880039472
"1888",0.966659654016775,0.886187814095231,0.869309528557985,0.699989359996877,NA
"1889",0.957514979741725,0.926016211733377,1.0323533748294,0.954677313838742,0.93544268567942
"1890",0.909258338948135,0.869808571225922,1.03449129810092,0.866546193651505,1.03894087405052
"1891",0.972181598707052,0.960077665829048,0.837767881072917,0.604245033262677,0.850340056924287
"1892",0.990727543848452,0.954266336857686,0.784857463509938,NA,NA
"1893",0.975985356038948,0.971866878602348,1.03188590817012,0.812323463443192,0.786162305776619
"1894",0.971280571273612,0.890190637453206,1.02014059272695,0.69101837762212,1.04873718582783
"1895",0.902143769654034,0.882831553483032,1.02175581899764,0.819680472002931,0.978568027637584
"1896",0.943261364873475,0.995088124656853,0.93702176069706,0.875060882535937,1.05106208179671
"1897",0.808123117470143,0.844086956664557,0.72391451320407,0.971019730548984,0.909969457690096
"1898",0.847846699340865,1.0017093342279,1.00069696172563,0.897862775673115,0.925612129133043
"1899",0.804046167285482,0.973541739148237,0.844974015077638,0.752923445458892,1.0306802748395
"1900",0.947645697732375,0.899420772310912,0.791157801468068,0.753565626287998,0.937761414658961
"1901",0.976369410748832,0.86533604795942,0.869911102950422,0.898068111225739,1.08068981104538
"1902",0.849176798545626,0.921874366437185,0.750353702979033,0.817087633995405,1.10535476896176
"1903",0.938511082711517,0.877550177270336,0.910691517595355,0.865568407739043,0.877006825286843
"1904",0.812063719000471,0.933619702074483,0.832979370822425,0.791609767615453,NA
"1905",0.983912093698696,0.945633827039359,0.866310019156107,0.817437492861079,0.973522789065018
"1906",0.95242315214094,0.945865750214612,0.930882185894527,0.77115689138121,0.798463969201174
"1907",0.89839213499712,0.985333413425442,0.96276780420826,0.808843073912402,0.84699259607462
"1908",0.974815781488641,0.964373179954058,0.932692823113336,0.836061218832077,0.993151817997992
"1909",0.959603371238766,0.84669140819173,0.73459117681259,1.01416047724041,0.888510902701739
"1910",0.976264739839661,0.918796177024571,0.963757851034897,0.872520191749737,0.867980651324492
"1911",0.895709906907074,0.91062797769696,0.913626985369441,0.90328340014108,1.01665376729201
"1912",0.873618849877408,0.982712642635382,0.857967956551929,0.708484416876347,0.921316259384572
"1913",0.966048845160612,0.906673250200995,0.621921911677476,0.778196008890599,0.888912806530868
"1914",0.845119158656679,0.805983447225103,0.553298742339711,0.847391034459852,0.881979624410122
"1915",0.874714314413377,0.970042772686551,0.956696584432182,0.831522663764287,1.10412798374445
"1916",0.921763979337605,0.893173707506938,0.948419256422878,0.871128953942831,0.916827474574379
"1917",0.980775105112402,0.983467780577006,0.903900571952595,0.835043969780976,1.04083197080849
"1918",0.935436330624701,0.979965473726042,0.928724767513576,0.891898176705477,0.795367891179905
"1919",0.956801725477965,0.889595727998684,0.840757768663261,0.818421831167676,0.942191812750918
"1920",0.977246795403131,0.748164918391781,0.833628015493654,0.886464479141071,NA
"1921",0.880129210807947,0.924911021810707,0.866541659336143,0.805231880952424,0.896145058754242
"1922",0.972868917968693,0.967262337207551,0.808233699918172,0.855381883065089,0.959136473259612
"1923",0.904415381146783,0.989764913514927,0.690369058704149,0.875526393687788,1.06334563390017
"1924",0.969537024255116,0.853508551867482,0.906694711457675,0.898026188651124,0.840486969447211
"1925",0.974493294012592,0.985030695821114,0.931418206861951,0.844382397059916,0.732189824997821
"1926",0.740187793917297,0.719980170717492,0.877450814166346,0.696374161334569,0.850929692863155
"1927",0.96636927213216,0.899428420833493,0.973599926474951,0.841492946320155,0.858323707950027
"1928",0.972761869559383,0.982148764719578,0.846530504143014,1.05769541417225,0.928442845890283
"1929",0.97400458796805,0.978842648355785,1.01765706003715,0.806183756329512,1.0157555733588
"1930",0.975174387441589,0.998588170261638,1.00518102267435,0.729845255183757,0.925848491541204
"1931",0.964306394174439,0.97282626175745,1.01613258389288,0.943960607659532,0.907527061549338
"1932",0.919991733953337,0.898333754731626,0.978518104684266,NA,NA
"1933",0.987759645234388,0.879722631478994,0.62484509035501,0.661417333451303,1.02733771626849
"1934",0.886157567927381,0.906240097650849,0.823971163042002,0.821847732967907,0.954400210943767
"1935",0.96546113582615,0.983047569592021,0.787827362553498,0.87119009003083,0.866122200745764
"1936",0.973524505859347,0.899099461273514,0.792477862099619,0.598389613161787,0.902787417361178
"1937",0.97247901914259,0.963071336743184,0.910274906137548,0.741732788597121,1.11037522155844
"1938",0.900362667178936,0.983704299363697,0.919480971042002,0.947605205819404,1.00316248592024
"1939",0.968385226740615,0.871239649111906,0.915592414728105,0.806743643927238,0.940426641200633
"1940",0.967080764661087,0.95700111456794,0.949880394193647,0.703645535633625,1.07515206984794
"1941",0.978261779067983,0.880198501114194,0.887817299136067,0.785675422776622,0.855782341905796
"1942",0.900648085651523,0.955571387904137,0.981213747769162,0.832520754975768,0.857075161553421
"1943",0.771674763757353,0.955645861709687,0.86123263616441,1.01283135059616,0.970943740078192
"1944",0.899361236380321,0.9840850488028,0.839623103345347,0.83331684263145,1.05989262082256
"1945",0.946530184352016,0.985053175881359,0.960845891404722,0.807512047377405,1.0928197344109
"1946",0.808369522326841,0.975187914200065,0.80156991595907,0.869066659314585,0.809345203627228
"1947",0.95773420675858,0.960855946813464,0.861825938153361,0.956538113544302,1.02255969938287
"1948",0.906311137782448,0.953154512644566,0.935100593888194,0.713668524391714,0.969210625258159
"1949",0.887195265355155,0.963580718480266,0.810444202726888,0.879826177600751,0.993104573604186
"1950",0.958757496563673,0.928989421696292,0.918024524120168,0.777336244977286,0.828921160054314
"1951",0.854379314983346,0.964819279809079,0.728433219168384,0.761489572967789,1.04443268854183
"1952",0.724053307233722,0.863062111829473,0.889019095053973,0.893068356038372,1.07431633841155
"1953",0.963008444172356,0.977997870196616,0.741579100651948,0.914769692897185,0.979244795527699
"1954",0.962094678966082,0.846043058258827,0.900653481917883,0.77005209334442,0.907264690616332
"1955",0.973500181605909,0.757693972580776,0.952745279269037,0.772290260590917,1.0302072163779
"1956",0.882153011279161,0.991896467822752,0.869503723823795,1.07169268829534,NA
"1957",0.957729688388259,0.984402493614079,0.887553123958388,0.67724361336653,0.869229237233463
"1958",0.9877638750105,0.98983298048444,0.823079730962282,0.927612802456928,NA
"1959",0.898833560897096,0.909579141273621,0.909221098354446,0.901285302082526,0.763257587940541
"1960",0.94710317179414,0.979181708907673,0.810113340863622,0.971417569275283,0.982337277638225
"1961",0.986305306282567,0.986114011152334,0.74479836659653,0.923978750001145,NA
"1962",0.800830456342368,0.977410267730145,0.889115016485493,0.81742538034484,1.01688996805066
"1963",0.902669397718388,0.982380373895791,0.979387524110391,0.96859214666557,1.06994880560308
"1964",0.859562970315942,0.960284619701125,0.865978165802508,0.976988474125231,0.946048075109953
"1965",0.954458506728832,0.90260728515314,0.744765527382086,0.795880567153956,1.12741034804139
"1966",0.922635007787712,0.611143086849958,0.871667603390317,0.915636587005143,0.992662153814284
"1967",0.979345145049449,0.870525310451275,0.937983077643191,0.852947414827823,NA
"1968",0.94982728989755,0.976309891140644,0.833637714030145,0.677356146760919,1.08591928283065
"1969",0.974021141977821,0.968296918183443,0.789466344830032,0.811422512429066,0.837209160447401
"1970",0.7919070102487,0.973913626087548,0.835729458076978,0.839649800962345,0.738277423134718
"1971",0.968209117883819,0.818829832995627,0.836926291985955,0.790293686364075,0.889229213775564
"1972",0.803333313861724,0.831091491129843,0.898342612879345,0.824473133452524,0.883546615386392
"1973",0.960114899935488,0.974620930892211,0.892658966796774,0.889184748780821,0.991625350667628
"1974",0.864712661268922,0.968885208394746,0.88507646226423,0.76112589050758,0.952362911617323
"1975",0.962794377331719,0.991511749185244,0.972954677483617,0.643001767723807,1.02931639987189
"1976",0.979490137407505,0.928818060203506,0.816877153903957,0.855949853598891,0.981946889831001
"1977",0.737166453759783,0.918652807971698,0.803969553913266,0.922415781159895,1.03880496336261
"1978",0.96201635988684,0.971159624477128,0.798666415581935,0.876394040143224,0.786365199213576
"1979",0.942484907252754,0.935922889468989,0.887628111278749,0.830643397487263,1.05022054121468
"1980",0.974732065327874,1.00072867949416,0.825610193553326,0.908244864246285,1.05972111664983
"1981",0.852827289206283,0.98455948676212,0.921053699803507,0.849307986106304,0.933325361136136
"1982",0.913998347097117,0.960840747386586,0.772621217961183,0.859023112126858,0.946987061449958
"1983",0.957640112375222,0.869263143365174,0.830842010018173,0.705830023569365,0.784812003551306
"1984",0.963527894747211,0.96343508181726,0.926989197559358,0.847265824910218,0.893199286416911
"1985",0.949801735736788,0.93319179545338,0.698267491668758,0.814513006172949,0.926870688780881
"1986",0.907155127288976,0.97017029893981,0.914945048353815,0.727576110906538,0.96089427104195
"1987",0.986009893002039,0.937209374855361,0.725591818575285,0.829551926105756,NA
"1988",0.910325677215008,0.968599920524569,0.563841432232404,0.652547492712829,0.943956983708619
"1989",0.890713980975463,0.99657996823371,0.679270187603853,0.839009973915552,NA
"1990",0.967247274751846,0.977898581993916,0.854246727506728,0.677088849668285,0.978331083507146
"1991",0.94689241454707,0.993953034622275,0.817487173851627,0.846160494061531,0.992253171124003
"1992",0.918180192695244,0.881209341471326,0.818330875951007,0.769241250562836,NA
"1993",0.956850299602392,0.877482787886179,0.713317168415093,0.940031823970635,1.0549048809563
"1994",0.891090837529134,0.931663783461078,0.929136004775205,1.01113086150355,0.837300675612327
"1995",0.932000578555757,0.995646264007227,0.767293573802831,0.80052455190991,1.02834589153575
"1996",0.973282731883714,0.953853852290523,0.914962976986739,0.704575005220857,1.10337318346922
"1997",0.862837684137627,0.973713048203117,0.745447270881564,0.841812705145723,0.784765731768572
"1998",0.967041363178211,0.989696953081839,0.789291308351658,0.999578609771919,0.925572216166002
"1999",0.892941974626141,0.96049584026513,0.919880593324956,0.625665068303744,0.972245347276744
"2000",0.880847163894571,1.00574124347089,0.70556215521742,0.850062631925158,0.908638380286896
"2001",0.963727690117563,0.881950334766166,0.825102030942999,0.898901850491745,0.851495744679678
"2002",0.984030937330522,0.894940731468284,1.011082509334,0.804337306746197,0.79982039017222
"2003",0.946508178934927,0.885101671661022,0.952584014052464,0.735857188473453,1.00679889894573
"2004",0.910915371281993,0.98766044580471,0.777195946297288,0.688477267116671,0.863844852511535
"2005",0.970268387410312,0.854996902001013,0.86853664128893,0.937618304535945,0.961566175830144
"2006",0.97476676601784,0.843620752700069,0.773936678460555,0.763454699237575,0.747555740108133
"2007",0.918140607290442,0.971598437144898,0.924231101056788,0.809334540271734,1.03525321521315
"2008",0.958721631112587,0.87655695402992,0.799349260061637,0.835159705387614,0.877936895632942
"2009",0.9661459155601,0.95519076469851,1.03048314425889,0.749986960522615,1.03452608179932
"2010",0.967037447979853,0.826341073003752,0.825617272234021,0.756227484255391,0.872578458197867
"2011",0.972458815860343,0.981731061075544,0.890891333866503,0.741007587462222,0.928305326774488
"2012",0.981867908641582,0.983807909954326,0.807301664086497,0.911722955334293,0.945333853525054
"2013",0.950548764480508,0.862423786292392,1.03398925834474,0.886713941970991,1.03211282057497
"2014",0.957804898665343,0.983210704222454,0.88009215337121,0.655818651273879,0.871826202347152
"2015",0.948180426215605,0.92828275696799,0.957537315962534,0.814604141551971,1.03748177594619
"2016",0.942813384725349,0.977968157407826,0.897548001047369,0.7976037404382,0.853784549974478
"2017",0.890528271873202,0.976085031005652,0.639237340045158,1.0191939443134,0.869272757938407
"2018",0.919446047353593,0.969206089581112,0.768356839936859,0.687623587096585,NA
"2019",0.982966543687986,0.994721672052241,0.875085306181444,0.853645979683754,NA
"2020",0.954777646915845,1.00213083105292,0.77230141005782,0.826566519472686,NA
"2021",0.886857618240859,0.998510025856094,0.884144121824872,0.762603348597327,1.18537040749141
"2022",0.970910568283325,0.962666861930311,0.751173735687271,0.825888473673116,0.927724996125313
"2023",0.960021683748579,0.979935832042101,1.03822178051376,0.730326794079504,0.932655872218824
"2024",0.970288513097609,0.759893290142308,0.89978062512012,0.707616022626505,0.893965124595761
"2025",0.864498052561115,0.957832637909926,0.913676259866717,0.891848136122842,0.99988865053607
"2026",0.969655946121783,0.954915805572159,0.876517983854683,0.787152821585139,0.969723467120211
"2027",0.93474952886614,0.83509168315263,0.955888556357096,0.951156412508278,1.01838580093428
"2028",0.9380743853404,0.882755597170111,1.02819335529504,0.920230274361501,0.89513446403783
"2029",0.965540635249022,0.979272999534039,0.784096091517963,0.780072030952877,1.04667743820526
"2030",0.966023417086163,0.977007175106388,0.749850131536039,0.907448274181727,0.844902201031947
"2031",0.959834207295569,0.856087982914908,0.891802382540915,0.757828407585918,0.914867636134639
"2032",0.906979809541364,0.943713158778715,0.698382092701374,0.969728858491631,NA
"2033",0.966424511032689,0.886816253099696,0.969222218346132,0.734849899686521,1.1491786413657
"2034",0.913832324131654,0.910817986836982,1.03810119940312,0.816029534698178,0.906293967993596
"2035",0.983821973877715,0.98691231781302,0.950059834468299,0.671097230689484,1.09601144908789
"2036",0.959724801287902,0.972479345827295,0.858056894216407,0.748689001712395,0.990213047213485
"2037",0.941367654879759,0.967197511376762,1.00902533950721,0.869498690177047,0.936971997964596
"2038",0.941124416626878,0.918074032666436,0.963077626314447,0.828208709955024,1.05740025559785
"2039",0.978755773696836,0.93312496614784,0.997180099232021,0.882373634719471,1.02478271066374
"2040",0.957526929831266,0.887520260729473,0.906255955210947,0.833691466676956,0.960396905793492
"2041",0.95066397609543,0.921749370993383,0.860926162951301,0.82438552671761,1.04396631131557
"2042",0.906956664325092,0.975378371456355,0.863984534187714,0.541207655052134,0.817386458656411
"2043",0.971812838296401,0.989240681006579,0.828218401962748,0.84107191100339,0.817108965421654
"2044",0.974947645725733,0.982893435702338,0.949235304654645,0.882636110844723,0.923369160162157
"2045",0.875168174175433,0.982540944674545,0.913762358539092,0.896724626538782,1.12575572670457
"2046",0.869264500400773,0.891893095924193,0.901512275460247,0.677325884935619,0.910530294882475
"2047",0.980287458395424,0.905231716392087,0.720646326563892,0.981079489025898,0.99112784244947
"2048",0.88536191272372,0.908458116063573,0.904745148189248,0.862600760553725,1.06886570624699
"2049",0.958758760204196,0.941220903384512,0.742928523026212,0.631881509093523,0.984215695997995
"2050",0.922308332666042,0.945133246584163,0.948643851000546,0.724978837632434,0.951699916539303
"2051",0.919718104551445,0.910612419703841,0.901298615301107,0.893143614347094,1.08045052384981
"2052",0.949002310183544,0.877582278847693,0.939609532014754,0.896089723628457,0.988720093065496
"2053",0.902348807816112,0.859358717039111,0.770143297547401,0.849218509897957,0.91485075064095
"2054",0.858337129594413,0.964920556320143,0.819007468157374,0.599886773233685,NA
"2055",0.969165823927379,0.867195404357708,0.897343894221963,0.995260569657666,0.829116558335104
"2056",0.725506554033129,0.821509341157248,0.647586359877322,0.923906389066369,0.977465627615843
"2057",0.894152876023425,0.850516803552204,0.691734693331125,0.83601115425741,0.919992630583396
"2058",0.952815257203466,0.897477090034623,0.856359961085433,0.890892789375966,0.841483347046756
"2059",0.916501960506927,0.870143333732458,0.885035204980886,0.727235751411141,0.877680062519498
"2060",0.969048407108228,0.909759639524058,1.00665301215772,0.825349085900922,0.986701930568879
"2061",0.963324103525549,0.864831063941661,0.936277912874168,0.970992353410344,1.05159765286837
"2062",0.959585732030361,0.866054454391668,0.817035509646409,0.739846837843095,1.04840257691847
"2063",0.967543366649404,0.966191509741719,0.749838390840961,0.729959944604137,1.05589574055469
"2064",0.773132689913267,0.898155185378645,0.86042762404345,0.891189909193912,0.987211278061332
"2065",0.9626604230396,0.96259286611155,0.871486545562172,0.848573352907069,0.811067052169489
"2066",0.830688484708358,0.984943281709922,1.03372629636832,0.858914093053972,1.03193582490851
"2067",0.942959537524205,0.908397590559576,0.90143924802035,0.719831103233357,0.833198108016591
"2068",0.967152448862795,0.954550257081192,0.853101312244717,0.720514949963873,0.924877431474963
"2069",0.943798977770728,0.978299373731592,0.904579130380033,0.704825890481534,0.772359668380885
"2070",0.981650053357269,0.97677566276548,0.926829149423611,0.79901602153967,0.992529770180795
"2071",0.972137664093637,0.879870232813082,0.785860314548665,0.895299111792779,0.884772880829205
"2072",0.891803463770523,0.987586706662856,0.729212772558009,0.934392018162322,NA
"2073",0.895346270567485,0.90879929078764,0.859475622968625,0.959343154540004,0.970911869613517
"2074",0.965595064097634,0.86097755045413,0.925855687560806,0.969277407836911,0.968515492387106
"2075",0.942840198412744,0.867915864644403,0.764433742998453,0.910436539022335,0.922561401658358
"2076",0.969253241113761,0.967956656643697,0.786926990914675,0.806433202193059,1.04332304063309
"2077",0.903270476302917,0.987009285628108,0.751729616046845,0.74154372364526,NA
"2078",0.938176798224657,0.958585564297539,0.884200150721504,0.73892103910773,1.01111910690472
"2079",0.963638217054666,0.99820110774962,1.02505768338372,0.882435798651929,1.00931596780433
"2080",0.982201767770541,0.968932874535244,1.02968750097243,0.779834394875898,0.871492799836413
"2081",0.980107244018719,0.98726046900232,0.975941172281787,0.902204848341691,1.03967779346513
"2082",0.915090622180702,0.995722584100091,0.948281843178641,0.799319916370815,0.932400393665284
"2083",0.988070673397999,0.955345055236336,0.971818235041677,0.662322185867407,1.10594458843804
"2084",0.822124455347048,0.878130516973679,0.878376655874394,0.948453659906593,1.04884248630666
"2085",0.949962511505992,0.876416649017973,0.885314629747749,0.740644544995836,0.856050545952486
"2086",0.81018675728414,0.856133173048173,0.922940622209291,0.693716390797072,1.1663273857526
"2087",0.965747337751877,0.985942698431588,1.00972106457139,0.873309309608267,0.990392098754061
"2088",0.7915992101019,0.885109796848089,1.01882942187679,0.779481832557928,NA
"2089",0.965613874423192,0.95246456822563,0.819013092326989,0.761596143683575,0.911867166442266
"2090",0.923471794754592,0.950005534805033,0.835330248786802,0.865540593755887,0.955566513174566
"2091",0.944084128489706,0.983831270063811,0.976521644471991,0.733879660402083,1.07970410714184
"2092",0.970663967750293,0.976389279108599,0.976750102458774,1.00947945768973,1.01379165853607
"2093",0.942513457023612,0.97889245671336,0.866290184477216,0.919742371432539,0.761740679319648
"2094",0.85677473798937,0.910030893897983,0.947617018153047,0.83711839944619,0.968981165240737
"2095",0.816642831032392,0.995905204480212,0.961914745500647,0.969733065911305,0.97560224635365
"2096",0.906041340005752,0.97024027244466,0.82614834139241,0.84267759565844,0.899279991430295
"2097",0.983546225285069,0.993333327190807,0.933832316265031,0.979808135693265,NA
"2098",0.953506670469563,0.993853705545794,0.903205378262483,0.761764605382169,1.17305508685317
"2099",0.927680192677033,0.885293106463585,0.859016731252391,1.00844504928098,1.04359369673421
"2100",0.936349183789222,0.937952547420057,1.02670610055848,0.734777742186627,0.83785457675198
"2101",0.956024164354277,0.999887903798055,0.845272414020766,0.79965036662086,NA
"2102",0.809783050061166,0.854298024640204,0.837367360025017,0.73402413525401,0.872071945993175
"2103",0.969216537705742,0.962906633627924,0.840528704828967,0.938357623585412,1.0295680598535
"2104",0.895393631962309,0.985323051481219,1.0199553394795,0.839975703956394,0.883246973657367
"2105",0.857150283843316,0.943612778355914,0.925924109761753,0.826791160044225,NA
"2106",0.964024158219272,0.929951629254788,0.857057291623865,0.855286286401122,0.868698698138771
"2107",0.963251993955579,0.913976262704878,1.03180545843528,0.872171138141249,1.06257495985657
"2108",0.961339141989135,0.972822825686019,0.887693493952519,0.859773478676448,0.87500338080159
"2109",0.965573754763726,0.960954244700884,0.828717659177443,0.916721023631466,0.914138992339926
"2110",0.977961493156341,0.964980271159778,0.827353903335344,0.841884000137128,0.924736343265326
"2111",0.945944619859085,0.986236272835314,0.773462093863639,0.864101769995878,0.883872893699303
"2112",0.961664874248591,0.888267053151141,0.98757586239092,0.912713547082025,0.830991142919463
"2113",0.948259728972855,0.98535137476599,0.666336388083371,0.951934969933084,0.905689033708344
"2114",0.920561051574358,0.97550514664095,0.780626629603125,0.897237153702242,1.06617439400664
"2115",0.972972530082498,0.957405906747792,0.828086491724157,0.707272338318365,0.974213585925277
"2116",0.980877541647727,0.80757236301119,0.815275173226293,1.01732385375325,1.03757582558568
"2117",0.901289417035619,0.811416955566381,1.03241300504995,0.87770626785621,1.01086808921549
"2118",0.948174649445101,0.961851128061328,0.749660894539102,0.635304245204621,0.828420887411855
"2119",0.975950050723328,0.990647503475207,0.800779223961306,0.806617038611127,NA
"2120",0.868423620819861,0.982552076992994,0.802497641042116,0.717360114539057,NA
"2121",0.981548840134725,0.984859649216292,0.948177775066815,0.72563533623563,NA
"2122",0.964787597282763,0.978486186785524,0.69670933045987,0.842822986597696,0.880116220993757
"2123",0.958088500828819,0.985455004878907,1.01216180022138,0.734734620069592,1.07155679413441
"2124",0.899303377822083,0.865804898607756,0.893673806164236,0.951466164007697,NA
"2125",0.969488679854927,0.95551080338896,1.01983768616067,0.786320792547791,0.860048831414602
"2126",0.960725064726472,0.915097578087472,0.761156696272746,0.915819081819004,NA
"2127",0.948687008175586,0.878361956216916,0.846738548587616,0.889134280784951,1.04770954527255
"2128",0.915299267573401,0.91606843492645,0.908406440662445,0.957115624340249,1.09385306766338
"2129",0.963922003400993,0.896032065768406,0.812635492951008,0.660963606856074,0.899966284964241
"2130",0.957862462558037,0.768745974198259,0.927281637445257,0.822102233276659,1.04525992627597
"2131",0.890250957085887,0.913337231612112,0.949080239052849,0.969333209620873,0.802567976718703
"2132",0.943522468539363,0.829966149394345,0.935113063309875,0.92266061288132,0.890648794775864
"2133",0.982767394992169,0.967479707696669,0.770238934365855,0.78900808995184,0.931053509300276
"2134",0.723628036769443,0.840914728936823,0.792832084113987,0.860530015556804,1.16445392645457
"2135",0.899775483739523,0.988511480407554,1.04924442708963,0.828656577789252,0.963145803729073
"2136",0.959133763691638,0.982982435347183,0.870457486156403,0.987406882723802,0.996824025696695
"2137",0.940633518441835,0.892867897922097,0.941305211937646,0.808061321072179,NA
"2138",0.853645228522944,0.965838302652179,1.01290772302628,0.663389408987671,0.800467454377943
"2139",0.800269686416423,0.938178050732676,0.783272856258181,0.795826100571518,0.966623557278128
"2140",0.966823745900092,0.978616962789462,0.789910713421269,0.583220131584285,0.861468943570799
"2141",0.832722081261862,0.969765269511506,0.763043667606305,0.880366726716292,0.958086074061004
"2142",0.882217144723701,0.940198957533452,0.805543373050714,0.812155551399772,1.12693270101933
"2143",0.96737087044931,0.87812849512805,0.969212680681093,0.774990292943341,0.799532582136458
"2144",0.956329739444815,0.854827094271974,0.812181214654418,0.962203048391123,0.999998315220397
"2145",0.881064377380014,0.909238040933964,0.922053322284388,0.847577761414514,1.02344346013437
"2146",0.956953948445228,0.978386055523741,0.941641501997039,0.914577306753703,0.817514418240961
"2147",0.941644276024133,0.985653423943942,0.970399955924679,0.965199715315857,1.15100820539483
"2148",0.923166355518029,0.915834366829542,0.774753106829263,0.642368264422199,0.947891976150182
"2149",0.965422636617284,0.983703601357517,0.828884932873326,0.593483039533269,0.970100939306134
"2150",0.964314887616011,0.996923969853966,0.939541391068925,1.07540429361886,1.15373420790768
"2151",0.968548326158194,0.761206334173555,0.96029968051734,0.960797954713181,1.00688730587874
"2152",0.962375488739891,0.988600232742632,1.01378473404806,0.849540063477019,0.990165045703485
"2153",0.959342887066335,0.987981691683234,0.816237909193141,0.758559800965348,0.887557783006414
"2154",0.976355188779795,0.946396930897446,0.70637192280878,0.76546395279674,0.966710683246641
"2155",0.754068233409385,0.881174577242274,0.773984557738324,0.900627128897787,0.746754772195412
"2156",0.972883451372187,0.908683703973788,0.729091296540398,1.05904709190417,0.917659786050439
"2157",0.976343240178845,0.949982815575986,0.951024909778549,0.917925197413615,1.08773749495387
"2158",0.947654630051099,0.954271440367192,0.8982964505838,0.760961128962401,0.793072905306708
"2159",0.962280687452011,0.893452522786528,0.84037076870568,0.874631844239918,0.854286218281069
"2160",0.982813339639534,0.984212015391057,0.830475523043207,0.823018099348827,1.13782875258697
"2161",0.958674161760113,0.898602444998948,0.878992135454691,0.953147595352612,1.07684925713297
"2162",0.94246117183844,0.885471499237736,0.959032660469684,0.914663054255764,0.993272436311568
"2163",0.765574431923766,0.912082306798408,0.827642522929439,0.681400953785624,0.983491378866221
"2164",0.829200410218372,0.728703527664197,0.875972538170191,0.872095543874894,0.87407174864644
"2165",0.886375044886418,0.939411285318027,0.98916440687885,0.948881491610932,NA
"2166",0.965748099874197,0.975226107780747,0.863266622075796,0.780271572265481,0.947754498890401
"2167",0.745707103291168,0.979673466434327,0.774860970492714,0.766062221913874,0.99221432141462
"2168",0.979775641523772,0.758515455661592,0.922649593056658,0.790861243443898,0.849377227584547
"2169",0.956630443956801,0.820890491510941,0.968492940526523,0.954257624669905,0.786511134032696
"2170",0.910893259574956,0.98606784600414,0.928596850316413,0.781160198821093,NA
"2171",0.95285418514032,0.977668060992517,0.787686166257536,0.66286818437868,0.790155389064774
"2172",0.966015010927466,0.990020218462717,0.877626864108732,0.766439461541938,0.969106282074152
"2173",0.96896872438444,0.961342255115209,0.827202043484283,0.698638387203851,1.03658200750408
"2174",0.699872773421583,0.817733964668137,0.923086978987606,0.918579603376858,1.02204010895998
"2175",0.962085176807462,0.865240196845561,0.847276902514712,0.958100465789296,0.775604131796522
"2176",0.891648682203767,0.988255896101801,0.937094116470118,0.727007906434869,0.827569964144027
"2177",0.969088562930864,0.969334696277907,0.858254729006884,0.785934478497531,0.995710150064607
"2178",0.941187757447964,0.983365151341549,0.912584517330125,0.814656615598306,0.988512290440553
"2179",0.849273237607023,0.98061830706143,0.862792072952578,1.0210545552236,1.00042957736384
"2180",0.9736481365989,0.841959974350348,0.883579511306316,0.872863427594518,1.17620308020976
"2181",0.976841565885699,0.985359126811371,0.947237326312058,0.945799889469586,0.917407749494533
"2182",0.9190768826289,0.964780762725102,0.818718918183308,NA,NA
"2183",0.865957891965652,0.919154745432662,0.982403404178349,0.85170525831598,1.10257455275754
"2184",0.868413569996064,0.933353066896751,0.940731311637927,0.905372926401853,0.934865343588773
"2185",0.979909901413268,0.761677072008885,1.02883945785254,0.809974775141905,1.04845345544939
"2186",0.962222903837326,0.914971889582306,0.959382841293368,0.77526996350408,1.03284695348913
"2187",0.971127631683946,0.978631266503781,0.935063805563154,1.01372852676723,0.86348580734898
"2188",0.881857095843044,0.978258540892952,0.940241529524615,0.843910978179219,1.0350293336094
"2189",0.984661753736933,0.991568565539511,1.0144504733606,0.764599253966437,0.900406981306239
"2190",0.942035663335909,0.886920951201729,1.0199245315961,0.6980008398252,1.00129755917298
"2191",0.921941200206097,0.979447335045674,0.850992187706072,0.737420521998363,NA
"2192",0.978395229298832,0.991519207540379,1.04783244025332,0.734169012401317,0.989663609165518
"2193",0.968980392749562,0.930014046912524,0.890411682651149,0.574304998565343,1.01742981086832
"2194",0.892278690191088,0.976614963947481,0.946365886424632,0.838373772458506,0.808521305834043
"2195",0.982339434083483,0.894360142250797,0.980916341843172,0.929298010135976,NA
"2196",0.964394578394214,0.957232345348113,1.02557881190431,0.818599983134134,0.992391287801684
"2197",0.967688448401153,0.98183503748279,1.01498137715663,0.69446639913923,0.861220810785323
"2198",0.990533922556472,0.987666138310957,0.88766622747998,0.946539218522152,0.822058391717596
"2199",0.960211441038605,0.954626319622254,0.807362969139199,0.929546729696178,1.06973798610391
"2200",0.971300131339324,0.723941545432597,0.874739272558226,0.68290401367283,1.02838545574506
"2201",0.969700302720164,0.918788042385096,0.858882824801914,0.967911397192964,0.944372739673103
"2202",0.971693637602661,0.954096815757851,0.703992135976836,0.729228813133425,1.0307525578358
"2203",0.973824317215057,0.914746142173283,0.870054414172872,0.909084210399627,1.08246685139331
"2204",0.974769648361362,0.868551980559469,0.675748974362237,0.917227622203491,1.01897205596028
"2205",0.983166753541464,0.963246404783314,0.913813733559376,0.757632004273535,0.982304208981145
"2206",0.960111572028649,0.792399286308401,1.02078998368294,0.834212537364861,0.905245026324177
"2207",0.984636410738054,0.889782006505731,1.01680782773959,0.728204499883759,0.935642712715825
"2208",0.984442415484452,0.980190275940742,0.968841213888692,0.744115321347182,0.837147091499707
"2209",0.86651354292615,0.728515295900594,0.880258731688086,0.747580144738251,0.92042826959391
"2210",0.952793030181682,0.939934277266407,0.779880719299098,NA,NA
"2211",0.97652984679365,0.916656332311261,0.862859210179849,0.960581578748865,NA
"2212",0.956769173695603,0.95423674262068,0.691080570054315,0.920941359680455,0.951320055433358
"2213",0.908027952295112,0.758389549689989,0.880329849295678,0.993606627113766,1.03115625090718
"2214",0.946275021006042,0.829899967500935,0.798160761142506,0.936043842190864,0.857217792114866
"2215",0.970995931269751,0.901896784122697,0.837969857205103,1.06210096016779,0.906157356284529
"2216",0.950116607696827,0.709655722645112,0.693201020780208,0.849425087097448,0.931210676136198
"2217",0.933821559626346,0.985210583646023,0.843473853284539,0.749339960135901,NA
"2218",0.854847638960143,0.982771886020627,0.994143337376512,0.828567472954111,NA
"2219",0.889067427555992,0.770031290163784,0.712916856555846,0.771841274545794,0.941627713759208
"2220",0.95203567963847,0.983496454757628,0.8446450111854,0.796028667239118,0.963732031919467
"2221",0.980276021635008,0.98502198320458,0.754406863247897,0.734381136715139,0.953222482975112
"2222",0.980029334805871,0.665210609002672,0.831587241056961,0.972183037594259,0.734327932909846
"2223",0.974807050307231,0.824664641805349,0.994433426262949,0.807664539693666,NA
"2224",0.939498166298562,0.942666234192524,1.02539866608715,0.837578385905538,1.00653156923025
"2225",0.972429052884769,0.832685161621169,0.8201438376634,0.673540871128714,1.09125404849104
"2226",0.953734346502464,0.978902539543228,0.895089997588958,0.914619200416409,0.932355780295194
"2227",0.965031762494167,0.992395333753361,0.695449943557844,0.769309417687451,1.02794560414787
"2228",0.947324277744842,0.818848459668686,0.908864615318645,0.920734048470807,NA
"2229",0.977065847596894,0.901745735814556,0.963442665669827,0.898523676762618,0.744465845418565
"2230",0.948636809783127,0.898610526300718,0.842968083547453,0.879299559520764,0.827167816771338
"2231",0.916851936381938,0.83199369050561,1.04897754820363,0.831668074792079,NA
"2232",0.971304206041902,0.99660485262711,0.91280905070905,0.881758483165631,1.13205600972996
"2233",0.869889044251419,0.990856353979199,0.857685357760028,0.843988088233976,1.03064128041254
"2234",0.964419474491901,0.96510993792749,0.76680465763361,0.703793825024605,0.887763999479624
"2235",0.901881103482826,0.796167444407412,0.925490830132194,0.968253026451283,0.974375021053864
"2236",0.967753973411015,0.738541280997398,1.03033083234089,0.978471657525147,0.940769788795857
"2237",0.973513998447513,0.904490988760731,0.889605483272398,0.858393928435239,NA
"2238",0.965096403739425,0.989510892219267,0.879855194557273,0.838952801280909,0.880526883098259
"2239",0.749700320582461,0.930996715399385,0.752553610408456,0.907806346176014,0.979942062392305
"2240",0.952895546793564,0.92475341314083,0.934559822843693,0.930360508710023,0.881938668054576
"2241",0.957204372688541,0.893154029081514,0.863827381537893,0.781748546376694,0.837340461174011
"2242",0.944018046101679,0.858418106531019,0.785391029160363,0.813574997566844,0.904624706905931
"2243",0.978508664180732,0.964067427211954,0.860908281702387,0.835404613844968,0.981321312277201
"2244",0.974452560589576,0.992665109310799,0.767089720000279,0.693781840054773,0.885339800292174
"2245",0.974512256889956,0.960267454204431,0.94518328252313,0.867477992658869,0.868039848951749
"2246",0.917722868604442,0.911821796276646,0.925283842007797,0.784635579740366,NA
"2247",0.969025180794505,0.967503100908679,0.959663094779564,0.756929073005129,0.938652350510274
"2248",0.947674171958618,0.989111922453839,0.85072180447524,0.882558354005465,0.856889223609291
"2249",0.956765148292686,0.982412281657765,0.992111668524547,0.869158127766288,0.893830794367568
"2250",0.827112458642629,0.976163099616839,0.980880496244747,0.952840511912216,1.02734976923542
"2251",0.972533029631178,0.987179819379634,0.727847051356052,0.745608367669087,0.965308222059098
"2252",0.824518818565425,0.945585289403305,0.858402993153846,0.684032038953318,NA
"2253",0.976407021170284,0.982854428809594,0.764394364347029,0.872712621895517,1.15176531705198
"2254",0.872761393544904,0.855552714086874,0.848665189035115,0.753605075103673,0.98498362409471
"2255",0.887173432738538,0.894686115873203,0.76240121213056,0.588231507547352,1.01782199625522
"2256",0.945851567417075,1.00071096044604,0.87059669915976,1.10995983621767,1.16234677362333
"2257",0.967101853946794,0.904591238657024,0.667677797190458,0.890403962157904,1.07840920247148
"2258",0.963487458382305,0.886974942194064,0.859949762359625,0.816099213879586,0.884211340321302
"2259",0.959704645883077,0.831480396892655,0.916221576831768,0.857586465281308,1.06171994281451
"2260",0.983444909603955,0.941395098526198,0.828474186182858,0.97931361764686,1.07049124477851
"2261",0.92035269169029,0.876603178385359,0.790709026912693,0.853628637558134,1.04003162892348
"2262",0.985643262125886,0.984281556006147,0.883980522179655,0.741474351152634,NA
"2263",0.863374383856068,0.771497071705898,1.01600052840611,0.700974137511457,NA
"2264",0.95798359863652,0.99046920336292,0.828000508983429,0.899078909700515,0.969444438602964
"2265",0.982451061133298,0.919954289799273,0.777506748522338,0.88917731211742,0.990381607303051
"2266",0.977514334270464,0.955824667892058,0.79849033686493,0.829897012853866,0.91517472505889
"2267",0.975295491581517,0.97814768956418,0.842578677782471,0.857362781498916,0.972613101961033
"2268",0.864351728895196,0.983134539858315,0.824221951072601,0.888912596962931,0.718186409222602
"2269",0.959664852692246,0.948658234609554,0.915627122670236,0.951136184733045,0.864903005302198
"2270",0.92112242800361,0.852526786996006,1.00269661921444,0.707689090829087,NA
"2271",0.899737094632959,0.966339925027702,0.946263876939875,0.807648339011581,0.854169747010285
"2272",0.969351088731745,0.87764589027945,0.877702000909849,0.744142360215681,0.980872875153953
"2273",0.905978748474086,0.97645375246176,0.878637301822511,0.776233810955835,1.05416491903567
"2274",0.883371445279173,0.963928857095714,0.775178101867184,0.960623340009894,1.11909560032721
"2275",0.979152012339121,0.979556694617508,0.714517534964098,0.895683935424357,1.04181067594114
"2276",0.97762739665675,0.979597240655569,0.863833274007791,0.780446289760996,0.788569285063311
"2277",0.899846711392736,0.919572520902643,0.879420347968368,0.837325438222338,1.00951492749746
"2278",0.955868156708737,0.997629620789402,0.839117637771658,0.877369667818295,0.884163758716927
"2279",0.968560777090706,0.976154091690181,0.962819208374565,0.716263272054555,0.888328884706836
"2280",0.972913702238688,0.987432415749944,0.929717118628699,0.742856402532048,0.965379556979196
"2281",0.874842924169381,0.928553459841996,0.830259155233206,1.01873833912655,NA
"2282",0.946117769372608,0.616711436595437,0.993741651369642,0.78959174715469,1.02525689183788
"2283",0.982276882349589,0.897719137167288,0.972050425804641,0.677487431784318,1.04713664972981
"2284",0.967748316799999,0.936592357103732,1.03087679562714,0.840751977820411,0.965944144359675
"2285",0.968782012041357,0.959794409535852,0.8480792135882,0.756709754030705,0.923038008417481
"2286",0.846487278016043,0.954804618077108,0.966834920790801,0.825093197060591,NA
"2287",0.943052178397853,0.924905791135772,0.948909243191982,0.774514699979518,0.995637482889403
"2288",0.925305471109177,0.980373979809347,0.720873480771363,0.843615550532154,1.16242125548425
"2289",0.952034396586493,0.994726294638278,0.749332242226383,0.866142909747875,0.85388198037214
"2290",0.951905277056437,0.987187476689105,0.861150407974727,0.956697521909653,0.881620029469497
"2291",0.859387896318159,0.969606602549098,0.939458389485935,0.873648422262704,0.908544181558916
"2292",0.866787895032922,0.975244427657443,0.850498097341481,0.724930324285054,0.965976113019656
"2293",0.877335393165789,0.792191167217311,0.904765859255011,0.818992152177458,1.00895875009727
"2294",0.807451360834992,0.877201583723834,0.935241268082902,NA,NA
"2295",0.66068823886336,0.935947750144541,0.880939901153774,0.820806721316802,0.837515419130133
"2296",0.764526935946385,0.983374319070172,0.92487232341697,0.812385825591188,0.884347902228203
"2297",0.956883626705939,0.946521736252813,0.707963246163915,0.906707935556894,0.797054566826658
"2298",0.920948864394062,0.974918005201875,0.99617716137472,0.913837214388573,NA
"2299",0.971377042468277,0.98407580319013,0.836532978402404,0.718088213238694,0.962082856073592
"2300",0.967602355538643,0.977227011325164,0.694335254290049,0.856001165477295,0.902331293453103
"2301",0.98056175501849,0.888845074586035,0.877169527248722,0.655439903048725,1.12798094758331
"2302",0.972816357629262,0.915112141189142,0.962099128660107,0.856880446218951,NA
"2303",0.961411055399903,0.905698635973335,0.999493246629045,1.0826384721208,0.952571544578021
"2304",0.970860667738508,0.962860337195767,0.947618297806925,0.980901424505239,1.0191040563159
"2305",0.891543575907745,0.923418268713192,0.889681239926528,0.881074942936589,0.901499003651045
"2306",0.871616449004741,0.827993546404097,1.02941176010247,0.644155186693864,NA
"2307",0.94264103124444,0.876599088417894,0.955505637724197,0.750517693269331,0.926031519685544
"2308",0.869427341982623,0.979990763387663,0.716787428662976,0.761909398877313,0.87315235369807
"2309",0.967809117394966,0.979392634760699,0.872898454030679,0.911224692876099,0.903128013256695
"2310",0.959739888752892,0.825253720868419,0.909431093578896,0.686877355710187,0.920008655336416
"2311",0.974492569742151,0.980402215732329,0.850083348020695,0.762733243259659,1.07249500966924
"2312",0.974843242653009,0.951692924842525,0.996958365936503,0.865646185012503,0.989464894924715
"2313",0.937739583871502,0.913547253882362,0.838622226505353,0.844108011037643,0.967210121892939
"2314",0.965827483423717,0.969222790475977,0.854106608306692,0.8900169826394,0.965022040839066
"2315",0.880741138151598,0.965216188304897,0.725589532229034,0.948357084920698,0.857581287588483
"2316",0.967972460066049,0.805536353401207,0.860132738509729,0.800346044815074,0.879813129623685
"2317",0.71160288808433,0.946529907818521,0.899119059288196,0.728324062019624,0.959181343276235
"2318",0.880860719865702,0.975776156364193,1.03748103028254,0.796027259723008,1.05665617338976
"2319",0.918139341975833,0.981267292025168,1.02474383397131,0.84644321591447,1.03478686705811
"2320",0.979122566108789,0.98972900353678,1.03089655382369,0.841759235931649,0.970763242372298
"2321",0.977837319551974,0.959251215391512,0.908370996981611,0.775637680933634,NA
"2322",0.901058977397212,0.885818900753657,0.761751372673083,0.727238221357853,0.938740912010438
"2323",0.850430845882986,0.913191758539513,0.997997450981465,0.65862706176363,1.07639477292486
"2324",0.964345981312861,0.994642991319917,0.826852513130587,0.858905476200257,0.986286401220334
"2325",0.975596930673098,0.878459525247197,0.905986713220689,0.96538620398059,1.00185504483493
"2326",0.91414080856003,0.835314622676238,0.885313646829973,0.888524744138723,0.930452853484602
"2327",0.958310182489038,0.944777313695331,0.916664965373344,0.703181324146,NA
"2328",0.861252607446673,0.845906869056203,0.889731961619167,0.929459363256019,0.873767227245259
"2329",0.9818629381059,0.983200383879572,0.874419219653394,0.912646564386102,0.948649948572594
"2330",0.98093643174379,0.978040599058967,0.870449987095453,0.64533311618054,0.940925388023857
"2331",0.966411529767321,0.97013646013093,0.730163803932067,0.658921785087886,0.97536374443111
"2332",0.77521558538217,0.921793321692576,1.01604630243773,1.02744381337182,0.804652669008035
"2333",0.967936849193744,0.979755357916098,0.968623036608489,0.679242506788915,0.875460852523133
"2334",0.971753776404824,0.9081272351558,0.95849572565575,1.06434227880148,0.915838722826188
"2335",0.902020608725371,0.921068760757003,1.03086188839849,0.916700948857259,0.843716704909374
"2336",0.980026466245555,0.989020628944427,0.739563092411798,0.89442810055809,0.908139598665665
"2337",0.980057832930385,0.972997010273945,0.926408076839228,0.78919568658526,0.855025248446612
"2338",0.830248547856678,1.00195082982572,0.920022337742317,0.951963071686696,1.00636999785463
"2339",0.981410316047504,0.971827161216054,0.801003890725469,0.865604220919385,0.989644813261237
"2340",0.978522607727865,0.872521627973436,0.909889565435125,NA,NA
"2341",0.883768939948592,0.975393761523013,0.855185376995687,0.956237412999459,NA
"2342",0.950961504904602,0.961852608851845,0.816596604009352,0.791161293369656,1.00211587162281
"2343",0.885675796800294,0.982513487072381,0.886845408792993,0.931609550850627,1.01169066920947
"2344",0.971263234078412,0.968114426190228,0.814116110768879,0.854774665462762,0.906232744981232
"2345",0.816140983741096,0.829198247149415,0.869935060387798,0.801365221731574,0.929136368092373
"2346",0.960506836284362,0.963088598073508,0.744551647184053,0.804354281886002,0.840326242791572
"2347",0.984770447660256,0.954790966651685,1.01693358224486,0.899142712642731,0.986967051852818
"2348",0.939707191280494,0.969464382171692,0.748145154535499,0.835684839879778,0.834484216815567
"2349",0.975547645850688,0.909872220505848,0.92166660507094,0.813880498834638,1.00246775269337
"2350",0.973048209678928,0.985613937048436,0.790580580087661,0.618405635761193,1.00656237617472
"2351",0.969388523069945,0.932653318204548,0.791375994085623,0.737946026205746,NA
"2352",0.85198673423364,0.991797797220542,0.801069689814511,0.78617456600964,NA
"2353",0.866464407793473,0.985793410702814,0.831008632425497,0.722207817949317,0.937995991450291
"2354",0.915690679532836,0.988118667873379,0.90908445233306,0.806319466607731,1.18169162941593
"2355",0.956494563363059,0.989221088867751,1.03559345941352,0.836237514771253,0.959842276628366
"2356",0.959537702468509,0.962459745591344,0.795825084961878,0.840257284298626,0.852059345158268
"2357",0.969303978973638,0.973089195930271,0.970797417321554,0.818927603685603,1.06436966232839
"2358",0.97238128100765,0.976832286133337,0.755683894059144,0.849330838610987,0.985859580748865
"2359",0.970778443179768,0.963336504080895,0.852922955814415,0.788735248313742,0.996413872827527
"2360",0.953711853427995,0.850309113857609,0.939208965030048,0.934140854928733,0.952887376250337
"2361",0.976917625210549,0.994247760618538,1.01186997755519,0.688775695957597,1.16177472655271
"2362",0.976079996995211,0.984999138102557,0.767604564997322,0.757527980179266,0.968240282083857
"2363",0.950275166599905,0.980639949750331,0.979746767575666,0.830234243381352,NA
"2364",0.961582273018718,0.910636003564337,0.729595704604318,0.712046454634862,1.18702116215297
"2365",0.974074167931002,0.895919619512327,0.837438613573673,0.671439692869818,1.10665624804617
"2366",0.864115536912707,0.933487939909856,0.709714018626867,0.821751959079771,NA
"2367",0.973030126422542,0.962756933504089,0.876559353288776,0.888868495753974,0.876905108490772
"2368",0.978847955935915,0.889290758538396,0.923870392906285,0.919896360775953,1.16662663216076
"2369",0.944127807877709,0.925169565525885,0.917646534738556,0.885636195600959,0.859479760889011
"2370",0.947700548209244,0.947551381899911,0.95338594569252,0.730392995110547,1.11907957910649
"2371",0.96511748660617,0.977787464148553,0.78231203923988,0.800009334475427,0.915819031837957
"2372",0.970724601934759,0.993529736289985,1.02262572968935,0.790316428604407,1.11103654649727
"2373",0.979884277811185,0.967841986969232,0.832550400373851,0.757989361272223,1.0308686271991
"2374",0.835030462854616,0.973434747207657,0.995666506969568,0.707109299884443,0.803101305881815
"2375",0.963758043790645,0.794873617094418,0.932690991403953,0.701993489022378,1.15583099534896
"2376",0.974510323165672,0.907827590838488,0.980157631507947,0.833320104303639,1.03195518132635
"2377",0.962918430455844,0.8819194113402,0.811539631800594,0.911366737874553,0.94522870686226
"2378",0.932324447393041,0.987206803870666,0.769607744063665,0.73700719505755,0.831785710111513
"2379",0.962913505993978,0.991336089744041,0.79862311314694,0.813967719571253,0.878932971023505
"2380",0.86535753205966,0.824523434296074,1.0187155263345,0.667187532465231,0.976668242024507
"2381",0.954350510395435,0.915329824259079,0.798102697048976,0.643778221979447,1.04728365703353
"2382",0.955489442942765,0.979596341959836,0.739149017893105,0.679701767726779,0.942846542473774
"2383",0.95085194827325,0.992743556680421,0.978213357786276,0.825008185538927,0.850685305240009
"2384",0.789712159877946,0.882955157755613,0.852539427463528,0.860322500458969,0.997416798527637
"2385",0.740972621958025,0.925040537072681,0.987424676593734,0.801673145109941,1.03172793209902
"2386",0.953230903146458,0.954616692966672,0.783930636524201,0.850668954598766,NA
"2387",0.984174633401974,0.991159012737631,0.772611806556041,0.805900877240346,NA
"2388",0.9035848440856,0.956186376744449,0.853497118821565,0.802206556741085,1.00784466551772
"2389",0.892460224305035,0.896331378765412,0.863508483736421,0.991295152293745,0.892369955795656
"2390",0.978343893418966,0.965307645853145,0.943285993393374,1.08150429263481,0.9483727498027
"2391",0.97171421610591,0.980492047356178,0.903661130850679,0.903706756721877,0.866839844002734
"2392",0.900335394809862,0.850089876646475,0.932202974123187,0.677311445785049,0.796448450506956
"2393",0.85181331987762,0.887771495008273,0.883063240695829,0.742859036740076,1.0070309600037
"2394",0.966723915420629,0.995385170541913,1.02674316116452,0.79742842575241,0.90202266532046
"2395",0.940849657321835,0.959749317681313,0.746453506499271,0.801095044626135,0.788419996311587
"2396",0.959619624836517,0.860212473212875,0.793195784971871,0.918459041946037,1.0558121167984
"2397",0.961316078851591,0.811223704588265,0.60337695176883,0.891312185732888,1.06934537130005
"2398",0.952463583677777,0.894120624871243,0.87107704556474,0.789014114625765,0.862205102320728
"2399",0.833821098205824,0.822745633023578,0.840036479011001,0.918056253771471,0.968256331667931
"2400",0.985265926042757,0.922708853813957,0.715712416503968,0.833993153055502,NA
"2401",0.967006784990822,0.936512251823629,0.944393149148348,0.820175687637637,0.900897373321542
"2402",0.96616769556031,0.878705101843371,0.905935108660104,0.798645519848969,0.811493699855201
"2403",0.889684435863762,0.904661468269324,0.834827755724929,0.889118071143772,0.984830445570249
"2404",0.915419545494257,0.898487759387325,0.721881205328154,0.65484340097402,0.893253829225442
"2405",0.955825775965402,0.881153577442711,1.00775205849592,0.881897677679542,0.930512731600378
"2406",0.920958528642555,0.975406317236602,0.829527535672617,0.794722121848868,0.892199978396796
"2407",0.973094252223741,0.978785640304305,0.685378780154274,0.730328610799816,0.955237810868616
"2408",0.95972770568025,0.920292904120684,0.713620676807274,0.939770440336958,0.890787184221627
"2409",0.772073175129559,0.981577809683391,0.815766403664044,0.687787538818683,1.12089959249035
"2410",0.936672809682406,0.981921162106999,0.860206367083034,0.7544501011171,NA
"2411",0.966086070372839,0.990694911488933,0.86821186712738,0.895978550378706,0.929382043244251
"2412",0.854738891447762,0.867447653039557,0.95111125572319,0.93161142856192,0.94409391627124
"2413",0.975078376969192,0.956058712098173,0.797943284052116,0.971628126304917,NA
"2414",0.957617601062375,0.992618227846444,0.897468334500066,0.8839297224806,1.04553617207269
"2415",0.880402577004137,0.911493246783526,1.01348228678163,1.07443243950888,0.971422226740127
"2416",0.956861088308996,0.995486475790734,0.94339965165184,0.878475095401668,NA
"2417",0.963299563415906,0.989932359001019,0.997314884157028,0.818794868235897,NA
"2418",0.868724637578639,0.99683660044043,0.905592607411264,NA,NA
"2419",0.961360871032377,0.897743152650399,0.869280272059418,0.768221970208125,0.904006766981224
"2420",0.946969607923958,0.918044479031979,1.03265576636765,1.08244736828647,1.02406536577831
"2421",0.963323799167109,0.897942107162849,0.886680874587856,0.997472082098039,0.797332776108681
"2422",0.921983265301319,0.899884547512873,0.787969463950034,0.80150683764116,1.08169314796413
"2423",0.944434927954913,0.988054610228582,1.03943263971031,0.785700946421556,1.12539147253463
"2424",0.964190271187844,0.858740112909103,0.964589636004341,0.888494862144559,1.04298471407718
"2425",0.831012590526603,0.865875253847305,0.863231924245693,0.669238259396746,0.882889893427358
"2426",0.991841008559275,0.980717861342198,0.838483797830041,0.928842339456363,NA
"2427",0.966569725119358,0.989727703606611,0.786895199918082,0.802044382236672,NA
"2428",0.977886773266574,0.870784437466107,0.787561351409259,0.678475003432927,NA
"2429",0.960798223890387,0.920626290435906,0.939873385843205,0.946617904945188,0.916405459182375
"2430",0.96172417672375,0.995177736092148,0.757225637468634,0.798899641077497,0.924789382345509
"2431",0.849358769451935,0.870897280320399,1.02072264639309,0.698611927658578,0.888315381690938
"2432",0.961360240287679,0.790381273575995,0.897297361670523,0.8131325703887,0.910895638097588
"2433",0.974688351678371,0.986444176440895,0.894115266114883,0.569197584945928,0.922359404701207
"2434",0.973128010888237,0.95600575549372,0.875647225280577,0.85561791802407,0.967900992883464
"2435",0.919747851137513,0.966841106342973,0.949015826413862,0.908076898318608,NA
"2436",0.917096223912061,0.894516621265743,0.932620040986681,0.878905893040969,1.05784615023942
"2437",0.815325568143865,0.797985318111133,1.02085325940107,0.711914716597714,1.16506080991159
"2438",0.951415814395867,0.989280611128113,0.84015674228839,0.875915898503048,0.794809050851728
"2439",0.975110262017157,0.926994670050019,0.876979276562967,0.942612511739925,1.03593492948496
"2440",0.963885515785492,0.985102463967441,0.82795703215782,0.940977676472306,0.874724148926907
"2441",0.863674599739763,0.977055005325684,0.869462472100292,0.863795350368057,0.963903569846732
"2442",0.975288476685315,0.946042372442841,0.80157594498583,0.980443248857611,0.958810185104518
"2443",0.964133223155706,0.972992040056801,0.922467124479419,0.690543462650559,0.967641440543832
"2444",0.967238428012247,0.987990445887112,0.87466622344718,0.875294205323562,0.819799438056517
"2445",0.902704415319892,0.96909030488803,0.734704775604621,NA,NA
"2446",0.824251781097099,0.679751389849477,0.808976607594062,0.856156276996266,0.785016531075851
"2447",0.971241612997318,0.971702543265766,0.755126641152103,0.709282348184603,0.846475561840097
"2448",0.966352389240262,0.897660507875847,0.749853473491308,0.775211020466334,0.955351841287657
"2449",0.974334688240841,0.937235148758575,0.883662536847923,0.679858758324512,0.916828261523583
"2450",0.949672326528438,0.988225940535158,1.03493943046052,NA,NA
"2451",0.884588748006923,0.949806272499111,0.805752844492607,0.8991823244863,0.896551989130445
"2452",0.961647588063248,0.888444682027763,0.832480079284812,0.641981568987238,1.05297115773237
"2453",0.893358743838752,0.930727147906133,0.796750030214026,0.846303785830966,NA
"2454",0.94575200418849,0.821714805062262,0.812948293810552,0.757507488663652,0.798714660324116
"2455",0.978429683531768,0.908020270683418,0.925582938123362,0.95329115885765,0.988946594987727
"2456",0.905014399171491,0.800094528700523,0.745553192828782,0.933107913473363,0.867984732919497
"2457",0.972493327333999,0.969483769229802,0.853740690331381,0.754820701575737,0.713335039416637
"2458",0.915463261773339,0.93101990842072,0.906626651724992,0.826779875816271,0.842231668928456
"2459",0.974873102628963,0.932855865381591,0.835520919500617,0.797430919049284,0.991129432236583
"2460",0.969518855854926,0.935823166676559,0.812161822738081,0.962654683218525,0.760570074486057
"2461",0.986700535081752,0.982016408645103,0.969412943703631,1.04343039005498,NA
"2462",0.964938300842589,0.981803411240271,0.860101807487465,0.754665626745016,0.806527393576466
"2463",0.958089399302709,0.979767510025425,0.888721121661633,0.874011687212568,0.956670168104512
"2464",0.947106394145113,0.936316281723735,0.902955735143841,0.844161674914565,0.830155392055168
"2465",0.880038541232325,0.945973955273077,0.986990123768099,0.814053618532133,1.16069305910926
"2466",0.979628072315968,0.8899669348662,0.924951726486133,0.90837454439921,1.11875193687608
"2467",0.970983347951456,0.954904255279223,0.8544954421322,0.941000366104078,0.945068530260718
"2468",0.957772491356468,0.902100745732562,0.77637644888579,1.0187637444084,0.952019077590052
"2469",0.916411392517614,0.982372787258836,0.946871406509965,0.767706331230986,0.882806360708606
"2470",0.959449062177412,0.981770881543335,0.900668171257021,0.720219111263801,1.03896604516122
"2471",0.969821829342583,0.970151662234451,0.917635588162619,0.824733834556838,0.884633574133938
"2472",0.943406318765315,0.827836207680821,0.793482494683553,0.866733321401029,1.01502074805694
"2473",0.867140309755888,0.954347004109942,0.924871902627591,0.94937862819884,0.929163466726288
"2474",0.960597068075206,0.989949440301848,0.953662609647064,0.877374033134526,0.97127731137296
"2475",0.877861980185644,0.967671131639083,1.03607347696696,0.914949950830097,0.846158011806747
"2476",0.908092551158822,0.978795378758663,0.855600731502966,0.617097993097125,0.992234455275299
"2477",0.902174027777048,0.983847986793298,0.8149732539115,1.07463441789038,NA
"2478",0.967394738225399,0.796264077084569,0.907060464951812,0.773761868442327,0.891052934911964
"2479",0.978057315036663,0.81047777942967,0.786933968780418,0.811307789056269,0.997489142537652
"2480",0.958152570692434,0.95093271971112,0.934789913920413,0.849572937904769,1.06230684060572
"2481",0.952819495103503,0.866415046160164,1.04015806786729,0.78101955512989,0.943443990764121
"2482",0.97741416332362,0.901731159269342,1.02224074884763,0.928111456797727,0.991505740667753
"2483",0.954262719903024,0.990830028281607,0.900712824915077,0.633653531237335,0.867960716531142
"2484",0.925217672642401,0.945752251117108,0.868860090136271,0.900426434138317,0.934975718914152
"2485",0.91865019348933,0.815679350356122,0.667805261892775,0.879469909216204,1.11378696915945
"2486",0.977664472300927,0.967285222612865,1.02017019376756,0.834492409066347,1.01150956959671
"2487",0.970823470905504,0.795615695922288,0.714482549965242,0.769192799518811,1.05765505349436
"2488",0.710466849562883,0.947752290155865,0.910098569413933,0.974595369519407,NA
"2489",0.889911554401612,0.973346064226717,0.945107060520844,0.815095966398799,0.765083019518477
"2490",0.958098607845198,0.869865388097376,0.882989165402902,0.791762937502332,0.90954288714707
"2491",0.951647961790679,0.976857427657398,0.892570863789767,0.931366935342146,0.98651596140517
"2492",0.974359030022314,0.891141119222187,0.676773143497464,0.780048630443862,0.902507473212158
"2493",0.769110483841998,0.932489189963374,0.744527567132544,0.962344666684496,0.978602490234912
"2494",0.76662929548974,0.96489375789525,0.995486338227226,0.903611164587812,0.933033264869403
"2495",0.958564958490769,0.86142206765991,0.823146768301381,0.572548253914331,0.812055255248237
"2496",0.991407808177722,0.846958804784603,0.92002325731356,NA,NA
"2497",0.966672832918089,0.955465693327998,0.911685536060531,0.909667859597311,0.952340127093745
"2498",0.924710381468433,0.961384122290999,0.939908077994107,0.864017237588623,NA
"2499",0.873761982338935,0.983654636707201,0.937982825754125,0.906735752441796,1.13685120600829
"2500",0.946297358400703,0.976993490964704,0.825983590900438,0.631961444532471,0.865122810574154
"2501",0.851841071144807,0.955457397893724,0.931153685384105,0.588643038784391,0.898063044995331
"2502",0.88132612724596,0.988711430618199,0.901019435156599,0.727911694224113,1.10721605749254
"2503",0.851830222291798,0.95385154501747,0.889530142188034,0.783885878708289,0.8727710335089
"2504",0.961108312744731,0.949149227778429,0.913162038279234,0.83423840252928,1.01627595272577
"2505",0.986240749997117,0.995056789603224,0.739314420952659,0.574648560140303,1.11445978671523
"2506",0.968656980276036,0.773890581347802,0.85153533191556,1.04150316932489,0.8688020076334
"2507",0.919872993496705,0.971303123285743,1.01436020464323,0.767918012934781,0.927306248210237
"2508",0.85806578800939,0.937593310202338,0.942102431759238,0.82935941535594,1.15447295885152
"2509",0.979076828678252,0.914151157670736,1.01757734067251,0.91424313403948,0.98621407593075
"2510",0.966674557340525,0.847303111377835,1.00938495347169,0.852480407124702,1.09326607581954
"2511",0.965572734108382,0.92129839136387,0.825628662489091,0.730111735884939,NA
"2512",0.961006845911298,0.96617145231547,1.01547942550659,0.963469678749871,1.05267382474054
"2513",0.960715056490039,0.902840399554086,0.808753715907307,0.769439120772471,0.897933709133472
"2514",0.980119141591674,0.960604420686162,0.841739093306647,0.733791452505957,0.889164788565955
"2515",0.958545791932981,0.919028137729643,0.766664728349191,0.974139502276106,1.09589141772474
"2516",0.869606600302458,0.970424581284388,0.926013706276842,0.743790960144115,0.771263063381434
"2517",0.848517868101016,0.982547924021806,1.02151433272796,0.892801841006919,1.06737704136063
"2518",0.963353900064389,0.970842252273379,0.958179940867431,0.669190156423645,0.931973834707454
"2519",0.976280254052426,0.812064389062011,0.690416043360005,0.880094869730753,0.842864333908627
"2520",0.80706120101418,0.949679300978326,0.968106743603974,0.708863876453921,0.858802220506088
"2521",0.976183429502629,0.980058807467352,0.852016781722828,0.738409702818924,0.978607843619646
"2522",0.930943404973554,0.850645802635362,0.827017829020768,0.660394377538486,1.03199520332798
"2523",0.983153438718054,0.98424565302875,0.798441370564867,0.977691648911387,NA
"2524",0.870971038617536,0.948219830292975,0.962026182927732,NA,NA
"2525",0.860044440635523,0.966699633691263,1.0174047828826,0.684654115159139,0.934296141921122
"2526",0.979441792339609,0.979276401271349,0.634985546819147,0.772231572288863,0.860048859775308
"2527",0.979393930254426,0.958075844856678,1.01912129639362,0.873546118183734,1.11793154694642
"2528",0.976215224843466,0.984554611000957,0.818964802603254,0.725137933594146,0.978697841394468
"2529",0.968560815889864,0.985404825186903,0.974449977668416,0.675973849059995,1.06890107999361
"2530",0.973980113598712,0.880893979863043,0.938451372614931,0.728773113602608,1.00562613035683
"2531",0.957563660211726,0.949532760484064,1.03326819380352,0.932826804886795,0.823927939647101
"2532",0.966721516583276,0.899393651361827,0.69236384324927,0.7882429159716,0.813654078003257
"2533",0.910364423259423,0.892390441084655,0.845320626319973,0.974837214856689,NA
"2534",0.916669615730067,0.984921219537606,0.936501440239169,0.716630568141562,0.90723229576214
"2535",0.963673402967215,0.9940522041647,0.875593173538194,0.960384764479158,1.00314409218732
"2536",0.9650658881597,0.879266696072279,0.962762715374783,0.733394352836554,0.830284017528547
"2537",0.893392164459943,0.972452182596101,0.866916979315265,0.940952934744233,0.889442048764914
"2538",0.977169512458266,0.982903223083668,0.96142068396873,0.84565683551956,0.897741311017101
"2539",0.889088868235704,0.977679104819595,0.970816683683193,0.945152316110726,0.977872692275363
"2540",0.969573997453698,0.990909792683601,0.959864116564087,0.867507033817361,0.897249782454533
"2541",0.900189733508989,0.91153283742272,0.694026478964077,0.936736036955477,1.18420994088697
"2542",0.968917409328409,0.973801128179316,1.02562105104079,0.883044078090269,1.00684034109363
"2543",0.839937856632413,0.982308691436508,0.748047485685176,0.89055416838591,0.998339253597796
"2544",0.975046628171728,0.982290008876427,0.796098413036784,1.05911854298093,1.10890056547542
"2545",0.992756682236996,0.979112693206342,0.955628082538494,NA,NA
"2546",0.890354825250299,0.809389227176243,0.910612751203269,0.889997060509885,NA
"2547",0.986015814459438,0.989255158092423,0.876697631145001,NA,NA
"2548",0.937971137766693,0.985340212666652,0.800341336993674,0.917943112398482,0.883414903159308
"2549",0.91596772503514,0.844429932863839,0.927221073564447,0.882239844324689,0.88564188434801
"2550",0.828488177808403,0.910201381819175,0.994673992118725,0.935828931296627,0.936133037846422
"2551",0.931616226148276,0.732039777560018,0.829951664215717,0.873848721541004,0.911098228064462
"2552",0.983962376920047,0.959956403908873,0.673438707112982,0.752506399154132,0.809246813861472
"2553",0.93235020775825,0.89364271137845,0.88080678495056,0.767453545197005,0.938807107192796
"2554",0.981758426292468,0.963622342729319,0.909182808914884,0.856929807623395,NA
"2555",0.958935456248349,0.874892279902383,0.891121040058419,0.603551896914156,1.08837843207408
"2556",0.981215082152237,0.970223615993967,0.937828593685214,0.911505126793033,0.89841610531295
"2557",0.950287208088496,0.881505657572257,1.01019000502256,0.859906741248761,0.992708566266744
"2558",0.983916371552738,0.965261787276504,0.911653097246414,0.689764942594866,0.983164496350955
"2559",0.948190137946706,0.985952216176553,0.675839638222099,0.951127263385871,1.0663632101215
"2560",0.95565061640668,0.964573325305422,0.808260088812006,0.89126893169595,0.897702715858698
"2561",0.962950901741597,0.930861845153615,0.861743367949894,0.845046022368274,0.990999372497848
"2562",0.907948055842175,0.990333139949984,0.91589206142537,NA,NA
"2563",0.85311200582565,0.932984351488584,0.815957127195953,0.79860623438869,0.809997337037594
"2564",0.941367265737624,0.850992588770325,0.807138381241123,0.871638358898808,0.888544963156776
"2565",0.974775330368063,0.981292439995006,0.726433050881679,1.00155578863684,0.866479889721085
"2566",0.944129096459731,0.851693441636211,0.755377166875634,1.04991528391967,NA
"2567",0.975817684793654,0.902866609667245,0.716615074180756,0.770928376060365,NA
"2568",0.958823244828245,0.984813591436391,0.962904890340642,1.00215933478476,0.882048753249893
"2569",NA,NA,NA,NA,NA
"2570",0.967022572636974,0.912071974488139,1.02819828782204,0.791672819526558,0.894065276620254
"2571",0.888149365501466,0.93765187176653,0.804347135638801,0.753102039705799,0.849608297837655
"2572",0.960617029861983,0.946913863852089,1.00809169662197,0.731957500883504,0.896964033105307
"2573",0.961636004853708,0.974269685651475,0.768357939819362,0.94541519082327,0.909762400345332
"2574",0.980081944733932,0.937336238308042,0.823077746070589,0.845271403078519,NA
"2575",0.891445863483329,0.995528140883756,1.03449172558059,0.753518057966659,0.977131865048347
"2576",0.976678581103606,0.999216651925178,0.946203846923911,0.832262477141469,NA
"2577",0.869991183261439,0.868340084794187,0.930825070939877,0.882256002107434,1.0232585152119
"2578",0.978563715040356,0.930157595166417,0.832632913532886,0.758822195553824,0.771034302325205
"2579",0.970752417516906,0.879727083291844,0.811129252154449,0.981125098658426,0.950668536554532
"2580",0.975765159703005,0.821535769115072,0.923481215360276,0.917169105709124,0.999646898524659
"2581",0.946180505824516,0.969309732835193,0.905978427238207,0.6919522341147,0.902256366606317
"2582",0.9518029949504,0.991908848710461,0.806159637443848,0.777352177293231,0.911457756666105
"2583",0.970194500586229,0.990608164827607,0.89377536364983,0.661936231123827,1.0158045488654
"2584",0.965455682621554,0.864436967608207,0.844006047518743,0.712999392016638,0.849593402735833
"2585",0.895050634030722,0.861923375829681,0.82854022619724,0.707178607608461,1.04319423728161
"2586",0.980158152783276,0.931172850141856,0.950635839243638,0.963476462677388,NA
"2587",0.9588340196276,0.917766867860341,0.879949768282726,0.877110453594283,0.986510900985273
"2588",0.927711939901211,0.913043958666791,0.9931922941465,1.07811089384788,0.783336732914679
"2589",0.86505996013254,0.986847339162845,0.809523936347098,0.800735308486661,1.0537397700885
"2590",0.965005232752204,0.968171793323085,0.728689425953463,0.951733900610607,0.789437611244902
"2591",0.854176377337396,0.89060752056542,1.00777478768514,0.851149708768349,1.12177719750467
"2592",0.972300579443474,0.996247934011171,0.915507948394668,0.705944728752541,1.14850963222777
"2593",0.943867547175373,0.945531751015289,0.843170333493085,0.852750820674783,0.888466685955908
"2594",0.980075174597746,0.961545904545425,0.943268540450346,0.766584816157562,1.12054931272315
"2595",0.963308042303791,0.889012949942966,0.826579092472736,0.801750065715117,0.99862580312154
"2596",0.973178212160905,0.881044907597745,1.03676085160662,0.704792239240232,1.10933866792796
"2597",0.983694707213209,0.905497322114648,0.993389705144127,0.773509853535319,0.991682608572231
"2598",0.82415619719908,0.993092726110006,0.923156878335971,0.73067471811351,NA
"2599",0.867260227359399,0.983294532314608,0.928351076282386,0.896826311888394,0.793450074486204
"2600",0.952644371158741,0.979910134688426,0.862429039576617,0.847597540286496,1.04969120335659
"2601",0.922174114287134,0.988737046492263,0.993298042717227,0.693515797175919,0.962719602342078
"2602",0.91924010996835,0.856693597453815,0.82402818382282,0.776688427389315,0.888787968631875
"2603",0.894506407195266,0.976610814903887,0.873495037936122,0.900173285502615,0.860298969543362
"2604",0.96937629691152,0.977568641812932,0.792539362134285,0.884981582865531,1.15076226709743
"2605",0.931920518212805,0.983353720800449,0.7359752446126,0.7183033332801,NA
"2606",0.966177973930444,0.939567275791575,1.03154165495354,0.838699130120498,0.925717415484672
"2607",0.982635844902454,0.865906880485823,0.836502096977279,0.852429469421577,0.887401886620362
"2608",0.945493513153074,0.971581775887794,0.962924979248134,0.837213733113869,0.985203404958853
"2609",0.830375366444412,0.977543481642994,0.772394001402742,0.696517530080894,0.904986530341591
"2610",0.991917791054008,0.992510355313823,0.832406270089021,0.800940083615327,NA
"2611",0.968323266043363,0.884964467241431,0.868184280676333,0.802109411789232,1.09333855418434
"2612",0.977761898477656,0.880645523209081,0.936530417313221,0.683164363550819,1.08002047325594
"2613",0.959022691853614,0.909303394934381,0.843672416135044,0.741236748403805,0.889448131179349
"2614",0.975686794783741,0.994398038877475,0.908640301269751,0.880479201688913,0.813945671067086
"2615",0.843141906540807,0.958060454670057,0.63354876957561,0.926884868987141,0.810898224474316
"2616",0.994039419563538,0.969094081082778,0.920381152641676,0.600738866577627,NA
"2617",0.972669479569896,0.66354327152972,0.707298624221614,0.887285499018478,0.883782843297208
"2618",0.980541690382425,0.876779070481038,0.792398137910037,0.704901543818648,0.840096294122009
"2619",0.968744092238156,0.923766798893282,0.83753486454979,0.742367248739397,NA
"2620",0.975228631013991,0.986609815933121,0.950385722738526,0.598437155249125,0.798706668758434
"2621",0.89682002612032,0.958466777262375,0.931353514052488,0.91316889547593,0.924673251855564
"2622",0.97503131204716,0.958892145056768,0.974511620379656,0.896744487279803,0.900567376560371
"2623",0.961977312583998,0.72996387406323,1.00624966311366,0.773727387686685,0.936634052450008
"2624",0.978907726001415,0.823898836920698,0.936412709049919,1.00568735349087,1.07611704226033
"2625",0.805209219997747,0.991077750801537,0.883440783415176,0.80614731829814,1.0057660414568
"2626",0.902001064912832,0.960850154402703,0.772611747514928,0.701153657887454,1.02186407961971
"2627",0.856299670038674,0.81472330596336,0.87691111049021,0.866476216616636,0.936020577783674
"2628",0.961523393391114,0.829591773030021,1.00447247130897,0.781824575887658,1.03614278586378
"2629",0.96260005822775,0.849879049246876,0.940018092270304,0.914368418894172,0.823390085572582
"2630",0.83644476460398,0.988679068664594,0.770553528339335,0.826775540998558,NA
"2631",0.98213344468585,0.880096098369895,1.00078626244147,0.804698961100173,1.02861233741405
"2632",0.895770309070123,0.97748561179771,0.927721395912172,0.792513080816831,NA
"2633",0.968787691318198,0.823823966796983,0.774012868392135,0.746569104485139,0.936938252035663
"2634",0.981629580506678,0.973406361312131,0.626022592128847,0.853464185307707,NA
"2635",0.92675108343864,0.921949285979006,0.972880836406949,0.718532259371463,1.05411367220125
"2636",0.89566427060547,0.851087885048689,0.784267059565105,0.977270730437999,1.05137913832219
"2637",0.954707085082478,0.876579980441472,1.02875690351716,0.895915064658076,1.00420959842997
"2638",0.969806455314179,0.99335487327312,0.971519316682042,0.716265408209662,NA
"2639",0.971696963793224,0.847025646984966,0.943050488506827,0.841825672696829,0.992338683729535
"2640",0.953658206868322,0.973385571975816,0.666437700017905,0.69983109015035,0.993699114833278
"2641",0.85430095642841,0.883932346013547,0.819590081277696,0.788407055571872,0.870493191004352
"2642",0.962860830442952,0.762720839524312,0.879868392827153,0.901208461788853,0.865290290811708
"2643",0.843196560248943,0.922015036856056,0.91389965742084,0.95824457400416,0.951905785655288
"2644",0.970835559652197,0.989474130525131,0.853481968824532,0.992440583241682,0.943942046986536
"2645",0.95929996017379,0.881558729412142,0.831806226768512,0.83674719523597,0.934651019567088
"2646",0.944450646187477,0.93458201007662,0.83674527039595,0.862137851002426,0.959344567032153
"2647",0.939997081445439,1.00297316652927,0.891710289808982,NA,NA
"2648",0.986565032334152,0.950610782417465,0.694035399439391,0.729107752961974,0.942843428834318
"2649",0.957850714100412,0.985162815125902,0.702954687680207,0.835507144641896,1.11944911201962
"2650",0.965193944478246,0.90365640607414,0.97674234875635,0.877727087627171,1.03187268025641
"2651",0.976070402205237,0.980626109500809,0.98152100218687,0.871166691477735,0.784132141341119
"2652",0.965453021184558,0.909459045998193,0.876076017565362,0.634496349202555,0.966462051347689
"2653",0.803255564165697,0.847893917876527,0.848457798249441,0.658155984693856,0.937960175553153
"2654",0.925680188121233,0.967846637801398,1.04941678721165,0.833115038344368,0.953152968600948
"2655",0.882788401806715,0.833259580671264,0.746290913184393,0.904517542996425,1.00285484854832
"2656",0.971333692779398,0.931263084445248,1.0099597372349,1.05447554923537,0.887071844528933
"2657",0.948847907337555,0.962615364289611,0.930275890293401,0.901950828782831,0.892296492196445
"2658",0.963113825581179,0.985501048717168,0.840974435620522,0.846643088586306,NA
"2659",0.942781328163074,0.959973430622852,0.784917258330625,0.912268477730778,0.853901796687188
"2660",0.973391386125783,0.893308801486312,0.741755489658048,0.752494898479898,1.00328346063829
"2661",0.980583103355511,0.981880543900927,0.72512828079451,0.777929222852085,0.770669985845763
"2662",0.971160968902883,0.836634228718528,1.02528901863891,0.733942407939723,1.13396109390534
"2663",0.960676568404863,0.888585982245852,0.673606587045038,0.763997582861638,0.86528634228124
"2664",0.869859461221397,0.967375143631434,0.883613465420033,0.633142783160477,0.897397012753601
"2665",0.953494637048544,0.975267035029688,0.683706079099129,0.961399771513773,0.924077794200283
"2666",0.822583490471369,0.992569741553907,0.708836823046445,0.843280876694403,NA
"2667",0.966084529019476,0.793977890124762,0.732646621900542,0.668546914793906,0.998164958524008
"2668",0.986311931834932,0.574460929284258,0.833233739398649,0.829678531460937,1.00059430395219
"2669",0.959686288812416,0.918728715820665,0.912267937316466,0.898131019137523,0.925994624657755
"2670",0.973391809848395,0.805085783285186,0.969623850148134,0.9015224965243,1.07844349942317
"2671",0.901318367684345,0.985510985371518,0.905850168933836,0.835843554518091,0.968265100475544
"2672",0.946254139423843,0.975215747332515,0.74915429087442,0.921136886579941,0.896467116145826
"2673",0.975125964904491,0.983603092557038,0.700476825457249,0.788797975541934,NA
"2674",0.903568604132697,0.907127415281556,0.607381264622704,0.736786748864486,1.04088886263095
"2675",0.940229515334025,0.95489231006884,0.898477006315995,0.93687203182378,0.895466919130581
"2676",0.966377460223748,0.781784993038107,0.842462454832693,0.888092868828331,0.86975320274476
"2677",0.959190637856281,0.908121160023234,0.945188843167872,0.963494025873218,1.09087869911291
"2678",0.948296475581719,0.98014024509076,0.867773360453266,0.657740565734566,1.05179376926083
"2679",0.959114048611212,0.984184599671021,0.926335373678943,0.986984733038025,0.989818393591426
"2680",0.953507078995364,0.927090365338191,0.912750903243318,0.810481393065052,NA
"2681",0.97131410705555,0.827748593098634,0.87533352684942,0.802390404964999,1.01249246096489
"2682",0.954979108823701,0.981915702056735,0.863270976393238,0.986816183392032,0.993129391023212
"2683",0.973711584037563,0.97532048212002,0.915106840582499,0.835497030049743,0.840814565862483
"2684",0.964818540869427,0.86224340000755,0.944512738997229,0.710251712922518,0.948120074417714
"2685",0.884223280231471,0.824891220113991,0.902991886461891,NA,NA
"2686",0.937684267774607,0.907266941278184,0.92624227009013,0.694967133697556,0.805303876165067
"2687",0.704012659872671,0.82351923569887,1.00687463198322,0.884003228930902,0.879475669610135
"2688",0.960898631250857,0.927726667260194,0.998119163753572,0.787044195365706,1.01035602085495
"2689",0.947297420962439,0.977115605715675,0.892466799904477,0.783749022680328,0.91694097534849
"2690",0.927407051235013,0.920932314289208,1.04632319141387,0.98673282185095,NA
"2691",0.966775672103539,0.795211850758077,0.75921173751772,0.898675812064526,0.928735934700554
"2692",0.969311659788669,0.960356622565611,0.634723235744938,0.957932446229501,0.753618902928047
"2693",0.958328115298538,0.981034116355732,0.961636199016718,0.751823335199413,0.831679225841463
"2694",0.866962968009168,0.984026533517313,0.886938885357124,0.70231080087508,0.829051739379481
"2695",0.912169159475198,0.994675547455391,0.935103516333271,0.800978772139049,NA
"2696",0.744700347205898,0.990981240121249,1.00351989636617,0.637017770303463,1.07171999615436
"2697",0.786357654044524,0.820665181597344,0.887721663757871,0.880264739957883,0.948677823680086
"2698",0.907639993222579,0.990805148999057,1.03740397302502,0.832870903769128,0.810478242394654
"2699",0.960370431687769,0.89816346722113,0.922774436766147,0.876242647558308,1.01255394130077
"2700",0.926615201485492,0.976552623003672,0.755552412746164,0.978941535309609,0.977234679256356
"2701",0.962226545005866,0.89522919652208,0.844017168122365,0.88184328606334,0.974942950075461
"2702",0.979413521469142,0.975407412330882,0.880162629080175,0.764910040126584,0.995710161171729
"2703",0.97754867702864,0.818065461016294,0.781929580122623,0.786667090957196,0.91320074897422
"2704",0.975077626659309,0.863794978452692,0.924658164090515,0.921270113058788,1.08887151495373
"2705",0.968913785529595,0.942085595954642,0.778058942205677,0.719832880617527,0.977118650146075
"2706",0.924106894744392,0.98357495932067,0.891186405901224,0.672107774735165,NA
"2707",0.95811092982928,0.992780439076207,0.94526865432259,0.873111485275012,0.838805060763535
"2708",0.944256954638425,0.856029586616987,0.812688549450793,0.898441800188596,1.0812392338316
"2709",0.966830704157886,0.747395825465256,0.847389484340911,0.699831124302664,0.910010839819218
"2710",0.918715598749844,0.841339950917903,0.826855615431538,0.791535766576614,NA
"2711",0.880743270923608,0.977769617064863,0.878687719391762,0.909766198497826,0.992438837900033
"2712",0.852516991103837,0.931945462907867,0.910883702969846,0.763825576718924,0.929515898666635
"2713",0.963228285802079,0.985562132263897,0.800519220108519,0.849670991930604,1.01639351287516
"2714",0.97127284235604,0.986565266663823,0.764172236959332,0.808763154425515,1.00526142321496
"2715",0.906183621771003,0.964342298491121,0.790838417776572,0.792072066343455,0.92084007008942
"2716",0.920164679559469,0.880715391287383,0.802491517523488,0.937285148557035,1.04698443189149
"2717",0.95104410012874,0.844114302806116,0.899475422804308,0.991537166674878,1.01245008884372
"2718",0.970811936003743,0.952833349399756,0.854631701985428,1.08979628536915,0.965410766510495
"2719",0.921828588695411,0.976934210025369,0.695383273217385,0.714774899621499,0.744816692988634
"2720",0.971146455109592,0.9627157280313,0.849738370144067,0.748830603092958,1.00690770485157
"2721",0.972117414272879,0.973397857820943,1.02364457861149,0.822600828826351,0.91755156526433
"2722",0.934858290161473,0.955832713150069,0.941414464612545,0.857975799457167,0.852997707883701
"2723",0.823954079575049,0.984057637858368,0.884249810801505,0.682834355004706,1.05879006185412
"2724",0.985467217239395,0.937441204968878,0.867988373029234,0.75749593959041,NA
"2725",0.959515608483897,0.994920564852277,0.960761132273919,0.760531609930747,0.97250598325396
"2726",0.867138600882818,0.836717011563205,0.926382066276813,0.910043479538567,0.871851143219464
"2727",0.979395882641568,0.989265789083833,0.941733916431572,0.726160447449898,NA
"2728",0.879123339867241,0.830915318397359,0.967868295378074,1.07451551149856,1.14905591827898
"2729",0.955533749727191,0.732203095350924,0.719789150434759,0.765441260223812,0.921470514518016
"2730",0.885757654085974,0.972294720611694,1.01155865830374,0.678197780935908,1.00543372107252
"2731",0.893298839987482,0.787844158914711,0.88620284460879,0.866918594900461,0.853339667407595
"2732",0.953314983899568,0.927440474115149,0.907135402969514,0.765501134866959,0.969738137095953
"2733",0.960906835505658,0.979999284496226,0.935331563722079,0.945711729637134,1.0731575177428
"2734",0.960272151413271,0.89425505897033,0.827754749121498,0.725024937705216,0.760842831657416
"2735",0.847075073919762,0.8952781059282,0.835659188810948,1.00916116503068,0.889185365673563
"2736",0.974935699506123,0.934068475410705,0.804716137836659,0.740649530338446,0.972263510961138
"2737",0.931262355600474,0.899220450069563,0.86949819341542,0.815829843785141,1.05558077089875
"2738",0.858986954397792,0.905706847264183,0.842811735202541,0.615100566572329,1.06130484239425
"2739",0.950797197155413,0.973916380912091,0.775757602249927,0.754551017145201,1.02357173725719
"2740",0.918623644524524,0.986436957832575,0.959589434433127,0.835762760910572,1.09275928890788
"2741",0.973486402417394,0.870468623943717,0.915204958663534,0.831465939221642,1.04771456840634
"2742",0.955169351965798,0.965917257508132,0.808695987277715,0.801442512525116,0.907344306097101
"2743",0.974335350649361,0.947078849638164,0.791169288040652,0.904518432242113,NA
"2744",0.983525281413976,0.894707785018324,0.866638670968899,0.888950952565673,1.14333229987045
"2745",0.975052861464978,0.882784225052733,0.743626470398553,0.844101014289148,0.847304159638373
"2746",0.923106021013426,0.824054735805398,0.668044341700457,0.703231374072252,1.02444455568021
"2747",0.977960037115603,0.930652989000058,0.872928869506389,0.760792350468977,NA
"2748",0.973908845017795,0.869867082848083,0.797428407202655,1.03970290721441,0.968756619153483
"2749",0.929529544450578,0.874817608154601,0.987893082157431,0.827523419172717,1.00548309953799
"2750",0.966690002485519,0.993446123531251,0.938317565341338,1.0955683074838,0.981122629533931
"2751",0.944281477512717,0.97007214387385,0.926149359142231,1.08129644050815,1.02775048945624
"2752",0.966131587754971,0.953639835030336,0.917300971871947,0.765658136602073,0.931103125936731
"2753",0.94111717427171,0.9772485632991,0.974565489318223,0.827835638195612,0.905145552507576
"2754",0.968371240039105,0.80657345881458,0.892802484490218,0.868516038113762,0.792919966105944
"2755",0.959104696436942,0.899316415832587,0.801407870022318,1.0820980880083,0.874206075745607
"2756",0.825027911024443,0.899599371600033,0.918440660707393,0.783774686180879,NA
"2757",0.985044515342519,0.961598456908582,0.954027046737064,0.760418805455577,1.13912624022935
"2758",0.947063500384945,0.839759409106861,1.03417474858801,0.994538598837573,0.882925835419317
"2759",0.956875062401185,0.903071514991096,0.752621210041806,0.924192262728505,NA
"2760",0.959699430176173,0.960091444969327,0.857628692450573,0.877287120639053,0.833313514992888
"2761",0.958853404804805,0.887229697997429,0.940876698274321,0.910755553521608,1.00060645497696
"2762",0.906326983896014,0.96804538833987,0.836884902738776,0.807714191078081,NA
"2763",0.873346125902048,0.884178147491334,0.695099507193369,0.961993017215022,0.856416150028624
"2764",0.775804823457864,0.990619285853115,0.904651729762317,0.804623604997225,0.955650952818683
"2765",0.680862672489205,0.990739410031932,1.04002580997068,0.872125758221787,0.922042504229267
"2766",0.904884353894686,0.978438434528804,0.879916453242511,0.834571551457363,NA
"2767",0.974023245906116,0.896933232235433,0.806263937454397,0.865198792280877,0.869131368020675
"2768",0.977493341140275,0.999976223649297,0.836220325824268,0.753923368631884,NA
"2769",0.957674946899732,0.882836077339512,0.692221120545924,0.908428649820624,1.0197755726745
"2770",0.831496092294595,0.925728605109125,0.792827581448037,0.747632112536889,0.996020624990257
"2771",0.89753834306995,0.971052962124095,0.811162112497908,0.889907640912942,1.16751929151816
"2772",0.919389602784755,0.976183227890729,0.810662941133794,0.887532947915863,0.960904319961415
"2773",0.948293981709954,0.867992289384585,0.915993364492335,0.818572094526182,0.854569804164641
"2774",0.96745753158721,0.988696039229858,0.811180779847458,0.880988903805149,0.811131841530103
"2775",0.986799849987274,0.996974890960316,0.677022493560017,0.806251141081677,0.961045483666647
"2776",0.849118643221645,0.978266933232594,0.9519308110321,0.878511565040039,0.836252361328638
"2777",0.956263279667211,0.635939285903532,0.957911848852786,0.923336361768878,0.982402071606441
"2778",0.94429767476784,0.82483612353004,0.77496096344184,0.913431015354516,0.933910792363161
"2779",0.963788538624707,0.891703493161372,0.976343402386807,0.997469695696362,0.824778093824277
"2780",0.964768678763788,0.788473221742354,0.813588671139743,0.889465932244465,1.06998146526735
"2781",0.914440680330509,0.86475081016772,0.859266216777151,0.761958697952406,NA
"2782",0.977410700323751,0.896291641406761,0.954650447863385,0.924390241607041,1.00906702358763
"2783",0.874156293620181,0.937432284635064,0.904922234950675,0.800122420516171,0.839112803169733
"2784",0.953003376404367,0.910153753706745,0.817520319319777,0.781810878984602,NA
"2785",0.987189051867812,0.782507631700655,0.709779303264963,0.905693733356732,1.15698908126069
"2786",0.969143363377574,0.971006218996618,0.970605049769387,0.778307949768827,1.04556834582527
"2787",0.851280152753119,0.972037533209161,1.02667544488124,0.957825263035158,1.00991230775976
"2788",0.956447784898374,0.908537470883287,0.782028679525769,1.0846514946209,0.959524500729687
"2789",0.901370411722104,0.926188806023941,0.811168323593745,0.925941669734076,0.991255894493021
"2790",0.969734203646864,0.980921174715351,0.90888902988108,0.647162863529401,0.916932652320424
"2791",0.962549271536367,0.838402030373877,0.879623580768038,0.886271101183155,1.1469413389293
"2792",0.976355696527502,0.980232099947339,0.786544281114149,0.751358053789882,0.977061720271892
"2793",0.944498029654227,0.828528289161889,0.971237568780814,0.659309768262444,0.982073997752944
"2794",0.9601324450188,0.890606377495845,0.871651287539376,0.844534740517349,1.01109358046078
"2795",0.958466341463705,0.889600578242587,0.79027970171148,0.95867329007874,1.13996246239501
"2796",0.971577496410825,0.827786810616544,0.825977262953516,0.819052632736871,0.817994442395618
"2797",0.962003798196862,0.931072904162809,0.890867021861355,1.07708060548177,1.02023247356575
"2798",0.963838438737188,0.982285780392279,0.820034414920884,0.917770050559842,0.84395674041321
"2799",0.930739685040024,0.893172549928505,0.894151834147064,1.01566880216652,NA
"2800",0.939181766776619,0.870987383595341,0.854561660808582,0.923841505339503,1.08754161721001
"2801",0.975277348156908,0.968814815854224,0.946863071843021,0.635276149050088,0.854960898482046
"2802",0.912046362868226,0.91053521809656,0.910628401645415,0.880788440179312,0.921282632187015
"2803",0.942472744813998,0.974427140091128,0.892326554236713,0.760173292656106,0.91253651551288
"2804",0.936760698183066,0.889127440484721,0.895080819737231,0.820741909305458,0.908923691451833
"2805",0.95974881978142,0.990974306890735,0.830878028348156,0.748108452569194,1.07169583813402
"2806",0.850041299046936,0.746950324531475,0.889902339163022,0.801353441385137,1.02124063270701
"2807",0.867485291512095,0.949474470263079,0.909719442258757,0.874161910048442,1.02339535334596
"2808",0.961984974532443,0.915993999603595,0.924812281201087,0.812834387621598,0.923969852666574
"2809",0.832320783873616,0.928075261837454,1.01575709057078,0.950973185060699,0.975631352158593
"2810",0.970647173228247,0.954701588896514,0.89863935092238,0.963510274265809,0.997164982400861
"2811",0.960164234303715,0.96709770269767,0.898450231095366,0.862838933601698,0.959906746612876
"2812",0.930694374299179,0.9556906111192,0.987267925176249,0.785002533991142,1.08117821780636
"2813",0.948889781227825,0.824468413423711,0.900918792018155,0.909939055921253,1.04122251472363
"2814",0.965043379525935,0.963782072506617,0.722704810533391,0.835757116011224,0.944596656194249
"2815",0.944531664419122,0.898368659202134,0.873378043845323,0.69212035169425,0.832816241257438
"2816",0.767629015676142,0.986635298399585,0.761879526408532,0.831247697056781,NA
"2817",0.917999951949829,0.925017046135202,1.01428331768547,0.842839324201017,0.884221617036571
"2818",0.976538822650608,0.93937456288163,0.840199377937776,1.07143888777383,NA
"2819",0.890066548218437,0.984638975890321,1.00768418134497,0.811047184467429,0.993944161381278
"2820",0.97118628088338,0.99765132203353,1.00519920036889,0.614289227080077,0.943038661585017
"2821",0.863196465793153,0.964371606010752,0.919628073776062,0.609105300786985,1.01551162560413
"2822",0.875025620301114,0.914563397191134,0.847282311404725,0.749862629162803,NA
"2823",0.969594223581383,0.982121875763417,0.887029293382096,0.800812579962849,0.997834851211272
"2824",0.958146096856008,0.978390923842472,0.917178243588723,0.759789760848808,0.917437528044065
"2825",0.826639123541667,0.959372288067062,0.762618515514085,0.679736448010545,0.911410471693324
"2826",0.940709303268606,0.811073023559124,0.699477741817282,0.884236784324269,0.91624289272006
"2827",0.957098613831636,0.907648308589508,0.89535174763911,0.761743440070017,1.06683153108908
"2828",0.952677287457179,0.975828468437993,0.879869766933912,0.746760164190053,0.898117889624763
"2829",0.972727879526765,0.961083814205873,0.95068480469777,0.833511322556544,0.989665213580454
"2830",0.8755410871088,0.703523249752655,0.831355514775098,0.957105416818425,1.11750100031453
"2831",0.970779832859112,0.926048630769645,0.53387564358794,0.867315903010389,0.959055944307481
"2832",0.954199275003272,0.97142610183229,0.873915109318326,0.859885954723117,0.894117542614379
"2833",0.859109121443537,0.899861890121081,0.970231328450386,0.633042189952154,0.857198653243864
"2834",0.953038462248153,0.971546240376571,0.609625682139063,0.949871147755447,1.03002540824293
"2835",0.960945246865872,0.963850896654737,1.01516774133611,0.700908496707485,0.776486142120433
"2836",0.949862016638111,0.971829712672828,0.910279460632673,0.791611639762961,0.978366923130281
"2837",0.970935149164062,0.736571084482093,0.649754885966511,0.937965773140056,0.997443833462543
"2838",0.891141610050034,0.790432356012384,0.84597435882961,0.846057949232344,1.01898797038849
"2839",0.938755646888094,0.995650310705368,1.0146976170404,0.846463428340519,1.11856030607443
"2840",0.965958661438031,0.866774589031013,1.03642477098173,1.03675753793727,0.88978342502967
"2841",0.850004606888024,0.970939657394679,0.959061456443947,0.629893463153679,0.946929994041485
"2842",0.967653155042951,0.969106866049131,0.717870122025171,1.06119413482797,0.912215012771117
"2843",0.968539371538539,0.93473175873701,1.00726800242858,0.87686594322267,0.829073694108873
"2844",0.898475831819496,0.992254142608966,0.935771783216434,0.877817289127747,0.990338191454993
"2845",0.970700976287555,0.795706811784281,0.917035285437518,0.713462396467674,0.902240686461868
"2846",0.983829579979403,0.91046083589686,0.860772962936935,0.930984344299359,NA
"2847",0.919079307254518,0.991057055043852,0.832303244714324,0.901712594230224,NA
"2848",0.949780575362821,0.997373915572043,0.948660250410263,0.903586470804695,0.891192147426276
"2849",0.96660301675022,0.96536846806693,0.969374803611994,0.819317462318134,0.851158516352922
"2850",0.985219400143849,0.984917449309955,0.894314403754113,0.785989461659126,0.970147016223215
"2851",0.968426305196948,0.826668777961622,0.708292447789948,0.910665916612615,0.934528237551082
"2852",0.891969617079621,0.986309495777395,0.862615386739102,0.827122921420887,0.88588908888148
"2853",0.85951302518877,0.9888821106926,0.749516487203343,0.857428845528258,NA
"2854",0.958228542687115,0.922646612406238,0.714210105554072,0.773608428251208,0.897714650352443
"2855",0.953219490744887,0.982644005854592,0.909567735679748,0.669936775257382,0.982424493134355
"2856",0.976464932659719,0.917301160252237,0.828235625480491,0.874021723978446,1.01490993010173
"2857",0.864067627427658,0.883329495627837,0.751866851204412,0.982855974330735,0.961323547466143
"2858",0.776409995819458,0.978568547130202,0.841104344162274,0.835265487206685,0.958201058312858
"2859",0.973746985656091,0.881132513438549,0.994102968940686,0.863377983063682,0.98483469264503
"2860",0.955681572883125,0.863004991012395,0.789603256287173,0.764562915174284,0.890756915447641
"2861",0.974362486536431,0.959790770387009,0.953458184616591,0.76591841335726,1.00041081948545
"2862",0.807752734816846,0.980320777938724,1.04192062286374,0.801444672220053,0.810921614971254
"2863",0.792960078548623,0.986020296331476,0.823139740295812,0.846413354457475,0.897393845023002
"2864",0.974983811699427,0.966990529234045,0.838963954054713,0.737788822296233,1.05606798429689
"2865",0.974199718213561,0.920346048665965,0.901690841318776,0.898485668100323,1.0039205926823
"2866",0.964389810508634,0.997346660512666,0.711254551127193,0.971585826837405,NA
"2867",0.946524163311368,0.963461316286984,0.783522443999611,0.794912948982841,1.02495495450325
"2868",0.944730886309094,0.908963149016909,0.866564216709678,0.678740370622989,NA
"2869",0.975845485460491,0.995990300880954,0.91959454623864,0.774149792241835,0.980039197643398
"2870",0.815064277739074,0.988860194986028,0.979040599871283,0.872138361209351,NA
"2871",0.901034571299024,0.978037293668727,0.736602663584021,0.792441264481055,0.838830417639249
"2872",0.923907826999219,0.923775279862262,0.708741372185096,0.841102316625243,0.86139880911016
"2873",0.981144268307001,0.990739102312423,0.897343165761729,0.845178620523846,1.01563908784532
"2874",0.807342310169907,0.957029571333532,0.822342784626192,0.798138785870696,1.0398550904646
"2875",0.920363573066066,0.988192457716444,0.939763002952785,0.907025049786034,0.95804679273697
"2876",0.955621356144706,0.978530030061085,1.01910128067523,0.706919551421499,0.923147923051384
"2877",0.960774488981074,0.833741556770868,1.03362957607119,0.780822558846011,0.894585115744904
"2878",0.929497869679449,0.949720544340605,0.642800995109561,0.848464131980661,0.946809727908509
"2879",0.955829513594351,0.805559199467639,0.882689894179881,0.793569800439074,0.950109715737179
"2880",0.961843015258762,0.970574630345962,1.03164279637125,1.00831245140956,0.890077968039635
"2881",0.908870133192904,0.840342792260743,0.963304793860316,0.745054478587364,0.933195454973099
"2882",0.961173942535128,0.888299482549557,0.865380005422276,0.818891839924375,0.83141571377453
"2883",0.949607738987528,0.994618831600401,NA,NA,NA
"2884",0.914295403111382,0.789154280286634,0.78550756394606,0.677695338675115,0.870428263906998
"2885",0.979539078243569,0.985596627663634,0.839825961113768,0.829688383775684,NA
"2886",0.934527735700474,0.768131292744826,0.713978588536192,0.690072715171053,0.849620624105232
"2887",0.888135897826481,0.945125826665181,0.863597188543319,0.912716884197295,0.983517497034324
"2888",0.980697297309301,0.856300068786153,0.820065035120898,0.731696563059056,NA
"2889",0.901308111500132,0.956326461834321,0.598953158919364,0.799117086653035,0.860162141991333
"2890",0.899754843474271,0.959888742393586,0.794456259793516,1.00462274015949,1.119869186007
"2891",0.939157272146261,0.980095582070793,0.858847696160865,0.860516342078347,0.945803246953043
"2892",0.971886360454228,0.986340575814865,0.815640864696727,0.86186943726086,0.947505530605838
"2893",0.962215760503199,0.931032502528357,0.865176502428703,0.592443330953771,NA
"2894",0.969262076524539,0.989917754768783,1.04100839989191,0.88536916349294,0.968853788171798
"2895",0.962666182884942,0.95995090359595,0.844313892730344,0.831509643641829,NA
"2896",0.967027674778807,0.893030348492226,1.03152858224437,0.825879453940822,NA
"2897",0.904164214964371,0.953279101122857,0.811921335173677,0.861713218690279,1.03021018807445
"2898",0.970176219013866,0.974009736912756,0.832419263254885,1.00448581206166,0.960027617916668
"2899",0.971846126750199,0.896192875865396,0.852223497375978,0.787212772375435,1.02913384574304
"2900",0.946766140912081,0.984656449090953,0.960675147742523,1.07437688075314,0.914022456142761
"2901",0.909816038845505,0.93173951535693,0.925685801930994,NA,NA
"2902",0.965236374146885,0.968603605004756,0.871415792623207,0.845196308158484,1.04600141166677
"2903",0.967639846611085,0.912058079281215,0.954646874955081,0.819337590334782,NA
"2904",0.973679326320493,0.983793228593587,0.76845177379587,0.936790740219617,0.92997208795251
"2905",0.961370405366536,0.980072462422972,0.770357422315139,0.760449260717922,0.959047318393281
"2906",0.967522684981942,0.941450333572611,0.833872319651529,0.828146540847737,0.867106120203816
"2907",0.966599755909185,0.929380341103796,0.950935860473773,0.850099877166818,0.96641760893419
"2908",0.772221880825502,0.95725888238025,0.959274477964114,0.883811334855867,1.0099551484897
"2909",0.909547525028625,0.987277534557094,0.937566670926309,0.885876722690331,NA
"2910",0.944384339832376,0.91815063921753,0.735851178295265,0.826497306508566,0.936522739121377
"2911",0.890908400023655,0.975336625140334,0.944222898900295,1.01501733397497,1.05171824868837
"2912",0.9850828712659,0.919779033117177,1.03238862190422,0.801628626113279,0.880688214195193
"2913",0.807307267822457,0.953541722739578,0.907817653671153,0.936895177965968,0.97880023452489
"2914",0.967003357707159,0.838358432186891,0.916443990370088,0.922945789204866,0.940730640296124
"2915",0.980891152630383,0.91173696199917,0.768597202474195,0.734020861842515,NA
"2916",0.947695378628991,0.883140755965824,0.880644067593838,0.799280174587955,0.836248158210428
"2917",0.946019564077083,0.815836942405608,0.853376955338227,0.904699941449639,0.950098370543975
"2918",0.851812136644449,0.88446591327535,1.02202839474373,0.980934149963891,1.07953338087293
"2919",0.833632539297242,0.944502836893783,0.7389343722026,0.740826374806438,1.0404078267779
"2920",0.983501292715545,0.983321440027923,0.809745472585738,NA,NA
"2921",0.97535561105537,0.977978872343668,0.72112031704286,0.841460134258115,0.813335197465544
"2922",0.978408002260719,0.970062554110193,0.864495086363771,0.797375202610145,NA
"2923",0.980474805820814,0.792276058380633,0.82473413578809,0.960271475806804,0.946090746891958
"2924",0.970348535328451,0.932637174870871,0.722903202144243,0.95075273838252,0.910949644053342
"2925",0.850740462515948,0.983450129456283,0.711639021844759,0.806938660023221,1.00343523677119
"2926",0.973920951650692,0.990959233571383,0.89327113952504,0.876302835061787,NA
"2927",0.956314188774597,0.958244299543692,0.856666386792272,0.791519528715425,0.924100930709464
"2928",0.979885532394294,0.965737762728471,0.642083534132692,0.993426185323006,0.98347880041698
"2929",0.885260956717371,0.901007996077926,0.670481747750692,0.831352350471218,0.880137479502054
"2930",0.974597648304581,0.996303582394847,0.59254891572148,0.872096967753658,0.879547289164827
"2931",0.974122599763558,0.979950823487085,0.822110569583069,0.637688002375708,0.951618992671929
"2932",0.830960858180648,0.969320539876244,0.894140869124502,0.827997459061312,0.822387251114194
"2933",0.76922295654935,0.844283557841927,0.981054798407573,0.80267565923631,0.906021812256641
"2934",0.958611580555516,0.947460943492949,0.769689680949452,0.73621707584752,0.974897786267519
"2935",0.944052955409764,0.984348190742862,0.819527043284652,0.781897461342092,1.03982810021012
"2936",0.966001544647431,0.935623396678616,1.02448462347226,1.06812667585405,0.977032612525594
"2937",0.971596478882743,0.846171939183973,0.667885315693661,0.88668474122456,1.02379680707797
"2938",0.980934924741145,0.92812058729089,0.947766585209405,0.902051775247338,NA
"2939",0.905662451921643,0.740320869205953,0.921013205901743,0.675341452964611,0.909993029810605
"2940",0.977101611018947,0.946318861404238,0.902849476411507,0.753046919427132,0.940734771167846
"2941",0.98026498726753,0.97441806869429,0.74112656376957,0.913261162787002,0.888168270638755
"2942",0.958733501120162,0.893170953464304,0.860822209307299,0.857267173316783,0.996218387917265
"2943",0.9509320098558,0.804388958430665,0.886294773514917,0.832685304356616,0.870099596539845
"2944",0.967592713782877,0.904324751335019,1.04666282342723,0.671328904255979,0.790020469779882
"2945",0.845811718438486,0.972842961920631,0.857135830985812,0.75455293074039,0.816349298883921
"2946",0.797890839365528,0.779543950491669,0.901210620615689,0.883691663938445,0.767035396941336
"2947",0.901338386887602,0.910995105380906,0.916993693017578,0.735315316224256,0.962542904361047
"2948",0.964035898240365,0.924724083669612,0.95544005693924,0.764049213774201,0.95205623670473
"2949",0.833154929768157,0.873465359830951,0.951539461133358,0.772775786661944,1.00819141565644
"2950",0.964731962205406,0.984394544645688,0.707749004898188,0.734229820383203,0.968318950180062
"2951",0.94932872299741,0.971854571320657,0.849507954874898,0.789083123335941,1.00921514354956
"2952",0.940424177117614,0.974552379389733,0.960450195537663,0.903312787542231,0.901966952498065
"2953",0.940174671117696,0.989153803562536,0.792601280749389,0.992952499348236,0.942065145770474
"2954",0.963962886478101,0.907863774584106,0.867233193588276,0.704554945657624,0.85869469229588
"2955",0.880655578941601,0.978621004071536,0.732646247118696,0.841559873223839,0.845399599618865
"2956",0.971885920022213,0.755881170822747,0.975085282339494,0.910106752173564,0.894596185910579
"2957",0.944830273727248,0.924931161058579,0.861534340888803,0.765356088003574,0.904693993921962
"2958",0.969910302765928,0.903118742504115,0.965413038304292,0.988139376889569,0.986120526572736
"2959",0.922646280368583,0.988924649455024,0.886736335392617,0.783032770296731,1.07170027719617
"2960",0.952168000064971,0.786159429737623,0.658958022808196,0.68088057843398,1.00504471379195
"2961",0.977539694512171,0.962248275047363,0.805362813265237,0.865912434990203,0.985938962439262
"2962",0.971965223196462,0.973369695358807,0.96278461913111,0.741382658579214,0.900772530215755
"2963",0.946383412399556,0.989387775017635,0.851541104327979,0.882754009351897,0.955270766192438
"2964",0.949813112771021,0.932348330794714,0.754372153798679,0.845423201496384,0.951722079434249
"2965",0.977813052604553,0.756251372724903,0.869481535267989,0.697792274349817,NA
"2966",0.93154161438765,0.933945489128702,0.717487271124232,0.805151840402782,0.872461994164065
"2967",0.975500242624172,0.975947319238207,0.858070280759341,0.684465338252669,0.919445048848801
"2968",0.956758651178044,0.883555792977309,0.798568885095129,0.759215560114954,0.871022359752588
"2969",0.875637755810261,0.881413359657845,0.812898168371111,0.754635264249572,1.00960288884343
"2970",0.976276689497206,0.97665098212998,0.937218662964644,1.09202562393362,0.815581183579827
"2971",0.946615482343891,0.997552651877729,1.0191833998986,0.865500491185089,0.954867392870722
"2972",0.926355661914252,0.990197058254694,0.910967038528829,0.872082522024002,1.05636750588943
"2973",0.983304584807987,0.967390920655456,0.96227236545049,0.861997034465108,0.891882288833871
"2974",0.983730324699553,0.981401298428521,0.918366086428292,NA,NA
"2975",0.972159472086046,0.929146184002252,1.03895003961181,0.78585342323062,NA
"2976",0.977482314019653,0.965579479219122,0.94547886005851,0.754205630366966,1.0208697573495
"2977",0.976257211505668,0.998391153081646,0.795802646307486,1.06549194216577,0.832574746217054
"2978",0.958768292549257,0.976907476729952,0.907610772976634,0.786837396756811,0.908369903352905
"2979",0.961885719060644,0.933676906645918,0.93217710399502,0.839670376081978,NA
"2980",0.865280042454866,0.863840768096277,1.02394190944276,0.845728947895039,0.944854359691464
"2981",0.983788188295751,0.949115342141167,0.865236156618207,0.827395238860212,0.961213171211191
"2982",0.980429133008265,0.801906646453688,0.920662385246118,1.02520067440127,0.856804258412019
"2983",0.966320308926005,0.967014813689607,1.01691868946181,0.831374949514483,0.98589862657691
"2984",0.942268190095706,0.974121727618488,0.553846473177389,1.05248752032324,0.904174128226218
"2985",0.969644280231364,0.90912784848598,0.959869285932908,0.796643676777984,1.06294947512209
"2986",0.879509590739042,0.983321408614109,0.914973324251488,0.996826057580325,0.918332625370152
"2987",0.982436319849896,0.692277978317765,0.96013901805717,0.805755435588721,0.92474058797748
"2988",0.97234200857443,0.923511876108392,1.01099268801805,0.8377657913383,1.01324366547345
"2989",0.942765709393397,0.929553528588082,1.01572309660392,0.74631057262055,1.03393727797268
"2990",0.970218517002531,0.981664747471879,0.718891288625918,0.809333067888189,0.955280115473364
"2991",0.968785309932686,0.998425891280378,0.766032809602313,0.748037327983565,0.955431654704469
"2992",0.895636927603108,0.986981535878104,0.781787076462442,0.843841927567625,1.13946141398335
"2993",0.976759498186945,0.976777762108545,1.03751301786825,0.78853205326038,NA
"2994",0.909950426324394,0.924749068937578,1.03459986298422,1.07183932596647,0.904659065882895
"2995",0.959043598436129,0.987030195420935,0.83506846545136,0.769215388278242,1.03872849727038
"2996",0.892188747010221,0.956805076244907,0.839705582415653,0.863753878153259,0.839541594386239
"2997",0.891329326456693,0.99349778674895,0.887447950030178,1.06324626558292,1.00512712021537
"2998",0.906153247950977,0.888710018137636,0.876413323090915,0.784834405703524,0.997093586624923
"2999",0.895796711859232,0.990731655495804,0.841405077791862,0.87724381577131,1.00210428213264
"3000",0.867997223556769,0.976071329719338,0.915888215345995,0.885104841127777,1.02980756290489
"3001",0.977763439063031,0.881678278982038,0.779484657472017,0.769954068762044,0.969702714452275
"3002",0.885144103879622,0.967947547652946,1.01961118399254,0.922871584349704,1.10522642143865
"3003",0.845300447498288,0.921825826183529,0.973653045981712,0.796146468339846,NA
"3004",0.925417640074897,0.950732165979551,1.02532337009515,0.839605510388463,1.00044933195268
"3005",0.890733454553598,0.975291350533988,0.891744919696969,0.81792601526331,0.927832640842726
"3006",0.86987117955529,0.979203652683276,0.81391613066008,0.94638058992763,0.931479616527455
"3007",0.900440440326466,0.829301338291999,0.818758717227445,0.776964822785311,0.909816502807576
"3008",0.960210158969402,0.978509248486911,0.814362828026773,0.776139351789015,1.15457452055013
"3009",0.985043506371879,0.997910275441047,0.992518717564624,0.685320979927896,1.03614561387206
"3010",0.947625520626544,0.87570942685113,0.569097319061517,0.868419385494398,0.958330260304148
"3011",0.947592119865999,0.984438263062669,0.845168137914739,0.808860081368919,0.937279999754892
"3012",0.966758832279986,0.939513835335635,1.02099276671846,0.698600653667288,1.15432122141858
"3013",0.925356171379492,0.963604306831883,0.845828382744381,0.859825984458917,0.954009347891376
"3014",0.964528716702994,0.984161033782818,0.938752412134458,0.738015982980307,0.844796599617488
"3015",0.92019463640939,0.992211394316292,0.849041371506874,0.765781953721486,0.927192344916787
"3016",0.973987467963966,0.989073701701817,0.885373368072805,0.739858795314496,NA
"3017",0.95075765346095,0.904712433903143,0.771227612863732,0.742217786131397,0.813658469136317
"3018",0.926034309967155,0.992629721150673,1.01456209274705,0.817878679340626,0.759731995267652
"3019",0.907467278410647,0.897421353781207,1.02691771445054,0.794449362710272,1.00728760650823
"3020",0.974468987106606,0.988912597581869,0.992541465376205,0.617500503391182,0.996499628920605
"3021",0.936427408544312,0.851378237423461,0.880557059549132,0.779255092606613,0.873703971462239
"3022",0.946604865916864,0.972485890307232,0.985848555187328,0.702260606271216,1.05066386914303
"3023",0.952217450607406,0.952477865986183,0.893235690395407,0.82696582750451,0.909763805427181
"3024",0.87932082761935,0.932760712896917,0.622772595740563,0.856630635424111,1.06438073670934
"3025",0.965920237195447,0.99929894910558,0.812355652634618,0.937711436795231,0.938976724409506
"3026",0.767927475565652,0.868590542703365,0.895694679603205,1.0186687688423,0.868018025024165
"3027",0.875994804554116,0.906466468194488,0.858084345836439,0.681995319215226,0.848712796104713
"3028",0.961071702137087,0.973971848458523,0.828149969106494,0.744686126544326,0.987306173162425
"3029",0.976417879683168,0.779040014727236,0.885711053706492,0.828248431297289,0.804422273200905
"3030",0.980479112702937,0.995105624433712,0.923393577406748,0.876730136280197,0.860045584278894
"3031",0.977232323199933,0.93095739182401,0.866376580800833,0.982343667072027,1.10685916507967
"3032",0.980626871079933,0.890453469375323,0.921952078463232,0.800939489441412,0.868876097314347
"3033",0.961723776157583,0.997527947751753,0.864868717794536,0.744560823756901,0.879544434204443
"3034",0.962731392004814,0.789597717284458,0.949801110793893,0.874579791648601,0.991678338363869
"3035",0.965163977413722,0.99041827811765,0.854878662071877,0.859040930270153,1.03075588881448
"3036",0.962752130966209,0.965694537527066,0.835692795679877,0.700516161063364,1.01165138660302
"3037",0.933026810155401,0.86671043199198,0.880115644726944,1.02743742884936,0.870216059871969
"3038",0.882940822437091,0.964658405548141,0.968267892785933,0.649208859599564,0.960362663304136
"3039",0.847135668415925,0.791860219522171,0.724656835888996,1.08594401778392,1.01494788680402
"3040",NA,NA,NA,NA,NA
"3041",0.968292557500017,0.719975899082625,0.727179498624796,0.996302723815989,0.768268243740272
"3042",0.956999653429454,0.796325017293082,0.682699661716948,0.676803523421774,1.01951571391295
"3043",0.959428657586944,0.98676907091334,1.02268702743494,0.730694165012907,1.04414628436818
"3044",0.890467637106695,0.95341950137027,0.760513596671047,0.694789816111916,NA
"3045",0.968671803497475,0.84385952894962,0.865382599253752,0.991854258425256,1.09885715350198
"3046",0.914165277510397,0.805060914568289,0.953682611971252,0.750001361808417,0.871640393489987
"3047",0.987223888693807,0.926383277368151,1.03126817565174,0.8385039705819,0.912828354157087
"3048",0.964493745239774,0.841454273981095,0.692403479173162,0.911172012459271,0.811762463606474
"3049",0.96279430166112,0.914793305935002,0.908308631250925,0.706901692579675,0.834258318332471
"3050",0.869234631410508,0.991639805690501,0.874378182885333,0.589739576954896,1.11188314708751
"3051",0.962785376063385,0.988988103033406,1.03381352260903,0.834543684386445,NA
"3052",0.978364711852882,0.998945493639826,0.97124922904545,1.0299868893709,1.06534707194239
"3053",0.887535125291931,0.960326815870406,0.870821418231484,0.85039922766059,NA
"3054",0.905081943129831,0.762430040716089,0.84492074299996,0.912808322051333,0.977910265465398
"3055",0.957567042329103,0.84922664373214,0.841936881500865,0.739171226685521,0.926313570567485
"3056",0.976090390994003,0.984582591342633,0.938269105993328,0.962096159860655,0.986589674015143
"3057",0.95731780891235,0.982243137760865,0.83863963049251,0.908072535883244,0.916916095184809
"3058",0.9672372244927,0.971160611511828,1.01438763605692,0.759660523696695,0.867317952336021
"3059",0.877492763052361,0.985260434976999,0.987706222016173,0.805140801248131,0.956342547401242
"3060",0.928776891627819,0.968087227144797,0.840525169747684,0.716852027314709,0.952049577305026
"3061",0.965805544537634,0.859043141249036,0.866398257616913,0.922447558432748,0.966882829622666
"3062",0.942407582449077,0.87774964140979,0.841577653439968,0.843649073296869,0.952565191420687
"3063",0.991475442022176,0.967083911937967,0.998898321494514,0.913093808496351,0.821179400195601
"3064",0.969665667066609,0.973165695690583,0.924798179746213,0.895929332017661,0.826051044393978
"3065",0.947615071668003,0.9782229931805,0.978545392134874,0.84843711373804,0.753389919520563
"3066",0.902701049594445,0.97341964583875,0.849974923152592,0.835930769100212,0.804197230091403
"3067",0.925815197956476,0.929792183617007,0.949396395503461,0.909310816971082,NA
"3068",0.971224757071442,0.991825476861368,1.04168115343485,0.716814701960788,1.16300828637185
"3069",0.877535892922101,0.993533825523196,0.891824914679654,0.72866946640037,1.15640903558082
"3070",0.976030035064794,0.808263714752276,0.657746175040281,1.08098045325556,0.950464686348293
"3071",0.97500090751698,0.916180153125874,0.868281966037693,0.78975747998673,1.04914734693015
"3072",0.966555207319763,0.921618331421914,0.968574252986872,0.748278601058139,NA
"3073",0.968687914374551,0.961652075651082,0.869646830325001,0.966905459144891,1.16212474225733
"3074",0.92003089905132,0.996887807724079,1.00070380947157,0.644039247690928,1.01294860033214
"3075",0.962985058018839,0.878274929566215,0.919928131668267,1.02242057326893,0.984558970961218
"3076",0.955341878691118,0.994469076864501,0.913094287092028,0.751414191990094,1.05085184577024
"3077",0.898482554822,0.907812981505057,1.02122202760472,0.869301731704981,1.1449407019675
"3078",0.957873396928815,0.878714500054976,0.876004411086513,0.691639426678236,0.891614575940078
"3079",0.970487871016258,0.965751181083867,0.939383103349664,0.846484259517911,1.04917927858593
"3080",0.962577822039777,0.968055962533375,0.890707627268776,0.783789436054154,1.00465907410954
"3081",0.907269944377546,0.91366953722625,0.680943525282627,0.824469907621501,0.848655581409357
"3082",0.763070135818099,0.965912818448952,0.923862029249104,0.668707205346933,0.876253960820362
"3083",0.964041717884607,0.983162082284239,0.913213696137921,0.808918501980667,0.905999403895414
"3084",0.967065867663888,0.758960897039976,0.956088018646428,0.783455837965344,1.09471275343051
"3085",0.864574313225672,0.961643567652306,1.03400238224892,0.615183515160424,1.01775239883585
"3086",0.90981580745558,0.973847146917132,0.93672818171005,0.614240439065929,0.826169581365817
"3087",0.972981541916594,0.980211853816067,0.940478502437445,0.8288235836167,0.942666145756159
"3088",0.972252841640554,0.856479835149058,1.00824777751769,0.897094774022244,1.02960176523991
"3089",0.956796775161484,0.974615535754792,0.844760522629076,0.961281227596242,0.893951592239929
"3090",0.962362828173643,0.919847049729588,0.906228344091651,0.722359565477569,0.969335416766785
"3091",0.971933264917531,0.984816726171033,0.94959154358375,0.865860745854484,1.04136013251612
"3092",0.96215886075146,0.970550913569405,0.789034384828628,0.804730740718465,0.952942526179213
"3093",0.920209951743516,0.986269371087641,0.939801987177789,0.809160744325231,0.855389026498511
"3094",0.971252925042082,0.904108994768651,0.865505304918333,0.766704277317805,0.965136848842801
"3095",0.961013901866608,0.984449978560568,0.825749356456273,0.85200872047106,1.05738630202078
"3096",0.97584307919319,0.956973235371799,1.02327717207093,0.739838921298897,0.981044189366133
"3097",0.953460534751781,0.972315788567939,0.864170665145762,0.807555409021188,1.106653170918
"3098",0.964368166612158,0.930715365985339,0.796689036439228,1.08759344162099,0.917904498297837
"3099",0.964972814588021,0.983448163402896,0.824684636812577,0.851892468554285,1.09742953204422
"3100",0.957759250103254,0.85297460662168,0.883212352843719,0.778403936812199,0.85048141085047
"3101",0.842557199784133,0.980526909330288,0.761455665923985,0.806889368940808,NA
"3102",0.949594471733166,0.964234101289909,0.842645995956679,0.870610332820493,0.948953009364523
"3103",0.872976906800181,0.917332036130501,0.838285302798319,0.921941668516667,1.0884934089846
"3104",0.947569979702483,0.85409583996372,0.92598935898918,0.894157982517663,NA
"3105",0.972645383043279,0.894151053854243,1.0136014003292,0.903450324857106,1.00798436664724
"3106",0.958330535842311,0.988249135273758,0.798883416410919,0.755386742586333,1.05725893606076
"3107",0.901369309497347,0.990833793235527,0.73994300063683,0.606401774937435,NA
"3108",0.961846633628478,0.86358430555416,0.84265035382623,0.742930380461976,1.00600867495429
"3109",0.980238957951798,0.863745421192906,0.954509483359778,0.950144674076231,0.898695876956066
"3110",0.946187022630883,0.964586473831252,0.948802764253371,0.941253279460565,0.892156809647153
"3111",0.955478445967871,0.889563221005297,0.669616187717813,0.767838435413459,1.06143390770209
"3112",0.972382551725654,0.978984624514032,0.931629206156925,0.919174001406629,0.948556203884075
"3113",0.829813099080234,0.941879951757612,1.01878687308572,0.794735228952454,0.959365973518951
"3114",0.852968482462875,0.869092036319527,0.937365938233936,0.806956218822973,0.981747288363664
"3115",0.89200642129192,1.00319776643878,0.90224194167124,0.627962407798996,1.05863401861364
"3116",0.858899755581821,0.955153938292466,0.932226519181707,0.829326289404204,1.0705528446738
"3117",0.941468786064666,0.822375329626398,0.782195518707968,0.984613653764357,0.980503574530378
"3118",0.858485031360422,0.867058891698767,0.858318218271624,0.909362229971096,0.91992341103519
"3119",0.975940850013245,0.97836261697579,1.00789971144289,0.867252691977199,1.04090419617884
"3120",0.965387065912418,0.754502339608229,0.917671884935211,0.943726635063508,0.946652629671984
"3121",0.938540737564183,0.974612456527676,0.882960460585349,0.941560923068236,0.84808160551155
"3122",0.95019934620195,0.99419960940886,0.795557466435295,0.778159496915215,1.07498318555815
"3123",0.960520922965446,0.965887626575091,0.770381676772748,0.83597443058925,0.844323910667338
"3124",0.937283214141738,0.898130222235852,0.741829620010266,1.06413606950204,NA
"3125",0.968488166491742,0.990533278963306,0.819326792998829,0.953190745976401,1.0442862759682
"3126",0.885665573440043,0.931348937686105,0.867592360512091,1.00513778065564,1.17016409700933
"3127",0.886286362434601,0.964235655624078,0.917630539356986,0.75969594884367,0.944160791624084
"3128",0.972027677795557,0.983772479902623,0.81390076724571,0.733765517453331,1.06749655955971
"3129",0.97077418891194,0.985756042019472,0.91797831694737,0.839654587914026,0.954876192203823
"3130",0.906130709045177,0.866451906040346,0.886652466419938,0.8289333549208,0.929853135460139
"3131",0.945095736475387,0.914292607953355,0.740039845058058,0.877416945204318,NA
"3132",0.941077238174063,0.884578705165842,0.879980801129288,0.675872740390374,0.949484717178318
"3133",0.939172995475908,0.98847172427891,0.805714874548844,0.879207240267745,0.929017190086504
"3134",0.855785589623984,0.98522764330806,0.799643629784281,0.881330521890178,1.00624653223741
"3135",0.978111592633074,0.872226301291771,0.71465904912795,0.805750227848408,0.92709442305044
"3136",0.841162712011653,0.906061560600454,0.806452647109118,0.663812761975058,0.917702585451966
"3137",0.981663934905974,0.96998132628963,0.925040119079401,1.00836410774902,0.967538029970723
"3138",0.954209187024289,0.711896632765384,0.975294944718716,0.78411561317708,1.09449144086384
"3139",0.967782342654185,0.995239524529715,1.00332782277693,0.736148208671584,0.960500029900586
"3140",0.976030003556961,0.94755323329162,0.915883727206713,1.01413022406323,0.947688941521066
"3141",0.964458816435136,0.986571850901402,0.833616012134781,0.985592346025892,1.00995727457516
"3142",0.926102369455234,0.926437870255513,0.838741442649823,0.896410430819493,0.966784043148119
"3143",0.97242063614573,0.989631357090004,1.03123805306624,0.800648066827454,1.0436102305928
"3144",0.967782237263589,0.699436419466738,0.877970790393715,0.799646430913165,0.904296049353743
"3145",0.954766274921199,0.970701604397068,0.886376605924169,0.694315106427819,1.02819716638398
"3146",0.957022933134599,0.975939971778405,0.702912147529186,0.807765235907579,0.947956128083959
"3147",0.787786654443306,0.964971053954375,0.826325386233186,0.823520472428409,0.979899064304927
"3148",0.916280118020956,0.977316763024194,0.812537849241608,0.905613557702401,0.993342730873159
"3149",0.965430456743645,0.994157922921592,0.797310236523883,0.727945131487639,0.860479806764531
"3150",0.831479957065967,0.887848983601428,1.01792412698196,0.841345620559891,0.932184043130419
"3151",0.92944304877313,0.966853259848254,1.01047877355038,0.844888428533808,1.00922307681247
"3152",0.969224326130253,0.802787814566158,0.929063341456713,1.08681856784681,0.994875496066352
"3153",0.885951523492132,0.926496028548537,1.02813879779303,0.802968140259446,1.09084656378251
"3154",0.874304920669003,0.668280341368422,0.808172135840148,0.782128751503836,0.940390924709285
"3155",0.882676693598579,0.978868290330273,1.02813825334902,0.716826182238276,1.13026550286126
"3156",0.965522565381555,0.96332544555318,0.874226194137724,0.57887715379998,0.909972147796497
"3157",0.957253756221247,0.932699300508406,0.795275982890115,1.01803225516287,0.808106646264122
"3158",0.864314084669615,0.890583315714801,0.751018490459025,0.921439876114824,1.0044919444159
"3159",0.896108740918648,0.964500264324027,0.767517107617523,0.871577387884728,1.1182004438435
"3160",0.971700548921661,0.993631883076574,0.929961823398941,0.944579195216729,0.98259099402619
"3161",0.913814554724258,0.726306611975775,0.799468696903941,0.672687187043531,0.94519865523832
"3162",0.974715214267811,0.864027462699659,0.776357818854897,0.829552184209169,NA
"3163",0.90986437104647,0.967758791164636,0.984931857135068,0.813704680147123,1.16517768564269
"3164",0.879561418567611,0.942791129321245,0.904769169920975,1.02317912696819,0.79915615605284
"3165",0.94501869830439,0.982160007560967,0.869130319959844,0.877832379897503,1.04897996528531
"3166",0.956598231386228,0.995781690667372,0.77759650788065,0.608253881998705,0.887822667025732
"3167",0.95966940342877,0.972095047823848,0.799920502709741,0.850585132497688,NA
"3168",0.8815501739395,0.978960682623322,1.01201546335423,0.715159491706962,0.968037956448859
"3169",0.769361506682842,0.614003925281306,0.738107183512546,0.788374011345616,1.02149910435675
"3170",0.940197365196225,0.978978062090644,0.767553305044568,0.982700848076349,0.863093615479511
"3171",0.976266668103947,0.88013966252309,0.884608991951005,0.738895649483176,1.06125407173905
"3172",0.905526612961888,0.941557315807413,0.970856650035207,0.660890769666572,0.809967400017595
"3173",0.87949963069656,0.976713017943526,0.970769526036113,0.92445063612903,0.882226698656816
"3174",0.950517299034589,0.972053385790687,1.03506160273202,0.788492668199447,0.917213311099479
"3175",0.965122068674014,0.90603646513056,0.722394784592768,0.811153632020679,0.954563080482969
"3176",0.977240224760784,0.94156746120012,0.688846102479287,0.988750051949225,0.948438623170723
"3177",0.971851036805952,0.97211404751146,0.833651253038493,0.819091133652809,0.863222166574658
"3178",0.968535786987937,0.965749309052563,0.850183301515025,0.853605866206824,0.892228920645732
"3179",0.907712897059107,0.971220541891487,0.859215845090376,0.717438243910795,NA
"3180",0.98264376466222,0.981393683139431,0.988448908588101,1.07896807732249,0.85709313011241
"3181",0.867323696324585,0.930933947822823,1.03129532822953,0.805940452727932,0.813028768325836
"3182",0.942327067487968,0.877640846573138,0.72394863278774,0.696900935283912,0.934859079882737
"3183",0.883017266443429,0.958016961265656,0.737948761584233,0.796687481344939,1.0799566717931
"3184",0.986073915738046,0.980393892518287,0.930525679962403,0.802838792115433,0.792698293376639
"3185",0.975634370407838,0.917228066674029,0.954125338518028,0.889359536090041,0.960557913172428
"3186",0.951930003975651,0.983480884111166,0.920231836781324,0.685106112890579,0.816994269410488
"3187",0.986125253973731,0.98380993166203,0.794402058638132,1.06324238918626,0.983647579241596
"3188",0.870143123211857,0.844721914479656,0.928791682257906,0.79900746012653,0.930053848028049
"3189",0.960963550748249,0.980287375521004,0.906781929986959,0.886882073344761,0.929574713719991
"3190",0.949024496027831,0.914331516177823,0.857737055568174,0.899000295205835,0.829375109692698
"3191",0.968816871862667,0.98585396402015,0.846624688087797,0.788132361137459,0.907264252084373
"3192",0.972482549362976,0.978438009126635,0.944336424263948,0.735026517530399,0.759773058408369
"3193",0.964024276813694,0.980168662851574,0.963295891152341,0.951051143008619,0.997831616627316
"3194",0.95817307398019,0.907516516502251,0.955995231859716,0.734780238307307,0.985742067484782
"3195",0.979006322663768,0.789985632205571,0.889522737947202,0.677218719806942,0.926647846198088
"3196",0.958173296640243,0.987717608625313,0.80504033558438,0.517854536968663,NA
"3197",0.862860463910916,0.976169448603424,0.762510958118417,0.79712637186705,0.872901407577909
"3198",0.982194208651592,0.894032246912423,0.835977175071743,0.755410532518017,0.919776112327354
"3199",0.948748793300569,0.958618559289761,0.852104759339247,0.782762614570699,0.839009625678452
"3200",0.792166675592258,0.910406687708943,0.914523295533115,0.753100134190604,0.728599436100966
"3201",0.975755376384949,0.980897098330486,0.892922871805848,0.948663372058818,0.901841097089428
"3202",0.98447161705577,0.991127732641636,1.01149271456774,0.790422034695023,0.951566235961628
"3203",0.954733980555866,0.965313258733834,0.962163438047998,0.847790505717193,0.844596420186758
"3204",0.979462070553437,0.885453701074861,0.722658331111047,0.766708520489113,1.08653368676286
"3205",0.948127641361743,0.941300923929504,0.871338761351284,0.739931890555432,0.949254162703598
"3206",0.977385434613229,0.982996250789022,0.930593360190973,0.798431851399641,1.01052668112929
"3207",0.970234654024182,0.994924631864127,1.01071040371023,0.831181296032222,0.890843295474907
"3208",0.960165947348825,0.900018687188738,0.755491278793363,0.733130785353097,0.928590427396286
"3209",0.972013175878189,0.984318652887872,0.957085929089021,0.809651351822861,1.15775333235906
"3210",0.918907696433617,0.92523820383152,0.971415566136308,NA,NA
"3211",0.941993749861624,0.876766956870759,0.884035230698971,0.875229262534354,0.954495456101898
"3212",0.98179240897831,0.971219184197693,0.952388835547819,0.848726547298882,1.08078504548643
"3213",0.98813750089858,0.976064673903265,0.902202019137736,1.04866750733515,NA
"3214",0.962601247835785,0.88086815196112,1.01106303468095,0.784480703298658,0.941560689009844
"3215",0.97053190947637,0.906588378376906,0.920095494200716,0.781792603362751,1.05481301946751
"3216",0.843404370270267,0.979873473206042,0.797336164030747,0.668953719457395,0.94900391184295
"3217",0.953755199176024,0.717004084268751,0.954176958411516,0.806617988781177,0.91025872672312
"3218",0.819652070928663,0.931863464969916,0.772946821787698,0.752245644654924,NA
"3219",0.978647235573228,0.979065626262439,0.999645259352961,0.880084218565249,0.956505822880509
"3220",0.889052464336281,0.869201875528768,0.894699787909379,0.767048425540791,0.92177262085221
"3221",0.965856286975143,0.895542988422867,0.597503213390837,0.807842551243059,0.805261059831965
"3222",0.945376894370101,0.82590915510569,1.0235219954288,0.758808940865567,0.799562518872633
"3223",0.970036601229534,0.924967892569952,0.884724379613081,0.795786544359216,0.852873095933317
"3224",0.959341986764563,0.927358314065911,0.832644911220991,0.881581668086092,NA
"3225",0.820644273604873,0.956125154050536,0.744264918811612,0.746169577923971,0.867271063343906
"3226",0.94659451837153,0.884594167924362,0.822075554038156,0.629277871987892,0.904170682574663
"3227",0.915178043644954,0.987566871098912,0.927000492270912,0.837072757065106,NA
"3228",0.950376581195199,0.978876808160851,0.786061326559668,0.726986462270269,0.812590262620394
"3229",0.888905683586901,0.836588355076141,0.943111175175186,0.86248186248365,0.932990363063233
"3230",0.895162513291543,0.988043114794325,0.91182253893661,0.954333191764717,0.988435353560008
"3231",0.978466030133543,0.859791741917701,0.943490557045394,0.819432035782231,1.0530006147674
"3232",0.879994910086828,0.991919915918981,0.95077170132606,0.950725221188006,1.00068359459011
"3233",0.950671982742947,0.973893847328425,0.843524155632077,0.984887947263881,0.983088177010764
"3234",0.878164910367964,0.995084614113789,0.853578981884414,0.787700644181667,0.956124768806428
"3235",0.833659285184522,0.980434091670268,0.881073979003124,0.772065524527391,NA
"3236",0.982550833231629,0.811468988467345,0.915206226738236,0.625650439110125,NA
"3237",0.983772022343318,0.970796853574733,0.83375984162633,0.771166943714146,0.840267266344155
"3238",0.982965659929689,0.91158522567836,0.95178211036301,0.98441022776077,1.08456675964161
"3239",0.97073702720243,0.982349458554098,0.842174703116031,0.725131315738539,0.981751471034564
"3240",0.949533327762605,0.860189342390272,0.926360068527424,0.947856453512035,0.800215645267805
"3241",0.959820252554284,0.834495695379197,0.879527982968684,0.832744427989495,1.05820667397239
"3242",0.980602808700131,0.910660632743183,0.813046795939919,0.979922970972019,1.09346342316487
"3243",0.811448062949133,0.989512408746619,0.957801533120588,0.96176153793159,0.8985879692832
"3244",0.968187969456248,0.837762843081641,0.965996872347681,0.969731568477763,0.999775135356482
"3245",0.98046990146187,0.919527108752149,0.726533678792005,NA,NA
"3246",0.910204250089906,0.983432943116251,0.915132376144456,0.791621399480091,0.878832430038793
"3247",0.968030953562756,0.983312791858348,0.805196054079383,0.794927837030535,1.05520028396248
"3248",0.957246354425863,0.87775297214107,0.840520591221427,0.847255997179764,0.956241883459624
"3249",0.890920156115078,0.935426413367187,0.94483413970993,0.849171907392906,0.89088630773236
"3250",0.871616873360684,0.806295283596051,0.866832331178601,0.790233369503471,0.997172710513352
"3251",0.868206436554228,0.879142456389477,0.895299042037611,1.00791578887304,0.855195250447906
"3252",0.963333101220561,0.965271232336107,1.0360476442697,0.914528294978545,0.932553431959966
"3253",0.885788699233201,0.935333022762709,0.982515614008525,0.791081181114118,1.02074516688742
"3254",0.80231602865596,0.757624064985527,0.761362015903656,0.864510508449813,0.849342965126667
"3255",0.904692273591648,0.752303569877421,0.842343429833017,0.908115768682517,0.973931827731773
"3256",0.988855688728553,0.961045384595551,0.873045355804066,0.851242949822226,0.930765859675168
"3257",0.94666876672869,0.732494276816116,0.90210147791295,0.870432453535215,0.856227772139317
"3258",0.973394295035002,0.920840818858445,0.92825729871173,0.669815349230888,0.92595298571915
"3259",0.961037197000945,0.968782639132699,0.882520959776698,0.838789336201369,0.967192154353772
"3260",0.874180330052422,0.96923758490237,1.02460096058584,0.645651909482255,0.973655385277642
"3261",0.979040793234897,0.997646213368845,1.00655686947769,0.781787227085325,0.881376188696501
"3262",0.975528786923711,0.890070984492613,1.01554870787627,0.796322983353708,0.905510261032884
"3263",0.973245840095967,0.984120539037512,0.964504299827954,0.903598341761005,0.925065155889879
"3264",0.893964100922137,0.956554223088738,0.732524639907323,0.775305740988848,0.928578138495713
"3265",0.981432932238128,0.982136173447475,0.818058175536541,0.777004618611088,1.02914216667664
"3266",0.886979299125079,0.948399393423475,0.767414733940869,0.909348571106878,1.13417103541185
"3267",0.812501693096815,0.970448246897547,0.874495248350712,0.974350086219237,1.045355272102
"3268",0.976808584198727,0.815660304361388,0.832595596126572,0.704578900330064,0.869413905661342
"3269",0.964041438891149,0.958304216845173,1.01996975201415,0.930469057374091,0.884806777511434
"3270",0.96454625467172,0.739947044983306,0.872085696445831,0.882708217380989,0.992667684720154
"3271",0.853531454414978,0.989969806079272,0.815388714508279,0.801545595708805,1.01327366736416
"3272",0.945712268490585,0.981216113669102,0.817474792931602,0.803131153486825,0.992670560991429
"3273",0.811842255204886,0.982033450895549,0.866578198256764,0.900679420814311,0.782445072627594
"3274",0.973538652332139,0.911867033060018,0.936007326533626,0.889651399546639,0.987758840482581
"3275",0.893061309192133,0.994140250286063,0.959318860625337,0.959677574705261,0.777859587125947
"3276",0.973592735280588,0.893731490386367,0.762448499889922,0.830847863200104,0.915578812593579
"3277",0.973810052203536,0.857070560771879,0.608803403230459,0.853217138939074,NA
"3278",0.960198572678932,0.879402981667879,0.92811701344046,NA,NA
"3279",0.967790653956818,0.854491729239034,0.722224239432324,0.827383706162062,1.1571480950488
"3280",0.871703135093458,0.873716465558854,0.878887671269752,0.786535242792561,0.951731503869961
"3281",0.900643094394788,0.996604664579595,0.931494660504266,0.739617027971307,0.947254504991194
"3282",0.948923415999241,0.972470853441107,0.914331396799852,0.885973688896439,0.813255939273795
"3283",0.977347567453646,0.980096441593704,0.992207551729901,0.847518775614825,0.924677081517445
"3284",0.912940535089081,0.960057394574627,0.796712887283877,0.768992805905563,NA
"3285",0.861703644298112,0.655677314044865,0.784448799078583,0.886418184733553,0.932981155740415
"3286",0.962842406080022,0.943280944756483,1.04319480349914,0.957442898653606,NA
"3287",0.936687533141689,0.982007312513373,1.02933795745883,0.720316699146483,1.02386102582687
"3288",0.940595210740268,0.996606092316836,0.885823255096064,0.862945176308371,0.898126189683886
"3289",0.957982769673962,0.868691820082839,0.750523965200904,NA,NA
"3290",0.968604050456941,0.923450820890309,0.957496887693384,0.770394656694832,0.910288658226436
"3291",0.982668660153159,0.947191073884823,0.895128439749892,0.675649152766204,1.1176615127031
"3292",0.971913343216938,0.978095543721567,0.914404953269626,0.896446057892627,1.01113482130893
"3293",0.859815394218844,0.981724463837463,0.826381049470259,0.718627497229599,NA
"3294",0.902155810212917,0.815144792774816,1.03242179505351,0.846078050030248,1.01738894353133
"3295",0.957536165180664,0.930532022780831,0.740709025522966,0.970311330003399,1.04273729812941
"3296",0.956683358362103,0.981398499354731,0.905905632377153,0.542786628832538,0.833806904715775
"3297",0.986402490528489,0.986912812263895,0.836072680718979,NA,NA
"3298",0.942648599272711,0.975676722823235,0.911626193334943,0.830726344392411,1.0849201779653
"3299",0.981765228408028,0.826579857522254,0.865952069535125,0.869928934125005,NA
"3300",0.970501567532573,0.896197708055625,0.830026232574735,0.741735035069111,1.11786194432323
"3301",0.972673308237676,0.996011964495992,1.03220751189556,0.815207320251577,1.03648504905534
"3302",0.964980973335474,0.973427813538606,0.689252752030387,0.636592696498658,1.02981150599031
"3303",0.978209846255113,0.929101723993936,0.81851385316712,0.956699239016321,0.918180287367344
"3304",0.979940366830727,0.949615029275446,1.02581481096783,0.819538450395688,0.813251335751454
"3305",0.961227782293539,0.974375253517666,0.920655135688433,0.754476364206362,1.03495784067498
"3306",0.974984226567358,0.983679037987741,0.827091302072477,0.68898617208776,0.967701248698389
"3307",0.939573846838629,0.988812062298876,0.922348247730401,0.882080972138741,1.06428426684436
"3308",0.883395503285155,0.962321965900315,0.76904888209272,0.752380107117307,0.825239203274617
"3309",0.946639190723955,0.806600392664748,0.819821474085531,0.823631908016006,1.03322240895701
"3310",0.931989167818984,0.942342999692374,0.935249181488364,0.812723456839679,0.782022111413307
"3311",0.963890527398219,0.989309600145251,0.861366883457764,0.794432036089387,1.01165805112943
"3312",0.969460506339994,0.898129421674107,0.959163873770634,0.94766102575199,0.843480809119033
"3313",0.981216288901462,0.981956268426033,0.839492292159276,0.648025191028777,0.96924776193176
"3314",0.976055156969095,0.910214948879303,0.877078572227004,0.919447392442248,0.894787164401683
"3315",0.973089885386741,0.825541869861978,0.932868901099854,0.874756147242288,0.850524604571775
"3316",0.923969719492405,0.882118957936908,0.906889400296943,0.714164470423972,0.978158217744599
"3317",0.954616280040218,0.902014398199737,0.948359539384984,0.630415398372352,NA
"3318",0.898644943747978,0.976730232527391,1.00209960045071,0.963761353988898,0.882991204182212
"3319",0.864571038128433,0.982868854126486,0.921692194404573,0.846179335813479,1.01626347932171
"3320",0.782652896178004,0.962665664780232,0.95671594500904,0.747065468262819,1.02150312162201
"3321",0.922272054363676,0.991216460130068,0.933999972842881,0.949531692552817,1.06599259795765
"3322",0.960729051373396,0.981174419785654,0.864290083307993,0.620608708247145,1.02695896995185
"3323",0.977783196248986,0.963620200788345,0.862514607874888,0.760659788091114,0.961842103193942
"3324",0.948308642192633,0.997099424805154,0.891464504357134,0.937191527724802,0.944202039156215
"3325",0.931736249015681,0.966553440654117,0.827594320088733,0.75795783853083,0.92390006635601
"3326",0.866058303352737,0.950955684527183,1.0345058814928,0.702299192453761,0.899766883348743
"3327",0.909670739816621,0.973594117701251,0.899435198472928,0.723971277327506,0.915320420106711
"3328",0.973746472584656,0.958631261208882,0.9441529630687,0.87238358398582,NA
"3329",0.892446575711033,0.955851023830637,0.800574250034226,0.989171293268444,0.996524404248695
"3330",0.938428294302334,0.867712834421846,0.6844057016909,0.872607511777666,NA
"3331",0.984658600520117,0.909330785519752,0.98829688889595,0.752227781574877,0.924270517388014
"3332",0.972367856477162,0.994529340594451,0.857881165174928,0.771689361426694,0.83913607603251
"3333",0.972633216198224,0.989008284085082,0.858131733308559,0.95043300176047,1.08101437813434
"3334",0.974000968616423,0.898958364019745,0.947689253066521,0.863865243119316,NA
"3335",0.83592932469353,0.97423292349245,0.771159768237093,0.910365117929845,0.920849497176608
"3336",0.890835541779429,0.964936250655841,0.920060060655824,0.781947197825272,1.05599740258936
"3337",0.946637444386996,0.9946351770585,1.01490056170265,0.656167595393839,0.890622653705714
"3338",0.897765552247628,0.757652457399991,0.89085089395851,0.837039432611575,0.958380858512407
"3339",0.820471420902522,0.980680686717229,0.874421962016253,0.813636035328584,0.968093716030457
"3340",0.890985581847415,0.979680550233225,0.94455859475999,0.960210341325665,1.0053636989017
"3341",0.942513650181727,0.991438970404118,0.785036285060055,0.696951575876786,0.985348050213989
"3342",0.944784009730384,0.918135101843083,0.883913418803394,0.926456241053806,0.837727040690798
"3343",0.962311066374966,0.977547228324365,0.900152366918479,0.726612368350281,1.0497941899247
"3344",0.940371208715508,0.957346910160837,0.794476895873233,0.771804545383371,1.1063479106059
"3345",0.913262192192344,0.956764684536428,1.02224586666216,0.914309162754685,0.974978162022502
"3346",0.961110264402477,0.986095986548917,0.705354357829572,0.833984333232727,0.942389344174228
"3347",0.908971771385154,0.968486424736314,0.685025761089839,0.853100017282403,0.934357660246342
"3348",0.9590461636304,0.987719591683652,0.916377762882785,0.868626206393692,0.821257665305933
"3349",0.907976691142433,0.976246256688015,1.02754951016832,0.913822277473093,1.10602302641113
"3350",0.975567746439137,0.964644507592013,0.871998461043059,0.843086258473232,1.06400615379419
"3351",0.815955302367597,0.755160039800274,0.867348561450109,0.655429180547315,0.940154359104295
"3352",0.979514194329758,0.688374707093658,1.00618242419028,0.78074627747905,0.985648071640455
"3353",0.918223772828028,0.877702586054615,0.763118555088639,0.995772866512154,0.75714440162172
"3354",0.94045969528469,0.979791556472277,0.954481880846065,0.727539892613335,1.19574814630564
"3355",0.97394536543275,0.967663761441169,0.817699186002909,0.871041760465965,0.990958975603823
"3356",0.975623699374253,0.988493523994665,0.875134958137261,0.893410323310111,1.03923553781389
"3357",0.771092097098317,0.986940615086536,0.556716285417839,0.884178515746294,0.881392178001061
"3358",0.970776090750362,0.827654718426524,1.05121731830108,0.890435819510226,0.976592164841382
"3359",0.911604854131216,0.907180198681304,0.86932029302812,0.939556001605764,0.972478876033182
"3360",0.970788287221238,0.998330042528118,1.03891604158073,0.857964967130628,NA
"3361",0.953465364355079,0.978706905543301,0.878102282032936,0.697631755131036,0.859231996662602
"3362",0.860698436903093,0.995591199862118,0.784389100786097,0.867520147382001,1.00205770467082
"3363",0.941547202697944,0.902399307652125,0.902374243753116,0.782727140292325,0.97446825221004
"3364",0.961078072685678,0.913616980625485,1.02299679127532,0.826782406032555,0.886839093867494
"3365",0.847756452925728,0.963882464667242,0.82095361644476,0.617912830310084,0.956331125089254
"3366",0.963457009722022,0.990507749687141,0.827003946591459,0.825344323468126,0.956018711022892
"3367",0.979431132076521,0.875923138460787,0.941160511902155,0.859185836821725,NA
"3368",0.968372168075747,0.874966358922438,0.901781777796292,0.911414441558456,NA
"3369",0.886165349139242,0.988064748141153,0.758442533484328,0.920082885386364,0.846367617246941
"3370",0.97045659416137,0.976833358452348,0.945968982230102,0.874014623089741,0.971184967242837
"3371",0.962917328046592,0.995722529348284,0.893985376748871,0.864896421663586,0.83309583101075
"3372",0.640302087627432,0.983137773104476,0.968562255914216,0.861238348616013,1.05317286670423
"3373",0.952598577154981,0.987168339308718,0.881854305908284,0.974372756275692,0.778711897129427
"3374",0.969429696336194,0.90074299027113,0.712272812795382,0.787255100959133,0.874075991121983
"3375",0.943680978663458,0.987370800030887,0.916500848070025,0.815447897206042,0.948277575326984
"3376",0.96472417025974,0.870378971082471,0.897552012756783,0.846560131390702,1.12739607883002
"3377",0.902334347390583,0.923780387417057,0.847730519054085,0.673058204299934,0.931347908569629
"3378",0.891881387851086,0.965044190432207,0.952465833162158,0.904148560143354,1.0124937662664
"3379",0.927549702986866,0.983650240466684,0.788773050823983,0.764074641377593,0.934057764875328
"3380",0.976900303828281,0.910731320191476,0.760283963816137,0.777496595682933,1.09868781297482
"3381",0.971823068580615,0.814789739894991,0.837788806824371,0.867096577171657,0.812333364715571
"3382",0.972752676119321,0.886236999057787,0.83890984330269,0.910340450746421,0.869505184050508
"3383",0.920575858805773,0.985725112692544,1.01071333434566,0.738495217745069,1.06073489799352
"3384",0.970041246583524,0.861375077368605,0.917416032309344,0.942941916865285,0.986033328340161
"3385",0.972320075215093,0.880740631775523,0.827478535438416,0.845190373006103,0.87607693342404
"3386",0.883754791372821,0.976615447437125,0.809131765351521,0.904281912683805,0.864826451446819
"3387",0.962159451990514,0.923205011741017,0.775799448335697,0.934577403459164,1.01013551329574
"3388",0.885446538976605,0.970112561735441,0.894234764787533,0.800723797335822,0.81244179303098
"3389",0.921992259812803,0.928515918745887,1.03692096889715,1.0169953411886,0.83255546555422
"3390",0.976022988248236,0.944958415011362,0.999398362394887,0.907450132288222,0.943020337936975
"3391",0.964456458582407,0.981529618402107,0.813629682630653,0.753449510793879,0.886626741319423
"3392",0.990548882834993,0.961740721755125,1.02756831049506,0.85361303022762,1.1502531432209
"3393",0.964029930770432,0.972340998335563,0.839572928611499,0.842271425839225,0.91530617759026
"3394",0.945983238639651,0.974912147039253,1.03371548217699,0.83367424329789,1.03340280713107
"3395",0.983580165378725,0.959366355891482,0.866907227689696,0.884056536516787,NA
"3396",0.977475070112118,0.976714643405647,0.709878094465811,1.00230375011847,0.776045662292078
"3397",0.835125533456194,0.988068913991578,0.871440394913484,0.782593926866469,0.996445524358478
"3398",0.980578353082398,0.84451525014592,0.753329619895402,0.81106777757494,1.09882230794022
"3399",0.959376763301299,0.935478653664115,0.993775010955131,0.845556082851655,0.847952979097039
"3400",0.945245284730282,0.893260474683361,0.954318953352283,0.826780564027856,0.938885069506736
"3401",0.975655332740186,0.923231682202414,1.01659812978793,NA,NA
"3402",0.985191382632342,1.00116287392456,0.831627628515731,0.900394645507023,NA
"3403",0.969542008227129,0.982067109108996,0.743588466064962,0.808265964704459,0.905438056717132
"3404",0.955565491354183,0.994587782227028,0.844425858742154,0.578034293024013,0.877095049434085
"3405",0.954342383834294,0.981797384766215,0.916064681407353,0.751286852638812,NA
"3406",0.967199562731707,0.959397380765068,0.739371049613881,0.817287132853049,0.856175680482257
"3407",0.922320278369733,0.862765204864727,0.791413735833852,0.88998405928112,1.02489923649475
"3408",0.964210122849199,0.99621642376393,0.82669375241223,0.867985403695783,1.03725695220802
"3409",0.961058331633876,0.91717685150801,0.759145441905531,0.91012109954558,0.977872864712426
"3410",0.973719961830998,0.970400091312976,0.846229918880627,1.06480881727373,0.768959223701528
"3411",0.975441322336998,0.966191874906144,0.835181067772377,0.806548718141052,0.932826188325248
"3412",0.933001446706636,0.919913364355242,0.86062378719322,0.71353569870939,NA
"3413",0.938486805465368,0.961393611992458,1.02618827585256,0.969224828804484,0.841158987796648
"3414",0.884952110051065,0.894207814930781,0.865663457716684,0.852352853424138,0.942609296030533
"3415",0.87185156093919,0.891867408868269,0.822277055128134,0.699475613132215,0.957525956104251
"3416",0.967060303320385,0.964727937717875,1.03090055671886,0.758871142935574,0.808109949315997
"3417",0.977297256081444,0.912449355563551,0.99611496651616,0.80954625328529,0.760060269238586
"3418",0.895664252926662,0.954994525932908,0.934303153283663,0.991090341791348,0.906400311332295
"3419",0.95519379735756,0.871897748935393,0.846806415087039,0.843689071169496,NA
"3420",0.862295223488369,0.974539947019289,0.853381085052228,0.79638351321724,0.817143912231099
"3421",0.814550291133956,0.988293726606869,0.957715022386633,0.912459177917357,1.07647780265647
"3422",0.988234852908958,0.871174460478845,0.755302133236946,1.08260173709743,0.965759047098222
"3423",0.811428588212467,0.890472795409596,0.77818372133909,0.883556887084622,0.805007223623452
"3424",0.975803010075093,0.989771621449487,0.701923537483023,0.795573623923716,0.866301504496656
"3425",0.851912623704132,0.989559643802263,1.0022263009243,0.663978830148674,0.852455177856471
"3426",0.946686580207374,0.805481593158284,0.844716407475429,0.817564356225338,0.887236541857948
"3427",0.973233202310456,0.978442853377131,0.863964833761736,0.951487064515703,NA
"3428",0.969227118042212,0.984286723053497,0.942931370201044,0.850397355398875,0.932189620041086
"3429",0.808697344614579,0.870446169099197,0.947463763389439,0.997602741378508,1.05362985696664
"3430",0.953103791941555,0.975923340847336,0.925819608379104,0.867367861711954,1.08990995162161
"3431",0.867151519761687,0.970888400378265,0.899456235029002,0.834676195593167,1.01564526978381
"3432",0.979920032848573,0.955834067404259,0.739228844823902,0.850411421743613,0.862436746738616
"3433",0.959910447894973,0.964666379794872,0.757537953036738,0.980459091211732,0.963894205732449
"3434",0.864171636528635,0.92096054325617,1.00996743735007,0.687239698296848,0.968327612987335
"3435",NA,NA,NA,NA,NA
"3436",0.979941647731034,0.786844704952587,1.00691125240163,0.792759579691258,0.873128191670238
"3437",0.856900015965066,0.830432085331033,0.842761076266868,0.811109129727907,0.987188715809552
"3438",0.970244212507348,0.961930863643221,0.915510998947556,0.821813892510471,0.842460348136616
"3439",0.862018921315982,0.9664374638545,0.898953965342819,0.839835067746555,0.936350302326446
"3440",0.828059112643685,0.972091365998246,0.957305103650044,0.678438283758456,0.964687657493267
"3441",0.967166755608909,0.890449800183551,0.835291867112767,0.739480333013486,1.1655938249077
"3442",0.97629252129964,0.920483979452351,0.902425762088629,0.764669242173846,0.970747735059268
"3443",0.809693704814574,0.929429391450378,1.04471152355176,0.686299908441435,1.11509908511889
"3444",0.913287758160762,0.986304121571418,0.799402382722991,0.839291245176527,NA
"3445",0.965192171966821,0.952179214084573,0.846195141920908,0.83032498284504,0.860580047518744
"3446",0.833664568214679,0.927210490804332,0.916914931869065,0.703569889866068,0.742492975878046
"3447",0.958799705929074,0.5226124068705,0.88379334019207,0.709177856671939,0.779036923991173
"3448",0.961237809721425,0.685343545948961,1.0486176277702,0.847621106881506,0.91935203628456
"3449",0.671780706296187,0.84933984263281,0.861852659767587,0.807131679341489,0.972038170893793
"3450",0.956295608798583,0.987774175860201,0.733147045853558,0.955547234262716,0.91437313432686
"3451",0.974536323305289,0.787495012205904,1.01464495402728,0.748173295396678,1.05232615315811
"3452",0.906337167045479,0.827706015855852,0.95693829095856,0.824379031431996,1.12082183014017
"3453",0.794544846423091,0.811923206824796,0.910967884175323,0.800355275519906,1.07332454771357
"3454",0.8795826537694,0.86929686809859,0.795211275020113,0.827991508739654,1.03929214370366
"3455",0.982752983534223,0.971095874540942,0.789216312721565,0.853245760505862,0.997169745997721
"3456",0.923450720930742,0.967381827709822,0.97136840036523,0.835611839075496,0.982119952874998
"3457",0.902091862963204,0.979554711795271,0.982660526184302,0.714599182946647,0.708085880357869
"3458",0.915254883464611,0.983474395511042,0.78467786545422,0.871952722890061,0.7144922082001
"3459",0.938790612184174,0.988176003037279,0.975166212068241,1.00676739786597,0.924105150305115
"3460",0.798941289142764,0.974020906169795,0.742301077041703,0.857632223367665,1.00391854795611
"3461",0.97481661337205,0.96689288912014,0.957065932160299,1.00120627733781,1.15068003542144
"3462",0.957026143951899,0.976572838942139,0.797348315101318,0.791033338048269,0.930915552186184
"3463",0.961647706106517,1.00024457887602,0.770844399047705,0.958338585883021,1.15956624029651
"3464",0.958372996237955,0.909141603337595,0.935574626663903,0.775579402549311,1.00183609833579
"3465",0.958626205879221,0.974447290947256,0.883948730823282,1.07001607756387,1.04776693177408
"3466",0.9290700982613,0.974283767300627,0.88357838993516,0.634544448178493,0.941077664068117
"3467",0.766796740249602,0.988411904439814,0.799995694949958,0.948540602392482,0.952817245450622
"3468",0.952876155124665,0.883590144052191,0.85334621901993,0.842992540178803,0.885071542165706
"3469",0.943020243704067,0.981939870796161,0.641072649885985,0.780538003239109,0.819435547576926
"3470",0.955753460541021,0.892803125746532,1.02207073415254,0.927323732205276,1.04865721097913
"3471",0.975994928479883,0.988285255765871,0.881090146926488,0.84116117192938,0.814873793177228
"3472",0.882024151751905,0.981880963418326,0.930468590898409,0.82180338069054,1.17264335823569
"3473",0.943090397939268,0.929679548176939,1.02310833218722,0.660426531485906,1.08145090783692
"3474",0.952646954034439,0.973599493808043,0.864374040097033,0.775195516160974,0.999917381680393
"3475",0.939125064084807,0.874474495261039,0.838966039593399,0.886085881921026,NA
"3476",0.96499943449259,0.994135209635881,1.01399822205308,0.921646023580312,1.01868607592293
"3477",0.981244465304906,0.985633378736813,1.0169784217578,0.908266533258059,0.999041825615212
"3478",0.882686697673776,0.965591220653658,0.908334033982083,0.847387665228856,1.03034686065926
"3479",0.977000313009697,0.757658706014784,0.978609687385694,0.854333238065467,0.908497222066365
"3480",0.980351687564178,0.93908883855207,0.990088580846799,0.891718097724562,NA
"3481",0.882532339846954,0.921851970868633,0.724768482386646,1.05214975180556,0.974210970048319
"3482",0.965618928287781,0.767473997060203,1.02911916845477,0.788095454744403,0.781186388501797
"3483",0.879149302383153,0.975421084852547,0.960085390539334,0.909320167104423,1.0158389769081
"3484",0.949055896159718,0.942894069536495,0.746878753237617,0.888241954597949,NA
"3485",0.875725123766972,0.882666034604135,1.04194423713121,0.883629081836796,0.949636126855818
"3486",0.976419623935475,0.789064793852029,0.911538216934122,0.917149882082863,1.01010143285525
"3487",0.910371912446803,0.921018163704795,0.984500876943043,0.865084645032613,1.07510131950857
"3488",0.960443784327512,0.971956494821591,0.950391638417275,0.734718102939758,0.887637034768017
"3489",0.924561890872716,0.892750411538594,0.717705737011309,0.841491741596555,NA
"3490",0.940869946756368,0.918021565865901,0.842224958036193,0.864621028337015,NA
"3491",0.949675427168932,0.978626586383766,0.930393787169931,1.0134224635274,1.00162469777036
"3492",0.983447139292745,0.977553907990833,0.851603433121297,0.800835715255803,0.939895791330102
"3493",0.850519900523089,0.98272022879644,0.940967706851255,0.750987728215005,0.889552243090199
"3494",0.964290334991868,0.967900731441411,0.912845053692173,0.655255103268173,0.939554599153764
"3495",0.986538331415625,0.910333225259223,0.762629736460268,0.765049456130552,NA
"3496",0.941461749909044,0.865677532699976,0.887441588728072,0.907444695428303,0.778003983093932
"3497",0.862996929533383,0.96607742620133,0.8573213179671,0.822047302057364,1.06726929015724
"3498",0.833152218316872,0.990085611114372,0.900848778535457,0.804898451384917,0.813461618972198
"3499",0.974270582716846,0.878859991375342,0.885839639346307,1.01286798873571,1.00234980867491
"3500",0.941913056827061,0.9883346341947,0.849636075959894,0.775877963317756,0.86416784668159
"3501",0.97294096195037,0.892207813704179,0.887397326580723,0.749987193849144,NA
"3502",0.972663350128334,0.889192447818973,0.815323559054779,0.931626781827048,0.830770048527043
"3503",0.967282160195687,0.939840309191773,0.835489668630324,0.684466685402686,1.18574005885181
"3504",0.97251402354905,0.978729204825529,0.927275357785706,0.788026306537046,0.960011509023218
"3505",0.97009609456814,0.907308724548654,0.823619300740046,0.745881323273484,1.10587534840953
"3506",0.96328605554108,0.797608232682732,0.921433199523675,0.758989741504268,1.00561151145614
"3507",0.967883988109194,0.978338087461315,0.97870367601036,0.811939570502297,0.872446100714843
"3508",0.912446722949179,0.86717130008832,0.912209364000638,0.952631534878189,0.99421048111529
"3509",0.973043177969665,0.952777263344872,0.972288535428758,0.726701198183274,0.758669880962337
"3510",0.971236548279732,0.959334727118043,0.829739257905837,0.675299250658247,0.97564178425293
"3511",0.95764961683523,0.764028231201865,0.8897448844367,0.958808673282015,0.8588937476852
"3512",0.94065569714633,0.931988076924142,0.924612298471922,0.804604004312687,0.94382874384284
"3513",0.87129071040058,0.978574787109378,0.985372122608914,1.04423362298176,0.846533814383318
"3514",0.969252414547517,0.952837944367252,0.957010623126988,0.766784110429608,1.01439703149317
"3515",0.957171610314423,0.932225469329451,0.988404833034366,0.837269215229695,NA
"3516",0.854920020717604,0.959953954586692,0.884840324883774,0.814418089638364,0.874801417087667
"3517",0.964968739509464,0.986271218424671,0.92578750228686,0.748189271610628,1.01004547340124
"3518",0.832982359735134,0.909206046687498,0.909734442615569,0.751043338849231,0.732417441582282
"3519",0.978381875018049,0.971790360897906,0.932865747444773,0.790668124092776,0.939982755184585
"3520",0.852897484812283,0.91472966677166,1.01249597493069,0.634875682618202,0.911423294334731
"3521",0.971368516093995,0.92525250414297,0.821780005466771,0.910362725812468,0.830576607075862
"3522",0.97447447997814,0.992153385076683,0.869400064593107,0.831852396864324,1.14453617825701
"3523",0.809615942381305,0.955885345707405,0.870693108010337,0.797673562013248,0.856265969721054
"3524",0.985915064652145,0.99193678008811,0.949094256226992,1.0623346011361,0.961832502004148
"3525",0.967215966108165,0.966602848331992,0.890886374989422,0.817856000532446,0.971810851194686
"3526",0.970001693379521,0.959662191126056,1.02766621086552,0.803329726299448,0.987941663660462
"3527",0.872976971819635,0.885835401841731,0.755226140288123,0.763382543710712,0.901292350478762
"3528",0.960269548815801,0.959834352562903,0.823944546360951,0.763177149924882,1.0731095567957
"3529",0.96389705942392,0.924053726732057,0.933124173112807,0.898665422948368,NA
"3530",0.944697990977586,0.835892501850057,0.872174273031159,0.930440802533335,0.955981188633054
"3531",0.966664077758256,0.857989740052094,0.787406013222697,0.994744463334312,NA
"3532",0.976516013408167,0.846200773172569,0.863046271690076,0.83806071626432,1.16337098452319
"3533",0.973154360245996,0.981643846980857,0.942830565341919,0.932545511571734,0.927404100082891
"3534",0.854520340001639,0.987549678166426,0.778035554167197,0.753917293976999,0.936487520974513
"3535",0.848384217243399,0.911296781461461,0.831824602895997,0.90512895159472,1.13833542614785
"3536",0.965820403678509,0.982581167296653,0.854993364857808,0.898372226228173,0.854666878542079
"3537",0.980695432607809,0.979351643117337,0.810344793798605,0.776962471519446,0.852650417049369
"3538",0.959936819231698,0.965887254250734,0.9101771317219,0.883490301726279,1.01632302394988
"3539",0.982759868751261,0.950223875522194,0.881956148413655,0.708830658016226,0.952446763047777
"3540",NA,NA,NA,NA,NA
"3541",0.973655645647557,0.976118194709112,0.930334321348946,0.878734010940726,0.957538364860275
"3542",0.981879712338163,0.924627489078724,0.761311169739794,0.862361893460768,0.877131905892671
"3543",0.944325906885454,0.979122184819429,0.870959736233369,0.765044930597929,0.903081471377746
"3544",0.970686778590975,0.951656281681434,1.00698403085376,0.776566506669758,1.009180652529
"3545",0.972860316628488,0.983715973872018,0.86902743130249,1.07341043539645,0.881369436884713
"3546",0.945229706547103,0.902502269925547,0.724857677026811,0.764269746342221,0.976328755741638
"3547",0.873044889290006,0.911467587591857,0.916524703752228,0.753254665267484,1.17740703313869
"3548",0.982610142640472,0.889833943938275,0.836152853876921,0.697338468796523,1.03199221728855
"3549",0.963685338540114,0.808071556271162,0.952536934121472,0.669976477579456,1.08617685287588
"3550",0.977175876964033,0.986039261093899,0.866621508946029,0.821774712392394,1.00790106192772
"3551",0.964208426644264,0.974765425201359,0.947390805810116,1.01925537052362,0.942032214431175
"3552",0.942415294010706,0.978883297544186,0.966087268005005,0.931547394431298,1.05188186112201
"3553",0.84512983595622,0.828916627973393,0.771413192971736,0.843946206203675,1.01405298514035
"3554",0.990193654166716,0.912251416806937,0.875087933048052,0.753245726801217,1.15019747259817
"3555",0.962306781686109,0.972055073742218,0.849340792787525,0.783220741718392,0.895832086273604
"3556",0.962227264950261,0.828561089624925,0.92783144210067,0.814964527278766,0.889631759601398
"3557",0.971305058294402,0.988097536814578,0.639760871711232,1.02645439978156,1.03116494424901
"3558",0.926526388825652,0.880280954916085,0.802406035057455,0.871366323901044,NA
"3559",0.892616889701113,0.873898369298905,0.943047033301933,0.954973803285918,0.805524183315493
"3560",0.986003667930891,0.962987353532276,0.842423991160259,0.724294973056558,1.09845780303904
"3561",0.981416854166305,0.981028501561584,1.03491769010733,0.913399950655622,1.09267426787146
"3562",0.95516807951004,0.994216378235274,0.802728349195456,0.88645851521298,0.90887785838114
"3563",0.670813027009605,0.884531491761017,0.930787156668101,1.00536054656323,0.982418018348422
"3564",0.938354906346903,0.885317489904881,0.768220656712286,0.65146240775226,1.17101443206636
"3565",0.96066019634847,0.985559964061386,0.809841502386735,0.960551475461927,0.894187592292092
"3566",0.988650915489628,0.978019089992449,0.875634815454688,0.890546568523246,0.920395924675102
"3567",0.968300264752468,0.830148242810895,0.927471802987655,0.818396962612494,0.998368972839799
"3568",0.859607020665307,0.965726615081948,0.798115215647425,0.793108152145008,0.868811396877862
"3569",0.84955945474054,0.87082444027256,0.757947201265724,0.787398503810313,0.851315583415464
"3570",0.983290735918398,0.827209407556523,0.810496685357562,0.824841153878525,1.06596964508103
"3571",0.791008355301806,0.969896212930966,0.999772202896338,0.804278309792301,1.11014681207522
"3572",0.969892508864657,0.963758704126768,1.01391806752215,1.06395610405032,0.905606623376797
"3573",0.981960700658564,0.960372447402649,0.896123907426518,0.831585127263092,NA
"3574",0.969896042854072,0.721030244424456,0.997171620490934,0.967920868817466,0.945634486245126
"3575",0.892516260587989,0.958732632317041,0.95002971249923,0.776796393896161,0.876289280670077
"3576",0.853153528700024,0.954811275795998,0.92680526396171,0.701185624608173,1.04216008671052
"3577",0.984510416482097,0.986506057590489,0.824822008510589,0.810998905799423,0.97675386211354
"3578",0.958903954027845,0.980951345945522,0.945878165406683,0.85585266252585,1.06889056794584
"3579",0.962314784957302,0.81614124758539,0.81296537010436,0.895090760868679,NA
"3580",0.975993928620554,0.952281741623667,0.654714453941827,0.845966484952706,0.865345761844786
"3581",0.968851787298761,0.892147978787912,0.826545791965727,0.814186490814871,1.12231737619941
"3582",0.949322872847446,0.924285945860557,0.801691751088287,0.904870932774729,0.850058606704348
"3583",0.957520601981404,0.776487151180221,0.963593490829619,0.855209058014176,0.798818926682432
"3584",0.935394452220731,0.989228733815158,0.762533721686444,0.886099842226271,1.08645656821745
"3585",0.97114389508507,0.969053899466197,0.850512864631036,0.862961037379589,0.948811751696946
"3586",0.983410982503795,0.861723999189163,0.893551492061716,0.934264174018685,NA
"3587",0.782910423041781,0.986081426391225,0.942813002920773,0.673311541142399,0.858674234716435
"3588",0.903907567658726,0.995095281912842,0.866035210360228,0.996219058647593,0.993336051195175
"3589",0.923872342241217,0.983309786009943,0.968972685025982,0.744012219921862,0.943094033315949
"3590",0.975356522050057,0.99461393759042,0.755373894633147,0.680252918034353,0.889579901239425
"3591",0.943026984267774,0.884717309290204,0.910489192937444,0.741094719398763,0.986551189936826
"3592",0.950508628210876,0.890897659019664,0.98614249634375,0.825059981341533,1.00923333784854
"3593",0.990529911983704,0.954272294422697,0.872070285724726,1.0005880082585,NA
"3594",0.880878073821599,0.974839908937254,0.87007878440185,0.650687641725903,0.831322749583509
"3595",0.97102306567306,0.954716110923384,0.891366924802512,0.695088527610298,1.00244911275018
"3596",0.90033423221182,0.95205838256029,0.781698879609548,0.754028466367931,1.12285741326578
"3597",0.895463920579359,0.973910858089785,0.976335905167341,0.836338651176833,0.984677348230704
"3598",0.965234658642824,0.977852665147791,1.00539070620459,1.03274842296021,1.03930916025035
"3599",0.938485260551487,0.985477783855245,0.958760985821078,0.714526571807729,0.970814140762391
"3600",0.96472734790714,0.976697033503885,0.896618343647699,0.740555891770626,0.987916476349674
"3601",0.901426482664973,0.986430295638187,1.0477113250103,0.854013763662086,1.00265326194585
"3602",0.867051394616074,0.991329486170662,0.93151283176738,0.972413438802288,NA
"3603",0.960972248193836,0.986247059690816,1.03215372456702,0.777621449690608,1.04166171632164
"3604",0.890715823041815,0.976194296788968,1.01747285614882,0.63790455641547,0.937125207087477
"3605",0.826781851303722,0.973692787296147,0.901700692871441,0.945293238963123,1.04686062287607
"3606",0.955160441590146,0.972120894023942,0.912639361586704,0.874681371099446,1.0421615340244
"3607",0.967812609896142,0.968043606944987,0.889271357724877,0.779117691773197,0.945764214438257
"3608",0.963305348234324,0.878383381968103,0.853146399069328,0.723689218379913,0.858891971693328
"3609",0.964797369771376,0.992384747607385,0.967952623517401,1.0021282037802,0.962169895066165
"3610",0.980004103810366,0.896962735988194,0.827607011457347,0.835716674201675,NA
"3611",0.867637561399899,0.950420880090799,1.0367784646487,0.953172864299065,1.04557358587227
"3612",0.956235525182387,0.994096585374316,0.927150081490734,0.776154131255127,1.00811570398789
"3613",0.94784212520834,0.989751672638221,1.02230475960045,0.839344294357457,0.977385361742938
"3614",0.805579239036134,0.930547663138347,0.951069519826557,0.857182992720145,0.916147679372223
"3615",0.978882853526811,0.954617491417321,0.941516473369485,0.805214115560826,0.895753891812509
"3616",0.924135749441116,0.885175924250927,0.728425810520779,0.760400741080017,NA
"3617",0.901381962451932,0.987781640049602,0.72372532941987,0.896722803909125,0.905732325015252
"3618",0.96372056769517,0.863891409762309,0.883362330612127,0.810197870222484,0.869865199921847
"3619",0.945618375548572,0.967911093093834,0.923416525371809,1.07510291315674,0.837037314635119
"3620",0.976975251686918,0.853700229842265,0.994012492368583,0.795021536291641,0.855523701401626
"3621",0.947411461152001,0.884035141002375,0.830547886613007,0.801254442694816,0.982617824115999
"3622",0.809629889522472,0.962763924710721,0.957373536835039,0.890229496404169,0.846089326018307
"3623",0.929181211400189,0.881697599483593,0.764729575553897,0.961285038062546,NA
"3624",0.969787575238034,0.972869960748277,0.972653897785858,0.82313633513362,0.865846418016875
"3625",0.883971411156222,0.94893616436062,0.702558238897355,0.943158999527696,0.988858938856782
"3626",0.949027286189133,0.926741858926591,0.997031669249872,0.917897888277716,0.90368618833113
"3627",0.869195638008792,0.89123977282661,0.905892039921216,1.00169308256037,1.07317003822075
"3628",0.932389215733055,0.973991452525003,0.954465756797157,0.683277106696688,NA
"3629",0.88001162523175,0.969802617063858,0.818312476547269,0.799926665160769,1.03085198874502
"3630",0.936618337057242,0.87659158529797,0.959335997663843,1.01701341288347,0.994416287901807
"3631",0.818081093285954,0.886276086901469,0.97931786529494,1.01262584936979,NA
"3632",0.965443120831422,0.952359531530284,1.02665958362484,1.08554995060146,NA
"3633",0.954513906581867,0.985368370873967,0.921834406496175,0.876889792190308,0.949415296558965
"3634",0.993520848702412,0.91608364085776,0.971526031796327,0.956993775235229,NA
"3635",0.948187297518894,0.984625579381941,0.89291831105625,0.987928585031116,0.983691070931667
"3636",0.941980958445812,0.902248362025279,0.74968519289294,0.855989878263628,0.96094230870012
"3637",0.954250051582376,0.981114855994291,0.941342702771708,0.717462237895123,0.999805282360342
"3638",0.854418225787302,0.968646309202461,0.774404494629788,0.895697693125419,0.860300854031207
"3639",0.93172506751636,0.865602644008291,0.930121202068364,1.0029318942336,NA
"3640",0.921736582076566,0.90605055615084,0.804093715210103,0.808923481822132,NA
"3641",0.946398036034177,0.788060016605986,0.957101324965638,0.772560579516556,0.91300513960882
"3642",0.966938497806896,0.950662405893195,0.72872321433951,0.729860436481659,0.952727526134501
"3643",0.955931246949745,0.983283393571053,0.864924494076301,0.91677339550983,0.800399113418955
"3644",0.914823768455036,0.987102255485737,0.928554531598937,0.776042031263718,0.890656327046558
"3645",0.937886063450099,0.872175022241221,0.911103403988188,0.599496798655863,1.04946629246185
"3646",0.951265797056009,0.907997511719514,0.951301170234555,0.862302034412519,0.919889496973203
"3647",0.922634330529224,0.966330606193682,0.914510927163604,0.920252113483687,NA
"3648",0.975474985319211,0.956843924699768,1.00045687654852,0.818648901040574,0.878449646023129
"3649",0.980669719847746,0.824502449203109,0.790268350202612,0.674065161160828,NA
"3650",0.906955763887463,0.973972899862524,0.874485645788992,0.917013325466802,0.901571977528877
"3651",0.969524583452709,0.909935557776809,0.819452396772115,0.86426460079239,1.15889720792628
"3652",0.906821179826898,0.9779021321775,0.8771223119518,1.00523133169141,0.856399759275078
"3653",0.903861957947252,0.992993171921008,1.0195362642817,0.769648725958672,NA
"3654",0.977455364821973,0.963030303086184,0.915659874785058,0.848411229344256,0.887642175763339
"3655",0.96681804365191,0.990243513946871,0.734448409864659,0.895300594003736,0.939056107144515
"3656",0.948134325061468,0.968352486224809,0.830550569522065,0.724343534489927,0.955057657994304
"3657",0.978617068266403,0.967941783858341,0.838494567027858,0.886697504408793,NA
"3658",0.962806860542106,0.888303110559125,0.877885025198573,0.997074268862118,0.892941740794856
"3659",0.862872035345392,0.912468982501191,0.942484195851466,0.728316435495143,0.845629412221613
"3660",0.832041840716684,0.98914628070289,0.935108225296449,0.93180878585112,0.804002510051404
"3661",0.865900210499881,0.821409501675271,0.853658364021272,0.802690858393603,0.820055591253081
"3662",0.941000924747116,0.956183293726249,0.831135506179413,0.847394689363888,0.955944349232833
"3663",0.847379742841882,0.708037338435897,0.831901172249744,1.04166972265619,1.00330042714093
"3664",0.956546245179859,0.940051237497187,0.812738013555365,0.8478685880836,0.998620356679379
"3665",0.968328773882213,0.972072718460725,0.82351728065111,0.768123785299394,0.951883558785459
"3666",0.940582937958482,0.97729499200144,0.956973783299624,0.864020957168069,NA
"3667",0.964127078712433,0.831900003519503,0.629303448675356,0.85921702993964,0.953797841347971
"3668",0.858695352787994,0.992325308199958,0.988861784520542,0.767341619143039,0.867718962036151
"3669",0.96516524113801,0.987204742544595,0.73403987237251,0.631509650575224,0.812385482710029
"3670",0.978568063755082,0.971590285426535,0.701532587598111,0.739727632059185,1.02529087274423
"3671",0.971800167200713,0.867652640329467,0.975340081157397,0.789457427130507,NA
"3672",0.958181280494504,0.874660587512938,0.812235494657534,0.716711781240384,1.06560648059782
"3673",0.957738489959174,0.974622060120041,0.715309281191646,0.876946573786249,0.961854449278383
"3674",0.86133034595921,0.961708038307647,0.953400349100801,0.767194185577144,0.903998622023291
"3675",0.953235316263466,0.976256691708663,0.931769294976488,0.944540107913044,0.953011602121909
"3676",0.974223160472148,0.934711873050896,0.834079605616154,0.88533387125318,1.00363831485001
"3677",0.976126939048877,0.79832189142035,0.947912772645055,0.852168551993599,0.901332177590892
"3678",0.855168649588296,0.767083046370661,0.943630969375144,0.727104136179389,0.974457612331033
"3679",0.925829016544266,0.955252243664441,0.635748436513688,1.08007794611344,0.884553526703955
"3680",0.976413524503088,0.858672635646353,0.790390893841742,0.757083884011503,0.744653635972543
"3681",0.906500328679251,0.930542948822567,0.888577536471376,0.8590034057994,NA
"3682",0.977937670577735,0.943632144985046,0.654405968500569,0.876079671127056,0.857067478025916
"3683",0.915963687224084,0.990321771793486,0.982354183041433,0.769620720816979,1.01290695577414
"3684",0.97929027423929,0.905756335083436,1.00743387945897,0.883962424877794,0.994579891200071
"3685",0.825346052718895,0.98200781741685,1.03389348098382,0.94570113667571,NA
"3686",0.973039503689371,0.886937101033893,0.925351325844118,1.02313070923643,0.970369143392308
"3687",0.942370712041125,0.88311416950995,1.00943319513048,0.751906882411251,NA
"3688",0.983399021290104,0.918363452022808,0.857028000786716,0.868407762989128,NA
"3689",0.953639495788899,0.917949483054227,0.613353435047822,1.02095575738749,0.987942686103859
"3690",0.872425671114951,0.99338519825463,0.903622323790868,0.794693052062017,0.754587855305508
"3691",0.938486833705231,0.971257413856589,1.03686867356629,0.729704575398427,0.936534391216701
"3692",0.91489667378943,0.785143985598871,0.908990822122094,0.736245693240399,0.849353606849837
"3693",0.972342848414176,0.984510731866053,0.961938150562939,0.80620922557559,0.982053784669394
"3694",0.958856920438956,0.78416584953919,0.911312041094754,0.914779742645267,0.975133493823154
"3695",0.866829421083363,0.864672615661173,0.804608827718683,0.783438554066925,0.950517453307751
"3696",0.941685891476927,0.980222551819357,0.740716303496684,0.80101749079162,0.906814503828828
"3697",0.951382507131389,0.925709072760877,0.869112620146034,0.82750898270318,1.10688137510143
"3698",0.883904555580649,0.956396120190556,0.880900330111436,0.780547238504209,0.971910233011789
"3699",0.937222193012642,0.859496062995851,0.959334657688807,0.779870984335178,0.962888819340598
"3700",0.959297387664771,0.959280294105752,1.01569290425728,0.90953206514213,0.955752988505242
"3701",0.973766478543948,0.883426469913504,0.771819320007262,0.797693314596415,0.867021163583212
"3702",0.947826007130772,0.735319700116593,0.825272050561958,0.681348974302273,1.04824429196414
"3703",0.951638912313989,0.890220919209692,0.918576521889831,0.849430416053028,0.93418669517105
"3704",0.899711694837712,0.691563116045175,0.702487995383907,0.727633414171087,0.854388699228288
"3705",0.969568524674806,0.983621172196489,0.914288192484926,0.871560426869742,NA
"3706",0.980497912367171,0.986707877954045,1.0198068659259,0.915580342629466,1.02149660722298
"3707",0.91603500001005,0.798285435521565,0.958492999807437,0.868763811077723,0.874945386184628
"3708",0.9509287163977,0.992705060305627,0.842457290990297,0.741039880782679,NA
"3709",0.979406317622625,0.92605847940015,0.906713522614619,0.817504386139683,NA
"3710",0.976475313525087,0.953112385165286,0.68874792350674,0.75260652177653,1.00060077961111
"3711",0.974999970195478,0.872512318206031,0.957172794914463,0.611397973462332,NA
"3712",0.88039391446577,0.9817862384496,0.881029151859147,0.871943318774731,1.04853052407778
"3713",0.974415575916929,0.937669349099555,0.847956347694338,0.899296746038976,0.886743813297345
"3714",0.967275922232987,0.90868912009239,0.768135438115711,0.784744662488922,0.948756051671687
"3715",NA,NA,NA,NA,NA
"3716",0.967026798656747,0.820070231018464,0.922734209021278,0.891622671347233,0.914469769447982
"3717",0.980147522312836,0.98943373314436,0.816090746383579,0.773799720101687,0.964138889488245
"3718",0.958329110870905,0.885456075807789,0.848101150320753,0.828218109950804,0.997198880964868
"3719",0.873837661011553,0.895233233923883,0.928948063459952,0.94250596472415,0.829095669913826
"3720",0.974172305294219,0.893360816780119,0.915794567935108,0.865210032068833,NA
"3721",0.937215634525566,0.995500156242789,0.999979838063877,NA,NA
"3722",0.969179077997455,0.967219894801399,0.821583476250012,0.97798065910039,1.13519540605927
"3723",0.972040374653851,0.985505486121198,0.741850329194586,0.71062286013028,1.12891685436759
"3724",0.827587239534814,0.888464286845947,0.714347260712379,0.673723932905265,NA
"3725",0.97194292608829,0.946192443198919,0.810268359626395,0.973462419451023,NA
"3726",0.94254294874728,0.973077400885711,1.00972533003784,0.741274814595514,0.817347689704719
"3727",0.939215643578428,0.744069217380517,1.02277459255394,0.866109403780307,1.09480387556401
"3728",0.965565633899793,0.908417650982442,0.891954887678065,0.752976963545165,NA
"3729",0.98400657712406,0.864212568634059,0.952632184390174,0.839006678860141,0.958801618946133
"3730",0.910927979421019,0.956125880334773,1.03505755394034,0.77393490647852,0.868211230880945
"3731",0.911309475224941,0.918907078300032,0.895070401057529,0.91102090897226,NA
"3732",0.954430377910095,0.762559317591023,0.956022793602104,1.05832717223039,1.10649112579953
"3733",0.936258444948487,0.981156171893061,0.898245553509724,0.629399827353757,0.916003199049962
"3734",0.960216516986592,0.991683703619905,0.941077545795547,0.800668363826475,0.950973357516466
"3735",0.824031973735469,0.93739231237147,0.758934056147539,0.803524027880273,NA
"3736",0.866687308802982,0.993292659365622,0.824183153787753,0.856827000722806,NA
"3737",0.970673032405632,0.975306078092668,0.828042055758151,0.831591768825593,1.08569696724144
"3738",0.973826654858784,0.912431260232648,0.733342013571348,0.74570231836476,1.01477008036018
"3739",0.881948484494064,0.971397549501344,0.985523608105732,0.847213228803073,0.977273135560335
"3740",0.94865485608323,0.981841872766461,0.823162466686743,0.984969579183693,0.986685637421025
"3741",0.977629765948627,0.799791543286373,0.816018655644981,1.0787400096984,1.03275509748914
"3742",0.890425865596953,0.916622230041368,1.01068529318055,0.895789499963655,0.99315057238845
"3743",0.94596989706154,0.99030679460845,1.01963301504593,0.827101807703988,0.994421731990856
"3744",0.963662140924231,0.891204433741012,0.748978148897181,0.574888736122424,0.954674684157154
"3745",0.975781954890828,0.827172825380333,0.782428221279052,0.76875896497984,0.883785756485069
"3746",0.956986785107762,0.961367144143975,0.930134972120487,0.773307701684609,1.03500983889974
"3747",0.965282512223714,0.951788573256857,0.860275867234999,0.872986595177487,1.04120249571546
"3748",0.965937528698948,0.880588742043909,0.8891863313957,0.778857246723139,0.769560881575818
"3749",0.901708937874158,0.904749180214189,0.813301233176811,0.845786653741607,1.03062147751115
"3750",0.845005378581928,0.893840194854081,0.892055484384386,0.626305349769373,0.876422741958544
"3751",0.965912429480804,0.993570776665917,0.825060688873468,0.687762240677331,0.916269314559182
"3752",0.968755891881053,0.99188904380604,0.776105767617982,0.715619730559354,0.825049919839795
"3753",0.895619825024519,0.969586327689574,0.896135111642029,0.884045274816932,0.922261924104015
"3754",0.978676498239615,0.969666703922686,0.987967666969893,0.824232648064403,NA
"3755",0.931063131944763,0.862322991601897,0.820448658340548,0.93960402087791,0.854031692702405
"3756",0.847538037836137,0.851675627961984,0.965150033582796,0.828540852665397,0.985746590006697
"3757",0.976028255379632,0.970014620405149,1.04475279674915,0.656924663088744,0.947823707344021
"3758",0.984855947636527,0.959670188269173,0.839058472402981,0.715212400790979,NA
"3759",0.898464097459533,0.985675382143464,0.984741077608548,0.682180115829159,NA
"3760",0.980593237849522,0.978004439403107,0.897720432387876,0.852082942996072,0.942739561195405
"3761",0.911846808399538,0.968532242223267,0.940505594367981,0.678818346417434,0.94531363630238
"3762",0.874787480907421,0.568318641904324,0.867248971911282,0.757504474004275,0.799512642567935
"3763",0.975509461329022,0.973333769665253,0.899376497189804,0.880887500396815,1.01205559688885
"3764",0.94265814026975,0.941429976536101,0.767648842561536,0.800473967698278,1.11975998587428
"3765",0.865918846375433,0.827400318544736,0.903699634026696,0.760751462261239,0.869095667986753
"3766",0.967479470278015,0.859408865718483,0.828667595981384,0.71920287689309,1.15637731403191
"3767",0.969211199042431,0.9625295518143,0.748979477491175,0.803087995916459,0.917394842663031
"3768",0.961397839732,0.870722832349241,1.01228532319583,0.87681951742199,1.03644080304336
"3769",0.962246200210368,0.987173112148489,0.955713947382509,0.773918343019009,0.93163002271964
"3770",0.967995830288312,0.87215675308752,0.929312823497401,0.815442679828309,0.760810627299568
"3771",0.878553502956298,0.763717695882617,1.02674215031243,0.797330312517108,0.957053756318433
"3772",0.947712252232394,0.911208479093933,0.844750997829199,0.907934588434242,0.931464210614433
"3773",0.959760464074612,0.886898699357359,0.972492420445141,0.879280536219391,0.919284116998168
"3774",0.890516550283118,0.959110694743519,0.91344417904123,0.739828621330685,1.05466674966517
"3775",0.91420611680168,0.967897714769272,0.796744591744931,0.652344837296743,1.10331138932117
"3776",0.978418409702107,0.87563195501758,0.724108165932315,0.794461693798686,1.19080866656362
"3777",0.971379325176207,0.864492099342661,0.785001393528259,0.949500649423345,1.05786127330116
"3778",0.959325708860455,0.974809382888862,0.897042627386083,0.859234690068833,0.841971997571015
"3779",0.908242777084478,0.974434606149458,0.816109524494528,0.999752720334454,0.869361384252245
"3780",0.945029512039781,0.865624818679221,0.83495520749212,0.847203382242536,0.7994228631726
"3781",0.98205095134756,0.895024908892964,1.02471230853552,0.925467254966748,NA
"3782",0.961537895921639,0.895435877488542,0.923856177348007,1.00033965228116,0.905409583629632
"3783",0.985653535793543,0.99334094616519,0.984073496122958,0.904101275700806,0.747596136087742
"3784",0.980024783869294,0.922363465538461,0.86437851997169,0.822266101102153,0.945802086419193
"3785",0.910782759011665,0.988721924630446,0.905206035017291,0.724871324832405,NA
"3786",0.807665788609747,0.882563232830131,0.844765380775006,0.920213232475938,0.872133792016548
"3787",0.977912457999181,0.900368895761201,0.995268494833514,0.81410752111604,1.13983766237058
"3788",0.911538267261749,0.911551851814466,0.921063292116401,0.767184648936933,0.855933573773517
"3789",0.913790115904755,0.944371154750877,0.822765502014013,0.94795239696226,NA
"3790",0.869743972811232,0.840726580283027,1.00720469699278,0.755484878278349,0.942693706837428
"3791",0.985136773437395,0.972949269882524,0.935084454124153,1.01658946328517,1.15809401096176
"3792",0.94286164516165,0.876614191175518,0.786005015755976,0.941390736924996,1.08698528400169
"3793",0.961724555285776,0.980438062114867,1.03103022622494,0.707563997237865,0.875017564561062
"3794",0.957596140998024,0.941512677273678,0.955047620487713,0.949738606244213,0.852135593426349
"3795",0.792739931394652,0.769751989860604,0.962495593608367,0.906701560959455,0.969260346483615
"3796",0.969576299591644,0.922223950901955,0.750765189491487,1.04730163114596,0.899611937944907
"3797",0.972868243044971,0.882037360511758,0.815092983222187,0.835698452745103,0.966400672960319
"3798",0.962144988955093,0.902781186078547,0.941090719041065,0.766552378495577,0.718752495003576
"3799",0.965916444473399,0.972158422056731,0.850817296178625,0.868864758900371,0.890644380236255
"3800",0.94744434867752,0.986137660295358,0.95787036591359,0.797943928136954,1.09047138797262
"3801",0.947189067243347,0.991509913104619,1.02555295499003,0.872960600602138,0.887058486388314
"3802",0.912511125290617,0.895289863421959,0.950175734955868,0.717577806632357,0.965756239324711
"3803",0.890823014132784,0.98090497193384,1.01874890569606,0.686076660418222,0.843143363697192
"3804",0.949933488659898,0.963820037192463,0.915076743881436,0.813546882635728,0.850265598946409
"3805",0.964985973383175,0.936311154888644,0.934040442137489,0.762696986580129,1.07756654964504
"3806",0.885752249304321,0.97752899431661,0.968510641687692,0.758790367132539,0.928017473785042
"3807",0.978601034308984,0.842270723689297,1.00841743815495,0.922506522509147,0.988447505675743
"3808",0.957129631859844,0.997065862788076,0.945013374865246,0.64507920124137,0.828896393526881
"3809",0.954710166607935,0.987315991459841,0.742220720090804,0.862019528601865,1.01525019041275
"3810",0.964667231430266,0.978011841388732,0.969496297038129,0.721635462272203,0.950006199476081
"3811",0.911888108901704,0.964924748200659,0.658592227354767,0.925723003013818,1.01469799092228
"3812",0.806862043913321,0.971736666469386,1.02119817058484,0.93586316252164,0.935606159130165
"3813",0.92743417352685,0.966756481382983,1.02824832162621,0.708567961836276,1.0087476237447
"3814",0.896450613620964,0.898766727159392,0.848227606803075,1.09066783391721,1.00499850175493
"3815",0.957809247467461,0.969928943476239,0.876859253173899,0.765326503457124,0.872780698025076
"3816",0.970381870350187,0.967826825854721,0.977363783327249,0.850349340097242,1.0198453857537
"3817",0.976537647617335,0.987247390567401,0.985430145610898,0.955064849777878,1.08098244545483
"3818",0.979457126646988,0.921764918970329,0.930500401647915,0.912931881424507,0.755261238491362
"3819",0.860390063067393,0.984757797920673,0.953653342491743,0.824801913218367,0.963774230335057
"3820",0.966277613779949,0.955914116644479,0.806376774754406,0.809690570567688,1.14874215515458
"3821",0.596331225358819,0.976927285497377,0.883211604853231,0.867870628551,0.950467784580349
"3822",0.902766581989846,0.957976051837881,0.929575228011441,0.703370895242336,1.08363460209587
"3823",0.934765236779861,0.990928257502231,0.929542756633643,0.563143976441317,NA
"3824",0.826765916069657,0.789281206730048,0.957931856779875,0.848221890573559,0.854949414870085
"3825",0.968713237555667,0.906301069557941,1.0310369478595,0.816256982556613,1.12751967962967
"3826",0.966887954511195,0.92473772931225,0.89017104488465,0.979408100595642,NA
"3827",0.968918333104695,0.914142055921561,0.967975188569913,0.954157059557231,1.01930200263919
"3828",0.887438729197448,0.91014324704728,1.00957859618379,0.834842466624635,1.08249109714406
"3829",0.989848152223138,0.995883894860653,0.796504617478059,0.810922822898963,0.998358835783062
"3830",0.976192787748952,0.992633130652367,0.972240996377719,0.803068756801655,0.99930668641302
"3831",0.8723469139806,0.988726839037898,0.796228134952434,0.905576592152345,0.903272921079135
"3832",0.990012110172187,0.987567558860388,0.868199483380762,1.03414908285875,NA
"3833",0.853489766143106,0.993367474448099,0.719925112181896,0.794225357929621,0.799780438303683
"3834",0.967720359221684,0.956435560391972,0.952763162482236,0.967984436065968,1.04752879753972
"3835",0.972833825787519,0.961916105969991,1.03233602857018,0.718401681912536,0.730768698938901
"3836",0.894409647905463,0.954080097757981,0.838895930692382,0.733381452265797,1.05251830194191
"3837",0.952398315185607,0.974392053637863,0.979594903533698,0.936082605896913,0.84958409756861
"3838",0.935898409551752,0.967917874060054,0.860614508765704,0.814750815878241,0.87779254295498
"3839",0.980496346795311,0.840541235752368,0.846454619169783,0.7211530101846,NA
"3840",0.980009026247945,0.979488816358713,0.93177625818666,0.836538288665761,1.12077985250677
"3841",0.968956515503433,0.934985940104409,0.735795483761056,0.78300548468266,NA
"3842",0.960135289821718,0.972387990917367,0.802036052900645,0.761014214472468,0.909202650581837
"3843",0.952961674665344,0.985052880016802,0.77146781868623,0.99882118778077,0.933468882738548
"3844",0.974363793990006,1.00853661667347,0.867752143617487,0.760727492013947,NA
"3845",0.967724941727253,0.959795409386441,0.686185853498354,0.96983978957488,0.831584969787782
"3846",0.985284449199871,0.955929534360212,0.844204150594862,0.67719038439731,0.923946013289751
"3847",0.710073974777289,0.903008583415778,0.895182659348652,0.710221115232159,0.862649784842866
"3848",0.959147875862794,0.972680272512805,0.857352947161395,0.794700045321744,0.855625535454104
"3849",0.75427598817763,0.87670647694262,0.825696156933807,1.02942485819027,0.876968216572037
"3850",0.852936926896601,0.776300627633703,0.875075677788591,0.710893035096466,1.16894055053661
"3851",0.976706096979183,0.990694630048284,0.968847615109008,1.02654923766127,0.938946585690987
"3852",0.972819047794593,0.967187323980724,0.887793630298424,0.713746413432754,NA
"3853",0.963914409296428,0.776286231634711,0.751567790780773,0.862927337204497,1.01784295586947
"3854",0.977959465018519,0.951799461258307,0.872643255889032,0.86859412779119,0.967949578424698
"3855",0.902784248552025,0.979810800129141,0.653700582735593,0.784177650247515,1.07250365335262
"3856",NA,NA,NA,NA,NA
"3857",0.963146517169407,0.959992186901768,0.950307288403347,0.723769756782387,0.909234050566762
"3858",0.944503611471429,0.960638520249152,0.887107886269452,0.850796449444749,0.899152176945827
"3859",0.773257912397515,0.986934158210324,0.884028677944297,0.679487600407847,0.953448903939496
"3860",0.876214638686048,0.971468177022413,0.83162442495061,0.886364952816086,0.896220698131498
"3861",0.972768319446098,0.993049045638867,0.982921582987406,0.685957526055578,NA
"3862",0.979536213040045,0.982375966569974,0.73337106284504,0.887854069114779,NA
"3863",0.973948437876677,0.986464601332743,1.03061949361506,0.791303249449782,1.00080687426653
"3864",0.906623618740043,0.953066930498018,0.853313387997532,0.84874370313782,1.03472441485215
"3865",0.935779219302312,0.838796669085929,0.975847690127074,0.628186136390643,0.860816687606771
"3866",0.960406078948573,0.885755312919697,0.780802163285658,0.693751533452911,0.825575554254676
"3867",0.914860094448926,0.910195048742414,0.979565850497479,0.771869716360535,NA
"3868",0.961233063000434,0.986341549490817,0.905064421144918,0.799507301047339,NA
"3869",0.948460227198075,0.802840298269628,0.807094449057061,1.07279529160935,1.05739822836097
"3870",0.965707815056393,0.946948160663147,0.883661557858388,0.960469915615378,0.926181442632567
"3871",0.896796935473752,0.894354989906347,0.892174193992028,0.827953226478118,NA
"3872",0.981178041971623,0.984692063382579,0.759371561564537,0.900117360597322,1.00966063389306
"3873",0.974661233340313,0.929281816769578,0.91270187385986,0.762323831804193,1.01299219151326
"3874",0.939534833733928,0.976371904879477,1.04331227852188,0.773982872462185,0.918398182905989
"3875",0.977635231140055,0.947477451910838,1.02484384803272,0.751754592826198,0.729116199899694
"3876",0.973612591673097,0.98938316463235,1.0015582381148,0.912265280601477,0.865434662056625
"3877",0.869666746183439,0.943902018553722,0.846576766680763,0.997881627921802,0.773085112132771
"3878",0.982894681427207,0.9178264885692,0.730907353055887,0.762438897948926,NA
"3879",0.8741801383381,0.909782589438827,0.922792292919443,0.707708852983278,0.775777107337797
"3880",0.796127532089805,0.979114349745893,0.935200779833582,0.681642860678473,0.966726614211131
"3881",0.970995779564789,0.956802459411268,0.809858208280226,0.735052751376682,0.980930998812702
"3882",0.968074369876686,0.966920273072626,0.765485781750148,0.967515039874011,NA
"3883",0.963017256928118,0.998449032630487,1.04109431746332,0.833249038330107,0.915596322938189
"3884",0.948903067428301,0.963564060287776,1.02805763249456,0.905850707559556,0.98637137801065
"3885",0.869807551903118,0.911520481449767,0.814031011760587,0.692071915618352,0.94598230049053
"3886",0.835791455379071,0.926520005786003,0.86103368062078,0.868617103739828,0.941953783300026
"3887",0.897344257885467,0.799444045636265,0.693679704614448,0.775724582036348,0.75485457188079
"3888",0.928348761281849,0.891746102382528,0.747285041733245,0.875570824495646,1.00862720853185
"3889",0.951306096069551,0.999493041055894,0.925257582230316,0.831564534791426,0.874844860890283
"3890",0.873190688311266,0.983907172962862,0.840520884129963,0.862357499374574,1.12836446822401
"3891",0.899500792853735,1.00492823034439,1.0061336020453,1.00324142998506,1.08470123142887
"3892",0.942670660321412,0.808938269612665,0.921048165333323,0.933193343038529,1.1076526988162
"3893",0.975954279093353,0.883203816166659,1.00679037329067,0.875033575899554,0.968074740403791
"3894",0.962806642117873,0.960280284305368,0.915422670184016,0.919033761347535,1.17186157966895
"3895",0.840317312514944,0.860070488749596,0.953045125223578,0.814844776212014,1.02237658826785
"3896",0.872904082927085,0.932394018146824,0.68723102875097,0.693268445294308,1.08404863769447
"3897",0.971889941951566,0.85095013397494,0.829415511512987,0.636071848694245,1.0324917110084
"3898",0.963017524094473,0.968528284328952,0.967347543096221,0.907550828962179,NA
"3899",0.977175618580375,0.979294976727643,0.970317390181525,0.920536239116887,NA
"3900",0.955235528422387,0.904022244890936,0.851085048017249,0.684519274431321,0.971365706392382
"3901",0.870480514390155,0.978800578228839,0.779547293042127,0.862977085051541,0.875147631529896
"3902",0.977235854255739,0.981014914123938,0.827962657925911,0.63218736787765,1.11293552896646
"3903",0.912413683746775,0.818574451164371,0.861474869768468,0.886803472138051,NA
"3904",0.962665308621418,0.867003532716071,1.02082693510484,0.949236917910709,0.93270877208232
"3905",0.867808499557436,0.819683286525674,0.784750863483288,0.680210782941997,1.0082863807407
"3906",0.955738969775386,0.996945925189216,0.919860583847382,1.08092626903457,0.92089203433375
"3907",0.966241226958937,0.983845749206022,0.957503475388036,0.981028924179465,0.863840311806553
"3908",0.929034749192611,0.970628009559139,1.01178595987238,0.8777267362507,0.940359703013271
"3909",0.966505701673598,0.870993100565939,0.867172474905596,0.99982723109668,0.969891195069824
"3910",0.967504334320048,0.984255573406608,0.680604788504964,0.789619409099524,0.985633546481981
"3911",0.972250424980551,0.952671482610432,0.971682298145232,0.874705853571387,0.884069800353273
"3912",0.818373734680591,0.990989867168284,0.726860641685143,0.991266513816259,0.819715660576019
"3913",0.949312584183389,0.984703095015696,0.762251880610991,0.770414779304128,1.01241990635887
"3914",0.972716549520114,0.963961685619397,0.785142739822049,0.741994821634034,0.897968022285154
"3915",0.970081865256454,0.952664916563572,0.992006493153567,0.749199564634728,0.905611931063633
"3916",0.942916878656173,0.891330265815084,0.874009225216459,0.824726345800813,1.04910546711873
"3917",0.910481474710893,0.571503309044729,0.953679261811903,0.918800192220818,0.970602924606345
"3918",0.885563410134736,0.950654664476448,0.985382534825149,1.06003044458071,NA
"3919",0.860855277696666,0.870349460606222,0.833674670429855,0.928102812422053,0.920425735841039
"3920",0.939590905005345,0.985431452709694,0.900416797398763,0.875830424128859,0.970891793500934
"3921",0.983573259328842,0.919483906021049,0.862260518179378,0.683417142243445,1.01281268255488
"3922",0.972707512964444,0.991902337631526,0.908581556363666,0.628201696872101,0.962426159684362
"3923",0.974232313091614,0.968295666761941,0.895599411128198,0.929509704131565,0.87305961635518
"3924",0.969182183211238,0.959200110863945,0.714938580919356,0.920525090314467,0.850523155394329
"3925",0.965397576389657,0.864485401506517,0.938285654483084,0.893697561337249,NA
"3926",0.98473534558357,0.984409200339269,0.822621138628447,0.803488898416586,1.06481702316335
"3927",0.555638357149122,0.97739817397878,0.835817875439723,0.887823354487055,0.943979965562143
"3928",0.959342868678602,0.946694906248626,1.03709571364709,0.787814054036067,0.995517713684862
"3929",0.964994854038679,0.977715426975867,0.879014521426446,0.812974918577543,0.964377582071571
"3930",0.91367802068913,0.984852198270694,1.05021103944061,0.797053435821094,0.8100001668111
"3931",0.735271970518383,0.991587806956932,0.906837036229528,0.627763684987173,1.033715425096
"3932",0.980266826232875,0.977532645075141,0.895395896144954,0.854169844314031,0.936328506614866
"3933",0.977191812956518,0.764284050041615,1.02062606024898,0.796584811530076,1.13428704706324
"3934",0.978831970188247,0.986648471405628,0.997057451976938,0.875017793834575,0.908864144503086
"3935",0.956838352108526,0.979122342807102,0.776013463829966,0.735861741822031,0.955858117300075
"3936",0.813080275851182,0.931366343841244,0.80044696002304,NA,NA
"3937",0.946372623944279,0.976039538657553,0.718230386283066,0.958254132560345,1.09259341161356
"3938",0.959023241078852,0.811272107706908,0.954281697315745,0.888669400446107,1.05969212461288
"3939",0.960216798625776,0.877458606026086,0.895497121210588,0.662668964450625,0.856395116077909
"3940",0.97444829261589,0.974083080657638,0.88396578860062,0.816914103744573,0.914457486612875
"3941",0.970933593319365,0.933407271581652,0.948595712498309,0.85589821441936,0.971068920741282
"3942",0.965457430722277,0.983872438181453,0.882474230098881,0.732226626167815,0.912360953240115
"3943",0.935174808502411,0.996270768269073,0.978109671631504,0.701512097362122,0.886293619003125
"3944",0.974040460898283,0.839906206778195,0.630996385857939,0.728038866930342,0.926815579833413
"3945",0.964785898739873,0.924790804623767,0.827248247419316,0.828611984126846,NA
"3946",0.948335843748572,0.908156911022908,0.884612324297727,0.789861589084367,0.98249895273795
"3947",0.869121343312078,0.864171900858802,0.900598879077703,0.813128696047378,0.91481337003936
"3948",0.976671051390711,0.961680366792517,0.749147453290191,0.940791971439,0.919065318526562
"3949",0.802694911486706,0.993497511692416,1.03685684179614,1.06132224719506,0.967800731067594
"3950",0.976284108832035,0.987053005266793,1.00933731456813,0.945193984475497,0.798603750329811
"3951",0.859510012317487,0.850567123033779,0.932578225148888,0.925828004290302,0.995531742838861
"3952",0.849637367165261,0.969090105729724,0.67461280621522,0.770713516931122,0.928644715568364
"3953",0.911107953736258,0.960122455136241,0.592134746491369,0.819552351897763,0.8075456785121
"3954",0.971503951683095,0.975267573306455,0.798442502562298,0.745510816889339,0.896736778080049
"3955",0.868646588739707,0.955658633100075,0.984307723732778,0.790883961013795,1.1527725469642
"3956",0.94647911653297,0.850225736834232,0.81344609760916,0.988830925176337,0.989157275883244
"3957",0.879015702968238,0.935672817452358,0.814692245869666,0.817926399224642,NA
"3958",0.857260172379643,0.9613708263169,1.02082449851385,0.764368731100943,0.915696804065465
"3959",0.68050416271742,0.979239731574913,0.774027518701515,0.779890517557827,1.13896292578306
"3960",0.944321228784418,0.846580537633042,0.637523923071569,0.756946604860161,NA
"3961",0.872495078055554,0.951019069455006,0.815715724160591,0.950918223168686,0.91848592408443
"3962",0.969443735465346,0.992833178254486,0.914821540527866,0.8353283430528,1.019329441777
"3963",0.961499540955333,0.917515422937578,0.945322749072077,0.876160261326125,0.879682021835773
"3964",0.90701541127617,0.969115446070556,0.970487349849862,0.882947501770992,1.10934696294146
"3965",0.969248569101507,0.790387079194035,0.821113738187726,0.668842324377009,1.02485028184524
"3966",0.831774014930456,0.811641025218319,0.713932908857229,0.876623849998026,1.05425351491994
"3967",0.968583933032577,0.916607964675905,1.00421626995572,0.750491069495015,0.960728942877587
"3968",0.958798922898157,0.953357228192032,0.688332880894173,0.89385049894695,0.81322601322651
"3969",0.823725018514041,0.957559760323643,0.655618707101161,0.988821533798861,0.817399689934877
"3970",0.967932712636928,0.989153548541985,1.01386503951171,0.901426099203183,0.929094467740439
"3971",0.929888316691154,0.921301132896553,1.00322163505031,0.808837120277928,0.863106718694455
"3972",0.887065189438449,0.89021653655795,0.850371484103458,0.733615600161836,1.10212342773263
"3973",0.87274650896854,0.987418826422487,0.945108640550204,NA,NA
"3974",0.940075954274041,0.983089882324986,0.941533715925307,0.852840025265343,0.931348252091698
"3975",0.894262310152194,0.903941915139863,0.868188084610346,0.7215763252063,0.894179157523986
"3976",0.968853736065067,0.973091934512595,0.840749227748338,1.04990482325443,0.998735705678922
"3977",0.959700577358862,0.984675403658306,0.865987319704911,1.09797310951994,1.03115995369417
"3978",0.868188543971726,0.971140705087755,0.777221182223265,0.776220088276301,0.905838073730029
"3979",NA,NA,NA,NA,NA
"3980",0.895477690156233,0.980058111530682,0.890744791336782,0.611977869329141,1.00546193486518
"3981",0.920628728293949,0.90661743818078,0.933010052676532,0.850651515033576,NA
"3982",0.966463364110233,0.867518191387798,0.795327605118698,0.669388609919731,0.844312059122947
"3983",0.866965679735599,0.867069212169156,1.02065834445875,0.820521167178579,1.01046658060621
"3984",0.964509165240549,0.882658870869129,0.912318587955396,0.788399120402604,0.987477004087734
"3985",0.945283176570697,0.918129764881881,0.912835814316392,0.800663600113832,0.849206364368514
"3986",0.848899593916356,0.910600963670777,0.821091799767397,0.628753845298118,0.859756259176138
"3987",0.95184004040255,0.854475431144685,0.72446470387353,0.759889596144559,0.832929302078065
"3988",0.964680215483271,0.982256470364158,0.92372495952023,0.649321541575056,0.875168879171635
"3989",0.960261261296748,0.991386485629086,0.815422567195773,0.975059404087853,0.797583013342656
"3990",0.930432951454984,0.804283675146868,0.660894464506402,0.959358194861367,0.762487613326795
"3991",0.974068852539417,0.981271134311863,0.770518081211899,0.816696551048292,0.955374915382612
"3992",0.86781597873067,0.955797638866127,0.929549027583936,0.964158052859427,0.96900834093726
"3993",0.882589580416756,0.858955095521493,1.03693857456663,0.788173881765361,0.994510966411688
"3994",0.939021330949564,0.92788709477187,0.919779520246714,0.675382822012649,1.03585908245385
"3995",0.874218776619533,0.964965448017532,0.818857746098245,0.71839586602189,1.18107328299753
"3996",0.97248840462272,0.988667255762058,0.832040167675513,0.740769772238656,1.03710197101727
"3997",0.871272371678155,1.00667570470486,1.03368818368671,0.798750767970616,NA
"3998",0.967678534741363,0.986672104953897,0.682923328505646,0.67237335321331,0.85884440028241
"3999",0.909064805223021,0.984004548501872,1.02431396745475,NA,NA
"4000",0.965372037190422,0.970536378256505,0.939060974842117,0.946237136486959,0.831981786179104
"4001",0.871375806673556,0.923985961624018,0.849040315450841,0.712720666523714,1.16477875933299
"4002",0.976025829434465,0.901116148007249,0.69083806626485,0.827634890466891,NA
"4003",0.975200417948793,0.926642113785319,0.735029013603957,0.913798592209326,0.898811650401317
"4004",0.937291615537749,0.837604820886903,0.738677941510368,0.796217803694319,0.906858911536283
"4005",0.967243967837436,0.817931532224956,0.811723111143259,0.870263014214024,0.970971982700603
"4006",0.791098845354659,0.821838447865871,0.899134839130663,0.750159369038675,0.7817906599532
"4007",0.946914219401817,0.970098418429607,0.958039414676809,0.982122593494585,1.07613185095173
"4008",0.976155833778562,0.978060693712795,0.870214763650744,0.950726775659771,0.898908742014523
"4009",0.921318007821375,0.975338410941578,1.03942559288584,1.09819170200768,1.06931886640746
"4010",0.971064942048409,0.987925883764561,1.00707965597489,0.853881986025227,1.1056203612821
"4011",0.942729507431076,0.957015450346057,1.03590287090225,0.791017365914462,0.901361561722395
"4012",0.817867204300177,0.970577056146994,1.00960528603379,1.07391403521875,NA
"4013",0.839450492296717,0.992870734908162,1.0351364673815,0.945007472088764,0.845638703110468
"4014",0.887351698775337,0.955693797542655,0.870928825264277,0.980039861859476,0.912303248807324
"4015",0.969304545726909,0.835891783247501,0.825879420677448,0.811232290126766,0.933047451905251
"4016",0.954672337651962,0.914375131217427,0.765579452652434,0.768087637981812,0.824196944985478
"4017",0.954949337233837,0.927841653168536,1.01724190018612,0.708422635254126,0.906113014090699
"4018",0.978418670858315,0.936338833936788,1.03584431628645,0.854678956578015,0.720486846992061
"4019",0.912858267974393,0.980046959956466,0.796923838812223,0.675678838361942,NA
"4020",0.814817131846391,0.905763838527096,0.967212126919939,0.779262451796027,1.09499461422208
"4021",0.982949829131925,0.992076228049733,1.02094830173344,0.883526836249769,0.962740368378548
"4022",0.961000821899474,0.908252963521055,0.797047025521239,0.846525014728254,1.08618379649832
"4023",0.974038819659306,0.993516456904059,0.771550747034264,0.884180535660221,0.871217160832729
"4024",0.978288759417739,0.990083717064413,1.04290526632153,0.866464171606082,1.10144205825241
"4025",0.900953206644943,0.972927383106523,1.01364938257269,0.760788267712747,0.99233904787356
"4026",0.859395613651165,0.815496882922418,1.03300305057134,0.737047239795304,0.913704868029752
"4027",0.982548640565804,0.963735640644978,0.920011385561572,0.791609586878245,0.883112908745177
"4028",0.980213406919981,0.983771501814727,0.847234312519893,0.838401773378828,0.91817936230341
"4029",0.979097721946196,0.893576168353742,0.870799002897837,0.984988076517444,0.98772468357622
"4030",0.973021472145891,0.983674609256222,1.00803011099895,0.732496946481748,1.00898350180066
"4031",0.969523004184645,0.983677554383556,0.910790643891561,0.831152914060647,0.828794766571891
"4032",0.958959305510901,0.866634884656604,0.753939058444274,0.845862718582804,1.04624499055878
"4033",0.852131144786214,0.972347791468158,0.877854387850612,0.847781059552173,0.920971097224497
"4034",0.968416902391325,0.941227637784029,0.91059248504914,0.79273322210305,NA
"4035",0.873408075770862,0.985092586593412,1.02480053824823,0.637050242906397,1.03841307539557
"4036",0.924295046047052,0.867319900699305,0.875726767089616,0.749891736980314,0.864286660596121
"4037",0.965678457140706,0.967940163118853,0.7262830836458,0.923522925147065,1.09266018870222
"4038",0.932331071343055,0.972942627946572,0.865712429205211,0.692564250548221,0.931311432658887
"4039",0.979273571658514,0.884294993121891,0.891596691227037,0.783170082930343,NA
"4040",0.966780246652365,0.945933822913889,0.856725459623468,0.757161737703937,1.04922545090957
"4041",0.975767092119487,0.824816808872474,0.738605310767908,0.899674515567058,0.926776716588569
"4042",0.893118567584769,0.926494679215521,1.00131283469074,0.657734938917629,1.05445077028853
"4043",0.983371136232511,0.97400920416602,0.98603850699681,0.662480993719314,NA
"4044",0.895926727825815,0.891528109871011,0.788427235801279,0.742147491479284,1.00772152703544
"4045",0.96875529814169,0.988569957544302,0.984844230264488,0.663234680942657,NA
"4046",0.988235477657294,0.948503500344151,0.889644345104047,0.959603901829532,NA
"4047",0.935702064741007,0.994521950206894,0.73636590574394,NA,NA
"4048",0.940140709879897,0.871822362039512,0.893160225759164,0.756875550062931,0.858206039026703
"4049",0.942618186675696,0.882210420825163,1.01623038169396,0.688293265411909,0.98061923830181
"4050",0.982764918564044,0.880247497747475,0.886616685111487,1.07334621231564,0.899662529828
"4051",0.957175586886374,0.806889766577498,0.931354740518425,0.755568998626789,0.873995935885837
"4052",0.889179732065734,0.984604818684918,0.840337065390712,0.788267327545291,NA
"4053",0.959879502013513,0.884292652355931,0.846772681928014,0.802832057094661,0.926754369624838
"4054",0.962809893931558,0.986308222559447,1.00108894540735,0.827652878100166,0.942029875125002
"4055",0.966075048142597,0.90326148842382,0.901363362433783,0.779544850268591,0.969004162254868
"4056",0.96491613347756,0.986235660273997,0.9103058106347,0.851155599362921,0.932981893447387
"4057",0.882172093983839,0.973407960206874,1.01446740310756,0.742326974194321,1.06908953338552
"4058",0.94046894840969,0.992569747493934,0.76990017271635,0.969389119704014,0.977054080022383
"4059",0.970922080085493,0.831999250840378,0.683787579942029,0.748342980075882,0.939954491837785
"4060",0.966635964346675,0.991801214881224,0.834148511058393,0.88999358847425,0.926797102575027
"4061",0.959137101859445,0.974702917826224,0.733676071861266,0.990377001651416,0.928051242674389
"4062",0.853401286033655,0.910568381513055,0.789371877920547,0.785512181174287,NA
"4063",0.96933362210085,0.9657520946148,0.679337075378091,0.951110571666107,1.075591673148
"4064",0.956511707225062,0.881407247997509,0.821526670662292,0.770977433828488,NA
"4065",0.957814081159879,0.849141892976321,0.823917089972888,0.929008196438509,1.15009240433599
"4066",0.966458245865569,0.827614267864166,0.702615024573413,0.769811235699514,0.815587714048918
"4067",0.986219302072385,0.981500047844192,0.816579611240804,NA,NA
"4068",0.898812720322885,0.976206641062008,1.00618251636473,0.951716700029321,1.10080109029194
"4069",0.961130947190457,0.763525295015335,0.971822000263153,1.10030200036779,0.95809608949185
"4070",0.96935260868849,0.866737544294061,0.758735320293661,0.795790216518769,0.902813112159109
"4071",0.833118402493992,0.988006805923698,0.87633744765128,0.724313345083042,1.0279220016008
"4072",0.968452910252927,0.844124081505173,0.890514387718885,0.972094882878708,1.08844308103118
"4073",0.934162180422487,0.882499273962267,1.03127399989019,NA,NA
"4074",0.985254558602781,0.857445698783161,1.02969876522694,0.729044496680433,1.0177825153563
"4075",0.959867036955301,0.992584533242906,0.899705097127077,0.874050767632099,0.76906242554931
"4076",0.961379709270813,0.983262105530505,0.757102518084741,0.699627023633487,1.03440454126255
"4077",0.962381616729526,0.918020637977018,0.721976267472237,0.895442739857864,0.895391157543608
"4078",0.912989967288707,0.98493625363509,0.961694110607181,0.819382874048671,1.08927049358461
"4079",0.752194010182598,0.778716588159856,0.904839741652682,0.85763439200088,0.918034143040263
"4080",0.967956133940149,0.98152713977855,0.7055619022795,0.843373315787147,0.864833671288883
"4081",0.966764137603338,0.899629766428215,0.835769770127897,0.927109144551755,0.9959772732054
"4082",0.958157477391535,0.964139058994376,0.93814776551902,0.899607461173484,1.04136834530388
"4083",0.966685226792391,0.980206716122287,0.833929919492594,0.991475404878166,NA
"4084",0.77628396261467,0.918190200455541,0.843413570595832,0.7516695138896,0.881317802007337
"4085",0.9771068199367,0.876932514255463,0.617180536227681,0.797701947788406,0.806004926081378
"4086",0.95243349915845,0.743269482200327,0.902747990057558,1.09453155767441,1.00072211171692
"4087",0.790719091254306,0.865787392830214,1.01437026374132,0.585491227006803,0.948775671459427
"4088",0.881394461434932,0.911420334139002,0.648063490616945,0.676502968467703,0.888366869780746
"4089",0.963151966105552,0.968348041896416,0.790449488568233,0.862925780202059,0.969001681313287
"4090",0.972695770848489,0.951667561339963,0.924981359319044,0.587542108814076,1.1082820772098
"4091",0.977594463327077,0.989450543442397,0.956198316090797,0.668352231136454,0.852875213931532
"4092",0.861633899257912,0.961065618452943,1.02041617477714,1.02062113364257,0.972379609617211
"4093",0.920972076580176,0.923151745527678,0.833829478743002,0.970527177332239,NA
"4094",0.946904705937249,0.919344167107602,0.889188876816478,NA,NA
"4095",0.933618856770671,0.969064871667835,0.759279530880788,0.929708016710043,0.799085317120504
"4096",0.772399765186118,0.964825049636502,0.939268539646722,1.0799039172341,0.663303411275091
"4097",0.902176308799197,0.975664255242394,0.821288631067862,0.945642565683452,1.10413500951507
"4098",0.969779442043982,0.920953466220047,0.834977125634,0.94836551534789,0.787348035179466
"4099",0.964596886321183,0.961461619303262,0.803334203182715,0.844444159409173,0.954145398272031
"4100",0.980484093932986,0.971789694391063,1.04038601614648,0.662619011005822,0.815110888456873
"4101",0.964521151834647,0.974082032761428,0.899071663168175,0.845803461232921,0.77616101792207
"4102",0.951898764292401,0.969712436013596,0.758477187592494,0.921003167141144,1.02485544788655
"4103",0.890695247707899,0.948719162640544,1.0366561595085,0.801950581038228,0.809010643174162
"4104",0.932149220155452,0.997856110723479,0.859551251091528,0.71610897083421,0.971352238722416
"4105",0.960023588366936,0.925235218585212,0.91814497239798,0.666505199800368,0.866551053801456
"4106",0.969705892954147,0.91723727025354,1.02215559813985,0.820152280078291,0.944800106742809
"4107",0.973077370684951,0.694926127738823,0.857501130397289,0.799351195061507,0.964827945173845
"4108",0.982956909908663,0.893415105636099,0.748857506092697,0.984547931927433,0.893529484149924
"4109",0.93008329057874,0.95401108035716,0.875006904566888,1.02519000661521,0.865359997067151
"4110",0.977746400936515,0.879274637631821,0.942295391472442,0.952543689999172,0.811537685727788
"4111",0.963675517946783,0.985868695859848,0.843637911162351,0.78969754609878,0.890888351401703
"4112",0.973987030633842,0.794475887579392,0.918348120194256,0.820490562265968,1.00743745135878
"4113",0.956543521964366,0.959590971330678,1.02046728367117,0.920048722949089,0.953383391661246
"4114",0.967462840130435,0.77593840184153,0.95153478179799,0.858947882807385,1.17839557684366
"4115",0.977595755745865,0.961462611784384,0.937879534021836,0.836979135939259,1.01951753570944
"4116",0.967568700997839,0.974434403770175,0.829805254573852,0.817546390670732,1.0389785926671
"4117",0.848906210262505,0.901355925794222,0.898886949763867,0.561996808959758,0.876054447518437
"4118",0.791123834119051,0.788791610013302,1.01213351018859,0.901428834673902,1.01918410898182
"4119",0.928090125520594,0.993626293387362,0.933810142490512,1.03566157267033,0.885575594291969
"4120",0.881685525139692,0.811704183539094,1.03263359656332,0.942204824021293,0.78121924142965
"4121",0.967510133233274,0.92731555867737,0.780551879521439,0.674579971663923,0.940746740585884
"4122",0.97234786101959,0.919234403198384,1.00169413587358,0.795089749568069,1.07440298903559
"4123",NA,NA,NA,NA,NA
"4124",0.973454981206636,0.952550404414068,1.00430110507366,0.783981400980478,1.00915363589711
"4125",0.960841513629633,0.971073089823353,1.05115136125886,0.95649280548383,1.04300790338205
"4126",0.908881745981374,0.978505487081023,0.997949182016171,0.884121136678823,0.95798466402455
"4127",0.976178782097143,0.989120972005013,0.816131179247745,0.865590241831206,NA
"4128",0.952816576202746,0.909112302328388,0.911189090380128,0.647953745863005,0.97473737460631
"4129",0.96600606967985,0.923374479434565,0.830492603796815,0.751768490267034,1.06093688830167
"4130",0.948609716044304,0.910182083212685,0.859494733909332,0.786302404092199,0.906790968850609
"4131",0.947593322991951,0.966611041882787,0.845369184692207,0.777114992661921,1.07218025200494
"4132",0.976628367054458,0.952358929716816,0.840878730066893,0.756829719439747,0.86350770769973
"4133",0.974498812038286,0.965088267404217,0.735750240072049,0.814365403135896,1.11412355330846
"4134",0.87979666346586,0.954072529793242,0.782927942637372,0.813650883578255,0.898126694002419
"4135",0.945547598610252,0.902630629921599,0.857018291450754,0.772797735544917,1.01482457253927
"4136",0.967920630825107,0.99347023278013,0.888351097318788,0.968821711373676,0.869884404701307
"4137",0.98343414140236,0.988928349928629,1.01001590860087,0.776331458605275,0.831607969719906
"4138",0.946568035276292,0.825935376983133,0.86793120485519,0.91636749512513,1.12572830362073
"4139",0.980592295365001,0.997816379042237,0.878344914974626,0.904480675476772,NA
"4140",0.954519994107031,0.885318770537918,0.702964401455968,0.74978483461712,0.822999579579073
"4141",0.976697251035106,0.979010463358712,0.867041852656791,0.852897289649909,0.978925017411976
"4142",0.901587677384909,0.986815388579793,1.02771199658008,0.871262061650307,0.928500702037699
"4143",0.889625640288811,0.938064196619947,0.916678018918224,0.695069457808699,1.17025991871554
"4144",0.972801408268524,0.933598186595362,0.821388260389193,0.75192380323805,1.04107811010115
"4145",0.961728622919846,0.999304309876906,0.869250199543486,0.966209049744585,NA
"4146",0.978743624716149,0.88279422786836,0.941075118735662,NA,NA
"4147",0.889192531574895,0.887169078709258,0.833212734996836,0.740943847988452,NA
"4148",0.977486984567007,0.992511400568568,0.921709957095416,0.828355269490757,1.01661765265525
"4149",0.904536595089085,0.882221409014641,0.801248842704252,0.761323132117151,0.872710067473111
"4150",0.963534504345202,0.994471865216135,0.872538554124663,1.06773019663132,1.01519865292296
"4151",0.946150946589628,0.922085526508651,0.850042118311236,0.81467457696714,0.952175587352168
"4152",0.971135622527021,0.988111122969073,0.918671034379137,0.816946257587663,1.07468476254267
"4153",0.959332803769505,0.910448014759566,0.697076551738444,0.936974569441598,0.952376180013098
"4154",0.943627542267943,0.941320377135083,0.912730449288103,0.885521630737669,NA
"4155",0.935140927033396,0.967324519808624,0.876167354989474,0.885120887127101,1.02351479375948
"4156",0.883625839970837,0.985655346740899,0.861039703842531,0.930621815580947,NA
"4157",0.993027329186339,0.991255024629173,0.811414407043644,1.02091554037598,1.08059487143571
"4158",0.887127871805756,0.944419016784774,1.04131820318788,0.863362033377754,1.00155559260422
"4159",0.970886596973569,0.841204377621821,0.970651081314509,0.886940805728192,1.05381315562409
"4160",0.917063128026096,0.903726110021464,0.932061514473727,1.08477244370732,0.982038361061211
"4161",0.940744113842138,0.996595122880929,0.87029608914232,0.751117602083229,NA
"4162",0.960479228315227,0.897572130276997,0.871069633218411,0.744707059389472,1.07529938219667
"4163",0.927296905208459,0.981676697193314,0.758881470558645,0.882444162822473,NA
"4164",0.98356868228091,0.979947967098879,0.891503734918304,0.871115577226592,0.997382755693973
"4165",0.972291816412256,0.913283376230336,0.929725756264289,0.671282413179178,NA
"4166",0.974474945262528,0.968609731986916,0.939263157709681,0.728315072525895,0.950738526471812
"4167",0.864768187623773,0.984233500029234,0.927603781261973,1.08517816280122,NA
"4168",0.956576496939851,0.793718132319436,0.758141879426939,0.639718121002391,0.835774875024894
"4169",0.969631120594749,0.95381178892364,0.82833182243957,0.692308659059283,0.993677146468678
"4170",0.96657078490101,0.965875327696144,0.698190042806818,0.931967766078347,0.894017184100343
"4171",0.91551937341959,0.968934065165681,0.808248647844511,0.874771432047206,0.908017141537708
"4172",0.916784299566406,0.978123203386453,0.817505839900224,0.691383318508047,1.15567254431468
"4173",0.961924987164647,0.89460192228913,0.978409961711872,0.937247532478352,0.849564644950678
"4174",0.948084913744064,0.87947715110193,0.851365912258961,0.682025368813153,0.883335382421225
"4175",0.967350251128262,0.945401694444096,0.835264331674331,0.699148256082947,1.08937282220996
"4176",0.939409447181383,0.99582133964236,0.932164893892358,0.825793593542351,0.988516935704856
"4177",0.845170106676291,0.899685567551942,1.00458234121485,0.9839095500904,1.0387423978386
"4178",0.984148801667599,0.974001282063791,0.779889815012907,0.828065676550286,1.01220891210741
"4179",0.73610081684644,0.981570742987628,0.958142693584042,0.792162939594144,0.989847425941206
"4180",0.826536673635361,0.828094756171469,0.898541236420494,0.823566132750513,0.896735034095509
"4181",0.984070888087347,0.782058469510134,0.994592122083079,0.962713013184406,0.838610482681252
"4182",0.973197140321956,0.985343428420331,0.81986464602772,0.858077853882315,0.942840243439951
"4183",0.97136598191439,0.955477612035863,0.935650243517429,0.836308919221242,1.03837961365256
"4184",0.894431862431605,0.978198966442995,0.864803825539736,0.731146710722033,1.04288667220434
"4185",0.96335129558064,0.826133422676927,1.04272023319451,0.730151659503742,0.895910875718048
"4186",0.96718579497711,0.981194203871396,0.84403254133966,0.808184128649975,1.16014503061722
"4187",0.964197351514436,0.822763570631431,0.806972799437837,0.850863628802992,NA
"4188",0.989636591042373,0.991836067667027,0.885609592773305,0.972973579775708,NA
"4189",0.94954809638153,0.981548294978942,0.738579103796504,0.873379658871455,1.05562042599574
"4190",0.77759569695095,0.85429579479389,0.851663339008759,0.703244278382505,0.997012465706354
"4191",0.863024928839182,0.980291597633613,0.900498893241846,0.858894438439702,1.06684945885077
"4192",0.826097951861662,0.881491758892236,0.94410395811333,0.730696987497536,1.0765549755357
"4193",0.980415961360948,0.985936834828903,1.00246866590586,0.96541964249773,0.871057698707046
"4194",0.776472393510428,0.933921440281968,0.808551247223208,0.834293103925793,0.816702163573983
"4195",0.96000736384841,0.975958852743094,0.725263318250422,1.00018401190209,0.965878077337597
"4196",0.975007707313534,0.979228673776383,0.814143335774444,0.892944841365311,NA
"4197",0.968358560690764,0.82805122296438,0.882118306927157,0.831517767645026,0.784711889661083
"4198",0.914584396812959,0.810241605537223,0.923379150823441,0.915656917124907,0.887582380169606
"4199",0.974901994736623,0.906514130063473,1.02089218119922,0.801184258250439,0.947016886188514
"4200",0.963358811391616,0.988168678678913,0.727752936336627,0.762699260707089,0.794296620554217
"4201",0.939423578812766,0.796042154776068,1.01282272281165,0.758342252313372,0.832797899441113
"4202",0.891933906697529,0.858518386995235,0.891911868108575,0.867608998234046,0.992231180297898
"4203",0.909260586103033,0.930447781626864,1.0126763994643,NA,NA
"4204",0.966981465197802,0.992325742858962,0.956039158103218,0.593655590149144,0.875942893930846
"4205",0.955571490895625,0.841169619660899,1.02972090603929,0.963217893910228,0.937568408775424
"4206",0.956137254476433,0.972996325091979,0.813601595066065,0.808867698006671,0.901211158155188
"4207",0.959773809966091,0.969294430885149,0.94614495131779,0.718276158680816,0.967046140212548
"4208",0.969050950896046,0.946778595833856,0.806557423976408,0.765916741990104,0.814004827835906
"4209",0.978119714500171,0.816361490723676,1.00701858716018,0.700638620750046,0.848011444700373
"4210",0.950729923460474,0.868955856220069,0.73398014152039,1.02437125096974,NA
"4211",0.972762877053712,0.990172262074314,0.862438168182374,0.716081933479907,1.02588955498382
"4212",0.965501098640183,0.662624655375118,0.801863247914089,0.848423836450206,0.848800597100527
"4213",0.987819106642488,0.938819110292749,0.763460460231576,0.494780958960591,1.10675422596892
"4214",0.881439125660978,0.991601564389878,0.869788392934517,0.677302623564143,NA
"4215",0.906015780361646,0.871627953361302,0.887772710151449,0.997010556227337,0.822323956577271
"4216",0.902196525084543,0.839714449464733,0.986994900703347,0.849357857005006,1.07481847976167
"4217",0.868014417520269,0.988626313883307,1.00723610675668,0.721587007797734,0.895092646646544
"4218",0.963813944983878,0.825256811221256,0.798416124579615,0.762015000355197,0.94438717111423
"4219",0.977513257920114,0.905247034390402,1.03793306652305,0.834788749577922,0.93492397433884
"4220",0.898593633314304,0.981510088359164,0.979265388398505,0.840763617380187,1.09759823437667
"4221",0.771943961809069,0.975389132539252,0.944367898852562,0.782380934084024,0.923471146089855
"4222",0.851338516242626,0.985479364432881,1.01411119307235,0.809722703383319,1.01741412129751
"4223",0.930730925964805,0.99773211753861,0.984604365678213,1.09450703592538,1.04524400229592
"4224",0.966786596369719,0.970265169226935,0.782591808423969,0.903487651236295,0.924019754331568
"4225",0.966938304373656,0.969334039467561,0.82393903932288,0.930513655932416,0.829715470229561
"4226",0.894368671549112,0.935626478176348,1.02893594480084,0.855814762519582,0.968751960335649
"4227",0.955618149118339,0.837672164070161,0.816518363207906,1.00565619497569,0.798414355375244
"4228",0.963685856261045,0.983947661960974,0.805083304582771,0.857471523835722,0.996739583392708
"4229",0.871186783871525,0.970665553609289,0.904774035734887,1.06302541783836,0.87780958485812
"4230",0.888244514063703,0.910712603623624,0.925661099686358,0.9439628714997,0.896029158979423
"4231",0.968909629997316,0.978905560105805,0.838825000650708,0.941027557277546,0.842985752828752
"4232",0.979072191217159,0.845945583039881,0.942012657086487,0.630480979713894,NA
"4233",0.96084104211355,0.972676291238975,0.859375211391411,0.800154543013611,0.860491317332399
"4234",0.869294108816076,0.917447335267709,0.839703961278785,0.882420068637881,0.862673298458368
"4235",0.948892923054958,0.962669213821416,0.995418938424745,1.05710067222233,0.9725026962699
"4236",0.954247005438055,0.905910997245796,0.692640536998195,0.833180062499474,1.036109899088
"4237",0.978869078483274,0.88174003457384,0.842962062622665,0.725286724404352,1.09364539813363
"4238",0.921215101642406,0.957067927010086,0.858974562602814,0.889852104576888,NA
"4239",0.974889164138974,0.869933410058071,0.74898157906456,0.760310767233322,1.06025098171785
"4240",0.987128723144836,0.93505332647601,0.76263978656936,0.88614750414292,0.915496732019655
"4241",0.976561250071788,0.972418758627741,0.855001645252581,0.784076251279195,NA
"4242",0.975207038476201,0.926429086212618,0.905934325824126,0.916787694623696,0.912051940010254
"4243",0.882831808802528,0.921477328689112,0.979365892647686,0.912011169338376,0.772354433081198
"4244",0.84883778097868,0.982947722681022,0.959857603677722,0.903200005705781,0.975245664940992
"4245",0.965557463101076,0.900021705541388,1.00604778758923,0.762213628265104,1.09498688429425
"4246",0.951654912404675,0.983253837805036,0.855338734949121,0.765285881677477,0.979030676568939
"4247",0.950387414143098,0.970591328836201,0.791028264408717,0.71565728042102,0.934606952351721
"4248",0.865567845128719,0.977911152038526,1.02548290369749,0.719376675025143,1.04622390776937
"4249",0.956773060686871,0.842972103563353,0.923040147154622,0.876799025013126,0.844185376347242
"4250",0.928564596478117,0.974626055194806,1.01598916375951,0.876722901870543,1.00608301619934
"4251",0.98204349071457,0.893525074541421,0.971815359408368,0.890269281303859,NA
"4252",0.922951101207537,0.985757162331485,0.667340358989905,1.06162328195561,0.933958343429212
"4253",0.939301012232065,0.793283652065038,0.910078811949057,0.694357144594266,0.975380093391751
"4254",0.9753143315147,0.933897037384631,0.757432158442758,0.706595525655978,0.840673988050589
"4255",0.909532842782825,0.882106460869791,0.748804137587354,NA,NA
"4256",0.967077070122632,0.930580002888194,0.835091990029787,0.776675755367543,0.943035570852112
"4257",0.966444647084851,0.834500500039109,0.960398194696791,0.794160169094292,0.826038569479829
"4258",0.836109176666111,0.985475182120917,0.7001445910932,0.921430021610284,1.07360431372951
"4259",0.932417166639229,0.958650805516209,0.74464918276729,0.624102879782938,0.890935184783469
"4260",0.974668555276416,0.868552011807136,0.825136517856452,0.739756472097132,NA
"4261",0.962965650407071,0.983760978273721,0.880223160204483,0.611508303075876,1.01942187952884
"4262",0.976678489811993,0.875564518549007,1.00483365558957,0.671028957160252,1.10869230754567
"4263",0.894532791741728,0.907795036689539,0.910016694967326,0.781579630597522,0.889932791957211
"4264",0.946401905566332,0.978279772680343,0.816131790703037,0.924260321143626,0.993246537493056
"4265",0.880507195282016,0.880633215652881,0.855810526179763,0.821326360153835,0.841211767226078
"4266",0.971449981800488,0.89603693901188,0.796540425096713,0.926987512260433,NA
"4267",0.960029504209403,0.865068755508005,0.991742294334846,0.805816647998978,0.944574690424896
"4268",0.956819822144137,0.898295546460822,0.841792321120712,0.802487659039958,0.892269514505471
"4269",0.987091053942992,0.98211992442804,0.910308544991015,0.855034448422915,NA
"4270",0.944270528869879,0.984506632613162,0.835665703039922,0.775405659009721,0.997587886847426
"4271",0.854122416535246,0.828126472137244,0.895775000120872,0.67024642477638,0.832439283732688
"4272",0.972616254884506,0.900518809542916,0.86479935782636,0.80319505387514,NA
"4273",0.939320163522553,0.955866239279139,0.909614350129772,0.810754709163106,0.819399793335263
"4274",0.965386337999504,0.978207268996651,0.938271282453517,0.99268289981508,0.991641177761111
"4275",0.972325946316705,0.975557937827711,1.02929648210792,0.725904126371316,0.887973403143403
"4276",0.970766633416615,0.792770181213481,1.04604808081264,0.817550374408435,0.963141221939313
"4277",0.933562356436936,0.818738160299644,0.852557249407718,0.841177186442481,0.952443021620643
"4278",0.966172650511817,0.965916793530161,0.849810778452607,0.878505319871575,0.917628192397009
"4279",0.985190684838013,0.986182577304193,0.730455684228222,1.05012794167456,NA
"4280",0.978807751506018,0.866672454245305,0.99138467733309,0.756049168345031,0.954339370181895
"4281",0.819792664100423,0.865703148185352,0.735872155450023,0.902983120381525,1.09691847676842
"4282",0.923543316947563,0.996533483709293,0.737926367274256,0.805065374633458,NA
"4283",0.886303951418314,0.934258371937849,0.907345419006672,0.874380262454132,1.00311399326488
"4284",0.931416389932583,0.981155366180476,0.858037909710802,0.858969521619283,1.18227016486523
"4285",0.860297569066619,0.907706702085603,0.912591881961889,0.941545884160971,1.11914464777134
"4286",0.900457701809311,0.961679572030807,0.838485318483216,0.86230133232507,0.941057974516785
"4287",0.967873493411113,0.832035776946743,0.933984595639793,NA,NA
"4288",0.972527365948097,0.841773845078674,0.84639128121432,0.754158546924835,0.968196122132997
"4289",0.801259316901395,0.91496132776959,0.938821136369566,0.926860590540102,0.857865124142403
"4290",0.977770231614127,0.990758480539818,0.726767819396694,0.906767706701162,0.889870874644724
"4291",0.947668741042509,0.785429656140208,0.744682305726047,0.76081560381389,0.788809843980368
"4292",0.88317918533163,0.992728594492194,0.885998687378402,0.764915144286222,1.06277346239686
"4293",0.962651432125802,0.974380707771064,1.03568874918906,0.739818527788834,0.89043732239517
"4294",0.970859622017094,0.833041350925022,0.874788991173427,0.834116763785859,0.968573862794694
"4295",0.958905004747492,0.923633828507976,0.87551941158312,0.810719891257199,0.985710613537504
"4296",0.924089468143569,0.985537490092479,0.752232076317877,NA,NA
"4297",0.967048031805542,0.973071151818666,0.77904961456706,0.869057318556389,0.987664485789256
"4298",0.946294490140522,0.92344018176628,0.64200095931995,0.939880559058391,0.995135779279722
"4299",0.892264852558564,0.821591559210148,0.819451169884866,0.791315869738155,0.945973851793754
"4300",0.982002801976376,0.843063889127833,0.697507268013833,0.954818978000083,1.00446442818299
"4301",0.963112775540548,0.994720049267833,0.850966613903401,0.727037778087101,1.14795826405547
"4302",0.934348798852739,0.96383479476127,1.01218238368493,0.855520233061108,1.0392052317015
"4303",0.977317763135373,0.959817883914013,0.866664542282756,0.840402680250493,1.09570108322784
"4304",0.988071370769616,0.974761769639886,0.960958003149638,0.868404153342149,0.766251664508397
"4305",0.974309806480587,0.908387910005899,0.780077088680834,0.814939818426166,0.872276285853159
"4306",0.958686502349426,0.96631003292377,0.752535195910089,0.942484148114845,0.985741548938232
"4307",0.958156664628785,0.932898298954262,0.713335827525008,0.811267862726545,0.89104046243955
"4308",0.92024498610661,0.988706684985304,0.942104663617201,0.834939091884312,0.94854920039346
"4309",0.977976196270062,0.868506417976764,0.954950254223821,0.871008371804898,0.92919583265782
"4310",0.904516397651822,0.962975209111726,0.891014513539789,0.860799859323158,0.923459126299921
"4311",0.884683958861493,0.820695198907837,0.800516174485048,0.936094941109393,0.850777211170953
"4312",0.865526921213159,0.874152660762324,1.00579921901593,0.783483945136323,0.989298806285933
"4313",0.961214450611796,0.723432205378078,0.986191093082221,0.856969503780524,0.850824740275335
"4314",0.959415239124728,0.961094823058033,0.627679989221458,0.73854951229353,0.9665375438086
"4315",0.935028938807094,0.990261982055397,0.874582065694133,0.770544727469278,1.01823724556669
"4316",0.97228606762622,0.984920536173365,0.842709320039598,0.772112593809035,0.96819200936695
"4317",0.901522534149637,0.916133372531878,0.667895601699386,1.06615951820925,NA
"4318",NA,NA,NA,NA,NA
"4319",0.982399300661844,0.997365078716733,0.949375857036071,0.851490077755088,0.917336259203325
"4320",0.917035559899117,0.860651161787423,0.947782609963254,0.709297469334869,NA
"4321",0.870675291232576,0.979551525138152,0.934208264027006,0.845500878802428,1.02139324102489
"4322",0.960920372774212,0.907638592753091,0.641872139259151,0.966435354302532,0.960354036240974
"4323",0.850041576310326,0.912143228236136,0.946320875256344,0.933291545251225,1.07720895326115
"4324",0.881329675994874,0.837366603670538,0.953115085788563,0.834824058734554,0.88790291307889
"4325",0.975807241040574,0.901463250133699,0.685973022330739,0.734559762840804,0.9438599741853
"4326",0.937700172564918,0.9946606567324,0.992037288865,0.93036293698492,0.811793831943612
"4327",0.979097939691736,0.960956515651974,0.924372944006665,0.785086019881918,1.0501410794075
"4328",0.94099934398768,0.989054846838176,0.9661526799457,1.00116564678185,0.978418358446894
"4329",0.968582292678902,0.934026707196948,0.989667758082204,0.908401507612763,NA
"4330",0.96357474116805,0.993471585959091,1.02068783795583,0.698840030668729,0.919697810569448
"4331",0.970502288125624,0.840001393566143,0.823670734914655,0.768474871596776,0.947173812342035
"4332",0.858236776954269,0.884629809971138,0.882439559979812,0.763480893569147,1.12895007278392
"4333",0.976591017249625,0.759324410310272,0.882582187242194,0.751001602770651,1.0987845496043
"4334",0.972768926385084,0.976242607623382,1.0136334937283,0.820613018975967,0.972050895966909
"4335",0.973913267860394,0.938789403024791,0.808092584870443,0.634970166696602,1.13114100925528
"4336",0.971612017519579,0.961208469735986,0.947052630551046,0.764010050182568,1.17204998449276
"4337",0.939673063576251,0.982548974459225,0.864170713105975,0.690822853414014,1.02982893203642
"4338",0.971309037271382,0.993793258180864,0.805815465365853,0.786143891123766,0.958395149780445
"4339",0.971275795576777,0.898171167154324,0.985351580906322,0.648852293832887,0.953933536750932
"4340",0.948678935186268,0.955236852700262,0.745054287565911,0.941613354598633,0.868951336106872
"4341",0.980914083240151,0.910311244125749,0.864593066044306,0.836158252824137,0.918522480086796
"4342",0.844481873090802,0.979627287173746,0.683125663275112,0.893776077874257,NA
"4343",0.964990585855325,0.969462640614399,0.861138494785157,0.85731286714663,0.878645018025368
"4344",0.970386649293554,0.921993825603877,1.02371077724849,0.769389870228298,0.765928322120273
"4345",0.969342005575002,0.985343772474773,0.861192384373898,0.868356765910498,0.992824614103253
"4346",0.9623628440197,0.981486996425986,0.675696885245757,0.758305643724973,1.00506592945914
"4347",0.945532406555653,0.937576613092393,0.908486186087626,0.601500320243161,0.932450437851422
"4348",0.983114889301644,0.975984652230017,0.928783111008669,0.819066438199735,1.07560313250142
"4349",0.916275099902966,0.97991777718806,0.894343137167123,0.914350539805819,0.915039823113515
"4350",0.893272229568219,0.972911504747276,0.723650469061227,0.96392061299574,0.911167200082705
"4351",0.976615574215304,0.902776756057689,0.877343649984196,1.0763751735681,0.960510769575513
"4352",0.801260804173957,0.909550414791141,0.977278199074811,0.638818299603336,NA
"4353",0.887197149226911,0.921458027377845,0.847035221906899,0.838416237849635,1.00973727636828
"4354",0.962924603674895,0.968118062892901,0.932708590200024,1.01550767448228,0.981726229227792
"4355",0.950528060676903,0.980439789369096,0.834315507275567,0.987430939160351,1.12274873046459
"4356",0.945805013331745,0.976101083890369,0.832156843789727,1.04615585949417,0.884031924058305
"4357",0.974413409193089,0.895959614959426,0.917448826635645,0.815449213003864,0.760086062603498
"4358",0.853603192359782,0.959945796406039,0.836404534112695,0.743679925902489,0.830076932819031
"4359",0.974479751312447,0.974430087588744,0.711548844764534,0.905746855130072,0.789500505853407
"4360",0.961334690181976,0.789524577575042,0.588100904075703,0.698017924907225,0.920568952526813
"4361",0.956443650467828,0.815739176141522,1.02256619749636,0.842743034009246,0.845239678817459
"4362",0.881179543171498,0.984464793698387,0.843815398867649,0.758030493421943,0.943642783118986
"4363",0.960693514163921,0.978704633424349,0.856791091128451,0.733074946718325,1.0692147056267
"4364",0.916569312185477,0.88051872673614,0.859252892949719,0.898675230238842,0.826722879135187
"4365",0.948556042448313,0.901763804478495,1.02049091762543,0.778261733146162,0.943945405472813
"4366",0.972708647416712,0.974253715292592,0.99403905072367,0.815503219314601,0.915358641512732
"4367",0.881765099145863,0.985406082197747,0.880104683640332,0.627574801327026,0.817174386062296
"4368",0.876919314807067,0.979599941580835,0.862989267766983,0.917891620164027,0.832714373618739
"4369",0.862892528008868,0.96809157280933,1.05538959257459,0.86491770105106,0.918852984723841
"4370",0.813455684209187,0.975059997893611,0.970980042786255,1.06364585133584,0.964747759103336
"4371",0.966936246535991,0.680373299550804,0.801180604353231,0.698057551422408,0.765432185694593
"4372",0.977712731317657,0.889142708415927,0.829139776073392,0.618927893624911,NA
"4373",0.801453127340428,0.983830943597179,1.01660210160991,0.787337957128925,0.730487304866204
"4374",0.974139242737898,0.829107953753451,0.877598154955808,0.89409496543968,0.949694915060488
"4375",0.950367313195813,0.978606409160859,0.928069121770049,0.779407086119887,0.98191842252494
"4376",0.97459041633829,0.977429308622089,0.789442072916286,0.79102219085433,0.846715846519955
"4377",0.966142905709019,0.885262864585734,1.03323527110942,0.778368766049555,1.01194539411499
"4378",0.916748370955545,0.964477574165632,0.900961755956092,0.770692471230699,NA
"4379",0.976322494613659,0.967259668972831,1.02048532713485,0.887095296601745,1.01163796291271
"4380",0.968467911644264,0.977359813626522,0.767509913323021,0.581024467562918,0.852916775725432
"4381",0.88114426179495,0.973016145826345,0.960927642066695,0.754345407562251,0.902226398325598
"4382",0.933237634705171,0.974075638856582,0.969572958894091,0.757691887364843,NA
"4383",0.955359681980033,0.991016497357765,0.982013468152898,0.908535157012431,0.976257732924105
"4384",0.946474956266816,0.87193705888547,0.818727069025392,0.792526516887349,0.81650601430999
"4385",0.983588978788717,0.881812848031014,0.778496540107882,0.892248676317526,0.912758313240422
"4386",0.961010856284828,0.956196475843342,0.816258345472081,0.86017683623819,NA
"4387",0.913322552182966,0.976845310833337,NA,NA,NA
"4388",0.899026418844684,0.976612616707547,0.841334523525823,1.02237666262803,0.882933914117393
"4389",0.888925180236661,0.889863323205599,0.727563262050458,0.693171519363822,0.951577985559631
"4390",0.711486971209051,0.885771590895527,0.707908937204677,0.929487918496562,0.817868672340689
"4391",0.963542456487026,0.988153028716817,0.886286338164355,0.812302321429442,0.982964033686194
"4392",0.976042034600276,0.955375187640826,0.969688623017905,0.639405329242968,1.04075806356831
"4393",0.845543688497983,0.920040150204056,0.761088063478188,0.931001732881962,0.877368303714428
"4394",0.951251748099417,0.968039413873539,0.880756694818727,0.772946609048326,0.828666641380485
"4395",0.969083239869893,0.853253519221662,0.753676096335226,0.773221770803344,0.962199105602533
"4396",NA,NA,NA,NA,NA
"4397",0.961914630781365,0.980313803757993,0.80109561469187,0.843527257817922,0.914294791297637
"4398",0.925981743551637,0.931033412012641,1.02210138208716,0.680348210056158,1.14650098548896
"4399",0.849662168924751,0.853714083193488,0.935732981228419,0.710419507892657,1.07990858467897
"4400",0.979575890767554,0.795536526812371,1.01715607885295,1.06713856982375,0.923199977188586
"4401",0.965730959486019,0.820069999514062,0.802597460588406,0.897123899775044,0.920731541087979
"4402",0.950804973849896,0.783686439811131,0.812017517159003,0.892210191084889,1.09070675761131
"4403",0.893724730513656,0.925853783777944,0.837361792832634,0.826584219976007,0.762761100664661
"4404",0.968790936075349,0.867239929563976,0.74430734790432,0.999553494280246,NA
"4405",0.97695455792166,0.952447379464838,0.902416440516672,0.654535999349338,0.902250560421962
"4406",0.800977489397208,0.979221160261021,0.887346320732085,0.758849897145354,0.944681850509741
"4407",0.971703273622,0.954024059926884,1.03388020157466,0.716507396232117,1.15279403023706
"4408",0.974454787610031,0.9700510737411,0.869439622729788,0.704397585585111,0.820555636070902
"4409",0.977360059776981,0.9733315285259,0.811422469025988,0.988054477765406,0.840858464978178
"4410",0.959238956043337,0.992499990171992,0.863739065204002,0.985033011733156,0.871454495694665
"4411",0.883975534554409,0.968059961221466,0.847859171457555,0.630295798113356,0.928475900980309
"4412",0.966514916427872,0.980579132751503,0.985182435219228,0.785383789026225,0.900368876919941
"4413",0.96040425265845,0.91566538131889,0.800707587496689,0.794693894895358,NA
"4414",0.956880777428458,0.872190385024984,0.725597571142001,0.906921239646253,0.782416917639097
"4415",0.989165140105182,0.973228309294301,0.847189517702333,0.853324742056772,0.738209773077087
"4416",0.940267896183967,0.981968950821135,0.872880667083102,1.04334785822806,1.05033877632874
"4417",0.962016491681921,0.983536190780723,0.971480369581184,0.864894005613587,1.07654227273001
"4418",0.795006780066945,1.0022020631494,0.796403806094032,0.940030215547889,NA
"4419",0.968247891570349,0.979416027848033,0.722090662842206,0.820249374292308,0.945512183276308
"4420",0.849762562643999,0.97874232085602,0.939789083264191,0.677665516043677,0.957565111307298
"4421",0.967166158303286,0.988437150488995,0.93957524118078,0.81198142413746,NA
"4422",0.970483810446257,0.978994518581158,0.885945982943032,0.834836800252964,0.791150383596226
"4423",0.939269763520584,0.993489109111614,0.824811985788886,0.905139892504757,NA
"4424",0.945518759895382,0.889742268732943,0.928125005384812,1.06292108331588,0.994315146178711
"4425",0.96104533367915,0.878706333281701,0.907152074523945,0.680657490268211,0.936770237457215
"4426",0.958303029476872,0.991428061598786,0.796415634288598,0.838987891635616,0.841038090669376
"4427",0.983353147185237,0.906683014541387,0.744530471986669,0.847992597324509,1.05477800912786
"4428",0.968589258245439,0.965561501102116,0.803054946418102,0.79143372426601,1.06793473063778
"4429",0.972455613051863,0.905846563841095,0.754072084036396,0.739731566874816,0.772938648514365
"4430",0.881291986979963,0.982413734156687,0.847598990291741,0.908634124817471,1.00003219518827
"4431",0.871380919447183,0.965752911829868,0.878255138698481,0.830312360770491,0.888421788115524
"4432",0.938666797222941,0.986449934777048,0.702822197105389,0.710527826120235,NA
"4433",0.873132262510132,0.972916426693895,1.02323190685105,0.956801438759499,1.05053379948831
"4434",0.978048452855907,0.940719907057453,0.873302824396991,0.803380305002495,NA
"4435",0.860311067316757,0.969033220198954,0.845663449748804,0.798802384623201,0.918358104249931
"4436",0.945679481883838,0.948103629713822,0.826594787011957,0.911957775105398,0.923748391243371
"4437",0.978741206070135,0.905357473412038,0.980533124787857,0.727957189075205,0.851781088866081
"4438",0.768127476129561,0.758870735954879,0.826841763144127,0.885950074949765,0.852199368950581
"4439",0.945385867276236,0.89844503294143,0.821704835517561,0.812593424735068,0.843447676060543
"4440",0.889709741575277,0.81274182699254,0.921795154777311,0.888670245859694,0.953371989160396
"4441",0.964075676777293,0.996701115745682,1.02332153924448,0.99413078958121,1.00316488939085
"4442",0.963031237457425,0.884311738651687,0.826125809382211,0.751511699767622,NA
"4443",0.977030413226112,0.963191379702118,0.84778281706605,0.72934420931052,0.940362296857891
"4444",0.951676603209343,0.845595192941965,1.03719186433117,0.807287431551435,0.815576909385104
"4445",0.984355771342684,0.994511255107103,1.04087259830305,0.792599209831806,0.851960728525518
"4446",0.955640863126621,0.862936853372499,0.875908253982224,0.671211947189485,0.917711201316153
"4447",0.959292148180175,0.980299296313848,0.949801030773673,0.878697141146434,1.00227274984442
"4448",0.957160770583889,0.885699371788715,0.902251921955974,0.816285767916467,0.843940431595099
"4449",0.942739578177536,0.987637504518275,1.04769078535638,0.891831077234624,1.04691264608039
"4450",0.955205387887853,0.924264326145587,0.944050206400267,0.913007669728192,0.923900195907929
"4451",0.745146740062446,0.875387477579499,0.857621615942,1.00000326086632,0.908551624062169
"4452",0.91192182297605,0.810098656211611,0.93655111490555,0.949904528465715,1.00033777077802
"4453",0.95861336543416,0.976695253822728,0.943012332162037,0.736351599413871,0.980818057419102
"4454",0.980988981133978,0.994647520753366,0.796634167854031,NA,NA
"4455",0.967687548707732,0.98105318300089,0.736075437185025,0.697115024612413,0.863734362168526
"4456",0.966713355687534,0.928468172480724,0.820322896619437,0.851809980109293,0.962629046918097
"4457",0.888405071383992,0.97056923493658,0.778444874144268,0.709523610784995,0.749725784602112
"4458",0.951494475013295,0.972330448311734,0.829620237905277,1.06513105344742,0.889953174358044
"4459",0.803033521544325,0.993101925277942,1.02342655332049,0.926765517426541,0.861716692428847
"4460",0.958430793295149,0.905795750234543,0.930815047810299,0.864925167566747,0.768335226830012
"4461",0.937295342154153,0.883589211599549,0.729086641487665,0.983092595769334,1.1276545665785
"4462",0.964904479816964,0.991061448109833,1.01724244408786,1.0872511519083,0.920955565247615
"4463",0.962984677280356,0.914145417999962,0.733272595257739,0.75228262454325,0.940477948282492
"4464",0.896155000957804,0.937653647580743,1.01682151398502,0.677576290481851,0.860159942336425
"4465",0.895800177261863,0.904674559706509,0.881950766803043,0.800900586238067,0.929472308224416
"4466",0.958476862271229,0.82796931234435,0.885814592363408,0.786665704128669,0.931478263769343
"4467",0.86717825781435,0.862990318855032,0.887389197511986,0.734235591532811,0.817225027443632
"4468",0.961957507954149,0.986010246561887,0.923824310630727,0.955805137872375,0.75607867236368
"4469",0.978400127730462,0.970033982398402,0.748762302044055,0.856784995147487,0.952634345523602
"4470",0.970108301291334,0.971256950235803,1.02604490331917,0.641778970663961,0.845035954288136
"4471",0.968198251101324,0.921609619835194,0.779055820534146,0.841620261019436,0.829255042078679
"4472",0.950767891780869,0.906309387735198,0.825608431079414,0.806786871543848,0.939609766609986
"4473",0.967029095862348,0.802978037020936,0.935227391339446,0.776513556501394,0.789816216496903
"4474",0.819733014855219,0.743300221297574,1.00772912749827,0.978183625310154,1.00659827930482
"4475",0.868016111173464,0.978454636329551,0.846433683782727,0.869785417193065,0.985721865682507
"4476",0.97132747350039,0.968770663702143,0.726446203232053,0.849794969539693,0.892298996597135
"4477",0.848668982382017,1.00113928431434,1.0140057077909,0.684335076458244,0.999823312507079
"4478",0.851635178578737,0.972947973797919,0.811733940073824,0.806298001557792,1.14775581413664
"4479",0.897655754436961,0.964305187546605,1.02747850133449,0.78177051764132,0.892006610277127
"4480",0.830674207233892,0.958860226225373,0.976181054209202,0.79960427880771,0.820462779812348
"4481",0.867869121314633,0.937820542456434,0.819119207423594,0.78623254840465,0.835779438417992
"4482",0.975734524496191,0.937679565351521,0.910662196886535,0.975225872148415,0.947765694832274
"4483",0.953842324401474,0.867487275586483,0.826986510879655,0.744498212279729,1.04246628635154
"4484",0.77378395689821,0.986891623199466,1.01889388489366,0.743536588178667,0.940761087826373
"4485",0.848715939076626,0.98402304994998,0.742232207232551,0.956923398455024,0.89497371798678
"4486",0.920711460051958,0.967006502989122,0.876513285251165,0.684979182624684,NA
"4487",0.947693967899262,0.793305310848233,0.821314900279581,0.795012090480991,0.824973499185898
"4488",0.99267375512681,0.965012316641447,0.974176192830683,0.826363155851791,NA
"4489",0.85308057551757,0.863698922923898,0.978329016948156,0.620437132139892,0.946532345200395
"4490",0.903601279337979,0.991207306032032,0.809919855938554,0.744382222484859,0.913880617499022
"4491",0.971244332007532,0.887386049568924,0.871747290570062,0.791789179279815,NA
"4492",0.929856466230803,0.943583863700704,0.85493054466431,NA,NA
"4493",0.971870396459656,0.88199122861342,0.783894360371982,0.773940401311707,0.95147084726829
"4494",0.909787861212412,0.961348912515371,1.03079474491303,0.912058200062458,0.949144248825206
"4495",0.900074118533199,0.839745558287369,1.00445240813606,0.743193631400166,1.01836882031373
"4496",0.961425632605757,0.986550210092605,0.963216820673557,0.859407490259468,1.09051759972083
"4497",0.906254892933009,0.876061198777083,0.871350739428144,0.725476948984041,NA
"4498",0.849994477591517,0.946528818487274,0.769533375863344,0.800486181328719,NA
"4499",0.861668502623726,0.961273929221472,0.900835225389315,0.772315046994657,0.797831971771047
"4500",0.971895169898642,0.991915062483808,1.00731624179311,1.08602101382054,0.859921384559965
"4501",0.984759594339216,0.984028965292291,0.870724523103723,0.803705669848446,0.792541678039633
"4502",0.982093454492964,0.965237216657595,0.847608014849761,1.0192699936103,0.915127801567556
"4503",0.831630240487941,0.95333587810424,0.786942447206893,0.715710884155217,0.911115539647397
"4504",0.91888134437008,0.909361724172442,1.00521836887155,0.747261888345279,0.949270981407994
"4505",0.791293468540663,0.878578830434428,0.861661485093363,0.842007706394229,0.921786089068489
"4506",0.894560705536161,0.963512681144408,0.930202887346899,0.898034577822176,0.896687025423371
"4507",0.979583111927653,0.989818561202065,0.946683603179763,0.936207601246481,1.01471493325562
"4508",0.971696027146611,0.96220028047687,0.872012875995393,0.856324605582828,0.91293021594515
"4509",0.942560006223901,0.960123372406003,0.783725413523574,0.79574307727857,0.951421639666852
"4510",0.975280224868752,0.963361080281221,0.698669549846367,0.92126100629663,0.927677124216806
"4511",0.845010595111664,0.930680740944037,0.9438533321494,0.76725614880448,0.853189258123353
"4512",0.852840860020417,0.93663360162441,0.8364785954076,0.700502439253398,1.03330359947633
"4513",0.881820412345785,0.959646903315446,0.950557839808708,0.945487360805917,1.05270807664256
"4514",0.963425716581963,0.796646369474134,1.0163978219736,0.833053918451533,0.804404339336762
"4515",0.870629719700173,0.728048387235815,0.838970645925266,0.766006105845378,1.01508609803498
"4516",0.979399256866437,0.910790651730476,0.872595879688787,0.866674779665048,NA
"4517",0.975187187939004,0.888781040504334,0.893972478636941,0.750565226171207,0.996103890466313
"4518",0.975420900943429,0.930436486625665,0.853322784910502,0.817196806683616,1.04527008371002
"4519",0.975117013392647,0.983959353422317,1.04238836943624,0.765706051831107,0.834495374478248
"4520",0.897068002749513,0.986674260567852,0.728603127113524,1.00275538243017,0.953385162167429
"4521",0.968713488708605,0.914800543482204,0.771660621640418,NA,NA
"4522",0.912820623503687,0.909382777903977,0.918095183112731,0.818978573544125,1.00109907152051
"4523",0.964585311742686,0.988540589585977,0.936945824029137,0.966765453516365,1.00443602565774
"4524",0.677120140770278,0.878817703224257,1.01905272347838,0.804487664741628,0.89618336687343
"4525",0.972179317341811,0.992096798938322,0.848184461827761,0.789297852189836,0.802995096769482
"4526",0.944814094799328,0.897126053556234,0.875735611704994,0.830083219860576,0.933221469474078
"4527",0.963009850700328,0.964105243290623,0.790063218473923,0.764903508358624,1.03185076260495
"4528",0.958453074957914,0.965644670683636,1.03631390968881,0.718518259795644,0.957269501436328
"4529",0.963081729334884,0.938989312936173,0.915344044260545,0.931138034454127,0.955770361508129
"4530",0.964972107559756,0.771371723247524,1.04069868651273,0.894406081488043,1.12480718360034
"4531",0.959669945937711,0.992306559348263,1.01096756409276,0.839248799955818,1.08634324189584
"4532",0.975510362201393,0.97858646655246,0.937000618888578,1.08630032605755,0.942894938085221
"4533",0.969133130778737,0.926173492037172,0.840130708488446,0.890831216374237,NA
"4534",0.939174971794324,0.977478773257361,0.900795224954003,1.0900972678844,0.8405051918593
"4535",0.967000094419193,0.890977607665673,0.881889879490877,0.807553513666181,NA
"4536",0.919073987240616,0.984899422969291,0.778296371277992,0.821110753210666,0.838220910430521
"4537",0.96399609987684,0.973970554188477,0.94782002205289,0.711169505103211,0.846120067990923
"4538",0.968758678234434,0.956138723016163,0.90244090399256,NA,NA
"4539",0.887916281439112,0.981357727850583,0.841933794539788,0.892684312821138,0.844850979816224
"4540",0.962574002269293,0.97781838246132,0.771030236528213,1.06802663169111,0.941248886697209
"4541",0.962180674744921,0.976454392523163,0.760563870182185,0.608032751377864,0.849503095843266
"4542",0.988180368434008,0.714844395008393,0.911784347107416,NA,NA
"4543",0.894112252661265,0.990103606592767,0.845344681756876,0.868294089387066,NA
"4544",0.901327566703596,0.975441586137166,0.886600259921165,0.703401214861463,NA
"4545",0.95859565650644,0.984677650776311,0.822379324416588,0.734079213620645,0.956607834759213
"4546",0.964342539202152,0.980380279375468,0.790879130937234,0.723949149654463,0.822014257840294
"4547",0.884228151948827,0.992175944379693,0.937943632116578,0.716657019427685,0.904159680484131
"4548",0.902894881170518,0.928698514463076,0.713594226015658,0.957745771415884,0.829793362619803
"4549",0.977567990730015,0.985676392816348,0.845674140256627,0.880799199574027,NA
"4550",0.964444673839275,0.900658829027296,0.792370756607645,0.803098101486538,0.933694174710061
"4551",0.933911486878039,0.921779304038355,1.03179355903496,0.767000613683591,0.887091392241204
"4552",0.923182672930368,0.953552859738001,0.790898410548056,0.879842881546039,0.836495595809472
"4553",0.969926574848701,0.987272444899064,0.836221879248668,0.916535770135635,0.902764218132344
"4554",0.963439925081896,0.994003346943574,0.65859162788639,0.912210696027982,0.873108250230697
"4555",0.947783121699011,0.906127208364599,0.825314641888273,0.745220673791804,0.976480206173685
"4556",0.671289616646317,0.96095269059282,0.957305356664247,0.970859432730087,1.01181500027261
"4557",0.942667366754931,0.91597298986571,0.868999385424555,0.889232406017189,1.14515706119136
"4558",0.959516401052956,0.981820966076423,0.777120580986345,0.76540478051925,0.903220859291185
"4559",0.944358152361559,0.897875978737313,0.864201921519425,0.766724952564487,0.811283052634177
"4560",0.952090845455761,0.978236021087294,0.896312133258975,0.705801784596292,0.924299644274541
"4561",0.962717325855685,0.872908300755427,0.837416530480658,0.963412574400671,0.854474876108597
"4562",0.838818929953259,0.951431672192029,0.972259779191177,0.763311641698602,0.926509834243868
"4563",0.952720093489321,0.904459326377788,0.807889381558486,0.895697910049209,0.990305370545246
"4564",0.967402541652227,0.970257170127405,0.972115209987877,0.936692175626698,NA
"4565",0.972760481057533,0.885296461117773,0.775701935054141,0.954163711789228,0.907220240905717
"4566",0.945893370729682,0.984149152535776,1.0407311101162,0.77754071886395,1.06025921892615
"4567",0.940965490746529,0.872792407018699,0.760235629531997,0.806495184959083,0.983076414124072
"4568",0.945075411193906,0.910842262074511,0.865071293906561,0.895744344942255,0.905405385116748
"4569",0.955859511479089,0.867200414180102,0.689293278991316,0.949878557868553,1.00619602866227
"4570",0.978737270678552,0.983334018837863,0.838475102461532,0.788323391182105,1.01349537181976
"4571",0.740538913152043,0.899875170102957,0.791379571015423,0.779577263169337,1.05268216754063
"4572",0.89215342171497,0.984260653178058,0.972999312710392,0.722881455146191,NA
"4573",0.934950201488131,0.948437340251271,0.781948804777865,0.880002855356807,NA
"4574",0.955301107934791,0.988771439662711,0.812626782529772,0.760036270614421,0.953556035864438
"4575",0.971206849355038,0.891780250658516,0.703335753963474,0.754892664203451,0.822899590819136
"4576",0.972488337323455,0.900956492064783,0.86458113483348,1.06825516449814,0.95678887121781
"4577",0.900512515274567,0.899099323514225,0.673286435285448,0.77893884259038,0.835678301561757
"4578",0.87233049508161,0.920967570750249,0.957075937792628,0.808601167975856,0.935598732653934
"4579",0.944243353937599,0.885535586724676,0.792507514344686,0.88974735891344,0.857846560945963
"4580",0.922795570403407,0.918892414838147,0.762884276961358,NA,NA
"4581",0.946050109406655,0.966013035307224,0.598753029294238,0.716916018841338,NA
"4582",0.960316245806999,0.828351126971191,1.0177560786352,0.883043404800611,1.01108443977495
"4583",0.979234436726662,0.938814748285097,0.9467439559628,0.536691504930968,0.882861636279449
"4584",0.975786873568339,0.963880726305063,1.01796127561347,0.72379611444626,0.92338603602331
"4585",0.971403918738365,0.974332651963586,0.730585383925063,0.930840597096258,0.995754889375616
"4586",0.976405814548173,0.976800295012095,0.88649788224809,1.07184091363552,0.887810919164765
"4587",0.967763512075335,0.925870508325678,0.917780121011303,NA,NA
"4588",0.945946114603143,0.97432404542971,0.984452247436961,0.893810051727876,NA
"4589",0.910017077367163,0.993279119910143,0.897847360257213,0.743607722003585,1.07889541682865
"4590",0.967542134583545,0.973567846544175,0.786299317829418,0.902788454626689,NA
"4591",0.964465241700273,0.949303459576302,0.789111581978556,0.837706651265706,0.904515731077782
"4592",0.970215139648298,0.881290875089391,0.694582153688992,1.02242515632753,1.05130303324826
"4593",0.973215199395767,0.867783646715675,0.828516884712213,0.851339573341196,0.873607211110218
"4594",0.963939499558808,0.96589192519448,0.857070725728684,0.742608209439947,0.949757933462702
"4595",0.952566630942105,0.964382054261778,0.898170032232189,0.681161279687019,0.857291374101143
"4596",0.95482969158316,0.925780699613096,0.958581134924099,0.724739629954419,0.994708830444763
"4597",0.796553121720258,0.904469594698324,0.741702652494998,0.656599864332279,NA
"4598",0.848767832851464,0.909773740200643,0.734682104414528,0.768327129654746,0.942186566312913
"4599",0.962536720162691,0.975050825292781,0.869583331702147,0.803094378117617,0.980524594049069
"4600",0.983825987497062,0.751736586265245,0.806246783835337,0.935471661097717,0.936307604835242
"4601",0.94988851046612,0.97514299718862,0.994399164851353,0.927696759949085,0.890503716385934
"4602",0.888693235614438,0.899168066619188,0.916043543758101,0.921351838408948,1.0496298590598
"4603",0.891259172081399,0.760653346185827,0.784385596365457,0.867082135050679,0.881020280208043
"4604",0.972715316433869,0.979196172244811,0.81504044227485,0.959596752777739,0.952132690842446
"4605",0.918642945534854,0.989352556245092,0.854794927933969,0.808773889903067,0.852973239899878
"4606",0.94622905935473,0.937926102392711,0.848472935426895,0.828480744303797,NA
"4607",0.94389234539015,0.968212289376223,0.979354354170105,0.927873840741754,0.981923975815279
"4608",0.975091350509418,0.978847231180028,0.702045202190015,0.872898364797808,0.94683034645949
"4609",0.880876866747804,0.899735083030173,0.993643069942983,0.929083365657533,1.06541995291801
"4610",0.978341780342198,0.912813657754499,0.785842037281723,0.775969966382382,0.978283327320535
"4611",0.965979222475243,0.992751926137854,1.03222399125458,0.871983708175469,0.856603501496501
"4612",0.86615742630305,0.999300928997758,0.908531352212137,0.671562318333357,0.977818579118923
"4613",0.934848801292634,0.876807329438176,0.854814040252831,0.77853075224982,0.961263840822085
"4614",NA,NA,NA,NA,NA
"4615",0.902934356653526,0.980899308671278,0.772588184563036,0.793142314073038,1.07564727356138
"4616",0.748470503986757,0.980376243965602,0.862433139344406,0.908316984017805,0.952352820577439
"4617",0.967051716096166,0.869513357885594,0.858269668849335,0.751999186776119,1.06285724095289
"4618",0.966689823059585,0.887332328139548,0.642633806463496,0.907069249569477,NA
"4619",0.973485863208877,0.925006863032182,0.85134026721185,0.73183394017565,0.963957970635902
"4620",0.976906169591396,0.97020611470177,0.719994594360186,0.907811988923556,0.937304390972687
"4621",0.970651812353123,0.942983846810505,0.843652790097797,0.794321643269384,NA
"4622",0.774511024224563,0.964675066211465,0.932627373600323,0.837077862366723,0.854587456601154
"4623",0.928124004180433,0.901597739130977,0.917459217181009,0.849719684676084,NA
"4624",0.964547852032981,0.76410540808066,0.822578378255682,0.864224001091763,0.955029158397233
"4625",0.945209108665372,0.992290614776146,0.781736432227559,0.756693904421526,0.934864422047883
"4626",0.956647444790791,0.939847741124394,0.957318721962192,0.933108416986876,0.924534775749943
"4627",0.788448187322744,0.894845726666872,1.03194976368734,0.850488044555571,0.770657524484748
"4628",0.959374905058719,0.788365597295995,0.902305108210964,0.821570999981317,0.959080781962514
"4629",0.956370631831175,0.799332671958346,1.02477639007647,0.788077242917756,1.05620056719481
"4630",0.977856045346972,0.992533966282913,0.952731940322489,0.683325649264245,0.926575715224663
"4631",0.87706366932041,0.978008520797331,1.04807114091849,0.713716991165309,NA
"4632",0.829802651302107,0.956685968680862,0.799501357293716,0.757210588775245,0.845115251492082
"4633",0.942122531855635,0.723499322431424,0.861369048089997,0.649544477502243,0.994704186776095
"4634",0.975411060483599,0.984941999191456,0.721166291275692,0.788476837686824,0.847550294085241
"4635",0.905812209672522,0.888399117461235,0.971383434614412,0.716041279302544,1.03369642389169
"4636",0.980871692345174,0.93383459384068,0.977425323399385,0.793502168704368,NA
"4637",0.868104222359304,0.973761003017545,0.892815210502515,0.898679767884793,NA
"4638",0.873985985902938,0.961654153716769,0.734402911495314,0.772722288143637,NA
"4639",0.950299500690041,0.898588365058908,0.832340343862272,0.680061647302394,0.999287742501139
"4640",0.973545001874953,0.980898566895396,0.944590362988375,1.0598564430458,0.800066196737761
"4641",0.976659498227466,0.926803186894697,0.642955362030049,1.06223827641671,0.824749580462361
"4642",0.945316928583327,0.976196006868297,1.03374075888021,0.825721989637847,1.05742846706975
"4643",0.867355344594361,0.930519710338014,1.02189453203246,0.833440570795164,1.16519959048931
"4644",0.901799572077409,0.975326304317462,0.954910808577932,0.780163202949198,0.859455351325419
"4645",0.869447229717056,0.936514477971874,0.545294907080882,0.561928483972913,0.838688551459172
"4646",0.964587367311839,0.962016827865557,0.904473791149936,0.891854109161841,0.973801916921263
"4647",0.958665289475077,0.978208750439781,0.760110873471448,0.991313469651915,0.870283588486714
"4648",0.958485415877829,0.8455470636712,0.861485059172664,0.817872401427514,1.16074807319168
"4649",0.965872770097268,0.980594139352585,0.859149751443244,0.799095938175307,1.05381390347625
"4650",0.853374547188991,0.986540408102608,0.839104172457008,0.92585417233906,1.002137089699
"4651",0.949747134812143,0.985154800493348,0.888149353380081,0.836097598976289,0.929033785059679
"4652",0.908282651554908,0.966790118555442,0.854453013667252,0.797459542881098,0.906738981552777
"4653",0.986020939909901,0.968414971943462,0.788302115890873,0.82799320190042,0.907739735170799
"4654",0.949842828302338,0.992194069919309,0.734971689934367,0.766266551272628,0.794314561158346
"4655",0.962538562784146,0.981428260934571,0.858968303881397,0.895999969699318,0.901376568593791
"4656",0.961837452855892,0.978267782068447,0.970863932852478,0.924386574569323,0.827897690654787
"4657",0.966987493212862,0.938521432698617,1.01344304284172,0.71992833277511,0.823576785268067
"4658",0.968467448132178,0.969995410592823,0.837561584953807,0.764397918227676,0.975411985055093
"4659",0.961037571334936,0.966500426800281,0.907569835803829,0.883148235791421,0.8579376699941
"4660",0.938960808445768,0.977362252162317,0.959519392700624,0.784218990428049,0.792639276034306
"4661",0.93343519183182,0.973722119498385,0.976895577860402,0.937514700818621,1.07935680937958
"4662",0.937213081683739,0.90237074430347,0.979504579205303,0.929457737209876,0.951332423415947
"4663",0.927354283923978,0.878785415168298,1.01803443140187,0.808836626411634,0.760498890773136
"4664",0.911143165413767,0.977633634054374,0.763402015654989,0.778776678621746,0.906861693081439
"4665",0.834520178195391,0.908269608737058,0.668095253179867,0.799488795453481,0.923406638955952
"4666",0.972938343132025,0.902561679840864,0.755232475087692,0.901016951415179,1.03780678989468
"4667",0.971999870941302,0.968749302157718,0.874293783397523,0.905178377591317,0.983710025485598
"4668",0.94820873027666,0.860085672463177,0.926431336696395,0.722041494410951,1.16738264040048
"4669",0.929943702739499,0.986832462357413,0.846948536587929,1.0246593055971,0.973380133791057
"4670",0.918852111104249,0.830784701078171,0.924347584382556,0.721860611549113,1.06907644873293
"4671",0.901791196769051,0.986795744716094,0.598178240600733,0.975669126208848,0.796622184782319
"4672",0.926025786488537,0.87970785310295,0.903115003464562,0.957830249451106,NA
"4673",0.981162541175897,0.965959855702605,0.831847230291482,NA,NA
"4674",0.966266080203245,0.805341297988761,0.717976162535867,0.747091918656248,0.902122523188635
"4675",0.945392344602676,0.929589417083293,0.663724423747673,NA,NA
"4676",0.97270131389987,0.974930158591391,0.981036971831244,0.785074756451105,0.845041848680368
"4677",0.84622884564122,0.875053873090066,0.907095646568111,0.79130118247226,0.912237826386659
"4678",0.878956860506742,0.937991467832407,0.859087357729042,0.798954725453645,0.945763789379018
"4679",0.976163173727021,0.96355851798499,0.746954248245385,0.965597863131566,1.03940610398801
"4680",0.970929710836612,0.9807348643304,0.963319638983903,0.900600591281327,1.00479098177388
"4681",0.912511385511328,0.975832563512055,NA,NA,NA
"4682",0.964327044231805,0.964436444054505,0.728398476513545,0.830115258086678,0.969154455792814
"4683",0.950206685221888,0.96583942841678,0.868967312639337,0.852170211553777,0.871131215135588
"4684",0.952064104962191,0.967377862522623,1.03868664999092,0.879796903369726,1.02231657549656
"4685",0.78452515867037,0.860519371051425,0.940982657198804,0.833005506824959,0.951354535764981
"4686",0.963563550809791,0.999710946470569,0.948134394061936,0.844247894684946,1.15975606877655
"4687",0.896913380095248,0.986478060391469,0.999798086074571,0.714728441759847,0.916544060743685
"4688",0.866881306986073,0.816715189232641,0.833704510245407,0.824395976283828,0.874685178504962
"4689",0.968688610178484,0.931017563868528,0.879806956501623,1.06239399131354,1.05737662406991
"4690",0.975226224154716,0.889587423812613,0.794949935505083,0.695047103269681,1.02808341671587
"4691",0.850800672219746,0.928185919911616,0.770594053159202,0.602214097902865,0.927132121730159
"4692",0.981356856779779,0.851333177312639,0.884726716009175,0.708823925495696,NA
"4693",0.971755294727888,0.964381356258271,0.9175762595212,1.05822164135396,1.00501813745855
"4694",0.980341777740919,0.98372700955203,0.895951460518204,0.855642524966673,0.758593676638286
"4695",0.962057199575616,0.973827169715855,0.917652801094727,0.827277873502308,1.05986418370652
"4696",0.965034394098583,1.00348777504415,0.857419888023375,0.854277316583544,NA
"4697",0.968815486156389,1.00124584603295,0.99353393785715,0.924518088473235,1.00999117679724
"4698",0.953434364227149,0.980933633408404,0.871650954600788,0.674786197604499,0.95350636784248
"4699",0.9733729239408,0.748693608129009,0.627023057232734,0.763287970400835,1.03444629944736
"4700",0.943874769940707,0.956773436278326,0.704287200617872,0.848431582092138,0.944893990921436
"4701",0.95512609690799,0.887566645630285,0.928519515339013,0.949177221627388,0.944125504372078
"4702",0.957187156034751,0.688629172703406,0.868813435783263,0.900546879745445,0.904154679499304
"4703",0.859178059854642,0.92668936513295,0.864440516829434,0.769701752131717,NA
"4704",0.980549571298741,0.9201704860224,0.844958711224904,0.902701595930429,0.920995118680454
"4705",0.961744191581287,0.976698974463057,0.854768112433901,0.764008149294512,0.955731202644881
"4706",0.96108125257501,0.853694301960837,0.910365409854869,0.802423666692809,0.871720269268555
"4707",0.888647344487315,0.971108916723484,0.909579202947011,0.774542016481949,0.997776355387061
"4708",0.870924259913226,1.00113441008986,0.914135985738837,0.791021893441701,NA
"4709",0.958227848295782,0.9930512982576,0.874520121281797,0.763185339335289,1.18006752470973
"4710",0.86489996141939,0.864750734837417,0.803633085540915,0.919270563799825,0.978374488264473
"4711",0.957854720695787,0.876246924383234,0.89700054067563,0.845145319585852,0.890328862347994
"4712",0.887770460210911,0.8555191534566,0.950549110692522,0.823805802692241,0.827758299046221
"4713",0.98994981968044,0.873036636343491,0.905515115360672,NA,NA
"4714",0.962004333064042,0.986083648549434,0.76754859103982,0.764617016187356,1.16431348484491
"4715",0.807300243839268,0.916203070492115,0.864147821116772,0.877693510901546,0.927371759275721
"4716",0.974185447912748,0.978867696428372,0.831230485671805,1.08336586388982,0.959148759413578
"4717",0.96400191198152,0.993425651335017,0.769741414361317,0.689696329887327,0.856597254546652
"4718",0.945339369755184,0.981859951137834,0.69309598776079,0.836974112746254,0.836397251399951
"4719",0.860677875592489,0.988277011443693,0.815961400663629,0.855374074963891,1.16059355295781
"4720",0.976447677112757,0.978583239243125,0.85711099127776,0.837248615373086,0.839113236878062
"4721",0.921923900390406,0.691668060260838,0.833545938389817,0.808915062581792,NA
"4722",0.91103320217167,0.978549639787767,0.850318280496378,0.93160589992545,0.950811959294496
"4723",0.917230690439901,0.993128979131662,0.949962300071601,0.946729982402858,0.957215358706677
"4724",0.961640926896058,0.767056132044615,0.911804416599687,0.898757041500161,0.785566686527054
"4725",0.945610657846653,0.974905125228291,0.690457957984191,0.723014503860266,1.04047454749828
"4726",0.874184527042152,0.748963357207723,0.935917812656121,0.968723269724783,0.847699039595208
"4727",0.958351472644503,0.916578348650419,0.961200245886075,0.60032626576949,0.970263462015004
"4728",0.830342550374891,0.845421793297318,0.853026734164862,0.825576548400563,0.973149359629857
"4729",0.837169399686603,0.66924198514253,0.900071889267986,0.808151321171818,1.03621392802449
"4730",0.940282580744356,0.966958923682208,0.87029293703757,0.798147103276832,0.830486551028402
"4731",0.91834452243917,0.920540543811319,0.720256783948366,0.690007989690748,1.05403862922748
"4732",0.867910307623671,0.985147659821713,0.846675602709729,0.754671576554049,1.0063810911672
"4733",0.94554277488437,0.984746601757458,0.809633726969762,0.779409526218408,NA
"4734",0.890624038261394,0.887400013253848,0.814063181763658,0.858727648693633,NA
"4735",0.969287789668081,0.96985284915979,0.902689184027995,0.965256709898543,0.817320588432998
"4736",0.971073209480022,1.00206205310226,1.03310049153413,0.990406607031435,0.805829303436958
"4737",0.841398357689733,0.977556154634294,1.01604878383538,0.927918032149814,0.903811415838557
"4738",0.886273915088724,0.911426135087445,0.976480940697444,0.894171669050565,1.03727904327314
"4739",0.947328186014328,0.97999793048161,0.910705027666838,0.7030178827131,0.940709249368296
"4740",0.961881206205943,0.99009677924679,0.905963615165423,0.87612581525707,0.855833175843981
"4741",0.972029535984519,0.962144365061464,0.84195986756175,0.794181519969514,0.979120979771944
"4742",0.883757654045562,0.979461433528046,0.923471593314672,0.710285363914166,0.999875338306756
"4743",0.972185963638403,0.977106378065975,0.976864011452401,0.836420609029561,1.05811994117159
"4744",0.980715955499185,0.971958443025988,0.8072182865165,0.77319251279087,0.802067879504311
"4745",0.960822129259331,0.870270004433041,1.01808202463042,1.06719572505693,0.895945862559213
"4746",0.964850430822466,0.984246145475437,0.863688963106511,0.671117307890553,0.956842566435832
"4747",0.927496686203893,1.00354449179526,0.735685877343032,0.809790635797145,0.874014746155376
"4748",0.909715671528016,0.938979955253056,0.866491318140839,0.743656804021982,NA
"4749",0.870660058079469,0.967713222847034,0.915774459189492,0.901825206385759,0.757411893809245
"4750",0.881884835013865,0.99907032983969,1.00992581237289,0.851425328268577,0.968878500580287
"4751",0.962915947536811,0.960338227342231,1.02255332034071,0.923135175647256,0.969213265255014
"4752",0.792821645741676,0.828565823247442,0.935420721251004,0.825908811721724,0.849487133503609
"4753",0.828741754046799,0.997821908507682,0.86183967192179,0.658805259097686,0.982636588473053
"4754",0.857214943019563,1.00099400311982,0.926340382629024,0.874588924188173,0.977671145968254
"4755",0.94212467943917,0.982406377425184,0.867851644988458,0.921941217206902,1.09814083515758
"4756",0.975057176223699,0.980339549604524,0.738920363981388,1.06922286777838,1.04586898858918
"4757",0.964659573894452,0.945273900460913,0.949570527843976,1.08015491211651,0.862485349723982
"4758",0.956995239918903,0.971019851032444,0.922292751713915,0.732571766846612,0.998303295050003
"4759",0.823483261593746,0.922695497366407,0.929608404557074,0.848643311373872,1.06767801870364
"4760",0.867871461036441,0.899731703028234,0.878721296786665,0.836795282394414,0.923662632739917
"4761",0.970645405277079,0.879322097831232,0.950156196711121,0.653827238181036,0.862940678404278
"4762",0.978552909312803,0.913931273688003,0.947752090976516,0.789790044001025,1.04025900021348
"4763",0.736126601542026,0.865617590612795,0.947122588876174,0.929562749837686,0.899507713312913
"4764",0.964681154180562,0.968535333723437,0.787676629067022,0.885728888475006,0.99603458395346
"4765",0.900220802358574,0.858295716128599,0.898769173375657,0.911942808846086,0.749201369512596
"4766",0.970476706825695,0.816360000577578,0.730534575863095,0.591125691933048,NA
"4767",0.976699375771507,0.981945091109,0.948486698207931,0.852192480463229,0.793666057873158
"4768",0.965483881778618,0.823353410815798,0.992605404688042,0.825369269161825,0.984605566972117
"4769",0.904314842375659,0.937793413599976,0.964769086292011,0.775088925132621,0.883204970578166
"4770",0.948298464717303,0.912367889516899,0.908025253828962,0.659341920053373,1.00839727051507
"4771",0.971406112599269,0.988687736501518,0.804946760322277,0.71054602792606,0.902504467935912
"4772",0.849302415096369,0.978241305524795,0.836415524535737,0.915841195280633,0.871374069134197
"4773",0.894167177288281,0.966385037849597,0.858628683267371,0.834665541908056,1.05422173479611
"4774",0.939406473443381,0.984097412352393,0.930613558485247,0.841764830633094,0.813843939276792
"4775",0.961074466824666,0.937646232164648,0.941655841716123,0.692891538954073,0.962174972086035
"4776",0.888866731657394,0.933811961124369,0.899515960499846,0.793669400503692,0.781209322569625
"4777",0.962450627873536,0.882968125469029,0.969162495846205,0.765043484874818,1.04039206207134
"4778",0.969679621723187,0.941748969423062,0.799255231690744,0.709228127470049,0.968188841254302
"4779",0.810454206518421,0.900403764720577,0.947936952954578,0.799181654773737,0.963325546190016
"4780",0.984215708682152,0.978337455477722,0.78101500146958,1.05722252868785,1.05162846056787
"4781",0.96398590740364,0.967024650520838,0.909742299860463,0.927921542985699,0.890641339990763
"4782",0.850448540380392,0.919431648413088,0.710117282477208,1.01152458270582,NA
"4783",0.912540883531906,0.940624910949458,0.867043465520034,0.991896695948014,1.06380145987389
"4784",0.966858025067963,0.969144671762163,0.879469750372063,0.861029787682749,0.907682363638472
"4785",0.90303092031253,0.885028278397566,0.850095530580002,0.891252576830885,0.909386749680211
"4786",0.974757784735331,0.782267642132769,0.661990735216564,0.770039742938178,0.951821364990378
"4787",0.940634283465053,0.961644893435374,0.678153241449931,0.906452151037533,0.821833523594138
"4788",0.914741480349534,0.959104222228338,0.969601683655778,NA,NA
"4789",0.950897560522764,0.962397550061396,0.889235914498612,0.858431895191761,0.861797149474796
"4790",0.963646517979124,0.894738232848574,0.825543805401288,0.750983735495818,NA
"4791",0.88660565324982,0.969851546528616,0.938672511518285,0.852122533929932,0.831248686865367
"4792",0.941588338640918,0.986553771015319,0.883770675350063,0.955311207147705,1.08028458016922
"4793",0.92055960177186,0.941632064418669,0.936529208442724,0.931097152059158,0.968140094706431
"4794",0.938835644429351,0.910534328180205,0.692778973158956,0.716751308634908,0.866921440825508
"4795",0.965450240144813,0.993556299974167,0.71703284689889,0.909703091363383,1.09832699942236
"4796",0.973419125971868,0.985343370220974,0.818994921590281,0.843569686630007,1.06287923644221
"4797",0.973403985721175,0.98611848011197,0.947653640602836,0.789656062192594,0.790006689129571
"4798",0.868105420238287,0.989442979985853,1.02024254669477,0.908251882673888,0.992592813915005
"4799",0.966990230806739,0.976022729314031,0.894591845174785,0.78814714549243,1.04878112292931
"4800",0.961748680529883,0.913677323264232,0.811495628914745,0.814453768644254,1.13953568902748
"4801",0.9625282936858,0.915727188396936,0.720059923299333,0.851654662289212,NA
"4802",0.87071790708978,0.943327497291575,0.984964295147209,0.815521333137266,0.742503508548261
"4803",0.867602652891406,0.804919267456548,0.927099819593818,0.849639048479207,0.982564884382743
"4804",0.984007008291091,0.827893662261395,0.833255412533788,0.672970760122454,0.860333301845164
"4805",0.968002641856286,0.984367640631481,0.978139836727475,0.967115653065177,0.89044553406606
"4806",0.944803095997518,0.932473608405564,1.03742178263936,0.758738284802433,0.852973512908542
"4807",0.97835989922746,0.900167061485208,0.830964406234688,0.642491218579896,NA
"4808",0.973497452271601,0.966868889866165,0.76389282103634,0.81359988590049,1.09217711652297
"4809",0.970642872731644,0.915490185134564,0.909414477265649,0.839298019401977,1.02558254914607
"4810",0.879750680523145,0.925118239995887,0.66960430788943,0.660902811912523,0.959521821060267
"4811",0.974489167657731,0.975782611914407,1.04032194640255,0.826220801876725,0.876182798512976
"4812",0.970645404648666,0.957460188871704,0.929066015521568,0.829512947567541,0.981810541238587
"4813",0.919030292316535,0.959886100778171,0.747990192792106,0.59561152111571,0.869652341691088
"4814",0.847803494219108,0.960433232420854,0.925791390832297,0.808870533621863,0.909274761981276
"4815",0.971873623288587,0.9723210777254,1.01276036072941,0.677532889649578,0.992405789854337
"4816",0.93942673508026,1.00285996985135,0.829156202914943,0.971743534084118,NA
"4817",0.983326651039616,0.988283227687413,0.832405786696426,0.645116812850008,NA
"4818",0.969286160029641,0.847681613750517,0.938971490850094,0.835212833796212,NA
"4819",0.973097364702092,0.975446543766159,0.897098628471199,1.05086024877942,0.878030831558786
"4820",0.92266591843014,0.971963398749183,0.663963135725063,0.765565307332704,0.903532815926675
"4821",0.985633768560473,0.966241635283606,0.583245619675154,0.746191989646887,0.885201169494527
"4822",0.879138574283776,0.951090503579373,0.887915810269417,0.821269795243488,NA
"4823",0.849014196424274,0.999970733696947,1.00016883222191,0.863597799222179,0.888411753323134
"4824",0.955157536131046,0.885613332933112,0.939364164315891,0.777081141907045,1.02843451055302
"4825",0.857103540748141,0.911036898641112,0.784089231008957,0.97613694001669,0.936641621122312
"4826",0.9587204719579,0.883760025651134,0.950771449076174,0.826870156149161,0.940568988470788
"4827",0.958850899466264,0.792775953443725,0.934756295775075,0.681441502204579,0.956971252397931
"4828",0.94864913644444,0.975601617355023,0.773357014337427,0.838606138224559,0.868930811051208
"4829",0.978313654421704,0.96831996225056,0.799570636210613,0.733898027334454,NA
"4830",0.904592219759217,0.857120140946994,0.92993206615755,0.808451088995522,1.02789812533242
"4831",0.900017358220533,0.980088945099987,1.034140423039,0.808027392940637,0.845677937980915
"4832",0.96573695477075,0.986845611794028,0.925232507828701,0.838259776634456,1.03976146892075
"4833",0.978991913796783,0.953962672129728,0.885508801797694,0.787021848593905,1.07967221153001
"4834",0.982013589817588,0.992403236187759,0.832363283251831,0.71741379791802,NA
"4835",0.904004888622715,0.983763690750503,1.02083176783897,0.737342133867726,0.978515687450792
"4836",0.973553078521437,0.970482417516599,0.869712987385437,0.984680875057424,1.06996081657995
"4837",0.91984618114107,0.927860882140935,0.99816584548455,0.693158766474863,0.980456342956528
"4838",0.975242707607068,0.862838379967032,0.853560379082187,0.997832405865479,0.812221779555258
"4839",0.940171732662353,0.938836905792369,0.8666534593069,0.88901083323589,0.813050398653619
"4840",0.980506059843378,0.925778428700268,0.934185838994785,0.753822969937619,0.803401614085095
"4841",0.971310813425991,0.923803315047165,0.85588016235591,1.05570474591961,NA
"4842",0.852189251719298,0.90070532232526,0.853258928980247,0.716190440523892,0.930055465039454
"4843",0.971404227408088,0.924254564190043,0.892030853312013,0.728426713628122,NA
"4844",0.880411834439189,0.991475759425526,0.82807302845318,0.841785589214898,0.908893277104655
"4845",0.962046952687186,0.902362903509292,0.988341623726405,0.834235424562327,1.08339494116781
"4846",0.966052570269985,0.968198035424306,1.00012864502866,0.708057283438849,0.926029899412198
"4847",0.974738897579259,0.818678034707564,0.94633202310068,0.897393777343031,0.906950486203187
"4848",0.970456545008722,0.89020508273608,0.963217716816398,0.592143871861551,0.982543699527292
"4849",0.970534283368542,0.962604586243584,0.963140512437323,0.778923736359272,0.980237330201062
"4850",0.737871155986948,0.958787999679746,0.863328131605776,0.85387270600893,0.851994978454873
"4851",0.965292970210258,0.882934190731475,0.959483783567729,0.671234856381133,0.957757224505505
"4852",0.97645571778275,0.948730729077804,0.944758774538648,0.617792249740623,1.0576617662214
"4853",0.955018460773794,0.742246938902496,0.829612426844221,0.914345380763823,1.03852362809298
"4854",0.970984313120152,0.950024625194534,0.738202975057588,0.736050558100281,0.8294141865956
"4855",0.983603072005745,0.982691836469169,0.747393902834464,1.07499625313511,0.840468555829928
"4856",0.972304667614031,0.947634326343292,0.835248179968458,0.640636272508392,NA
"4857",0.962041619240335,0.978482810862204,0.965432882114647,0.867885644965026,0.952848718114126
"4858",0.912179860871668,0.841436150207117,0.952982847551728,0.758462333911997,0.992118315000758
"4859",0.978093544878589,0.983003414222899,0.908075036585669,0.817464353675096,0.9588713764199
"4860",0.960485692397563,0.851199032109056,0.941581201346622,0.90438761332312,1.04438363540346
"4861",0.939562189209738,0.972974197652346,0.87684939562345,0.828978483330982,1.16006172453544
"4862",0.967938792860161,0.879469271511378,0.939836350760314,0.95803574837726,0.879488829099227
"4863",0.964593236946425,0.985760769491002,0.706132395524188,0.647542051450712,1.15424177569494
"4864",0.811040260770816,0.995373418277478,0.960172455728393,0.792291899910094,0.984469669478558
"4865",0.883508852690728,0.994950844232475,0.877365663362285,1.06394728587818,NA
"4866",0.964020440745624,0.986804347522372,0.837988925930447,0.912060748760237,NA
"4867",0.940681265292362,0.962088846722816,0.926040460591853,0.980908028187308,0.880675358604897
"4868",0.959592944593004,0.977910552829097,0.878069689518224,0.702431563889178,0.996261663091873
"4869",0.948134464424115,0.931019985496967,0.879212142349455,NA,NA
"4870",0.950563757425989,0.917672958041098,0.973029638143513,0.77799357171474,0.940881242854704
"4871",0.955180576827037,0.977756145112846,0.81352418590678,0.899396977453023,0.941737865600064
"4872",0.945586845402959,0.835606301135425,0.895364785484544,0.835087757710221,0.89647502228491
"4873",0.962746533318019,0.976124568706713,0.902697833211926,0.796540863278688,0.931737381496976
"4874",0.881821075470118,0.9873382487412,0.513823726108587,0.752189663037289,1.01964431998386
"4875",0.951750837783513,0.913428327375044,0.883882875839204,0.756966418128789,1.18019457159676
"4876",0.960024370762145,0.957190057842526,0.877798548030452,0.8655677079332,1.0437484736757
"4877",0.806869025853909,0.981497218612723,1.01243638530582,0.82755902619676,0.831593786734526
"4878",0.983570455644004,0.962073812436926,1.02139848715792,0.854067906555922,0.82144804693702
"4879",0.86822421674973,0.989502697591147,0.928472993162305,0.927956159411275,1.07243605997643
"4880",0.962969468230143,0.979076956866079,0.7661477794178,0.736918829237333,0.856060230229556
"4881",0.972082438771798,0.793798630754251,0.840160026858091,0.687917812474782,0.913472362879838
"4882",0.736413356612016,0.875234373183819,1.0113061041559,0.857771844296468,1.04907007392592
"4883",0.862947111925682,0.792942003448875,0.864506778157539,0.801600900379015,0.956274276660906
"4884",0.940843190182075,0.940161194962294,0.970312667609061,0.799583904685524,0.825786905143091
"4885",0.962537463531015,0.981301184598512,0.718125161511374,0.971629505049682,0.985940738267941
"4886",0.853351147362516,0.823362753537079,0.918249762373873,0.674904967372628,0.811249670963031
"4887",0.97846563803342,0.816932211310334,0.865565275028573,0.937831414882833,1.01634826231975
"4888",0.793727848175193,0.988887522375835,0.873546302845996,0.792032329537272,1.01182162313218
"4889",0.883840664378467,0.951659928383618,0.898005059427374,0.902322156845274,1.11038307647604
"4890",0.887862845248211,0.972218330380872,1.01569617921309,1.08762228901503,0.945443079221239
"4891",0.976119917871605,0.971269330080327,0.895331500556195,0.772955715398079,0.951836982947364
"4892",0.939129494297558,0.989771549238045,0.660501547099609,1.04253349994034,1.08718524194701
"4893",0.82009577047156,0.898451920878675,0.683689468804957,0.792540791714526,0.960865639294402
"4894",0.776861792444209,0.789690415613985,0.800073971517209,0.870253167316608,0.940690208766892
"4895",0.894826142659899,0.91088824707441,0.728971908278599,0.814897793273686,0.820633858718487
"4896",0.967043914714431,0.990021293125582,0.98351623554987,0.925393809079025,NA
"4897",0.900759011297731,0.991898814289345,0.769489974005844,0.85268133770598,1.00521780571646
"4898",0.961953359447661,0.855898988635547,0.905962338189751,0.909489952305044,1.08549435254767
"4899",0.955526636660709,0.905458202794779,0.952688349128736,0.741219984360209,1.0043566239426
"4900",0.952618652451764,0.902079258747911,0.84854952859045,0.869827795882934,0.991361758730608
"4901",0.950906935539643,0.943484007062015,0.907496621819482,1.02419620443207,0.969587399766332
"4902",0.853261247433455,0.979149222269486,0.727547719590498,0.624959081594413,0.860345339092672
"4903",0.940302951974041,0.962402919190346,0.934328510248522,0.891191819605912,0.970182181248078
"4904",0.969838201781019,0.953029661574731,0.901458592519623,0.6327639391129,0.932424873320372
"4905",0.886281219459354,0.953365494976841,1.03014555446684,1.01676963116295,0.998048241902625
"4906",0.884634435661833,0.926026574903518,1.03680870767189,0.706780615467619,0.945675994975297
"4907",0.971039224467598,0.981211845260694,1.02073130971561,0.914437368702783,0.962190518011474
"4908",0.980498713579224,0.887656642699165,0.958925282949096,0.755275912149278,0.97782755655432
"4909",0.890097907941283,0.981303464272026,0.788131282151473,0.634056034181867,0.956999138580084
"4910",0.957386534692411,0.926641236418947,1.01545047694357,0.886625266828334,0.762140585313778
"4911",0.959070427417187,0.956456586216563,0.879467009786445,0.90488581215139,1.00780004088256
"4912",0.970271649093988,0.988132030038328,0.950989508624062,0.762391664593387,0.86659022260227
"4913",0.968358801222695,0.953080899929847,0.743784667295682,0.98778159639693,0.884040396498822
"4914",0.917653416213431,0.882643315455779,0.806287166560524,0.67752284396963,0.975946917578512
"4915",0.972045672092202,0.919404201807824,1.02923468986921,0.897211657891455,1.05228474876291
"4916",0.936027748909397,0.967142284947544,0.834362127692213,0.720973743658006,0.966282162455157
"4917",0.95905062702512,0.810448464773131,0.77025008445088,0.93622880832307,1.08342920644609
"4918",0.901152509748883,0.980020998877154,1.02975456057261,0.904001836001048,1.0311948004497
"4919",0.8078895781309,0.870095925159659,0.728113841042219,NA,NA
"4920",0.94583324624927,1.00362599043765,0.971239256794693,0.712336535020375,NA
"4921",0.947542836823772,0.980472570800753,0.818862485726082,0.823031276200738,0.998216309831993
"4922",0.967965483511032,0.976117958611749,0.965572810271881,0.860185790148517,0.833263508223854
"4923",0.897160479347769,0.965413331579794,0.869787340391914,0.81838407232647,NA
"4924",0.969705370531401,0.976293746651948,0.952484971988584,0.709912613377118,1.12120968417742
"4925",0.954350403570449,0.986429398415264,0.932712393349453,0.901516037107317,0.917351202084474
"4926",0.913138690766338,0.95864612604641,0.701442254966716,0.721357607223712,1.03771286805067
"4927",0.955381986078393,0.990753524180302,0.931854935880054,0.768711720067952,0.976671859087517
"4928",0.96427128356854,0.868064432371274,0.998024391961682,0.810829407930798,0.860561256636324
"4929",0.900010827771339,0.915028263645501,0.847433071341747,0.783387400200125,0.936318918965123
"4930",0.865104680282888,0.975633254409776,0.869258537582073,0.762609188936581,0.757461271922869
"4931",0.978336298921237,0.930509074068449,0.808587944547125,0.787416799975513,NA
"4932",0.961650473366048,0.933127523228237,0.886987817310127,0.786578103694112,1.05640465795838
"4933",0.828418442726841,0.964639003304752,0.898227573180217,0.726333635935214,0.86533191402036
"4934",0.958695526003097,0.98923002651579,0.843027753469308,0.73845347013849,1.05763257968137
"4935",0.897369748981343,0.975871839104391,0.792095651138104,1.0746273675586,1.02898661517299
"4936",0.973282757141768,0.971406564986826,0.861493306082835,0.938335248107733,NA
"4937",0.964404226344506,0.993924741024072,0.905651801853694,0.816869772236209,0.957311514666849
"4938",0.955713316207822,0.965846303321264,0.919031226155704,0.8370865358514,0.79276242139152
"4939",0.891542580570427,0.997283697798018,0.8563611763958,0.793411104679947,0.71179860109152
"4940",0.947599760098398,0.943039005347505,0.746829605014098,0.904814941763219,0.956091609011594
"4941",0.967727332540204,0.769330703576284,0.915630216426282,0.770232462083203,1.0091788327347
"4942",0.968582204452151,0.92153825627603,0.793316704447752,0.685469851128518,0.989631182566957
"4943",0.976841306494582,0.922621403931306,0.939843389481411,NA,NA
"4944",0.847935516720306,0.988237523409881,0.840787685099369,0.869822413268167,NA
"4945",0.900503941581897,0.976873225770732,0.756233879451058,0.702392563408638,0.994155598704976
"4946",0.919018303390937,0.86551037554818,1.02415322514269,0.757511079297334,1.05656597151473
"4947",0.95879022744949,0.988661746736979,0.779129437982324,0.773842277586456,1.00227855562141
"4948",0.961818845998108,0.980183108883189,0.868819677569406,1.01147698222657,1.02237139427659
"4949",0.903180803547439,0.90690233561534,0.835275086252425,0.650240735604437,NA
"4950",0.871792622405186,0.951795898593432,0.647335115295509,0.911363921487544,0.925901094641019
"4951",0.975978902002163,0.976420192487044,1.03661839499463,0.669444901364346,0.930542665133657
"4952",0.969814569563645,0.845638114593815,0.915551560319594,1.08189555968108,0.812687915682031
"4953",0.95435287328295,0.810200071181116,0.942198350823061,0.821272830060404,1.0503194162912
"4954",0.971108985401552,0.932767432078542,0.701332895447768,0.605226917943616,0.95414429252764
"4955",0.959539910351608,0.976965877072279,1.02149511830876,1.08418791065231,0.910176136168736
"4956",0.946274308459285,0.815875533425393,0.753306269721201,0.785279411945365,1.08707993409374
"4957",0.900255128765626,0.823203485852817,0.791079407463387,0.809773434937287,1.11006975502531
"4958",0.894925462295582,0.981556856007159,0.774299051292272,0.833595420035136,0.915907029700223
"4959",0.975349673952742,0.971737326790176,0.663909769765653,0.772661269096308,0.889124987335439
"4960",0.885067346479337,0.83932671807619,0.841112041482575,1.06971119863369,0.826369723562669
"4961",0.933498520622163,0.97032617032592,0.985008264868913,0.99560131692683,0.924009822110157
"4962",0.960904551346094,0.845161506269511,0.879173307376361,0.851025845218185,1.05301918217903
"4963",0.942880331664306,0.9783393193877,0.856902595023327,0.709253995446075,0.847292721346609
"4964",0.969263662658666,0.907071200749181,0.923808350343911,0.841204519398737,0.884920088725971
"4965",0.980135081286607,0.737576682525955,0.854628639990667,0.968380160185495,1.08701220114504
"4966",0.847512182553976,0.880176800291288,0.780039996890198,0.736617153367191,1.04950309981323
"4967",0.875656632760023,0.924027697834449,0.784396956618954,0.759464851456009,0.916498210067956
"4968",0.902420236839876,0.993159723886524,0.894837902375359,0.878042751677247,0.899135730492911
"4969",0.968451840443938,0.984485424281787,0.883488773725579,0.913367545700513,0.879349161598981
"4970",0.939955347918838,0.954555566780575,0.920564978327026,0.928639990879432,0.87844364446411
"4971",0.984756038008235,0.981878011631796,0.93958946219011,0.7171736968204,1.05443162669477
"4972",0.678018879014114,0.980220605661157,0.773086128420787,0.833083900714856,1.02108147112556
"4973",0.951114671967728,0.989058138310895,1.03036111483899,0.820241170581368,0.982411100259008
"4974",0.96940470314603,0.869730132292381,0.957566861025583,0.804094343648007,1.11616092335757
"4975",0.957553010819657,0.967984047600844,0.886046668123696,0.623673948631711,0.982230033105221
"4976",0.916831393498876,0.9849984729707,0.832967501280118,NA,NA
"4977",0.973335155226489,0.916644852719072,0.917854519288824,0.846311440736332,1.00307749647982
"4978",0.978517726155874,0.980142541556139,0.87495991474815,0.854103324450044,0.993235855910363
"4979",0.923674764957392,0.885056331092843,0.951996331958414,0.836805860438157,0.877623154188137
"4980",0.978501039136046,0.847993845316746,0.91952101061432,0.829842707485588,NA
"4981",0.871261725313856,0.927705132641513,0.798530039754011,0.826088083428658,NA
"4982",0.96261153194773,0.910363532382745,0.815590648709641,1.0435256890063,0.874945240641269
"4983",0.909988358249654,0.915766925090561,0.868007594703649,0.913380069594087,0.816901333081143
"4984",0.961898833678588,0.992955824606943,0.984709052951011,0.978415371929896,0.950901380532106
"4985",0.962072105397167,0.999229451385701,0.689304594239953,1.0882773611039,0.732227022778327
"4986",0.853704298838114,0.928344336593601,0.999786388764193,0.871702817731051,1.00393044708529
"4987",0.969861363007802,0.961325916566637,0.819568331659958,0.87898314991458,1.009783551309
"4988",0.986473834788422,0.980988003158747,0.903667400786816,0.836806044789942,0.997807141410297
"4989",0.805056674943163,0.918336654502248,0.947613919462216,0.795688097710815,1.00637953092107
"4990",0.857632427767092,0.981740972130396,0.877459957013441,0.892086898070146,0.867275244987169
"4991",0.894236113131737,0.972345023667283,0.909836032318318,0.856366365144036,0.917184693868828
"4992",0.975892902538544,0.97104095878647,0.919649193470481,0.817216341742046,1.05448039076963
"4993",0.958346630294064,0.701229268469576,0.888230066191419,0.782612057607563,1.08937878786291
"4994",0.983900476724559,0.981295144677505,0.880331633445011,0.657340477547916,1.07946431893285
"4995",0.969823036028071,0.982589004002672,0.853423424665074,0.782815532646914,NA
"4996",0.946482833479221,0.984671168846977,0.889898676798733,0.824314797120068,0.912264027641811
"4997",0.931752320157782,0.982336419347465,0.863013670386287,0.839624841579804,0.883437557172124
"4998",0.971788803515043,0.986677989939841,1.00438132332535,0.77079972657725,0.978515650555058
"4999",0.974342078524599,0.890032163164962,0.707865439955885,0.773852447781706,0.949758419081194
"5000",0.960258700290663,0.804759236486723,0.792854844830766,0.759501863222509,0.945772226364924
