"","V1","V2","V3","V4","V5"
"1",0.947046115204858,0.981666076133275,0.582026825088669,0.807230415739605,0.995947600168926
"2",0.908295320237953,1.0095884999132,0.829046247635533,0.763218418542868,0.896562555211111
"3",0.909913056612653,0.93462323289769,0.697864054055318,0.828700597230303,0.813396937191124
"4",0.947842877509851,0.997381344464124,0.617480538957545,0.877621155611789,0.910292398171271
"5",0.911431042939892,0.907827786186657,0.696919255064659,0.768268162299506,0.95892651280148
"6",0.910527145630438,0.978732291206075,0.843296169516868,0.621191122086863,NA
"7",0.968736276555762,0.998077390161293,0.917691251865745,0.799263046337123,1.12705396133575
"8",0.94712796766742,0.992480043807653,0.562477786305806,0.927119910639317,1.00107005215898
"9",0.980217511778114,0.803647634552343,0.785500692196773,0.878239987281435,1.10771179848941
"10",0.959407011424679,0.89724486140294,0.84288739095128,1.09333577340873,0.995951079152247
"11",0.984855558234722,0.958786673643887,0.703747797148402,0.812257013656089,1.14304915194483
"12",0.974945925675017,0.999544993559029,0.815474608338299,1.07460065437693,1.00047090671419
"13",0.963955055570611,0.998905864627894,0.754202065349057,0.940664690514621,NA
"14",0.957115271672497,0.919488909698565,0.823033765631773,0.763557734120674,0.865209188221938
"15",0.969452627062957,0.981058183879181,0.761635236324288,0.979452323589602,0.889326893321335
"16",0.813302156428037,0.881045856727802,0.698886334312347,1.10813844615364,1.03001972700547
"17",0.883802279043936,0.960609236687738,0.836807668565495,0.736761955146415,1.01246129508687
"18",0.986633401849304,0.940682548130433,0.783376036234933,0.85891628255481,1.17029861304718
"19",0.972240141693019,0.833685162183575,0.792030038352765,0.781186849284493,1.04129390785391
"20",0.892092690677121,0.990015056389413,0.69039355696534,0.918186371528595,NA
"21",0.976654967397463,1.00338751518065,0.721483521497444,0.955265693604815,1.05062288354163
"22",0.953702676463699,0.88359008432494,0.804738154545651,1.04500149452201,0.981301175144577
"23",0.975105496914595,0.987702219372105,0.829846921905514,1.09161140094177,1.0328737642503
"24",0.985051567088554,0.886859413401292,0.779220560692953,0.961944312912465,0.892325480700438
"25",0.974208959382161,0.989662064727083,0.753881130026329,0.829499770491792,0.841324994034867
"26",0.958448368244477,0.846017591739489,0.690342570942782,0.800136503983863,1.08937032285322
"27",0.923447503541551,0.982231676479227,0.832235761581056,0.85656058569012,0.94265238712987
"28",0.975578112475127,0.912240751153435,1.03252864161766,0.776922814260333,0.875840270348068
"29",0.965969560374295,0.996271260604999,0.689738604596184,1.05049569856719,NA
"30",0.978713544767476,0.964033824169962,0.864841395761027,0.749317037142363,0.858204920529568
"31",0.9054015178979,0.907274560757902,0.727645568036798,0.932722079820885,NA
"32",0.848583394994712,0.901950599171804,0.686718708088761,1.0210490516637,0.904209479105335
"33",0.97870771375178,0.987183469113417,0.762008751253675,0.855437320277282,0.969592833150375
"34",0.987505167476456,0.979214741902209,0.533292854726236,0.915835088191851,1.02410314933451
"35",0.968323751843632,0.976244728520931,0.872597238869729,0.933064810320371,0.881194387002554
"36",0.970137630982156,0.999320163669288,0.695217229765085,0.847748349492625,0.808345130982296
"37",0.98153137100745,0.83634978402207,0.855012527399361,1.01356311553942,0.959302244723596
"38",0.932837155049227,0.89760219301959,0.816667784899678,0.901733310964482,NA
"39",0.973955007768775,0.958458881707281,0.906078190236347,0.94856523098445,0.97009165776869
"40",0.945483073043857,0.91795653880098,0.545516363249962,0.802688923005654,0.84663099909242
"41",0.874480321926625,0.974723213539936,0.831938152427914,0.92483512676928,0.950443502545225
"42",0.86578538494176,0.885831822880861,0.879623925382816,0.847653004607782,0.895016563435654
"43",0.908197660017198,0.979872962737293,0.802716036915347,1.00168058114986,0.984950107918143
"44",0.962006902476915,0.893944950502656,0.699738313422061,0.881193154683695,0.921003696806841
"45",0.978323475007175,0.904245825447289,0.618068413839808,0.857984922009046,0.939558643104888
"46",0.959753665503033,0.999569212511718,0.962658431029839,0.654573070583713,0.798406505986583
"47",0.971742228714193,0.965824160812369,0.742103296925379,0.695328371658022,NA
"48",0.922481483555741,0.963709412205563,0.77323518867297,0.887668761027029,NA
"49",0.970698327184471,0.974255352142449,0.938041817033864,0.757083740603819,0.971501241233933
"50",0.94962528540089,0.993306620492305,0.616170126086848,0.942912110123129,0.892627757821923
"51",0.965813106416703,0.88897611737398,0.769425885915972,0.752714660186213,1.05116408422435
"52",0.966191665798447,0.995032660293622,0.607795666601722,0.855025430512599,0.911902936930395
"53",0.96553772753787,0.906351261048838,0.896472415362999,0.875901947148175,1.1902645113479
"54",0.892693797713336,0.967719231311143,0.772027510417973,0.792797157716374,0.879205094799366
"55",0.961168586052724,0.984784353957556,0.61238165117012,0.610870279230663,1.14440726613853
"56",0.946180247629932,0.978314309657574,0.467100746002258,0.697797939222485,1.03803324990199
"57",0.992079824862086,0.993413828715277,0.562936954489058,0.879213295105661,NA
"58",0.962074600369284,0.97093831318901,0.676230148997948,0.872312534642411,0.999282260174718
"59",0.95468677441732,0.910058516646269,0.731990386337214,1.08571736452937,1.00965804197542
"60",0.850872611322876,0.999570545609944,0.504000782590832,0.834841693043618,NA
"61",0.961576243808111,0.965286002191172,0.91137787653483,0.877574648714428,1.03033686822372
"62",0.964968940213271,0.964176924899804,0.738700786038207,0.898872592348017,1.01873601214976
"63",0.95122703404892,0.823397884021051,0.844128824388627,0.868990295172134,0.911363706921806
"64",0.867391200875066,0.905052744481276,0.794105098998052,0.921924403842697,1.00187273471932
"65",0.924562701127084,0.966814611531337,0.743711327735082,NA,NA
"66",0.95908193870988,0.985701614317117,0.83177756433096,0.907562223810524,0.904146655917897
"67",0.855276607341375,0.989356227763199,0.916884294092039,0.853258541562554,0.905869158235469
"68",0.860182287989001,0.876529318189654,0.939071926776345,1.09424280940832,0.841672783525727
"69",0.866642156541447,0.815880389451018,0.846223312057812,0.645746976666677,1.07287723913451
"70",0.956285561459476,0.934073202123125,0.6307374842649,0.900440953799015,0.970208280312439
"71",0.980558485640067,0.96816224013101,0.709985387618888,0.821369873781338,1.08237284371418
"72",0.967321213608012,0.866141823918158,0.710661988048739,0.794099471918257,0.932174438838516
"73",0.971881039121186,0.970433132276883,0.772908446541756,0.727366020339128,0.895758203167335
"74",0.808442297004201,0.767886965666539,0.540195041571405,0.822855006770548,0.908987870434535
"75",0.987151409238576,0.808540477048526,0.612054759798776,0.789500276565602,0.818287118080199
"76",0.967683537706841,0.986551911994752,0.724006394658224,0.942286744752422,0.697760367148497
"77",0.971539036170015,0.981823863398852,0.77802334743984,1.09975839853423,0.894557739120579
"78",0.987695267300472,0.866622762545237,0.878943236222811,0.946475790199251,NA
"79",0.919444331363366,0.888322991871912,0.921282652398363,0.827589007035802,0.840876556544205
"80",0.98851689008015,0.923680933641324,0.693194645922386,NA,NA
"81",0.930929248172055,0.941578777711302,0.671324275099273,0.828318611386809,0.976847186638474
"82",0.957432549224738,0.944930730697462,0.695237074408194,0.789419668766935,0.982549238613653
"83",0.988582012917822,0.964113325547359,0.661787933602804,0.846419270614797,0.921260070181
"84",0.99140203938066,0.998170429021199,0.610180212259349,0.920395293872915,NA
"85",0.867090480172027,0.982488046250934,0.580916613141201,0.990677284507591,1.16463765383812
"86",0.956460735470285,0.969885148081974,0.871875451371774,0.84664702697628,1.0910188963921
"87",0.973802916550866,0.978216076570189,0.818172374714683,0.868450049964235,1.09957325731463
"88",0.968538329387442,0.932547093558752,0.852704438996024,0.770437139396437,0.997987889023652
"89",0.94190787121571,0.986837683666364,0.791435355675818,1.07776728822979,0.953714640124763
"90",0.954962135583835,0.784886069152374,0.707386025405078,0.720502226766611,0.930207891519098
"91",0.953470719640563,0.970451165697322,0.563861241551526,0.722439301177119,0.927062848730451
"92",0.859519704996706,0.987258157736608,0.73384997642786,0.818500117729598,1.11898961596458
"93",0.978237228262807,0.79727357406332,0.81076701553074,0.906456952035935,1.14658714198103
"94",0.956530708733865,0.907234861568626,0.8006279805533,0.686550216820725,0.948493254736044
"95",0.969026400165925,0.987472558524569,0.578512461675192,0.74159842113628,0.963499124681688
"96",0.976100609911565,0.987747563025617,0.801212809122196,0.710108077631957,0.971137336102031
"97",0.965876970548385,0.912705851954017,0.972849865722569,0.885260092840332,0.872918048783407
"98",0.95883085006547,0.925143043295085,0.726530111217809,0.766648359606257,1.14246743021201
"99",0.984001853336131,0.892629037587849,0.907188109854723,1.00246260955473,0.961673376942783
"100",0.968070709099037,0.85155885890601,0.78201184648911,0.875637894482197,0.906238471290148
"101",0.965536513180603,1.00349160281122,0.772305819111109,0.806597417326406,0.979241576055109
"102",0.976375101639675,0.955605187945418,0.683773452578381,0.925744255244741,0.933808834477319
"103",0.895891732283934,0.965038990402663,1.04509397390374,0.742931427332217,1.18294783827856
"104",0.902274820950822,0.898079276011521,0.729888990307417,0.767376570461915,NA
"105",0.905706158186868,0.916139206014716,0.791789962751663,0.961208844405791,0.996978642654894
"106",0.964748624624061,0.984391082697056,0.956667214768469,0.750995300564539,0.885379365752599
"107",0.977182869179812,0.767612613509091,0.796985770667911,0.849783877259977,0.811507768870562
"108",0.986249517591824,0.985019379114522,0.527050331838096,0.696646814064963,0.905799015869776
"109",0.981700253501358,0.970475204099576,0.723009727503411,0.960915688146319,1.16990558241787
"110",0.972872369458762,0.993370549840777,0.751625963448724,0.996669838035268,1.16751650050519
"111",0.981334265036471,0.909788948978115,0.813917725744182,0.855026751471931,0.908736443259085
"112",0.979337810968805,0.875742972090505,0.733003887113217,0.847073985420179,0.888261276383727
"113",0.976555897983737,0.964358938992878,0.865492970077655,0.666406485248052,0.89007626959834
"114",0.973367461982355,0.916670216925657,0.788197943699012,0.767560105862984,1.14109534235071
"115",0.898307384046092,0.980684111388338,0.859242677744787,0.817007621816074,1.00032890693055
"116",0.971898662544137,0.831761205046212,0.683971991364095,0.842412596232559,0.860333727287074
"117",0.964980927295013,0.976386732432925,0.803451533247366,0.970679788565585,1.11982864322513
"118",0.975206777638537,0.984904724116911,0.712153659765575,0.820676851816579,NA
"119",0.949572281481369,0.977674934079149,0.873255856036509,0.648813479928486,1.00736605635007
"120",0.924167402461185,0.978337553020375,0.882178173157431,0.749156620862357,0.957598830502856
"121",0.863832130783616,0.981097899451246,0.816007358738445,0.952154241933401,0.930074542528969
"122",0.978678738617253,0.976192419766176,1.02070952258156,0.966822115097159,0.87709951257534
"123",0.958727993947507,0.880368126676174,0.677922695589223,0.783429468235448,0.944431473446814
"124",0.952622278786787,0.829148034517132,0.883173034839632,0.95515046327575,1.06688669409334
"125",0.827418928916365,0.882653936762494,0.636754902538052,0.777548289112798,NA
"126",0.988442136085896,0.994105436488477,0.740880001033727,0.861305730981128,NA
"127",0.955703895118485,0.902293980797284,0.64327873807694,0.668720629432007,1.04376172514182
"128",0.970264345715031,0.980726910268244,0.641628911725108,0.712636773682766,1.13259334732483
"129",0.969405559436027,0.933413131523255,0.705863775199335,0.758423468793685,0.946378373954787
"130",0.985750636833874,0.936903181243731,0.848287186791479,0.788885624031165,NA
"131",0.882303766988114,0.974566323708277,0.653409423124933,0.935261396621031,1.06189999752203
"132",0.901447667188347,0.962259360694364,0.564609474428861,0.759871120961708,0.937617581243329
"133",0.96169088320314,0.980283865569945,0.607285573763221,0.782065238930476,0.916550636467069
"134",0.805018519804505,0.915206813074309,0.706964045328627,0.859410071902619,1.04400627400282
"135",0.955619821652095,0.996951509248517,0.881520149518547,0.869241372976274,0.790741285544282
"136",0.779428122534831,0.859519823670727,0.711537023504405,0.763167100400416,1.05020422951737
"137",0.976713637680765,0.997087455073299,0.847965724442227,0.774964718210898,0.805290906719952
"138",0.965696992182287,0.917712586453775,0.653658706056107,0.916513868944701,0.917287023374744
"139",0.972093049715571,0.990133621464248,0.787354520138186,0.932789043971474,0.892704984506678
"140",0.951804001209584,0.837091935281961,0.632741331329295,0.76593897297203,1.01719735918988
"141",0.87181223502146,0.968132684528106,0.651107069569275,1.00878685537456,0.951709621464092
"142",0.974572802852627,0.96336497044881,0.729909894713628,0.820216468942923,0.834384662970913
"143",0.888982314199227,0.920209827090995,0.814833192711952,0.870952378254982,0.875764704890183
"144",0.964344240340364,0.923965534127353,0.967961887038561,0.71247518765132,0.896628258367383
"145",0.960801769342209,0.982382316978101,0.553432007597543,0.90207329765962,0.960986086693837
"146",0.899118053737203,0.963715552703902,0.764747169834526,0.787813935020336,1.18601247352061
"147",0.888431032044918,0.974135043700926,0.726115435993338,0.890130686991782,1.0063419574853
"148",0.944679640879697,0.768801636463504,0.633923253417046,0.858186286634087,1.17529643438667
"149",0.968930178256401,0.788946074108558,0.769262035361543,0.838391598964941,NA
"150",0.924744041004775,0.921339377503287,0.590677255175899,0.965851572455464,NA
"151",0.986089436263007,0.940323458004189,0.809802030298353,0.83204512966414,0.90065120782845
"152",0.871110646074261,0.873134073576331,0.76274845654826,0.931687161471575,1.0977416559441
"153",0.958068333946254,0.957374780318264,0.815303913210907,0.803987313025857,NA
"154",0.95888643425548,0.988829220875708,0.868874563292385,0.720160997073145,0.821853545814518
"155",0.975580076241859,0.916871662475569,0.562310394393007,0.80408206208909,0.867742856812645
"156",0.968813475583011,0.941401609231555,1.04811589722359,0.711178051282168,0.973534354995733
"157",0.948787899173476,0.871951221818476,0.765725390526761,0.752854435905883,0.828582156882741
"158",0.985411789564428,0.983425776731348,0.591826570472973,0.776805839358675,0.835593671921698
"159",0.893496095877758,0.974135406046579,0.763505935345428,0.85399034183722,0.968366521555132
"160",0.977819020340088,0.977749460311289,0.786090276631574,0.943475982208711,0.988327418397357
"161",0.875050399666966,1.00688400953937,0.728055779095012,0.843663853647383,NA
"162",0.973519246915242,0.968734517203794,0.646120296684445,0.914738065251245,1.03857759752956
"163",0.837194447274592,0.986378433325898,0.669825171400541,0.94644808583188,1.12438905965678
"164",0.764379373465706,0.952534520875984,0.661417645437143,0.742287228399278,1.01259574670993
"165",0.975769048128966,0.875919467450229,0.739624337415723,0.945519653993162,1.01504841232304
"166",0.921044085002186,0.760518963284171,0.690011179371006,0.752135842537539,0.94002350431526
"167",0.91827457142275,0.990074914594845,0.714636476702234,0.881649311799154,0.868114132202517
"168",0.9648958355848,0.910652328182322,0.799321439224533,0.946932085694897,1.02447563328781
"169",0.966214572502598,0.829665120946314,0.646848896572313,0.764782424520655,0.993820385194048
"170",0.939036236049983,0.99029104952571,0.627560942083359,0.697760697571078,0.860890681662987
"171",0.98670060757916,0.872749980215777,0.77410425809441,0.770647875822834,1.02150233657114
"172",0.840860297713374,0.838135501444259,0.792568285549459,0.981903906869818,0.941425328586243
"173",0.800553893952927,0.982716111915954,0.652740055174071,1.00894012546741,1.06953429616631
"174",0.94378345442315,0.988390027712017,0.604912871016403,0.912537920031549,1.12666375641197
"175",0.891785674417841,0.99436519402783,0.626540152702846,1.01636024308319,1.12448749272732
"176",0.928185196917379,0.97915511292221,0.729586587759349,0.833366865297774,NA
"177",0.884575554133116,0.984771230187482,0.94321748072652,0.977308831615258,0.996527085619647
"178",0.966091115024401,0.967943552944518,0.63982072547783,0.743310817853908,1.18434082632608
"179",0.913678944753766,0.914782266558923,0.794232055371075,0.881718824880082,NA
"180",0.927436969555694,0.89882144329107,0.905607127308072,0.840281039307662,1.10544069914244
"181",0.983644462778833,0.973502376471118,0.584466642720013,0.890207897348172,0.928983201680925
"182",0.868857494438598,0.901886365470076,0.724470332371405,0.918992926484526,0.963596028183829
"183",0.974605603020619,0.93735817061956,0.786103265400443,0.867507155428779,0.939958975876777
"184",0.969409247200974,0.966256984657451,0.941998306227588,0.840193532879538,1.04177564785903
"185",0.884886807040487,0.885386386293031,0.954031065294957,0.675555041735103,0.787513595625864
"186",0.972908643626232,0.986993818519009,0.611551070253437,0.900103558532429,0.930861288668189
"187",0.951690482176003,0.9147930776652,0.863633183386572,1.04872734095966,0.82658738346427
"188",0.90682643249827,0.995819438527771,0.569486722452353,0.797662401792085,1.01236929089995
"189",0.950466497175584,0.987671028398227,0.678158432849267,0.831102414098867,0.999705913122827
"190",0.898493243378629,0.992777085415888,0.652870613482191,0.762355481017374,0.970479599063939
"191",0.969236953385009,0.981278803479729,0.660378504820086,0.943764843270259,0.935843131007288
"192",0.992429601029679,0.92516527546565,0.805001609478132,0.754099359954793,1.08373102322515
"193",0.90361343164952,0.900217610724912,0.734322804866333,0.897249619616427,0.993443611463728
"194",0.878743145023812,1.0001356054929,0.700390576660805,0.897825865872018,0.912648609605183
"195",0.772469147366182,0.986275233935491,0.645210684955511,0.693000893157593,0.832284174476044
"196",0.946522089535642,0.974097088773931,0.914742908467842,1.07093299683064,0.974573639148273
"197",0.903831075978694,0.917193805233727,0.8094821842627,0.805961174210972,0.928222370368666
"198",0.896477125163591,0.926851476677494,1.03165342112499,0.726803852328192,0.933611034627706
"199",0.912868592094843,0.969146213775747,0.660898353801809,0.811349168265939,NA
"200",0.971815513747178,0.963843210085803,0.8535135976408,0.897522357825758,1.03635921064078
"201",0.988020146541501,0.825411160668016,0.844769945760707,0.761765529170243,0.960027790731457
"202",0.841568895398608,0.975110302230995,0.795318756852816,0.85949086481935,0.95423898337622
"203",0.955497282883802,0.976890324551549,0.95818800821577,0.804047634154591,0.767983901453647
"204",0.968658819320906,0.794917196909013,0.891962781549215,0.683180598603812,1.05676286864554
"205",0.951769080826812,0.988143352431743,0.712003907075953,0.822675928242801,0.904017171495686
"206",0.974156373639542,0.992501483592155,0.72391985710447,0.772575744775968,1.01601986702279
"207",0.955018704676293,0.953220869733003,0.894343120246204,0.717784211677141,0.972280802947857
"208",0.971354468910838,0.936952086292559,0.628928272019508,0.77942571621546,0.900470164949451
"209",0.962004013156531,0.990212564295493,0.68269177846588,0.7566179762563,0.853437365755497
"210",0.966257752473797,0.986307159453374,0.675923984879598,0.834499773552083,NA
"211",0.917510321890412,0.91898280504917,0.768596780284982,0.845292261970231,1.11962582837543
"212",0.95451416057215,0.893592517274055,0.711376536798944,0.867601606467855,NA
"213",0.982993906475883,0.993542201693889,0.767195821198267,0.868333513280176,NA
"214",0.951760229230683,0.902240422341891,0.777636179173456,1.06813282193606,0.910537781216292
"215",0.833885319860731,0.921238272446887,0.682330236094622,0.858871341317604,1.04135781206055
"216",0.949372946696978,0.728283550829829,0.762880913688319,0.735780289447267,0.962363961413147
"217",0.905373096743881,0.990158858722527,0.73206545287199,0.785397411633855,1.19565392623821
"218",0.912017940900647,0.998747612226657,0.920900805859325,0.669996921653557,NA
"219",0.946281560115971,0.902988048897843,0.936997139089786,0.883075720214502,1.19765482613405
"220",0.970667284166726,0.860968870667579,0.744792022653288,0.725967228694678,0.879239070926146
"221",0.842610054323657,0.9899744645671,0.942949621611695,0.843743789355972,0.953385581976523
"222",0.846866277040456,0.970274161165192,0.603217526660701,0.782242420772956,0.971646593320642
"223",0.971825853408391,0.791637757503323,0.695975532081021,0.840967458358862,1.04500425876862
"224",0.963662963416719,0.905850615358134,0.769364777527908,0.869323961640417,1.12533544443455
"225",0.971046148971944,0.914580086514886,0.686387937067461,1.01303750320122,0.971231869971078
"226",0.954250039000091,0.876886160351222,0.687655071776459,0.810133663064226,0.961296741509188
"227",0.976737827807526,0.903014548342789,0.781384928496153,0.930137468250114,1.04123531377946
"228",0.96180384981057,0.981222290478884,0.821247520142321,0.962434879911851,1.06688483117448
"229",0.837567071918745,0.842390203537345,0.676053380132002,0.81418664662944,0.769576652883593
"230",0.869105780119588,1.00012140862203,0.618118407535895,0.813084236604174,0.936685807500065
"231",0.973142154867337,0.938099815864052,0.438078814462677,0.898874942875624,0.998940101119645
"232",0.979717380748716,0.931672461840493,0.785136874447481,0.729772761479106,0.965516700373227
"233",0.953435272569353,0.833154810064345,0.760843740117609,0.875940508821446,1.02058848813087
"234",0.991756803258272,0.916921026781665,0.817355840895932,0.745539004007047,0.980549030623807
"235",0.959901191786443,0.79364828895678,0.850828643449766,0.880075347073433,0.977617356216395
"236",0.960572205288443,0.901525264189341,0.934294729031274,0.747120765280545,0.856696537717242
"237",0.976099414827348,0.972703563555828,0.733015185568943,0.967520244412785,1.05256061697065
"238",0.953207175093647,0.912957984551382,0.789011247130538,0.79220179153165,1.09451986684139
"239",0.889517009515815,0.893705568376792,1.03331862417986,0.639580931751848,NA
"240",0.949103068339743,0.965689873336206,0.805851821369477,0.912494036728069,0.954204322194143
"241",0.9497048867831,0.972060390734421,0.661222399806198,0.930687288434674,1.06546064703527
"242",0.921357669002728,0.873033485395413,0.704889879990684,0.877092082223631,0.975640218291612
"243",0.868731475938934,0.876119377380274,0.70349738269357,1.0477849580719,0.957636319306208
"244",0.982073225027278,0.916592645438825,0.686894065864948,0.728890761479652,0.8716155422502
"245",0.977413111148427,0.972741589343591,0.830477265567147,0.841968029034485,1.04541896271747
"246",0.961941350413734,0.983172808761567,0.719317719620056,1.02477558987705,0.949897418879691
"247",0.739659904238018,0.983508372504391,0.599122040328195,0.866342539214917,0.974109380466799
"248",0.962567098823857,0.837726415944915,0.674149210101256,1.03876237352904,0.971722910831712
"249",0.946463430019761,0.939608010899127,0.682505862020627,NA,NA
"250",0.924873522509774,0.989455031298698,0.712427912192556,0.743564739365922,0.797890947179506
"251",0.838919198634892,0.945088857917693,0.735163379787611,0.837496752837389,NA
"252",0.893920965765783,0.939910836980196,0.688447921816648,1.01019624091373,1.08816037456539
"253",0.953064171224204,0.981407366286424,0.750234693289854,0.875016366392904,0.85625536888702
"254",0.777219860377904,0.908831053919827,0.488673772020221,0.921849165064688,0.943430086434521
"255",0.968871593329554,0.959493534365328,0.720888735964875,0.856820845942409,0.899487783272907
"256",0.989452194559442,0.999822845550449,0.81692160923167,0.880331343027791,1.01941435964728
"257",0.888809345617741,0.983753540235184,0.552826346745543,0.845861950709759,NA
"258",0.964635121167089,0.990167952958245,0.892701933762665,0.770100495387899,0.795842731252604
"259",0.968058252000478,0.912017328966378,0.65833984123532,0.884226959926437,1.01749214218541
"260",0.970955241822029,0.966772109080913,0.687976202596048,0.805959367289638,1.0204337596891
"261",0.881282906407134,0.825145861758804,0.666929335350932,0.828673912757391,NA
"262",0.990823601104809,0.985768847483017,0.784514243657861,0.798037925632828,0.892833045057032
"263",0.893235869224331,0.995485502338676,0.731171918014919,0.761824038726767,0.984031007536461
"264",0.970623757536602,0.876162259688262,0.75581685209374,0.844467698637278,1.09914270243006
"265",0.858463543725269,0.800064459010703,0.539355549296937,0.86184907425658,0.998026595093266
"266",0.973806437904471,0.966002744310308,0.734209755906061,0.954849184017328,1.10052033419431
"267",0.978826349076413,0.811399769257808,0.932450379597877,1.07078760003983,0.993508828729282
"268",0.881562006189612,0.859728454256351,0.669032274223327,0.806879224562554,0.919021147191421
"269",0.888723241884142,0.970582983087362,0.723919173644483,0.795700856270779,0.959770920143757
"270",0.937354940264963,0.995288710537828,0.756771870377885,0.794850663864361,NA
"271",0.959193434504215,0.965019432780638,0.688793913355006,0.840320562420253,1.18549520591076
"272",0.959406411832446,0.798862405493083,0.773478632047354,0.866381593166316,0.876443845383926
"273",0.951026355089245,1.0032717137814,0.697066602846583,0.87890948854182,1.08782066089901
"274",0.876818885801561,0.925548814714713,0.89087070619149,0.803334063230324,0.951545317754229
"275",0.866455083281355,0.91307753969458,0.801873967826669,1.04111500366554,1.18797151998814
"276",0.91768389363528,0.862455126749448,0.582263726670126,0.7518062392579,1.00213970630495
"277",0.964177598432953,0.816329236894553,0.682505411884556,0.774513172302466,0.778628409597054
"278",0.973325457666863,0.972541687754607,0.726806204529163,0.862718600255583,1.05098116318509
"279",0.985697000888812,0.908198836488117,0.757355380586458,0.802579605438003,NA
"280",0.969452052408945,0.98548839717871,0.677367566666988,0.940090000655527,1.05359866263693
"281",0.938540308793789,0.952945590648132,0.770834256057172,0.763818077932318,1.00970005066248
"282",0.958229912994894,0.83900699925744,0.843899520097415,0.816721519055649,0.979771284928151
"283",0.974906803262215,0.98469855809177,0.782272758425413,0.973373449644143,NA
"284",0.937367279421871,0.983550143869662,0.641554918917906,0.90801201394793,1.18790769188099
"285",0.94898105995628,0.885645718063243,1.01780914673278,0.727524679517221,1.11622472791847
"286",0.96713473182676,0.835998894672462,0.891161500369837,0.701442318584311,NA
"287",0.996364426959065,0.929616010230295,0.622880395085995,NA,NA
"288",0.887645219268815,0.91323546177799,0.877249836439657,0.919303645982856,NA
"289",0.87681113754869,0.866819453866916,0.700439589032274,0.903587093886946,0.940351019137607
"290",0.943132683084768,0.982367129425113,0.653882487883994,0.903893953470427,0.770524867304959
"291",0.964781953890722,0.97607088984219,0.930029857676229,0.862726785129574,0.947483073002993
"292",0.901690171899622,0.869504382279679,1.04133408275267,0.811457565953639,1.00235911006795
"293",0.833065355083064,0.830323692561959,0.949203170638964,0.789481980093559,1.00476500594682
"294",0.947945132410576,0.978902133279968,0.840289323148056,0.981737392118605,0.929530259615186
"295",0.896093286892261,0.978216788137108,0.89229509285225,0.855074447377513,1.08774238375994
"296",0.979546776418612,0.997019628240743,0.769202206654298,0.675950508750211,0.942215800064208
"297",0.966358618879109,0.929074574694594,0.763268174484448,0.873923205961686,0.876498000780441
"298",0.855221522983261,0.885945909679708,0.944613439324452,0.886065704646542,0.990378524223568
"299",0.871917414048827,1.00214563319417,0.661362019550784,0.995854030054751,1.19002062756547
"300",0.960052537908671,0.919445325112986,0.806383099487363,0.848111755902962,0.828698900874123
"301",0.92245330596992,0.920437636147792,0.70056371336802,0.679882816221033,NA
"302",0.965043495016145,0.791071426896326,0.636508831547284,0.91444798459966,1.00212567560379
"303",0.975192854257074,0.972095972004904,0.885133612317904,0.757729764178467,1.11690671140042
"304",0.961846179332911,0.837260301121411,0.789504818950095,0.782061001350298,0.979956445776686
"305",0.955108130381665,0.981272415675553,0.739461214129241,0.838317747571348,0.930776553176832
"306",0.97311318742335,0.975543507476397,0.661917107885419,0.790677105622518,0.976443340328477
"307",0.912561534132449,0.917513867167802,0.777199919324893,0.86792505360035,0.963369152467154
"308",0.949807875646216,0.980894107082174,0.671252206179136,0.775356742100166,0.97138443173806
"309",0.904537160521343,0.901186465149241,0.784456238395981,0.847400297752316,0.988288125543973
"310",0.968705513055826,0.983445483984739,0.690547656078128,0.969533211529515,0.981374199524265
"311",0.966378291196613,0.897770807520643,0.695914145094036,0.912524540024535,0.80673028650397
"312",0.965786429191762,0.970044418218189,0.811998356689154,0.789341124406532,0.958373988022679
"313",0.946510442082846,0.919807375519698,0.711105102540483,0.741361219222387,NA
"314",0.871336942515103,0.976229926659824,0.734629824332085,0.894049514330752,1.0221024245728
"315",0.960386597125049,0.969083719110624,0.826509418332892,0.803410494100949,0.87955063172601
"316",0.903082661651423,0.851084004921639,0.696670402190647,0.819192842072642,0.946111755278662
"317",0.973372377603017,0.906014603044077,0.744261583843547,0.780642674508909,1.00703922716115
"318",0.929461327074977,0.860853794945473,0.841072623630159,0.750563847894621,0.932043875908905
"319",0.981456016759375,0.888206494079872,0.97091120039359,0.721417345053765,1.04661484294835
"320",0.951798688012584,0.871784457641831,0.658997033573604,0.795440881131355,0.926683846278343
"321",0.927570672201566,0.992980503752096,0.645909493440946,0.738315980419352,1.03967515122256
"322",0.94681982918148,0.891069949466148,0.628196957397704,0.827518396743764,0.981096919255651
"323",0.964097519212818,0.931745974751478,0.588177055264481,1.01242432564194,0.931364368174613
"324",0.970480789179092,0.964054938728454,0.754162705727862,0.859446849637024,1.00723315793103
"325",0.971884737043446,0.93850624612578,0.820094757900954,0.902603323207893,1.00363198927685
"326",0.975000483234468,0.854451793501859,0.627949920630141,0.997500253064828,1.00165488076423
"327",0.934096353021845,0.979176930360057,0.577483231827848,0.715448747739861,1.04606996461976
"328",0.962554831321506,0.991590474955559,0.70940296397428,0.758234621326206,1.07881504510155
"329",0.951159435946747,0.995001925234803,0.651095602839348,0.818704755405301,0.92650194847786
"330",0.959753813916829,1.00049927035442,0.604322165757911,0.850324147069202,1.05582824298321
"331",0.863853899173421,0.871851205491927,0.542582108497727,1.01499634531496,0.883264658263262
"332",0.94671760790481,0.940666567905766,0.826902134228682,0.779648842082129,1.03830311464596
"333",0.681655390954969,0.984947949318453,0.923719574626272,0.877548377746305,0.881709136970862
"334",0.974687457944637,0.993934398024578,0.877757316639802,0.921100151259944,NA
"335",0.982724741502144,1.00235812313669,0.76220764688334,0.827965017932767,0.912031987487023
"336",0.872100838125847,0.989039165079578,0.880827192733025,0.769268202843741,0.858124014576224
"337",0.973464436892502,0.848383115354469,0.695440135669839,0.854163014716454,0.995958962961829
"338",0.97548882381294,0.904651154313683,0.701596416230982,0.755335407599208,NA
"339",0.749838008761721,0.927951327092007,0.889562166026831,0.711959061145951,0.989082709933226
"340",0.926293684968081,0.804656447172017,0.634937852869547,0.896120640035921,0.834555481165594
"341",0.904994491988357,0.894238363622102,0.641308632751494,0.926708375671843,0.980409550249595
"342",0.949905319607238,0.978187050334617,0.727967756436468,0.935970186616393,0.912081351542371
"343",0.972653793552185,0.987733251222094,0.732419348363394,0.879286660882194,1.01354851687628
"344",0.958422781375482,0.943696213926521,0.838114029321876,0.67456101549503,0.865907075931009
"345",0.943257158958205,0.940184599797599,0.678282997765202,0.856318401590956,0.971881396552884
"346",0.93374610225713,0.970163934801454,0.720445685499954,0.929716477060786,NA
"347",0.886332654229721,0.976083274677761,0.655155494530935,0.935940547077221,0.952531466740622
"348",0.799676066496446,0.915551378133852,0.735371993440752,0.904209348558881,NA
"349",0.972976523596913,0.984791832775335,0.765005416640545,0.9452073353998,0.954831945923961
"350",0.978657561955507,0.977544125428537,0.594825493663008,0.756032806453974,1.09132194328958
"351",0.889487121458789,0.991712873567063,0.674864197070763,0.779726541785355,1.01394680728461
"352",0.975184347162322,0.825458367855311,0.784808500749759,0.776020224578683,0.901140798798529
"353",0.924595895977099,0.937094625189109,0.695688364662333,0.869793450457574,NA
"354",0.949587138151478,0.908366770211687,0.665149768940103,0.880645348037288,0.966900344374652
"355",0.946941011843841,0.982543353770185,0.656288206802961,0.917430214911659,0.994663633141382
"356",0.956392609412058,0.897853348273357,0.694348041338211,0.917295441120372,1.01026785252097
"357",0.975702129709689,0.915560009513056,0.832070645965923,0.806177629840569,0.815720395266942
"358",0.970171291593442,0.993569811312415,0.661874394773091,0.939700364527448,1.03549194687853
"359",0.970578783636627,0.911048177392999,0.800325460750298,0.890666867216828,1.04855063403904
"360",0.983574632500037,0.923300419567706,0.770113735497179,0.879075472328433,0.924765042447459
"361",0.967407180065894,0.984466648446357,0.811703743135696,1.00456908849187,1.05313120426438
"362",0.862398616265969,0.960533449905823,0.850361377899881,0.927913650148957,1.00326589049476
"363",0.959403924923106,0.864379542010362,0.869940319184773,0.91292796020652,1.08434506331907
"364",0.959568183221808,0.984917646528947,0.87425285631477,0.791296968826348,NA
"365",0.980211645118156,0.994215631823688,0.882057753545746,0.756002723198622,0.760317651484385
"366",0.970044799712515,0.961203801350682,0.933384306010495,0.899613674753223,0.968357289713666
"367",0.94365048992416,0.914339321336145,0.745072907834526,0.876409930681671,NA
"368",0.974640457303166,0.988297167348386,1.00522094937154,0.935856562057234,0.953032864578202
"369",0.984207985617761,0.963744989219873,0.701021383972271,1.08558955642992,1.09214962522964
"370",0.977555717274584,0.960196952578621,0.580355179239535,0.792267746545304,1.00856589069564
"371",0.975860098165862,0.963764844203261,0.918592724591209,0.8641667410211,0.815509297075254
"372",0.835960208184207,0.971807727952697,0.615149647326819,0.879540975446897,0.959463287400584
"373",0.984032686031563,0.946766826179054,0.765446371900342,NA,NA
"374",0.885719147470206,0.976171199482283,0.703691800730945,0.83542621311048,0.900570853834267
"375",0.936315040971129,0.837436231688518,0.883251912838265,0.983178127233178,0.948899742768645
"376",0.942388469745255,0.929509413858722,0.708472852929106,0.634494145094074,1.1820010383772
"377",0.967873792763393,0.956517783140569,0.691873434152554,0.960564183556373,0.949938353963183
"378",0.968395425221544,0.847602804398961,0.952108979142844,0.919311934979347,0.928778038997161
"379",0.976488083067021,0.919868072934616,0.784204254424635,0.796606121660906,1.17137492298286
"380",0.959324982915696,0.991057186167721,0.938986343071937,0.865151036005992,0.879124834477264
"381",0.975938620149361,0.986016990933147,0.840853009524892,0.911241521437441,NA
"382",0.977756146770144,0.99302005877069,0.840048568618482,0.948363140861357,1.17056530422385
"383",0.889431363635864,0.950853967278049,0.643984658717111,0.712510174028998,NA
"384",0.971361529364377,0.965453403914669,0.901829537651212,0.922137800581681,0.881739269299353
"385",0.915114145707252,0.857184725733071,1.00203383315738,0.906492771062875,1.12905821002883
"386",0.98119669774025,0.861237257442075,0.74821554942344,0.914007138004072,0.853400996813052
"387",0.975021084718744,0.986477712340904,0.557517046174524,0.896019188963534,0.983131236114131
"388",0.978279304154943,0.641974258102945,0.743101036520453,0.810209852277939,0.872079521913284
"389",0.832864644165816,0.879164469370924,0.577267112665461,0.724240428062635,0.983828825243405
"390",0.882533087049183,0.977912527527977,0.673118319815649,1.02297787249711,0.92450102182973
"391",0.960914359764693,0.877455552024181,0.637688487245156,0.750486437369613,0.971466334096228
"392",0.899951869525738,0.767937326953597,0.796327627955903,0.868315099973875,1.15759526317012
"393",0.972747454387837,1.00040880428512,0.950565399586908,0.610133561532318,1.13300730386383
"394",0.819853028956175,0.811920835568276,0.830124980083459,0.74313891351523,0.935351306404151
"395",0.979489232414174,0.88449329497046,0.871152219669647,0.65697203449728,NA
"396",0.952036494825829,0.971265188280876,0.774214236568643,0.886617275143742,1.0237002932703
"397",0.868000321230152,0.990066206524647,0.89642950469295,0.891356724996901,0.923071219324269
"398",0.86568845306783,0.931588736338569,0.753062623127409,0.900950058582627,NA
"399",0.966347462313696,0.889498147796983,0.712597207653997,0.750449961313973,1.13045755394808
"400",0.990415702900382,0.877754987321769,0.814565453086764,0.981329351062807,NA
"401",0.91416876754635,0.961249177775533,0.73266159040642,0.838294455945478,0.931245509102611
"402",0.825771209625328,0.983230482459181,0.862288254369308,0.892073677943487,1.04815745401367
"403",0.949510504679444,0.83212932667653,0.658323366517359,0.943666053056514,1.0534170928138
"404",0.894739189957053,0.658116494483192,0.879509481005504,0.959632501504936,0.998550541180863
"405",0.960434453998587,0.986294044740161,0.714209933055334,0.760971928393097,NA
"406",0.97697294683938,0.967992048171673,0.681400537939491,0.777570958727602,0.994700588573576
"407",0.979008080286433,0.858251093636954,0.904859307371444,0.905278120291115,0.965909841473724
"408",0.950748246699051,0.862089943940669,0.912520863232765,0.926555472431559,0.929066831953292
"409",0.942718031836258,0.984750430825244,0.881732223145891,0.942999401484159,0.997537603002835
"410",0.917545058850408,0.868259044232966,0.630930372241622,0.826936172451768,0.895801472625893
"411",0.843053519950259,0.887825586360877,0.729371519262784,0.901016751988245,NA
"412",0.958381397964245,0.984535090703357,0.813465571064031,0.770887633558255,0.87534840456397
"413",0.819638695110181,0.833218386072676,0.961733273365145,0.627623874704276,0.965741094845405
"414",0.980478320835541,0.800348478554168,0.636792352539809,0.915632885749379,NA
"415",0.866971647722819,0.88348995667222,0.79252814827764,0.74935997561702,0.972126747638017
"416",0.981918722099045,0.981018313483734,1.05357101155329,0.850475840973755,1.02265018437231
"417",0.974336717446781,0.971832087095404,0.565939851806447,0.807426190877233,0.886448214682272
"418",0.953103477533608,0.989066059105893,0.792467806158248,0.96936397254656,1.04570827010742
"419",0.772067509607046,0.991653347326592,0.947936347865493,0.634402877568948,NA
"420",0.903815226037904,0.912835867581896,0.826240937197569,0.817052496551758,1.05330527010461
"421",0.952518053322661,0.996820903188349,0.777679277650509,0.804320027054419,0.840724205368919
"422",0.962450102058405,0.90239437131127,1.0387138233764,0.838085422313613,0.841198659379802
"423",0.923596742410602,0.926237279337718,1.03854523710784,0.653600478556304,1.08040390344411
"424",0.964795086499526,0.997352228096359,0.744150548784895,0.815729675909959,1.10701001930819
"425",0.957564660947536,0.948850830395078,0.796440831108158,0.806634431230745,0.983846399656069
"426",0.974733886593562,1.00539505568855,0.763068030080233,0.762079637314351,0.844535274987834
"427",0.883856563420754,0.856363198929449,0.624812936783767,0.876419660415933,1.00874437130121
"428",0.977365096101812,0.956107715114974,0.852880554957636,1.0625731135506,1.06051436683081
"429",0.962536040365253,0.913890641190373,0.578478445715326,0.812141282531527,1.00220783607523
"430",0.981139457298414,0.981539271143795,0.694855653619002,0.909195696618133,0.976981140161506
"431",0.898833987836081,0.992154716911299,0.83752045822712,0.977835769086405,0.967616916474394
"432",0.855361078181604,0.980497362628231,0.655561185484734,0.866108149691171,1.01645174032873
"433",0.972971452286415,0.829926592020733,0.746675263830529,0.784746815123113,NA
"434",0.969806958092921,0.872835213887482,0.790757023485376,0.739493336986712,1.05656069128008
"435",0.894965577080499,0.968665248570734,0.884332662697803,0.675724252211391,0.977839762527567
"436",0.973322767204141,0.956596347776786,0.650308885165135,0.991034282098748,0.94341361064052
"437",0.900530565350727,0.892371001638841,0.772294087466387,0.888634617494445,1.04115838771576
"438",0.975745347385033,0.972332014706948,0.707139142912708,0.741107144519333,0.938334363123792
"439",0.972872639357815,0.883152932057879,0.764310208729006,0.699770544036894,1.16594655943594
"440",0.955004460552456,0.874849293911973,0.589438278574928,0.900075659402843,0.906360060795234
"441",0.909153679986545,0.957028204997789,0.772977074162073,0.662098216861452,1.15258213068139
"442",0.978360804191117,0.996804278346407,0.65058119856952,0.861884854595358,0.983522906867289
"443",0.915560704666077,0.904862725721047,0.813873179738432,0.974368810614835,NA
"444",0.977668402722309,0.985632508572838,0.519057974589746,0.883409491446293,1.06370789905546
"445",0.965079427610662,0.870985625089634,0.68735118815904,0.798307471356398,0.950801361557276
"446",0.949923573808484,0.997878478691192,0.881379732952168,0.849591958709375,0.936160513154324
"447",0.88873274111864,0.845137001747799,0.79925818479438,0.889777093784962,1.02518846850037
"448",0.966185278008431,0.979486096544878,0.679652355532677,0.724483534616016,1.02778312642239
"449",0.966416280054906,0.870226417005145,0.757885898769113,0.802001015299951,1.04654949234955
"450",0.910255092946029,0.972984233888059,0.826216191012347,0.754703209372161,0.943086902574729
"451",0.912633219933328,0.988287295325906,0.660120753382868,0.896685403959203,0.970794084558606
"452",0.761267845213487,0.849416481253037,0.760859482431409,0.711280548546364,0.872213874974686
"453",0.920656596956938,0.808561393544845,0.873264526654068,0.724179174666049,NA
"454",0.966251637873277,0.998555056563726,0.772879308123369,0.82422440440057,1.1253980561221
"455",0.841745068232632,0.631352814273757,0.803957710717211,0.702632765713926,NA
"456",0.94751074614297,0.876376508923611,0.83831990418398,0.862618212746295,1.05338492042166
"457",0.911192859388609,0.796336915006597,0.886865437957145,0.879626514978474,1.18205917772442
"458",0.913870494616081,0.967252667490497,0.948323642450618,0.842459042231849,1.09412063701968
"459",0.969986715735503,0.98730109143503,0.574307120582892,0.978791951940266,0.793861080059613
"460",0.969085446438191,0.991202590928267,0.635181073027028,1.01041553230633,NA
"461",0.983481613264764,0.973504870987977,0.690200266455195,0.841337458736762,1.09616479269087
"462",0.806278686065252,0.916960973084958,0.836485271997211,0.919056228431533,0.841586375355518
"463",0.900594008363986,1.00187545898936,0.632277962010887,0.829212428587746,0.876259300945791
"464",0.975518892152348,0.959526772122427,0.663548484513286,0.886445196689935,0.963895475528144
"465",0.915640595043407,0.92278345650679,0.614758860857965,0.874093836347508,NA
"466",0.970140263766092,0.900600441408537,0.647510902196259,0.882377084666074,0.824661792372842
"467",0.946335965748152,0.996344721511522,0.646266677261797,1.03115287487827,1.05375636414786
"468",0.965523547331702,0.917269875655918,0.665350683095264,0.890029932048709,0.941076075134478
"469",0.948440558518901,0.848756505016641,0.674208763602972,0.812880890828324,0.838854246749859
"470",0.800225768610956,0.887911641838751,0.554572880536902,0.895474982944529,0.881731623220892
"471",0.984196413548079,0.974802203793201,0.76297523343827,0.949774441497137,1.01197575633154
"472",0.975421115841006,0.975538313537356,0.690868676987178,0.663381294744816,NA
"473",0.870716572210208,0.981164044815559,0.816556104077832,0.783057106292576,0.913370772521804
"474",0.973669948782793,0.900699465285232,0.935287695563148,0.811742680637511,1.03168522591012
"475",0.84116843847123,0.885437626818352,0.694436117376646,0.844484342685817,0.810176304863632
"476",0.797535636033947,0.879026803352818,0.743276714142949,0.882235166104493,0.916604755434207
"477",0.971165355290128,0.978617606372271,0.905219098910149,0.938862463889501,NA
"478",0.953833725837645,0.99224560905236,0.587434233263023,0.804493915026998,0.876900636074442
"479",0.89731492878846,0.97966753154363,0.768817878908456,0.820131597691013,1.07098350570988
"480",0.950190725674858,0.990394431887347,0.637083776007628,0.798647628978242,0.740809044668645
"481",0.967122265705585,0.969314801556818,0.613177075773965,0.971072961448549,0.790513251698825
"482",0.966422235709981,0.839890208274678,0.710956335176925,0.798521970654312,1.01566086966737
"483",0.959890040460517,0.996431702606441,0.986317886644325,0.914015354654464,0.7705877141849
"484",0.91410455965604,0.888134636984176,0.708166030444619,0.877094978845817,0.777155072286439
"485",0.903690766782907,0.88773859192218,0.698453999784735,0.899344891986584,NA
"486",0.882905942480476,0.99201116454828,0.816896118247522,0.735209540133617,NA
"487",0.960518484258045,0.857000083365437,0.811754219863552,0.927696461242398,1.16357261292039
"488",0.86051021856696,0.899117581354853,0.759802283970637,0.844783560065227,0.949354678459194
"489",0.98107831597233,0.923604305311918,0.779265318620841,0.78626364922988,1.18146011593585
"490",0.975672885360258,0.856916267072143,0.839266922123134,0.772754012687755,0.894828844254188
"491",0.919096026437705,0.962489658861423,0.854441646846002,NA,NA
"492",0.831679623837617,0.986772433286603,0.674780218940929,0.710219677732514,1.00521929548295
"493",0.94774528144463,0.971069760179229,0.735227519677666,0.748687671693226,0.954401586767725
"494",0.956906188644922,0.959962861787813,0.764937419079535,0.737868025109397,1.06037649205222
"495",0.953959275637492,0.894014687928403,0.797151518007,0.649285312391486,1.12562690407666
"496",0.864256555858854,0.996840078672575,0.703397399325319,0.930407532919932,NA
"497",0.961116616401661,0.988266652584061,0.932542733877714,0.892175845673017,0.883104534742382
"498",0.960025265122982,0.990966426009478,0.831741499448862,0.738357150089411,1.0534750486761
"499",0.970083628611094,0.928395822865344,0.673989674387595,0.957701036381916,0.917469641562024
"500",0.969139157577535,0.982177128460399,0.821490871179707,0.656797316139926,0.987894622289095
"501",0.974837010399224,0.98587592893144,0.769442882535861,1.08143365758816,1.16213642173833
"502",0.981719059331766,0.990522177801943,0.805811236349485,NA,NA
"503",0.963581768019525,0.884214688061678,0.747676294775941,0.857207944629267,NA
"504",0.84796249138724,0.829459348539242,0.699165835436462,0.887267057909527,0.939400716878082
"505",0.903926538666607,0.988481128293117,0.626296976782495,0.831235693571182,1.14664577733396
"506",0.926411113537632,0.969439816629176,0.859515440462065,0.947508724314857,NA
"507",0.967984289552403,0.977132535060075,0.889066109194853,0.639449861101771,0.861451079725007
"508",0.972757784725691,0.953653412367017,0.74998645045547,0.759262319597404,NA
"509",0.821405444348231,1.00659551889936,0.514922026404778,0.811964412564469,0.964463042381472
"510",0.964512145705342,0.837535704812776,0.692652051399416,0.76615247350149,0.953953523273028
"511",0.986650583705872,0.956611561390332,0.783330635847182,0.715974700521079,0.967803813288664
"512",0.975289914770465,0.925037231325869,0.825936684975219,0.656100326051174,0.68305737616291
"513",0.961047567512533,0.899856979461731,1.01927585499764,0.990434969097728,NA
"514",0.925893006227215,0.931172106000652,0.836713469430151,0.864566848275817,0.657116325943806
"515",0.907773780223423,0.972228295666409,0.840206121005578,0.960262361963796,0.817220629764767
"516",0.877512938525919,0.995203072857704,0.73882595752077,0.822673630644729,1.15948896105841
"517",0.979009297978709,0.875263442289615,0.824533455650197,0.878468291403064,0.883045143174841
"518",0.805668139721656,1.0117830825465,0.752685469860733,0.859880553417151,0.919234426838053
"519",0.973968802819266,0.983570201600377,0.812493878696711,0.672051730258962,1.01085552026789
"520",0.85806392747993,0.974860164950665,0.869410811996451,0.685750253919872,0.993820658663845
"521",0.959314185409134,0.970523452612105,1.00120159373034,0.860748346878467,0.866675524827124
"522",0.874326783055693,0.91273133450371,0.756181469979897,0.860448305018408,1.01433018824355
"523",0.985576989742351,0.829746095236784,0.607369782866772,0.905631010417524,NA
"524",0.92624383494627,0.95886780833986,0.714469242584646,0.831850129572345,1.02894849070557
"525",0.981823073385246,0.875291693166708,0.770863526274637,0.889000272990898,0.975054094185782
"526",0.925259178283949,0.911832853235751,0.74801176295299,0.743266283135997,0.965643606118083
"527",0.921895243444708,0.967621598788358,0.859042294738072,0.955663343083395,1.11326097608141
"528",0.895950258366854,0.968399071901194,0.652123017276069,0.983766447791794,1.04778894905544
"529",0.893396750420304,0.954115636094887,0.724320931019768,0.819879648001967,0.80342466829049
"530",0.969109344949938,0.915844357933937,0.632485378869413,1.03153364510714,1.01302205557121
"531",0.88594232916915,0.904175360936858,0.810589567861845,0.756838821079795,0.97235074267798
"532",0.823721651042766,0.992119787407086,0.810223982548793,0.919304788102765,0.985575999231196
"533",0.967059536390469,0.964536614858527,0.670656058111465,0.779786871829256,NA
"534",0.969268727029593,0.984839958673756,0.652806025109608,0.878656775525818,0.952974431238998
"535",0.928212469874807,0.979870946850573,0.618111277168366,1.00366840353364,1.00055552293437
"536",0.923120542713816,1.00021802364936,0.817207322798771,1.05999919050696,NA
"537",0.972204111575333,0.886026519458034,0.605373593435214,0.94583457831835,0.975046872853473
"538",0.980564630351165,0.989594554549333,0.688111539574119,0.776338111181857,0.818349962780562
"539",0.85423966131194,0.949134712429626,0.616467420963477,1.02047025805894,1.02193209784384
"540",0.970309836582102,0.994528785837626,0.528850964339057,0.906135827982283,NA
"541",0.904127717310169,0.985298101716653,0.758630599759654,0.843599365786597,1.13097518527523
"542",0.97619727319095,0.891867229953485,0.626825785761258,0.99692992471837,1.03596545111822
"543",0.867507271947539,0.963549873823381,0.885134711740245,0.906317515749373,0.963499268279297
"544",0.837856755733046,0.846720967186004,0.708906433092102,0.974693609573062,NA
"545",0.904711962268252,0.995323219774842,0.614972730870316,0.935438960237448,1.05106099869922
"546",0.978333160400068,0.992647315988726,0.626555664494269,0.835391549597342,0.927633922425886
"547",0.975605301724834,0.981225039507404,0.612118644638415,0.846091470703822,0.871155415061878
"548",0.874849392396475,0.976454042307437,0.903636022625538,0.889028917017561,1.19879202820552
"549",0.878994671174739,0.969380428151946,0.663610593023283,0.670206690429138,0.998796527231452
"550",0.951074379645537,0.917539578653571,0.630575550528635,1.02796708137665,0.992207727584058
"551",0.965736471199326,0.98489490100125,0.904046076565875,0.820978617265025,1.01905103734518
"552",0.831841389008242,0.972515601514806,0.681383723070439,0.847328342855101,0.945249488102049
"553",0.974099726300764,0.984658472815926,0.803119854550528,0.829152385623653,0.980066242508513
"554",0.979317689150394,0.989156508645887,0.682809849622602,0.641472396546135,1.07795520701745
"555",0.94576820944492,0.987269205536414,0.867464096549734,0.775924931738521,0.987636606177712
"556",0.90298772154107,0.979178589394083,0.71248984631176,0.896740368354292,0.883341995758774
"557",0.837486739453213,0.817855352940896,0.770560732444119,0.745346234615668,0.838941034831829
"558",0.952797140643247,0.925649343562902,0.718077100223168,0.915871441739037,1.05204928244138
"559",0.875277653273911,0.963899485381312,0.708797650502745,0.72526733763624,0.87469739652904
"560",0.944143062290806,0.979993711737198,0.6720251226457,0.877113220491079,NA
"561",0.985239648526248,0.959952522478917,0.758299838103083,0.812694773889957,0.943969487119266
"562",0.857143279571295,0.910286412148031,0.789341529473782,0.888366001886935,0.889151808506053
"563",0.979346019755476,0.82776870498823,0.726707679433087,1.01373212769565,NA
"564",0.966485096367644,0.995767636903427,0.715839004349521,0.810702944347827,NA
"565",0.968214736683424,0.915327285391211,0.83577035475192,0.698703877262856,0.999401232351691
"566",0.975589674459026,0.995111385320259,0.855522883433459,0.754476703919674,0.947585573657052
"567",0.838396417504806,0.874810805776645,0.818920326422571,0.765657075356107,1.17723798030997
"568",0.942609630996802,0.976700218362467,0.872255846928205,0.932470447076731,0.978336060718806
"569",0.883915419420001,0.90371416345221,0.611899796421536,0.905674377220552,0.988433137244113
"570",0.973150678619754,0.987443724729905,0.722762603137422,0.873278185415675,1.11115307524433
"571",0.971690393837893,0.926547219600054,0.711494320389344,0.846847675537836,0.941621130927175
"572",0.956191604583193,0.871924927905937,0.649919770709868,0.962351042227373,0.99077295955291
"573",0.955104983704792,0.76617871154273,0.570128344553355,0.749903769473665,NA
"574",0.732961726305727,0.883531546190253,0.765584343890288,0.782184463663809,0.87934740911593
"575",0.84283671868919,0.893966231061464,0.767131390949647,0.693634999508491,0.7895756856734
"576",0.90305899637486,0.985767847587139,0.973035269186508,1.09707662950103,0.965407436875114
"577",0.958403212502186,0.878595086730187,0.709223702569816,0.820581568794661,0.939333256641694
"578",0.845354668485144,0.919277096747364,0.800651316882925,0.855888354406849,0.870494480355753
"579",0.858364749712377,0.932496117227051,0.683987056237338,NA,NA
"580",0.866706844343432,0.919198027187347,0.571754942957451,0.811559097230955,1.01846299591525
"581",0.971008381107525,0.984912946532343,0.76342062185812,0.901473581839785,0.97023577100496
"582",0.976931339812544,0.99861806266351,0.714876548639841,0.775595729844099,NA
"583",0.959168939957042,0.913209901543305,0.614019079340647,0.763297392018974,NA
"584",0.964958089299317,0.972119066594937,0.740343596485727,0.896566195421169,0.956373519810014
"585",0.913146558320316,0.95757068452656,0.89073006826485,0.878398920837923,0.908590967238974
"586",0.674732459760811,0.839957081661118,0.898316977670745,0.770050856789243,0.96413800447375
"587",0.965078534781773,0.795504400119452,0.924153511622387,0.861837820914859,1.06822583725142
"588",0.964074061981536,0.982456854949549,0.751733641912683,0.817484902887615,1.01467033239567
"589",0.905631854590134,0.980395576842505,0.594108541619748,0.999574179979556,0.854692867176528
"590",0.986871634726486,0.907539998145672,1.04583801206702,0.910368333789651,1.03476371855827
"591",0.980758765325767,0.97432648004572,0.617529688831352,0.948713533721509,0.981976270011462
"592",0.869245488009036,0.978610232635599,0.769294761933516,0.898170957284337,0.958465037596918
"593",0.958950637678524,0.949152129386568,0.731636221104143,0.871887600474373,1.04681427556763
"594",0.988547646748152,0.964218162901705,0.704850732945263,0.964399129519521,1.04346625495929
"595",0.94814043723578,0.975641143913717,0.792642750536577,0.832287080245803,0.920689176434085
"596",0.988129061620394,0.872121587765953,0.793952544780102,0.913667030320553,1.04785835301096
"597",0.982528665445161,0.901062529671409,0.631998143081427,0.90380526182164,0.782689271855524
"598",0.970036784934836,0.896087253375719,0.827727198627851,0.902492646194741,0.869649462687763
"599",0.884687716932962,0.715793067899973,0.788167222297375,0.639024900300763,1.06272847771774
"600",0.876180780053996,0.818970657904245,0.839136169076903,0.984740334347106,0.847028688247795
"601",0.939050556383908,0.980863057581216,0.805894927892736,0.75788997456113,1.10221472610936
"602",0.955131467175346,0.988056456873588,0.738051567088382,0.811478267286885,0.792766302846548
"603",0.953054554537685,1.01213028011477,0.746473523098867,0.994893926401241,NA
"604",0.956233471535383,0.88878104193485,0.886670731365635,0.99091177408745,1.02090191901928
"605",0.862236074235259,0.921948965191599,0.80039795956178,NA,NA
"606",0.964481927727798,0.98699951781577,0.732192259123221,0.922999070926084,0.975673797642287
"607",0.863261979424091,0.983450143061329,0.749272591055559,1.02351821024731,0.930716983402448
"608",0.879973328343028,0.972091672079654,0.919748550079474,0.93835746131517,NA
"609",0.979205185945319,0.968100793482155,0.707621200867054,0.862436331374854,1.02474678632372
"610",0.961785567505446,0.982982272765995,0.713863639670936,0.774334191655297,0.808163082487728
"611",0.98162006646251,0.975218983060502,0.791649886453356,1.08734938184953,NA
"612",0.866384933631713,0.89275872071864,0.624195090719323,0.85130758885579,0.967867265521067
"613",0.965695294286234,0.975284595090922,0.724854023218388,0.991533333138722,NA
"614",0.985069700918489,0.858340751674466,0.696222127021825,0.708609489765583,NA
"615",0.906358983340736,0.968645957443243,0.903338655173408,1.10801760093472,1.04623954604631
"616",0.943673282344925,0.836279201339993,0.715474398551576,0.983140549934601,0.971341348048051
"617",0.951719170640683,0.887897561314504,0.985492653480031,0.888363268839266,1.06886825757807
"618",0.842738371682576,0.993698780861002,0.745108366239142,0.788079934832499,1.07121963223277
"619",0.76594753885382,0.87445579564885,0.658062343908724,0.807982771219868,0.835635484530816
"620",0.934919799357085,0.925641902037854,0.931824141563062,0.864303457255239,0.876980590950244
"621",0.90797175971713,0.967598643100533,0.713444315205615,0.863923545170168,0.949666273137726
"622",0.900432126316695,0.986450295609076,0.730933574285685,0.804386059428189,0.89686581818618
"623",0.830563991482964,0.965112261814439,0.873449228383527,0.750948060808964,1.01348123080551
"624",0.983758165652943,0.927324174269411,0.623971223445388,0.917762703813066,NA
"625",0.964465368578898,0.978322241901158,0.829817147877602,0.927453598287651,0.949171514234157
"626",0.969350223893839,0.847460895816488,0.84018550775001,1.10216955285895,0.953914664999061
"627",0.898747061925481,0.971635362960191,0.691437223616761,0.766670047278432,0.920624420681331
"628",0.965072206057513,0.91433840162926,0.806960714953624,0.84350640020912,0.944336946969738
"629",0.892620834233618,0.962737649524356,0.746499515304199,0.945285842726851,1.09916682503558
"630",0.970266994421898,0.802717131291561,0.891300996704466,0.949755528948555,0.986334632941834
"631",0.908525480790955,0.99178641066319,1.04427661744849,0.858346455766356,0.966624865997202
"632",0.967929420391279,0.965372610158028,0.730478794333586,0.921241061751478,1.1166857033401
"633",0.983073101921576,0.882554545957981,0.721578417376562,0.975851706098436,0.914052316058529
"634",0.907932041564266,0.991587040347232,0.784594312538426,0.733020288325939,1.07275947703055
"635",0.852681302200442,0.957355526271602,0.822921508612758,0.804844615368318,0.971562420356037
"636",0.971846382146462,0.974425931268259,0.724526981590842,0.835969393566091,0.92641654611971
"637",0.815549232344684,0.903787795334218,0.637980214178599,0.674028518810675,0.956838980907416
"638",0.769136707812133,0.634063300768899,0.57185404654519,0.859134427189182,0.7930236762295
"639",0.965247315066727,1.00538817609098,0.676850127543377,0.963844891677386,NA
"640",0.923398021789344,0.98754905994862,0.72117951209669,0.881848439787028,1.11819540642284
"641",0.829701404649178,0.915206680144183,0.933881330107716,1.08677486402697,1.1604927152252
"642",0.909715163767723,0.993456462461692,0.836543288091063,0.909163824730597,0.872075861771929
"643",0.960780173002437,0.983254591861583,0.941623374418204,0.686640630642103,0.983446056032563
"644",0.978742784670789,0.913526345294601,0.776949114892629,0.865553830444493,NA
"645",0.885022516150747,0.900038151583392,0.796479176489092,0.750346853198231,0.981396074988562
"646",0.8307227717838,0.840252594678513,0.77903813423349,0.874464748419497,NA
"647",0.970718308075726,0.987945083187897,0.866141613435955,0.768597775694554,0.901429586333791
"648",0.961976833669282,0.85099549925362,0.920557505108686,0.887315125101019,0.810129796572415
"649",0.814841987703867,0.925879362076999,1.02624531830473,0.981189152132458,1.02753973005182
"650",0.971627730672241,1.00640489562888,0.512135879063446,0.922579913818077,1.00383048416498
"651",0.969095931872997,0.901859108735117,0.767834277982427,0.958537495660138,NA
"652",0.969633177426695,0.9994446350239,0.825824287484543,0.949826407143301,0.939713815201301
"653",0.985144888000538,0.917395363828514,0.926653393652048,0.906662321355556,NA
"654",0.950359555729661,1.0067347483877,0.773963781443385,0.941962816992199,0.877745710295822
"655",0.978696441347465,0.939804934106888,0.658116245383597,0.746280428798587,0.947303234394885
"656",0.963861633384154,0.982085366540104,0.839384669492207,0.65241361497692,0.901777901205802
"657",0.974296499829887,0.903721516297402,0.742729567934557,0.687582478406742,0.931649967084425
"658",0.949616924469446,0.929220719833055,0.681416038585853,0.97739241325127,NA
"659",0.968770398900041,0.917478525740471,0.639617653875853,1.04363530966409,1.05549129183722
"660",0.931329673080408,0.985508807767523,0.863986963308251,0.811350936481386,NA
"661",0.873197317567595,0.914689360714655,0.652964635621312,1.01988831565367,NA
"662",0.976028160967788,0.967159126035418,0.746522928777827,0.854068796792976,1.05668943918607
"663",0.969492159940332,0.938189779373138,0.781622578369735,0.868047020193116,1.15543918588516
"664",0.962108819638363,0.970229758391454,0.786889536190216,0.848401560852229,0.830129627889683
"665",0.962204128564293,0.981886800584122,0.974356151831984,0.713546573776899,0.903554270505354
"666",0.872209498940337,0.68119564422388,0.673638724145381,0.826566766096397,0.835487376965891
"667",0.96181797502407,0.946978061904295,0.595584807893188,0.888265623970806,NA
"668",0.979228233600273,0.821138066850842,0.712601525140644,1.08304234951128,0.903963332809805
"669",0.910171433410885,0.843623819591331,0.816263698979284,0.814771224993544,0.83778629363836
"670",0.972183331960707,0.891821356089912,0.789248861689902,0.734536942582041,0.944456426347059
"671",0.96910394108692,0.980958220819676,0.74519895706583,0.797995705216309,1.03984834213253
"672",0.894159146264643,0.831477968124206,0.657746419092728,0.913390762955523,1.05706349159182
"673",0.978845835599567,0.961593559746805,0.807132165984071,0.656119671246659,1.00350312716469
"674",0.968798938967187,0.970445398261899,0.861194920315717,0.839234729977787,1.15596979969495
"675",0.956898432072042,0.795780742575093,0.907958778538347,0.848395062106995,0.936150851176434
"676",0.878201041185207,0.95668712297609,0.668409814895044,0.86667269630522,1.01501489119728
"677",0.97708246276027,0.971808563486046,0.820030287845722,0.779548868533222,NA
"678",0.863952661615565,0.979218370791289,0.648243270555022,0.748794609237946,1.01059017488099
"679",0.947871508957798,0.796273727392753,0.656384922880529,0.924176859413181,1.02744347914501
"680",0.941584341242455,0.999634277461459,0.962962472376244,0.881120665740642,1.07500229104872
"681",0.975406619713695,0.982913466189795,0.80185638475254,0.964340747821649,1.05001348970416
"682",0.897083806814652,0.992281882880024,0.708699741050409,0.93852111976255,0.987353981121902
"683",0.982673785943583,0.982985621580083,0.71532238758139,0.872768752271647,NA
"684",0.961134510339408,0.998389106707298,0.772669182242269,0.91158370527367,1.06527107998326
"685",0.984482123086754,0.972729605492349,0.729817971894184,1.01705193216162,1.13344399987774
"686",0.948999102012904,0.986901007320376,0.822792855068358,0.850578631691167,1.07933622535575
"687",0.942783868368369,0.706355121153204,0.894202390945112,0.81564741652025,1.10776240487996
"688",0.973925020875871,0.989008955102445,0.831207926831894,0.837516612517628,0.877726190649007
"689",0.913485005177936,0.929289983817101,0.761577934343272,0.648527022978572,1.03305552629636
"690",0.986928921458291,0.968430743851662,0.861109842106496,0.833779651289445,0.940056301855209
"691",0.990031527901944,0.865914021647028,0.667232221398348,NA,NA
"692",0.942699506960603,1.00742891132173,0.844905798286428,0.829620741930555,0.955520664539675
"693",0.918422573186571,0.970188359253219,0.894870981328557,1.09464185491165,0.935583361209191
"694",0.954983030523607,0.942303354561796,0.736512049828582,NA,NA
"695",0.899772021080522,0.888076005791347,0.777438632327019,0.838486196410655,1.00527448989575
"696",0.839584340405574,0.735121844650617,0.719190161606498,0.860571729977519,0.985765438122685
"697",0.970237689297276,0.971169535391495,0.807450160699096,0.765684833935574,0.953723278395649
"698",0.967787096124113,0.985589101710312,0.803269765208121,0.649396424155895,0.950141354312157
"699",0.929178152513905,0.987297673352295,0.845349812879648,1.06186829490143,NA
"700",0.9700928070855,0.822634364714916,0.584241084213067,0.737054136220263,0.980916399618696
"701",0.973366976830518,0.896861537083988,0.835541662997815,0.792030570954255,1.01603518218508
"702",0.969962647426641,0.956805663893175,0.633176759560924,0.802153207551362,1.02207472941107
"703",0.968400188028235,0.958389561914602,0.840890607603505,1.0932589141581,1.08157965386152
"704",0.894247933016019,1.00026215949469,0.63875283961583,0.78197679025517,NA
"705",0.977148951154225,0.978618639187675,0.762662208717426,0.802438290877686,NA
"706",0.946456837004155,0.850682644626805,0.749607484182861,0.929777064004748,0.990580252757903
"707",0.978071462763628,0.83389841905689,0.739373264058327,0.772662070308323,1.17269734288372
"708",0.950174824062634,0.936325725331526,0.700281958290291,0.8747919271075,0.857134975293637
"709",0.921956194270579,0.870638440934528,0.880856334611029,0.869512490209844,1.18319764178048
"710",0.904219346610338,0.979296110204368,0.68187979555766,0.823768119704964,0.922304048166639
"711",0.960691533546513,0.97732244571254,0.809532235447073,0.824824612853935,0.905048053963676
"712",0.90830210830767,0.838186397518398,0.794047767906394,0.862020616345388,0.829301557986731
"713",0.948362729492275,0.932899169028741,0.698148724824235,0.788361725007013,1.04085350792563
"714",0.989662796285196,0.883690460517676,0.907850246113629,0.899970679106416,0.974228694593098
"715",0.867749938393515,0.964641578913106,0.635213837431271,0.975549518779107,1.05075155401324
"716",0.899302752152754,0.984697274518471,0.776220946087407,0.622222752786346,0.990759307018016
"717",0.984549958848885,0.973529294627545,0.765782979382315,0.842899128983312,1.18296792866526
"718",0.974361799735291,0.895123555367886,0.797181732646925,0.775701346036099,0.945626078886383
"719",0.8893559430706,0.917495162621276,0.815619360361143,0.929150704902488,0.968888597949019
"720",0.909833543499903,0.989928751159634,0.989306936616335,0.920960662855348,1.07908742977751
"721",0.97083490992651,0.92074099397968,0.735004775140906,0.679766861029444,NA
"722",0.974638464807753,0.995403904627698,0.888231963936416,0.813073170265536,1.16735347084977
"723",0.9777079530447,0.97799317888019,0.812952071479514,0.925668498798089,0.947789638577768
"724",0.985665610576787,0.987643574499603,0.711698910758577,0.784470503185563,NA
"725",0.864337746189844,0.904324237247362,0.897195528442054,0.764793703598174,NA
"726",0.964719763152856,0.958403302976227,0.919105094511589,0.900722955351969,0.923664105995724
"727",0.924007731091054,0.926814842643064,0.749776748067756,0.892183098349321,NA
"728",0.977125914891281,0.993821377576498,0.843460815661855,0.972864047613026,1.02402459455526
"729",0.896570895663613,0.977436844013601,0.764595206013465,0.826817998655669,0.815947361458726
"730",0.94614435537485,0.917099863846546,0.846723032899754,1.09168287913239,1.18061374496113
"731",0.962836118849135,0.916913263982655,0.85063403839731,0.803106720422369,0.834269333349689
"732",0.848071898552134,0.923232964223436,0.654194318673243,0.848906423024705,0.838220493389495
"733",0.901850458213482,0.901675136448307,0.661641940057395,0.801594202258475,1.00874996281263
"734",0.97710634764154,0.998503009538174,0.916410886071245,0.96538826282017,NA
"735",0.970258574165194,0.938321924949383,0.556023823570954,NA,NA
"736",0.876148066093924,0.975309566157792,0.682602337165506,0.85312101762593,NA
"737",0.988561218655648,0.965006521221596,0.707110521803892,0.759694886909184,1.09746175788334
"738",0.969958983508405,0.983188645280356,0.788480381668685,0.761111601357953,1.01513532180387
"739",0.9865207470718,0.776843874154154,0.864805992781534,0.688290874070185,0.882394583509896
"740",0.966569911407716,0.842606698610811,0.951299087797596,0.645720417114743,1.10566105402089
"741",0.885248444216722,0.927855331943759,0.707441437967304,0.930798694726125,1.05071431415433
"742",0.974330026076371,0.944590747955686,0.69655764265543,0.740918307766067,1.06184339815332
"743",0.926001250040174,0.891814120059477,0.82861839239503,0.645698082913406,1.04294044121169
"744",0.905867121116575,0.994834714657066,0.858010079378857,0.797863513335632,1.03477469361288
"745",0.945280386971318,0.993653744691634,0.55125724611976,0.736369505158403,1.09253569760232
"746",0.97820589181157,0.922110031731578,0.620038817875418,0.921840576298097,NA
"747",0.898242628009489,0.978388416254911,1.03527598900269,0.800490188980014,1.00777110359583
"748",0.945991811380077,0.961044656620063,0.913904248152795,0.919012400957803,0.927670908458446
"749",0.964072212768466,0.995814395383114,1.00750080530538,0.935074555070954,1.09253991346801
"750",0.957621954596578,0.991099039422788,0.669108580385087,0.810939807053039,0.906596927428554
"751",0.945280154788439,0.984484082526416,0.582466321357415,0.877035528784759,0.936409504465721
"752",0.923099225573781,0.962148544848076,0.751941290955394,0.806301039475128,0.998799772561215
"753",0.970308023982954,0.894417344497828,0.522077252703595,0.88952028135351,1.01703592409053
"754",0.809771494546245,0.977522836776845,0.866159843171236,0.760561471102108,0.984464794269088
"755",0.959291413446898,0.788901883108451,0.742546337895228,0.862016606655304,1.03828666920427
"756",0.972668354767504,0.780584951950819,0.590818748368348,0.919877908252338,1.03662802538714
"757",0.97859537960832,0.911293141424732,0.859759180576754,0.797192923004739,NA
"758",0.968746298881512,0.900684472707829,0.535265006825202,0.783476761739019,1.10631740113512
"759",0.989252952279273,0.964772397391353,0.823688908071046,0.79541453567433,NA
"760",0.966294322687398,0.989768666890708,0.873803336936645,0.862266694962344,0.858945537296291
"761",0.94300346181398,0.808257078879762,0.890467548280822,0.905310077118541,0.982021571798306
"762",0.972568377494042,0.989964900401009,0.663658797330991,0.738961946654573,0.987180697091814
"763",0.976542761004904,0.954929353662636,0.534937745628444,0.805553677041516,0.909611297653971
"764",0.973252080982834,0.943900961674805,0.892066479348015,0.788320252040752,1.05153022525845
"765",0.922491547082413,0.983332818171725,0.738011615906844,0.781577820556806,NA
"766",0.865755757991071,0.892136393546497,0.519728228580635,NA,NA
"767",0.947119621573362,0.92675196609108,0.747185411277302,0.798128588959153,0.900758281777317
"768",0.962059951068436,0.835235898326285,0.701195902922277,1.03102217774667,1.0834440942555
"769",0.971230231052815,0.937359815147518,0.68536535281207,1.08573196879694,0.941136658014101
"770",0.967783609506978,0.999462371796237,0.905182733245504,1.11119305673567,0.993957208374788
"771",0.982512221006055,0.980293258526924,0.990175616658884,0.860897563194131,1.12703065926625
"772",0.981853851315223,0.911319595144516,0.604929703939625,1.00426706522512,1.07846637676416
"773",0.957780073034798,0.931769657296878,0.593464100814948,0.741589302390094,1.10622529349137
"774",0.915349155132594,0.980794000818232,0.709616737293212,0.83868285404092,0.885874204450798
"775",0.977130720768464,0.967653265990898,0.649244749777404,0.68733428209957,1.0587589800462
"776",0.620087580987919,0.983897614286324,0.52857146567209,0.894080031148398,0.926839309084662
"777",0.948008354115741,0.99058232899539,0.783956425133041,0.961497302625717,0.853442825047725
"778",0.984012346462509,0.974726247419981,0.599338846432453,1.00920538963754,1.04800432700134
"779",0.968893708870115,0.880472239073648,0.762780108819141,1.06052477397083,1.00360068954097
"780",0.980972028913804,0.96508637313169,0.881099876011235,0.905679996663405,NA
"781",0.865897570603682,0.97270425240997,0.716791328356361,0.741380060326604,0.88666585315903
"782",0.906934226762792,0.973837124937416,0.780565236889008,0.937653397082486,1.0403459513682
"783",0.9753942973058,0.989821966533088,0.770242977293966,1.01340919461771,0.821390896529607
"784",0.969494518801046,0.937214961987504,0.698988302056421,0.812448923246383,0.858099253072517
"785",0.96285058239334,0.901710722258018,0.799768209833562,0.8222988693432,0.966239524404775
"786",0.981599953069124,0.879626403040964,0.748060947343264,0.732048457478633,0.861639445742801
"787",0.987467613486558,0.992357985599382,0.655103106757753,0.687488697892368,0.990670588372085
"788",0.9807347722192,0.989326921900855,0.656557617212154,0.859305345854981,1.12536732192199
"789",0.85167118470673,0.922057656020579,0.572149157472717,0.926551029756428,1.17077630280207
"790",0.965929462620874,0.966194236161688,0.736720905212538,0.799017510687879,0.874000413229767
"791",0.976535720326404,0.765771807984851,0.835184484914377,0.696475136202347,NA
"792",0.89682849504989,0.964102546863455,0.908547134616154,NA,NA
"793",0.974454296017495,0.969500759373234,0.726870489912115,0.878628610889957,1.02955203196867
"794",0.957307031832331,0.939119393649862,0.682886639711007,0.951712809576168,1.0256256411766
"795",0.96690432855369,0.969755125371773,0.555414176755795,0.85601597234974,1.0050479723863
"796",0.965061632307257,0.978724017761028,0.727410138189311,0.905564560662082,0.86407373977784
"797",0.976821980564579,0.984683601933302,0.737745241832807,0.784450646457265,0.867614713498464
"798",0.964336498074112,0.882251263846367,0.860147589424771,0.814842793765112,0.904858187577975
"799",0.960497772290554,0.842846666354827,0.913130282989313,0.849535950425075,0.980898919268085
"800",0.959886492917408,0.933740031224616,0.79376262639174,0.791413176974544,NA
"801",0.973284996676381,0.941814350199996,0.705936576026421,0.943245649329773,NA
"802",0.814558318877704,1.00071767762653,0.678085090196749,0.898029254627613,1.02989204024976
"803",0.876566296792249,0.855333476916896,0.93283257311818,0.767590982502428,0.793006703881476
"804",0.958028118736168,0.971250514423743,0.803195610957838,0.80356107237877,1.01615994278217
"805",0.927602701534773,0.866449681912716,0.643554849907141,0.759259886596142,1.18485327505198
"806",0.980370313268542,0.974249516443114,0.606718960431084,0.721080751707413,1.17865600886513
"807",0.963106262463925,0.993104657187409,0.695455907377505,1.09932585999833,1.0211223290382
"808",0.979361616758741,1.00869699791335,0.793309837228848,NA,NA
"809",0.874180106542938,0.978630359341157,0.72165942191428,0.97776188107752,0.925423696456438
"810",0.947285988937777,1.00279508673897,0.85177530072774,0.783164126156113,0.914149789185111
"811",0.990196413361598,0.792359421672051,0.771178047772556,1.0472662194462,NA
"812",0.982002304489343,0.989816642407901,0.798592115255726,1.0866662211893,NA
"813",0.985696417430739,0.952187686555268,0.780891352164838,NA,NA
"814",0.94757698936995,0.971366625447029,0.695791212212538,0.820645109769089,0.925238860682729
"815",0.968117451748062,0.674168735980604,0.990824906729019,0.688284254990169,1.11998782742361
"816",0.980126322372746,0.927621863030993,0.614461573550849,0.762923173454564,0.969109036224469
"817",0.868571787460653,0.9260111588588,0.639788279446421,0.829734669199931,0.880658532795467
"818",0.978575761845898,0.987024213130168,0.775356988016661,1.0397322615786,0.855917084256231
"819",0.972195336554029,0.96286290641474,0.715799741724166,0.947589727977065,NA
"820",0.901864175830927,0.966974353147182,0.733106581356937,0.841937356208407,1.03335697400666
"821",0.953146378467926,0.954202374134877,0.691806491926896,0.877707172991633,0.970321716549222
"822",0.914715351726201,0.990977417106024,0.757199821459847,0.942325229500125,0.940704998452983
"823",0.809586398212023,0.912939667886459,0.580933012318728,0.780195139493139,1.08889909583815
"824",0.916063885261022,0.932234527919456,0.810615092580591,0.884867762909599,0.876931843020974
"825",0.931336610066048,0.985929786058716,1.0221561115685,0.783175343556272,1.00651755583956
"826",0.975229411944486,0.886232986622389,0.58783608640861,0.955542754852664,0.839778109244964
"827",0.983219532660534,0.960082070192719,0.623267005471467,0.557345124607635,NA
"828",0.975886247611796,0.995488474164199,0.915259838896308,1.00165535678561,1.05208889596581
"829",0.980270372372659,0.87556790652074,0.694483807500618,0.933091724916993,1.01363044431569
"830",0.883658133793155,0.875847126211616,0.803072313362371,0.790260801591177,0.95686254311345
"831",0.927378514136923,0.892769589500758,0.818444733395783,0.717454928960468,NA
"832",0.9349832026105,0.899924530428846,0.699149554305857,0.916395298722899,1.07655826850403
"833",0.975802254079352,0.981170521319827,0.905217648952487,0.743780139896208,NA
"834",0.918080786341637,0.976300784373174,0.662120408573366,0.74997379813028,0.881409012655336
"835",0.899716621608495,0.918670626652992,0.662050880356032,0.993431336492554,0.926083691223473
"836",0.960529185064512,0.945474458177874,0.657951689776795,NA,NA
"837",0.929996359881035,0.981542340792497,0.82297823956704,0.791530213118452,0.795185835534553
"838",0.953684493983024,0.991938040440517,0.838127043599294,0.967737815543917,0.971501904102331
"839",0.961391134822975,0.904861837726045,0.845828417142192,0.882762266030645,1.002727150704
"840",0.86071518634238,0.97344446678597,0.701493104611445,0.68698297946401,0.947907324797747
"841",0.961507345066443,0.941837287327654,0.657034907942869,0.817528495935235,0.866835693955387
"842",0.937023063410006,0.9378855402156,0.751284423585408,0.83224996129627,1.04476082259949
"843",NA,NA,NA,NA,NA
"844",0.977413210596332,0.862363539841759,0.690095180696407,0.799767152310069,0.899343096844202
"845",0.878958591147846,0.961878804707127,0.787345390165771,0.674281873794521,1.08714847793785
"846",0.931048090868911,0.949255172724105,0.622623050527923,0.863865421808899,0.848513762272912
"847",0.906200857975032,0.97758896896146,0.752444966851702,0.677429515661665,0.944209908319285
"848",0.952428044878619,0.919932328783492,0.684367722553473,0.836008583563215,1.02161194213861
"849",0.95621435153585,0.938068623689626,0.717973647341207,0.873209193072314,1.11110986619779
"850",0.976170469042762,0.939778638415756,0.95217181036577,0.933919101127851,1.06430193445573
"851",0.978634544651243,0.998453684120112,0.791182769532462,0.899658311158519,0.815716008342343
"852",0.949110690712248,0.964854629438613,0.533100285195887,0.882786910457803,0.899678615803659
"853",0.96614891133272,0.982968198259546,0.734280359671351,0.724628645507308,1.03773622578645
"854",0.969046839228305,0.890383623437074,0.636618227791955,0.85237628954382,1.01685615455703
"855",0.815948639434327,0.926955693844499,0.733244851767752,0.737087748023078,1.05608438466443
"856",0.979630664512333,0.970867951553922,0.632928120075804,0.744871070364573,0.860992912849062
"857",0.891447896075702,0.978145058058407,0.685233899415119,0.750828761478302,0.799054599530247
"858",0.950633988012383,0.848436555235976,0.668916243911209,0.862929269051054,1.09922128200478
"859",0.996637374492014,0.978278038543919,0.92845610083651,0.923031821535836,1.12169071683062
"860",0.964898641121752,0.928043075693711,0.738510137129372,0.833541059718789,0.979241279464233
"861",0.95327597653086,0.96940234189625,0.572864186141717,0.720309910881515,0.956842782767176
"862",0.917917725579475,0.891907226945561,0.891891509087589,0.926531933321306,1.07898822559497
"863",0.932935808023002,0.869614569383855,0.713706796634507,0.637095571630728,NA
"864",0.976112934648988,0.987228608514394,0.801061010988715,0.794934516065312,1.04562411479374
"865",0.978354736154519,1.00508698092778,0.839449464503525,0.946494715257445,1.05692546579374
"866",0.85065463159647,0.924219634282537,0.772268107209307,0.719390439401989,NA
"867",0.878360831670195,0.975403868189302,0.965716719506227,0.713511931477033,0.996527119827896
"868",0.982848018571044,0.972728505366853,0.644939532192316,0.815528049022257,0.945873246139204
"869",0.985582161695021,0.932584571862449,0.595595295989986,0.814660214517313,1.01776107244401
"870",0.924196651875868,0.908839110515441,0.812066884479456,0.979711313068149,NA
"871",0.969126413349651,0.977182991219287,0.72528933233402,1.10859000942648,1.06940203541616
"872",0.947555932352859,0.576149886226378,0.771180887825171,0.779203789022535,0.950692329548707
"873",0.982448667064146,0.860669251108342,0.838107313983293,0.955873762914237,0.926054796427541
"874",0.968344335668234,0.885520436386402,0.731702587988837,0.865690756095613,0.924008536027001
"875",0.880080948855286,0.912506336076085,0.546105946758513,0.877092071862933,0.824998267196084
"876",0.978054575656104,0.861639748740542,0.652364794066058,0.913052719456976,1.09983737901401
"877",0.93193953497104,0.985949841594401,0.762824631439763,0.815014816318414,0.856572318297724
"878",0.93553520424249,0.982338776505797,0.90446516845817,0.971116526492196,1.07798081359923
"879",0.8038387597358,1.00335085096361,0.859374044620785,0.860262188695312,0.896298501527437
"880",0.968910068280415,0.974974721626766,0.771886267972041,0.86754719994138,0.869345033828517
"881",0.918916331069549,0.980638510532267,0.787171540303745,0.921683140490045,1.0745836025886
"882",0.976972794323027,0.938101496030823,0.747676747916533,0.830577268629692,0.95538379393837
"883",0.977808755035612,0.934962749213826,0.686578607259711,0.585528520312012,0.899329641159095
"884",0.865243578557319,0.875013912628208,0.823262579495744,1.02454424940898,0.882234274582651
"885",0.96812982247532,0.739973675341051,0.753908022461021,0.940417851304569,1.02079017938322
"886",0.910982081480951,0.96834017037917,0.840744233205523,0.891117537272777,0.950628423184586
"887",0.936218097980678,0.913760154421564,0.691754407282896,0.941217446301426,0.947124483391638
"888",0.959699479610134,0.984786732283996,0.71505175361913,0.842592071179109,0.873319970433052
"889",0.869774307800191,0.980645407464256,0.62711541550953,0.81191573088261,1.04375271883953
"890",0.969851955479327,0.917093782294566,0.603538856043787,1.09577905134579,1.07805773506622
"891",0.934374435015691,0.904613454323305,0.731754551122306,0.722124776866579,0.855490693248903
"892",0.973122597916099,0.972567739843286,0.614191978400608,0.951524653419318,0.94972338893934
"893",0.965574715986396,0.825211658957833,0.771474053403455,0.900835009080102,0.987893140110448
"894",0.895645779927158,0.894491297641945,0.765082724629842,0.954704877273739,0.970402854428581
"895",0.954001091556213,0.794132966884037,0.822115643334135,0.922904186519305,1.1817984725148
"896",0.87101303688664,0.961830098562131,0.770868988639552,NA,NA
"897",0.963749530443859,0.908428335391921,0.758985430567558,0.938393082066018,0.84619444721783
"898",0.837472224704186,0.857896925313454,0.805030486247469,0.89248605412229,0.842450998519524
"899",0.964301393007425,0.911841842284598,0.593728404353861,0.710069676717273,1.1251035753938
"900",0.878375819743247,0.969750773639202,0.629714793452558,0.703405707028287,1.16654523247996
"901",0.983879232118761,0.972155196176993,0.611268229652999,0.723147735964013,0.874494953882986
"902",0.975315335101615,0.924856046357931,0.616373684209931,0.978863962235435,0.854698064372046
"903",0.967829313469311,0.939719284678216,0.645626905798302,0.882346925837937,0.929167723105476
"904",0.915294076323477,0.849653559377079,0.706231981630956,0.749715182293902,0.862680718231506
"905",0.909660225210424,0.996742372203061,0.689426564713503,0.83707072452927,NA
"906",0.905075205984766,0.919778413972874,0.610278069792019,0.813950971355289,0.988882781884633
"907",0.977924722398858,0.868739335640048,0.758552129701235,0.76380957114383,1.01021249308086
"908",0.957458990320454,0.842284095948152,0.668597988915043,0.890341798778626,1.02344920692762
"909",0.890241544770474,0.913376490961133,0.7537484944413,0.62186105799636,1.14248149283319
"910",0.867699020090508,0.89120383463173,0.700297347889972,0.923782112899366,1.08671762295911
"911",0.916493474042972,1.00339599296987,0.938842061005355,NA,NA
"912",0.97886068082736,0.996486306267958,0.858577630443952,0.969317596572266,0.881921396298484
"913",0.979803410498904,0.99150901112544,0.761569484742599,0.768143780374997,NA
"914",0.928142367355354,0.999031695034029,0.841247575977825,0.943779557214107,0.742236912344871
"915",0.814355359877281,0.982343523076527,0.543823188206999,1.02258172818401,0.963448220776429
"916",0.952165858147975,0.855280319675518,0.776481911341233,0.675640144387637,0.799232935645602
"917",0.988188205237504,0.973997623550817,0.801147224491544,1.07383117813524,0.96694151273481
"918",0.956575558967077,0.974296324261211,0.804720597107203,0.926804403141037,1.09423007160116
"919",0.966737347822923,0.986767915707954,0.580120469189292,0.954449203335371,NA
"920",0.938377538262337,0.99157583031751,0.660089036998096,0.882626288598259,1.00567504658265
"921",0.978936303927696,0.97990891482057,0.753729161438155,0.680041784444616,0.916805331266053
"922",0.917713266648684,0.934538680819151,0.761183803818816,0.823784132291762,0.773088409942396
"923",0.828461806039736,0.985214886446051,0.520091880139113,0.761417034471364,0.870183501899174
"924",0.962053119210839,0.993102664311238,0.807430024367615,0.75697491018736,1.01856607710141
"925",0.935634357531597,0.988908318035858,0.78260771815884,0.795669823614755,0.812846226703838
"926",0.832530041050005,0.965688265715389,0.628119475422599,0.869555073414054,0.992419172412799
"927",0.970662714485323,0.843394185095341,0.845834373063925,0.842904292434426,1.07853324086873
"928",0.964133791352037,0.977751759286649,0.742722166553847,0.781216639136691,NA
"929",0.921457167593038,0.94612764099887,0.7004969123403,0.933269114853274,NA
"930",0.904368858616241,0.890874960452708,0.928863456669337,0.941934879612187,0.847426551048121
"931",0.946252683863592,0.874268254472858,0.822506385106141,0.828518791305001,1.04281193031958
"932",0.836224624284639,0.885544620268481,0.815855195257943,0.73302157349084,NA
"933",0.81015480761606,0.948550573382827,1.04940237198237,0.810066524408834,0.928493414598136
"934",0.980593085221564,0.998059993634615,0.832884838905466,0.952826783743394,0.908422049756496
"935",0.906300606012925,0.923326121307869,0.950360767278414,0.959825909973925,NA
"936",0.975078192378231,0.826062770266253,0.673216144126017,0.748174099890431,0.974167805929905
"937",0.974680608744473,0.891087360044153,0.902562843174146,0.824575561804144,NA
"938",0.977390344842755,0.780389000527431,0.910077452724685,0.897960858632717,0.985293515779851
"939",0.892526957042258,0.925453595894595,0.929302042605989,0.840813309531425,1.07641373910044
"940",0.939645790016549,1.00271792490046,0.805974788131656,0.8882491368551,0.821819479672954
"941",0.964751225925819,0.942361652269995,0.840509556868039,0.920459940170223,1.04792319054251
"942",0.893119240759024,0.975391722055583,0.769843568262211,0.963096181254977,0.949787476796058
"943",0.983283855874035,0.934910998906169,0.852088244373274,0.717935498798507,NA
"944",0.986620523398303,0.880893273235699,0.653720170162932,0.901192808021967,0.964992224864307
"945",0.984789974564555,0.926306961387353,0.71210832755492,1.08085680555455,NA
"946",0.987730407096608,0.872023902102437,0.727960351398516,0.923677627734317,NA
"947",0.899318083662541,0.993293383615868,0.822066611708052,0.835996167256451,NA
"948",0.958546407681514,0.961291520885223,0.780173662723816,0.818577525582773,1.00292969445649
"949",0.960714552643359,0.983296086155258,0.724953744630646,0.699121139259256,1.01441204967698
"950",0.950504544674307,0.997810675702685,0.679870275180899,1.0218993037599,NA
"951",0.89548571078654,0.789203049496618,0.991119422915834,0.925692643363559,0.955826523832598
"952",0.979579483564782,0.99905481344651,0.690661300493258,0.851517588310253,NA
"953",0.968157298643532,0.888584471745198,0.883078630733045,0.902803693743609,0.918534988013037
"954",0.97493962542046,0.90764465011805,0.756292929157624,0.916068876275457,0.916787678135974
"955",0.91755688405805,0.874353864936201,0.907239942440842,0.784914204604049,NA
"956",0.91950988099624,0.965899102687513,0.695770468000663,0.71391367251033,0.988785300191723
"957",0.907759136430851,0.979886426503737,0.785121098683024,0.715351962113676,0.961700346782713
"958",0.961569580307923,0.905493695393169,0.731422208474211,0.672223107151271,0.964873854714223
"959",0.881121929496095,0.963868386177577,0.624016522603799,0.875931709019973,1.01268809814577
"960",0.945462894898375,0.959001502806132,0.723898810064751,0.894098000409046,0.979502456759338
"961",0.955237225744259,0.983478755067028,0.802060932980675,1.09170724370765,0.936962682701951
"962",0.882063741635886,0.936107575115673,0.71421521296977,0.881297969907412,0.975565589977491
"963",0.968151201846153,0.814353502955443,0.734029755143538,0.8718916348388,0.88816618166784
"964",NA,NA,NA,NA,NA
"965",0.942364860938396,0.815769280981077,0.894838386073529,0.973784458468949,NA
"966",0.831473850374763,0.966658782168811,0.586158463642853,0.896366597891588,0.996243832428421
"967",0.971055329989178,0.973259720189953,0.972325718649352,0.853566118606123,1.02512967116219
"968",0.761917249112134,0.848936932507726,0.723715850027181,0.83317733930742,0.800451494953424
"969",0.96640599022881,0.977109436879704,0.723296049086451,0.761075740730661,0.90097253987266
"970",0.738435190240672,0.970693132949707,1.03542004809632,0.811166284641947,0.980637700020058
"971",0.973911998060085,1.00024110247959,0.788717081236343,0.854342115751365,1.02545202587601
"972",0.983736205894312,0.980978819072113,0.839718795174097,1.00499341901499,0.752996031321135
"973",0.965582629238035,0.871725085723651,0.715213845457283,0.826426068145487,0.871862142934618
"974",0.978641829143157,0.977037730992245,0.756630547082914,0.850963436387079,1.02392331983892
"975",0.852508252145786,0.933046368393185,0.682949664280131,0.85152738007658,1.05047692288487
"976",0.941025198493795,0.917971684485791,0.849027210269953,0.838922221206657,0.81941597259422
"977",0.916111148521715,0.872624363055833,0.69300261135762,0.795530937859619,0.951491856542506
"978",0.930974228431322,0.984226111931917,0.66327231816744,0.857167540100293,NA
"979",0.777398470190495,0.957640277746663,0.685751010573431,1.0107781380832,0.999579090125336
"980",0.892114947837377,0.912443303384459,0.893188010626615,0.719323810559798,1.03921344201205
"981",0.981003148056286,0.984195824482323,0.461664526244571,0.820884622282967,0.931976037541119
"982",0.981388633874967,0.969879089640428,0.720534268608893,0.947217907506884,0.963792969993008
"983",0.873146378369334,0.910104339300439,0.664751133073635,0.685559098976436,NA
"984",0.95162748931747,0.985855237929342,0.71833607968887,0.750051716087212,NA
"985",0.976208234283916,1.00345959187875,0.890231741537567,0.839977110386198,1.01494702040551
"986",0.946363168050166,0.862628696650171,0.635098472856631,0.899892957582085,0.856391534166925
"987",0.957952461810996,0.996704084219203,0.853482977796296,0.795634424557666,NA
"988",0.853848477042541,0.874761171465616,0.718801747276488,0.955963623993651,0.911843352432509
"989",0.961704844838977,0.977285595888516,0.718421292989664,0.725149500152487,0.836900547062205
"990",0.900547277407204,0.85997884478097,0.804390887113127,0.82317450275884,0.964089083469871
"991",0.975333554998021,0.82352901744236,0.772778388953692,0.687537945047385,0.956870924774481
"992",0.975887430815916,0.878380221718322,0.61456222003081,0.873844010087062,0.823711879075502
"993",0.971800578814609,0.850264158889842,0.621822904302492,0.857189021020067,1.01852655502727
"994",0.962964229452009,0.990907013763473,0.838408545140227,0.932334497738837,1.10413561240489
"995",0.874415528614237,0.89010918539985,0.723344253058376,0.847578720495307,NA
"996",0.949707158512671,0.883015067080875,0.622709422624619,0.825244220279742,0.87552032050948
"997",0.917038648476374,0.907897067343131,0.862808842165488,1.00808214835652,0.954954148352365
"998",0.902512891385049,0.974044057720438,0.698119050240371,0.722847591801493,1.10286869287734
"999",0.810692207748182,0.940553917677475,0.67684747853955,0.845354649841081,0.856322303581719
"1000",0.976260797081209,0.960600244640795,0.863715270198324,0.839271145982047,0.94263460972057
"1001",0.884283129991141,0.973849769376535,0.878745072615415,0.848606303580579,NA
"1002",0.98792533337687,0.988554269156747,0.666009592795665,1.0778562213378,0.831519105360971
"1003",0.959619738418025,0.970727384972376,0.751370947877643,0.769851034713416,0.921473435575001
"1004",0.987657350794671,0.990445851376871,0.55314490467735,0.886647137393992,1.04910178579151
"1005",0.960520420993279,0.90810379300864,0.830862711617892,0.897731745820214,0.943538887731808
"1006",0.940184468049571,0.963901088762509,0.903349023900159,0.793202866082561,0.859187585773462
"1007",0.847615653881481,0.834835375974818,0.721544624593401,0.818533449215662,1.07276784802674
"1008",0.92115335157395,0.893657895131187,0.859075737476718,0.824292227214271,1.01986677799412
"1009",0.961227557781817,0.994130169842302,0.693601707774679,0.918593124780813,0.784864807411247
"1010",0.969087843333215,0.924284497439341,0.806184625919712,0.825901829833764,1.02649075109326
"1011",0.970343153072135,0.927812543029794,0.807894548626061,0.679806545250341,0.998183508582919
"1012",0.968816251021542,0.953088028747317,0.55907092061727,0.97644161554426,0.877488286450018
"1013",0.97738389285535,0.980359504526692,0.865539785034317,0.879412306343731,0.99346110303671
"1014",0.962538245028885,0.92553925259359,0.686822831622981,0.929808614675401,0.918422564725078
"1015",0.923002586606385,0.989329917896537,0.72153442951428,0.93728744063719,0.87014498813877
"1016",0.973197166205658,0.753442294714196,0.926723614938939,0.798626048586836,0.932433860957973
"1017",0.897713981136095,0.960850541339701,0.620901533983664,0.982716421382835,NA
"1018",0.974033974864524,0.892652966571322,0.462353577719968,0.762915889349702,1.01781589161223
"1019",0.94046333739984,0.995283299171636,0.558255672767595,0.834786767433973,1.04719217175893
"1020",0.917238167848096,0.998735257999671,0.742345792847601,0.927142434153082,NA
"1021",0.914881526101116,0.989263998269945,0.90525460876556,0.852342026540761,0.847591387478284
"1022",0.972707049721982,0.977265101101769,0.857213327985253,0.912395936094125,0.949451404723301
"1023",0.969099702162811,0.970630066395044,0.91052455016223,0.820816401746138,0.922514058587763
"1024",0.996637297140214,0.982394435468622,0.793747743190816,0.832942303200332,NA
"1025",0.967423590102205,0.975089140855692,0.837889932109824,0.908216029293561,0.961549403032966
"1026",0.855387490163138,0.971031470283512,0.80102518387015,0.691502917027181,0.988405425038168
"1027",0.992348211000925,0.872741872455176,0.742563814602353,0.791290966089274,NA
"1028",0.960440078233779,0.994104142055467,0.642301911265905,0.750078247435448,0.969062579761346
"1029",0.966411853975118,0.994053443214726,0.964329880223215,0.709731374110191,0.936695142249848
"1030",0.9773201580331,0.976562319383884,0.775056290544111,0.741019273308467,0.980995718889572
"1031",0.975622556912442,0.968838912548713,0.86322398301925,0.702701061282974,0.859124665304969
"1032",0.899036219759306,0.76619096880827,0.757946246231371,0.906627828539476,0.977424149870816
"1033",0.974895095123311,0.907875365044699,0.754467103803165,0.960715975172453,0.984060666027652
"1034",0.945509328035372,0.919636123193611,0.780827296004712,0.828493248417146,0.922426621159298
"1035",0.979975316842732,0.880505379057763,0.658921214050129,0.970134511374936,NA
"1036",0.978395678383374,0.97471186449386,0.645720888490694,0.983570275252665,0.982088102858241
"1037",0.978095038095702,0.910646754087715,0.795558526839889,0.975877356333871,1.19183826442127
"1038",0.94926007266995,0.890084874823392,0.689261520744818,0.923898582858614,0.92940523995767
"1039",0.981873093811845,0.665062228364888,0.92701778257455,0.926426800939865,1.04634822883134
"1040",0.952523495619725,0.910605264705817,0.876229170021071,0.900781308962054,1.20040171459245
"1041",0.80849854816965,0.99171356442642,0.784716671014452,0.901968553292851,1.03929046400821
"1042",0.972560358626682,0.967759172897075,0.870084567507019,0.838878165341062,0.861525345078265
"1043",0.966084114700571,0.987974909525902,0.828617437000508,1.07270063390234,1.03127680053767
"1044",0.971984086994335,0.980208998447383,0.560566365500678,0.795090504180981,1.02557956196577
"1045",0.966804052110896,0.985381790871359,0.724781432910879,0.77883985676173,1.06475636296513
"1046",0.970469106164118,0.904347520390944,0.796567361599734,0.842616179432587,1.0244005729193
"1047",0.940530877863439,0.925021690936146,0.904235842295388,0.983851381529853,0.878386093486532
"1048",0.957123908538955,1.00147366669687,0.65516921227214,0.971766916312948,0.930620102683068
"1049",0.967529059693112,0.995351878103359,0.710668968202501,0.717227185811494,0.897256441618688
"1050",0.960486145951951,0.921971251963897,0.939777960041258,0.774052718564734,0.987264803672285
"1051",0.810513856314647,0.960717013861592,0.87289447483125,0.837725337935319,0.910329074311911
"1052",0.883599537722667,0.931081570485751,0.599632464192723,0.926127593929292,0.903774881691177
"1053",0.952033227479346,0.990974978594264,0.764006385622777,0.808446050895198,0.87245785959517
"1054",0.975165239511976,0.99715398010867,0.696251321418139,1.09200797794594,1.14212808655017
"1055",0.991153716634789,1.00205891786557,0.842024645193359,NA,NA
"1056",0.957311869914356,0.942494947164847,0.790473416825338,0.68746710491044,0.963147810939766
"1057",0.904584023548069,0.638018961872316,0.563902070440529,0.83337982693544,1.02632816787053
"1058",0.975823331161055,0.943730112636613,0.789516418004859,0.653471197296906,0.944822456312284
"1059",0.974557937971014,0.814512217418297,0.548492093045786,0.772588010974465,0.994449916247253
"1060",0.97012902897033,0.962673140240854,0.666723009203952,0.799537648585446,1.11874990962108
"1061",0.965963146771986,0.943513294491724,0.88749419076757,0.813616799200724,1.06437640850114
"1062",0.879197243599108,0.99197664940057,1.02537971300668,0.906526728814085,0.933513321403055
"1063",0.974434803505938,0.991884577531842,1.04055988088509,0.808183675754518,NA
"1064",0.977972568035405,0.984594976478911,0.820461127765333,0.816412192186073,0.87702310230534
"1065",0.970027111284611,0.855557654246819,0.815065339435772,0.993796869465545,1.1395024597991
"1066",0.959957389324355,0.915711675827214,0.757375707013522,1.10925984039577,NA
"1067",0.857351105887227,0.981358153545068,0.754658790562316,0.982379346645529,0.971135065967987
"1068",0.968782410386059,0.945425219968235,0.904118819059157,0.888778169618253,1.01135126665774
"1069",0.961237784325213,0.760398958403962,0.652817807189473,0.938832341394847,1.09307507285425
"1070",0.974147206059984,0.977604706519433,0.95989373891505,0.914742613013278,0.901021591792618
"1071",0.961967358806524,0.998515597208958,0.702654480150629,1.01515821152262,NA
"1072",0.955017008923236,0.98198702985187,1.02018160693716,0.979951699590338,0.88837325222405
"1073",0.899103647113899,0.976282064882914,0.58605539238056,0.840874762330081,0.858718733105688
"1074",0.953767262350468,0.985013392221081,0.820316237517516,0.920117430303428,0.926874676017003
"1075",0.945690663959342,0.904578224129999,0.801607940865966,0.923497344298777,0.885956742098768
"1076",0.954579906449406,0.975106623756029,0.853472062469256,0.710859253396281,0.847732080271927
"1077",0.816903423445624,0.993000076158829,0.660927434064504,0.812026433365814,0.934969231664834
"1078",0.924578148211108,0.975221882163907,0.769484843248855,0.956306971278792,NA
"1079",0.969748503202166,1.00240033872812,0.68970306554966,0.899223902707856,0.96676381616515
"1080",0.974867070801282,1.0017282962922,0.872536013780992,0.760986227602019,1.06705770322443
"1081",NA,NA,NA,NA,NA
"1082",0.971856392628497,0.971161068951387,0.731344919360443,0.935434913353131,1.0469511718926
"1083",0.968722714985243,0.978607014853321,0.722939763734926,0.852475783726691,NA
"1084",0.960799788467221,0.866094175452942,0.87560524029594,0.699771320372003,0.795937499984732
"1085",0.954831213995654,0.978420097730498,0.540140239950362,0.779085092444911,1.07416736487839
"1086",0.946501779207828,1.00010948591467,0.690438754097187,0.798289447780271,0.87544069201952
"1087",0.739191564057108,1.00234337859263,0.941438082777507,0.657600756818466,0.975581576338641
"1088",0.971376613040144,0.791873487449058,0.61040306131088,1.01966318611525,1.02493213693953
"1089",0.912587307076756,0.905709888100082,0.717519933768465,0.805322307353541,1.11729845813136
"1090",0.747228637186969,0.988561212676544,0.84652226751335,0.979607512379019,0.822009881744464
"1091",0.944226322765405,0.962158397980906,0.925706924615739,0.984819756379507,0.870915508826315
"1092",0.966866621467214,0.999261865014506,0.697404855359262,0.795733571340001,NA
"1093",0.972320894963082,0.93145377908724,0.959396665777948,0.804147838588703,0.940593430997265
"1094",0.970622301777154,0.993851396528019,0.653446329790561,0.878539372484039,0.910973020638814
"1095",0.982551851619391,0.986494880787754,0.635282257075321,0.855587062030953,0.824558857355701
"1096",0.975837776620663,0.928862917291093,0.735657956274886,0.820687519696519,0.85537488304436
"1097",0.907636565743695,0.891578919974767,0.74771591025434,0.870828309080615,1.02457613623317
"1098",0.975566509430433,0.863395091978674,0.634231689414209,0.80225923169885,0.893791317056653
"1099",0.918644704315285,0.966592918633614,0.947328302053911,0.887567957965668,0.913453285243029
"1100",0.977221132263007,0.978598104800885,0.74305835109103,0.775768863505747,0.87728062897028
"1101",0.900040769372233,0.970992535480416,0.608069288627573,0.850431709734513,0.887257563645305
"1102",0.965937526681917,0.986829626809619,0.843944159894467,0.884105208988472,1.13433349498858
"1103",0.958414805276099,0.95666426302955,0.855844929507394,0.850560143723791,0.97511314898252
"1104",0.971756872571265,0.991823850393972,0.662724374054715,0.848576362848653,1.04133860200603
"1105",0.979780327701225,0.834979279503606,0.833633105186996,0.973130111734933,0.994646706497167
"1106",0.964460149162814,0.996896447923651,0.953051855642895,0.686523080355498,0.944924731037058
"1107",0.973317770115999,0.907552857663087,0.668240044733235,0.8541207412849,1.04481435666233
"1108",0.906638636031235,0.9732242471768,0.865440271918691,0.921537629912804,NA
"1109",0.990031033556566,0.839750631262318,0.586146899974626,0.980708793672339,NA
"1110",0.929954854032765,0.997270799985674,0.742857111355325,1.00399605159413,0.793668645361138
"1111",0.936582093400659,0.979085769757029,0.879450950185479,0.842306806440265,1.07481024135505
"1112",0.945915068349368,0.993886149809745,0.720469257083053,0.845124746531819,0.871732117118887
"1113",0.93502370355527,0.95997191778623,0.972170447287395,0.832452347646104,0.902812026512471
"1114",0.981635032273745,0.895411741706429,0.784881371023574,0.856793689943634,0.829348228327031
"1115",0.983940737437092,0.989156491242744,1.03176589225332,0.854398950238778,1.03583152674052
"1116",0.85388620897583,0.98206471059755,0.852599150785446,0.866431119219546,0.862737072737454
"1117",0.958886735859722,0.848488870238749,0.620205794295597,0.942184645351862,1.05380868281503
"1118",0.909940069083034,0.995579325031904,0.617267220197193,0.766224817090141,0.82340576285114
"1119",0.96244113782387,0.91069667376718,0.640960243266887,0.696522622079838,1.05754121656494
"1120",0.966711743191184,0.984968180742163,0.925801773830892,0.743521062300399,0.774153627348522
"1121",0.917725925290342,0.937930891309512,0.880150962318964,0.939980267082041,0.95051700363854
"1122",0.969505258821624,0.938712533944709,0.84473047646923,0.802854925010809,0.917561327310874
"1123",0.968703370084569,0.976230485027027,0.680843312862857,1.01147782540041,1.00404034089701
"1124",0.974569681462426,0.90746637926184,0.724283179210321,0.695422937689587,0.874660645456736
"1125",0.967805409272837,0.896921636625717,0.903069688488893,0.889217022000632,0.995504552620777
"1126",0.968552218121666,0.901421327558174,0.939201396978198,0.858139293531868,1.00671554588517
"1127",0.966482193289164,0.880567215451897,0.624070630281109,1.08834129059822,0.887403726485124
"1128",0.959140072902319,0.881839408710721,0.753946352085679,1.02724803517426,1.04030315757382
"1129",0.929208053135409,0.890282141625188,0.829749166212389,0.798302694913759,1.0352637809349
"1130",0.846226042855204,0.995042755618954,0.873775715886407,0.675635163309085,1.00699675912047
"1131",0.878426428856537,0.962385500135406,0.820160975187093,0.841217878605288,0.938070266121494
"1132",0.948643030696177,0.875936089457089,0.891538381491723,0.839463022737757,0.966213806272065
"1133",0.968259881813264,0.985795685459755,0.906125308372739,0.744926905096421,0.967851994713437
"1134",0.938610937023878,0.97823165148157,0.79197625837357,0.865538399369909,NA
"1135",0.962642752659031,0.938392134237204,0.655395022900055,0.890097996931189,1.05135392856862
"1136",0.805145414282191,0.952255147759222,1.00842914151679,0.820146309142507,0.82389146939773
"1137",0.890093919427489,0.986365919834407,0.810643853986801,0.89093484828861,1.12436625794278
"1138",0.972180877911137,0.959038532676725,0.630304715699658,0.851762896783141,0.828600379262711
"1139",0.908794822290938,0.972977410923869,0.938148319716437,0.861329085997265,0.992293238543917
"1140",0.874261032437059,1.00032741930384,0.757606507049643,0.82026961243975,0.875838670639008
"1141",0.894261084412446,0.984996835543519,0.703882369485072,0.892012857643751,0.765001044180963
"1142",0.947909203510283,0.97082009229861,0.76886837871827,0.829173400060008,0.981710326504319
"1143",0.79182474720297,0.933105477608397,0.786965511705362,0.979741437809389,0.909247375278171
"1144",0.719274491279293,0.937017609290324,0.769629965527919,0.843283596927309,0.989034650312601
"1145",0.977101388828044,0.813290781032361,0.717973204496556,0.784203676989121,NA
"1146",0.977724491299129,0.898538505137361,0.697461624577963,0.758336056698991,0.848813923185747
"1147",0.91062953789242,0.883618466943296,0.818612746093097,0.932071099289367,0.89987927455304
"1148",0.961849466730109,0.941844004796586,0.749029465369857,0.815533956365736,0.975282449796737
"1149",0.948595324333336,0.984351983474842,0.726766013006132,0.952228717543774,1.0174561294507
"1150",0.852347648006644,0.903457820999552,0.849882643650736,0.829681959819979,0.779699857562098
"1151",0.971230977725915,0.990058426570129,0.707414862987002,0.786651597037432,1.03104741157405
"1152",0.960881358133966,0.996271453717657,0.845470682363494,0.834322700572392,0.871805483478097
"1153",0.839967293522105,0.982088588425513,0.900917092801726,0.882140196310085,0.919780922496468
"1154",0.971341832660979,0.824448053918305,0.664107995793986,0.942655236154125,1.08123016475636
"1155",0.974784353497917,0.993289853082909,0.660884255671592,0.846061808990989,0.954552509890012
"1156",0.961635170719402,0.990485311037512,0.79952994874775,1.09354125976076,0.917966365112183
"1157",0.950974828193953,0.922227515423672,0.663707187195528,0.811932660599955,0.939592502769771
"1158",0.917333872131049,0.956711651023926,0.946832460869508,0.925854616550758,1.03815562170866
"1159",0.979235432694702,0.98196144994603,0.688530775414038,0.870301689827378,0.878568954046263
"1160",0.705952818631139,0.884183159939289,0.610499447824878,0.851759516962445,1.07483237899136
"1161",0.878152970649208,0.950577000948212,0.799708020320439,0.850448030365062,NA
"1162",0.872932097124169,0.929982688503664,0.843884963146113,1.00256256615266,0.929751464349382
"1163",0.972348733101722,0.965173737112953,0.820379207748007,0.812310231488634,0.884266007406733
"1164",0.922192753661385,0.988228088243505,0.564451440639127,0.903932576099377,1.10455711074462
"1165",0.900313065934519,0.991155325405246,0.741586474694224,0.775689684175043,0.84054866777959
"1166",0.948216107923941,0.969184068267381,1.03900634249488,0.84570124051601,0.909280942114094
"1167",0.89700179551124,0.892709784085937,0.629526623639975,0.916043408682358,1.03244151441684
"1168",0.938511376370964,0.889325278508347,0.678919334420117,0.669810161768971,0.955450206130736
"1169",0.957079920957938,0.999658790703445,0.808008978707737,0.906050122817831,1.07185452927392
"1170",0.871550271966721,0.787163256253446,0.647557381053034,0.792037530892863,1.07268350753083
"1171",0.94847987516442,0.911393671528799,0.600647893917214,0.705326807468943,0.812106853746341
"1172",0.978047486077298,0.988719916515606,0.718683389150287,0.852799939504976,NA
"1173",0.920682777379893,0.967177504732423,0.883768611207634,0.891745041147906,1.01100108191109
"1174",0.9488538566101,0.89222707095386,0.78966685613598,0.815741524235781,0.998227804082402
"1175",0.971713149463461,0.974226722382877,0.716525899836885,0.915088658707863,NA
"1176",0.952770772630185,0.987939235886455,0.750033743353149,0.75610910052992,0.831089202374837
"1177",0.904439445383126,0.97033853027279,0.692132392407095,0.770194853599488,0.910452754336947
"1178",0.810118832546248,0.947260554456834,0.813966133686803,0.927284681427699,1.16136468616716
"1179",0.940423862643611,0.945283050585151,0.65167518517928,0.963973788523937,NA
"1180",0.961255744223435,0.987206711840008,0.778111981037356,0.822824824499403,0.968740187759955
"1181",0.595555853493546,0.999704900791683,0.633887330420896,0.863509017971444,0.994583303197079
"1182",0.990594138521432,0.980990730841867,0.730578052649945,0.57737774061339,NA
"1183",0.949114363826204,0.997874836323711,0.719630663223728,0.918196389442652,NA
"1184",0.856607770861038,0.981705586212985,0.877479439199169,0.921076166062068,0.921924056030827
"1185",0.94111203134526,0.931361865242296,0.867244695087578,0.699855367161794,0.886918536539646
"1186",0.777398631039611,0.850185988147319,0.743140713686202,0.813031232343104,0.972506879609953
"1187",0.856752697703819,0.970637653664394,0.697177402529131,0.683286121243771,0.936763609401657
"1188",0.890779323646187,0.907065218483908,0.61174811852715,0.894784940221262,NA
"1189",0.930859247579365,0.983538743271851,0.661542392116949,0.97267924907468,1.05535374424207
"1190",0.773273501815174,0.851878873937244,0.790105381609529,1.00979556687045,0.969330951754642
"1191",0.926619178557831,0.848913993598967,0.967917530468788,0.932241527918552,NA
"1192",0.941660150633261,0.967981423777337,0.671932287052953,0.814434962802203,1.12599146355774
"1193",0.971371063075641,0.957271047908363,0.714266273739687,0.806816084219303,0.848608960610333
"1194",0.87970690624488,0.990165145838157,0.619409912467427,0.895759981749724,1.05266373283415
"1195",0.964114032086201,0.985770416725277,0.676898432805449,0.896827832479672,1.03056286276695
"1196",0.982276844295322,0.798136888180539,0.810027270749182,1.09538737883614,1.06098780943683
"1197",0.957341662628617,0.971517156614233,0.654134259562477,1.07038280006322,1.03143958515651
"1198",0.96418537524856,0.981250012727063,0.796109008517491,0.815502076311695,NA
"1199",0.952834033460927,0.851220519599668,0.967772767518252,0.61920539490539,1.05243835599888
"1200",0.97334242151746,0.803680517582112,0.831868187418528,0.685303584643935,0.953599403269722
"1201",0.986182499995522,0.945779832395557,0.815396762092268,0.843786750640172,1.1098485756498
"1202",0.979459713071781,0.962611868246846,0.914089492736969,0.824299301967616,0.870558738175505
"1203",0.955324694889325,0.813608577935253,0.759305947932978,0.924562532450661,0.932867218428249
"1204",0.982447792218696,0.955891900629889,0.812410813717771,0.982426006979185,0.894164509661975
"1205",0.973555240099149,0.984898775793577,0.81866864874392,0.786034607250988,0.910430565250078
"1206",0.969400617390178,0.928260601314068,0.732003507767654,0.755221660670102,0.888227982758381
"1207",0.984897272142174,0.976502895638251,0.760198420401116,0.840687042616599,0.93809688915715
"1208",0.981638377239425,0.957941582284596,1.02865880348343,1.0465656129669,0.903083570969664
"1209",0.897916227406816,0.839660343871912,0.627485828656672,0.917676321459232,1.03152032804143
"1210",0.971605114750955,0.983498368491422,0.722478628381265,0.906294619996084,NA
"1211",0.861107789953543,0.907082592499693,0.730690072010093,0.875516475796957,1.04073614286256
"1212",0.965535512145569,0.841196355520067,0.670249987076951,0.787211747023071,0.921539899599403
"1213",0.956300337359732,0.91328487226911,1.04455100558381,0.820904460026489,0.914199470873927
"1214",0.973109703759504,0.991222420957665,0.802694332144029,0.995756150085655,0.974142279740459
"1215",0.986332968664676,0.938146574257572,0.835629043043683,0.705872421333713,0.91067401795896
"1216",0.963396890394314,0.835557057904246,0.658353689449221,0.85217527617835,0.993482003822217
"1217",0.984058041071013,0.904683803804031,0.804733217403023,NA,NA
"1218",0.929380029620139,0.976154851735995,0.831992848632921,0.926525320201212,1.02552795661611
"1219",0.957329769541886,0.998742020741846,0.847966116899447,0.752548696513034,0.956521957117513
"1220",0.780799923502233,0.986458313917948,0.594671977491165,0.896937406087894,1.03644497720632
"1221",0.95361201852595,0.99395721092321,0.548906301164269,0.916282728938728,0.916211257425743
"1222",0.962460910781832,0.971557186650018,0.805859006901079,0.761137706917963,0.852380301297406
"1223",0.957865373291216,0.988097138737637,0.721271593010536,0.918638379364204,0.997572102745088
"1224",0.92928829788505,0.908298424278572,0.795340177903244,0.958960592078797,1.00281306449446
"1225",0.978451144279685,0.810407723961561,0.646319970579429,0.777101335959888,0.812689649020876
"1226",0.937457463028836,0.914184493544177,0.672302180108965,0.899582569862162,0.915940918537578
"1227",0.971864833345798,0.979862297463182,0.693714280060088,0.719145671939393,0.857241868018194
"1228",0.925523054591399,0.795847992466062,0.699016061284977,0.978467459666876,0.908240552593808
"1229",0.923390198478491,0.843989280277888,0.784074658126407,0.635175454401455,NA
"1230",0.939290473907302,0.992963257032464,0.808307870628712,0.686176867890023,NA
"1231",0.984404122797703,0.708451377795912,0.736838145506069,0.686858147955111,1.10703899080596
"1232",0.977474574604482,0.983113478070928,0.89879958490881,0.899058090648227,0.927579657107957
"1233",0.972601516500602,0.879069243968589,0.763391390754866,0.744850842025718,0.867953435741889
"1234",0.967250670706338,0.926264515530447,0.774351931006659,0.757012510634596,NA
"1235",0.963900709976627,0.990593676550852,0.640944639359627,0.915022039551807,1.12386166252971
"1236",0.955468515019607,0.911690127128844,0.820051012305717,1.04693912473044,1.09059745131608
"1237",0.980405716194094,0.815113776660078,0.65564824735097,1.08277823652369,1.02499555078726
"1238",0.984441968056277,0.828371708564361,0.770608831342827,0.931990291063291,NA
"1239",0.873368110077086,1.00366133664429,0.815817971135122,0.865021718331999,NA
"1240",0.792745289394673,0.932500529723809,0.607460498967938,0.988853521662191,1.00741999494473
"1241",0.974958846266924,0.976987372160767,0.566366102464551,0.796373757212292,0.932451590214704
"1242",0.90678504702065,0.989621083997393,0.909994705219216,0.770618867663273,1.00356026885382
"1243",0.972235214177877,0.880012862344999,0.649010484891213,0.91661530789323,1.03574442143668
"1244",0.904295175790788,0.991199064222279,0.515668283376966,0.705516763450833,0.933975029571584
"1245",0.970306658272126,0.778623736615153,0.870323034786537,0.840421772439999,0.968512226355321
"1246",0.985883357965662,0.830873014307203,0.763588949011553,0.949610940200985,1.01769369557868
"1247",0.984742368649796,0.96548277558699,1.03711101031936,0.836214230658051,0.893058498066403
"1248",0.948980780051223,0.984251801676255,0.819335318855513,0.715080760901686,1.09314815342738
"1249",0.96779999789365,0.84591136452759,0.875768716888393,0.91685916589472,1.03031744296918
"1250",0.950785972476504,0.76952452342225,0.709795670344001,1.04148951463017,1.04246691771678
"1251",0.935844828953371,0.920122980753316,0.900049751086982,0.876128207360668,1.02636631537961
"1252",0.971566563874002,0.912099733312608,0.619054810896958,0.805243937509797,0.879895154865401
"1253",0.91870399358486,0.972267315555982,0.840743800368391,0.850159160506299,0.969313862091452
"1254",0.944212132456084,0.98398061017389,0.749885821147035,0.969208275699989,0.872452109614758
"1255",0.95250085538467,0.996991603035628,0.791885001759856,1.01506818415686,0.875859817046081
"1256",0.993273348853458,0.990123187688748,0.7058604567197,NA,NA
"1257",0.811802625570023,0.967981512828153,0.831027790720722,1.06692671513551,1.02554216889278
"1258",0.805676864307586,0.989312585302207,0.834374699619881,0.84345707391663,0.915771727204881
"1259",0.97618275756936,0.962746380919206,0.793130717627371,0.922646830594518,1.14942563375985
"1260",0.805233719889406,0.869786322826295,0.852205163449438,1.07738968803184,1.0483140239171
"1261",0.944042063140878,0.943626782730236,1.02890362312435,0.80073594502582,NA
"1262",0.984757195183336,0.973675192018054,0.860536713722918,0.928855511333843,1.10307812453467
"1263",0.533917960405721,0.785658559361303,0.836923124145823,0.628277892845482,0.965662576358103
"1264",0.897854562177912,0.817873561305447,0.886225611977622,0.983105430999036,0.89281352502609
"1265",0.966537259984159,0.901820566271427,0.777640702947761,0.788066018735851,1.04678782426541
"1266",0.979598656013358,0.986858769852056,0.663801434114665,1.06408576234308,NA
"1267",0.911176862671249,0.840698976929788,0.842144641631702,1.07849850099362,1.03168736084035
"1268",0.963282823771035,0.896242234632283,0.684171223911963,0.757123460577677,1.04719250680484
"1269",0.882448459353669,0.978308062312142,0.846782652274816,0.876192705025617,0.895615476516027
"1270",0.978672266323477,0.901175748047725,0.713903774816841,0.765148142083337,0.938043016510385
"1271",0.975376763329506,0.994347731556659,0.727338072696538,0.756935231188138,1.05611352195435
"1272",0.955302576688006,0.96609517147792,0.694290598852395,0.694840432869103,1.09411803931008
"1273",0.88950070876069,0.987039839708984,0.59925571380148,0.880505425234287,0.858664694200845
"1274",0.962744619945194,0.922522284120483,0.738030814696902,0.977839653709804,0.998071368162813
"1275",0.813286083812098,0.94943166669387,0.696146987642964,0.855567838118728,NA
"1276",0.927930619400656,0.880826845177558,0.874638635655095,0.844493641887573,NA
"1277",0.963386944825596,0.919426256131047,0.726374955037723,0.864476633802008,1.13423856934291
"1278",0.917664646923289,0.906647982205871,0.813251244949974,1.01462479926943,0.869370130202965
"1279",0.980934286868772,0.972544595928838,0.800558454355026,0.921179831374305,1.18771490646118
"1280",0.978648526121949,0.961088437136654,0.649003134492105,0.960084713136821,0.994496907332354
"1281",0.962574981235889,0.985791498225123,0.751453928574298,0.988810416413275,1.01097899097759
"1282",0.969106337350253,0.975597631750885,0.78222033438368,0.891626843508412,1.03280914577426
"1283",0.965318017022176,0.895991196709686,0.80293167534675,0.862451512895181,0.888395675932492
"1284",0.980212432563209,0.962636438483888,0.726851752084159,1.0236341987586,0.793477227808156
"1285",0.977767325258063,0.966147151300376,0.834988610661498,0.75677433559133,0.919743072492283
"1286",0.772837730460444,0.906743327682886,0.675310727444104,0.948353449515233,0.830729788081575
"1287",0.875795284097132,0.993696070724822,0.779277052471861,0.792659805062465,0.920071952748765
"1288",0.970764225886363,0.856984727075643,0.936785903715319,NA,NA
"1289",0.956090201574094,0.985891396132836,0.779749548462401,0.788242728596538,0.978084843851471
"1290",0.822547410007374,0.927292342970132,0.810534546069055,1.08354678617595,1.01092621514643
"1291",0.975685651451101,0.992859252357794,0.794600935858622,0.659859038725233,NA
"1292",0.983194590910672,0.963383828997911,0.823272016693978,0.857184402912819,0.928914616214988
"1293",0.975844453408674,0.976313454086703,0.787687625292183,0.8522462166914,0.913053574313048
"1294",0.97834936394469,0.999676101168532,0.743864571975316,0.639095703848685,1.03338812777314
"1295",0.856749703210319,0.895558392971367,0.69595711507185,0.872756821792821,1.18580560297115
"1296",0.961744537913709,0.968467538185323,0.872567951674912,0.799664112997803,1.02116552324359
"1297",0.960326839135366,0.794121220005422,0.815920096439603,0.737066359978555,0.987833971794545
"1298",0.981610103019442,0.929681276264432,0.780956887547504,NA,NA
"1299",0.971651219102295,0.892668087420744,0.672140385534646,0.712146731656061,NA
"1300",0.902213936947721,0.914980764086294,0.650335710861999,0.970885383471984,NA
"1301",0.890777958759045,0.880174220513826,0.840999150198895,1.03096479372339,0.947895151957151
"1302",0.814491930355566,0.872658665300724,0.673046973404315,0.803344784478183,1.19536369995976
"1303",0.964219260383965,0.986707911190814,0.770658007534006,1.00259809324835,0.991008957510259
"1304",0.952683348337673,0.97123730476155,0.530273699098095,0.624929167017952,0.93414807299399
"1305",0.959568997473828,0.872355146690636,0.715676284332715,0.944144060898881,NA
"1306",0.96010384161541,0.838122737775039,0.762015124919229,0.937940283176822,0.922602007245341
"1307",0.921589848906292,0.876270972919918,0.568801928798979,0.863075284856691,1.08837979274704
"1308",0.871923120461526,0.872453691801828,0.617217813417177,0.691684294167417,0.929052155212504
"1309",0.88043277366395,0.993496305781046,0.983776721970451,0.96899125052459,NA
"1310",0.778454304653983,0.967217369726138,0.869094224758184,0.820414407776196,0.843580694541242
"1311",0.984104098416969,0.972937425713942,0.706243965899889,0.94399099300218,1.17934412734705
"1312",0.886129471644099,0.992105436208301,0.7535840636365,1.00013538612054,1.06316783432283
"1313",0.947119129524116,0.982540342,0.532164696497082,0.944436812783572,1.00736496767018
"1314",0.897367635742489,0.893692051821174,0.669143604652568,0.884603101601895,0.995599450997314
"1315",0.971456133894545,0.987430576025552,0.699236815020575,1.02440984037721,NA
"1316",0.945566528020018,0.974762514547288,0.858350843791141,0.69649492418169,0.906060378524272
"1317",0.908362413200496,0.969181070508486,0.693816278676137,0.887689570412003,1.18869889389504
"1318",0.988900781006563,0.987123721979664,0.838921985444387,0.922569764448274,1.01387632999179
"1319",0.914136413550408,0.981675645510008,0.626147208159462,0.80944044358585,0.893859361209328
"1320",0.93226030070676,0.978599184944147,0.708676666431492,0.913536209908142,1.11007601718349
"1321",0.897002489450797,0.94236717522499,0.95103371434439,0.757452713283326,1.03729217603946
"1322",0.738656330349327,0.977733449509523,0.714848383853053,0.861225597097283,0.842556252731259
"1323",0.895556214427424,1.00545780869023,0.501632558011111,0.794078526030003,NA
"1324",0.957802922349362,0.737756297144511,0.825244311725812,0.877347647752009,0.924166451069853
"1325",0.87968476204792,0.99533228423586,0.92592191396033,0.787546833339414,1.20543331143593
"1326",0.985612958345096,0.95607530963279,0.759010412966086,0.790178052264313,NA
"1327",0.853377036636226,0.866222601377141,0.775072306688392,0.76441582055228,0.997030777625353
"1328",0.968208086063233,0.985156850620846,0.879476939698397,0.916419527378511,0.998749308660938
"1329",0.962034214072736,0.953292561920838,0.942665486168502,0.837718337449417,0.818203655796019
"1330",0.98401225877859,0.797247268077045,0.472260388916608,0.611003545980147,0.985309821910405
"1331",0.895522120342245,0.968259106378476,0.592710574213804,0.898369458040298,1.0078158297371
"1332",0.93793169605327,0.950387619438464,0.74533631183257,0.82819156787056,0.971029510864835
"1333",0.969286053129277,0.774830655067247,0.698301169909515,0.685539953938848,0.829543511412668
"1334",0.812709873669354,0.9798267114496,0.821191405099177,0.878531997001573,NA
"1335",0.845213773808649,1.00111460425079,0.801286019401517,0.966739697944847,0.835376938920263
"1336",0.959634992933053,0.81456758035125,0.660510245401882,1.00546271504041,1.02370156077632
"1337",0.875087738940951,0.882532419735747,0.738016032977532,0.876479079805868,NA
"1338",0.960599281884887,0.891215417770353,1.03812495784894,0.777557272464055,1.08097433022112
"1339",0.953922214659743,0.955900310992298,0.737998212842707,0.841818982253822,0.951182581801619
"1340",0.806801446708762,0.983926498751348,0.893202628536548,0.928265539550761,1.05435839410006
"1341",0.981918699196553,0.968525767642024,0.890634333112351,0.910273359435853,1.01011444628904
"1342",0.907452227564136,0.903675596993524,0.762403493100276,0.975111464758568,0.991476513317956
"1343",0.938607257774356,0.914099577436127,0.819639437540023,0.665786822374191,0.901411351159656
"1344",0.878532544038327,0.981548521290414,0.918177437337027,0.884337158087847,1.16871053137987
"1345",0.983906188991522,0.986209684766396,0.676521617984388,0.788854620256628,1.05441337793385
"1346",0.964759843446466,0.958551000774705,0.517749050835863,0.693074625593999,1.07498060954776
"1347",0.975963549073765,0.972823417700266,0.694676601632417,1.03193110761806,0.974252532137547
"1348",0.963742414702489,0.871498641325818,0.557785917920221,0.90559031605812,1.11649373862079
"1349",0.873429521806279,0.8881746056533,0.857357848045824,0.877719778576822,0.885239786283491
"1350",0.963457484145036,0.966129867641868,0.742095284974388,0.961576691824623,0.845136396790565
"1351",0.840718059327971,0.985791108425764,0.889557438915783,0.814699754421991,0.882812917561881
"1352",0.962054531253691,0.9161168343527,0.986819637206091,0.89774465409568,0.922470305985225
"1353",0.981597711465563,0.851503423027853,0.766551419292712,1.06661865489915,0.993591262303291
"1354",0.959657147227383,0.921693868862986,0.847657659102368,0.777743266460837,0.957008179293985
"1355",0.972202115048708,0.792854770497363,0.793229007947071,0.928499197286885,1.01807738628081
"1356",0.97720938928135,0.996681462432537,0.696249913548231,0.909891107595731,1.17675746781617
"1357",0.970382113447427,0.989515103146092,0.829209288413861,1.0304961891725,1.06538870267374
"1358",0.943541505646255,0.983628544405651,0.966834118106714,0.773301670181526,0.921534635426899
"1359",0.867757356171811,0.90187128062447,0.967215819362027,0.879257911889576,1.02748939077703
"1360",0.744804973146419,0.99343219308518,0.599501899528934,0.70338581969325,1.05570252966204
"1361",0.94555188114448,0.852546718761886,0.790780251016037,0.821740632957311,1.09744867925718
"1362",0.947154616923142,0.808344599311146,0.686768004175852,0.830591825580791,0.788231471911309
"1363",0.974330821863509,0.964606211975627,0.876008363963654,0.880506573771391,0.959952042494532
"1364",0.986426531844444,0.879309904907862,0.559039133835162,0.749888556069958,NA
"1365",0.97502145759479,0.978486591738118,0.619383068496473,0.930428429604658,0.906635791854488
"1366",0.949441680396187,0.966164416221605,0.674630583932864,0.892036644032086,0.839657986997048
"1367",0.960076383863204,0.969024023278254,0.830185722389097,0.967440508740006,0.954019518759128
"1368",0.98656393658316,0.914359250324269,0.714653801548374,1.07856305402003,0.877089132453173
"1369",0.969586715076552,0.898734594457526,0.697993369352896,1.03509900286754,0.946496794532489
"1370",0.97361984786531,0.88031544686705,0.802372406546849,0.825040562489875,0.796219440759656
"1371",0.969603846019306,0.876256470478151,0.84114266091526,0.914034313046893,0.982057382242785
"1372",0.970259979047403,0.941324566398823,0.908382597410667,0.891690868429746,0.994400439962005
"1373",0.914479953324716,0.857144727630981,0.752723107021924,0.882438883127345,0.768846210038811
"1374",0.97889128840636,0.971761700764822,0.708537430034432,0.945360490013415,0.883281800574982
"1375",0.902230733493943,0.915547419922545,0.743786638233464,1.0058300041279,0.867174459696004
"1376",0.968541898161729,0.9889396604366,0.912195087742927,0.882092951362976,1.03071305955246
"1377",0.967989232316539,0.96488095872543,0.770189395218374,0.804142142310809,0.882291809681811
"1378",0.967724427264012,0.902711386412521,0.860110112576473,0.920259483990306,0.886257678218896
"1379",0.950809919181737,0.986050378347442,0.733312285467832,0.880399628456576,0.980235230821687
"1380",0.990794959705664,0.980578683800689,0.513171495710334,0.940120056499981,1.16232770025848
"1381",0.95894955652998,0.894553052036462,0.60151978230186,0.848549954196234,1.02189275404615
"1382",0.964395407802193,0.971668337902776,0.841635668157763,0.950151188743402,0.95114276263691
"1383",0.928961865470528,0.964523762578314,0.825013016612787,0.920901134671123,0.974514415620367
"1384",0.94859642952456,0.984115744457272,0.670066509259887,0.745731636054595,0.989341448623117
"1385",0.932954385750259,0.982012792776014,0.721361546402137,0.897140402868634,NA
"1386",0.945952167321465,0.966117390856421,0.853714887278092,0.680964304016213,0.889504523956799
"1387",0.939114650500269,0.922853435920473,0.632122016613605,0.940362068062347,0.901758580684847
"1388",0.952528217811328,0.997733808198467,1.0478097072741,1.07522878538273,NA
"1389",0.855709067581864,0.869044180880904,0.835938587817942,0.975391336050729,1.00447939556204
"1390",0.982079315894591,0.876254363049218,0.752212899972625,0.789031407125659,NA
"1391",0.951286493325641,0.9135201141734,0.804441396626814,0.889677789807722,1.02194283765526
"1392",0.905471301436794,0.911069496822491,0.661650160753451,0.869558461644343,NA
"1393",0.98798114429011,0.983727028369548,0.723788671109612,1.02418972978501,0.856666488815824
"1394",0.870761655093104,0.974662131161263,0.740657194346953,0.935166687810997,0.98047279343937
"1395",0.958416595729624,0.744301033758518,0.761952520063597,0.972776280968948,NA
"1396",0.939945665999813,0.991214508862654,0.588457693204008,0.897132926274714,1.02651620097739
"1397",0.967363229717747,0.97342311227933,0.825450741125948,0.824882145563941,0.972378132446277
"1398",0.990265113067854,0.936692633881326,0.774803197191535,0.779885016432609,1.05584865932942
"1399",0.86031745688106,0.863877866918221,0.767518670006833,0.813709865337292,1.10611982423754
"1400",0.968033821757728,0.874143104092083,0.95680860943381,0.873116537825141,NA
"1401",0.978974775960886,0.967038040335943,0.680572303414135,1.09470520220492,0.972451852175305
"1402",0.975091677369986,0.788888151011539,0.707475452616099,0.833396665344216,1.10407497449557
"1403",0.895351187565803,0.866271617566506,0.716167321931556,0.88874856148357,0.793523862403444
"1404",0.980536829033781,0.989980980688022,0.794532309851175,0.922829484111727,0.870945072498826
"1405",0.864987418863639,0.963496713646313,0.885458823293807,0.966027713057071,0.965429079641243
"1406",0.908755297185831,0.932519721552128,0.661301328975158,0.983462710729669,0.945282919805866
"1407",0.911050687152309,0.952087903768412,0.772384122467156,0.915501196161365,1.04145186939438
"1408",0.967683207329598,0.98052746502367,0.844942517701497,0.849726934371576,1.11900583771907
"1409",0.981566657222922,0.798873334702958,0.663245987723768,0.755183383181363,0.959982671752967
"1410",0.956207682304582,0.887564648610793,0.703792977150949,0.649304004754886,0.912031612670505
"1411",0.954671458799739,0.899925987897048,0.741384922514161,0.837920641218365,0.888255416214215
"1412",0.968871855092791,0.650775735498952,0.970679848675176,0.92669156228153,0.934935985143157
"1413",0.934460675794684,0.913579189086673,0.714658725995618,0.859039502635651,0.838322257335198
"1414",0.948643141849442,0.975708828746116,0.774695464600196,0.966364399504145,0.988483362494806
"1415",0.974325384584605,0.837454472297366,0.858641962352088,1.00954763878636,0.99388637142408
"1416",0.858512805758531,0.990443266623365,0.789873324028102,1.01316176740229,0.955536964834398
"1417",0.967743309423576,0.868296574975689,0.933595482055819,0.855379683965148,0.881051530846937
"1418",0.872693727830425,0.964713123653405,0.668082652081504,0.785332819918728,1.044920041124
"1419",0.978485240072682,0.989604461274023,0.779135241559053,0.973198778922219,NA
"1420",0.96464503983653,0.980314049962217,0.909226424259006,0.775126832539434,0.880429810751327
"1421",0.973192611531204,0.921065016508307,0.786020030009356,0.942605096146422,NA
"1422",0.707021316792418,0.9301723306214,0.54069305746171,0.842296967201934,0.938906069008942
"1423",0.968984385289713,0.981024541326499,0.675231149952693,0.89521913283068,0.949435642500778
"1424",0.94676862359157,0.907666931481192,0.651990554062239,0.969018195497176,1.0331789637996
"1425",0.833253518317532,0.838837438477127,0.918630547263056,0.883466647293508,0.910524383984782
"1426",0.942055637793098,0.906864346805444,0.630136597437321,0.621905684554463,NA
"1427",0.868006945092981,0.97384958418046,0.697181471194949,0.913071684296638,0.905499707234765
"1428",0.927820517778443,0.971301006373301,0.720076319013326,0.730092358646881,0.83531952178151
"1429",0.919494295258697,0.954414030304785,0.937139912432396,0.754160621437909,0.993900464109769
"1430",0.891269999087047,0.962048579027404,0.749664322249298,0.918173280866638,0.929326161478702
"1431",0.898721150940773,0.81376176516615,0.828771760946336,0.996991376971777,0.998209457458549
"1432",0.979909109804626,0.988504227998706,0.956493814108555,0.777006099605571,0.981073548396433
"1433",0.979607305098365,0.982567158989078,0.916868618687545,0.802064595005166,0.877202000855517
"1434",0.983761371231051,0.964779827313528,0.779565836901868,1.0332403264565,1.07363881705194
"1435",0.969333175405138,0.920012696387998,0.71281901930363,0.803283308336938,1.06817435868362
"1436",0.865083004857188,0.941086842423258,0.743590638106664,0.8693187391726,NA
"1437",0.965989670591834,0.986458566497842,0.827574289142154,0.892638532611435,NA
"1438",0.939036548328193,0.979239943582529,0.933104910744274,0.911117027998771,0.970365633135023
"1439",0.971299897881326,0.982614465634897,0.80354499044818,0.950369184187709,0.971145455840018
"1440",0.954558796203359,0.898474898747691,0.671325292839382,0.941047298140995,0.69442872497564
"1441",0.886506849947983,0.792099769007599,0.721208791309851,1.02518014546059,0.996647922076039
"1442",0.867714179789054,0.981990047358124,0.771347130345662,0.819767818067564,0.91475990589562
"1443",0.963648120201647,0.859836581893022,0.595620774695565,0.794637517450845,0.782531906915822
"1444",0.966392619399209,0.854296450861256,0.716253717096477,1.07848782545204,0.908251737600386
"1445",0.958950853438905,1.00838851722434,0.539569581364293,0.646676921738004,0.979090725567974
"1446",0.960468729323336,0.978899075859965,0.636124008583296,0.795887958004099,1.20247924046635
"1447",0.899459463572457,0.989590612753814,0.61988088441004,0.770573913751762,0.880409861466048
"1448",0.917828171113514,0.99584472191564,0.664391223988755,0.740462118767553,1.02368888107879
"1449",0.890847216680823,0.960748280317139,0.809515968578422,0.883894775799617,0.999461188908793
"1450",0.873308370157029,0.985233108245732,0.821518451316172,0.786067435377893,0.894591505826792
"1451",0.896267264646155,0.983393391667233,0.664423473758933,0.88669648855741,1.01618187106551
"1452",0.895833257108242,0.981723801728022,0.861524190552914,0.728805638259247,0.951147937804795
"1453",0.873528108150659,0.869042481061745,0.81281200766542,0.841252019615691,1.0087946878759
"1454",0.960958556577539,0.9625142438484,0.776334661530955,0.964625938196737,0.953576404485101
"1455",0.948655749215318,0.990526628096971,0.95034680808688,0.947526026500005,0.915580839267642
"1456",0.888093731112893,0.844264780408241,0.866684334968368,0.72025496542252,0.95152018016636
"1457",0.913457733820692,0.98447971275167,0.955158119259959,0.789978080875986,0.867678948524427
"1458",0.941226880936675,0.99201788235171,0.737927214090185,0.921952425033324,1.01803934365
"1459",0.80984895091702,0.878383085471073,0.74305571349936,0.743349776710012,1.16729532856412
"1460",0.888069408993458,0.938126414272986,0.836695145308881,0.870047883621624,NA
"1461",0.971321883424611,1.00221978565085,0.85212982882649,0.68108476111015,0.877575524541126
"1462",0.975231701080439,0.913591941688836,0.477663778143294,0.830852101797095,1.01830759310998
"1463",0.982133679218645,0.9558815289962,0.995006256026173,0.963159305521544,1.03179638732259
"1464",0.96751174306253,0.912004960221879,0.741370505449426,0.710145819323055,1.07016016730332
"1465",0.963190176383977,0.837601482840351,0.717857459339351,0.978149957959276,1.19884787922364
"1466",0.958495406315786,0.847215017525106,0.764880154901082,0.942528033491441,1.00859562152446
"1467",0.744008602792527,1.00306277939284,0.774438604433607,0.896607731897635,1.06861405176607
"1468",0.934747050598267,0.996109087395691,0.798221070558312,0.957942583933997,0.924503815097385
"1469",0.825456618505578,0.738259205318818,0.871106983551622,0.876730723933432,0.883034805561781
"1470",0.959846941704638,0.977361303003085,0.670228187768896,0.946982736567754,1.06464962053463
"1471",0.978825691571744,0.885762426977545,0.763797717148016,0.720241288598467,0.96298822017172
"1472",0.966748908100337,0.994691894558437,0.685457244008377,0.831887979424783,NA
"1473",0.96074399321645,0.886482910873375,0.695535146082466,1.01674736705978,0.890175384862489
"1474",0.961438277549201,0.902930912102957,0.665675663504756,0.653507335141428,1.01738389028048
"1475",0.867945146122484,0.878119183327972,0.634075099943731,0.933528194538936,1.06175832631911
"1476",0.943942998034389,0.944034630844364,0.779329609832474,0.825414494715752,0.974773687909209
"1477",0.940830465031367,0.948615480030526,0.82049872811424,0.870923002897927,1.17265439893985
"1478",0.965086683584438,0.690075261916389,0.829987859210293,0.792524467307477,0.914982936592857
"1479",0.971006412450176,0.781443461706485,0.697129845708638,0.7412836422967,0.796452210184144
"1480",0.933976447808115,0.985368774742725,0.667582137375755,1.06518534985974,0.891546180847214
"1481",0.785818681419418,0.981617141341676,0.836291763167628,1.02947305637867,1.07126439978056
"1482",0.897980102537589,0.865763772070296,0.781074717506681,0.820620056309478,0.918352001641123
"1483",0.956888263316637,0.984990077099752,0.829041754117006,0.917280679449239,1.04081073545238
"1484",0.96494523867392,0.935891956951476,0.650411327598894,1.02544792501401,NA
"1485",0.956872155138822,0.773696477470794,0.815515198137871,0.777142005007248,1.08707256032673
"1486",0.953455266532658,0.965796185080665,0.685027592635663,0.90771035349736,0.999688513835716
"1487",0.96141042538287,0.910156600858827,0.665910263641572,0.742767519710865,0.924680496319661
"1488",0.957206501732465,0.920022362087265,0.640395952464231,0.955309869783032,0.88097639505716
"1489",0.94715249646947,0.949770849563943,0.974872562477557,0.888726449811363,1.01637708507427
"1490",0.986318222965249,0.98282808680004,0.578461373472098,0.723466357844817,1.08778826766533
"1491",0.983716969770198,1.00330972616378,0.604264524093656,0.970771066915582,0.873826196597364
"1492",0.949256445798931,0.792448188754854,0.609279389101834,0.806670377925341,0.99731084495073
"1493",0.984664776347987,0.888529011958226,0.866215149860109,0.917267936773456,0.69237803375623
"1494",0.893185991546451,0.945978928112408,0.733458737001037,0.8769414598038,NA
"1495",0.973139692807037,0.967220757150167,0.582242603063779,0.811940300381744,0.900136064721279
"1496",0.97555768078156,0.979552286575642,0.733174079477681,0.926956093062546,1.0356808036523
"1497",0.961693120728716,0.904891255472951,0.946097694400621,0.907888504260858,1.19361452303998
"1498",0.957773728073987,0.992071580896899,0.619404399229549,1.01182903278287,0.961508170948872
"1499",0.960064547118996,0.990969963315215,0.897343872139441,0.776162265681347,0.973589247367594
"1500",0.958364962964281,0.994653541200851,0.68253872029675,0.716771513985983,1.0582947840974
"1501",0.882817344890642,0.931446344701615,0.750341706100113,0.590590200301767,1.00692451611179
"1502",0.969085911534921,0.863436462671925,0.632687861342821,0.706007628030357,NA
"1503",0.948598780302188,0.9002974106544,0.80560844272703,0.801609347597042,1.19335830938014
"1504",0.934855338012478,0.980894573872491,0.843579444186114,0.679973656327699,0.976338148699539
"1505",0.989610862973775,0.939532894259838,0.845196478607259,NA,NA
"1506",0.980052349779356,0.786815484095222,0.789774773902703,0.865582906728289,0.911410273850085
"1507",0.868824922109369,0.996664468603529,0.888295936034987,0.803842153038457,1.04190647126184
"1508",0.870199712361642,0.863545917610066,0.697827664908446,0.904997360965725,0.966774399673167
"1509",0.945061663056179,0.924283192543418,0.774203014240568,0.802203543843217,0.76029850958806
"1510",0.851628678248339,0.9659874473847,0.826709346687195,0.810460343873455,1.05942471189457
"1511",0.854403041805693,0.883482902499648,0.725049918417458,0.674411192986028,NA
"1512",0.89233098531086,0.964296794202752,0.737352523722439,0.968082102051453,1.04497674254089
"1513",0.962934101599249,0.977719739177159,0.61077862200043,1.02647607040547,0.863515957035462
"1514",0.917632058000656,0.813034677491424,0.765156502588791,0.726859405841592,NA
"1515",0.953154267474411,0.920762458122976,0.695142997249045,0.910080493564926,0.888862115006524
"1516",0.855152953978376,0.991097149855652,0.877766875356872,0.855043895333063,0.958744126903972
"1517",0.949371840822709,0.985589931999526,0.872530741156717,0.821841161502024,NA
"1518",0.971458397840438,0.966640021508667,0.587492625241794,0.825807923517414,1.10931195673503
"1519",0.969788986358824,0.988785460767508,0.569708396140295,0.887766178303753,0.899722837358686
"1520",0.732581899391269,1.00191593892092,0.852861479475019,0.794145777657902,0.923240272171555
"1521",0.975552959608791,0.940954389436879,0.748032242151258,0.856230997577767,NA
"1522",0.974076481037991,0.878565045117479,0.900808953578959,1.00966957656693,0.916258461250518
"1523",0.886774739439987,0.984437777987908,0.89734150420602,0.796899407886639,1.06624338296235
"1524",0.96566473538905,0.965871724183604,0.83877922093184,0.864250270857196,1.12107191483502
"1525",0.954789138188259,0.930578984068526,1.01132781956746,0.858054679501219,1.01047139838751
"1526",0.966526514875486,0.993537350555812,0.6932211798673,0.811243609506544,0.974801566437195
"1527",0.858988139688808,0.991199661561253,0.652505149104705,0.828779649637947,1.00422019388195
"1528",0.920070763009491,0.804752088428307,0.770887109042806,0.850342698785136,0.7689999176703
"1529",0.884688430040814,1.00109712508014,0.566738617191735,1.10230080042462,1.17951435276648
"1530",0.988053594050346,0.912597897499465,0.667834372808597,0.914248736904078,0.953778049396999
"1531",0.971894175072934,0.919418322847937,1.00842514846896,0.908074611085027,0.961092508515246
"1532",0.961271721354011,0.911690901267458,0.785448954177148,0.930174610955509,0.943077717855771
"1533",0.968396644896901,0.97404669491135,0.642518814260625,0.769151225981074,0.867327440237123
"1534",0.975817867310458,0.815791815176162,0.788327613694861,0.868783881519434,NA
"1535",0.974197736667959,0.988184831382924,0.799366256953908,1.03528501169598,1.03686566517929
"1536",0.920012152710337,0.998152874296315,0.837517242794794,0.676199378474032,NA
"1537",0.991288806821151,0.975330475005212,0.941588267781189,0.609599366308117,1.04005847360101
"1538",0.86701437545991,0.809538120418197,0.936602920131447,0.869470837814829,0.956819944780901
"1539",0.979338152888758,0.941836314777011,0.746621994271292,0.8134670120164,0.905705121303572
"1540",0.901391555641715,0.878915593212173,0.560937728843915,0.845775330491757,0.916116457079124
"1541",0.833857116883281,1.00714458718792,0.706619569598993,0.671145425579579,NA
"1542",0.961062191922824,0.982503752417446,0.592146137945341,0.900257626321843,1.17060272759198
"1543",0.972326908371478,0.967009375731087,0.857775011470204,0.81892516367172,1.10228413193373
"1544",0.790543813013131,0.717894060036519,0.617970857226814,0.809058052720622,0.891342600946599
"1545",0.767317539700659,0.988302194727537,0.898203289011243,0.69934368945047,0.996467901262249
"1546",0.872394185427761,0.813891931774105,0.790713625378769,0.696677522889014,0.841842452713041
"1547",0.964632494004907,0.992650414329858,0.762977189494127,0.955007897365246,NA
"1548",0.994679971726181,0.964520350765457,0.563744678100084,0.843466441984382,0.896200749922158
"1549",0.980264918595225,0.967215633562402,0.655767256736522,0.752949736736351,1.04947302247806
"1550",0.986169092920352,0.895471760944018,0.87997120248411,0.917647179294418,1.09024185446046
"1551",0.960692614580716,0.913688185382724,0.737578495541811,0.7419080002834,0.910372656944321
"1552",0.934427643575196,0.989235546008433,0.597312203772099,0.752645403231332,0.850085282384208
"1553",0.98636261510422,0.994298913557623,0.807307656359979,0.943380499486059,1.08851831531833
"1554",0.653781986188197,0.833967492055876,0.557346130571179,0.720730448167706,0.978999990280497
"1555",0.948407884095861,0.985607791366189,0.796623167109506,0.744615901962784,0.974237387731914
"1556",0.966567546398619,0.977380653217807,0.718053823410413,0.884294145836896,0.956850876362042
"1557",0.977490631346469,0.956907409913075,0.721319657231241,0.688545796668697,NA
"1558",0.962902137732205,0.857237872337646,0.877093443879478,0.808718674353348,0.966170632432742
"1559",0.899157763659814,0.969677836361508,0.954670526142508,0.975721549182659,0.926764076073478
"1560",0.886142092841117,0.984746513784526,0.668498050218141,0.833242784750051,0.923163252513452
"1561",0.852460917295353,0.963818149676501,0.790527269370344,0.774038530591195,1.09341726628382
"1562",0.973787248539534,0.771745032957409,0.686153100496819,0.922390801824101,0.835233768634739
"1563",0.945079875303274,0.999240931281742,0.725861583608039,0.693412262546015,NA
"1564",0.958051731842339,0.963517708556298,0.800336558937198,0.728765817107993,0.962092471238953
"1565",0.869002158113701,0.995762373165249,0.911410866429655,0.793928054195447,1.01682007946576
"1566",0.988019064352657,0.975423936910388,0.611043154091637,0.694028514149323,0.853971866168032
"1567",0.986392536297703,0.883613934361709,0.832094809799015,0.935075126448782,NA
"1568",0.941830832271898,0.995283770081868,0.723692808166766,0.853681153369614,0.892782847302449
"1569",0.966723175917322,0.971297776899542,0.562584351558594,0.906230044685471,0.896999139891092
"1570",0.772899607160007,0.807419987905547,0.882292934115572,0.937081997721844,1.06648522935067
"1571",0.945148908015777,0.900099487035514,0.782236022904736,0.632177340489445,0.965619637144603
"1572",0.909679812271046,0.984829533283197,0.820249085278012,0.903425728973823,0.936070933158101
"1573",0.926090212178675,1.00066667630577,0.741990212334829,0.964532942663307,0.89368673557894
"1574",0.974896115741788,0.966207342574024,0.884583412552628,0.883420875693189,0.829475567797757
"1575",0.95918890080699,0.914426169264829,0.738808029947591,0.888520680845199,0.988548544932761
"1576",0.960541418709264,0.897906823749478,0.734927670363571,0.901330485219438,1.0991795887285
"1577",0.986769427631915,0.959855658910295,0.731173270579435,0.955994661619661,0.980198481625569
"1578",0.951896738745339,0.950743161481718,1.00739873391244,0.978854059002508,1.00692936346411
"1579",0.935964024862033,0.737615094601185,0.709112071665983,1.06380216511785,NA
"1580",0.94206296103412,0.917044451950579,0.63999007118773,0.767729551820287,1.02152693384787
"1581",0.970294157547323,0.974305895062761,0.949721472778465,0.766879001779974,1.01704355313456
"1582",0.96775769313758,0.886025390362836,0.785682218039957,0.85018878385994,0.991781254755828
"1583",0.854227416888387,0.979161182926086,0.686459026186916,0.779889666153432,1.0350819958065
"1584",0.858138014479932,0.980992256010574,0.918786139778344,0.782651314865369,0.974530898536183
"1585",0.966250071311437,0.973678061569505,0.649592381582615,0.892045346528627,0.876666780045158
"1586",0.905873549590127,0.971802296848841,0.903412326598816,0.848518940596712,1.00766903781851
"1587",0.96537617519626,0.990428150129116,0.66484268113299,0.814106007766815,0.97486452623645
"1588",0.969345101176084,0.965043432613009,0.877968175204279,0.844223754722995,0.986494909655367
"1589",0.840347236990363,0.963021571870066,0.881828118505221,0.925888281516625,1.08899669881631
"1590",0.969919203430348,0.947159235311525,0.727405224427764,0.706108561214503,0.95622397640024
"1591",0.965568798979932,0.731308963068026,0.926008376108474,0.715685066313032,1.07681175776297
"1592",0.970615635187976,0.973922582811415,0.756524274212022,0.861877104160388,1.00395513125272
"1593",0.927916816135442,0.959413773966697,0.689568087453062,0.783804717165376,0.902883966679266
"1594",0.928088217632422,1.00611872401751,0.671798492587072,0.949727165467668,0.956525067790677
"1595",0.983647578989647,0.987642973753356,0.907791183263989,0.747993243918011,1.07489565731659
"1596",0.920651805001455,1.00142465730271,1.03774016907447,0.832012608904613,NA
"1597",0.973780411458895,0.989904381998787,0.726697400332759,0.543009122129846,NA
"1598",0.972530647604241,0.85758369231563,0.708061886595662,0.85182341976108,1.01455234107795
"1599",0.987655347311274,0.732721725752644,0.735606621452367,0.918758942767155,0.946479280046097
"1600",0.964775496621165,0.991626880366292,0.525646127124125,0.745362041435235,1.0067991994272
"1601",0.950077633996812,0.998308381699246,0.884868714738676,0.926363935356571,0.957198081661835
"1602",0.992077806084276,0.938855901977681,0.792657542846976,0.593693194497728,1.08545721434678
"1603",0.975218326026902,0.975035778212872,0.830297149410128,0.940507596302704,0.916760555218625
"1604",0.967772211621946,0.998612859789018,0.600895832063523,0.739046295247251,1.05756282364869
"1605",0.955245649144524,0.893369072478895,0.849658633699316,0.829680581917342,1.03650321748403
"1606",0.96038426284442,0.888942061478711,0.78040124362425,0.886331437104265,1.13164022034432
"1607",0.869218777150852,0.986853800788507,0.823178193376783,0.869952049041103,0.88504532763749
"1608",0.833369852093924,0.96264586510537,0.781106667414524,0.969434046484247,1.00278348017946
"1609",0.943435685860266,0.922280153527963,0.81027463254495,0.994693469859807,1.00953986583161
"1610",0.872490497292474,0.972793129143843,0.883108405953352,0.902335928309154,0.954141782304618
"1611",0.965942447235742,0.989925893778689,0.673384607068573,0.625240130909825,1.01190155080001
"1612",0.947790075783529,0.995317407837703,0.799269852445153,0.74446879320849,0.824866413395187
"1613",0.888993521251287,0.890872684568849,0.708887551104027,0.712835778519867,0.974571024328799
"1614",0.983153263329212,0.933608040334525,0.830911060669592,0.683226869133514,0.887171240481561
"1615",0.968709480217884,0.997413540732853,0.771323517940322,0.985784703780062,0.985725875629788
"1616",0.814075746823141,0.871598806682596,0.721062910503666,1.02734624466758,1.07510592536012
"1617",0.950593862222592,0.894232193194581,0.803157536034335,0.738553464670702,0.855315132014007
"1618",0.962792109142612,0.939885999125993,0.832840561311446,0.787023280430452,0.838403544752902
"1619",0.969142583762803,0.958442280240407,0.61653886598959,0.688486740893274,NA
"1620",0.975130715289445,0.983671645352824,0.800242293074428,0.739866919346809,NA
"1621",0.946023748301164,0.80950714127537,0.846819670167671,0.854003332196484,0.968087497914384
"1622",0.979057306062287,0.990079470350437,0.869437311523498,0.769604959895147,1.09902553039688
"1623",0.829040609886225,0.886556953831618,0.802996090395697,0.906183469342071,NA
"1624",0.945639957205927,0.996065624582768,0.772111554401924,0.948834251437734,1.02452519925128
"1625",0.946380953326709,0.983444833197573,0.849443309707791,1.09322649669803,1.12514307416155
"1626",0.980532817160009,0.86500396631932,0.642341131528969,0.784156460505811,0.896433446762869
"1627",0.98226815781964,0.985838064498513,0.711789529688163,0.887184804372343,1.07744936966251
"1628",0.872516926028695,0.893583160526181,0.680248164120017,0.852391819336966,0.866034817735851
"1629",0.873982681435095,0.975439208412504,0.627400431397913,0.692387351023095,1.0355592740894
"1630",0.938932435131633,0.936573044502686,0.83673045856479,0.79680248297421,0.961261998766715
"1631",0.913297212463048,0.932729677296708,0.715509555965539,0.803681172664687,0.980351689174934
"1632",0.838013342242058,0.91357353299425,0.770004597885506,0.785787360327798,0.931785635762432
"1633",0.968585279535824,0.981366784451311,0.828626352142352,0.803594809257733,0.926716197380171
"1634",0.858561236204397,0.809546164595957,0.805479257674346,0.75043326705228,1.03404037116879
"1635",0.948626155735864,0.99532257623576,0.889184317124956,1.02231362220031,0.784934414006471
"1636",0.966060856311985,0.909001979877455,0.686759109462972,0.809198802383878,NA
"1637",0.94896865312879,0.970661161685883,0.755127465085902,0.948150837710569,0.811380013851616
"1638",0.988335494450309,0.990935663396046,0.75721018891677,NA,NA
"1639",0.894120227301444,0.969451030098786,0.736688662523263,0.722208090693647,1.07636870594075
"1640",0.976890970044861,0.97583944754736,0.891074984923374,0.785459645963311,0.930712279931651
"1641",0.962658551812636,0.970127380589925,0.655663528011651,0.99936284155525,1.16489016468187
"1642",0.995102719699806,0.989517410630425,0.905454479899711,NA,NA
"1643",0.986723457341419,0.990271859217653,0.733500835679417,0.753074293656682,NA
"1644",0.977386874003147,0.868732753372467,0.545767818999408,0.74786632743762,1.00929471055469
"1645",0.956914088996345,0.871609433115853,0.517593421686854,0.745358999230475,0.940470314885591
"1646",0.85248227800886,0.887456417683769,0.772758277554283,0.859504809527077,1.12746936202511
"1647",0.97096962701331,0.987486038093522,0.590546036723499,1.02988588384435,1.17027537318552
"1648",0.973885518970742,0.887228836791548,0.819071846316253,0.750699421982668,NA
"1649",0.873370254379159,0.993691171326434,0.731096308688197,0.905634633342212,1.04504440603916
"1650",0.871125739255418,0.925683768334093,0.605758741788425,0.662788083567143,1.07258318454339
"1651",0.962026389483027,0.987933652835362,0.635766863576168,0.939472599430087,0.990727721838862
"1652",0.941040426985949,0.992277756727499,0.767756778008227,0.857821236794459,0.851149811891067
"1653",0.89536211368005,0.983988112027453,0.734870112636165,0.692212939246116,1.15561800055518
"1654",0.967783058751991,0.916287849155481,0.704147417819467,0.637029471856215,0.938270980705192
"1655",0.925430218257109,0.888453670315201,0.822861305105057,0.766010450005889,0.825646774971327
"1656",0.96886479902985,0.984314506855841,0.965077331989199,0.679886552262181,0.938340571979322
"1657",0.96566223212853,0.979421911776458,0.644295726390298,0.761529854151602,NA
"1658",0.988598169992341,0.961367933327867,0.697136634610173,0.749075959135712,1.01601445499941
"1659",0.973059121203562,0.875600522458,0.530281790163528,0.821129427955217,1.06201455008147
"1660",0.970333442483613,0.964403105186482,0.791719829704403,0.815828483283314,0.96551207542897
"1661",0.821081267308363,0.995312871560661,0.835830000911562,0.945188664459836,1.09014848012484
"1662",0.984492471945435,0.982226550578175,0.9051448666496,0.941117818637372,0.926058853231342
"1663",0.980089153431818,0.986595644679731,0.637209733616645,0.827079346712389,1.05957914241818
"1664",0.950620263798787,0.878979194347506,0.887100490403849,0.938017840417642,1.07327414936512
"1665",0.986972250513071,0.989049384069725,0.637637473128781,0.932604701964822,1.03010257818436
"1666",0.942181123457566,0.957362803708031,0.584325923176609,0.799456833754973,0.977406572611016
"1667",0.97938961027032,0.996113615079991,0.873729033220337,0.849189840466404,1.06937246921277
"1668",0.970542916788113,0.765756168272792,0.6489440528106,0.955877353001321,0.970244504353724
"1669",0.837799033339465,0.974509952235727,0.574033222126406,0.733572032659811,0.910496363393818
"1670",0.619777693144151,0.957310866654961,0.739060257585486,0.79413796544643,0.915748453338577
"1671",0.879861435319216,0.803680706152829,0.774791585073163,0.99634151666503,1.04640912694256
"1672",0.969361749679535,0.93958447330264,0.780889551204488,0.874080229211585,0.991408102230035
"1673",0.934513846347998,0.975414985314394,0.784953915923453,0.719615529986671,0.850521392922154
"1674",NA,NA,NA,NA,NA
"1675",0.97370260257982,0.95720425706127,0.93814399748481,0.777795441140182,0.968706655942314
"1676",0.964343774201237,0.957463895150265,0.798619763234107,0.840879391399321,0.954117779891389
"1677",0.966047474824779,0.987593414711731,0.647356856631869,0.789895207440403,0.850240894850564
"1678",0.891555606129084,0.988598506423423,0.655065252716359,0.722559133492431,1.02476839462764
"1679",0.988874894311813,0.911122617464059,0.781241455182921,0.788533751043708,0.892377357164257
"1680",0.930198396856251,0.860856778456668,0.764630070281365,0.933161204415071,1.08323765111087
"1681",0.965220107188123,0.978710096684604,0.726301139087175,0.89143160468929,0.941822028796506
"1682",0.97110070214417,0.847043569370906,0.754664123584207,0.811409085154194,NA
"1683",0.965217174048512,0.972094577061983,0.873336004801129,0.883116764847898,1.07189831446952
"1684",0.936660337369887,0.966884460479087,0.750053844012166,0.883713851614463,NA
"1685",0.962223032703395,0.907842792378979,0.746337548984803,0.957136522936423,0.97464293066706
"1686",0.970437328500408,0.99925118639812,0.633389902443874,0.952603036344141,0.871530719699637
"1687",0.968622584086582,0.707646820306796,0.76718213195471,0.843377297497051,0.884767804448575
"1688",0.882186734737018,0.85168551535542,0.791334952925774,0.816650509816884,NA
"1689",0.948434143377264,0.885845692267938,0.869652296526736,0.95831401287413,0.942585237766463
"1690",0.900497274025096,0.917615273763621,0.754847658319099,0.806856750243731,0.843965942498775
"1691",0.951288042671206,0.986986436418655,0.620475088888231,0.8791732818,0.805924217093624
"1692",0.950545283858859,0.983272149328887,0.596228474931986,0.738800138605154,1.10722109573504
"1693",0.961430921000178,0.979998764267734,0.608114517183032,0.779494572952419,0.936927043862103
"1694",0.950839235487319,0.984687370564989,0.735550495932486,0.726895869486753,1.19640237019537
"1695",0.963947194971534,0.987595943780485,0.818861563894032,1.09725592110434,0.995722403452688
"1696",0.923098873489093,0.896620364351423,1.04526145668118,0.785906571562536,0.830790614174426
"1697",0.964318879059234,0.977962544377155,0.709392513769638,0.832087842492467,1.02651578045389
"1698",0.881770932622293,0.969406054149533,0.724708516014401,0.848856214763999,0.96445291873836
"1699",0.981329007806765,1.00227889292345,0.730458902685853,0.915631246921301,NA
"1700",0.898140044039212,0.978165819393037,0.617323228652647,0.714512621709193,0.833993141889344
"1701",0.969936234053424,0.933213466686468,0.817746365821814,0.803371130759739,NA
"1702",0.971772771369278,0.991349468844579,0.72057838929539,0.790166530206803,1.08009651936435
"1703",0.979040630118117,0.981420046490861,0.707819928314388,0.762859285904402,0.909992789160058
"1704",0.890534553067626,0.963194861613418,0.837585636961054,0.785483535387776,0.914754391083045
"1705",0.969044798132661,0.949971689295095,0.658191435670281,0.82938848655992,1.03043743044994
"1706",0.870787203639637,0.837713490862962,0.943563945808909,0.821051262384035,1.09828537823485
"1707",0.973183597029555,0.885802287959186,0.766811874430038,0.84887703181114,1.16798196920286
"1708",0.977612674794422,0.962282064605053,0.817428078676918,0.819292985010525,0.791029926272028
"1709",0.995918630477128,0.998171832052487,0.746224447169188,NA,NA
"1710",0.971898564529057,0.988907135343224,0.697519936804884,0.930659179328594,1.00104704856676
"1711",0.981357814991884,0.900691110745617,0.744162866684419,0.914570884431978,0.999896627109203
"1712",0.967653514589117,0.761222099117625,0.723093487133813,0.859849782547408,0.912107747993382
"1713",0.822953259902613,0.871127898371332,0.746640404285871,0.942987412699196,1.04673066791767
"1714",0.840772839296341,0.875116493162907,0.856938155351316,0.786551062278796,0.878795958442474
"1715",0.951617457333397,0.882397272673783,0.727026203514924,0.826049710350274,1.09584681582772
"1716",0.980093274504897,0.891360943096513,0.894459465290062,0.688523953591451,0.966807767690141
"1717",0.943156342309706,0.971755395974741,1.04760827839686,0.801530342658264,0.87533898177888
"1718",0.988382290691865,0.989879912907801,0.65174470235751,0.747178317643308,NA
"1719",0.976753613437548,0.896255440917135,0.751988986891907,0.931421700167003,NA
"1720",0.955004418111246,0.771686644912076,0.698925619725318,0.71148550864916,0.835481440377033
"1721",0.978211726570444,0.957768652910505,0.554876132174332,0.802839549240725,1.07500468713593
"1722",0.913181405315639,0.910513546384141,0.793823377291518,0.916301752241976,0.967406649275118
"1723",0.976094898081352,0.97639985356393,0.869026018380799,1.05072437083559,1.04307115708897
"1724",0.970206401063319,0.798968871627101,0.607871258824037,0.842764236840026,0.991715729870261
"1725",0.962688385100053,0.909230132010784,0.747859444021418,0.849911034183641,0.9998021513194
"1726",0.96971721413221,0.987402031658259,0.701687626697483,0.750239710351582,0.880362011578684
"1727",0.868680741056902,0.872602692181722,0.833192414075498,0.779710352983532,1.03097499368091
"1728",0.988740622216002,0.762829290145817,0.515852947997465,0.786695922134935,0.980090590583738
"1729",0.849884617700355,0.847521926605011,0.720198964352477,0.755952003652665,0.8311681803266
"1730",0.953195132372921,1.00238072418796,0.806679542921154,0.732357155110305,0.935886173196249
"1731",0.970135072469718,0.990174236933271,0.742439374792367,0.821304482692346,1.15065405030001
"1732",0.897212197527923,0.962912971143164,0.925578069808179,0.963390022401664,1.13166713151361
"1733",0.879175535141846,0.985880404023051,0.805248771103162,0.995813496560598,0.947917351526559
"1734",0.973115182759749,0.913285177046822,0.687933589140654,0.849695189919243,0.76673967376128
"1735",0.948234067263632,0.965955756973853,0.873271321452883,0.910036934195695,1.08104938922549
"1736",0.964129616643981,0.796955246632209,0.774271851113233,0.709329831575235,1.02772662848317
"1737",0.952777815208624,0.992098639191704,0.603024162004766,0.805175177082383,1.00906301856675
"1738",0.842901741650801,0.921121233736373,0.869694617499733,0.855331534429734,1.11538924984727
"1739",0.974273790672171,0.974765940422206,0.873232664791249,0.829501622703585,0.976214353142388
"1740",0.962021016143612,1.00387864908326,0.874273615224065,0.826510447933643,0.924205135419882
"1741",0.978190868086243,0.896813800562063,0.633438862431143,0.960732298886509,1.06035368285955
"1742",0.981028932573848,0.901317484918779,0.757546748203869,0.887640301316654,0.927550365474766
"1743",0.985667664656784,0.972571227588384,0.789562516357273,1.07909045363452,0.976199323720416
"1744",0.945435271301795,0.996218958067039,0.711938895023355,0.589568810270629,1.16152164891106
"1745",0.969466464308368,0.9905934430365,1.02066350172597,1.0197865485122,1.07097635021967
"1746",0.946159455506816,0.985606192384774,0.737047996948398,0.863909355014766,0.848007144678249
"1747",0.959732189229715,0.890000386472639,0.703240570167312,0.844745283682911,0.983493798945756
"1748",0.927431155161932,0.903909688920323,0.799447609477096,0.845070586309292,1.19293353073252
"1749",0.891629640876118,0.8978483391419,0.757974781074629,0.813263577019803,1.01392808239939
"1750",0.81599008066147,0.955003908666378,0.649472580378472,0.961809829312624,0.821372733519022
"1751",0.978455489152109,0.956059415453352,0.912072199718839,0.816065454587786,1.0598802370763
"1752",0.986375823771829,0.900538304296539,0.758642251659779,0.895371188494477,0.995162557021942
"1753",0.877063265108316,0.961408659116,0.74211961431417,0.831801959736411,1.18430160630214
"1754",0.985126410384021,0.980378296251897,0.756772871100985,0.712289230463465,0.876596599973509
"1755",0.951361537970589,0.908430419973669,0.779458139628531,0.774621622436683,0.82235948260808
"1756",0.974262698617249,0.961921065158584,0.863439720951436,0.940667490507926,1.02702820587202
"1757",0.801937829011453,0.994571408486451,0.869054920824713,0.692086873295594,1.00851487081395
"1758",0.983099679621162,0.9797999549355,0.858108076309532,0.800165795004459,1.01716144827684
"1759",0.975091997415121,0.840341833265992,0.821873227484833,0.782226857450449,NA
"1760",0.866032398796607,0.976890676947393,0.90453227558659,1.01557670704012,0.952353911284117
"1761",0.971344297803189,0.980233467140375,0.777576758805895,0.86886402918384,1.08055257756694
"1762",0.968914959783611,0.942508561533605,1.03350876812231,0.844497472288995,1.00362320951682
"1763",0.975430118181296,0.961860182397785,0.768394278787902,0.832993808890989,0.928113981726404
"1764",0.982593819158107,0.921632089775512,0.738324181303596,NA,NA
"1765",0.990380300688155,0.825640523407822,0.714816047104083,0.813634383966847,0.982938450123335
"1766",0.976125497965188,0.898854698722915,0.807245304843381,0.795825540127966,0.93389880444003
"1767",0.955331099087495,0.864950460221046,0.619904181765696,0.857757620530762,1.09498688830302
"1768",0.959974707657908,1.00019493505585,0.679397844333725,0.768054770848396,0.91631876505596
"1769",0.977300096415908,0.979375879613697,0.729563426694416,0.902558822501372,0.991772041713899
"1770",0.965938879074062,0.980142661066438,0.877753110219893,0.902096476521148,1.08673518108149
"1771",0.95494897954769,0.9288348208419,0.883961403897962,0.792006785248632,1.06740643041187
"1772",0.978346807291527,0.961754462406516,0.744667905254675,1.0206617504469,0.999651626746661
"1773",0.974731084041737,0.962613214955529,0.726256829391465,0.934282940631703,0.916376451509208
"1774",0.965243566643664,0.973280735624707,0.817534562490715,0.932155541521608,0.983592518202832
"1775",0.954787717845974,1.00169854304876,0.89075603638157,0.697499987197309,1.06427783926452
"1776",0.949679852860651,0.976935639544925,0.774383286465006,0.812347459098652,0.87821447418064
"1777",0.870757027101684,0.927529313749356,0.725358540815889,0.895897356106071,1.20153408795048
"1778",0.852688992918865,0.955641821540172,0.932094818414401,0.828080471054512,0.926789794371613
"1779",0.835242685665271,0.983737722071863,0.82042464155879,0.820093421534007,0.8973903586225
"1780",0.852145194748357,0.790966700717013,0.848269111050791,0.852800808518083,NA
"1781",0.969320803717044,0.98189823873638,0.760278210366143,0.904932614624055,NA
"1782",0.900843381445217,0.969468045901228,0.694907478283651,0.873896549083971,1.05518601894467
"1783",0.980266078677455,0.88808237935403,0.838859404544151,1.01249353172454,1.15627980067824
"1784",0.98584013144946,0.932207591898036,0.68077866200316,0.87600782013222,0.867241279597245
"1785",0.955855834325983,0.941023842786745,0.790416506396538,0.775839339458586,NA
"1786",0.980428735946417,0.891873695330786,0.567719747558355,0.881054973417209,1.06838074282124
"1787",0.976482020791101,0.993897832729146,0.808808768340933,1.01405029303497,1.12159265755774
"1788",0.855625323491315,0.886020902945861,0.872958211052253,0.781749756252437,0.956358089310754
"1789",0.730444183870779,0.990204025445534,0.658588385537023,0.962339570580192,0.958019839613753
"1790",0.955337955476117,0.971445391963376,0.795871889052575,0.739161362475054,NA
"1791",0.946162886730409,0.978421940101686,0.698766434000604,0.977624046525358,0.960984609451104
"1792",0.978348409477872,0.871750930751441,1.0319076183492,0.754704806365514,1.08053304338498
"1793",0.96936078680528,0.986141692163734,0.633769570407516,0.839625932731248,0.872262663699854
"1794",0.962566669459068,0.889828027305296,0.783270939281332,0.903561243302943,0.987390969365705
"1795",0.974062627777149,0.974700951409708,0.736672441377588,0.851503118296665,0.959726407587021
"1796",0.970615143930104,0.964383030993202,0.698820346509229,0.831216401589235,0.983037292470578
"1797",0.961402607286862,0.981740298956344,0.866784174186175,0.81090781064334,0.996498889172307
"1798",0.972551975517357,0.909269129680626,0.963484299020118,0.78272529481244,0.973339056758495
"1799",0.875374881933712,0.981060181489917,0.861946310490951,NA,NA
"1800",0.938208476005195,0.987437022005287,0.86461144827903,0.774039163725855,0.964260586242814
"1801",0.944319884089592,0.915469131169909,0.806845843100353,0.966254028336725,NA
"1802",0.927278306421431,0.882890182318635,0.63381342234125,0.925552430435259,0.952825367020466
"1803",0.85975298338982,0.955350310230485,0.799398030446894,0.931510145323055,0.963844142604308
"1804",0.962017044206982,0.967548913746796,0.783730367308846,0.863967161821993,0.881982521551688
"1805",0.985439801635016,0.994435980708104,0.782002265109398,0.898792626707295,0.773376489917327
"1806",0.972726047032262,0.981715754687632,0.798091643158886,0.929202093435374,1.02263897973
"1807",0.98161038080618,0.774412844189133,0.806726390459043,0.840783494399479,0.976035088218396
"1808",0.96851197386263,0.990368818792493,0.822333019772681,0.743637724838223,1.12277361444738
"1809",0.918386384540662,0.989376034222003,0.729127515402572,1.09314562082779,NA
"1810",0.961351065743647,1.00697487841763,0.864815743568618,0.866885315258304,NA
"1811",0.950919409818803,0.99573111492556,0.709246008138179,0.863042666337992,0.892503767296772
"1812",0.970068968113519,0.910818073539903,0.583066449170479,0.796491684829474,1.00145410618875
"1813",0.981431351632268,0.956068753691581,0.779181851907072,NA,NA
"1814",0.88824870126481,0.990044912315993,0.893079855395811,0.705964358520124,0.784303708897892
"1815",0.956730608914163,0.863752780831119,0.804968664926281,0.977828987308251,0.967522775888747
"1816",0.983963023670547,0.881287773947734,0.776334727012194,0.565757370501966,NA
"1817",0.933988964416217,0.77294644098539,0.7134277251332,0.887520002060151,1.0119978450925
"1818",0.81803292085244,0.862859239539468,0.647853058146724,0.901689377152095,0.91436934293069
"1819",0.975924762438732,0.990063627141069,0.657860451313123,0.782821680597958,1.06745831583227
"1820",0.949537459133739,0.966112803629913,0.711950148093551,0.747079906795749,0.877649673778577
"1821",0.945046390818382,0.986700949993417,0.831327454149986,0.689876182191492,1.0016682375209
"1822",0.958346005806648,0.892600825685069,0.817114723316952,0.901697168176877,0.868560825930222
"1823",0.977841005815619,0.815620965453006,0.732478638776256,0.965409352736647,1.06854679775816
"1824",0.972570246285269,0.966996097663166,0.672802735433595,0.899475157210765,0.974417424848395
"1825",0.944516069629135,0.990353054302457,0.645469556877795,0.840982924668133,1.00235248244251
"1826",0.911456261688562,1.00283442636919,0.880590334331807,0.794618160380085,0.953109467136547
"1827",0.905430871958001,0.997664604212541,0.812401938855696,0.950516036013256,1.17369598654362
"1828",0.976823436770459,0.961377163929645,0.527869027595357,0.989111749448531,1.07571774328166
"1829",0.97093064155699,0.907100736061073,0.871585432224117,0.764711343755862,0.940507360383911
"1830",0.97679943740439,0.984710703384581,0.724158495388117,0.607603068903303,0.986203148683738
"1831",0.987291055847441,0.995376790937101,0.876832451358695,0.803676085815026,0.841790729234879
"1832",0.831084233062743,0.999109255958911,0.764556800704496,0.922758131636067,1.02126461565433
"1833",0.957499745770914,0.956958387371252,0.848941190844524,0.944987562000593,0.934771965733738
"1834",0.911848722079867,0.994036848018506,0.603824215113287,0.902193928858434,0.873812175153773
"1835",0.977401933753604,0.976520260221064,0.793665697581545,0.764153492858482,0.985365297876721
"1836",0.957868309489627,0.919463831381706,0.66999627238937,0.79872363839639,1.01486705677569
"1837",0.981882490492448,0.993424404014533,0.704429998866503,0.750857013245571,0.842088919910148
"1838",0.981384247198162,0.985643838673967,0.622853968648839,0.90643607249508,0.744900113377645
"1839",0.895677036024736,0.979679447152793,0.847083797258064,1.07252458346164,0.921369716358629
"1840",0.912672823034654,0.973971277044734,0.777300069487201,0.780519340002001,0.958729941279204
"1841",0.94989653432055,0.971806380607463,0.747877832945567,0.902708839579174,1.05090677397328
"1842",0.983880544077396,0.972535781489312,0.630554314403667,1.01379357766823,0.843560294343343
"1843",0.95531573965807,0.790340691960443,0.875479447771683,0.732544158633172,0.908617159657642
"1844",0.970377423771121,1.00802188381663,0.700483662343055,1.04974187587687,NA
"1845",0.776782314817011,0.992229484046753,0.806311243970651,0.791983216583495,0.999055242819513
"1846",0.880749750772434,0.791982691841578,0.676958478772553,0.809610263596544,0.78314691367586
"1847",0.986915327546821,0.999190564042049,0.792594261580286,0.8115399024364,0.91347468736351
"1848",0.944235288063116,0.871241852231288,0.84115048409659,0.858023879056627,0.864082396023459
"1849",0.912799914228574,0.961033157964488,0.684755169445371,0.829315806884544,0.986705933388286
"1850",0.967483013100896,0.991407349468575,0.810480817140942,0.960726422426519,1.08550823905363
"1851",0.964055449053303,0.983860125657298,0.757286345196192,1.04859194920235,1.00431084793985
"1852",0.910006517291122,0.93996857621687,0.68722263662484,0.847275046332735,0.935247311060727
"1853",0.977887126920654,0.966268187903827,0.641701722246241,0.643276791373176,1.1326552429554
"1854",0.947615318484455,0.989233532213853,0.767217574375968,0.786128002004711,NA
"1855",0.971127288741534,0.860950886275571,0.717647145762243,0.666653039594402,0.814951941894826
"1856",0.923469642592786,0.978170930220753,0.916958290341314,0.846500325922938,0.864342148984464
"1857",0.939668193395463,0.954335742584054,0.738141629042247,0.936406719050274,1.066110429138
"1858",0.972751867696883,0.856042249596903,0.657020613812492,0.939236985419566,1.0918582414692
"1859",0.948619382824989,0.984244541212314,0.825061045787327,0.817651155513663,1.07207758193347
"1860",0.870837737043129,0.896340030107574,0.645672850038583,0.845984265946516,1.05729716311613
"1861",0.949244689541745,0.980168534277011,0.747410911183885,0.933319904835605,0.957174784737147
"1862",0.975362464558636,0.992951477839608,0.710585325762643,0.862982682268947,1.04727695448639
"1863",0.861112982509966,0.929603463191242,0.695893916326918,0.843539044741323,0.999697746893993
"1864",0.961105593505828,1.00237276563201,0.718454402480598,0.780680147978824,0.874471404343022
"1865",0.961830972070458,0.919461449806136,0.8305177154739,0.844312931609311,0.947274246799738
"1866",0.7148125948224,0.984881287019815,0.775240676361196,0.909580972673102,0.84057613478807
"1867",0.962245318623784,0.917112840986629,0.656014042499748,0.990311258930857,1.17573340867309
"1868",0.924249827993366,0.913299526452087,0.886237552110867,0.864565149888862,NA
"1869",0.987465335368589,0.975689900550187,0.925091055240031,0.666818809216144,0.936467599013342
"1870",0.816237607438397,0.898527517646572,0.716187053017539,0.767527579959485,0.911164371092343
"1871",0.954217005793786,1.00055925688203,0.666191610432289,0.659732814203457,0.965243396749048
"1872",0.75704186164311,0.911847699277218,0.732293650157008,0.812193034289311,0.83919562118152
"1873",0.967135187033555,0.862045682069424,0.79576612340941,0.780199017960928,1.04583758317426
"1874",0.959303319191746,0.991993465919411,0.845399027727424,0.703351594979424,1.13199654641885
"1875",0.917982144401697,0.984557019922043,0.76869622402437,0.983991759689699,1.00522541122099
"1876",0.926332268407951,0.895324781963222,0.814140939473262,0.815021045137219,0.880975600480238
"1877",0.896395229103542,0.992641305040468,0.743477527430024,0.910206058339459,0.896553757170202
"1878",0.962977608387068,0.926169772203072,0.814803078788109,0.803215521846381,0.858669016176912
"1879",0.950865491555688,0.968436102357489,0.73144795861445,0.795694634341311,0.952532347557785
"1880",0.892113345126687,0.918705193192184,0.853354087651895,1.01654352415268,1.04425969102341
"1881",0.916224929706083,1.00166364369808,1.03476453553937,0.989685851273178,1.03393177205797
"1882",0.858214844203186,0.989878239179653,0.733290677363336,0.951328007306559,1.07684173410885
"1883",0.862923495588861,0.973987843434369,0.703293032014936,0.755330382268677,0.86328485650845
"1884",0.964381129888811,0.998766106953126,0.870546482818405,0.797283284613175,0.979143204264659
"1885",0.972884964768715,0.917109230560743,0.816262185943605,0.773050020124793,0.947590688974315
"1886",0.984310736578154,0.811564135875735,0.807715377039585,0.728247024145451,1.12214359292678
"1887",0.906910950220625,0.781980217930927,0.819883628839969,0.944769821698174,0.942284533265905
"1888",0.963948478259776,0.987989346988692,0.687549688256251,0.895678185000731,1.03777279418394
"1889",0.948652170813526,0.856762972658272,0.782886708911303,1.09500268973661,0.999681252019164
"1890",0.97454951303064,0.998100839507984,0.861925608897781,0.869950986874219,1.01922701607182
"1891",0.985704316537463,0.867451142555757,0.914259023181497,0.839257659350164,0.879985418317737
"1892",0.982693090610138,0.984334842305266,0.778381742650803,0.668731520402232,0.965545231161288
"1893",0.979225690627079,0.875018747475866,0.729284829392077,0.96329973797378,0.893205057123153
"1894",0.974014630257226,0.988946698114735,0.718729987382879,0.902157622239507,1.07568106912143
"1895",0.964930309736743,0.947459002091853,0.668878267272654,0.821777649021049,0.836663417401265
"1896",0.952083466956089,0.745484678463703,0.606385001214667,0.884156781382098,1.01185943953836
"1897",0.846027335161098,0.987081855897295,0.795258075600502,0.823248098636312,0.916167979027638
"1898",0.844666651937799,1.00446227961122,0.847668313186129,0.856676778441557,0.808139532055416
"1899",0.987470473474392,0.985971298152864,0.753066752464649,1.00277375704568,0.707918168457632
"1900",0.977944182028859,0.820795683309403,0.647501320507458,0.950057679548814,1.12389802231709
"1901",0.976472380124814,0.941619001788236,0.631825764669524,0.951413753761896,NA
"1902",0.876758965754508,0.994046384304175,0.702108899352019,0.737361435060101,0.975036786659172
"1903",0.954622563972428,0.911029857337781,0.717473739765583,0.763157849732169,1.0348527033159
"1904",0.963473765580267,0.901960950533565,0.901003550771839,0.780109065085208,1.03068196852641
"1905",0.897227370098886,0.992118345321141,0.765258108994221,0.808564948682536,0.905297858624699
"1906",0.888806849454515,0.915440839284298,0.767916958427401,0.894736707878829,0.915984668790225
"1907",0.901556413169956,0.996025750679118,0.735995049820055,1.08707104276799,0.87374561554943
"1908",0.797058805345205,0.981580288107135,0.768348921068822,1.09563918890896,0.944153247785847
"1909",0.978250076472446,0.867516227050416,0.845127397442925,0.756931616629687,NA
"1910",0.98442593449807,0.968084221422822,0.626419530287407,0.855816177216031,1.07660163605995
"1911",0.964003887556193,0.978627894057858,0.692318401305554,0.623470219199669,0.997520921426831
"1912",0.878601729790146,0.810101224017884,0.807558420940351,0.884289879079377,0.997493856862261
"1913",0.967947909359561,0.984766457780207,0.718714809118018,0.821746112562913,NA
"1914",0.967392808344953,0.909574398073999,0.659367077593001,0.800943301798061,0.960225427779149
"1915",0.986156006523181,0.98342639135358,0.943361790199199,0.860617522107504,1.18903004566176
"1916",0.959547524501882,0.860267571223197,0.712553075180284,0.829013248038248,NA
"1917",0.987175511204623,0.926148410804549,0.778676986560975,0.865979053367687,1.04113732702544
"1918",0.980867785388743,0.970985147529719,0.649434466204852,0.723012427593543,0.966392918961018
"1919",0.90373550863267,0.79044209604926,0.707818151849262,1.01470672831881,1.16654273915656
"1920",0.900293632390091,0.840706280875036,0.567639165129883,0.750676520693828,1.06129848905935
"1921",0.96351893203512,0.961681079542394,0.809618316120241,1.03149538486458,1.02921101614912
"1922",0.959216896332779,0.967901606455332,0.726210584296901,0.908294462493085,1.02774832551126
"1923",0.994324495175066,0.979926819709374,0.762240228959042,NA,NA
"1924",0.988175251486673,0.986817882149535,0.724773114010144,0.693091328360581,0.982837847325343
"1925",0.991665244972698,0.97254392691073,0.810572044973866,0.85593393800383,0.809195992718075
"1926",0.984606886337257,0.980774979826026,0.781582748091035,0.873903772114634,1.08989424109508
"1927",0.976088895964057,0.989917011418926,0.695349313793945,0.83802160668195,0.835064052566115
"1928",0.893391594870617,0.87697908200694,0.689556494387131,0.775239841702316,1.10355450039596
"1929",0.88336770322602,0.979236756651562,0.828863745641543,0.887223057407867,1.19045102416142
"1930",0.952477856036689,1.00306904554743,0.635235482818276,0.909843443961286,1.09215443322267
"1931",0.792713141906393,0.904120710191597,0.712024392759362,0.963737992767899,0.955790482332953
"1932",0.893983553406124,0.97315975710363,0.868625282746093,0.809537186177647,0.989282880520202
"1933",0.953246722930236,0.929627968801552,0.841318985115066,0.852359550391686,1.18219216367058
"1934",0.89383720537056,0.99048342038165,0.903043542289085,0.853139680390063,0.934654997549194
"1935",0.905280046787019,0.987307046147692,0.635894978942143,1.09477183021954,1.00445262574664
"1936",0.971282612120582,0.986574248902737,0.853067273190249,0.683275185105335,1.05089308958708
"1937",0.943612494460684,0.933518302614809,0.54308417141299,0.871732690639165,1.0780655308462
"1938",0.982783634044674,0.924707588132978,0.745305542035525,0.935855273231308,NA
"1939",0.953224698826866,0.993398282485246,0.770483741453121,0.982770217969818,0.827075159247013
"1940",0.890157439896261,0.962320575485857,0.724341774458589,0.843346535055047,0.825182021700328
"1941",0.961583704481694,0.836531281726766,0.655943754113228,0.844883520363019,0.849367321621587
"1942",0.914138621516982,1.00149650861996,0.831125205363996,0.923464675922493,NA
"1943",0.915186330299755,0.909695322549009,0.72444431918987,0.819032141128214,0.996029599321676
"1944",0.951273329227491,0.98171850001758,0.976853824347369,0.899333293804756,0.997766103044256
"1945",0.828316563143996,0.998068550093753,0.727556453086127,0.955897789045345,1.01618586274603
"1946",0.949999992566257,0.833420894661295,0.860793516523199,0.878865188320414,NA
"1947",0.964293629697387,0.918217847421505,0.88751167715888,0.89893917045515,1.02502941479669
"1948",0.971756078337416,0.972524501976361,0.778329367573035,0.842277162910502,1.03618594998324
"1949",0.965018230633002,0.904996046483204,0.769098673778067,0.751447808524131,1.07911520566516
"1950",0.967469157229586,0.882829715277058,0.782333424983825,0.804175703383727,0.821071806404747
"1951",0.925740758481454,0.983166433431318,0.702497513559803,0.969346259164288,0.992567457654866
"1952",0.951448338884811,0.992969228587198,0.786414976483591,0.852854104928439,0.898335818630605
"1953",0.788688436535258,0.99070911416105,0.760159790429869,0.786841560646534,NA
"1954",0.966585402249989,0.988183469741032,0.859817527070932,0.784770275268153,1.0455798936321
"1955",0.976882854259223,0.982312303275393,0.764274082965951,0.84054684106386,0.894673645489882
"1956",0.967813321345852,0.989976696006822,0.726699839411083,0.942986591116331,0.849160742533477
"1957",0.969385102958414,0.988487180740208,0.804831725602226,0.774951687461766,NA
"1958",0.933840911898659,0.990477177471714,0.720150657985506,0.928292900155054,0.996084863207905
"1959",0.991816745948314,0.841987512478538,0.55505757935234,0.902062871866859,0.958498122756823
"1960",0.939916011839898,0.940118304998055,0.920333465803756,0.708902836732112,0.949043418331346
"1961",0.898618461935403,0.993517738886804,0.972279193634567,0.918334964315448,0.949722926586347
"1962",0.947851160862477,0.850970892369754,0.838603174516944,0.837569801863079,0.887614342391946
"1963",0.94589686220897,0.902702413205481,0.716711181954939,0.781119747955467,0.953538471314616
"1964",0.890023035052323,0.97962777536894,0.798588485261987,0.98266785730378,1.0023331094192
"1965",0.90327728793892,0.997617874179226,0.764877363191265,0.860145424250672,NA
"1966",0.963623276546251,0.870237462477033,0.579510689274975,0.720817527481512,0.947262825359508
"1967",0.920878709920777,0.96603462996538,0.52076355048523,0.888211320036492,NA
"1968",0.970963493470836,0.987783647323423,0.641177679429584,0.828639432083587,0.764651277929711
"1969",0.880905744136923,0.883324791797296,0.689683615414709,0.835390019822878,NA
"1970",0.904029574988454,0.983674546271854,0.658562944867028,0.802336839879799,1.19555055548172
"1971",0.969264095417337,0.770737006526381,0.723091425404401,0.835029773862527,0.945588894713169
"1972",0.977765853904497,0.915817245372525,0.839302216208286,0.868170909164973,0.941497392692215
"1973",0.855070680629762,0.971992907302293,0.784175955319998,0.878886891981185,NA
"1974",0.983013049476857,0.966046050729873,0.87109590775445,0.956334603518794,1.03628822258422
"1975",0.857457663178786,0.936932451263176,0.482262323713854,0.779116345477658,1.00089305169799
"1976",0.974022571501375,0.986163412974827,0.748746879289663,0.663936442288029,1.03839748861564
"1977",0.88824037395347,0.770338664158452,0.73447163718792,0.815735511143517,1.04948491652535
"1978",0.968017019689072,0.997891658608139,0.874704835432268,0.865561965079835,NA
"1979",0.946449513984675,0.941107307784195,0.759831963643993,0.854972332492358,1.07916028683106
"1980",0.990759601269811,0.934669410046264,0.785867048146529,0.770319601644444,1.10797681723816
"1981",0.906391309165075,0.895672789804095,0.744387435584028,1.00646892405312,NA
"1982",0.916451147204946,0.980765753700996,0.728434122207378,0.817991132389289,0.9110833980128
"1983",0.967422254938113,0.920036882081807,0.854348891144745,0.889232390476849,0.906235631529724
"1984",0.932478835740543,0.832617641121418,0.582719444512521,0.885478209369843,0.919980903861414
"1985",0.973126649030216,0.932566972651928,0.847865617756291,0.695013624862338,1.0106479961822
"1986",0.976285242377784,0.982048536035689,0.655293200736278,0.956245090661206,0.939569474314927
"1987",0.843462244356852,0.995262351614798,0.717855364149679,0.706410831615776,0.827010512571738
"1988",0.988871074103208,1.00613173885513,0.794001731555368,0.840216291793208,0.905719689197754
"1989",0.940781086966036,1.00324604163339,0.820993352595722,0.899874907643695,0.827975206729464
"1990",0.972162196919161,0.629031818024922,0.691138069519395,0.767782421694423,0.987534085489986
"1991",0.974150153245119,0.992741640774641,0.636004497552829,0.707766344845526,1.17343352953544
"1992",0.975913345379757,0.945223120971181,0.725589520858053,0.846097902153753,NA
"1993",0.980272991601251,0.984216414513274,0.875149346458883,0.7557076498836,0.88572354642915
"1994",0.928479589079039,0.987642863964404,0.600984375165387,0.925754487526103,1.11314687770675
"1995",0.884338478655063,0.929602302201428,0.740676985350441,0.665153614958431,NA
"1996",0.89875590528804,0.911941415264921,0.871563954998398,0.742403490268465,0.972202783484433
"1997",0.965283312270452,0.999951621602038,0.769695069162323,0.796158238192591,1.00553200470418
"1998",0.800872565855025,0.993403829421838,0.599456800642726,0.907080997610997,1.01497615865812
"1999",0.906569348848439,0.85741305648459,0.744399639749232,0.850499578345749,0.85592560869583
"2000",0.948965505175501,0.926179060564567,0.776988448854976,0.812537960257547,1.01989823295889
"2001",0.947201577528339,0.895972721310483,0.674269727320482,0.998508119982484,NA
"2002",0.953558127929492,0.94606919942623,0.969142556792639,0.733868088943752,1.17475908732714
"2003",0.962321766136495,0.987742663830075,0.878028646404196,0.744257826367607,1.20424182015493
"2004",0.949934447640479,0.904583692053495,0.811352601118039,0.895305248571904,1.05577347846067
"2005",0.978020235626354,0.974432642658488,0.613967521945913,0.847294991822974,1.05928276310896
"2006",0.986270000080195,0.988153713626759,0.762982592663922,0.799614706196439,1.01321507266528
"2007",0.983328116604461,0.961580005535269,0.971446898577055,0.950676653881137,0.937943960981929
"2008",0.976596192130631,0.738270224294144,0.756393105254686,1.01726612752778,1.04977865467653
"2009",0.988569867417049,0.977647716002636,0.66263983790249,0.731269731618315,1.02359345112774
"2010",0.815328124693329,0.982612629479314,0.720839952106708,0.929415428633265,0.972048179760522
"2011",0.992305586341426,0.996383203512782,0.717960160508321,0.910474011736583,1.16039105208013
"2012",0.970270049336162,0.909922758898188,0.940357683163695,0.764767826493052,0.884428883689356
"2013",0.972825171902739,0.976957941103204,0.777282552873461,0.788180644040703,0.955992540484464
"2014",0.802629189495685,0.957895931689699,0.742023621883986,0.84726113200261,0.994999952245893
"2015",0.922434928700139,0.848915966644965,0.658551998055705,0.822628167260262,0.860208240456527
"2016",0.982478247715469,0.94328881277465,0.664258403141273,0.801245788047816,NA
"2017",0.915807481866897,0.966916744322973,0.938083612751793,0.984461114198679,0.971435646030729
"2018",0.852973067953566,0.808033119581198,0.874079019334796,0.848925766661639,0.886742492592953
"2019",0.97465588587843,0.968893463164582,0.877171319256879,1.03875122976135,0.91155498784025
"2020",0.915366075611024,0.98659012898904,0.742296669301888,0.981155491327666,1.14732224885906
"2021",0.988747601569897,1.00030714540565,0.672753879283388,NA,NA
"2022",0.972062191848469,0.980510111079102,0.928808431700183,0.742531677663652,0.941402457564843
"2023",0.985046579989399,0.837891661055188,0.738269948562759,0.870714175507114,NA
"2024",0.814697644281768,0.989014162660118,0.697921722087154,0.881550212314841,0.931475668921268
"2025",0.973669894477443,0.983814337524591,0.729578513748814,0.973471624121118,0.992899106613105
"2026",0.857367434002464,0.907214185110976,0.82715136791547,0.886606311422426,0.953268785034847
"2027",0.951753680514489,0.906715676708156,0.74540313813335,0.901313132587509,1.02692781809461
"2028",0.950111789265334,0.884831741229376,0.805204317665088,0.820116505456031,0.928756096146511
"2029",0.752967138436184,0.85111902670801,0.697963076804884,0.783131304768498,0.911218137266475
"2030",0.85923738490044,0.929092987185025,0.835918275525705,0.818783045815352,0.890969151687634
"2031",0.877694435335136,0.836060173251549,0.729375309567094,0.704815490948308,1.17753379074718
"2032",0.972423541473522,0.913127280529658,0.795656483769642,0.802214772007217,0.938228458100622
"2033",0.972154428906392,0.979328579098536,0.63352539842534,0.892778043568031,0.932367821406216
"2034",0.9646203286156,0.983792774309453,0.790012822343402,0.846058625253337,1.06142575026763
"2035",0.981861497202834,0.872100938561533,0.593990724357413,0.890122004438089,1.11144515552146
"2036",0.919420823781156,0.926890271069366,0.766685888278051,0.916110965692641,0.895782869807628
"2037",0.949382445576579,0.995608883529233,0.809333203561788,0.855112015343085,0.954684487173961
"2038",0.970071408978587,0.967137151819692,0.937395396854046,0.929401818824688,0.926444811984315
"2039",0.968330604124726,0.94062064936012,0.583493298319451,0.94340006548638,0.824426435725786
"2040",0.875222602671923,0.985887374467105,0.871600167756894,0.804975671864681,0.828259964758498
"2041",0.952600881094841,0.998834194756368,0.87334019367202,1.00812704245307,1.03703912795423
"2042",0.985329193020002,0.875827195994459,1.05846227838945,0.761701972024748,1.00349980296712
"2043",0.962709468758942,0.983949406581099,0.854456466140065,0.820865676830308,0.852237012242813
"2044",0.911344696252353,0.834176839212651,0.749450268322704,0.771313560240041,0.915509539072195
"2045",0.883708628612615,1.0032470254603,0.761333619280456,0.834442489748743,NA
"2046",0.898945841806906,1.0036092574759,0.651052683710921,0.72628673811743,1.00735023786883
"2047",0.963088762029248,0.914933647424884,0.581754155744002,0.918400300626778,0.800745086712999
"2048",0.953928098800944,0.994434567281918,0.99003328540776,0.787378464030598,0.92974890880499
"2049",0.946563943956462,0.907760255049538,0.694597778374713,0.817017380080691,0.918894754120866
"2050",0.908493573382791,0.757243691148513,0.655038223297724,0.883260105577793,0.948194276258551
"2051",0.979563609669294,0.865184212846228,0.799536422430191,0.679869965888387,0.992325535966266
"2052",0.976239619317938,0.993572312377685,0.629200922262807,1.00777078628114,NA
"2053",0.900283648170572,0.931991627155726,0.693523886239449,0.789536044688553,0.987315965296555
"2054",0.985582515738285,0.98461123757296,0.666249303835232,0.914527518778525,0.873428673378143
"2055",0.908865266509676,0.873949116352322,0.736871170105723,0.895927811039572,1.02106258870002
"2056",0.979714453876044,0.926803188634634,0.840738717481104,0.74002414760725,NA
"2057",0.887303553790851,0.962602195920942,0.700117537394709,0.732988659805694,1.06502084033146
"2058",0.886595586288311,0.944939451902163,0.76378426380362,0.793928834086341,0.913733628163405
"2059",0.964844601299186,1.00232708737911,0.6106226015604,0.928300775170394,0.991881980236928
"2060",0.951555321042663,0.861386768043774,0.796634614970584,0.847853275589052,1.02135898579233
"2061",0.958179503160758,0.987143420570108,0.746728893863727,0.872495361953603,1.03202790405137
"2062",0.942875187023969,0.992330539833239,0.780337290115033,0.993063526761136,1.12597156019208
"2063",0.88584726400013,0.989882991182725,0.697831127009231,0.904259213083493,0.9980533076856
"2064",0.946392723449233,0.978416625442351,0.912609200731679,0.940718926156897,NA
"2065",0.994594083642872,0.936432911354235,0.793955741809219,0.798545258072461,0.837524473341381
"2066",0.970880973508779,0.934396845247944,0.958155968189977,0.935547487698124,0.957640730478379
"2067",0.960908704486445,0.977138479926161,0.837990951001653,1.01369401437118,0.864301515498573
"2068",0.984157536064537,0.869886977907582,0.80969236426451,0.939626937463204,NA
"2069",0.943507642428051,0.826307080650685,0.860832738383524,0.876469488653963,0.984862590677473
"2070",0.98808786558958,0.998677600113733,0.8429035101153,0.938720228107826,0.999487988001768
"2071",0.965459525861757,0.99758811984145,0.752343587739375,0.870036004438919,0.911002440484195
"2072",0.972581156127025,0.949860269651138,0.739539684623559,0.854593258925446,NA
"2073",0.899661397256942,0.904294890527896,0.821054355319549,0.781199685971689,1.05208819321147
"2074",0.96633116620444,0.966452040700784,0.723600572708982,0.931722319125023,1.01500255824762
"2075",0.958213538136423,0.983705272193636,0.853952126200985,0.761583160307893,1.05474748237067
"2076",0.987877972342423,0.966602072274596,0.551182404059073,0.784373792801628,0.984536623783282
"2077",0.963187500835817,0.979082875573492,0.66079777281386,1.02993575101463,0.904032253123917
"2078",0.994292425362821,0.751929832385459,0.82933349456941,0.731902689963451,NA
"2079",0.826518098853955,0.870629021965104,0.795061717182361,1.01057965027848,0.916959650744918
"2080",0.888224635267013,0.910000781571538,0.629699131308582,0.747648297434305,NA
"2081",0.850753444676077,0.878589246560879,0.942365644735003,0.909750757841186,1.00239427475839
"2082",0.933854388102437,0.814985076855973,0.86307557724668,1.01994228887795,0.808516556600874
"2083",0.836311033546784,0.996249569008572,0.743606211732403,0.924368839749197,1.09258580593495
"2084",0.806938392846477,0.84570905524759,0.786503965074464,0.942622790131104,1.03521911662272
"2085",0.849595672894757,0.983901837386559,0.912291028224257,0.85388043527489,0.882453543752559
"2086",0.956940019050477,0.9043166917354,0.651569241623051,0.709279193963758,0.988097908599016
"2087",0.96186794424468,0.989631665515291,0.756411947513762,0.793021318390022,0.958604062412134
"2088",0.959937030153186,0.939883201518855,0.771585928841976,0.765310716285982,0.94048416250051
"2089",0.956716264288452,1.00017030683067,0.780999549219765,0.887012889308845,0.918917093762016
"2090",0.954132067666287,0.894257334128905,0.799107185137346,0.957517683245395,NA
"2091",0.950504567484168,0.915733133437932,0.644606407862032,0.860382939631785,0.961139302949334
"2092",0.96519368428255,0.826045557716253,0.690493454688795,0.831156699175733,1.17271343902637
"2093",0.977663657331568,0.942467716148683,0.876672580073436,1.02259374925432,0.817083525899101
"2094",0.916265671509805,0.917290834482309,0.555714286860859,0.74080558304582,1.03355293963048
"2095",0.955585682614038,0.893064266700031,0.754093634519935,0.779518972667109,0.972511507923888
"2096",0.977966710364866,0.753555517455467,0.67928688506181,0.936927844732291,0.89658641481742
"2097",0.969357954117746,0.995278031882042,0.779277691059408,0.934366467736138,1.06549579457949
"2098",0.964513990713016,0.953830233370361,0.543637119258293,0.870898091201042,1.08830388255985
"2099",0.958268988213358,0.794605589978274,0.67576104905577,0.614911102725061,0.980921171922195
"2100",0.981309872555501,0.876463969526599,0.819849325107711,0.745320884469769,NA
"2101",0.981760945139402,0.973632882031204,0.899950910103702,0.9622630694323,0.877213653788643
"2102",0.907374528243839,0.818593165311005,0.73075715776667,0.815146524336438,0.941565716483865
"2103",0.975842180386879,0.908974620456523,0.750783739381505,0.916087287416418,1.09613191795298
"2104",0.898934164520511,0.949424082481555,0.845127092698249,1.00821703557729,NA
"2105",0.912609684942299,0.990034541043964,0.784477833054938,0.970803956784302,1.0469638756437
"2106",0.883780717207209,0.792514678928049,0.726138969447388,0.900659053022197,1.10026576619859
"2107",0.976785156094867,0.999752096206226,0.706491104792386,1.06455491573947,NA
"2108",0.965666473158566,0.966968569470007,0.790569817517639,0.954276253797848,1.04578429520366
"2109",0.978636526657419,0.936680886828966,1.0340002006178,0.725225390949475,0.91529964875088
"2110",0.950624075362284,0.981257789756155,0.84526708765408,1.06834673806392,0.894112308158962
"2111",0.971875833261996,0.998598172126791,0.702368471699557,1.00722933770184,0.782265691354719
"2112",0.97200844485112,0.944006257446492,0.854024294915975,0.943410046139101,1.01689933089339
"2113",0.92391088942929,0.993166010230453,0.698405390826254,0.855889739749068,0.91920913951008
"2114",0.986154138128879,0.829742112972922,0.676755449787144,NA,NA
"2115",0.958715862973853,0.982357182145375,0.886433005712425,1.0068216371595,0.838010923794043
"2116",0.991534292599244,1.0017843123937,0.856670912024125,0.958577618626912,NA
"2117",0.97662125810391,0.923831157651299,0.779565832678078,0.90114634315014,NA
"2118",0.975352368102525,0.968150044928419,0.577450177757849,0.737343670174029,0.908227412769747
"2119",0.992322861410228,0.870416406206344,0.694691935159543,0.704437154512156,NA
"2120",0.973212023011071,0.928153856979149,0.781073848084546,0.709167627435592,0.8532725267912
"2121",0.93519624238984,0.994111024325441,0.855648967409667,0.794838993308439,1.02177251337676
"2122",0.871480939088949,0.991781705343976,0.845914470117758,0.989754117815398,1.13412528856645
"2123",0.907632049934756,1.00058379731137,0.808160995278548,0.698886808351526,0.977904222328641
"2124",0.938248267079679,0.926231742738087,0.792134175069315,0.801600729183878,0.881698116016836
"2125",0.975692940223346,0.98802181769249,0.814382281486458,1.04283682641261,0.956625820449898
"2126",0.893966806885563,0.968212806033651,0.787773809135053,0.902466803958694,0.815627121982348
"2127",0.935936300863836,0.788730512610478,0.749488000680717,0.694566071554122,1.18827108649157
"2128",0.974964601619235,0.996790157644291,0.849830719505994,0.683193362613703,1.00801917594025
"2129",0.96407109744527,0.886849317744287,0.854178819497128,0.811300254874988,1.02029541955162
"2130",0.927237043426317,0.839924256811851,0.860030393998492,0.843506333523825,1.08377722913967
"2131",0.898202435121114,0.948823171325347,0.681073929964366,0.935559979737723,NA
"2132",0.797403152683398,0.925074840463745,0.980657375511224,0.786870978854451,1.03809998412367
"2133",0.890016194890046,0.987968314047842,0.631191728024788,0.956190457940396,0.967506512796227
"2134",0.975751096114693,0.899282638943328,0.72276206374487,1.04625291424703,0.84478500597638
"2135",0.96797516034637,0.99991381410901,0.740141563706323,0.68558754324706,0.979045980593467
"2136",0.963488241414397,0.980235332818634,0.85590017523314,0.860292118849054,1.09605755081943
"2137",0.959468881577066,0.94380263326893,0.7022488914627,0.800294331598958,0.803675111624594
"2138",0.86964119607689,0.878723141526499,0.805318079717599,0.616505322693253,NA
"2139",0.864890037228367,0.962499837312365,0.618113978866383,0.796801554743885,NA
"2140",0.929669150913493,0.947254062215378,0.678291682870966,1.09973144732835,0.912412684330588
"2141",0.875474700609531,0.990856566104255,0.680664614717272,0.7509883197281,0.958284318353292
"2142",0.793690236004733,0.995479347166102,0.764030719210752,0.687310829147829,0.872174131920106
"2143",0.965775029608731,0.867993301482688,0.705938191060429,0.780337519798745,1.02592876786447
"2144",NA,NA,NA,NA,NA
"2145",0.961113949783115,0.98625057047232,0.634173622569819,0.886293881243762,0.93978460905553
"2146",0.94623247615619,0.905165244342696,0.857854632454424,0.711485784267502,0.908114317740589
"2147",0.985628656570458,0.828955183192415,0.608285061857191,NA,NA
"2148",0.967232881483529,0.875256570712031,0.614343298760749,0.890326226952193,1.17074317393642
"2149",0.983717618106698,0.967431210853399,0.662209681792937,0.777001904535357,0.975026677309229
"2150",0.949230259285269,0.9302195935844,0.841197579147332,0.950532230737814,1.08970736963471
"2151",0.97418987613705,0.961119453181035,0.880102842604519,0.891388337866053,0.767309920277888
"2152",0.870605788750722,0.903175676452694,0.958508788800431,NA,NA
"2153",0.960294281219872,0.999739865274454,0.842384943803048,0.640258685151352,NA
"2154",0.963054950880575,0.886277682505766,0.723748793098416,0.839416698757791,1.04553549593889
"2155",0.947272309043441,0.891186162120259,0.749003120586262,0.825033949603697,1.01947747350252
"2156",0.977446809589495,0.930971111544819,0.838216976223615,0.803402389443567,1.02759811332579
"2157",0.950952869966715,0.997943210110355,0.86759299905721,0.707605138548042,0.927651608844747
"2158",0.946462434328417,0.841113376518408,0.610150826355956,0.939844546086578,1.12869493828505
"2159",0.976421184589312,0.993150025395654,0.90635870309432,0.873264792650925,0.943832110101912
"2160",0.885217383844284,0.833967946845056,0.666200734408656,0.69719520190883,0.915385202085098
"2161",0.929175992053907,0.692068964545148,0.770050013547173,0.834989470389978,0.882884725738094
"2162",0.980882392937526,0.770915300705108,0.741724449824226,0.66366161669306,NA
"2163",0.986392735998458,0.990529366543985,0.586285458274106,0.761642866103765,0.954870672363959
"2164",0.902321388735929,0.987307333869887,0.736110158984064,0.752448040631189,NA
"2165",0.974627716282676,0.941059269721526,0.69713899797113,1.05873531204575,NA
"2166",0.847912972753642,0.816342352565919,0.809335161370329,0.826429126812249,1.01840340872932
"2167",0.847129789414118,0.916704868856865,0.629948584522647,0.791365577906993,NA
"2168",0.990062969309187,0.978950188806851,0.797562382358506,0.69175297303011,NA
"2169",0.941798319420876,0.872900865998037,0.825017200915421,0.676058003754604,0.988617365904194
"2170",0.958580388282936,0.891976065255918,0.693244074286529,0.963140895305407,1.03409340780348
"2171",0.891821458163689,0.986300459872535,0.862315362076089,NA,NA
"2172",0.794355034581033,0.973968434006994,0.630238250744221,0.841791155087736,1.0404061012106
"2173",0.771524138055062,0.997172055679281,0.536857087964002,0.95674340815521,0.999290824680795
"2174",0.967322102420582,0.939602560686275,0.865302460863394,0.752239986790508,0.98323351070892
"2175",0.848016477899155,0.971547802205456,0.684530392366077,0.80567016443047,1.07820584285874
"2176",0.972306231503466,0.859652528046952,0.715756635715651,0.821768230083091,0.93602452074165
"2177",0.795979516872532,0.875103593106889,0.841945423708928,0.880067916408603,0.817049720087895
"2178",0.962645370610539,0.892903671941734,0.698008266795959,0.895968793142197,1.056740524734
"2179",0.899220204862877,0.994332343122953,0.696648671370285,0.905466765561662,0.970672840875853
"2180",0.970497464815204,0.956140930717199,0.925705236925588,0.952179442267731,0.98989109791411
"2181",0.839703656649251,0.921655689842173,0.707543050745694,0.828627201620552,0.923423899460907
"2182",0.828689949596957,0.990014531331616,0.673274209521797,0.737339531752588,1.05165006739571
"2183",0.965846648872065,0.907860474073615,0.768430753209359,1.0905726806882,1.09832008502168
"2184",0.97841673304453,0.954921320377281,0.662278076520168,0.953639589962453,0.956238248595328
"2185",0.978249824389573,0.986991621158552,0.630390888802358,0.907188240084708,1.00393741741187
"2186",0.957125133308934,0.969421481230461,0.761088711846567,0.845094189427521,0.941760055047287
"2187",0.978042493727973,0.919441552811395,0.591230133726687,0.944486886521392,0.995876817721506
"2188",0.884586577885964,0.98471217011333,0.78084867895529,0.864526464362209,1.05242009177261
"2189",0.968620274543228,0.953585390553822,0.818064903766473,0.718046970516882,NA
"2190",0.757012965000349,0.939950947875459,0.900903457615685,0.803245441760513,NA
"2191",0.973968125817997,0.935627566716216,0.794068003747366,0.830034540199617,NA
"2192",0.974662970007846,0.973794048466575,0.716095548649931,0.761966393062704,1.09771098470702
"2193",0.978636538059805,0.994912002042657,0.905860979298533,0.783332325908481,NA
"2194",0.730849142875892,0.922419504455855,0.660370774005915,0.817300795026915,1.05121893891982
"2195",0.946943507882282,0.991777634931882,0.693575568287496,0.901950894515361,0.861880092342034
"2196",0.951575399589686,0.874277283583268,0.810449234751808,0.803920278818784,0.963587167915054
"2197",0.96389191793655,0.999660646404663,0.653915034447905,0.954620870498748,0.966018983256479
"2198",0.967933846997894,0.926568309064942,0.764005195203674,0.693408503753512,0.859870007599572
"2199",0.975068466442199,0.985154393272735,0.872627166084345,1.08732522523694,0.814788570906579
"2200",0.847057983246114,0.865909058122934,0.623673571039653,1.10405404643641,1.0019481524845
"2201",0.955220746031695,0.880566368441574,0.919975665487425,0.776166803241181,0.842259705049193
"2202",0.98409261679575,0.877374995806599,0.649289310607059,0.769948859903214,0.85916296437194
"2203",0.750866778102069,0.991123174363358,0.662906653631575,1.0205975857047,0.969818802197272
"2204",0.971303835213575,0.981334879368883,0.789630480587263,0.844912694690011,0.979130184416973
"2205",0.973700552314962,0.930474339593322,0.676986346749441,0.662336064333825,1.17721289265721
"2206",0.961470626137109,1.00217040584354,0.597034488483329,0.74965136914753,1.05882131614952
"2207",0.906412050665488,1.00232247925773,0.865411115652179,0.997413970937279,NA
"2208",0.962473700483327,0.997644955721193,0.503883901580101,0.78834056775646,0.816698269786003
"2209",0.899089067407783,0.99978562489268,0.850277367088603,0.888428824276284,1.08748951840126
"2210",0.975050139509934,0.835661300512309,0.732918109884302,1.09782417911533,0.942560674197533
"2211",0.968322567109521,0.998346258652711,0.949395088027909,0.93313186595659,0.987851876216489
"2212",0.982120057253948,0.864927638792247,0.735808775360352,0.834744890574558,0.916808839841532
"2213",0.977983094553846,0.946524608361881,0.563000075285037,0.645855066296974,NA
"2214",0.892628249769267,0.975450239035281,0.767168383945065,0.912819153232916,1.06394990577761
"2215",0.95311132127117,0.894319857902815,0.761190948047783,0.760151789436349,1.02703172305783
"2216",0.832102666982472,0.940336678190239,0.819775788163246,0.833096006265835,1.05164488639614
"2217",0.967146590448117,0.971375990541709,0.991696024835356,0.862315244588975,0.95641290042841
"2218",0.887454831764747,0.79162839314867,0.814536086494976,0.885724609417396,0.974414579673086
"2219",0.853239961371681,0.991742040452712,0.880966416233846,1.04387938756901,1.0433038812929
"2220",0.976080598392416,0.927198878215873,0.75310031464563,1.1057486546676,NA
"2221",0.987902551232889,0.944047931585691,0.731455995377992,0.892732236974666,NA
"2222",0.90388061684826,0.963687320567328,0.878520976728547,0.757883402685235,0.889384551395663
"2223",0.81247594914769,0.911932344509106,0.619760367062371,0.881277356331855,0.866884028392705
"2224",0.817551894875015,0.98476958809749,0.569313029967926,0.746611919362494,1.14445249488349
"2225",0.950079917025074,0.725453414959303,0.61595779538592,1.09023539227706,0.962479288123815
"2226",0.96811897782173,0.909952774608228,0.916756626847655,1.00744754445024,0.998800790904372
"2227",0.976377938668858,0.987327932666365,0.702264379147167,0.907627064105937,0.890829707813136
"2228",0.961972754606226,1.00056441946378,0.818053315239795,0.893992901749616,1.16776915011523
"2229",0.952560230386725,0.845946290207208,0.668562200936393,0.996751307991296,0.923822776993749
"2230",0.983461681183625,1.00509749198888,0.889091919484637,0.644883582634009,NA
"2231",0.97096704093376,0.878651264285072,0.668797057189243,0.834950768420503,0.975472819247941
"2232",0.96319695457895,0.823397994237457,0.860589523115041,0.753781773790814,0.910510285200255
"2233",0.920361284230139,0.972229890807235,0.889631894853002,0.878910340595183,0.895086049067971
"2234",0.984604488387994,0.921926683038779,0.678068158966929,0.855670169232817,0.939732481570815
"2235",0.941413512902091,0.966433297383757,0.856881620419764,0.740637895970401,1.02067463088887
"2236",0.870645455355735,0.905783403695627,0.655600811569673,0.949036402203393,0.896706399976561
"2237",0.980413373553462,0.873988131654785,0.866797184909108,0.78142415378637,0.997962766066845
"2238",0.997718819263358,0.922931491468746,1.03476637032358,NA,NA
"2239",0.97382015647889,0.995391372118821,0.61528704921454,0.82647515337217,1.00355154905569
"2240",0.977775676357271,0.930243672615444,0.757039345771256,0.9145230991181,0.851456017073985
"2241",0.986929888512552,0.876920783900603,0.530119833149306,0.569974408404591,NA
"2242",0.951879888330098,0.945797620989674,0.869544844953471,0.88127905742662,0.958446994049485
"2243",0.902339180281778,0.731578790711015,0.889149572089403,0.816485261828058,0.892753707726937
"2244",0.963173760222571,0.99319145654134,0.627328708032261,0.857806370058304,1.04464618760954
"2245",0.964381947773582,0.976957245946491,0.585791618584005,0.72929172543073,0.903397575652566
"2246",0.876770397841089,0.921584576066092,0.953260126073194,1.06061730602975,0.931461109209003
"2247",0.978436517981372,0.927340249154134,0.828169053902112,0.882593780258396,1.07300605728406
"2248",0.946793799687661,0.995535585889063,0.860581887198574,0.892992002705231,1.0056460211326
"2249",0.977770072918295,1.00662563287573,0.748040337308901,0.887248982083186,NA
"2250",0.979220668546128,0.926729456887668,0.806986224334204,0.832626202198172,0.968816433743797
"2251",0.904408092711078,0.825743927665136,1.02494418786052,1.0073289764109,0.987190421132313
"2252",0.865826403739773,0.983141088077201,0.699086931291693,0.749409704905102,1.06168755921902
"2253",0.965734431970363,0.900763405043184,0.875806506601765,0.835630648688272,0.803614237601261
"2254",0.856638901091645,0.967932759206202,0.820807317419315,0.897836274561549,0.869032082284882
"2255",0.977982985347602,0.999637237829278,0.848987234211736,1.01442405374955,0.973471757393324
"2256",0.987108713058749,0.997326672162466,0.724452736463805,0.781683536663996,NA
"2257",0.988249868465845,0.965988651088807,0.72627471477539,0.730645295663115,1.04375697066822
"2258",0.985799411972276,0.995647498521187,0.56543357339196,0.860555116575769,1.06101924023098
"2259",0.983744175885989,0.904972633701725,0.662137379325163,0.675388331028396,NA
"2260",0.84055536735852,0.996320171336507,0.629970763396917,0.973398493919061,1.00401776867686
"2261",0.895373368899161,0.926229690212944,0.617239249676127,0.803551754562609,0.869581930396806
"2262",0.962470659581777,0.935572033423473,0.683255050914837,0.905676725849179,0.947613028544282
"2263",0.905450823253293,0.979757060323865,0.860941962429833,0.846528552590985,1.04606118650137
"2264",0.981953929495342,0.859842116385251,0.822177989138031,0.952923082836462,NA
"2265",0.896899098473263,0.969518415188503,0.733597681350091,0.871463121597721,0.957409146175079
"2266",0.965533380716093,0.975814529866607,0.742504291177959,0.941328696119604,0.858089965756605
"2267",0.915978321136853,0.884756307824247,0.780240757457997,0.883164501089505,1.06506375533545
"2268",0.856226259273071,0.848825002141394,0.810371271238836,0.776186291598835,0.814387291712122
"2269",0.917628042980123,0.991227791177431,0.790325646325113,1.06921746636431,1.10431993720027
"2270",0.946254538340402,0.979828098425679,0.751284687197011,0.933509329301706,0.810539016184839
"2271",0.900312764510553,0.919155915806649,0.710848224022153,0.941219216234917,0.976125575896533
"2272",0.91715111641709,0.985861607761745,0.644487119818851,0.805528859450037,1.07071716424532
"2273",0.98323606158686,0.917812574782646,0.935170633199999,0.794258449735447,0.86638448979132
"2274",0.881410526746968,0.968086495353828,0.532210526480033,0.842809817515116,1.00648756491524
"2275",0.944028231763528,0.913816913850257,0.653535080335069,0.77576233882555,0.977831885108019
"2276",0.985588519073645,0.942760000383795,0.756453216220057,0.763491290120647,NA
"2277",0.978607566471959,0.880341569432777,0.7666680842627,0.937209520187382,1.03153504741685
"2278",0.975393939018501,0.974140977070662,0.901565168104117,0.749930793421547,0.718775493590081
"2279",0.954803675864931,0.934270073828816,0.658633695787482,0.865809577795776,0.917669247029906
"2280",0.894255670477732,0.938683094815666,0.719299782302921,1.06892631472209,0.943843978114729
"2281",0.986329937701606,0.955451755342166,0.746340294202673,0.808997929480973,0.979286151155706
"2282",0.81402429931424,0.990166211144496,0.950626224169799,0.962898195770431,0.978286773600202
"2283",0.896894532520293,0.933505699922471,0.736672867297185,0.875863438090783,0.746690846077509
"2284",0.966629766231797,0.885736465285686,1.02335325318719,0.857713044060213,0.937221409957306
"2285",0.932968552501975,0.801309609972912,0.718422049565467,1.07818100568004,NA
"2286",0.944135279166412,0.837225757133942,0.854422199068004,0.930640683819379,0.955121314714257
"2287",0.985339781597412,0.983326857319265,0.689281566786155,0.933859923934482,NA
"2288",0.95957762983113,0.995559453160148,0.717289331935858,0.896302000941821,1.00426696139917
"2289",0.949229061254694,0.99291558778593,0.670356919741064,0.736679905361093,0.939251565107444
"2290",0.944356432289321,0.998400245681013,0.748676809793688,0.753526900173912,NA
"2291",0.933774983435229,0.956760704967907,0.818784637536794,0.719523032376663,0.959584043739449
"2292",0.871092869679819,0.978850477521633,0.685601723837006,0.738126958342454,0.981351183960119
"2293",0.98461974293858,0.989986169635223,0.744359801199422,0.898528160453188,0.958940430498182
"2294",0.96766617350889,0.978527600550513,0.802683077728091,0.789697773486879,1.02865720340599
"2295",0.970730922034837,0.966148497807323,0.617749467935939,0.729633639642102,0.955901707735294
"2296",0.960420701194984,0.982478050695799,0.800576285303076,0.915702880050279,1.044355901918
"2297",0.904548237960527,0.996271112689387,0.790183353093979,0.788969179149174,NA
"2298",0.97156133240998,0.928906648959107,0.85435270964583,0.850817139669791,NA
"2299",0.966877760737163,0.886824532964024,0.785787310389583,0.639149649319278,1.08541641692374
"2300",0.950928230584592,0.977046715004711,0.922439073850913,0.844685564369595,1.04940749423956
"2301",0.807044585887132,0.975231423630398,0.697250450054619,0.800636188973925,NA
"2302",0.971628074861487,0.990060661871722,0.766755252314864,0.764464567020901,1.0839027511983
"2303",0.982253038202655,1.00166555438583,0.794367436324756,0.834104708859314,NA
"2304",0.899481935697869,0.992369979724385,0.600077083534795,0.798596092276313,0.914271965411984
"2305",0.896148300619035,0.86465183489278,0.722176483333366,0.763667677570242,0.961200958121011
"2306",0.968241891885629,0.995395800801472,0.877973657982862,0.860756153292935,1.14855698680583
"2307",0.941861378579524,0.911800704794485,0.737396271644209,0.978204039924167,NA
"2308",0.955742178379981,0.98693115509323,0.685043475807496,0.687220349419888,1.01974021538812
"2309",0.872226012302872,0.968061006293329,0.796937495638711,0.803148650963234,0.907675015278804
"2310",0.909361539550119,0.936078866874256,0.674771542636467,0.778109462697469,1.06659643227699
"2311",0.838058505906996,0.984256496772993,0.79460585804961,0.670589477819782,0.971067591357058
"2312",0.98674439359218,0.860978640807105,0.613376327590425,0.950827953935375,NA
"2313",NA,NA,NA,NA,NA
"2314",0.809171376796982,0.991628564158611,0.764699818911087,0.894522513047136,0.987004032013267
"2315",0.957010236037361,0.936103131451806,0.768265968950935,0.759281879520988,0.927331547402648
"2316",0.971898478840133,0.890921994512958,0.712649262083299,0.872471968701604,1.01100112353003
"2317",0.941098270853216,0.915881499962639,0.506108053357462,1.02433226053488,0.931384651262368
"2318",0.826413938476126,0.952789198998319,0.616890683608684,0.68034732199932,0.968543942219054
"2319",0.978805024960911,0.975193175506128,0.810088784905258,0.911719534762682,1.03560208126794
"2320",0.855084620623243,0.986991223997696,0.861033596179716,0.87154629816736,0.965971849396838
"2321",0.975111091089272,0.849251103278052,0.848745956527427,0.821460885336468,1.17637736919748
"2322",0.977102288704383,0.985192457952819,0.583316149863754,0.901921867368614,0.923492307828125
"2323",0.964167265256797,0.962686276336575,0.717410315783884,0.853754943286348,1.06000713452238
"2324",0.784402138891533,0.924882239767776,0.757990417831957,0.9440990747394,0.934122149526039
"2325",0.932870944468232,0.997944920874922,0.602780543713172,0.891527873512383,NA
"2326",0.837351095991587,0.936542798077191,0.85116176888527,0.748632770194494,NA
"2327",0.895055330702735,0.985629105720291,0.769121892628785,0.96820033837348,0.614121181871593
"2328",0.949032799210114,0.896704966991942,0.62037112712989,0.86122548948954,0.826991116930811
"2329",0.86185921930825,0.992671324219406,0.568109883574325,1.05584181609734,0.764941028066727
"2330",0.866558608556224,0.915860216769483,0.722069069409878,0.942111655969539,1.14609591661744
"2331",0.957608986494588,0.826741714938899,0.773576421481949,0.819630571670385,1.029443676538
"2332",0.981686503733773,0.885441642146279,0.849763248556811,0.914090669809194,1.04782590250038
"2333",0.818654596605872,0.949237166961761,0.593489809751963,0.731544815009758,NA
"2334",0.972496051913739,0.871253361459682,0.72014941492309,0.963952513369136,0.945636320352663
"2335",0.858107411386989,0.976070684804228,0.659267785648459,0.937574636766908,1.08808331801675
"2336",0.906241409859691,0.975845775735922,0.724980016009829,0.82978372517254,0.958045772853593
"2337",0.953348494772915,0.871818803393733,0.736980965914994,0.787949857463961,0.893544861436899
"2338",0.980516889489072,0.976935668397661,0.887507820077445,0.877285674430858,0.902964683902043
"2339",0.943395245773286,1.00977505007674,0.82921751312291,0.677036456053406,0.977045484147367
"2340",0.96634089190016,1.00217485851587,0.675325524616617,1.08756239290063,0.979757902540353
"2341",0.964419842939633,0.923253934921114,0.856919010324427,0.622186846886588,0.927205058535333
"2342",0.958360799884797,0.97532641744895,0.648137042188233,0.718058369319156,0.9830605404169
"2343",0.897704583690604,0.965785210831868,0.720614569220226,0.765375303525634,0.878463876505539
"2344",0.920324074937644,0.96643413204713,0.727539850881313,0.859686092314434,0.933158158951008
"2345",0.970608867303637,0.908351680695558,0.796710149898654,0.66419111330308,0.994687894235285
"2346",0.812267910431872,0.997611131092954,0.828642208728561,0.884593441003378,0.944574145049505
"2347",0.953597338155431,0.968852272035603,0.668191729502199,0.991334021261857,1.15515649946687
"2348",0.970148151239849,0.919133591615824,0.758442522838844,0.755108589764749,0.884711847204375
"2349",0.893904366357748,0.968628835055765,0.627681460873514,0.973852092074601,0.884779818689288
"2350",0.867603615586104,0.990820002004461,0.732768265219804,0.851979659249279,1.0871404800508
"2351",0.982754681072794,0.96380019691239,0.73417247242482,0.712534029879246,1.00695796189993
"2352",0.973523451615348,0.895426147100128,0.73659445693084,0.859018790972786,0.958699132731861
"2353",0.96998923252138,0.981737022708302,0.528976505475937,0.818421447214666,0.865467613537602
"2354",0.977446149647117,0.78896920869666,0.830789910961541,0.89605461570532,1.10989888627074
"2355",0.962074868153954,0.988419065416136,0.67693086083905,0.774962090629874,1.05402220574545
"2356",0.960817624134985,0.983264904268153,0.661022378434505,0.756812747536133,1.05407048105323
"2357",0.77255940458579,0.942794874647998,1.04873212866479,0.913358472251606,0.900317545459114
"2358",0.829813593398868,0.873432381997945,0.72608711562524,0.690490113209778,0.987319984759454
"2359",0.89556343318925,0.990764473127268,0.706747443467006,0.992757596614315,NA
"2360",0.972399020123599,0.820210161471933,0.746130814038224,0.952420464842382,0.941959466917168
"2361",0.977155921307794,0.982971613417925,0.912809937631116,1.01164704815755,1.02809763861291
"2362",0.745173388749348,0.965089570821793,0.802905566157178,0.934265443352372,0.963119009848981
"2363",0.984295456612033,0.967238500955986,0.68990314483025,0.869295668512614,0.889186403494429
"2364",0.939847603810596,0.984053609939434,0.752067152283299,0.91254710296177,1.12033389921146
"2365",0.954662103012551,0.980946823845894,0.951626306993224,1.00047986012367,1.07141792542937
"2366",0.976127430248016,0.954701453868153,0.886235609785259,1.01790444279714,0.892337337063284
"2367",0.985315627538027,0.879427044551549,0.713162419939116,0.864923482076004,1.18255579592156
"2368",0.971811095547461,0.993742835757107,0.744364403808017,0.815361169915956,1.0798887453844
"2369",0.970626729720005,0.841803680348067,0.80923880659254,0.894887551702552,0.849247940677303
"2370",0.983818831635696,0.794492119999571,0.826449828564855,0.744524369848675,1.01247246373749
"2371",0.860644680419675,0.809970930257148,0.696574461166854,0.739745288402102,1.1758882257261
"2372",0.963164898456665,0.874755565524397,0.70340257543372,0.726439398341009,0.822266567780353
"2373",0.896108878149742,0.875301672862078,0.647333073882134,0.748292528082459,0.878306792491472
"2374",0.900700375030767,0.996052684762085,0.770260570188736,0.850210437376884,NA
"2375",0.903089194512853,0.975379364822503,0.702599406937316,0.736169266644666,0.813293874881386
"2376",0.955219067380342,0.977857672539618,0.774411162332591,0.91737295243096,1.02567198032396
"2377",0.828032311629478,0.992085677771443,0.814860179275065,0.860901880921284,0.869374696948156
"2378",0.874515144058822,0.972210461863949,0.938712722205245,0.924727999909656,0.95204052204213
"2379",0.944802214090357,0.974917141761031,0.727827435885617,0.761567600196391,NA
"2380",0.942312296648715,0.999856107549483,0.860560871162901,0.921722921354786,1.14268095701347
"2381",0.683772495669981,0.962811197139976,0.881318644549424,0.994180748664553,0.890084845305388
"2382",0.816365645616098,0.975769905087921,0.788850683535872,0.698100449174428,0.998653051469051
"2383",0.975061218708119,0.989859975611944,0.565720355448701,0.797203680422401,0.948827480817133
"2384",0.986512855459139,0.999364965674735,0.830347682683943,0.874655609064129,NA
"2385",0.777075533282222,0.916481915905305,0.583945925122393,1.02015951981714,0.906065888638627
"2386",NA,NA,NA,NA,NA
"2387",0.968236885403584,0.824708515585973,0.745014996199441,1.00765290952815,0.975939887153091
"2388",0.983398093029331,0.831646108035396,0.665036860051254,0.933363657112439,1.01081688075444
"2389",0.926307247291793,0.930790939742453,0.873919217118488,0.659497447884228,NA
"2390",0.979858110789424,0.832271338701049,0.723550018014583,0.886087471329318,0.981128323584803
"2391",0.975056605891344,0.956612501139985,0.668348322854894,0.929453746641943,0.999200634807664
"2392",0.94878089945421,0.933324527516814,0.586978998002593,0.80583379792824,0.947815910458829
"2393",0.969642910153537,0.865459941089057,0.835442042027584,0.938100426240833,1.02099254003754
"2394",0.977102857472135,0.988598184617754,0.811253537354992,0.941216151378605,1.03748146228871
"2395",0.942301078566025,0.879041871991438,0.80908892807521,0.774835123339989,0.996290089626443
"2396",0.949674181895064,0.901893161116483,0.955394162912018,0.706808105164748,0.915557524926597
"2397",0.964132533431621,0.81931920562924,0.626226623117767,0.909751500150587,1.08779645654224
"2398",0.948335539345244,0.989345808955724,0.79146924954287,0.729688449095961,0.847721975558848
"2399",0.957023650550511,0.97262290588072,0.780778635209886,0.921502441099311,0.996585716696744
"2400",0.981040228722238,0.987015353054314,0.590855758602742,0.725812132057194,0.967309895650957
"2401",0.913527239694208,0.970288548798466,0.880543571338,0.838030965680571,1.01514642937085
"2402",0.967115783431576,0.954885711261436,0.830647361495801,0.729182635078426,0.889324619743205
"2403",0.973898651357573,0.945538014855707,0.736239621968821,1.0485558220198,1.09647700389427
"2404",0.748089885496019,0.967438827267022,0.596086663769893,0.815195564786749,NA
"2405",0.965838524510956,0.994068444100392,0.608198142922493,0.859210320526682,NA
"2406",0.979729395485848,0.990469472838978,0.712447755666168,0.774184322553109,1.11342048767895
"2407",0.952206697311369,0.977855027448588,1.04150306080508,1.0188688467759,0.782511881028161
"2408",0.852191227752069,0.961241152914189,0.535777824616381,0.761587998289355,0.925054506637014
"2409",0.984592313492241,0.982843607465026,0.820580989154093,0.707274064178599,1.02247762224335
"2410",0.89590595106717,0.88636815296761,0.749132096184198,0.979349188903866,0.881993700731732
"2411",0.950495835964062,0.883509771077482,0.748594814696415,1.00779111264301,0.926398259577062
"2412",0.972526773143525,0.982699679621889,0.721718326781117,0.751143297839222,0.955854064044824
"2413",0.893892284409408,0.97734548747029,0.906715996060844,0.826255336749988,1.00170186977928
"2414",0.977251690069647,0.518312484109508,0.787111729879152,0.756752817295756,0.90660087446111
"2415",0.900798343607699,0.94585288394953,0.656721772283447,0.83880582634156,1.01602339717574
"2416",0.980674977174705,0.855057470548186,0.951782067179964,0.828145813105549,0.970253629972665
"2417",0.966862854281826,0.892535498346346,0.667661603654791,0.705071070971025,0.891389109296065
"2418",0.848289080457791,0.878717685191681,0.747152847555432,1.10581127597005,0.904750620692524
"2419",0.976215208288439,0.838077318273298,0.648961935090031,0.71403433838238,1.01295887065728
"2420",0.974526962057137,0.948842005224503,0.8046202003042,0.875220566142273,NA
"2421",0.970845275344277,0.936262417763873,0.763455118158859,0.972403411046639,0.80666292086299
"2422",0.807855276164448,0.768964058286776,0.731604332540715,0.842143468892158,0.835235508417916
"2423",0.856378165127733,0.918419968353355,0.714107871554594,0.842712517243237,0.969434121969601
"2424",0.971174552965867,0.813994640469777,0.767477784067693,0.91487551841313,0.817675636701452
"2425",0.96155952958282,0.879944154624749,0.906259781612502,1.01092536616972,1.0294483685759
"2426",0.729191610419612,0.868544548406465,0.746073493945367,0.926840770477914,1.06760805226828
"2427",0.944592401290946,0.989662646770535,0.911550014627909,0.794658932128733,0.961764112315816
"2428",0.98242980692491,0.94337330769973,0.772113207961855,NA,NA
"2429",0.901792247091521,0.991166698600862,0.766224282443494,0.681937357140683,NA
"2430",0.971532003332541,0.988462815514638,0.751983206486533,0.759589064711306,1.07718976429506
"2431",0.840816033837688,0.958845750366728,0.647112073612539,0.857059288513389,0.866391389612608
"2432",0.854491580450967,0.830743097580419,0.653802618366921,0.934226386207035,0.912411698241443
"2433",0.947554599547776,0.825893819628764,0.633933139045281,0.871163028222769,1.1057216284736
"2434",0.96551950935394,0.992959133880357,0.806098605672911,0.711110297152062,1.14128151999742
"2435",0.909757309886537,0.944071331642668,0.807244786576746,0.807798940135291,1.03284158122355
"2436",0.970705834538161,0.98921388707829,0.628534305124104,0.897927505392545,0.986342143088891
"2437",0.942940212127357,0.833700507329399,0.77367191396277,0.776475061771905,0.974902598411668
"2438",0.9761747783352,0.992841611208839,0.70532738113025,0.893414936676062,0.94517186965584
"2439",0.977424370321337,0.97371645802837,0.841533479628527,0.790733623298103,1.03719857780638
"2440",0.835904094576732,0.834866147074699,0.819168980196452,0.856009481044291,0.84890622809566
"2441",0.901005870753084,0.905506120082113,0.764401694101506,0.812650119574117,0.858467346933862
"2442",0.949455699520898,0.915914968598936,0.650577622060759,0.891179207444867,1.04372580860989
"2443",0.896884882582998,0.866405228095259,0.897082488148668,NA,NA
"2444",0.959733256096506,0.85649388213443,0.792993174348503,0.989172894770821,0.886821729007818
"2445",0.881336425135125,0.904279013567383,1.00251018216897,0.838045888747456,0.8249355641678
"2446",0.978496238435103,0.986658914831146,0.839769364056476,0.947041297027697,0.965424266205942
"2447",0.983505576810563,0.99351422832807,0.773995290898168,0.995005577341841,0.988974752070193
"2448",0.975949693505505,0.991990053052868,0.839524695121485,0.866217036212762,0.888971871379269
"2449",0.933028351588291,0.988127091834795,0.650516253034932,0.749625954772502,NA
"2450",0.970156483228721,0.999430001481589,0.867362114672847,0.942033164654225,0.941155308979628
"2451",0.967131964215925,0.869731782873937,0.773616542433547,0.821492581470173,1.04700364101646
"2452",0.965977567306002,0.984208714851866,0.760840193442883,0.775929561837107,1.11855698036145
"2453",0.83774482108117,0.979428265254509,0.597285013981179,0.861538639284422,0.866599182779601
"2454",0.85910679249247,0.986838762179508,0.752998486414754,0.849116783066952,0.963643834465159
"2455",0.966250942103997,0.835296574854204,0.810617044044559,0.867840966884504,0.915206535802622
"2456",0.970816594395504,0.982335969738778,0.906661957962846,0.900048917487402,0.982521053548505
"2457",0.981853586462926,0.925304165786611,0.851928522623423,0.981671239327968,NA
"2458",0.968090713797808,0.998538149329779,0.813324286821604,0.825838082415269,0.905708546625613
"2459",0.964407904722641,0.993784995332926,0.70043565530524,0.760548542616758,1.0200489535567
"2460",0.972827850338701,0.885096603506543,0.612710717152711,1.07455712981234,1.10251885080797
"2461",0.875712982077917,0.968779469241819,1.01030943171161,0.799196656528647,1.01972620295777
"2462",0.973010100596171,0.958444376551392,0.582916110386289,0.82908456627516,0.875037700496932
"2463",0.844831941840399,0.932941027435072,0.963880631364953,0.9103801550439,0.96492855976858
"2464",0.954979721650467,0.860606424609015,0.880470942413012,0.846050534136043,1.11331233239194
"2465",0.883748326084514,0.938868640702863,0.926649453529629,0.782658233921156,0.91234585410821
"2466",0.978598477903641,0.987713129616535,0.667189243526875,0.776881310045061,1.05782012294498
"2467",0.985102732305936,0.814041870827555,0.684330908641753,0.887287045640295,1.11464222616174
"2468",0.957372706991913,1.00165212663423,0.748837213942319,0.828494247476142,0.845226870359351
"2469",0.959760058296556,0.98891733099965,0.707642004181743,0.844060130317864,1.07477004142728
"2470",0.922429768781459,0.852662214931273,0.79492751730249,NA,NA
"2471",0.971192963618435,0.964410545418863,0.523732192067147,1.10538281032616,0.963298965912766
"2472",0.974736183053554,1.00082576960909,0.699080842452697,0.836959302241384,0.963404269136333
"2473",0.970506033015343,0.938289939284353,0.654151758202844,0.835422961637911,0.939539320065931
"2474",0.957998245673933,0.999426357601714,0.63380629814176,0.659802777484384,1.0929580358635
"2475",0.982127323355616,0.989808911575609,0.584805904215686,0.960103533398033,0.780930514395959
"2476",0.944786110269271,0.886864101689744,0.736937364746035,1.01502202492342,0.864244739743242
"2477",0.964401992168027,0.996195198263652,0.777496009552234,1.01343369031849,0.988183800042499
"2478",0.985711309387851,0.971014006126794,0.749616346096712,0.579373145834615,1.03680997484449
"2479",0.924787279590269,0.971928691327403,0.91405788166686,0.72015146981999,0.887406091927706
"2480",0.909924119732181,0.998759010755455,0.873283222284144,0.872061722541206,1.06892339476037
"2481",0.84601438777384,0.99128610302081,0.915496582843254,0.956556710093387,0.949818096232481
"2482",0.8897867400432,0.995410164446249,0.632603039685716,0.626543038262856,0.948691021702766
"2483",0.977198773890571,0.902805295874664,0.756859978149911,0.884800023313225,0.966840784398468
"2484",0.953892357816756,0.966012354677934,0.908366995874779,0.909651845181729,0.919732587211488
"2485",0.849688237293624,0.985105974991165,0.70566205628614,0.821446999044788,0.955229823781758
"2486",0.947693849048089,0.751165145463221,0.750479572949431,0.799112626239306,0.881215938645351
"2487",0.969658663618645,0.857038597402148,0.64027995406144,0.779199648582762,0.918622997203224
"2488",0.889427056282612,0.992187812416091,0.766718257063485,0.889381727624766,0.752601690892406
"2489",0.947215518699289,0.903282014464941,0.756770410160192,0.643319612177724,0.971243679606929
"2490",0.830883484278021,0.994975465178991,0.787193613298834,0.852319010144606,1.09416972308898
"2491",0.966704294322656,0.989689452688035,0.696737681854492,1.01031413179906,1.04707531361925
"2492",0.977766128166468,0.980475749819728,0.742673292976257,0.827336781608372,1.02926678319771
"2493",0.943099998177937,0.973361942183959,0.75383872044134,1.01488357204108,0.97566833433813
"2494",0.992066509301903,0.955128114988534,0.630896019032887,NA,NA
"2495",0.829645436002398,0.876762809947915,0.753191836492243,0.864931843495354,1.18499954549974
"2496",0.977890219386311,0.817797704863806,0.649977557436174,1.00441011892071,0.999105648596904
"2497",0.987610122814923,0.975725381001536,0.70678871762661,0.843299027802436,0.884059500643573
"2498",0.96993037227144,0.969461926241925,0.966044554391997,0.702414497704697,1.04187567576519
"2499",0.910855220627175,0.980425463877596,0.618590793152519,0.840465853681654,1.02476686721845
"2500",0.974634113508133,0.999741104262896,0.601362064367038,0.676601205794176,NA
"2501",0.8573578206764,0.963304796056275,0.771577424599634,0.61920668292625,0.917694523648123
"2502",0.970472232776174,0.986051588966137,0.891738568717049,0.90329857794084,0.778322567393368
"2503",0.889180471524905,0.938703945295741,0.824395831731646,0.703280836162298,NA
"2504",0.961581357880159,0.929146271759439,0.654353462756084,0.858619121194943,0.92807237773711
"2505",0.959724636260255,0.949366745443171,0.736468477815024,0.77761046505688,NA
"2506",0.980182045387308,0.991982556153363,0.94609963649713,1.00898466176385,0.854421178161465
"2507",0.973673833507398,0.994535648113129,0.642813563969867,0.875825410839852,1.08373327998425
"2508",0.956933630242935,0.975016667430121,0.875405561107455,0.868143933720851,1.03132450525972
"2509",0.962943766925613,0.927448989344834,0.728214705904091,0.875671782159647,0.997539717620516
"2510",0.919543998855225,0.87487609616336,0.506441645927772,0.744324175118408,NA
"2511",0.936294534097474,0.906689458579654,0.69298776240667,0.850721100039206,1.03311254618237
"2512",0.977886893892186,0.99059424760691,0.661678579267131,0.815475100445839,0.93174063439167
"2513",0.859363160276561,0.892760760156279,0.729457114389218,0.754206353849591,0.738910416434937
"2514",0.879580662353228,0.952439468745108,0.819660345021136,0.849089914040492,1.09148077460794
"2515",0.963040061038487,1.00202494646286,0.763019438016514,0.80368347195333,NA
"2516",0.982594525902723,0.865136371236222,0.627041596298341,0.717549604861953,1.16125159356383
"2517",0.969375355038173,0.969445161468443,0.800385520033076,0.94524092077097,0.934482827082558
"2518",0.959985959173138,0.840097583084342,0.696840348200287,0.8344703977373,0.839005708040063
"2519",0.865906106100626,0.920918541995127,0.868987510120743,0.950945276118136,0.88447366273794
"2520",0.96007162494511,0.978655610163563,0.76539811293579,0.850158143013663,1.05919065349772
"2521",0.901826300637747,0.92481049017077,0.625048915083407,0.980229800845127,1.06210131074153
"2522",0.981228496286909,0.964864036315955,0.783650828188988,0.849908810132421,1.05287267132059
"2523",0.892598954480699,0.999305946086433,0.883315136571782,0.744218933761527,0.971944285136185
"2524",0.856212999341594,0.907525580050395,0.815592114275817,0.874894899554001,0.846872106837391
"2525",0.95423544124402,0.937261517865488,0.885407468638064,0.838417861099219,0.935239462935526
"2526",0.987960244278251,0.823258827037469,0.830893677740136,0.888858592735605,0.942827273420255
"2527",0.974993518120829,0.980266631531639,0.646956769061851,0.752257371973854,NA
"2528",0.903473036048171,0.947101819449274,0.792164379918105,0.9887099712662,1.15380517633956
"2529",0.898348786880512,0.997407864016067,0.757930654193351,0.834156691253062,NA
"2530",0.968864045563677,0.917939326051429,0.865447739082432,1.05159792398997,0.83200943059833
"2531",0.994345661144808,0.997504624604137,0.714145741653769,0.664758579949167,0.964514518216008
"2532",0.959444979526955,0.984227167990808,0.744870348776563,0.87181116256423,1.09410745498944
"2533",0.981089974804964,0.991749165797679,0.894542123464681,0.893011730757637,0.875573366815444
"2534",0.9671570598479,0.925401110780468,0.859907931371762,0.892618596853618,0.886256387145456
"2535",0.963807271153292,0.937649205746185,0.779306656728973,0.875511143642495,0.946680892212574
"2536",0.949606794451914,0.930203903104533,0.781247292460899,0.895411238650735,NA
"2537",0.971379788791599,0.988081910435723,0.7183031882849,0.758136461594097,0.991686413885419
"2538",0.95502412701629,0.729304651487175,0.826175604315288,0.773088113782238,0.970966011929283
"2539",0.982467425960761,0.971712415845152,0.867452596136678,0.79705871501839,0.754439876444243
"2540",0.981691071833221,0.985986396033418,0.751042420176678,0.901692257881,0.995901479093951
"2541",0.966801897695389,0.976469887354366,0.767196723653473,0.949424807153566,1.09308623082551
"2542",0.781178656689597,0.983778133635758,0.727922129721656,0.840689389237949,0.9165987482344
"2543",0.932075987294149,0.844387180823442,0.752705989467453,0.93514869407393,1.17746131840871
"2544",0.966057524806627,0.85349053541967,0.740673452613189,0.787220398674729,0.97650064133348
"2545",0.883885645306011,0.991949304134555,0.795814620554397,0.887459782098928,NA
"2546",0.778345174104718,0.987773522290204,1.02354054068237,0.749147001598945,1.03576762895543
"2547",0.877349771444965,0.978821919436123,0.846590395402703,0.828635410607894,0.957237402113759
"2548",0.959334695325901,0.98865491216022,0.642767041542223,0.662234654496291,1.03297122728535
"2549",0.977624480023985,0.97783211536458,0.478759328482011,0.931909000902225,NA
"2550",0.932312790906639,0.984880828799818,0.859749645728638,1.01161027618584,0.880879540276419
"2551",0.980036666466229,0.873326700941332,0.761209403267568,0.753115241145899,NA
"2552",0.885643549242078,0.987934175105329,0.894261081980032,0.751887764345236,1.0286744244996
"2553",0.949664859511779,0.935331159294638,0.811521187939589,0.999121978002174,0.83754019343914
"2554",0.963060171515373,0.944680817414953,0.79240018391147,0.898032280157685,1.1222452308407
"2555",0.977957812112134,0.97549736948159,0.847330971989913,0.741428401892898,1.12097437207005
"2556",0.98539847113781,0.963025186614212,0.657516421162387,0.747825388310562,0.963128197116085
"2557",0.95405868633291,0.975226656085206,0.820972546437052,0.611661994393476,1.13663793535989
"2558",0.992391440535333,0.973837667023531,0.666806284636309,0.916613667836313,0.8086254052433
"2559",0.868978074423397,0.968857087519767,0.974643177816864,0.861374443979952,0.878769835829385
"2560",0.962344201805498,0.920369741023543,0.734011448692173,0.81624275306802,1.08815317917066
"2561",0.982703598156029,0.969703431051767,0.72881842660794,0.883222591892691,NA
"2562",0.987639713801858,0.980967095195442,0.779142502277257,0.972438141165413,1.00681135307686
"2563",0.947076269137275,0.930504136373103,0.7654589589707,0.830248753462255,1.00234151048258
"2564",0.982089631564016,0.993090027975539,0.655238269402104,0.779569537901575,0.924893455348836
"2565",0.978712054088039,0.970285507894949,0.696152847175879,1.01378562240217,0.97050266079115
"2566",0.960521825051049,0.831144591026322,0.926356129099025,0.925584643232227,0.95500104610016
"2567",0.965369455927757,0.912760371071506,0.675298124489661,0.696483801149653,0.999756100799345
"2568",0.910552467432344,0.988902562106426,0.732436058508198,0.933147956908675,NA
"2569",0.969641502324628,0.88496366981992,0.941161658381541,0.789814066917418,0.972071469839141
"2570",0.965448875448052,0.936953679346981,0.756541297984187,0.918170997649242,NA
"2571",0.975460328098161,0.982984649722275,0.822843417387541,0.822649005868876,1.10980034365485
"2572",0.978347607207985,0.960156344999547,0.622656841686482,0.815813714773754,0.918322138063938
"2573",0.971470295801956,0.97362794380979,0.8080801514205,0.941435459894352,0.972234085905702
"2574",0.864171951463163,0.919640518650798,0.747801230385267,0.808331544297997,0.990608491300096
"2575",0.973973768215266,0.960806663617897,0.91259744412751,0.925846418107563,1.06536239749127
"2576",0.956590126420525,0.858465414802184,0.812678793496173,0.93900803014615,0.936761138157946
"2577",0.934612100469136,0.903958186709219,0.558099334738152,0.754975180427933,NA
"2578",0.970324896426586,0.984404302918152,0.617075588981813,0.958100563820472,1.03807796469287
"2579",0.963418172134172,1.00638566074254,0.693601402137914,0.824366442539408,0.955112162593358
"2580",0.958422983038528,0.907291963856965,1.02059033232216,0.821537818861318,0.875745340660527
"2581",0.971009137234255,0.976582699879189,0.665687016971446,0.931195213285252,0.883386952158541
"2582",0.962035544979576,0.853041623804689,0.651478778981633,0.828643768317503,0.893146474767709
"2583",0.962729634593015,1.01072722451856,0.899062926693279,0.889716430986052,0.856497656511386
"2584",0.939766431562292,0.999268197946781,0.86134253118003,0.969971738437196,1.10689188483232
"2585",0.908403883818168,0.914358124445016,0.723532933415275,0.703854309991443,NA
"2586",0.945272852196624,0.910911051165603,0.627544994881538,0.81849505763598,NA
"2587",0.973142372877352,0.849728940608682,0.813995475084287,1.00528454694174,NA
"2588",0.968243009291867,0.966383772377716,0.634011609491427,0.839009934525051,1.20415701651149
"2589",0.924903242992486,0.888290752656437,0.605455466501567,0.926870144798975,0.940869600189606
"2590",0.949334540119266,0.987133621215171,0.600960087404083,0.916626489235794,0.980661789921721
"2591",0.984817539889538,0.853820806927021,0.653645545222811,0.902233588382173,0.935460862960223
"2592",0.942832570890311,0.829368731448105,0.759973964541996,0.888154723873194,0.979271979497042
"2593",0.884417630858126,0.925965076347745,0.80988791504724,0.862963204858674,1.00249261611061
"2594",0.949368555079559,0.9648634985161,0.660563568594655,0.862504778972416,0.87959741627008
"2595",0.872142950575606,0.922541491916505,0.812387423344964,1.04049637425773,1.1059627216695
"2596",0.971475458032662,0.988798987293505,0.909183700369713,0.74570899913823,1.08985295477718
"2597",0.977041901125679,0.987493182806722,0.778589630708119,0.807715376527057,1.00473487671055
"2598",0.982662445190023,0.959214155208977,0.770013138515719,0.822944841546298,0.932056539812291
"2599",0.894501467147246,0.927404225603865,0.903401323893783,0.971895432676476,0.89557510375453
"2600",0.967052023365481,1.00535460966135,0.738620149747344,0.919523331087193,0.998535703243138
"2601",0.949839843874478,0.815845157552248,0.858967090667416,0.835288391447483,0.959303627696233
"2602",0.964652066375105,0.988352687522513,0.911495510803071,0.717258043833063,0.969016923689014
"2603",0.929799398020003,0.990285218924571,0.749468648510411,0.79818255316746,0.851321422271398
"2604",0.901878015143476,0.904096441142485,0.759471544348977,NA,NA
"2605",0.93513091184705,0.988959514443299,0.690071682411788,0.740550505677838,NA
"2606",0.985213586160125,0.971612813981819,0.653223681135289,0.932718085362696,0.976245061979189
"2607",0.831400089467539,0.911846827234213,0.814861061985903,0.873101819375798,1.01784346342001
"2608",0.990725391393059,0.993766944421359,0.891443090900355,0.73062088366979,0.979041739231646
"2609",0.961359961191618,0.988089807878573,0.755551151873617,0.657269526631125,0.927173210798795
"2610",0.9788330843136,0.976656144051869,0.804057748438313,0.90109213162527,0.948830958274282
"2611",0.983446025863141,0.989408347507174,0.807410714344084,0.818167011262266,0.879753681276746
"2612",0.960394573357111,0.913616513404009,0.719521926927861,0.884817042302567,0.919313737072993
"2613",0.970012686444387,0.908144802865628,0.61537346032289,0.997453668249402,0.975880500640579
"2614",0.950450039275895,0.893383591082488,0.833996032618917,1.08070709663479,1.16288283210165
"2615",0.913453797366197,0.997666426445252,0.731150824578493,0.827078201271411,NA
"2616",0.987595777982007,0.99881188839323,0.768553998361153,0.754466535665504,0.973421688743511
"2617",0.965426973721484,0.93479880381802,0.658968765156659,0.784409887110849,0.882929846910004
"2618",0.993705383851922,0.869546179393676,0.793378587287843,NA,NA
"2619",0.969308538235579,0.963172608657765,0.729087631786417,0.848338258456313,0.868420413254895
"2620",0.962794702495095,0.968199069375027,0.828895049877676,0.772469291789555,1.02680074822771
"2621",0.836631116828973,0.984931557782859,0.835165675684641,0.903937160551542,0.832542445378432
"2622",0.917593905956008,0.97179989220452,0.881434148695733,1.03762223954807,1.18666870218013
"2623",0.972891885337514,0.96466522352962,0.813773940640641,0.779439041197202,1.05317602837155
"2624",0.978788983591529,0.906624369640415,0.51296142305926,0.73309431132067,0.956796187717035
"2625",0.984615919507632,0.851886358320684,0.876352164004131,0.918089526584923,1.08695262683601
"2626",0.757471837955476,0.995080229420732,0.706896417473127,0.965222388755078,NA
"2627",0.905562586530744,0.987096054602141,0.869500993028267,0.934289028438754,1.04211415525937
"2628",0.958797657892847,0.994322998989753,0.612960027415092,0.86990891209395,0.874185205274711
"2629",0.928763797222135,0.984126019838358,0.752291305914275,0.963238786738931,NA
"2630",0.849990217982046,1.00053060534867,0.753209376201678,0.807874308916783,0.990182059470722
"2631",0.950716194189858,0.973588380000219,0.605103332600923,0.871500189387184,0.892299717948267
"2632",0.877632909629971,0.981648231973741,1.02686703023842,0.869098986111649,0.921438333658257
"2633",0.978331598590531,0.882060144091762,0.717119058001247,0.886865061314331,1.0027901342613
"2634",0.903673837809304,0.979571752872019,0.758385795962773,0.90104102012562,1.12756829461712
"2635",0.967014799014404,0.991710242251866,0.742548325765589,0.786488921859095,NA
"2636",0.946760918615541,0.999050582572144,0.891600079781709,0.832107865908136,0.936298152113859
"2637",0.96956483236013,0.935682922200127,0.713691023222544,0.678629166866145,NA
"2638",0.975270340327746,0.985722825818302,0.836720740735526,0.82195855406087,0.988584705277356
"2639",0.977328441322793,0.778884619610352,0.915742859570379,0.752824817081121,NA
"2640",0.818109095752532,0.944749078933773,0.854931617255767,0.673884872565606,NA
"2641",0.928582390143719,0.862280376549448,0.736908599670514,0.774817760244013,0.898660884011735
"2642",0.954815701715782,0.989014297896538,0.848325780887952,0.750692219754986,1.07886166741854
"2643",0.976702159575491,0.931988438661401,0.595120121417744,0.800072126638486,1.11617147079178
"2644",0.970646553268735,0.968685726324274,0.739423690385334,0.720156433832165,0.91360857276671
"2645",0.964424601877051,0.929074635923569,0.835465983165458,0.877860113782055,0.960879867505809
"2646",0.962393445873647,0.867028096446933,0.741318630454021,0.896637520070952,0.931794557048679
"2647",0.867368188880359,0.860358399480917,1.03205972986009,0.905710597202338,1.01555163414187
"2648",0.919012047260265,0.916504530598477,0.675122292060665,0.615866895931887,NA
"2649",0.913435933517952,0.987893341617891,0.791925659754966,0.780520284228774,0.930089354123688
"2650",0.973900035104177,0.967131348554698,0.602515515991798,0.711229292881795,0.979413483874879
"2651",0.928428363466899,0.961585097543209,0.762267714179418,0.735415622124111,0.940158696067107
"2652",0.978217240254235,0.95828623339977,0.699383237906691,NA,NA
"2653",0.980652225895984,0.914195152813812,1.04599916841783,0.862575927150275,0.93778443164446
"2654",0.8830388108314,0.839571827690387,0.871772769463298,0.991701892656055,NA
"2655",0.950198874706454,0.981022511344888,0.811431681826432,0.847854573902392,NA
"2656",0.979369925314218,0.925002920634335,0.826354156011768,0.746668673457372,1.01628380661327
"2657",0.982563835826557,0.883549039613833,0.654837289026064,0.932173742550884,NA
"2658",0.958266751965952,0.980149347034701,0.72026414340057,NA,NA
"2659",0.902901500447747,0.898660672832078,0.659918091689041,0.706331413704977,0.918926093718028
"2660",0.976547195578674,0.951487010901956,0.768677717279932,0.71819418761377,NA
"2661",0.973560006863846,0.992934675124744,0.876157191300362,0.915076012125307,NA
"2662",0.949815848227504,1.00540958252713,0.772902326587152,0.783611709741013,1.03758778440079
"2663",0.974979335931777,0.971314014229049,0.913676560413041,0.756253730924631,1.0601308162477
"2664",0.955219814871872,0.980106455796522,0.812024273224662,0.769740181900585,1.18990220646837
"2665",0.972918541382155,0.987447027094466,0.600255365138139,0.880494421399077,0.992708282650207
"2666",0.938968916692619,0.793040189971588,0.761977204027862,0.966156097195041,1.02412159736743
"2667",0.956764658666144,0.901523173841053,0.809223082523546,0.686207536782856,0.954691318499978
"2668",0.860971974622394,1.00131577980634,0.695507589192041,0.764161567419088,NA
"2669",0.944563880541904,0.991481490131506,0.707484974324906,0.792757042735384,0.827019149402315
"2670",0.846480597500222,0.932234569839688,0.738783771082764,0.716231326264279,0.908164149982947
"2671",0.969309820715664,0.977578491285551,0.851366273235641,0.785400973220467,NA
"2672",0.829707889731931,0.964065643631029,0.761263054916276,0.876816372655106,0.909610278090809
"2673",0.865388311562878,0.945585649974342,0.614592538680657,0.926062384921348,NA
"2674",0.872773234306781,0.917194804291152,0.918976889624746,0.978711469263152,0.864408624320692
"2675",0.907402654030705,0.867293476056247,0.839170610671265,0.926577963008976,1.01759871388772
"2676",0.914799753252625,0.987121620495052,0.598927847762738,0.943563373184091,NA
"2677",0.905533277864183,0.973645653480131,0.856599525455086,0.946217210345453,0.976096776302262
"2678",0.954208123278348,0.975794641641759,0.855648106144351,0.864626748086944,0.956906859666572
"2679",0.876644561034219,0.985710219107802,0.592514671835634,0.810767238267555,0.849919178548498
"2680",0.96616430641463,0.991411326368133,0.795448187924615,0.795877140624193,1.03733574780872
"2681",0.960874375712042,0.993576909305232,0.845812996964761,0.625467591464185,NA
"2682",0.898318851001836,0.972233280386798,0.929959344964551,0.843332498112295,NA
"2683",0.959129106796911,0.983475708416319,0.796310947568593,0.953117415790812,1.09796097236475
"2684",0.828947902373013,0.984632975569196,0.943644207661877,0.869265187297935,0.936813250122197
"2685",0.978804861534634,0.932979794734013,0.833278090060075,1.08559226432689,1.06652929026159
"2686",0.987250197416323,0.993461773266359,0.648210268429846,0.738357866732884,NA
"2687",0.869819860908905,0.974072737614816,0.814874488727479,0.695934228182138,0.962340207251237
"2688",0.886453597914009,0.833148001040296,0.623366067059902,0.918930422181248,1.01203825384047
"2689",0.901097291453726,0.962603709287193,0.76967227322942,0.873335139649642,1.01579423269429
"2690",0.980344151282869,0.860894535122234,0.708106936771061,0.729415547954386,1.0286112887438
"2691",0.956213647511763,0.754918191030056,0.79617029838972,0.654071775315178,1.11442451689635
"2692",0.762123663853721,0.952771857401196,0.653230337488304,0.853006380891494,0.904064087290113
"2693",0.981612713722258,0.967777963535503,0.696414807558355,0.799709454317117,0.963523001380237
"2694",0.932896750903702,0.918967083726436,0.788656156399594,0.735355756155735,NA
"2695",0.946898746651527,0.99448955503566,0.597812089087372,0.843583647361905,0.862986089493251
"2696",0.982090395658407,0.972645066964948,0.589547412019087,0.978413466383182,0.996408204999469
"2697",0.955103516443491,0.97582236947492,0.777829963790241,0.686335825713682,NA
"2698",0.955168844433112,0.996324747974843,0.536661524917836,0.723526961603362,0.992589607367192
"2699",0.85917874850467,0.993091723693954,0.804607235024541,0.667969325617581,1.10243948714292
"2700",0.911793336594199,0.991369894338599,1.02964151044801,0.996925600949987,0.976017519366368
"2701",0.968226133873376,0.979694643522201,0.797360853948862,0.849857453719305,0.975555913684242
"2702",0.986107414450032,0.960023018164784,0.654037712775897,1.03158362556206,0.875199649810491
"2703",0.972537505884242,0.987690476584071,0.823970263969248,0.855511958577252,0.894738248774796
"2704",0.920645658338512,0.756411538336801,0.875487225269309,0.680447510450041,1.12011680201654
"2705",0.956050709717055,0.995457834952472,0.694808107728708,0.817552393636073,0.983663948874462
"2706",0.990613414712864,0.923522318434431,0.812034169464861,0.835759785794265,0.958598432978055
"2707",0.900756169509712,0.864142680864701,1.03136463211709,0.810596999048329,0.990602906091219
"2708",0.813610297002994,0.93514412360037,0.772362193168158,1.01421368457982,1.07035759166686
"2709",0.955190283786757,0.767893219911055,0.805857353083624,0.861314424291736,1.05842892552999
"2710",0.922878969984454,0.849804904011204,0.696035515964559,0.8205095153162,NA
"2711",0.885150170191286,0.983669030996855,0.892436842685729,0.925698170984005,1.10540570460234
"2712",0.809802389678036,0.905746757499365,0.876066601980644,0.724726188321704,1.02435725858946
"2713",0.969804327122176,0.98387081554812,0.650197438891983,0.830240405518377,0.956649561666071
"2714",0.677186570219839,0.944075046096694,0.935977157465937,1.08255471043086,NA
"2715",0.807367569467667,0.861842166944754,0.804683438936414,0.923479395518546,1.03333178442501
"2716",0.949251179663165,0.886032195160482,0.812935717368107,0.83027777562915,0.943294942495929
"2717",0.977629146702578,0.968243330948257,0.738663333437918,0.889154599626043,0.925363870207954
"2718",0.94754026190228,0.981327990296804,0.774463691107403,0.850456693823286,0.927186609178007
"2719",0.977385604526979,0.909499292056565,0.623984603356353,1.03194416072655,0.858672998401652
"2720",0.955941848169686,0.982198071051702,0.842282960598366,0.905964254649255,0.876285199713034
"2721",0.803147860326547,0.993760282199126,0.655944780203324,0.896556608642027,1.1797633656869
"2722",0.967942810926201,0.997982935225363,0.928835090726515,0.75499688969178,0.900953409938035
"2723",0.815866412393648,0.982828681243797,0.763494224498977,1.06054303437124,0.87893332836474
"2724",0.914816108756969,0.85357479975873,0.81881516198509,0.708622162019646,1.00029373555925
"2725",0.844444511692916,0.995746132861773,0.646804114610423,0.963243401101409,1.09445411643489
"2726",0.971301443208553,0.98558811593286,0.690074945304997,0.877841819808398,1.0717652262358
"2727",0.977010013942579,0.778465480782976,0.699644598101441,0.936536885143659,0.811915762954762
"2728",0.968566966148595,0.990408461576958,0.831467157459077,1.00965058006168,0.999224365273619
"2729",0.974772633563021,0.988080001229824,0.905996739878629,0.859687517462654,0.694365424598364
"2730",0.871583094449184,0.990682065894527,0.812495869603964,0.659374247634095,0.963728068115632
"2731",0.980066870462255,0.865055046570812,0.675595684832169,0.748960118281389,NA
"2732",0.985202705102116,0.966093765421792,0.798929386933479,0.764400280166973,0.903023248008708
"2733",0.875601656300865,0.890089034813719,0.642056203785754,0.873081780406906,0.964016453955783
"2734",0.974861058002542,0.996145919059851,0.960000644947876,1.0337071512283,NA
"2735",0.962575580842194,0.985003388342306,0.869561124591072,0.984908125537985,0.935626902275468
"2736",0.854003341134509,0.96556537570395,0.765159715164787,0.942265820500293,1.13202361772158
"2737",0.962669132048882,0.809974989868434,0.768142421046877,0.95384604403596,0.895226669636594
"2738",0.966323686709694,0.998868682579811,1.02171576738905,0.790140402420763,0.901209098060726
"2739",0.969929456922033,0.957640292240113,0.656737883104295,0.714951403752928,1.06725422723851
"2740",0.982948974768845,0.986668285896735,0.790082728777619,0.755635263823765,1.132094898555
"2741",0.954687750952068,0.921108524245242,0.866299109854517,0.942881454635341,0.800739084549529
"2742",0.981337108749618,0.988841655814087,0.830610824461522,0.870334702731241,1.00547397795419
"2743",0.950820024143223,0.870407083774744,0.742200838562368,0.965652145578494,1.00632432029745
"2744",0.973085746681848,0.878591013854937,0.643738611649984,0.816496041649008,0.818771360681368
"2745",0.956000928658821,0.978813958676247,0.816397566963125,0.902292421810253,0.923989254382172
"2746",0.967941816640551,0.847761181730932,0.895268735698173,0.797397412496553,NA
"2747",0.777717722077742,0.912298279290983,0.747999942064024,0.727629459664005,0.917859680733689
"2748",0.97269123851002,0.931707652203773,0.706922534469231,0.74606357153956,0.943782412310117
"2749",0.902400250282528,0.97973047793711,0.800646270483704,0.994440555688192,0.904766026501055
"2750",0.969463794990418,0.985816795567078,0.687087868842925,1.09267148563382,0.972278790776324
"2751",0.910413277010031,0.921066648013774,0.838144013169507,1.00220683469918,1.03639378539941
"2752",0.971781751446623,0.965542851936857,0.832022136239305,0.770766900331804,1.09434295730018
"2753",0.994349436435161,0.964684635507871,1.04457813407811,0.903980085715748,1.10479904363769
"2754",0.978882200814545,0.910685893645501,0.786228109495295,0.867512943115201,0.965408848432316
"2755",0.974672174578294,0.898469914077277,0.737685077466157,0.812815128925172,0.873502417489395
"2756",0.845875837616867,0.975991360003273,0.753620614387154,0.910549789071985,0.895715658626751
"2757",0.945640630348642,0.991895211055559,0.624130867819128,0.754559344376828,0.916855826071626
"2758",0.906467571505084,0.975635112264654,0.865406343896656,0.878843792473843,1.13460366486435
"2759",0.941412331055631,0.794499585175028,0.775407984248361,0.659241076151063,1.01816230923077
"2760",0.895730134084097,0.988294239578775,0.79144183191926,1.07895619344698,0.949972508229616
"2761",0.978242876266882,0.874888498411915,0.773920174208084,0.921957940669316,0.989382430500107
"2762",0.956504383182209,0.966284210253965,0.868739868229785,0.893357311202162,0.838627440245371
"2763",0.993897261752998,0.982956113815833,0.877898529689897,0.75777058420069,0.986897723287417
"2764",0.969562423504604,0.962326735733742,0.864475068201226,1.01119144317352,0.896268128401947
"2765",0.866808711199431,0.924302570797085,0.703667226271917,0.75488842195129,NA
"2766",0.952764432374878,0.985486806952141,0.883305046195464,0.818772331667074,1.04582816414221
"2767",0.92782923469577,0.819052908285053,0.835545484315002,0.934103819269892,NA
"2768",0.862470770186869,0.978696103325902,0.778155585420013,0.976022603242769,1.18025485962095
"2769",0.977185884967644,0.891635623232919,0.73994355795078,0.875278836607705,0.968799272612398
"2770",0.973129001088763,0.985795829519894,0.640136520306791,0.963897326318854,1.09825376533473
"2771",0.844947960676018,0.869946522935716,0.862134853559887,0.87591491696773,1.16586304062025
"2772",0.891980257843787,0.95227987494905,0.56102922001813,0.905484294785429,0.975816045644529
"2773",0.778106073697583,0.977435942258688,0.658173667974942,0.755990061570631,1.0214259583676
"2774",0.898690559776787,0.984014705627503,0.710812089201001,0.719945281446726,0.981731216641784
"2775",0.972853018465081,0.905276365203794,0.828651518553847,0.644533918406263,0.764103435129403
"2776",0.896052926464989,0.981764912539666,0.680875836531145,0.976407771628485,1.11088509088615
"2777",0.867972802961965,0.975472391215541,0.938594347795198,0.855981376052828,1.09283104869344
"2778",0.971991161068258,0.996898665532446,0.836121031550215,0.849831899545489,1.05017567150785
"2779",0.984038132322107,0.961015266165024,0.817132924998314,0.927258289484101,1.06976999034443
"2780",0.906601783256882,0.930061377917014,0.74849191483981,0.8040399315425,NA
"2781",0.895190299303081,0.983973752684571,0.859393140493437,0.975130761465409,0.991413640616867
"2782",0.95059501383962,0.888483594971038,0.824663314027242,0.78027479910134,0.946766601207637
"2783",0.979937201255687,0.939692599677049,0.692516607295775,0.787205374532773,1.02800750283212
"2784",0.95108793617203,0.988787749473793,0.846464823915851,0.898270697818481,0.965144053835033
"2785",0.88461910275256,0.993422467377293,1.01169715265826,0.683910498129715,1.0631573230629
"2786",0.965898056137946,0.821469452651218,0.720593588529013,0.782541806822039,1.01290926760128
"2787",0.971395892685847,0.995959475652315,0.693937577491993,0.828305654995864,NA
"2788",0.962216297236411,0.820481442257421,0.690098674469902,0.873588621444274,0.94699822405486
"2789",0.964685891173849,0.99113409493774,0.663554970013389,0.966570319496736,0.910226434202448
"2790",0.969163684220921,0.984865253909963,0.78805582922805,0.913573232847437,1.12817973391818
"2791",0.959467231683209,0.895147655884588,0.855594797452948,0.708718332084092,1.19809617899026
"2792",0.848580166634312,0.932641252468052,0.694495235979643,0.751833899744727,0.906351967434047
"2793",0.985801853434381,0.986626009577462,0.778401529180778,1.08267208418245,1.00952701931521
"2794",0.954607072272016,0.826072705486601,0.85958034056685,0.85552228207388,1.00420117994707
"2795",0.878659261911269,0.991896717366873,0.655531104868647,1.06571081312023,1.08447337437897
"2796",0.968819701005109,0.979091446146299,0.729679463693492,0.927570129384341,1.06025419644255
"2797",0.987220170025289,0.989994253362272,0.689347708589069,0.865930211599618,1.03899115670345
"2798",0.870863247699184,0.988101255769788,0.679286974574702,1.02195399289305,0.972592943378609
"2799",0.857172296235433,0.766998135588561,0.693681011165131,0.956413378512184,1.11214013101015
"2800",0.807348609324127,0.999853827434874,0.68452268063762,0.871546177484254,1.11541147908068
"2801",0.979595834910252,0.915662568379275,0.468647749831512,0.828866520995775,1.09311370713406
"2802",0.972902445593506,0.981980873843888,0.692810351820295,0.71978123232722,0.782039705839537
"2803",0.938393993283477,0.851953524901626,0.650940986229795,0.65812349465381,0.972512839588649
"2804",0.96997375688345,0.991397611702916,0.732753531174675,0.880226603411161,NA
"2805",0.965237541319942,0.930036393079015,0.792957289204206,1.08741964776132,0.946582892579465
"2806",0.870292736432142,0.98316205313189,0.887757538950205,0.772197772018087,0.862153071633719
"2807",0.898320178659409,0.984975645717369,1.0260639123383,0.711578421154038,0.97913043410476
"2808",0.971988607393407,0.988364136527946,0.770664853122948,0.839343382021956,0.867166084465103
"2809",0.962255525747939,0.994838623040274,0.69425820587731,0.913157661280999,0.982545551874775
"2810",0.976312733392639,0.96265958353627,0.675411869859625,0.720706474078396,1.10281358439358
"2811",0.941364462516311,0.989146147645091,0.720363811615026,0.891770783909789,0.892965441105893
"2812",0.858953487043476,0.996279730972421,0.889122750554109,0.974726087022733,0.813667390418815
"2813",0.976918885317413,0.876336537500889,0.775146636661652,0.946408482584386,1.00097694395742
"2814",0.96938283437867,0.967319628913413,0.737176150414683,0.85394201716406,1.00902629515716
"2815",0.892992689953317,0.899565709075605,0.790843815666679,0.800271548343217,0.85568533761444
"2816",0.973110623502507,0.846035330377558,0.729199065662687,0.98541923706267,1.07481368685622
"2817",0.96614304387059,0.983002411677991,0.64283389509716,0.652790570492387,1.08182688908363
"2818",0.959621274036099,0.987401600288775,0.73587679207286,0.806346244101586,1.06725123644947
"2819",0.890190699065024,0.985545941561028,0.839436615925456,0.646052847946733,0.982805985901855
"2820",0.969189850837588,0.913489184244247,0.524082168111098,1.08490504495405,1.0355793594304
"2821",0.95196718241988,0.974727634078995,0.771319278386576,0.936328969474534,0.977621777123355
"2822",0.963472610296423,0.939714771642834,0.938426118645655,0.691694629231982,0.89608086783764
"2823",0.898410875975962,0.942118281236078,0.793598889817872,0.879691665513915,1.02648906212355
"2824",0.966351368998816,0.99161926205776,0.763562524548965,0.953806567621599,NA
"2825",0.979903826094942,0.831191843344963,0.866790701690911,0.725401387363194,1.12372578635294
"2826",0.955976108588412,0.928727798910506,0.728121542820318,0.837398197330352,0.988878382498326
"2827",0.983420735493813,0.832861988817199,0.844997210453065,0.770104279488019,0.875124548221663
"2828",0.904279184203547,0.884627522516129,0.665022819042136,0.742879533595882,0.907281963493392
"2829",0.889910418679555,0.872247784653015,0.738601870916871,0.824959293436835,1.16606215445435
"2830",0.972405364328965,0.992876555025568,0.785368644024793,1.0983147092141,1.1010018833726
"2831",0.95962316112972,0.971965908108632,0.770512764330788,0.699822388961514,0.98253976672225
"2832",0.975149757660416,0.894182475293873,0.649838112872351,0.85881439116708,0.946570597001814
"2833",0.971966892751499,0.927706487737894,0.738973216537058,0.926407974651114,1.03483061419899
"2834",0.977322201329436,0.968513613955064,0.99388876409986,0.83122222320695,1.0182056539216
"2835",0.986703449444803,0.898737580716881,0.762928211917707,0.720166955456042,0.984284658115231
"2836",0.705414197804811,0.943522512247668,0.778753391777641,0.979148810413135,1.04251136407413
"2837",0.961248589105432,0.877456546910913,0.588999611383967,0.762913695122412,0.946439965365887
"2838",0.927492267711915,0.987008730094332,0.828947154276861,0.781233615303412,0.935600526456374
"2839",0.953194616421622,0.919125853055997,0.727547750354126,0.799846663878732,1.00169445943587
"2840",0.975006866342192,0.975503872259518,0.899423754541363,0.924196377169222,1.00018289844274
"2841",0.916316307805115,0.994917352385919,0.765492633946206,0.846730311289111,0.884939422847422
"2842",0.877104828499527,0.942888123328183,0.726521053204988,0.727165215519462,0.838124177375127
"2843",0.959916907076144,0.987017890213168,0.73768642648656,0.793676123096072,NA
"2844",0.957137200801987,0.991206776954377,0.820828235243579,0.775412432043057,0.766391276250798
"2845",0.78491090097881,0.991709602529929,0.52606128479805,0.719959313287438,0.924717298153357
"2846",0.980127401001813,0.77465672085749,0.676563151160574,0.766837843389529,0.909747910681624
"2847",0.967501003550385,0.975148812837073,0.779587896959714,0.76955204545597,1.05409795434522
"2848",0.879057991193115,0.979744603992627,1.03227575026694,0.753646857865991,0.905628151422614
"2849",0.97277339338396,0.962407261417272,0.849558220133959,0.915256481948013,1.0737639938686
"2850",0.981376317850102,0.737274009566287,0.695538916609749,0.880785162116078,0.876968214826524
"2851",0.757230663312258,0.868441043678477,0.812162936265761,1.03182009130089,1.03611078068957
"2852",0.94518700663911,0.816541575573955,0.757018232766412,0.688688468739036,0.906952962046886
"2853",0.896726254167996,0.987059309637012,0.661312853146136,0.911369295180645,0.822108847226624
"2854",0.902859732837291,0.908806702564575,0.612644089856034,1.01048226103051,0.885471896439349
"2855",0.925690028691157,0.9606480681537,0.798337688831591,0.865828399036578,0.853509226916634
"2856",0.859757193675667,0.903646223527171,0.728199617350678,0.916607336006755,0.988589213346913
"2857",0.970265880238945,0.967183630482697,0.738770401847176,0.673101771416176,0.996867243569154
"2858",0.892697010084411,0.98668876052026,0.718721457540119,0.879902220522057,NA
"2859",0.948320747275874,0.93975090706093,0.686886810401558,0.854275246638548,0.98990484846183
"2860",0.893517477441389,0.988826022150088,0.737765840420503,0.852974931964466,1.1371063904107
"2861",0.965113276321491,0.894202135033765,0.791357134532461,0.714933067522269,0.865763760152963
"2862",0.9705236938309,0.951434110232201,0.798867450497294,0.883257586996119,1.09392540629826
"2863",0.956206833657608,0.971774088003989,0.707435644547299,1.02738742605005,0.921255997865216
"2864",0.882984322677429,0.950785089766131,0.596112124139857,0.851241244646512,0.933528476561611
"2865",0.889416510220541,0.997231672657712,0.745903077123983,0.857505351087838,1.16855195941676
"2866",0.98073433439225,0.984607743606683,0.693539528834854,0.861678337636939,1.11566411427178
"2867",0.894828390480403,0.87492181656174,0.717595786273022,NA,NA
"2868",0.945925733731736,1.00350451690478,0.622705068090968,0.797952586218628,0.885869812652319
"2869",0.87085057374229,0.983194168994923,0.726790237812829,1.10564490475061,1.17750742544443
"2870",0.859886432743077,0.859965130223325,0.77029705472044,0.755590740734924,0.871697686003375
"2871",0.970628270962691,0.920276340966686,0.793893337707521,0.94146496822438,1.1391164738943
"2872",0.9494496625941,0.974314920017659,0.637090190172332,0.707984070446953,1.07082874319126
"2873",0.936986931706281,0.856283663773444,0.820978615824643,0.868752347380913,0.995578924305304
"2874",0.980516494083109,0.748743235432652,0.842600798007153,0.898194070154734,1.04066113338781
"2875",0.92279422595333,0.973766092120231,0.823606552127628,0.788107682985695,1.11635304627546
"2876",0.739306519682568,0.924192147392748,0.820077039193487,0.961830944190386,1.00632802658696
"2877",0.981024252874971,0.96023537950731,0.823241979087466,0.843054341666548,0.896951536427103
"2878",0.901005482022163,0.830087372627063,0.603537235663005,0.772025708710803,1.10340746522514
"2879",0.943495356134296,0.879125597792086,0.690197837286072,0.856904998516472,0.997492715839919
"2880",0.868017025150264,0.940839830491212,0.70947018583378,0.794671051912183,0.850600027631269
"2881",0.836248728875318,0.877720640853558,0.699557741943188,1.07798376736769,1.02113328790824
"2882",0.865891068746886,0.986912505744826,0.837382570816061,0.768699675042612,0.921773653294163
"2883",0.806150283202021,0.834314092850946,0.800281486293102,0.762217655930213,0.908775088882784
"2884",0.974230591814019,0.82885192167666,0.615082259169624,0.833421216189646,0.98798338600765
"2885",0.969850958430496,0.937760789660242,0.718276151088155,0.972797411677539,NA
"2886",0.871238469504604,0.816553038740809,0.950112505863065,1.0074533875751,1.01061513706022
"2887",0.911943608292815,0.920518796979598,0.683090802723456,0.829276673535804,1.03912671096137
"2888",0.837738261605005,0.941523167923624,0.660251786194402,1.00564343617159,0.944243471978131
"2889",0.965944680941003,0.822063411968234,0.664634169319829,0.673691547237043,1.10251410091125
"2890",0.985930768488975,0.910578742493931,0.657480530091228,0.82481215162193,0.915921571518694
"2891",0.929037224459546,1.00216619781313,0.691169977931397,0.877221299417131,1.00285638225981
"2892",0.960800337667602,0.968886584543171,0.777363973697383,0.901146705950979,0.944752279058319
"2893",0.837440570022706,0.756405848332027,0.828421760566497,0.775130067553562,1.02480156028729
"2894",0.94891751227029,0.98955249873459,0.799701143695826,0.865350037969084,1.0307789312449
"2895",0.977389510045101,0.965156662916091,0.647154401768544,0.622043357977578,1.0190025160731
"2896",0.896843112793157,0.918685477437297,0.759666456241568,0.748649376220947,0.877305542040178
"2897",0.945744547216411,0.986280185493038,0.831415548213788,0.782338772338196,0.970449926396701
"2898",0.871267596131635,0.949197967632476,0.809088945477267,1.07778397185455,0.87443953164493
"2899",0.776811617676485,1.00517996094936,0.715258169341061,0.729196397598008,NA
"2900",0.988317299003045,0.984027985446755,0.63682050516167,0.839410930775176,0.93400309859145
"2901",0.975378347008858,0.972544806717515,0.688870602997468,0.773801945517173,1.10891089936472
"2902",0.970213039618943,0.825174485456894,0.896954517557775,0.852701484975943,1.05820482693253
"2903",0.873908603829926,0.90150205335313,0.618040847302601,0.698374651554825,0.802287771424777
"2904",0.849427401772,0.967392327335822,0.716296253428757,0.914574224794665,1.07911408441516
"2905",0.986186461415995,0.826781513053465,0.810498621964559,0.689101479951957,0.922925291819051
"2906",0.830155882081488,0.896513488016089,0.867451211165734,0.716357305766658,NA
"2907",0.966612027742113,1.00306970326934,0.786740647492844,0.801019693474849,0.973819112448463
"2908",0.958984505944997,0.991318597947336,0.810741561439521,0.891256690823212,1.07103471036331
"2909",0.968499376342324,0.932084214558133,0.730345540439553,0.804380333955834,0.989173208262599
"2910",0.975207179424815,0.871824681530301,0.808692078267986,0.620301466806545,NA
"2911",0.962780371016766,0.993020737256146,0.828074815758806,0.824341500521024,1.15862231744624
"2912",0.910462666166516,0.800912818685987,0.9604257682157,0.909905738231505,1.01128329762536
"2913",0.854912208366799,0.881840885924901,0.829172052915581,0.852734611963756,0.994870878002431
"2914",0.954190403348771,0.898403372396645,0.825210340397203,0.922294580009063,1.02850123943511
"2915",0.93489013063136,0.992710138236219,0.774258824625664,0.687770808819395,0.853183006356774
"2916",0.967868806897625,1.0022725732034,0.62819389296697,1.04261408335358,NA
"2917",0.944372057372057,0.946430630653401,0.829552565398904,0.955592895213117,0.97273383223179
"2918",0.775975822831683,0.889722479271567,0.742198558468268,0.994179883414981,1.10175144782356
"2919",0.792908675811574,0.98050204807673,0.791222632561397,0.765914506996144,0.81197013402131
"2920",0.860378213222356,0.844228280683658,0.832863623077931,0.80587645908757,NA
"2921",0.974074469331164,0.877900037506203,0.712620228548667,0.865574472287225,1.07566368316067
"2922",0.989197184403003,0.966178879750427,0.739465477029339,0.956696626189056,0.882276929112036
"2923",0.973748482430706,0.895960530445893,0.661508682697218,0.909516292200667,0.947582211759855
"2924",0.880662261059687,0.849026712367895,0.719510371231148,0.917554716890289,0.951256615922564
"2925",0.958039060373402,0.977226610639014,0.830560698953512,0.895416552595652,NA
"2926",0.899854987068657,0.906587135402047,0.73641459021085,1.06621125390085,0.916336544176045
"2927",0.989157972400114,0.982652316362557,0.952321192295785,1.01433257953213,1.04228839826967
"2928",0.9060167490527,0.982373247273343,0.600234684612358,0.950828912804709,0.994477214465603
"2929",0.906934211823428,0.816943219806551,0.668001453637318,0.839468689584327,1.04964883828727
"2930",0.952259182050944,0.905160382521201,0.713143050842164,0.848531351497054,0.914196065000087
"2931",0.966268033284889,0.978998988630004,0.672739596712048,0.901315209853365,1.02113802519043
"2932",0.988893498745468,0.950349518724437,0.841093719723233,0.816495609349941,NA
"2933",0.903952906203104,0.978349641139846,0.808431060021936,0.927846793621973,0.975994150205989
"2934",0.98302041938769,0.990455260987624,0.833571079895485,0.727233288421642,0.908779142021272
"2935",0.910493313653831,0.98622362565469,0.664991198764635,1.10039753450079,1.16260879347981
"2936",0.978127069463912,0.974766325901758,0.781191016683001,0.874957122108414,0.797208962855339
"2937",0.966777664378835,0.882284140882463,0.811036328203789,0.886204217055419,1.1591872320098
"2938",0.973546256287974,0.989937876046789,0.786177699765834,0.913026554025795,0.940999942175618
"2939",0.964784540192863,0.885743718516688,0.659615690555182,0.959473047482385,0.954356524659683
"2940",0.875078978797952,0.990266875391555,1.03720180326149,0.773016067644796,0.956877073984223
"2941",0.9729985971554,0.916816607427756,0.75087780801183,0.882476987351814,0.92181066469923
"2942",0.86492579322822,0.989394772057467,0.95621104057845,0.79199526846777,0.983529722248854
"2943",0.952174541926811,0.876175909519397,0.820506260508731,0.838568222116743,1.02821039828118
"2944",0.961955230347157,0.932777829580169,0.724472240191746,0.922091829308787,0.844955271284584
"2945",0.893281389291655,0.981781259621542,0.925736343361294,0.928168310441076,0.898091867262587
"2946",0.973757308101012,0.99848007451599,0.76781520696601,0.915573635714236,0.942076456192164
"2947",0.88998607171895,0.996520243795531,0.853123573907906,0.737728204022905,NA
"2948",0.966961200614297,0.952238409316779,0.832589047328778,0.893187951850913,0.902559366509966
"2949",0.865147989728796,0.958797178884422,0.761959765156403,0.994744147884784,NA
"2950",0.945700695709741,0.965575947359175,0.834714288509141,0.651217409525279,0.907111344857436
"2951",0.972233712444039,0.96205918207958,0.706190895116805,0.846169545965141,1.05349015776288
"2952",0.962736787210909,0.884275219919891,0.695801704606326,0.71718887858297,0.903542457805346
"2953",0.94599534217703,0.749512346956356,1.03597400139743,0.72648449476594,0.930602532653757
"2954",0.982900207100825,0.972467923823499,0.704638532894079,NA,NA
"2955",0.989978177512329,0.877514452730215,0.774150532007691,0.837387286567153,0.939400841355509
"2956",0.968282579815081,0.992179966080859,0.664795060562158,0.945363375531535,1.04877378879488
"2957",0.911361217786444,0.965330491766783,0.538634643639035,NA,NA
"2958",0.9170054842355,0.703885448534104,0.627781801016508,0.837186626428192,0.994603648556144
"2959",0.989576635701475,0.98034172897387,0.648265923929568,0.791524496224956,NA
"2960",0.987723578849804,0.835419720169479,0.672405955022093,0.822020278382554,1.09665692141814
"2961",0.886926272889888,0.927707741884697,0.721435849631403,0.829264886651235,1.00374510341183
"2962",0.951440665319588,0.935002942059932,0.89615378966497,0.933271208791935,0.889162744825454
"2963",0.96007996096346,0.971236057500322,0.651578851496706,0.852578102389145,0.926766411585182
"2964",0.747526605806479,0.935481034837754,0.634397886143095,0.833260101521858,0.963346001221572
"2965",0.86519800520362,0.978785874565888,0.935611463876961,0.954519440240776,0.908359371062685
"2966",0.955075907818499,0.855936557817713,0.761586184578796,0.862458450905671,0.916893470439775
"2967",0.849555927250719,0.770122549448561,0.663458719515477,1.01086418132645,0.873044916084203
"2968",0.981439156654222,0.849695240935677,0.816801751973491,0.949037162196658,0.896831037980742
"2969",0.906677887022437,0.99276628803346,0.620270323931484,0.911606010074216,0.962976618514116
"2970",0.942920611555692,0.9990157971322,0.86478076704429,0.806619477287259,1.16580814124591
"2971",0.95930167255824,0.945048883269265,0.674982986801092,0.880467819164254,1.01960216709801
"2972",0.876877394141809,0.991702011755926,0.743432840263135,0.943394314627702,0.83868355279379
"2973",0.959133879103684,0.856685885490471,0.524474231692251,0.905735605465584,0.95487878233729
"2974",0.908021104519877,0.815203720971385,0.729880087347298,0.729009427438455,NA
"2975",0.974602763193312,0.988061306131826,0.807805404493763,0.867028990024194,0.770529774978683
"2976",0.961202440092747,1.00314483497777,0.692465569693134,0.950998563525758,1.00924225306918
"2977",0.986647234193453,0.98155395941681,0.719207523808928,0.956733805073433,NA
"2978",0.960884394169945,0.983970986096894,0.618888740957263,0.851145249289842,1.05380215733022
"2979",0.944818552504538,0.91452563564785,0.818652766826191,0.964994140815407,0.872902684487637
"2980",0.98594469489177,0.946551273704816,0.959764899258052,0.768988998035556,1.05552807202594
"2981",0.972515119768675,0.711539559932556,0.800710268857462,0.927398849798316,0.794943396588102
"2982",0.942591723359729,0.907944443966909,0.713205664016283,0.747994083820016,0.961805393752438
"2983",0.941088495583144,0.960357716014436,0.725672657441468,0.879473749044356,0.854683301370791
"2984",0.961450691355384,0.782532934779511,0.846401289510919,0.861674141724325,0.998616669790395
"2985",0.87178451760387,0.981705615063766,0.8849182391233,0.821114341783188,0.932657673644457
"2986",0.95520716401755,0.967424547920424,0.739648187628847,0.767068438222884,0.896980915108849
"2987",0.863341054681194,0.867279436685853,0.832537798328479,0.900511031521362,1.03054278788811
"2988",0.893528436666067,0.656710596864803,0.76577026780394,0.866934210249141,1.02647184400127
"2989",0.987683744590349,0.970453603491794,0.622843664047563,0.996297948929745,0.960692718584339
"2990",0.81038505236728,1.00171117994348,0.944958754601175,0.823693320393036,1.17679732925526
"2991",0.830142716036955,0.957702452862847,1.03738570345229,0.71295525071856,NA
"2992",0.977739955232988,0.980185459493565,1.04215640085677,0.683178552818621,0.854448323568122
"2993",0.950269547286858,0.891715866982735,0.974506420664704,0.846812508648583,1.08574935549916
"2994",0.975605753022731,0.949277201199891,0.922745183764941,0.739927729927033,0.914960401234212
"2995",0.948066497957599,0.916404734157576,0.659462092896444,0.897155542060547,0.952575476364274
"2996",0.985027509530915,0.919141104425878,0.707917184060728,0.786321799782284,1.12062854902186
"2997",0.979594880016665,0.966029787375592,0.812845591163819,0.807274571615356,1.02811848462854
"2998",0.969714237178215,0.982682461333961,0.696882387581597,0.896943245730646,1.03280907234753
"2999",0.977683103947174,0.807356430553485,0.647410546316412,0.929446015227205,NA
"3000",0.890445817101481,0.827410252081988,0.817927827240745,0.790536470201989,NA
"3001",0.884906336533684,0.745556995769555,0.704017152634503,0.682132560464996,1.10416356419344
"3002",0.945523077960681,0.994599781243307,0.687007524149058,1.08824132618527,1.08625405805609
"3003",0.925263407978639,0.990506175982556,0.769537892919652,1.08884408064954,1.1888785502648
"3004",0.975114666293506,0.902828294501888,0.666180414179766,0.854120087388757,NA
"3005",0.913665597807811,0.975308537940564,0.720115071175113,1.00698560992494,0.929010196409847
"3006",0.973383542787349,0.848686169091808,0.840006346667155,0.822299533455717,1.0014654866523
"3007",0.979758718538497,0.931979709760497,0.773781776442199,0.903110613546027,0.933121420561056
"3008",0.888688148648145,0.932908924261844,0.692142275727239,0.824057323009576,0.920872739693566
"3009",0.982057050788532,0.885956567728574,0.949478253882531,0.992015708118838,1.15584871899416
"3010",0.82853605099906,0.997454966116927,0.882556262901889,0.841306072584646,0.994665755359074
"3011",0.955661370022072,0.926340990535172,0.736502182218831,0.823815785439996,0.937248562768956
"3012",0.937583577162757,0.984495039625279,0.818807749584482,0.912557499968108,NA
"3013",0.980884428626439,0.981162100160309,0.562383667407348,0.813152581174334,0.91714251186738
"3014",0.882860908937075,0.94986128722832,0.872494711802107,0.734849514821941,1.14553625007379
"3015",0.916431638339819,0.969268426064024,0.83252726837722,0.842561792322775,0.975745220724024
"3016",0.969914576738889,0.97475273798105,0.684453517010322,0.845815415409557,0.869567143371515
"3017",0.965250893136993,0.981270212271018,0.726691682757586,0.769482742001004,1.15956571900498
"3018",0.946364497015654,0.975577763494579,0.832483412198954,0.845671900606933,0.902291331023754
"3019",0.970612210302558,0.893948848843258,0.840579956703751,0.620833728680141,0.922484835585051
"3020",0.984977578463735,0.934426147204442,0.703647365045969,1.01608015331183,NA
"3021",0.964632309190812,0.916088471994414,0.853577917635265,0.650287522312349,0.975977659331615
"3022",0.926944499933129,0.967784842576993,0.764074446431008,0.869271325506594,0.934332452715277
"3023",0.954379041471918,0.95798946933772,0.672915801047342,0.847542733364929,0.988822736465419
"3024",0.969055587590682,0.874556645537295,0.821802907140498,0.877272252243444,1.13025103459761
"3025",0.870554508395762,0.995157078062556,0.610002606143078,0.869022159310444,0.94883782378395
"3026",0.972518196825879,0.99895178655637,0.617405996158355,0.745933209501696,0.916884035847896
"3027",0.964775426430841,0.980099233001356,0.706682620548877,0.740029972481543,1.0218013915853
"3028",0.96115217246597,0.783268170399149,0.941875621744385,0.882861320627539,1.11410734807895
"3029",0.980824096809422,0.947904953650403,0.807440428035539,0.899849356379158,NA
"3030",0.96664050133286,0.993523963375865,0.617896888377832,1.0747246704086,0.986112458206153
"3031",0.909187979309764,0.665339258799623,0.955502803543956,0.929246156570814,0.964458876438816
"3032",0.957393078224349,0.929690871810473,0.800219857401813,0.727935128904893,1.11737882106169
"3033",0.961892864815212,0.988230055870332,0.762904576991756,0.942064332357143,1.02127514528349
"3034",0.9697718719614,0.831576961157043,0.741617306164913,0.836809459276852,0.991537914216177
"3035",0.98514719324133,0.973129253208503,0.701678710270259,0.797294717509513,0.936088525901993
"3036",0.989067130568235,0.996128711109712,0.757321002210479,0.773611239261213,1.07053085249193
"3037",0.897308940414687,0.991299753781753,0.88222082210042,0.684342250026373,0.985285174769065
"3038",0.948986008740156,0.987494117067846,0.78024361459694,0.773076064405214,1.04244688669513
"3039",0.97248322649479,0.917501464274408,0.837909124308415,0.775873727297761,1.01226141369983
"3040",0.970267579405557,0.926874104409309,0.763913601229294,0.947502700202636,1.02838002665036
"3041",0.966818689220411,0.826736613106737,0.757070644365484,0.760514241539318,0.972106306592048
"3042",0.9724316367099,0.861164428890003,0.728311470226643,0.949807153450798,0.862805754766845
"3043",0.971850007184974,0.970209392087762,0.737886738421446,0.795557230151878,1.01016313542174
"3044",0.891430901833582,0.950322629836656,0.891029548298238,0.726840726120723,0.968406461960973
"3045",0.972513566083753,0.973285284934025,0.955117987996845,1.01598798856969,0.877473092495356
"3046",0.946544371562367,0.99581294796568,0.694522401006917,0.825019203662229,0.980122386116549
"3047",0.803310668677863,0.880763991483151,0.822813578377812,0.891645375047888,0.88496039381397
"3048",0.976212207377624,0.934690671842794,0.68400658749061,1.09127959611332,0.964577804245589
"3049",0.963145776340131,0.832869998903057,0.720014500210638,0.599101867848758,NA
"3050",0.96176477066203,0.977457978548206,0.706238567748128,0.907259215150221,NA
"3051",0.877741700377594,0.974612576862716,0.7429865059989,0.866465013693746,1.06039089227278
"3052",0.961165499254636,0.975085816394728,0.830416610653957,0.867321649096521,0.920920266872944
"3053",0.984835759875547,0.974997011539447,0.805640304662663,0.831022372161587,1.08235705286479
"3054",0.926570113775612,0.976744207842825,0.700764420670905,0.6703583259751,0.984383477698956
"3055",0.89056774517355,0.909319660153032,0.802315260904843,0.742818782348206,0.913211541768097
"3056",0.873913437300461,0.899036682066326,0.724824846507166,0.851463257641475,0.938154360248711
"3057",0.851221546118897,0.991295472688835,0.760041941666536,1.02316250515262,0.913203783575963
"3058",0.967816447746776,0.832607460156056,0.540718202868533,0.81293512576282,0.798661190626868
"3059",0.751435953759678,0.902006488694749,0.807659780390546,0.943021225582318,0.874356424896822
"3060",0.963746149729337,0.986570735526036,0.849090086258239,0.732561093484328,0.962334030965638
"3061",0.967620747932582,0.992911943721814,0.851769665524195,0.864790104199008,1.13401413624489
"3062",0.937866474089934,0.981066791340587,0.722909077629642,0.972220539624978,1.14243644421464
"3063",0.968659879704195,0.995516294305871,0.753013711094042,1.0938856332297,1.04547047695819
"3064",0.892305453733237,0.928736434104729,0.68167987477033,0.736225033739719,0.793391007402444
"3065",0.981491387027108,0.984997527936147,0.776058506232009,1.04676501630532,0.954518486751171
"3066",0.839472285334113,0.997163903604455,0.720728387423007,0.792741095263441,1.01313528135765
"3067",0.979041056562304,0.803509257807867,0.645040294548979,0.932800132878405,1.18698236989385
"3068",0.990568932484486,0.979077083651446,0.800741898783636,0.778308561739282,0.83268253753266
"3069",0.974820081964933,0.957629703335699,0.751014369200038,0.797315816940635,0.986709437155092
"3070",0.815093884687123,0.961912884166223,0.654770738283694,0.922807419085893,1.18606507056363
"3071",0.969397213445911,0.993300520051621,0.887974759310612,0.841082152629683,1.15361604763196
"3072",0.966956667712823,0.737554235667834,0.770626694084941,0.964288009961689,NA
"3073",0.920657906686131,1.00161287431748,0.800382425222562,0.929712696913679,0.942098272879806
"3074",0.925026240011622,0.982541802780171,0.753886467582333,0.968205665456889,0.861812108679549
"3075",0.955826751576422,1.00478001116411,0.79387477542672,0.762405154018096,0.729553228052716
"3076",0.968039225947859,0.896930438495571,0.566070673073988,0.84389789793839,1.03044073671512
"3077",0.838901840693685,0.980900783247344,0.782005490505776,0.875783138131822,NA
"3078",0.946684107603352,0.81567462397827,0.663861507545314,0.980264536461561,1.06440979568819
"3079",0.967269165540557,0.910535533801913,0.781727747312441,0.808259161577635,1.12340411305863
"3080",0.948125238747705,0.977890072234243,0.759288195707794,0.925152664452986,0.935467927931971
"3081",0.987941867042316,0.983210325406525,0.723893231888807,0.769399976732877,0.91294183176924
"3082",0.826249656781623,0.96644194790807,0.626481212644697,0.85861985924947,1.11849469308014
"3083",0.980473917642607,0.886584139598399,0.754491217859149,0.972651028615406,0.928990697882305
"3084",0.904800310557678,0.977765869331293,0.84717757473273,0.828976219028017,0.99343007833226
"3085",0.968792550665647,0.894565400230222,0.851162941859173,0.888864548552448,0.846446778964373
"3086",0.950672201597212,0.939030772860754,0.907069703739658,0.875642821357201,NA
"3087",0.955119510552948,0.969529324604462,0.635326602389496,1.0847651544655,1.14436355626208
"3088",0.925728602790972,0.995757370400249,0.643632389097287,0.744812627453156,0.968017340884768
"3089",0.966622357959606,0.815192470060288,0.844610723284598,0.847386919841095,1.05379708173977
"3090",0.943900789137862,0.979700004493428,0.688576889059159,0.762913793938586,1.01739895663701
"3091",0.924042210162515,0.981423915119011,0.589777756062007,NA,NA
"3092",0.983193048755078,0.979610002709259,0.766878137082715,0.820123318956311,1.00826165931863
"3093",0.951682973432155,0.923660612235016,0.781661377455641,0.718345540234759,0.972290071246004
"3094",0.917931832597899,0.987272564062457,1.02656973861465,0.778826409045538,0.97309387004087
"3095",0.976943516048548,0.95395540902072,0.736544337524197,0.791527705211017,0.837057374638385
"3096",0.972124736173123,0.991499106826933,0.881368739450981,0.894351663103424,0.958234364898064
"3097",0.91744918186398,0.970834080277974,0.824358244081211,0.840370517956844,1.13845903027506
"3098",0.927389294411365,0.990878406632701,0.793820081749702,0.816743451474731,NA
"3099",0.942183750857615,0.963240241900257,0.766791966489715,0.978670461309186,0.769681125965055
"3100",0.975879777065449,0.987292132553957,0.891371636139313,0.904449702330971,1.09724769772116
"3101",0.948318845055256,0.887853158243375,0.603342307804394,0.886532874767649,0.964388052510543
"3102",0.97644213120581,0.994362101566015,0.841956036730205,0.875087274123936,NA
"3103",0.968851292098224,0.979345365994698,0.586882113288159,0.754707643963382,1.02138308126856
"3104",0.861182001846152,0.975584374034111,0.879076508313567,0.830404997455052,1.07922350458409
"3105",0.892987799227401,0.992004839793691,0.8093039748384,0.967022659500022,0.985046315885826
"3106",0.987603553720594,0.902219061085319,0.742113404032852,0.758680680428429,1.04231175464405
"3107",0.950099162231432,0.834039362312824,0.806956556429854,0.741558900717536,0.866497222510286
"3108",0.969487709215558,0.989362980398502,0.667994131369707,0.798708918438493,0.945296348116593
"3109",0.981248617500297,0.725833642364011,0.665507970042831,0.769241558217348,1.08361262331551
"3110",0.979530413247848,0.990911818045092,0.880186187314282,0.815104947926435,NA
"3111",0.854158013989857,0.949509991895547,0.671504600725747,0.955109978566841,1.00876723180108
"3112",0.913742800203308,0.956845286738429,0.514751123883205,NA,NA
"3113",0.661627935086187,0.999244508872909,0.779482407559947,0.909076403691462,1.16828005795487
"3114",0.869330161981694,0.737425879573046,0.680467568205993,0.758355426284885,0.966058486657942
"3115",0.776496708705723,0.942550806048644,0.888327769530067,0.857501132966587,1.07191586354005
"3116",0.8752759846218,0.828106122103147,0.659066833531083,0.821644698852369,0.952960378828249
"3117",0.940670728486563,0.906366279493958,0.615173780386847,0.804388558258725,1.11941321251342
"3118",0.944522592474156,1.00575820078004,0.660762493039023,0.827288421377362,0.821940092528384
"3119",0.964494960389494,0.940638522682241,0.679082717568354,1.10764840471502,0.8788996591531
"3120",0.960842524389595,0.917663720207517,0.592991202470793,0.826188375891901,1.09680629945426
"3121",0.857777361087736,0.99256192702532,0.652099357823506,0.739020918568666,1.02284120142163
"3122",0.979132126827561,0.97299797513196,0.758521037676006,0.923350564948835,1.011642412673
"3123",0.959415605615265,0.918443446097006,0.714548699146721,0.956909649739347,0.988248817141311
"3124",0.948124859268952,0.868718314627099,0.771385421643169,1.03047322546992,NA
"3125",0.983285417907632,0.912387023563117,0.901404719224691,0.714674723000482,0.972097885988849
"3126",0.964744712907983,0.965840204859693,0.741332696134816,0.829364324438191,0.957866749891409
"3127",0.889540502745209,0.97041469607721,0.802234136389252,0.775325718647729,0.962742367852718
"3128",0.97121287115849,0.908210171415406,0.582823729868461,0.957648169710031,1.05303632548422
"3129",0.970808915792449,0.987917635405001,0.815827671111774,1.08267937935816,1.00194545076711
"3130",0.91103452626452,0.988891130013883,0.806226817710373,1.08831289961797,1.07724280668219
"3131",0.982298032729846,0.858167227291063,0.71257218863321,0.874483428736373,0.940046949200098
"3132",0.972363127186883,0.998450932622124,0.637650856146309,1.02587054679046,NA
"3133",0.960859705896448,0.963216703471223,0.758437953255465,0.858567052051585,1.17717972938745
"3134",0.916971318926271,0.869026524707683,0.804218259008541,0.934618637764047,0.978821300800084
"3135",0.97718024177042,0.736540009414543,0.57766863751507,0.84192024252485,1.18964963775406
"3136",0.969975501679566,0.965657433025405,0.753673846869954,0.895613908672944,1.17455828227884
"3137",0.992487407702803,0.976109836072173,0.705352889693363,0.806776839077053,0.916508519002867
"3138",0.964045275518612,0.999481406777534,0.751749660223963,0.868911993172221,1.04141457441414
"3139",0.857352628177847,0.992809689744074,0.773362061859534,0.832056707595661,0.951811894447251
"3140",NA,NA,NA,NA,NA
"3141",0.947985064142454,0.852263230361314,0.752329860357391,0.942279636776256,0.835596664752712
"3142",0.974429354844411,0.98549101519339,0.704231120675277,0.905658282257957,NA
"3143",0.974932496229415,0.992367010867281,0.69839581702518,0.943798786280021,0.948716621274626
"3144",0.978572266010129,0.962178374204794,0.599311764295641,0.912068387839735,1.00963865709576
"3145",0.990766012074668,0.975921251232232,0.658568383500569,0.785174102907139,1.05003769567667
"3146",0.873940424046948,0.995322217429983,0.853860649590131,0.773114074696788,NA
"3147",0.949566005074889,0.964866930981139,0.86494259429226,0.720407087890473,1.00657570047065
"3148",0.901804837353414,0.857793257281991,0.657955601351559,0.828033835757319,NA
"3149",0.927621215294765,0.974031585063996,0.618255883858258,0.620348768546245,NA
"3150",0.978670653321297,0.979688658697263,0.855618313129618,0.722563659158496,0.953146220707675
"3151",0.895809439913351,0.930021571647552,0.745262834337666,0.725527661567711,0.969587885045116
"3152",0.969919125480224,0.972331254163969,0.653731618936372,0.830026579955696,0.957165359839063
"3153",0.888792414612219,0.90037110511006,0.943676381444275,0.821366813014776,1.0231333091346
"3154",0.958044489551992,0.972879511921991,0.574681475840939,0.887896208021628,1.00408456992729
"3155",0.996611255841492,0.802830073744844,0.816342675658041,NA,NA
"3156",0.870922212546424,0.900119439708399,0.625026496318686,0.834001190679117,0.874159039000427
"3157",0.972077678192522,0.860995736246531,0.640590537947033,0.93495232958691,NA
"3158",0.964435402112371,0.966106233012152,0.758213396685974,0.687865322449304,0.938085768895746
"3159",0.943657229009368,0.879532971441589,0.698398519539521,0.753475992692992,0.935705047491178
"3160",0.915916013237372,0.967655742118513,0.790359381214143,0.939943611922692,0.954724602638034
"3161",0.943344480392618,0.901572852658637,NA,NA,NA
"3162",0.881170671834358,0.996714368989863,0.894617239224217,0.89082231323127,1.03680078370051
"3163",0.976194121557365,0.955402556977727,0.980082835159719,0.846831448524743,0.917869879695324
"3164",0.971595832940121,0.859851566463674,0.647798673948551,0.815284761217145,NA
"3165",0.897865779426454,0.904085237980918,0.692130398550697,0.899038321393064,NA
"3166",0.946868217893704,0.964154506787277,0.812227675934484,0.773293621356217,1.089270809541
"3167",0.959044111447952,0.990712525319956,0.788656853825355,0.903421201230646,1.14615115587725
"3168",0.989299449286807,0.953144567572767,0.778248663568184,0.839920148624823,NA
"3169",0.97956978652382,0.994158456797791,0.94970102513562,0.752741220411067,0.884134994153422
"3170",0.973333465120128,0.986424083131681,0.699543170453064,0.899747376526643,0.780462467368893
"3171",0.80961021677072,0.860409392700664,0.773127677298663,0.830362663917745,0.881968739029501
"3172",0.90115830733644,0.961506239747753,0.591735111927992,0.920367781146528,1.00846755673107
"3173",0.981733577023844,0.958742650726929,0.783403814351656,0.711278874800718,0.766564654330696
"3174",0.896172344776379,0.876685537294584,0.650731714236001,0.792886198305774,1.05208519407063
"3175",0.980119156076288,0.937043550359626,0.861076818312045,0.558452082455592,NA
"3176",0.817773646973301,0.986754054794266,0.684369500585347,0.840962231935498,1.00394288701404
"3177",0.954503478574441,0.75555396100594,0.686211877559125,1.04591013803389,1.00475146810719
"3178",0.948560411464945,0.98166596301038,0.73630122535125,0.889965761784234,0.809817780870831
"3179",0.979849247605279,0.969319780246903,0.661324621225564,0.614725469295236,0.883073220232648
"3180",0.98356435854416,0.875936371839739,0.827635183439277,0.797856560386371,1.00687638893215
"3181",0.918312524710964,0.970752380355822,0.837457244639808,NA,NA
"3182",0.976599503598433,0.974411442380744,0.984388538713455,0.999682936341229,NA
"3183",0.973039907342772,0.992902273128593,0.648213728289082,0.771821394585252,0.909606576673042
"3184",0.971736980070118,0.984633467375365,0.960782192663279,0.900208492130121,0.750113659790587
"3185",0.966451144792557,0.972393211754995,0.750709725777302,0.879488324654928,0.8457565413612
"3186",0.992894463912225,1.00180626151383,0.659506409615741,0.856703064611849,1.09814260896187
"3187",NA,NA,NA,NA,NA
"3188",0.968981289618887,0.881612663746326,0.876346198708967,0.648418830443593,1.20019206332091
"3189",0.98631476557912,0.981001169418816,0.707465934251024,0.773561086976984,1.06540933354895
"3190",0.974957012976337,0.904776688830123,0.631795204811607,0.846898315797797,1.0514581403076
"3191",0.927908650481256,0.995068511416225,0.784596903707913,0.844288002699504,0.870371383853589
"3192",0.966431921415226,0.92147720006587,0.637565161984625,0.803840944539227,1.11203839167899
"3193",0.951865501665136,0.834487552859406,0.857918313093168,0.798246953426339,1.01703348432632
"3194",0.709138567952872,0.992914830055541,0.921488562621267,0.77875336730316,0.996659197427167
"3195",0.872742161285986,0.969771874418679,0.739504107056884,0.701694581572195,0.925885554011518
"3196",0.977188609433862,0.972681085596824,0.77427908231692,0.953632903805093,0.96403615413092
"3197",0.853540041722193,0.988994995832512,0.784210033554524,0.748193775922142,0.887594557926464
"3198",0.954438638765207,0.993690720149395,0.914871461313107,0.816893193764367,0.95825895788727
"3199",0.952391131304548,0.981206235684764,0.800920090262813,0.848544968642692,0.946637154306696
"3200",0.887723923087596,0.991279362999013,0.758167069099228,1.03240825354686,NA
"3201",0.976334028316831,0.995844415950868,0.872014095473499,0.795535035251238,1.01136631745232
"3202",0.979127578170129,0.804424805475619,0.687191675617902,0.824310647520712,1.08555780593956
"3203",0.975189946621584,0.902070959002407,0.64062903031412,0.87855494516248,0.90730645020714
"3204",0.961778652826612,0.888564129813871,0.689671249982567,1.04635547847493,0.861068807329682
"3205",0.836908569621968,0.844002298215747,0.811514816339334,0.698403383790331,0.976142590057705
"3206",0.814832154189288,0.959542107374202,0.490147543717742,0.636665461777976,0.848474375360892
"3207",0.94326998908029,0.921401838357016,0.891969537924959,0.833629677462788,0.99363237767985
"3208",0.973999002476287,0.992601117645237,0.756997751630784,0.804066416677932,0.812440338764231
"3209",0.954575533949622,0.870707965198618,0.839749424029888,0.959234505698398,1.06827382052273
"3210",0.912693986811333,0.991458195334283,0.900403837462975,1.01833785497198,1.06741686226798
"3211",0.931567449716588,0.931163584000924,0.693030446402101,0.832232243748317,NA
"3212",0.849055908569278,0.978272390494535,0.740182625958748,0.850326258758678,0.911664198815806
"3213",0.963499258024738,0.917293955531429,0.772145590205381,0.738120547696066,0.959126909950663
"3214",0.795922127890216,0.94309940552797,0.837350799757341,1.08172248747576,NA
"3215",0.968798622335578,0.979684089703788,0.849851071399281,0.910253310167566,1.03283598060735
"3216",0.947318216638581,0.933723963304631,0.789735390369093,0.863660634308586,NA
"3217",0.781356637719656,0.989377328743476,0.913622883530067,0.822266216787552,1.00030046364513
"3218",0.945600532034194,0.997221212200272,0.760976165770284,1.08826382999028,1.03641011501074
"3219",0.945678424988323,0.985355457953132,0.738246282426547,0.955885075711452,1.17621425042661
"3220",0.972268626655081,0.982663060426733,0.62913370530867,0.889929376738692,0.887961234951883
"3221",0.946393331277656,0.898487032994321,0.801209655311585,0.895318067613596,0.889160427570088
"3222",0.922500538114449,0.933797460627809,0.811153238387688,0.681532641939296,NA
"3223",0.952885108581834,0.937680231724472,0.766891952523869,0.912783494240706,1.17388915141833
"3224",0.947354619988992,0.875444015532455,0.954565468934213,0.903318334559218,0.93516551195545
"3225",0.950198191659486,1.00519624483289,0.75707451144125,0.942764519475509,1.07513514442566
"3226",0.904190398079094,0.977468430082187,0.744533158896352,0.821683401751525,0.96908783838337
"3227",0.879968854644081,0.679378882731976,0.643166650267115,0.777078076185845,0.82482350861605
"3228",0.972686688236385,0.871145242526336,0.871571076047518,0.825055835519179,0.894670850993883
"3229",0.953122866077542,0.928780428228499,0.764823719743008,0.863831854255736,1.09703384897418
"3230",0.949599921362918,0.875574407717846,0.668091151545599,0.835863190840756,0.868569864911762
"3231",0.981231197211945,0.864087840451305,0.71681479484692,0.842139008071387,1.06853820235173
"3232",0.972332398263536,0.983202877809627,0.823391288876572,0.864963742427898,0.921612873353331
"3233",0.974682024231371,0.965804092379178,0.732931872318465,1.02227731115225,NA
"3234",0.939621714753741,0.874560687587798,0.878522823181121,0.927052350059041,0.77222995958249
"3235",0.830085568008349,0.977448587559083,0.753924584729176,0.9679608471899,1.02242587528954
"3236",0.902668383958758,0.791411960903083,0.722796261266536,0.866146006161199,0.868600644682665
"3237",0.975306439827341,0.981374284395632,0.860979608693813,0.839073621276188,1.06731442354473
"3238",0.985918553227034,0.942947496573194,0.716873435016155,0.804756038330238,1.11416590015994
"3239",0.958687419452072,0.927001198980003,0.91959170431369,NA,NA
"3240",0.982632156511722,0.972876929773038,0.57153943567393,1.00251269270606,0.997379656931583
"3241",0.979960076586574,0.891703572825944,0.945583726352391,0.983359909657271,NA
"3242",0.917182027992832,0.869913307203428,0.721176165083818,0.619443055007514,0.96710132553772
"3243",0.809472509375212,0.920939063165647,0.683005944696923,0.907199986523549,1.18008253631937
"3244",0.979759801438827,0.984942657751401,0.67105404051334,0.911535727693194,0.9808823863877
"3245",0.852380622597556,0.921086693819893,0.700042971822335,0.900236653914265,0.795463168785582
"3246",0.980956032911022,0.827628884952079,0.635948926613007,1.03457586218047,0.992154634813934
"3247",0.922541750834983,0.994776423736487,0.748714303897942,0.843631305416981,0.905334598774757
"3248",0.878415573351343,0.975247200360108,0.870064922130967,0.89460462620629,1.18119914077601
"3249",0.87297757665489,0.996371248285151,0.78698468255592,0.973834042711316,1.0684059910009
"3250",0.893645685191753,0.967171950109361,0.742446398131975,0.877540880918423,0.895674397351525
"3251",0.974315864575839,0.986075098797597,0.600090027426678,0.884550995283681,0.995933909273158
"3252",0.987344997837976,0.965771513632342,0.88720991210749,0.789014130986545,0.928758733369476
"3253",0.966957457282836,0.845456963870442,0.820388670558863,0.852221755071269,0.917441267515654
"3254",0.976223992193053,0.988132441078971,0.803528094053934,0.964783807134936,1.0294316628915
"3255",0.975565281493528,0.852077696628819,0.810092950824202,1.03578355716268,0.860743408409394
"3256",0.93119574726862,0.919104568725872,0.802974582595641,0.983566215756227,NA
"3257",0.97429925471873,0.996827849587323,0.616551658278537,0.770536053983742,1.00414683724868
"3258",0.915516091346421,0.938645264768969,0.751852108024208,1.02781599794507,1.06157740022198
"3259",0.973807813656942,0.973372397775883,0.734571092297475,0.748857227134095,0.872628555241335
"3260",0.789742604673876,0.958489409547369,0.541452919219092,0.679640340503531,NA
"3261",0.96667739079132,0.961464903381124,0.779126144055389,0.716370578961006,0.919462375242443
"3262",0.925742617477356,0.977101683664546,0.591571035426774,0.952092069583495,1.02572999842786
"3263",0.968042772309955,0.995459383515486,0.774557695752168,1.05056242729156,NA
"3264",0.948009762549004,0.982180016203272,0.790805360414673,0.859500433722771,0.956418720199049
"3265",0.903251953012182,0.780663954102959,0.674113092482104,0.782118687956848,1.03147794223138
"3266",0.971707857286002,1.00024355159214,0.715451349807734,0.762603586962628,NA
"3267",0.981538421809802,0.818447789579312,0.990471669398203,0.910841382304274,0.823763231747996
"3268",0.946697519298327,0.982032866468342,0.82228840971284,0.998372152469766,0.877153794959283
"3269",0.97024944210607,0.981207947772748,0.849158471686428,0.867018356567897,1.18144849116921
"3270",0.676176659330985,0.954727730272556,0.857044817852618,0.797443663636295,1.02064705424152
"3271",0.877374560413405,0.979561537258557,0.752915327549658,0.893928508037479,1.04581407225965
"3272",0.977352057682133,0.99727055882102,0.701251099588164,1.01608353751465,0.910618174779477
"3273",0.981768396511299,0.97378905866371,0.756265520181533,0.773775272152076,1.00320453310334
"3274",0.937243083810696,0.780800388933249,0.761726320345651,0.785654541884204,1.06032018108995
"3275",0.967822587550882,0.921042266259702,0.758760002839733,0.932851635293371,1.00810426629282
"3276",0.896606820770204,0.91246587013787,0.736053768750888,0.965090287118014,0.944106772088412
"3277",0.889135948064143,0.987735287538583,0.746339592028665,1.08372657064018,0.938052622496074
"3278",0.944151956594816,0.953052428199983,0.679410584848161,0.825258132933187,1.01798689593673
"3279",0.985497950660803,0.989952553272233,0.567506144342683,0.966738036187042,0.872299899498684
"3280",0.975633940663839,0.922800439700203,0.664683408965364,0.720815593832152,0.970749954298513
"3281",0.913911168413314,0.997119522991708,0.927030994094591,0.98462610877413,1.13772756230006
"3282",0.96252962498751,0.973935901536543,0.762370281815027,0.843558405575429,0.978362594991831
"3283",0.97016737768693,0.984904577608407,0.597731756414264,0.92460224420765,0.776620008055724
"3284",0.795285155278686,0.871344075824405,0.673392515795724,0.700358884361075,NA
"3285",0.950305789263599,0.991832275873471,0.898256207992623,0.849593600404282,0.95037077768612
"3286",0.983913903305245,0.890428434957029,0.802254522064443,0.778396410990217,0.897917468000346
"3287",0.940098948763944,0.987404387698811,0.782635583781518,0.869190146935293,1.0161645269782
"3288",0.935298850295425,0.953484757158828,0.652842827676683,0.679166099277753,0.962950763210396
"3289",0.886765431309264,0.992520527183,1.01216953492671,0.82125606654236,0.790298357379753
"3290",0.957911806262446,0.906512627125498,0.69446111681612,0.971263863958921,NA
"3291",0.950680782706308,0.982178001503876,0.768394714437722,0.919597259822334,0.907010524903935
"3292",0.973882237011537,0.985598937757514,0.653522074807931,0.828639662252971,1.11308008008882
"3293",0.978799024666613,0.95890737149149,0.60426635085533,0.962925461472167,0.796294299011284
"3294",0.97767704264299,0.991777380860361,0.708790015141842,1.03577040861657,0.906201041608685
"3295",0.983753801134435,0.912921585953232,0.709303712946746,0.820472310060873,NA
"3296",0.980455145302425,0.982037678387345,0.901400075802947,0.861571948090622,1.01293517886219
"3297",0.902477251798027,0.768719320368818,0.618255722935646,0.835032255130887,0.97557558272157
"3298",0.90780340341484,0.911943057604128,0.730422752051066,0.815399336068489,0.992753557514998
"3299",0.958786453037201,0.942366837555388,0.730574732416577,0.772645888633994,NA
"3300",0.949789521862516,0.881757806931205,0.8310448528287,0.96334337288245,1.00890935178687
"3301",0.964360255362926,0.967277789251542,0.601976634650894,0.880617641087626,1.02640203678143
"3302",0.875775663460868,0.802550013500232,0.953439829861116,0.684909126803787,0.94797926926301
"3303",0.981607761043333,0.953202898536611,0.703125989962431,0.838095013672906,0.99812837250221
"3304",0.857422003597308,0.990402829211272,0.733525424392912,0.815560633752863,0.888950202850369
"3305",0.889920060213045,0.998995535221116,0.744587457338369,0.904843261922443,NA
"3306",0.979684989385592,0.91570516473305,0.880829297049402,0.71283162135704,1.0094883565857
"3307",0.958599555890207,0.927408581677011,0.677160215266022,0.945937241629155,NA
"3308",0.826582317237724,0.988913305270601,0.616087537325487,0.742316734756922,0.964521842021469
"3309",0.961521987860626,0.994888726882857,0.674786389853506,0.806906753949595,0.940676159212252
"3310",0.970767714521854,0.908750677816095,0.794239982466057,0.908975225271686,0.873631895331897
"3311",0.943308262883847,0.861282769173717,0.635879318847086,0.928381838437327,0.996745664494135
"3312",0.971340112309008,0.991053357677383,0.679733033157472,NA,NA
"3313",0.970953206102928,0.966167558278713,0.889614916512457,0.892735071369556,0.990454829776884
"3314",0.89036235193102,0.895554366773388,0.70160078928214,0.671699841721151,0.953180138037353
"3315",0.919227700924769,0.991563076778956,0.7886467780951,1.00216464956769,1.17329358411943
"3316",0.895787917385175,0.989526413257108,0.834878464013143,0.96630868704146,0.943801470502556
"3317",0.97962045964205,0.799408329290058,0.865435157783419,0.799498844127045,0.910385809733417
"3318",0.93921825410482,0.914648494106005,0.702944898972506,0.963002013577121,1.11935383667264
"3319",0.922176782667752,0.947971033310275,0.556555802060908,0.810769045578757,1.11058228545773
"3320",0.972646865410372,0.958230592688088,0.950260170609697,0.824586876366744,1.05119118829323
"3321",0.937798686457312,0.994543718061076,0.886811345690999,0.75321985502083,1.02898838788175
"3322",0.952389509322605,0.949573747717177,0.828501857848096,1.0888127925651,1.10792423149643
"3323",0.876400518780416,0.833072924657825,0.707431961403343,0.748237825339312,1.00432303249592
"3324",0.917018279587618,0.848148005532203,0.824231285546153,0.899608360723293,0.998561250437907
"3325",0.947049508863057,0.992755150049621,0.718768362033832,0.934676642616343,0.885658391677389
"3326",0.975425445129553,0.8873074370322,0.735060721455663,0.824363688094915,NA
"3327",0.964795848950646,0.9131198493457,0.825602133588402,0.8587635873717,1.03908390214309
"3328",0.966615757171194,0.859470027163607,0.759009861518522,0.89125676628311,1.06699683512918
"3329",0.904815016823933,0.956805767976857,0.796371514002033,0.942759597447581,0.890413861229913
"3330",0.86916343781528,0.974088799932324,0.72328155703546,0.916701092667537,1.08988984568172
"3331",0.965739662294562,0.917016666081725,0.790934784841074,1.10896443259273,1.00608896377524
"3332",0.96550860620534,0.968152766367984,0.77463454943785,0.940038506360268,1.0025637617155
"3333",0.961252762172177,0.816084194889656,0.686751081936345,0.876702491931495,0.899982336827522
"3334",0.964868474298969,0.981456805749489,0.727593181242997,0.802572391788721,0.852652465896981
"3335",0.944115276677284,0.993579610567866,0.729362320417017,0.847559198283811,0.874725187379087
"3336",0.89468987692459,0.969563756296675,0.763375193495318,0.801555042131069,1.06612937795833
"3337",NA,NA,NA,NA,NA
"3338",0.932087214606457,0.990755449862974,1.03803745144443,NA,NA
"3339",0.976848312564113,0.929268224881927,0.951597512354977,0.850295407800157,1.10625690617623
"3340",0.967924795383156,0.990827841451633,0.748701998743294,0.711528654823528,1.07350888171671
"3341",0.979560130593453,0.952976284412517,0.707245042183057,0.952566741305995,1.05275202750852
"3342",0.964103013329984,0.985911581158753,0.771585204675944,0.974430837218505,0.854787043934264
"3343",0.946197960982499,0.848067674756198,0.605725988006381,0.752662151685652,1.06389268147341
"3344",0.972497961773184,0.995452789219381,0.59228884149073,0.721686982109619,0.994661778210768
"3345",0.850549040654811,0.977809880360446,0.616123326405384,0.757492050364179,0.976206697354406
"3346",0.936108961951829,0.864183168919718,0.736372805654533,0.939966885461512,0.796318985086214
"3347",0.852975451689863,0.974213560773341,0.821946802222038,0.753590237457982,1.08414109888122
"3348",0.873845647793443,0.982737688686829,0.63722571253785,0.911083572424136,0.925630306037152
"3349",0.962238354888768,0.862723434540229,0.792320552101229,0.963132941374463,1.17578447087961
"3350",0.964427152539597,0.939960008745161,0.726075898458435,1.01767036346244,0.890950317943606
"3351",0.812926002306043,0.910544579642859,0.579505178665186,1.10033115599159,0.993238945402185
"3352",0.969704320476618,0.888963900207832,0.925094415698731,0.802028521828909,0.893170912136362
"3353",0.971608094166836,0.980740063695706,0.838300527155163,0.957257774704956,0.954979273275009
"3354",0.947574764529011,0.92866723361138,0.816521425699305,0.821151580124559,NA
"3355",0.908887939789654,0.966623501544255,0.782972421016405,0.850193097335333,NA
"3356",0.960435115737768,0.885726214574638,0.880731958052062,0.671703822847222,1.07849426272634
"3357",0.831882310664172,0.923452895380726,0.791722619275233,0.816083182901327,1.13328749190984
"3358",0.951548134411062,0.889264377752836,0.740243343819493,0.732448623952484,0.917651252691819
"3359",0.98122770740959,0.905401187904,0.857013466058531,1.08735736705173,0.828454102742673
"3360",0.959431666122737,0.824604423036079,0.733354120053116,0.750075958951786,0.957716946096248
"3361",0.950437328915835,0.986551108159307,0.744158480190809,0.832959900902575,0.90100724705128
"3362",0.961925707232732,0.956759428203045,0.744970297211981,0.961394156952795,1.01093289335126
"3363",0.955753043535096,0.990343585706488,0.762964315630142,0.853462844965152,1.03688243073927
"3364",0.8791844671353,0.923153080285798,0.703233935143027,0.89888041331457,1.16168839726296
"3365",0.98127695901572,0.997756186276689,0.757433564487295,0.86425645684378,1.00785373972851
"3366",NA,NA,NA,NA,NA
"3367",0.878358773860869,0.992333906002762,0.443498354071682,0.768170756728575,0.886996688242982
"3368",0.966494054944141,0.854234962051111,0.766449749282682,1.01396836118939,0.947594506377285
"3369",0.906827600367071,0.894451734989103,0.794469316001128,0.988284707513129,NA
"3370",0.967115453984594,0.924819376773301,0.813457231378863,0.874537194359147,0.849151992553496
"3371",0.894900728331759,0.994400895438234,0.81418547291828,0.794899979674057,1.16907016442176
"3372",0.943752483750502,0.982110690985081,0.792773816229694,0.965395587033362,0.97526027139607
"3373",0.945656353995148,0.987064294092429,0.807794853459953,0.67727753111848,0.922174828281218
"3374",0.987992564252576,0.859592244566339,0.777410358855944,0.791490830585824,0.972006394034486
"3375",0.928036541331155,0.944903706943791,0.584242927651852,0.796006763559305,0.873063224901288
"3376",0.80203534089712,0.985570642049489,0.76968269233011,0.870345554858745,0.887490743206497
"3377",0.96255930393021,0.995064680450276,0.608747056731909,0.899329197168973,0.785745901518083
"3378",0.933936617715442,0.995595218643434,0.647738197633433,0.871157462826525,0.880987802448879
"3379",0.960508096622189,0.881053074468418,0.771329832684851,0.851451980577153,1.04518042611063
"3380",0.953268797758261,0.823565783594631,0.609360080805898,0.823731152678288,0.976609822008673
"3381",0.807358607821832,0.758751107076387,0.658808342595699,0.848906167689991,1.18364927875583
"3382",0.969057981971536,0.882879818930764,0.741398504135753,0.937101347004441,NA
"3383",0.955299996615084,0.991391921405344,0.918863942182239,0.844672054569104,0.798792338119459
"3384",0.751070499938213,0.983796469083007,0.603791000342898,0.84949268657722,1.02540373665174
"3385",0.983998076459332,0.98145366398003,0.717815368256443,1.00863233125319,1.13713570836861
"3386",0.973203005983246,0.988042139538508,0.736218873394671,0.746251368637018,0.929565942311619
"3387",0.965606020739596,0.850201084029562,0.861785179292384,0.946047594018426,0.838388730593691
"3388",0.863159123720926,0.90831325881742,0.693159635680088,NA,NA
"3389",0.836201964939544,0.982290976214189,0.911597219266302,0.830028212335177,0.969152283530807
"3390",0.980658880197242,0.86594108249546,0.705071746537987,0.90350482143267,NA
"3391",0.857596608762984,0.943354628919699,0.931600911357906,0.820348566287321,1.11812273361563
"3392",0.956814491916691,0.963673349540239,0.622269035711343,0.915694672271754,0.866095621563964
"3393",0.972461656148106,0.96199524499959,0.771801598427783,0.645662017884746,0.972515353382233
"3394",0.961930615082997,0.876098669855619,0.835387862176338,0.795769623504093,0.941418512248789
"3395",0.97112112472721,0.888289812905501,0.754372176200242,0.799105828231018,0.952681885292645
"3396",0.982632284486776,0.958292392569578,0.672403870542911,0.823597481087797,1.17230309765652
"3397",0.948146403085108,0.989133360413133,0.852094426347161,0.714619380802893,1.07884890988592
"3398",0.969558525369004,0.969770318527596,0.872523986085566,0.82740714264153,1.01526422550112
"3399",0.966998062137142,0.984877858949704,0.952873615500178,0.891388011893798,0.981942453946109
"3400",0.963651501796425,0.989475428553999,0.755943811707853,0.891442121210886,NA
"3401",0.961131483108305,0.994151708617738,0.830671627156543,0.825727403561698,NA
"3402",0.940055888997134,0.938159260194766,0.806933716403809,0.694090287229226,0.978164452260068
"3403",0.954878186055659,0.983296495524257,0.854192858080675,0.864332083105466,0.984235370530012
"3404",0.963866977446035,0.939433165439126,0.653112190879308,0.626613404630882,1.10430945029116
"3405",0.939572972395782,0.978902590267277,0.76698212984328,NA,NA
"3406",0.982703676541869,0.991902929802058,1.00627981858278,0.736109373852536,1.05732967816654
"3407",0.875458322806425,0.967754116866675,0.722766736431602,0.695678624817485,0.996688363273046
"3408",0.949858820574532,0.977221891520464,0.671666177619072,0.832549158229275,0.820716685770054
"3409",0.957225453529177,0.981549478024105,0.640775413030219,1.06614564872996,0.821461284053834
"3410",0.965444008546268,0.959209057825607,0.716662709716255,0.77176451290262,0.872657698492193
"3411",0.976169877121204,0.852361288660053,0.854809393247347,0.827006783037716,1.10690717146673
"3412",0.984140126830651,0.978437758342537,0.747495293054257,0.716570923695928,0.735617232491767
"3413",0.963410865127896,0.927632263420976,0.549626051526971,0.980920637231139,1.06536081063842
"3414",0.960375198420989,0.968840898940603,0.687697605323277,0.892642639582376,1.18731199887683
"3415",0.970332244562367,0.925820036998417,0.757104635633147,0.973701331709988,0.925497850988975
"3416",0.826408145882827,0.978834801159982,0.755030117673282,0.778202620648027,1.02733476378784
"3417",0.980512641304207,0.992791560020891,0.747179471592597,0.878614566584885,NA
"3418",0.926410211528234,0.881266488486369,0.754260316353279,0.792332615542127,0.833757997068389
"3419",0.849977146420323,0.829968472955876,0.731304876903423,0.908252981759246,NA
"3420",0.867716125834536,0.995003052113808,0.950213319500595,0.737638072280258,0.959616426746945
"3421",0.985845134454348,0.829034209467777,0.661732006466054,1.04842573051286,1.07773124552799
"3422",0.946549950925034,0.891163817877645,0.761452197034126,0.795707039608605,1.06393303583637
"3423",0.975384854047793,0.970337083400596,0.850480590329553,0.626858439991362,1.08442623257561
"3424",0.955913834883864,0.989700003596293,0.646868293454178,0.834768310016119,1.14080023400462
"3425",0.842992188131317,0.990885575186262,0.858116202593957,0.639424862928827,NA
"3426",0.942467842690463,0.874272111995971,0.832579003691664,1.03104352929378,0.912078052264695
"3427",0.988129301246207,0.998578511450776,0.655067689128891,1.00022998655992,0.938338535826493
"3428",0.933624685890046,0.902197689669002,0.885726103746324,0.874318664707097,1.08061454131133
"3429",0.965396353770404,0.986961838182285,0.954958347864303,0.9207786359576,1.10299714639192
"3430",0.974277592818254,0.986679832286999,0.760226637368682,0.888927048415271,0.856802838989695
"3431",0.868317960805153,0.846466635377037,0.82542780854605,0.962967569389951,1.06319957988537
"3432",0.977543665084572,0.989695166270552,0.662462389522014,0.850417145785944,1.1599858024629
"3433",0.96726004000166,0.993626075335985,0.59932297274359,0.840233757679691,1.01220663629606
"3434",0.852031197197596,0.698744824885035,0.644960283677566,0.923506239028464,0.90677591843371
"3435",0.827267791717837,0.917698891520155,0.689738163324512,0.954865137653791,0.941189240015198
"3436",0.954038990986333,0.965239061099928,0.682393852760467,0.969882246517725,0.870918410340195
"3437",0.967892280290142,0.845636150452803,0.736416174261477,0.737811952734601,0.953237926431395
"3438",0.971921350195925,0.828768668209437,0.67964598439521,0.735601756450652,1.07536944339293
"3439",0.970174507799494,0.892282736789178,0.678682401659552,0.852395996947193,1.16394849922314
"3440",0.832902786041662,0.979087711587839,0.897193875992374,0.7015364676239,0.988242480224608
"3441",0.978403786836336,0.836373395235121,0.781684197679881,0.786850737138117,0.836798213604888
"3442",0.962221874447076,0.931891507268349,0.742904040076631,0.981504291587899,0.992824332921505
"3443",0.951664331185559,0.932528117804316,0.836467692269503,1.01002548188907,0.785421167076543
"3444",0.976483542797501,0.957675843304987,0.968510331913487,0.711730790223136,1.12001041908913
"3445",0.97826095555776,0.98294639423884,0.736110534423143,0.862147627537812,1.17149326638771
"3446",0.943891508258897,0.991747132336316,0.730725010639702,0.911095839912985,1.06222285892705
"3447",0.971329743246232,0.760950688429718,0.848160977284322,0.766673433184363,1.00373102431958
"3448",0.978257551309963,0.984184179702341,0.81320134263861,0.832086291166341,1.16741594496134
"3449",0.976032488432279,0.856908169004244,0.841213306403924,0.923308159366359,1.12560247921037
"3450",0.979662520012613,0.996014332866407,0.815128629023328,0.832750076408617,1.02706757198466
"3451",0.920185285928419,1.0047327026058,0.852541683952631,0.731720027053265,NA
"3452",0.961484631844099,0.895604622523256,0.831969570617192,0.97935018839849,1.03751430906006
"3453",0.757142134620941,0.980497002323358,0.67173087147709,0.913977442391496,0.880148572759703
"3454",0.938888995180226,0.983625524254295,0.820896856189693,NA,NA
"3455",0.979356342387149,0.972641802132484,0.819908797542277,0.709881720924025,0.955394472981245
"3456",0.864133075400005,0.988099201751462,0.874219923213485,0.950410905880397,1.05576994774446
"3457",0.947142889021932,0.95201088017081,0.804505111615001,1.05696953474058,NA
"3458",0.981754612004861,0.98400692317816,0.961536368202059,0.791211934707906,1.06194491162152
"3459",0.977919442120543,1.00203930025271,0.593418826442881,1.09493328136436,0.827767960466632
"3460",0.875220934108941,0.994835820689522,0.900855678060202,0.957175405057801,1.00756189384195
"3461",0.984659753141005,0.982634463733296,1.02908254693395,0.797415090575216,0.958277876029286
"3462",0.988642748406577,0.975907032280256,0.874041001969366,0.828945732283701,1.06973184991394
"3463",0.844396570618434,0.853878021340067,0.571726696058172,0.736820564280119,1.07009237150894
"3464",0.977239062691015,0.878968216580594,0.71242983019062,0.717860064711185,1.01384339414007
"3465",0.978255632660902,0.830911522953254,0.659131281573009,0.855854712659636,0.928418718658996
"3466",0.980564595981638,0.989305514546581,0.777431085924239,0.78579968833344,1.09659757355707
"3467",0.984432281141407,0.983769024796591,0.798080821673214,0.742197926821045,0.960343299918932
"3468",0.869678597004255,0.877889316390967,0.888364816578464,0.733639581138941,0.979521038315086
"3469",0.968915287215665,0.89734767249654,0.880874407653301,0.951033090024638,0.941481759756281
"3470",0.951883697104933,0.92820801560709,0.693072611618793,0.771085471262172,1.10937755231063
"3471",0.836163929165022,0.915948852878632,0.721410783887331,0.928884542003003,0.778611642534924
"3472",0.911286133138342,0.929562205127088,0.764526696242053,0.884836344659198,0.878806083613111
"3473",0.881874377678108,0.990407231493152,0.934393270796344,0.674412837111552,1.1205198953658
"3474",0.835690947938331,0.987158385390086,0.789996163013979,0.79542210468219,0.973433467205774
"3475",0.738389107447058,0.900070838033877,0.701675664587878,0.76012018023152,1.18804517402087
"3476",0.948892551817593,0.982986386409279,0.85475140672129,0.9184740984456,1.00984619824817
"3477",0.951061750837089,0.969082748722131,0.686219262070694,0.894962141601279,0.929047004971575
"3478",0.802508982477565,0.92933690917663,0.792936351486887,0.780833565599127,0.96229330591748
"3479",0.935597344286715,0.989785183353252,0.963277380626509,0.743495822007075,1.0808146731685
"3480",0.957415102429386,0.91330690429725,0.633506513009206,0.751331172757564,0.812400379709889
"3481",0.961507734660116,0.89545911498809,0.926259091720461,1.08895438660292,0.948667658358523
"3482",0.983358002414469,0.897927534181634,0.542184885036014,NA,NA
"3483",0.922997432483969,1.00525590319212,0.731405675027323,0.846534667225951,0.983487557053778
"3484",0.978675222134147,1.00047750219378,0.677810971462324,0.986741474166923,0.861147506305572
"3485",0.918475389513507,0.944687225719822,0.669251135205265,0.920091284258255,1.00388298616848
"3486",0.957150233602144,0.955002525473497,0.718113229188014,0.683523393983259,1.06953561293605
"3487",0.804856850882628,0.872852287837944,0.719242558089152,0.722118475053438,0.925095102673276
"3488",0.877793091901111,0.977349221217539,0.686739306778939,1.02272621721444,0.908510745365165
"3489",0.977086244831575,0.888482521118907,0.667948376071495,0.833207215820598,0.882702185212125
"3490",0.976788511916903,0.980180594824278,0.484510498023451,0.745482558688552,0.948212505443154
"3491",0.969746864341185,0.882600348748388,0.80031268954818,0.850352639438345,0.906134440455385
"3492",0.971418185487524,0.915781563219143,0.861817688568066,0.912823037757806,0.920695480516559
"3493",0.944330153903457,0.852241490756795,0.768743114119471,0.968753722152615,1.12231278144741
"3494",0.977355747411084,0.785520635268205,0.53265588827915,0.919727015451808,1.02034393207619
"3495",0.94488679563282,0.864837860786219,0.85552707886327,0.713944681364991,1.03647134943965
"3496",0.947305755676026,0.974024254609452,0.758915506043868,0.926431016082754,0.928785996330731
"3497",0.979112017685834,0.943439013036723,0.87285545382484,0.81116954637899,0.981693869499394
"3498",0.956204666106083,0.78234862618084,0.666547961927645,0.810410751613698,1.17347343499385
"3499",0.878364727548387,0.99084831859268,0.721609835547373,0.875500916995475,NA
"3500",0.845391759370586,1.00076313787625,0.838201816198838,0.835640877405597,NA
"3501",0.904419223301979,0.822461132537934,0.873046686282354,0.811377056408468,0.968730777181815
"3502",0.974801773663958,0.891154657836901,1.04699733855717,0.985067763338629,1.05975824731941
"3503",0.954837536281074,0.904255949869528,0.848735511315434,1.05472788617675,0.848277027443555
"3504",0.835824530612507,0.926218809797583,0.946976154430835,0.844405509837523,0.916656971286762
"3505",0.832449991501325,0.951037650456803,0.683806076221678,0.862825575053478,NA
"3506",0.850290804917623,0.995817273560887,0.744817423574236,0.872714461941977,1.08146162667228
"3507",0.949783365947712,0.965380111210863,0.714968010946219,0.857895805084116,0.872083251644497
"3508",0.967994729963883,0.902588595751755,0.670168985098837,0.750013976202999,1.18692895773792
"3509",0.982723543063549,0.928419865812007,0.713609877601329,0.810934322877625,NA
"3510",0.950140174372788,0.793178436097811,0.786880895748303,0.923559128931725,0.939969625685627
"3511",0.966577544640367,0.895919327353155,0.724237784147871,0.865410883722846,1.09980182362639
"3512",0.966118260253293,0.765785325858605,0.94904839745768,0.927376348052802,0.887952784726732
"3513",0.934514120091308,0.819121662805388,1.01478572387687,0.938739584830094,0.823145629935626
"3514",0.978683395943518,0.991273697826507,0.650940694584169,0.862944904390513,0.933862406563752
"3515",0.914823304766899,0.979910394230997,0.776708175225059,0.905317274918785,0.981962582956164
"3516",0.955313382619683,0.891188365970823,0.952617957127363,0.94083883693778,0.941946251093833
"3517",0.964731803921745,0.914324141347311,0.731037091571837,1.02841756694736,NA
"3518",0.949633180681467,0.985130501848883,0.681363308298015,1.00339956496216,0.923479594062816
"3519",0.907940306174399,0.917432805893825,0.877274209514983,0.782999130353325,0.742475194171314
"3520",0.980209853074456,0.970797414452834,0.940758165994496,0.884914355033492,0.900496365465709
"3521",0.960696236363002,0.969935558076454,0.737851827908127,0.883222877122321,0.969843664269189
"3522",0.969318627507423,0.829253580486498,0.693212186768751,0.814129412309484,0.979843950865909
"3523",0.96375496573256,0.914001533462449,0.782133758907904,0.833790701011816,1.04249980257409
"3524",0.944098436920075,0.886568453853334,0.86757706030373,0.825153097771636,0.745705207634974
"3525",0.963380765478822,0.932145039305507,0.78828531683589,0.832086628236449,1.03746446812314
"3526",0.87804732285108,0.950332133114117,0.788869461245027,0.814065200512661,0.933338440078452
"3527",0.92245371498187,0.967423537683962,0.771476860661757,0.900369299575814,0.853776485446816
"3528",0.849373897456033,0.887473612250812,0.710758434823283,0.787822149573407,0.813931541040359
"3529",0.842601251445684,0.964467352535076,0.581691228009859,0.903924240603667,0.96041703991023
"3530",0.984091341670604,0.991199896181542,0.669849702356315,0.9285537113703,1.03585912256763
"3531",0.955786605713292,0.972148169082807,0.728669644818602,0.833362348337593,0.987244484151527
"3532",0.875212933399837,0.996357570986634,0.780359063595333,0.805457042725255,1.03801664458605
"3533",0.958082552145388,0.988606468290737,0.599409162819658,0.660551059368291,1.06053427652851
"3534",0.903565630459825,0.992429043288625,0.748794915026927,0.863281211875759,1.1742940958396
"3535",0.963582826734736,0.989455196723183,0.799938404335577,0.890176987880495,1.11235030203767
"3536",0.973080099932898,0.882964859628414,0.578647634771871,0.711509765898165,0.844915390536451
"3537",0.965193668616178,0.874202477502516,0.728447441689319,0.848751322648758,1.01683153551452
"3538",0.946256808374941,0.989695938595946,0.917355298819357,0.724581883917111,0.993323479996727
"3539",0.943818292189839,0.986510872466595,0.934622780061056,0.902954707355975,0.843969159126748
"3540",0.957507316978582,0.995552599506163,0.423606440959255,0.776834560468489,0.993221979621551
"3541",0.937288550746614,0.928329421807878,0.670307456826478,1.08772618194753,NA
"3542",0.87224467610311,1.00508648866279,0.872634095283237,0.757831098245728,NA
"3543",0.929066644165753,0.887512979424556,0.682538317900275,0.805409563386817,0.991872747497389
"3544",0.976296283600365,0.928299129284547,0.600204480327928,0.74418340736049,0.967382593073917
"3545",0.976624788869366,0.990090027568947,0.829472446205118,1.09569594189043,0.967925405607814
"3546",0.903758698519507,0.853034738220971,0.852329314851685,0.683187289488079,0.826274294393391
"3547",0.978106587431711,0.882909518634146,0.887473479406626,0.851488663023481,0.814323881536663
"3548",0.972922058732659,0.986173402056322,0.499764920432956,0.779348459939157,0.995246904988546
"3549",0.964059973698093,0.983653733490485,0.86236060634829,0.888768068606122,0.87759033149323
"3550",0.860303769965157,0.915626527988353,0.744157655237426,0.659411836927715,0.92343867075779
"3551",0.955436810448564,0.992079398037444,0.894061305518026,0.822544449329669,1.04167416945557
"3552",0.942272876672531,0.987523441538835,0.70075885229836,0.818164727981092,0.890300948150071
"3553",NA,NA,NA,NA,NA
"3554",0.963750570078113,0.866098881576049,0.793377198989465,0.929954366014311,1.08945780605345
"3555",0.8951973461291,0.873468953243574,0.700904810764367,0.684270103256416,0.96257881149554
"3556",0.974762972534713,0.903696580023315,0.657970444077976,1.08320893076592,NA
"3557",0.918740453539365,0.98624469421708,0.563650792131382,0.675373689953316,0.978195325371395
"3558",0.954854926076572,0.931775749079732,0.873886367816093,0.979020092979046,0.947331208722629
"3559",0.894222292366361,0.902357697234854,0.852398277333578,0.9552287487371,0.927610053773696
"3560",0.830436357564264,0.880663899631494,0.732932421877683,0.725423669943751,0.675942901274734
"3561",0.801797648696757,0.859455525550943,0.644485410061394,0.812742090500185,0.95461373498511
"3562",0.953379690765331,0.882072726103416,0.834361365815528,0.605230897694761,0.936040371230246
"3563",0.97635761553576,0.983884272986541,0.680224260790775,0.874348565882983,1.0542560101609
"3564",0.831423372085594,0.984008338894159,0.75403446920144,0.830291426371795,0.926275183587004
"3565",0.960581188148579,0.809632910040781,0.802738511230555,0.687008499815807,1.00743527042095
"3566",0.896952444580611,0.981870353066497,0.813609838608831,0.999820286787041,1.16641640909402
"3567",0.952911750341596,0.989053913924424,0.828502289740761,0.896058580202848,1.08789325902816
"3568",0.980166727347499,0.976929648968072,0.529809592415881,0.793030733587696,1.11838598396209
"3569",0.975422869395959,0.97388650457729,0.737623738862863,0.8880832210415,1.10795069427682
"3570",0.926780816242628,0.831014234552995,0.739142956253453,0.814429648997063,NA
"3571",0.916104202735814,0.977333391936232,1.04406461338764,0.834826095336726,0.982340606509385
"3572",0.979477000188057,0.821345308610732,0.773711616194711,0.874768583930684,0.81983747801155
"3573",0.975212793038784,0.720196588938229,0.681215785439267,0.88961027669198,0.969073343922879
"3574",0.914724945850376,0.866422681503697,0.678072135268649,0.92621918011688,0.793333645311728
"3575",0.947249468579257,0.914553693847483,0.792773558170742,0.67778958725369,1.09557755045262
"3576",0.965865440684787,0.988880374700217,0.867958560826487,0.91018232194874,0.936925313290966
"3577",0.9781126801687,0.988794003127468,0.89821586180182,0.710514778533608,0.988540433067412
"3578",0.829002408048506,0.990078833508087,0.838904421955623,0.886074125095259,1.05778747433301
"3579",0.855978730194725,0.913893792298861,0.772563963314958,0.713156858778541,0.961263137366546
"3580",0.960174900202509,0.909401798601449,0.599874230246617,0.835728925606884,1.04310529965065
"3581",0.964233650625357,0.932787008155373,0.686579524998603,0.787723338863055,NA
"3582",0.943820152329101,0.920785925492744,0.763575678110464,0.803471640647425,NA
"3583",0.974332335035161,0.702279384552936,0.788817452820489,0.948148995365366,1.00457217291812
"3584",0.887677486016343,0.987526524024154,0.777779080047328,0.747425568367002,NA
"3585",0.947949717625721,0.883024971795349,0.82940633775041,0.82205744197527,NA
"3586",0.958802036622201,0.86662186386558,0.626223326572109,0.759235699998874,0.943492750425163
"3587",0.90542061685554,0.99452806846761,0.72270373720251,0.801875137764621,1.00505184569367
"3588",0.952851796522407,0.994244651147125,0.479014862941086,0.777565175360596,1.18491509871111
"3589",0.967709096861268,0.994841217761167,0.880828819276492,0.93842020153633,1.03560154027234
"3590",0.898445429536264,0.984921800221457,0.657235502095381,0.862853413467497,0.994047055430777
"3591",0.901476963613494,0.967993736403823,0.722329228947498,0.882930068714646,0.973032049845271
"3592",0.868826933699816,0.745609238939454,0.66642656941174,0.762048829570917,0.974777422181554
"3593",0.963397017287572,0.847591854466754,0.649544980668043,0.977014123879374,1.03353569443121
"3594",0.968852865915872,0.995067134431057,0.578676177080925,0.70091309045885,1.08188111777184
"3595",0.976891412605469,0.993084644553721,0.825237762876454,0.729907500275719,NA
"3596",0.984831116835388,0.939609193821177,0.720058336857212,0.724924361995057,0.959035122453378
"3597",0.991232565404549,0.925732106941958,0.773160501482545,0.834432337260028,NA
"3598",0.966070667120235,0.980088143599902,0.640795074251339,0.783240228472054,0.972653265977596
"3599",0.951734894527563,0.92579824737205,0.751917285103846,0.84330544286102,1.03747150002205
"3600",0.868988530311358,0.892783025144799,0.856995463923208,0.98468937721935,0.841061758682455
"3601",0.974252913010842,0.911895082290155,0.695521238440749,1.00529381981362,1.0922318802085
"3602",0.792392228364909,0.92339387032842,0.720595509132002,0.745099289124038,0.948200198625768
"3603",0.983024165212279,0.91739174883713,0.569542746951465,1.02302561604987,NA
"3604",0.906287341092155,0.908519603144534,0.664369751149357,0.846823518567901,0.962442845407911
"3605",0.837383460114012,1.00026558438351,0.789889503747556,1.07946934472056,1.05031932898602
"3606",0.968938794731936,0.917451893950323,0.894657782052612,0.994962300145427,1.01065370311586
"3607",0.976835330411792,0.977561169991486,0.608237337561966,0.902562999584024,1.10480721007539
"3608",0.978575443341118,0.977224516683799,0.789000852962763,0.954623812482925,0.877603208974034
"3609",0.890082709423604,0.879861470386568,0.879763915063001,0.879388965467931,0.990884333345242
"3610",0.984099374899625,0.991932414351299,0.664142035525021,0.874867255470455,0.862655263200678
"3611",0.972558396108023,1.00519371356993,0.681824010734396,0.882614505378479,1.09476648473101
"3612",0.946666499103219,0.984603831326444,0.894974386511512,0.768064363292447,1.19487311359879
"3613",0.982160559818819,1.00511264374697,0.662527751725771,0.87417209634426,0.938244821768025
"3614",0.935446570514185,0.988014809959096,0.808782609158482,0.929666152253663,1.00162654045546
"3615",0.940818518653687,0.999902798555352,0.689702724161212,0.866121451243109,0.985360455485139
"3616",0.927543701599728,0.994802401000063,1.00022564190678,1.03806616296156,NA
"3617",0.833008746707967,0.782575551606527,0.866928746432054,0.925020833972804,0.949413409773243
"3618",0.733119435126048,0.991370773785373,0.574605957504289,0.820004615539101,NA
"3619",0.959240652706139,0.992135062297929,0.802348181210842,0.777193649386862,0.988861100265165
"3620",0.984506725371261,0.993809709830734,0.684951893085826,0.890664785497079,1.14824873196229
"3621",0.894363917877267,0.932322271211937,0.743081940189347,0.874298376678385,0.963752490199669
"3622",0.950333861268323,0.85574549245712,0.843276540910105,0.966507188323403,0.900937830851939
"3623",0.925622952882133,0.977124187474426,0.750394101385642,0.761534513209878,0.94934736732193
"3624",0.92082562331831,0.988869917898248,0.770902950015271,0.932801915856125,0.964806882729787
"3625",0.962315130956014,1.0010683136358,0.702242372717039,1.09596273293419,0.952796507724544
"3626",0.957481772891876,0.995786682927242,1.01389893411844,0.785619338971161,0.903419206094436
"3627",0.979411420907608,0.977339958548677,0.669045822340468,0.750613566116003,NA
"3628",0.982634308513704,0.982839691077549,0.535978263652667,0.882146777651492,0.937786539902901
"3629",0.914694956524415,0.846903311148751,0.830534586732206,0.686456773798573,1.00902763829128
"3630",0.94984630590125,0.992815403222099,0.849679273348359,0.860684644727056,1.03367215046001
"3631",0.883048049500718,0.964299055516095,0.623339645089752,0.850765579383034,0.989723544635494
"3632",0.858917200692167,0.952227751382236,0.930315780565063,0.760156351021789,NA
"3633",0.900257635134582,0.97492941011614,0.796313053518324,0.64888414664714,NA
"3634",0.991524009126274,0.892316475349941,0.743572231122959,0.843972271752909,0.825003348686041
"3635",0.921599624848605,0.988624932533321,0.883052702199351,1.02199361609185,1.00302716515593
"3636",0.94775841308858,0.991287341297683,0.69348805363422,1.02675672210863,1.12585906535524
"3637",0.959322432804632,0.98333750721885,NA,NA,NA
"3638",0.935980264439145,0.832574657746451,0.734360416442365,1.0090098693866,0.923353259404596
"3639",0.947447349269219,0.903265184732964,0.858805766807783,0.917622926241049,1.0081285684484
"3640",0.966671245025653,0.959839739036029,0.585233966139385,0.838829141195947,0.820031526040536
"3641",0.966826154618205,0.819118878528931,0.890040472391749,0.867717780476804,0.919056334609373
"3642",0.989583805304918,0.973465060500566,0.804475298709622,0.788801535651447,0.851079585128768
"3643",0.918801808937745,0.960336901906207,0.849433496971942,0.653331455731092,1.07626665338637
"3644",0.961858546068344,0.972112466357679,0.75433290629106,0.845653481774396,1.0483272995488
"3645",0.902552813590365,0.909577039680118,0.799435504955296,0.806000370315904,0.95456564532944
"3646",0.969491030487788,0.996656642811239,0.725745996924993,0.790321027296289,0.856604715475031
"3647",0.886771191950234,0.865347842914973,0.680598053892853,0.79953020159351,0.970669362058392
"3648",0.876861838254747,0.937059816163692,0.956122398054104,0.864119300637734,NA
"3649",0.984393615260754,0.828898243636951,0.752988428569594,0.709144013376447,NA
"3650",0.862414583676695,0.978235128911102,0.866590784804187,0.748462050148775,1.11767941448463
"3651",0.927564426816006,0.989089624587717,0.821645216277444,NA,NA
"3652",0.956205635699667,0.909102456089309,0.706629259279037,0.946401240595468,1.04771904480947
"3653",0.905243205021021,0.979999779101868,0.740643087260032,0.900585820186768,1.17704766529136
"3654",0.967384857468704,0.969798724873349,0.766274312839473,0.936743564413847,1.04624721052073
"3655",0.9680621920703,0.979798173603836,0.774404610172951,0.729167078655984,0.973536423264417
"3656",0.987079051463782,0.974980641911174,0.768887051436594,0.930513586045671,0.882185378854995
"3657",0.978960600972532,0.901138767547011,0.899348749650648,1.09443117501554,0.931054543882384
"3658",0.928068900423881,0.956773870210983,0.858533148804436,0.900491399705941,0.922158860071085
"3659",0.952960725340799,0.821554086558214,0.896688893348704,0.793566903077815,1.03566653239509
"3660",0.953011862974768,0.863583346184191,0.704421641724547,0.934100519179831,0.921637123865406
"3661",0.961561912697383,0.891733748906013,0.948077046089051,0.789987828980355,0.990206432335515
"3662",0.969219209843267,0.890385526879221,0.764911557261377,0.724771193787052,0.996108564190464
"3663",0.866715859144049,0.910057207375054,0.826528169546987,0.669095953696678,1.08473340722378
"3664",0.975560016104262,0.85594017381503,0.60516002768798,0.728920704434564,NA
"3665",0.854784927848136,0.890540767455359,0.726819011101339,0.684937812734766,0.979976652313465
"3666",0.948170874711179,0.925103983346654,0.671132100062494,0.820811891952204,1.11598080021259
"3667",0.969146758244053,0.913597001810844,0.859327226250726,0.69822169128768,0.955077025938928
"3668",0.969040507111363,0.881471121879266,0.82618311047296,0.842368581531261,0.855239495459595
"3669",0.741927375765638,0.908758599291635,0.871306021424407,0.885041865343382,1.16865593635486
"3670",0.977392008753872,0.880487740249134,0.886737631503202,0.883644105698759,1.08521266120346
"3671",0.982545540456699,0.972269260291197,0.772851588228679,0.729102769660737,0.992250050590827
"3672",0.971050503366773,0.885906454462238,0.500463072424939,0.850882957210216,0.92285718166914
"3673",0.947991974310346,0.799083775840194,0.661221860385153,0.807439620837998,0.933503916029165
"3674",0.954898841533026,0.902165204526382,0.75429292534711,0.813351177014867,1.07685419703496
"3675",0.966542194132276,0.984392921199195,0.806954428776506,0.885356682513894,0.873621223933404
"3676",0.971158202029341,0.893002163304851,0.601339518716463,0.768542753056728,1.0860798091757
"3677",0.972305122096647,0.915059280684203,0.797025202791062,0.90074964803974,NA
"3678",0.87296740680672,0.929705765567782,0.746146346822496,0.943442140751356,0.927521813838105
"3679",0.972322191723164,0.988775905701952,1.00858640105325,0.946756171660022,1.00598696663211
"3680",0.96432002953421,0.970473774953429,0.913511107284524,0.732159961472456,0.930359814390137
"3681",0.962777082025435,0.980944543487134,0.781002397317242,0.98700277503152,0.861720947060701
"3682",0.978015769465688,0.898663980403797,0.832676155772463,0.733243068092659,0.919729958703031
"3683",0.972373416063014,0.929166269240789,0.876667291212951,0.937576236678966,0.925520307868504
"3684",0.960658162637245,0.879836880942516,0.594032843962298,1.00493053126935,NA
"3685",0.97891156804499,0.835188732207336,0.709634275772493,0.785527611247947,1.0421845906932
"3686",0.971336679944567,0.989483370745562,0.963115328566842,0.804548886812583,0.788375111450779
"3687",0.951366150295509,0.889648065377688,0.837752367273901,NA,NA
"3688",0.983412319461002,0.963601540703499,0.812628394189714,0.870025341718697,0.931175804680154
"3689",0.949890117193653,0.936796522972177,0.963156313184703,0.952350327464469,0.859683435197124
"3690",0.966441314505087,0.99070593413075,0.828632170410568,0.768738464310654,0.974283728130509
"3691",0.930620122388115,0.919516354819959,0.972198083689561,0.962457722954557,0.995141041874265
"3692",0.91435050975492,0.871343831022806,0.653963546300684,0.789416761766013,0.827063280679902
"3693",0.987622635172046,0.987262852557473,0.880853344656983,0.650084053910787,0.966933804568929
"3694",0.967963822253015,0.972165778548531,0.883973414275456,0.891743231223577,1.06109434975856
"3695",0.983338679297896,0.988695294464853,0.711203284512417,0.925853547415344,NA
"3696",0.897323398522668,0.976060682153175,0.781466049368574,0.828671566360944,0.902250605757163
"3697",0.935467993483238,0.962782858995804,0.750498179481609,0.822766132501734,NA
"3698",0.91491994153064,0.985113722756589,0.862144541129808,0.824489212841141,1.11550401940907
"3699",0.86198063565238,0.841726279184649,0.610288468733035,0.757368359926405,1.1739983182181
"3700",0.978316005574279,0.993742202195397,0.775190603480528,0.990916118348103,0.906436569804722
"3701",0.954696218868271,0.925055848284508,0.55985504311973,0.816137802881794,0.841780242331314
"3702",0.936664628192423,0.957607131252685,0.683580258295973,0.969760365348292,1.10033065924116
"3703",0.899069980278162,0.74827810912219,0.799207701174514,0.757793000750646,NA
"3704",0.95835534154245,0.979786784827087,0.608688358299335,0.862080410039439,0.988949060675547
"3705",0.904393801014979,0.914782683949585,0.661178465993575,0.82513712868067,1.01299932277641
"3706",0.800661247594643,0.898897550283838,0.860587363826167,0.699323099124527,1.10825104672315
"3707",0.801580993853887,0.918642976255094,0.496757415082065,0.91666542961928,1.04441336208982
"3708",0.996843296698118,0.986797318944933,0.786888529954275,0.951957608870214,NA
"3709",0.972480738409482,0.882032556751684,0.750193749728736,0.789108904771352,1.14504624201291
"3710",0.960454320598814,0.998740097475213,0.79374303676177,1.05613760703594,NA
"3711",0.970396493540846,0.979711388352798,0.799893924679211,0.74850052796198,0.999127841384614
"3712",0.951285500658671,0.99181837931485,0.803512798887872,0.826025232538995,0.928758895417943
"3713",0.867242742189712,0.989312323846585,0.689742668372509,0.888543342976274,0.992984815015102
"3714",0.899776873493855,0.964772408772037,0.884452139627835,1.11141090639216,0.81940323458944
"3715",0.913184784560163,0.981477336370969,0.705000806874467,NA,NA
"3716",0.961655876278197,0.974850855102276,0.752029124761477,0.857259128742395,0.905012421439781
"3717",0.936009521843641,0.880742696085788,0.737861065346736,0.829339873401159,0.785117489194973
"3718",0.961532964161706,0.951718966288455,0.686702499482873,0.844571356094288,1.02789235604234
"3719",0.975382656450379,0.968414146942861,0.790132804048807,0.884975147667134,0.801459261879824
"3720",0.956820369276575,0.861749088792362,0.876040525516978,0.907650900743029,0.941732232732948
"3721",0.870099370558431,0.911268746131722,0.750842125932978,0.850442673624115,1.04515919344253
"3722",0.959439519522998,0.990434093166154,0.853786914868792,0.780036542595494,0.997952772384626
"3723",0.972888079717519,0.995311360568513,0.754095980304923,0.787194104995616,NA
"3724",0.977700205213716,0.840194533321295,0.688498405460691,1.0846565928154,1.13743598180316
"3725",0.835117879759547,0.995862935722188,0.814110152954885,0.835763526633646,0.779253969041779
"3726",0.948341042304529,0.99971670726987,0.693250554007795,0.824451955984205,1.11023821826052
"3727",0.979004268749409,1.00060092785137,0.688198380209528,0.987779177685757,0.995355308598812
"3728",0.971042389289334,0.977490159212078,0.644010892426048,0.863805924516018,NA
"3729",0.975372048053202,0.977373194610806,0.738115371870743,0.674654043854589,1.04488041165221
"3730",0.780869834735133,0.796658626996896,0.796583813992346,0.989402417522837,1.04326306900118
"3731",0.951566504663414,0.95028756320226,0.74514607416846,0.702262140954863,1.13738021169434
"3732",0.946167575732283,0.933869627877722,0.598193833216727,0.816240969404547,0.928689269526468
"3733",0.806301184573705,0.961030260145912,0.927743547880361,0.806765289143725,0.871961620259354
"3734",0.98911444853732,0.933561264151274,0.654767459744345,0.859534768470969,0.972593425068519
"3735",0.944909680972149,0.889489836141698,0.793469389913539,0.852706286419419,0.984340640246836
"3736",0.958565571014768,0.839906114981085,0.946389461073815,0.751760398404182,1.09974303614124
"3737",0.924671640127544,0.928548488572771,0.880564184475617,0.887227166888353,0.888096950112672
"3738",0.984182843250423,0.98799693536119,0.70700953500352,0.740793736674344,NA
"3739",0.891490426657701,0.962734106916707,0.703215199136531,0.771530645532877,1.02694782168118
"3740",0.971176745162902,0.983771882201345,0.717226232676519,0.679430552883674,NA
"3741",0.952231118995886,0.969712410230979,0.79569743397279,0.74101899411947,1.01026491534652
"3742",0.978862405115475,0.735995742170372,0.818496428106787,0.875234527005736,0.862887624983483
"3743",0.974474436579814,0.958156948794616,0.759920732927692,0.789230394752214,0.908257840277131
"3744",0.965577180786036,0.957465973869173,0.750250701401473,0.96671714010699,1.06952128985694
"3745",0.963006841857894,0.970556549178814,0.864587151855238,0.864022049669605,1.03498397681196
"3746",0.904875452714651,0.978902719665461,0.926199434556215,0.694558149144541,1.10486599803953
"3747",0.970167406640025,0.985308593191248,1.00753028784587,1.00541293799703,0.958525718478531
"3748",0.973468407109473,0.992080587454397,0.961973717785469,0.837369791865847,1.04844088329962
"3749",0.906636712313815,0.835558509646004,0.840458236627242,0.807807230391476,1.01782911384764
"3750",0.966262481073322,1.00412443616813,0.891356524992607,0.908892993757541,0.865376738881801
"3751",0.980646187491593,0.836872792808074,0.638626866884023,0.832179197847232,NA
"3752",0.975847672335509,0.934251443261604,0.791461217436015,0.77885929366197,NA
"3753",0.899659807698264,0.975257170294656,0.814022585532727,0.903444504692354,1.0115692400093
"3754",0.944263368524527,0.946345303993854,0.759467177877929,0.787593445718146,0.971295710837601
"3755",0.90401956029196,0.980980969063045,0.780709702001344,0.549769660448597,0.750207939578796
"3756",0.966070657798204,0.90769322168048,0.930596992569995,0.8811452108152,1.00971075381529
"3757",0.874604142153072,0.976349758931052,0.77009949749703,0.908816413657284,0.910867255457309
"3758",0.962273807173179,0.784064223504873,0.634078850540291,0.859459676131148,0.981998639372069
"3759",0.841407474653126,0.954350144746917,0.834816613792256,0.69783995987666,NA
"3760",0.980226471491619,0.973961531172665,0.710751130889756,0.955588921417987,0.977187137186716
"3761",0.913749782227638,0.986528144964545,0.694986483605127,0.805564382740672,1.02736620087504
"3762",0.965000473071591,0.85757139898761,0.923918055026673,0.961101399075666,NA
"3763",0.974401610752894,0.970721724971394,0.790161204001206,0.864007908250058,0.827262783421761
"3764",0.985556054964999,0.983764993146275,0.807098756553723,0.754881385283322,0.955486234678043
"3765",0.765951934772445,0.936764408612108,0.597849176590865,0.745335909317669,1.0511451617236
"3766",0.942850584166393,0.97404178479964,0.726819324975705,0.951853872104197,0.937447859762723
"3767",0.802133601571678,0.963042093148039,0.793287775211804,0.703717710403084,0.95516377815154
"3768",0.780939379965616,0.827107890064683,0.718028834688354,0.96127441580489,1.0548982648082
"3769",0.916629691721174,0.874012540881902,0.931877633227406,0.663715556651084,1.0076731773413
"3770",0.935440599649427,0.893745605654268,0.83482981721116,0.973608177200987,1.18697368217835
"3771",0.847287697551542,1.00138757934122,0.682613374533025,0.996432279516291,NA
"3772",0.919748528640776,0.953142624133056,0.751197479818273,0.721401178504215,1.07477425535493
"3773",0.870515833937167,0.991806762851647,0.670584986639228,1.0284647970991,1.12278254195932
"3774",0.890472412914109,0.675928591683285,0.96378087718948,1.04171410414164,0.912570400704473
"3775",0.964816541617417,0.995053241969738,0.686536464913112,0.943611025403841,0.987963367826621
"3776",0.941517955961766,0.902789653765081,0.771520014101427,0.781155533115034,1.11392889481956
"3777",0.96906226383232,0.965182007431488,0.758814999973121,0.923581903148082,1.09032972817388
"3778",0.979546832997325,0.983598786317753,0.849383353062302,0.712989905020027,NA
"3779",0.961180028569292,0.981685351814375,0.698025743571544,1.02484471322619,0.938633372034232
"3780",0.96119813533812,0.958497576884628,0.716982215028942,0.714102239629262,0.970410978701911
"3781",0.87550048832507,0.987690049977741,0.803391596358705,0.797923971729716,1.05819296590131
"3782",0.964611610064726,0.990122030956388,0.879144358495469,1.01132808992026,0.89040778125839
"3783",0.966490829434694,1.00800049422451,0.860420685020764,0.803543841010898,0.990010321753734
"3784",0.975418301131832,0.990147388546228,0.543804412576072,0.669434490162999,1.07007627221871
"3785",0.911230045388713,0.971908283555387,0.880743302187071,0.81315802091745,0.99909703737205
"3786",0.970968122294401,0.820385457217604,0.690042190734586,1.00622848904361,1.05042692954344
"3787",0.987505055582203,0.998387125934701,0.660695055775391,0.840191778538569,0.855991260661424
"3788",0.947615767691195,0.986410967899982,0.637992693607135,0.650777323161969,0.942795708145936
"3789",0.806548404766363,0.985335900333329,0.868474060124111,0.910007807378882,0.823810280635776
"3790",0.815771614298544,0.873773992808713,0.875756706419917,0.925573049386565,1.03424565530917
"3791",0.853031569388852,0.968090236588232,0.618480146210779,0.877807335848037,0.885221819646759
"3792",0.806641068663506,0.97806379666364,0.836956101168838,0.795506523988476,1.08951109286317
"3793",0.860206205560012,0.862870511869214,0.6484274206554,0.84517624511636,0.991414564879593
"3794",0.894853886828794,0.970299014982093,0.714133819762662,0.831863586500147,0.99448514325197
"3795",0.971652190635634,0.997713833692561,0.860284555238522,0.87516389634021,1.13335616920464
"3796",0.974867955828081,0.989198718156775,0.79997881898617,0.93914613304735,0.885095364171381
"3797",0.917552432062481,0.924052622044808,0.876697814005604,0.785363808035587,1.07830102781592
"3798",0.732021510635388,0.963807920218388,0.660492901670768,0.735358161096298,0.871684621407495
"3799",0.980328319997111,0.992877812354533,0.703478784697841,1.01573031892488,1.08437107170519
"3800",0.973652641285362,0.987907504196902,0.817657664176116,0.908794686231703,0.967281158144057
"3801",0.978295395046378,0.900705828719398,0.776467978612514,NA,NA
"3802",0.979755602255779,0.868857665117549,0.702399095768169,0.857036642155564,1.14964607537123
"3803",0.982483518135055,0.996115767911784,0.913942773255486,0.876385137952229,1.17943568934101
"3804",0.976002216812239,0.873659420945524,0.651153183120143,0.943783398948085,NA
"3805",0.967380921667079,0.894022333082339,0.907037434446289,0.904830122078195,0.942251789663358
"3806",0.954865028040448,0.930703993752388,0.724643838871235,0.900056637482962,NA
"3807",0.897823988265729,0.904303295183456,0.725001450120131,0.864382983885094,NA
"3808",0.95252921404236,0.888284908830317,0.681304196127845,0.671922082151623,0.930770905068763
"3809",0.850720322024304,0.94103762116572,0.772574508794524,1.07754070518384,0.878043390654408
"3810",0.963797014136724,0.995262416824317,0.700451390341824,0.814352665407912,0.950036292327046
"3811",0.85974733842015,0.936263356081473,0.784748425229774,0.976959052125215,0.95292101625631
"3812",0.98240044932128,0.902306789644634,0.621282933852457,0.807426909970398,NA
"3813",0.952731361734481,0.96119421899283,0.573335202051803,0.863628766555722,1.16362232004781
"3814",0.896321293689723,0.881486569695258,0.785803166804982,0.823241030458477,0.872474025716248
"3815",0.888285375719405,0.947609781606242,0.925868558563034,1.05244908282683,0.989664821384946
"3816",0.971792291088365,1.00249605559035,0.821466609254466,0.844570572132689,1.07991009981858
"3817",0.985406653543457,0.994551494754094,0.677414335902277,0.856529278669901,0.773250036865523
"3818",0.979159819856416,0.970085327255703,0.768633384964647,0.811249178042628,0.878035182687815
"3819",0.971432087724311,0.976174915261446,0.822476421990388,0.905588705636061,NA
"3820",0.804640041511123,0.998128535447618,0.780757735919787,0.877745329452555,1.01735660334277
"3821",0.966832122270816,0.967054874628697,0.733401180154884,0.752866530878928,1.01121054530976
"3822",0.924021370504072,0.976664593543309,0.724057291716319,0.878274667040341,1.0396265849642
"3823",0.961079124151505,0.852768965759835,0.854588668877837,0.958713180454295,0.92828079730374
"3824",0.958581835352998,0.981658899465361,0.625617604442973,0.769720971742094,0.913176871357458
"3825",0.951294913432824,0.939780491892351,0.746153604167859,0.918471276261885,0.974124323718476
"3826",0.716276595712016,0.922068543148892,0.881150639349813,0.996125875469674,0.819942988689258
"3827",0.907758468719948,0.762052021317105,0.559028555327612,0.901183327900998,0.903900302444998
"3828",0.973617016611995,0.999645066084569,0.687430108541681,0.748117598945307,0.780805770154576
"3829",0.97643770301957,0.947134209195357,0.784349439503399,0.912629349287045,0.854516865535007
"3830",0.969408731735016,0.97541202758799,0.865814452322848,0.84017081493333,0.903099909073495
"3831",0.957599330578132,0.946856568339773,0.850318924964801,0.817217701049649,0.982305608005256
"3832",0.959448610196956,0.840235784164007,0.664199559421942,0.899581234446121,NA
"3833",0.909727275075937,1.00871365480821,0.766132576616072,0.610479209694718,NA
"3834",0.956028265879451,0.9088511339728,0.671983554320004,0.849424985106926,1.07358712833908
"3835",0.966821526908683,0.913640026167589,0.771736274629295,0.779823454006221,0.939596800579016
"3836",0.759513586207144,0.883862719851366,0.974645072624827,0.846180689237243,1.0039014383361
"3837",0.982502963072734,0.894426286996372,0.730863561114638,0.883098124029681,0.992166164861879
"3838",0.988559569201962,0.955992659778468,0.68172646730631,0.757138209572626,0.896618464528645
"3839",0.774678498088937,0.999323586538731,0.88266542231695,1.06757495238389,0.978991462845865
"3840",0.822790858281966,0.978809338446318,0.953572518283267,0.963824723995392,1.12274361735861
"3841",0.970813589311072,0.850646159028007,0.753953144638182,0.91872860831805,1.07960974468679
"3842",0.914586127608634,0.835682012641273,0.793208876437674,0.780858744711318,0.887857640057868
"3843",0.926150239938624,0.979260662021219,0.90885477816675,0.80870877485453,0.840232268836038
"3844",0.942174287546458,0.916041334089571,0.654240854480214,0.973458086231613,0.79152772341065
"3845",0.98152361393827,1.00484089796721,0.793709149976879,NA,NA
"3846",0.849360324110404,0.852649357295275,0.633477511930829,0.826020575450633,0.937237629812491
"3847",0.847776689133221,0.791352230760075,0.71534627462537,0.766931373010684,1.03185256792512
"3848",0.97787765468187,0.820156655545228,0.66734707218715,0.821404447208716,1.18556578690661
"3849",0.951725560449937,0.937631331592338,0.610306542841191,0.59888548090977,1.17158130287886
"3850",0.930075923971166,0.975678045039192,0.590633024504977,0.976181218510793,0.978075582999814
"3851",0.946774721765008,0.881462162665947,0.857644263407555,0.843914565214184,0.940341917196555
"3852",0.887101089457352,0.959921753052258,0.75454196235651,0.745476422531768,0.942108721965073
"3853",0.96837213998466,0.964567989179868,0.5806465715271,1.01076915709341,0.970000039408912
"3854",0.95359768891772,0.951658679268543,0.762362717021659,0.810946166724927,1.0649678558001
"3855",0.923969768812362,0.986347410768209,0.726692696707241,0.767417026691043,0.966993421337887
"3856",0.885340266110205,0.942840282716233,0.702972885494336,0.745020988936462,1.06466162096172
"3857",0.968947800564695,0.928809729697436,0.790519591793392,0.776093118562631,0.951615691412769
"3858",0.947072878821502,0.965600788090056,0.699299993024893,0.859650917536159,0.926071989317908
"3859",0.913105675565612,0.886126415227332,0.751212815157807,0.849277652443364,0.947411788436295
"3860",0.969634385478858,0.983978898270575,0.611872843141022,0.900113750755064,1.00879663099285
"3861",0.973273608276043,0.871500872414169,0.552044666395164,0.722073789257101,1.03245514940006
"3862",0.970881542749577,0.998759272120463,0.88985615776219,0.843492843861209,1.18055341128075
"3863",0.926815557288228,0.99999200477864,0.673592080767538,0.834335581727574,1.10585983655408
"3864",0.949992657661487,0.977201144076507,0.824965807301336,0.827932809290156,0.992229151717324
"3865",0.898025597772807,0.885220776327197,0.793592207129084,0.731685843034788,NA
"3866",0.894847369014573,0.984690862219546,0.723942177856844,0.817461036062859,0.940204250897687
"3867",0.869649617663195,0.894490615987213,0.586778930985905,0.821379331065164,1.19276924914354
"3868",NA,NA,NA,NA,NA
"3869",0.979325309210565,0.985600437727903,0.778007851475581,0.855241681663354,1.09546394364406
"3870",0.792450482372782,0.957609535440308,0.778168510819805,0.827512677139041,1.15510453120479
"3871",0.894466592742975,0.848668858041159,1.03963315591374,0.850248514648441,0.883439264042409
"3872",0.874705349632136,0.88413200990893,0.862076779843018,0.674866565367813,1.04615755566351
"3873",0.958234529722988,0.982116550709228,0.797594712383549,0.783790294363264,1.09295124432962
"3874",0.940943911458722,0.775701953563877,0.914319284482365,0.717679245947893,1.08221092828958
"3875",0.961312820202675,0.839204671812243,0.82822621073587,0.746591973025934,NA
"3876",0.964787803815609,0.959655678984085,0.767105115123142,0.826496929575018,0.838293916735799
"3877",0.967379756693281,0.928637827988534,0.762264579317235,0.782123884280857,0.888526118233653
"3878",0.832289192781467,0.991262695970167,0.664950370367348,0.891356011005414,0.99514404846531
"3879",0.95807410883036,0.97883828872694,0.776845282797474,0.851302188658234,0.857739614464728
"3880",0.851831804655374,0.977640115421389,0.981556680345531,0.892844719083583,0.940472227073198
"3881",0.974565004047561,0.981013825840335,0.895984903491304,0.924395842564265,1.00721488444876
"3882",0.948322012063491,0.971552478289117,0.840022535853305,0.819338356314632,0.935422204680579
"3883",0.955279507342941,0.968769149289223,0.74101640460365,1.02973174721164,0.949962799028113
"3884",0.967374271286748,0.976083668840831,0.768419478904746,0.874990871305279,0.739124238289304
"3885",0.938265936260261,0.922653433918593,0.755053622769321,0.978778962603384,0.913812597802854
"3886",0.974691887590295,0.992120249114648,0.710102153331547,0.740046314167603,1.09134644203742
"3887",0.832243007355258,0.848092322606066,0.901756143608358,0.919875128043478,NA
"3888",0.901926052756297,0.996580820158589,0.59939927303094,0.821275488654397,NA
"3889",0.9069211337443,0.987716290740091,0.711689453035591,0.816413770749251,1.02678962360343
"3890",0.968639628695176,0.89145487454744,0.816706699016108,0.696770242443449,1.01082984609735
"3891",0.832282355894054,0.83558207444149,0.801635063859589,0.726206421420522,0.89882037250283
"3892",0.762694951829123,0.965974843961289,0.636725805027597,0.742841482591314,1.04864911664731
"3893",0.979489897091333,0.931483789176682,0.745436570533065,0.875068556412836,0.789230753037414
"3894",0.775637041771511,0.914263657220734,0.719620858897591,0.91594665059169,1.01459305052854
"3895",0.98989589643051,0.977938227846979,0.822640117376261,1.02425356090539,0.712780733693354
"3896",0.972264895784499,0.988790574259213,0.62672384089778,0.767875146243254,NA
"3897",0.940654666485116,0.878115734273162,0.578968570565753,0.865152327399462,0.917127092247819
"3898",0.85869598876417,0.979165234012007,0.768499159259668,0.82569745856182,1.01170111238978
"3899",0.966284845319928,0.987169602536919,0.671889685522115,0.894022878577883,1.01138981711669
"3900",0.885223409891319,0.997633395356273,0.598450306660515,0.939994835590778,0.969893447556761
"3901",0.982890135485929,0.962971539537332,0.621992781766963,0.850127855903719,0.919744223939543
"3902",0.814164172695475,0.899421773164116,0.823190586854581,0.966435686735724,0.927440881543831
"3903",0.818704603228839,0.937067870663091,0.929836231578284,0.856312946684054,1.04346661207725
"3904",0.966179306075887,0.790645068039348,0.791489218792633,1.01367174889482,0.909224570223132
"3905",0.959250935269473,0.99097669868294,0.775919241744251,0.704646838750844,0.862565627808043
"3906",0.89447162863929,0.961149997887342,0.549936293287778,0.752771448629374,1.04464492510798
"3907",0.962834494354278,0.941492232078707,0.814792925289609,0.908155975319515,1.08817508333642
"3908",0.971090704776383,0.933832862615693,0.591424059431677,1.09362513079422,0.955115767249676
"3909",0.889528999843548,0.988473729024702,0.826210887542935,0.821225891470256,1.04710037464368
"3910",0.926658539315141,0.935973217906488,0.705848855250105,0.926200323037531,NA
"3911",0.947818737348484,0.892672285319377,0.792659283846817,0.740527374821627,1.04319297095549
"3912",0.983818448031341,1.00161534711863,0.637686906771275,1.07656209081816,NA
"3913",0.977844324649227,1.00137001674046,0.92988154760488,0.878136143335521,0.863263869513895
"3914",0.941657203698186,0.875984088537814,0.844067622272857,0.920725263064412,NA
"3915",0.810846898895353,0.811996164822537,0.67652037662398,0.892816449574052,0.739284053630077
"3916",0.87186190777676,1.0021792386566,0.620517039908932,1.01064423313003,0.935950316056734
"3917",0.954102554767458,1.00061680808095,0.824448435129572,0.839321026544019,0.887178451080889
"3918",0.905902083075543,0.972071547459571,0.827742264230399,0.928498291253321,1.0001878484498
"3919",0.898327596105273,0.817295184265709,0.542433129640385,1.11493577492581,0.984947762574119
"3920",0.959243347289885,0.82211564641092,0.605517617088945,1.0653235768475,0.878000454430216
"3921",0.844911737384981,0.898035229600005,0.693372987384608,0.725810019967493,NA
"3922",0.982443898871972,0.918144802470631,0.653306843823264,0.719785912283682,NA
"3923",0.853462440144826,0.859097843663945,0.710573729384629,0.863744873401608,1.10795964951616
"3924",0.952060330715159,0.994009711792447,0.66837968950071,0.955763100776861,0.851778882998917
"3925",0.970026087144591,0.983841309081801,0.773326964623227,0.84260991824738,0.972438693733196
"3926",0.989211909430795,0.992147437790466,0.820949935633859,1.04695079648736,1.01692932486845
"3927",0.965201445768755,0.995031918543706,0.744853762089391,0.756776167353227,1.05694981641077
"3928",0.965469630465908,0.995905379198603,0.905100822572442,0.785701744622969,0.964580039923917
"3929",0.973833386307524,0.959519860345038,0.952780645542314,0.84970971139609,0.987711757754222
"3930",0.922375189608323,0.970860942652019,0.938580974915579,0.838698025846396,0.921370011898772
"3931",0.969671017161633,0.970009330980252,0.768714386617798,0.765735684641344,0.862487816849964
"3932",0.967072175165152,0.679059130499083,0.817051829138558,0.75285126036436,1.01489346080942
"3933",0.915592459769312,0.97026459968614,0.856384499201659,0.724605910561952,1.09948677906642
"3934",0.951075478148435,1.00748118527142,0.621628048369197,0.786849746079944,NA
"3935",0.93226705229485,0.947950742169417,0.874836972604093,0.909179975956275,1.00295770273213
"3936",0.975670513428555,0.991554902101047,0.883920432001804,0.79521015565511,1.12403977497979
"3937",0.958111835538322,0.881005388024248,0.913289134360682,0.713623366092532,NA
"3938",0.945212161474069,0.985295544636303,0.634576174650616,0.816747665886638,0.985574182487963
"3939",0.984928290969674,0.895424238229989,0.924857545058525,1.01087555831499,0.883195073825149
"3940",0.874969165642601,0.905647992356496,0.796497998043861,0.848343421268068,0.9980183948034
"3941",0.839335397767297,0.975510260076435,0.72756100901695,0.847609954490309,NA
"3942",0.957917531786057,0.92136308104919,0.797254304442164,0.761417976103105,0.999637057624951
"3943",0.974138314286978,0.9449577578004,0.664795778448296,0.86203992616824,0.968120102826822
"3944",0.967132204100738,0.990156526779642,0.915246386937808,0.912470845530947,0.960515611979872
"3945",0.969762167075646,0.944577966858122,0.720919882570619,0.824602522145025,0.873369051765771
"3946",0.902945566937742,0.98210833688517,0.866585699132811,0.909581354128988,NA
"3947",0.913525768766535,0.855661335937748,0.813874370411111,0.805846716875925,0.994641858968021
"3948",0.939098915702693,0.891065694868237,0.900813378842124,1.01180578587915,0.967861591866703
"3949",0.95648400816663,1.00119989452006,0.682584252083065,0.820623359159359,NA
"3950",0.98120870064701,0.978798226616533,0.841071155253492,0.68794244607157,0.891828250530136
"3951",0.984919495767153,0.988672488136707,0.89257329846072,0.838686054461384,1.19445437580727
"3952",0.92511603302744,0.97579160018407,1.01709716867367,0.783044386239594,0.904221596372707
"3953",0.952812317766837,0.979518913439685,0.771813789288214,0.888268027102796,0.893148708410068
"3954",0.890276373288897,0.95673935106424,0.885017212876251,0.88629974978512,0.832380580658661
"3955",0.961325392831524,0.870591828025154,0.78447072964844,0.952759627975995,1.00835403115343
"3956",0.946214238588901,1.00917748886961,0.761986588897636,0.88035711912026,0.954127062920347
"3957",0.943581310647775,0.874817633876704,0.79233971874499,0.940498039640871,0.926870363614106
"3958",0.9814043896661,0.976032728875398,0.598374239376001,0.688495790198254,0.895051026389793
"3959",0.948547959609056,0.989563451859676,0.647561167792688,0.912813838580788,1.00136807649195
"3960",0.893871001016743,0.937052131254104,0.674160917119499,0.852306380333303,NA
"3961",0.965703381047599,0.899201168062996,0.603684767839954,0.698625169012839,0.998161706123545
"3962",0.974409150604089,0.998387736502172,0.929187610130746,0.86039708872042,1.03778900557758
"3963",0.965389640506016,0.923777705351352,0.802010933350877,0.904803255884366,0.893450629120497
"3964",0.888425404387063,0.720659702328346,0.694867134335028,0.951246469759809,NA
"3965",0.868612734364085,0.995249502417646,0.622492736498217,0.844066505415081,NA
"3966",0.81413450280616,0.946064826701141,0.642658175315308,0.839063420121806,0.936359468567253
"3967",0.959843026250976,0.85715266717325,0.715471715025347,0.941833970399892,1.10125225029803
"3968",0.778592889041506,0.983925946735904,0.790393445266045,0.829449817058201,0.924912821387105
"3969",0.845775118953708,0.854508110863848,0.692156080163601,0.85293758125535,1.03319622903702
"3970",0.87490592839293,0.917083216972938,0.709818570750228,0.879003096658368,1.10564507759924
"3971",0.975883432952082,0.965329896941231,0.75173680077315,0.746007385938713,1.01523310008178
"3972",0.892918121863919,0.976477176288536,0.669091394440788,1.00120946599425,0.92823696928322
"3973",0.973834945342937,0.844278882742752,0.817741493408997,0.875716192234801,0.937212546205832
"3974",0.968628609478868,0.991627944270927,0.608092388893013,0.813263839451132,0.933720024590087
"3975",0.815163005629591,0.993609470723685,0.830825238928454,0.654169575773385,0.940102616813101
"3976",0.96577382255916,0.813847139981767,0.836231909498322,0.808143031265744,0.947675120668511
"3977",0.964198357085012,0.919858614048343,0.615630928177592,0.89494993877011,0.989909485985615
"3978",0.981884604525893,0.965774904158793,0.882329503025027,0.970970698155415,1.02556213547717
"3979",0.921935808636454,0.822939328464704,0.635326098474308,0.798430501053076,1.02443071658666
"3980",0.906090878224605,0.990652742932231,0.826327575438454,0.690698169711738,1.11802125286731
"3981",0.988593262940516,0.975572220203268,0.841262932150218,0.654908481304233,1.05701469805481
"3982",0.877282303285485,0.988203710875451,0.68241742481037,0.672392794082136,NA
"3983",0.963887056202184,0.814686908740671,0.73699823802307,0.841164630156778,NA
"3984",0.972012727562687,0.924233142454345,0.822765676710994,0.814858808258044,0.916005106938471
"3985",0.955100833006276,0.896888361548708,0.857673469697388,NA,NA
"3986",0.893776752834283,0.976573530938677,0.820030352663469,0.773380308655564,0.918086685710396
"3987",0.986420308594793,0.975342556233709,0.938685980104603,0.847902107814622,1.14359704479708
"3988",0.990273748955652,0.911365645906091,0.832823924789401,0.984950137119993,0.879468956553128
"3989",0.948249765261126,0.98631503448743,0.730481254863214,0.925529390797842,0.878426436899836
"3990",0.931552283211559,0.916489321863824,0.869066042932446,0.85070083347351,0.890278482167176
"3991",0.852806994346238,0.992153067957474,0.71097433759662,0.877327065854963,0.927904526035923
"3992",0.902917304884929,0.988320852290205,0.859076703795428,0.732925258530133,0.833080439882747
"3993",0.949011439881661,0.842831968137446,1.00763161532575,0.834015492994474,1.09546798676649
"3994",0.927460796200426,0.971899340369726,0.742084028761861,0.960428992921423,0.810271262837304
"3995",0.965634138345467,0.93563291078757,0.608846734612077,0.797076238780372,1.13316593502969
"3996",0.971019137513407,0.975522298058952,0.665826374335738,1.03493201722305,0.888444460036805
"3997",0.971282938690479,0.967501119747877,0.670846537734222,0.793980357592368,0.799453920918935
"3998",0.968880895975684,0.961533121357811,0.831439099229562,0.836181642471448,1.092769969903
"3999",0.954296568333157,0.927077320192984,0.951140117024619,0.969886865961703,0.921029859165216
"4000",0.957798313815225,0.969272239471644,0.873448103298965,0.884781048752071,0.906713843762318
"4001",0.976841795814319,0.933632792715961,0.79474924039297,0.683538918022803,NA
"4002",0.917250024712416,0.991630618952664,0.702947214979926,0.875207023952387,0.824517964878064
"4003",0.970621907759956,0.997297318082216,0.726107699378778,0.780061336223858,1.03190137521716
"4004",0.910540816738074,0.983830738180956,0.747627456834651,0.97959781816867,1.01633140225479
"4005",0.815011646495795,0.873620274580901,0.91032058156227,0.931528154702156,1.08501276596029
"4006",0.984178479941981,0.992295037168848,0.855824506464009,0.795084664811407,1.08741124763149
"4007",0.97873860894043,0.985463575135394,0.818415246840014,0.887251705396591,1.1391261605889
"4008",0.939181947869423,0.997457991123621,0.820299810308959,0.893474436990875,NA
"4009",0.966172876863541,0.976900321191409,0.709085567229965,0.892969125158311,1.02317033980366
"4010",0.974568873995739,0.916328721710221,0.712104967299554,0.807004401266922,NA
"4011",0.80955876430558,0.993723134085519,0.643355437664031,0.905893911324605,1.17944141019395
"4012",0.926917472748215,0.990617764927617,0.681882929752153,0.708894044550608,1.17137515280691
"4013",0.889313536737334,0.960768517038244,0.786567974874967,0.773278419811694,0.89568825045332
"4014",0.896201024730669,0.850864694051531,0.715872285975199,0.827341437052108,1.17095928972394
"4015",0.986913087019831,0.900440566372787,0.696302136903267,0.898380260312011,0.855717886294273
"4016",0.961081175838506,0.960583940439988,0.585513606426446,0.936718633945197,0.877710708353585
"4017",0.971757827035879,0.770156066067603,0.773687907267011,0.751881541130395,1.06989059510964
"4018",0.956497728258852,0.94344799599588,0.689260810724683,0.889071421489101,0.884968170633241
"4019",0.938016846876978,1.0055244197023,0.617902253037089,0.946595301299293,1.03948890982573
"4020",0.970434684505121,0.809953139325481,0.829577756848412,0.797849763878407,0.923028588308524
"4021",0.984151296518952,0.955987893444138,0.873685688642891,0.918884135210765,1.01148013085974
"4022",0.957834108786142,0.97506392017824,0.633695743014627,0.799272175397048,0.957527179387103
"4023",0.875009574022329,0.939814940519895,0.738103547690839,0.833377175851165,NA
"4024",0.950200991925148,0.99119762019234,0.886830128318799,0.844742901704647,0.898952767924022
"4025",0.964618702542806,0.980390507646711,0.736665611365231,0.722242534443076,1.17970179522689
"4026",0.976410927980245,0.982081769695932,0.782254021277529,0.744121256164321,1.03233472337002
"4027",0.876079067375403,0.856411913643658,0.873543360477353,0.806283674068845,0.979803135024353
"4028",0.981265387270117,0.965617012059029,0.775263104827891,0.778425620947756,0.957851382298748
"4029",0.952895937517245,0.985950149094321,0.805355570952545,0.758662673852841,1.09860601661464
"4030",0.947639398406709,0.974906616631689,0.807053877711512,0.890546255171863,1.02539937251219
"4031",0.975881281175732,0.990373447148257,0.766413111820732,1.08379361093605,0.877981331501629
"4032",0.982309857954065,0.940539110033317,0.955017831145983,0.903164449651663,NA
"4033",0.84494364500527,0.988392385725357,0.767125618829812,0.900248757625305,0.742557286434898
"4034",0.918126351048102,0.998446068022877,0.730356839530622,0.711219816671883,NA
"4035",0.948990560972586,0.831219482708317,0.807941491802639,0.784747910435884,1.0833287993437
"4036",0.973275430092852,0.972380026125875,0.476846199721635,0.902995951783517,0.957396028171982
"4037",0.834735504329272,0.999630625510774,0.808450054538412,0.930105227820998,0.922689096597224
"4038",0.79680716117707,0.81214594452865,0.69458196046871,0.972996246834194,1.13234530638318
"4039",0.974414116140022,0.798883675516823,0.809810549531769,0.86009594703946,0.902755947418351
"4040",0.953816106494694,0.984409620706668,0.702043342191263,0.761869510683353,0.834848049912457
"4041",0.835706230359073,0.878008759441875,0.691049902627092,0.795454394941353,NA
"4042",0.900226423351385,0.893141411998657,0.729512248408797,0.702114680169169,0.942454309017668
"4043",0.978457453937351,0.990800981444118,0.558764364754875,0.770153734011557,1.09603115081966
"4044",0.827278542730245,0.982564200827055,0.551572423053058,0.861242077679684,1.06021851275494
"4045",0.971181172865442,0.894359099233229,0.747140221905236,0.632378449530012,1.03928246614129
"4046",0.968422732472467,0.964179120877957,0.722764404114099,0.969712761245687,1.02331852362441
"4047",0.965554495021952,0.988613293842853,0.836408953086652,0.844904032065326,1.10467143920454
"4048",0.973915488790609,0.936065901321297,0.674206567109815,0.799657174319632,1.12300280075382
"4049",0.983775856096851,0.981693315811232,0.750131872636198,0.891316601336773,NA
"4050",0.952534633993994,0.886219634727632,0.846553829228222,0.804816647054736,0.998737568696463
"4051",0.982990035844573,0.888539287947907,0.756605953816928,0.750560592907818,0.952687925265741
"4052",0.917975421262809,0.985535776631859,0.707751832236016,1.0932958987691,1.09166158808219
"4053",0.957009313458993,0.914720735100064,0.714611358510057,0.863522652514384,0.90771467515508
"4054",0.945046293107339,0.967714770929789,0.569895368054448,0.782260007942262,0.970120779264017
"4055",0.949873222198767,0.927337673730958,0.9186448294048,0.819442499013548,1.04575606296121
"4056",0.835786263957425,0.967017705999797,0.876129999998237,0.791300488950635,1.05381735831645
"4057",0.949926255148631,0.903094232567205,0.782960513376457,0.835536747195924,0.951378331433001
"4058",0.93787512558038,0.940611125964302,0.738780053466042,0.902358804466078,0.867887714180898
"4059",0.964987930177487,0.985299306968237,0.638018647968901,1.01394413991306,0.981270913513724
"4060",0.948878949260326,0.986823720904727,0.837102086242856,0.873784645433447,0.959607985759963
"4061",0.947442570530619,0.998600593939296,0.721414671604929,NA,NA
"4062",0.867551130665256,0.979819839865398,0.74023501651498,0.866519422487884,0.911570547098657
"4063",0.973882750020716,0.93517457847187,0.988167218875623,0.843124488029641,NA
"4064",0.960077287856567,0.7534921600887,0.791055773386038,0.906816481436955,NA
"4065",0.945690056629397,1.00352656575191,0.870452112568478,0.824622807597136,0.977927384068798
"4066",0.969462605425543,0.834492886058833,0.718370600419995,0.790282043774183,0.923450575538543
"4067",0.981881954236422,0.993609978934153,0.695489758449821,0.672717952341635,NA
"4068",0.845088485874669,0.99131173029891,0.969772050876775,0.988707612087751,0.975282728247161
"4069",0.917850029360448,0.962984194777458,0.663450440959017,0.955460724610818,0.885352819399361
"4070",0.96566250578514,0.976529928324375,0.733349605015295,0.830371273648645,0.954746048563358
"4071",0.977087696073669,0.991792308393214,0.713035691811114,0.778628743687201,0.985358088410419
"4072",0.983062550134195,0.951088907496208,0.774610840347131,0.823206430374681,1.0794687825627
"4073",0.926179026880052,0.756097005213758,0.529821968629891,0.750296246754751,1.0451157599775
"4074",0.902775718791688,0.99278321729093,0.789377440144817,0.88035310239242,0.950712419247579
"4075",0.900152999953435,0.918668001339602,0.584283950783615,0.861205237745643,0.885096577046271
"4076",0.960154040484672,0.998212938498161,0.767244529344437,0.960861452301637,1.01709810077566
"4077",0.8960272404653,0.97290101838137,0.732242115246199,0.666473747302457,0.990325119739822
"4078",0.870392191086109,0.883136992450957,0.852337790442654,0.723386636397091,0.620271321286163
"4079",0.982773039640375,0.995990109615993,0.801662641201065,0.875155917714162,NA
"4080",0.941536710302504,0.98008715914787,0.85874027663181,0.90334624483836,0.923425269544752
"4081",0.952880016156395,0.875501918935833,0.731556213545097,0.86354910543547,NA
"4082",0.868062768346558,0.998186650872398,0.797057380893027,1.00631963961806,1.05059288412853
"4083",0.958123107415842,0.995521284428871,0.725012636915632,0.95893806217141,1.10269363058078
"4084",0.940094737726276,0.998540332645721,0.73325178081531,0.859507009395242,NA
"4085",0.893193444762675,0.987744647689536,0.792846397620779,0.930785639183166,0.832818941158587
"4086",0.990437798412965,0.83041991698788,0.618624842967192,0.979363530058879,0.882754508317383
"4087",0.875468699399016,0.988921760316854,0.680856837443371,0.856705558029086,1.01919780898443
"4088",0.935473177412413,0.982358164088268,0.852700448031372,0.891049622326529,NA
"4089",0.974892963727333,0.943877542570674,0.908171587536901,0.93659558033701,NA
"4090",0.945461971386555,0.991749483128094,0.781264186382269,0.860026303791314,1.02386683946188
"4091",0.966007171338514,0.725343396049209,0.646356790556329,0.894754681519605,0.80595821114742
"4092",0.949826975595452,0.972668169867279,0.79581401061599,0.750342414706849,1.08780708398834
"4093",0.924353531305805,0.977317948067572,1.02226646456682,0.847696114626942,0.924655657945927
"4094",0.933985485686017,0.830139198415634,0.674280471995962,0.708009123991482,1.02308840858796
"4095",0.984822242746714,0.916592603144044,0.692879085435472,0.718384076249099,1.17602946996109
"4096",0.992874395042736,0.983145954644686,0.816291454145254,0.716254811994154,0.87776108183698
"4097",0.765221258286312,0.982162864028135,0.463305752282672,0.876534326758598,1.00356596938579
"4098",0.761037770399065,0.900429915291303,0.598672582345298,0.858031851785168,0.931600865187657
"4099",0.96528195349868,0.979475016250442,0.86557932200665,0.770908541399734,1.03183014125163
"4100",0.985860022776895,0.874600423573022,0.641652077910572,0.8928710884156,1.03717358235813
"4101",0.85196364502444,0.92198164538385,0.743329327779882,1.02386535173024,0.98905403064321
"4102",0.863340867632147,0.989676728402029,0.791561208376467,0.750804993453046,0.966850534695366
"4103",0.946342257349589,0.961106534523888,0.709009565475058,0.845967687696294,NA
"4104",0.977820501643654,0.995819170317884,0.645809783849898,0.861311283128718,1.01584148270305
"4105",0.980065542254063,0.919145626576677,1.02965675751951,1.02277859269385,1.02425825352379
"4106",0.901255957087033,0.91661605541671,0.806388630705968,0.969752657374205,0.979643100217846
"4107",0.971454137707553,0.969194430996342,0.524109284345114,0.782579416260675,0.913337064756462
"4108",0.92544359570604,0.900436228224742,0.92657496573232,0.735257673766244,0.843133438247334
"4109",0.986782616014566,0.908371772041259,0.727666882986701,0.831066812464746,1.01273744215044
"4110",0.850710119083466,0.988444946563211,0.820233491849968,0.811143890450989,1.15032675117361
"4111",0.980362359038916,0.997702162500925,0.767811630235801,0.893940942489016,1.0999401229233
"4112",0.864320893257675,1.0015257647706,0.806283239440706,1.05879407787644,1.05686943144676
"4113",0.985945546173668,0.860941115432584,0.642122736772566,0.926306523240937,NA
"4114",0.928623281830855,0.981951745863377,0.776787293897511,0.829056709071557,0.948484710637158
"4115",0.94571421916311,0.917900022812224,0.61281401791696,0.87454271656201,1.11133805188121
"4116",0.946639656988681,0.988709992173513,0.809890868859841,0.851348661586203,1.00491124028902
"4117",0.928248658131885,1.00493435079416,0.541551338161571,NA,NA
"4118",0.838387231140345,0.881387221458033,0.675613203805257,0.679615545446399,0.867268407383614
"4119",0.832979308515196,0.998452428665178,0.629197295031309,0.864892982404421,NA
"4120",0.961738751334432,0.955553645475368,0.832237369451255,0.813351724941444,1.07787337214075
"4121",0.950187856191799,0.880111607265418,0.84040744969883,0.898702807220652,0.988328070403718
"4122",0.965815484910985,0.995225681739605,1.03148715534392,0.841993107054071,1.11361128005032
"4123",0.904046097672901,0.950747687649871,0.834725279335794,0.99765045712496,NA
"4124",0.974351537890436,0.998489464928522,0.81718329067221,NA,NA
"4125",0.884049895369925,0.835478584127194,0.927437036218084,0.726777472060193,1.04981888781406
"4126",0.900283528214398,0.972781504582039,0.636351786913146,0.890198686501238,0.908074127234787
"4127",0.865548093409823,0.989913457306745,0.738671883825786,0.932273710041387,0.900087012402237
"4128",0.866733030034844,0.763152502849884,0.659822837880047,0.871395972284148,1.00651413841185
"4129",0.893722102747155,0.975858819388274,0.786446029333263,0.796069675766105,0.859703062355334
"4130",0.899934631532909,0.993090459470106,0.666653027829149,0.749298619696116,0.965893590090953
"4131",0.893412466966118,0.942928217764508,0.673808347161272,0.950564794687659,1.18325714421189
"4132",0.926920949894776,0.977624025830257,0.596994792746928,0.719527485362422,NA
"4133",0.905294861425404,0.984416597205408,0.645716369698185,0.946239768396068,0.85896546178147
"4134",0.859240934314618,0.897886765795205,0.732620182552586,0.787191732537864,0.865062520896555
"4135",0.966214603265345,0.899636401266236,0.788583299480348,0.982882982238875,0.85638223295351
"4136",0.964413689486861,0.921172082884051,0.824275427037846,0.783247171585095,1.10232067246258
"4137",0.811860694979653,0.985147130770126,0.752531122499021,0.893206420970402,1.19514977385453
"4138",0.815856128920862,0.991970925890157,0.586839263782598,0.774521075135403,1.02533810378451
"4139",0.895763090965157,0.982691233153745,0.934783364208786,1.05183438531923,0.991619655885184
"4140",0.957421163131025,0.997162746939549,0.61112347231151,0.884978975648428,1.16818806943722
"4141",0.889799345564861,0.996056419908059,0.808100399932936,0.759810235004096,NA
"4142",0.96395207816762,0.995127349139878,0.603587785439471,0.719567583924132,NA
"4143",0.873631865123778,0.886693966982699,0.966464361850892,0.858858074392036,1.07245599344334
"4144",0.79146829054637,0.981500998187418,0.782127768673102,0.915593800808895,0.932829050745561
"4145",0.805115401267698,0.850161514775453,0.682215970482605,0.851356138818226,0.990621399902329
"4146",0.986578128606866,0.985944259112623,0.789597105927713,0.918874498174931,0.918534330944891
"4147",0.977808937043568,0.99399953385398,0.892706749562426,0.78299371577116,1.16760025033252
"4148",0.970060618161586,0.983529696816054,0.825676888293538,0.723377043623352,1.05485050891265
"4149",0.936439781467604,0.992646552318413,0.637262258943542,0.850088836307312,0.906451505091228
"4150",0.965317821793466,0.971241659588761,0.737692452316116,0.89720047900488,0.91370554426516
"4151",0.928780687515709,0.957243978037383,0.888803937657134,NA,NA
"4152",0.971178778029867,0.994993920499668,0.705514677279447,0.976514007913554,0.938801642208045
"4153",0.987040981019865,0.685119115773334,0.629456987237183,0.89837388318877,0.806226339948008
"4154",0.91290320210484,0.995386275675137,0.870614706075127,0.781249290056858,0.93457185133192
"4155",0.968259310683091,0.969476402281849,0.871911718345834,0.924484102338316,1.07797694350544
"4156",0.97031127808605,0.983167687511335,0.694291130978964,0.867289469455431,1.04768863532161
"4157",0.975891722931051,0.967171168020822,0.762929653627374,1.0188886489675,0.93152364790865
"4158",0.861715796265365,0.941916808258376,0.665067467503121,0.848836594678205,1.01922109230944
"4159",0.960661168991048,0.980473538483271,0.719866101461191,0.730561191751615,1.09140605969206
"4160",0.956131186558022,0.987758008048481,0.736225829248242,0.868050502972276,1.03215733803349
"4161",0.770440035118188,0.991178467813944,0.840921508237401,0.803357589206916,NA
"4162",0.938465075710285,0.957157739825604,0.849880232992926,0.805382903719216,1.17350628494127
"4163",0.774928574111576,0.990827550804577,0.628307700624553,0.756061243692002,0.956198200721001
"4164",0.959288019731787,0.954201680975796,1.04111036448926,0.979150223726989,1.02812908241099
"4165",0.982056921000084,0.992288220504548,0.873729760914505,0.988415160544171,NA
"4166",0.951558065217218,0.992657375351806,0.769546929931908,0.976777927834468,0.823338974714403
"4167",0.976525637446943,0.962961575842273,0.715316678992027,0.927622544278511,0.86749439382283
"4168",0.974970966117982,0.861028321369811,0.590724731970109,0.849033993201793,1.00409567997525
"4169",0.965860162183941,0.897511772947184,0.549686170407494,0.765723280612691,NA
"4170",0.985019895885713,0.885108715379471,0.937843900410738,0.986241268415595,NA
"4171",0.919214919580347,0.973369104549525,0.632567654293481,0.892954912432338,0.926518354189536
"4172",0.97433235949736,0.988619956135077,0.777810943178463,0.869418040057955,0.907972208198427
"4173",0.837560474198706,0.984034321636899,0.668329849369919,0.884753645691814,1.00825330493234
"4174",0.903777300483871,0.997747583075493,0.671407304290893,0.907498930495419,1.04526212892177
"4175",0.991259254633378,0.637058122521123,0.815129392380927,0.891568195642013,1.00298258560414
"4176",0.981874164883422,0.995134186260303,0.846149109091125,0.763142300248147,1.03239427287351
"4177",0.96913339959435,0.982154417676877,0.803156107248466,1.08420634996534,1.0492170411233
"4178",0.956181099488595,0.983776957081991,0.616042327843582,0.70060785625275,1.0032254513053
"4179",0.961128879022471,0.989534831452103,0.794008686467744,0.881191845529366,1.11988882487581
"4180",0.710964631225559,0.983944286817965,0.738128611200451,0.644617880717232,0.795987137875841
"4181",0.849363700421641,0.838661338536051,0.716995348844003,0.723333912548991,1.18784513777178
"4182",0.808058220028971,0.994969160329008,0.727143680018869,1.05653798168247,NA
"4183",0.898510963645933,0.993899828010245,0.90992529310321,0.632019232357541,0.861930266313551
"4184",0.977136805567581,0.82754339659871,0.538071952296842,0.902821764042956,0.934622041494421
"4185",0.939330089586659,0.998563249047959,1.0439506973297,0.629675749816951,NA
"4186",0.887880790313136,0.90751259425764,1.03157432096616,0.891307675762651,1.0616988684124
"4187",0.963890597705651,0.974825012914125,0.828654825370641,0.599298198070157,0.863647497599009
"4188",0.873785525013884,0.913607183036233,0.568451562306204,0.899640157306674,0.996033622878827
"4189",0.983987750322904,0.98698685459951,0.73661550994309,0.860802084624462,0.847304154997503
"4190",0.760198700397874,0.967630286252458,0.771813921821073,0.906068291894773,0.984678141823679
"4191",0.971277059979009,0.964101477530207,0.771066651631877,0.775704381942722,0.944661603042887
"4192",0.904274233366539,0.964680550731398,0.664866015079328,0.907662462274023,0.990469545872715
"4193",0.852579318968987,0.989349889277114,0.845957170987756,1.05648187783327,0.993560736688279
"4194",0.900729748300296,0.940660073944062,0.682880001465277,0.885253891234795,NA
"4195",0.952476590333442,0.959525842995535,0.743181974666437,0.86033214615829,0.901856697193933
"4196",0.949330312628369,0.994136202270478,0.571717550537074,1.02879371951095,0.992356204778406
"4197",0.959496712432441,1.00252624261138,0.590938505682075,0.888383529914108,0.895365107325865
"4198",0.895749231605993,0.833261737922307,0.796717100825053,0.904401377312293,0.941897784918812
"4199",0.960773603667087,0.994367275726989,0.915023897803147,0.789573697723473,1.05776279169518
"4200",0.979052904499157,0.830364715533699,0.815845898488922,0.927120499267619,1.08518162111416
"4201",0.847233030843246,0.98551993340556,0.798791711560902,0.88531134166575,0.912710378035027
"4202",0.966791738960594,0.948771724956153,0.979346301194065,0.923252705834412,1.02148503377069
"4203",0.979156947538921,0.965648254194986,0.874057036218599,0.790832967295637,0.891008385911905
"4204",0.852325125573726,0.802849724889501,0.849687765085782,0.826589224954822,0.964964654932128
"4205",0.945441739126009,0.79685281253729,1.0164711898164,0.942727416190333,0.904162445404141
"4206",0.98942474446746,0.97171218003465,0.615541587867823,0.829282820674108,NA
"4207",0.95896068311065,0.914080172816475,0.740083358266774,0.827966208922315,1.06727748230465
"4208",0.828734665423592,0.979485856074619,0.607189489695997,0.942241561597078,1.10101384219729
"4209",0.898588258258768,0.991971732233795,0.710741031033759,0.939584278081445,0.970394756775274
"4210",0.808007832597034,0.893459112644724,0.630431428112727,1.07236581148937,0.94514266926149
"4211",0.977935610036644,0.967896022743555,0.61419244436614,0.772132362906473,1.03782199804754
"4212",0.979944366375813,0.982078266265298,0.737655161991974,0.725997987942089,1.19608795015455
"4213",0.963390901387141,0.93508739158137,0.88220431349354,0.97282184278558,0.899077177206062
"4214",0.95234126036714,0.793610795653313,0.753454259975862,0.775044131725096,1.01123698145543
"4215",0.990268648320216,0.992374213837542,0.61831149896759,0.834125660304775,0.98788509596792
"4216",0.976142240931785,0.954919565790197,0.802613129225297,0.849707339182012,NA
"4217",0.88540098743362,0.96043213701504,0.627286477271433,0.92561191828341,0.937338787535678
"4218",0.978737807460188,0.894338697591327,0.810204277358501,0.78785928244078,0.996559077727426
"4219",0.878078047916645,0.879884117952346,0.614007837121124,0.953681320011062,0.95705924014173
"4220",0.981751284318789,0.981566714646235,0.790935988789523,0.809634251071471,1.01864783304371
"4221",0.969174800452809,0.970823653879069,0.789466547112524,0.821671356906022,1.01095557040071
"4222",0.849688444074554,0.907285933164042,0.836800127179118,0.898279652970294,0.987422095594617
"4223",0.956940000914337,0.979071493037766,0.888576554233058,1.07654033380523,0.999742678403679
"4224",0.969688604701774,1.00281440518531,0.861406020510534,0.703966538106848,0.839728813764426
"4225",0.959043846653939,0.992022971108756,0.704016597832085,0.907816577133327,1.09638640491806
"4226",0.955706064324411,0.839676236973516,0.916214269861272,0.934636760446849,0.89055156461478
"4227",0.983803734278008,0.970500761098615,0.598775838922815,0.876014452080189,1.03538072069001
"4228",0.969565712873867,0.970655773229083,0.659905073210345,0.77810753243156,0.952754407633559
"4229",0.975123378900458,0.889231762315808,0.743114777979699,0.853329818117223,0.989188436288971
"4230",0.985732203041984,0.992501318764861,0.838668347088281,0.845774779970459,0.966344944410394
"4231",0.968747183844336,0.979638022291989,0.691165566542036,0.782004245994024,NA
"4232",0.947211912891035,0.899787310905624,0.819395010038184,1.03672315387313,0.931403293498848
"4233",0.968684160728733,0.971309367827907,0.846048027029032,0.693225552713939,0.941858956403087
"4234",0.96991273796506,0.99571510122074,0.682259924198555,0.755028556578444,1.18971239649114
"4235",0.983701723559863,0.994709865648763,0.735088009868029,0.904476223720507,NA
"4236",0.967325924560447,0.963729147653733,0.774488207989348,0.830953576319715,1.08579281967308
"4237",0.980405871086939,0.851287134569083,0.688898962733439,0.878188151937811,0.970664803925911
"4238",0.952749170453476,0.972425413234013,0.718830748319173,0.927413066478794,0.878948314380798
"4239",0.923788717677585,0.97119545371642,0.643695768892339,0.933591059250723,1.18915086289159
"4240",0.968167575177076,0.991173430958728,0.625105689638914,1.08998919854974,1.06329315078352
"4241",0.980855955674075,0.891627116473069,0.726483886223936,0.809693676002826,1.0216178837371
"4242",0.968103158496778,0.977284079737217,0.866364828175203,0.830996533198692,NA
"4243",0.900733563525743,0.980902135155136,0.783870371952071,0.833675336778232,1.04222378802151
"4244",0.983253687628017,0.98821208324484,0.835251458320722,0.764151441207538,0.838601915607731
"4245",0.850987051433814,0.874817583307241,0.615882037399868,0.688521031313887,1.15191494148495
"4246",0.976970412509462,0.855658240851725,0.560283760040433,0.944408619951198,0.958180330110577
"4247",0.962804701716561,0.90539045582929,0.745712970846013,0.743463745456778,NA
"4248",0.90545151664013,0.964684900675268,0.698810681704116,0.950532332663322,NA
"4249",0.989017310303159,0.914619343256983,0.983145750361122,0.752627967109518,0.869257137716835
"4250",0.938724095354106,0.984331702042734,0.744296303263781,0.716030265159065,1.06787367229374
"4251",0.96723020610875,0.973970381689999,0.801171219944933,0.915254168295791,0.890986269934448
"4252",0.971020442750343,0.945053699656155,0.764075718370614,0.979116167656597,NA
"4253",0.914803951707475,0.97125202266775,0.791383852108006,0.775602753485689,0.842411957455368
"4254",0.938202920360768,0.981631689455809,0.592523238809601,0.940046259577511,0.931452977813968
"4255",0.878035705616539,0.621111596694697,0.852368418793479,0.78310115830255,NA
"4256",0.965880361866375,0.881154028553407,0.810422023434412,0.820230242825644,0.920391472688128
"4257",0.980892720393825,0.887717732873962,0.659735353103635,1.00914438318808,1.06929965283583
"4258",0.962794931947391,0.949854657711146,0.768866490220588,0.6248455239183,0.896861893179609
"4259",0.908251022578994,0.97262731894665,0.641942879586878,0.983678620519735,1.00870289577107
"4260",0.878797556338393,0.985897010724769,0.808043891159797,0.862540999572719,1.03655196810969
"4261",0.965991686140538,0.99225053249828,0.822877804473287,0.871874209222643,0.971089676565356
"4262",0.953410182082923,0.953794382107201,0.802507332243039,0.845593853112821,0.933520066035328
"4263",0.993316359892373,1.00046945751112,0.814730273910857,0.781355495829819,0.757105291428835
"4264",0.898360590949583,0.973127675749854,0.866581881728619,0.96263447482814,1.18697323238351
"4265",0.964064918436949,0.914814907197196,0.6695413793244,0.761712706405321,1.03633042018788
"4266",0.947331017961091,1.00639599966265,0.621520217504859,0.994907932099871,1.13873285276276
"4267",0.773440349070598,0.930402972203815,0.626949366793651,0.704502127975985,1.04749456419289
"4268",0.988818215338961,0.971755987293889,0.806779346680148,0.915557563154781,0.861370196574175
"4269",0.901561903723384,0.985118588377535,0.750535497403251,0.9119323774552,1.0293326708197
"4270",0.965389323756861,0.794620116797857,0.807759182863769,0.990882033658932,1.08080952337833
"4271",NA,NA,NA,NA,NA
"4272",0.801023477390385,0.936778772764106,0.545284900315149,0.814864157393691,1.15619112722141
"4273",0.900138064261249,0.864193621252176,0.653233852183969,0.785718563273305,1.02593886638824
"4274",0.961942771553346,0.993459673358049,0.638935282721267,0.804204336261779,0.999934870479947
"4275",0.976018460005,0.980612714197859,0.950755905956543,0.750165770559449,0.974951828052245
"4276",0.904324627921237,0.845005267269843,0.609725034928196,0.96819966167294,1.1032198307076
"4277",0.931171299760542,0.926097099223869,0.660118970666517,0.870862467353467,1.07392708533095
"4278",0.983655551657493,0.99605363647576,0.805770620903135,0.761591283753174,NA
"4279",0.962556774498622,0.968049774494885,0.91796973673644,0.749159827492266,1.05697388854764
"4280",0.966150146940488,0.971263320752768,0.857196026566035,0.70916834525236,1.19630239970216
"4281",0.898878517684051,0.970297706336176,0.699630855794848,0.954912403506411,NA
"4282",0.827791085349887,0.982113824322412,0.726393074226414,0.712173192207542,0.883654765688074
"4283",0.982457496642557,0.977286001049218,0.676604483112358,0.991748712913159,1.00842563357098
"4284",0.88397645872542,0.868935392171776,0.887271439589597,0.72995966979223,0.883157958466509
"4285",0.965204158823279,0.854982344624168,0.837881123386015,0.929235131480222,0.987420809157114
"4286",0.929881540960479,0.977889003787473,0.744678531292,0.903247360148747,0.974292618142587
"4287",0.950089936084374,0.973036443774712,0.714338230682406,0.760695082057753,0.958303118367239
"4288",0.977296289677785,0.880887556791445,0.782099588114476,1.09455391850605,NA
"4289",0.957370566947873,0.993062039045555,0.593175938158569,0.883533020770385,1.07471491611876
"4290",0.972448025519889,0.988577006195823,0.832764750790826,0.969060418919652,0.842793001897665
"4291",0.982665822898493,0.975341198010136,0.751010664526366,0.928907005678317,0.950282024089882
"4292",0.973027070938718,0.896389035696053,0.718408109686708,0.901388111418639,0.951875686906686
"4293",0.978043981377536,0.92360358550883,0.575677657124103,0.824380505583873,1.01921964764302
"4294",0.98011633522123,0.983811373617628,0.712234533668067,0.761403063155332,0.863834413765781
"4295",0.948086624707574,0.997095557136685,0.773996565557631,0.844990687835818,NA
"4296",0.94498269438118,0.767918624047409,0.631102097128802,0.955731381742602,0.868228814665988
"4297",0.974793392803145,0.982030888621147,0.724683732654571,0.861019150036073,0.879343973581547
"4298",0.890612004234669,0.996861740393546,0.638369540901649,0.723414201303685,1.09418931989736
"4299",0.937495037302956,0.990095567298373,0.591368124861075,0.861225818762243,1.00781159044963
"4300",0.947466029872725,0.994551826920485,0.659941512697293,0.775443637157613,1.15932900675851
"4301",0.908999456636812,0.889620762034166,0.761588484105149,0.798766134607748,1.09922268227574
"4302",0.988668794259879,0.986272443019754,0.769598405230407,NA,NA
"4303",0.91461818925252,0.920690349134296,0.835008562466706,0.941866580249031,NA
"4304",0.977345501552457,0.94211531158725,0.649769374689931,0.859942836205662,NA
"4305",0.924251308459603,0.994169823693041,0.729211172600829,0.784093327238952,1.15508868263099
"4306",0.913251627438716,0.888189287208889,0.75836869582196,0.844501625605839,NA
"4307",0.920120228204551,0.83373079813613,0.652549720168265,NA,NA
"4308",0.90386788639406,0.894878716858234,0.625699343063284,0.833272535901195,NA
"4309",0.979862312364261,0.798053090114379,0.840157366491395,0.895133736578681,0.96082824697305
"4310",0.969421516938881,0.975980837586128,0.506713349730272,0.823290568082101,0.853933214346126
"4311",0.961372103083366,1.00140734685433,0.784641102846417,0.811205823337892,1.05204729548253
"4312",0.953053205711453,0.939272909270103,0.86172062369712,0.883859463380492,0.832624871701188
"4313",0.995766112183816,0.979865737176328,0.771317586414191,0.91370674808236,0.991410866222295
"4314",0.94744219126971,0.927010078108664,0.769911480155966,0.750973353629399,1.03177440935002
"4315",0.971276592453114,0.97649570188568,0.742947923848715,0.935173037291615,0.95527729450075
"4316",0.97869163034847,0.977419580875388,0.615044013385008,0.85200132057272,0.872903487591879
"4317",0.925673070748612,0.84087485186824,0.872256246059473,0.783446358632217,1.04760973275999
"4318",0.968244917253117,0.873516635706497,0.903338366451684,0.74871172248653,1.09060904324797
"4319",0.877207143514759,0.966265154828723,0.728239699647726,1.07739924427698,0.96258874636702
"4320",0.717664144934002,0.936962083999144,0.752151439363983,0.605677584489637,1.11614561998549
"4321",0.979120048695674,0.990573232395011,0.801624039676886,0.842806889061701,0.889029331699696
"4322",0.933828493926398,0.879780226315763,0.880229276680578,0.792939972359043,0.81876126607668
"4323",0.962811121111252,0.960703153567826,0.931085741150876,0.91560172816762,0.986519726829652
"4324",0.899873526259377,0.767099006002902,0.616418120182098,0.653084513921168,1.00408762093307
"4325",0.932693547793356,0.981579449540656,0.752244975838845,0.827423846306948,0.993076133021221
"4326",0.979397564800912,0.863365658940493,0.845400310602219,0.991403790019506,NA
"4327",0.976446017273847,0.910251041332776,0.897037412332467,0.969951333670291,NA
"4328",0.988105705787704,0.875079022771407,0.921452362232762,0.936600071263721,0.976912658034703
"4329",0.893265191870785,0.97220588516899,0.674959304203253,0.909989014627413,1.08864075401587
"4330",0.977807680771416,0.955028736082334,0.908123109503203,0.821494147528064,1.09293953128194
"4331",0.968547818572029,0.980982152512905,0.77934622223062,0.76435607072362,NA
"4332",0.971036905839194,0.811816600586913,0.870973850140971,0.827630122433015,1.00383398462255
"4333",0.927617235731406,0.907225955127898,0.913699343279713,0.979235400923441,NA
"4334",0.789762265573879,0.97794508146,0.908613638717019,0.760305104118934,1.17676173603737
"4335",0.942627259254982,0.944849762475524,0.658195820047491,0.676556167410615,1.01024187603228
"4336",0.894832113144082,0.98772331496162,0.65172155232858,0.735043681547406,1.02054636044215
"4337",0.902424672383129,0.940804591663359,0.851170911886718,1.0181928307252,NA
"4338",0.932633579269429,0.818134925279478,0.915203321752166,0.635369222597309,1.00767703785117
"4339",0.906855762236678,0.887996490276699,0.760104341493786,0.789795736831113,NA
"4340",0.897396755088774,0.758100727505941,0.692918915562615,0.797883694412344,0.933703486013022
"4341",0.969614145277308,0.981179379153025,0.800664415196086,0.837346474160967,0.925450923748873
"4342",0.937586947287615,0.991596196413756,0.65741986475515,0.819095191222439,0.942322721068174
"4343",0.963015667451118,0.901825725823264,0.694553361478096,1.08267590807877,0.794484148470977
"4344",0.914208161376356,0.863327194079686,0.693702276683026,0.699554120850405,NA
"4345",0.89696626286758,0.885577842892334,0.767301450186865,0.823749265199248,1.18130091937046
"4346",0.828701050839806,0.911309690904934,0.736219555495665,0.652860762944731,0.914741047310676
"4347",0.96825632230675,0.921977393001263,0.873062686049844,0.834500941964393,0.961180166910538
"4348",0.991570580070564,0.922936822968585,0.737847569998965,0.864584507692496,1.06770312218036
"4349",0.8893338941829,0.906728184470966,0.811643456084278,0.899321149321897,0.883039791338752
"4350",0.951413355808122,0.991536752015469,0.85892709837854,0.851503445520681,1.013557890887
"4351",0.872167277324946,0.899994519657702,0.853977019184246,0.852757560270342,0.980441059451911
"4352",0.965999715786196,0.963628427293335,0.777919275177435,0.721088872317205,1.19487384158614
"4353",0.892730382740169,0.994823303979931,0.740129270204249,0.861771785984772,1.0833111638303
"4354",0.962702527534869,0.979434819468738,0.576896119852197,0.819868278994259,0.988562579311244
"4355",0.956600665097479,1.00511859162997,1.02478617231676,0.953921775663321,1.04350560697291
"4356",0.990915394375642,0.892280666948268,0.706645880663545,0.87364261538202,1.01258698042902
"4357",0.800217482592428,0.761206264924068,0.864511627327194,0.72776854756973,0.791823142811161
"4358",0.965398029844022,0.935670773773783,0.910366227910503,0.742050630502182,0.886632270870139
"4359",0.968477355387519,0.913494078968961,0.928594536739436,0.793708836931809,0.950421946992955
"4360",0.974878521292847,0.868446112700853,0.660448432646396,NA,NA
"4361",0.975195258355754,0.915510814127085,0.706471855095523,0.803754055184338,0.88181535183533
"4362",0.903773700136634,0.983717303642466,0.718916496298569,0.902651013460898,1.09056013585547
"4363",0.951412172758532,0.969918223132362,0.714137070496093,0.779740925611656,0.927606473578943
"4364",0.902257396572814,0.929084698106426,0.668500774139958,0.767378560527737,0.977974919881097
"4365",0.984807054803136,0.975661867635465,0.911215272188182,0.92758928901509,0.845401104271821
"4366",0.868149959544647,0.98744184093054,0.792374146684493,0.862666054170387,1.01599602255148
"4367",0.920017611716518,0.950253265069459,0.609451363357627,1.01696546472656,1.03313509573012
"4368",0.988398139198093,0.88955293455425,0.878872761981964,0.965584103603257,0.955527900649143
"4369",0.979444832059339,0.979157108067479,0.686019724116147,0.967107413613994,0.967072158366472
"4370",0.971969921043339,0.978292882985386,0.721177351841148,0.885414889943286,1.09217695455869
"4371",0.972132749162443,0.929303675400247,0.761169456760198,0.80011196073022,0.9366415245462
"4372",0.949897301511756,0.914475496432545,0.734142292642575,0.765068284319844,0.94822607605823
"4373",0.901990113482893,0.983949770078785,0.641055366819374,0.989933222374755,0.899459523737676
"4374",0.873319643057999,0.96138581686232,0.926539709527643,0.762334004002532,1.00131004292426
"4375",0.753074492368336,0.98390108596852,0.789777771636766,0.752240597158493,1.02061509594337
"4376",0.977015659394317,0.985923805807663,0.73851808632365,0.819797270660815,0.82765628890626
"4377",0.946060282082888,0.782209937675772,0.739312263096073,0.731137742167411,0.941288062764626
"4378",0.971913608182847,0.869048586352409,0.670604103163416,0.892045537379566,0.992574323913735
"4379",0.980149558968563,0.972210802443071,0.65111792137671,0.903120452723465,1.03584999430933
"4380",0.973215873930671,1.00167547463368,0.683325625125686,0.850172680989278,0.890196774712495
"4381",0.921533956582836,0.968734856287606,0.842073651720498,0.868476247796792,1.02920036816713
"4382",0.96704534457532,0.785516214558043,0.900706918081718,0.967346187824307,1.01150859414944
"4383",0.876509716162143,0.973489259631003,0.943056537395731,0.964003845116973,1.09527270195991
"4384",0.88395158502618,0.988931714934242,0.763984960800468,0.974742308221472,NA
"4385",0.888510127041929,0.919524719367244,0.675950438536691,0.734113248921116,1.06311246343469
"4386",0.91643586720604,0.887618260391472,0.66565281944438,0.899832516357573,0.905747575901184
"4387",0.980511837999257,0.996341766075226,0.891146865266733,0.807579996244085,NA
"4388",0.977499562268832,0.996494361887308,0.837797746415377,0.931012797983293,1.05921544888795
"4389",0.970136487000856,0.994801509276366,0.541006999519388,0.802150717396567,0.93849898070516
"4390",0.860569737361366,0.930591720714035,0.736677263105577,0.804046476475499,0.843759720275268
"4391",0.971851219161346,0.902814207639016,0.7019460296844,0.991938965721801,1.03474038937831
"4392",0.933140001527108,0.837432607393427,0.749978206502743,0.977303400598487,NA
"4393",0.892559996385708,0.938575832967687,0.85472206214001,0.927596608308191,1.05375647171091
"4394",0.972615807778442,0.995814940508079,0.719291253439717,0.716983310082343,0.907509658442179
"4395",0.96976016108712,0.99217331169608,0.703062161745534,0.822905539172761,1.08757274491888
"4396",0.806020189120072,0.848989259975375,0.624770791722468,0.717097366943689,1.07208171919793
"4397",0.890734831225619,0.974646910286336,0.721064967697964,0.846894249556055,1.04094576538169
"4398",0.982243134367237,0.982880097200544,0.668925105892212,0.779414935263198,0.867741866043691
"4399",0.945642797438858,0.958319173542879,1.03774343713329,0.794497516388211,1.05047372224117
"4400",0.971967126251542,0.920114128253486,0.840885459447349,0.789409264182885,0.82154830754355
"4401",0.908472039505542,0.987026371039925,0.749005981490345,0.774776915906433,NA
"4402",0.910035528894494,0.978958939035433,0.756977173619259,0.787369857006596,NA
"4403",0.963807660580979,0.774224520548247,0.777175102569686,0.942564085158553,0.850420841014456
"4404",0.980784848502185,0.804669707064164,0.611538469839534,0.858538970206372,0.905825865847786
"4405",0.983321004190229,0.875043852795443,0.744072099076165,0.748880812609039,0.9804981878665
"4406",0.870767739177987,0.912984992426397,0.592396584029009,0.96881556974554,0.861200729393653
"4407",0.96477898850765,0.857672180684996,0.849508105399228,0.746052624066712,0.922872181397563
"4408",0.854077200676082,0.957303837602874,0.695773336329238,0.83889064300134,0.947788171250822
"4409",0.974238332835838,0.796042715259143,0.790278325502688,0.769154674489857,0.965723344428158
"4410",0.979646968902019,0.959584949841916,0.857117845106667,0.768718523931349,0.923394672012915
"4411",0.984803809641386,0.965318400420397,0.792767187483418,0.841714358503796,0.539923212063411
"4412",0.95033241999651,0.85700537299753,0.714429849885637,0.803637900415466,0.998622407868928
"4413",0.951680979940915,0.988161200765258,1.03499325444388,0.946230072265738,0.845358076135272
"4414",0.867528487254734,0.995246560402787,0.867164046406568,0.949875533298768,NA
"4415",0.973472321684169,0.997013495779234,0.762467193151154,0.651832706169366,0.828967203794103
"4416",0.956041446788343,0.627090885124843,0.883840904537072,0.844031592535777,1.10599287744038
"4417",0.875473244802799,0.98721408065104,0.708125804678464,1.02376459259181,0.993128480599675
"4418",0.964882141629592,0.988155598791553,0.909499026481523,0.899020136342018,1.09513797155762
"4419",0.99069099295932,0.903007670066171,0.612423344653811,0.784019234752111,NA
"4420",0.924069910173345,0.906868740925124,0.697191290947691,0.690007226887649,1.09068903240992
"4421",0.965445147200128,0.998927404766831,0.623345394824118,0.918934634848542,0.977957134330592
"4422",0.886215521315777,0.960709123892276,0.960013439657958,1.02953345780974,0.955029474245487
"4423",0.796147288923033,0.97722591662201,0.826180615059936,0.891926237444495,0.869860907245256
"4424",0.972403610461141,0.94156954199271,0.825179736533681,0.844236433571049,NA
"4425",0.988864993308467,0.914994339010806,0.763716357627581,0.837871345473283,0.85356370228317
"4426",0.976488828998749,0.967982869102066,0.673221860352748,0.988737674646906,0.980151210779618
"4427",0.966408247704489,0.97660593462207,0.724663915653827,0.88973457220297,0.987293872670991
"4428",0.95320067587357,1.00373746938739,1.00897380508942,0.877031021996243,NA
"4429",0.946744617922975,0.888759655380897,0.824809290577698,0.794810158444625,0.910944267008834
"4430",0.901752010836695,1.00678633154623,0.815676923554061,0.900867613009422,NA
"4431",0.98052522829895,0.986805890659536,0.764014884826498,0.792540699123012,NA
"4432",0.972146619789418,0.867310448488238,1.01605329876604,0.718009927890688,0.866773010342878
"4433",0.833048454930718,0.983491860409799,0.844891002790795,0.961330142831043,1.12550918915169
"4434",0.887612359670956,0.895049314221484,0.846236935294417,0.909733858036156,1.02837288718317
"4435",0.937615050343654,0.896521699031148,0.700465001994887,0.884723144339642,0.913422919514556
"4436",0.969690217656393,0.794140290588485,0.6470926814373,0.744865701231162,1.02515147397535
"4437",0.838783676035407,0.997408310507458,0.820038351751393,0.811847111993735,0.945965034669479
"4438",0.990589461780246,0.968994196565346,0.577768910694829,0.977281384646538,1.06862468661116
"4439",0.943640539232136,0.930029285717145,0.82377382913563,0.957106733556946,0.996056623291488
"4440",0.976292407145404,0.922841343096427,0.682669814541603,1.01197499480429,NA
"4441",0.986345417975127,0.979124267063594,0.701124082045227,0.815391631898775,0.945506942219768
"4442",0.957798171776908,0.917097505690896,0.593692698926647,0.954825899061125,0.940647143711042
"4443",0.975759436613943,0.945077378128727,0.682716176695254,0.605416622766909,NA
"4444",0.97029985599544,0.998675300482972,0.933253345984873,0.796421123195995,NA
"4445",0.825948377122845,0.848069076861889,1.03481834232544,0.731811266194281,NA
"4446",0.941254123302996,0.997142915255938,0.835462545611553,0.805890422222922,1.02433528584475
"4447",0.90095168593255,0.966676450173926,0.843912225380381,1.10364219647788,0.769238861052321
"4448",0.946337291159961,0.991758410188242,0.935061181087594,0.8712144938751,1.06199769318846
"4449",0.943901349433409,0.95493394123236,0.790254534677899,0.802540499922296,1.18271120182885
"4450",0.971284163601256,0.983310050455652,0.814844883801051,0.901407760724072,NA
"4451",0.931820768018928,0.841069847893825,0.82723240317617,1.04329534879778,1.04917946073289
"4452",0.965112949070394,0.996080369112179,0.622162373679104,0.891898229712162,1.01348505549104
"4453",0.988861157219912,0.901911123554268,0.745790773005239,0.978370696255461,1.09942189836879
"4454",0.956748883557918,0.980852004045285,0.718196000749213,0.891506188574779,0.999723963505359
"4455",0.894731438963337,0.797526704895899,0.689635707199044,0.719089243196239,1.03780806946108
"4456",0.872470820250903,0.985699978001716,0.822254857438428,0.805405452921935,1.02466874365215
"4457",0.91294408604049,1.00427614802888,0.850078000130231,0.861617631278006,0.946279645529006
"4458",0.986956485918798,0.794749365582416,0.805445783289172,1.07195817286118,NA
"4459",0.972879327608491,0.917824623241525,0.827080778389901,0.748615944462336,1.03762803824253
"4460",0.914478885685498,0.977096700268608,0.657471575432737,0.801387139370619,0.936602957962087
"4461",0.965929029527804,0.772190317154645,0.707524345486966,0.824309089089223,0.975756549193332
"4462",0.975570195447287,0.955235752285959,0.72264448095808,0.910436521426103,0.971821988967169
"4463",0.905919764490262,0.949314565203243,0.771251038604676,0.776966626287448,1.07089651614993
"4464",0.79344730971133,0.987590987667265,0.643079723221721,1.07515605923569,1.03523826194474
"4465",0.977835227931614,0.991230195507711,0.805930214425145,0.87045573868424,NA
"4466",0.95831864916332,0.905706903185781,0.565367504688275,0.781522891268816,0.86624248127228
"4467",0.954560746914577,0.987343723299817,0.811917259777934,0.817270770858715,0.836315885187323
"4468",0.918275712682999,0.945775884630228,0.696617059377549,0.666984167168742,0.732809704178592
"4469",0.947217454583689,0.990732902532747,0.656216209808301,0.923026687219663,0.93627372097442
"4470",0.916739087233582,0.946974542698161,0.808374873695745,0.823178422978217,NA
"4471",0.968208382216919,0.984015750297798,0.664942946164596,0.847770796365353,NA
"4472",0.801888887563513,0.927812704027313,0.877289779414626,0.970822586706063,0.992155665242807
"4473",0.968993508071503,0.912839392090274,0.576186499401535,1.0395900415941,1.13485390244283
"4474",0.879958678723118,0.91814294023476,0.859782144848057,0.823878271039104,1.05922272309595
"4475",0.837355643757244,0.972498780734478,0.699861937248622,0.876090890789909,1.04492013619631
"4476",0.908882263676346,0.993322498911325,0.771778466473316,0.845499192328922,NA
"4477",0.942198934700821,0.989755345097803,0.825595052521508,1.09017643865152,0.843173685698885
"4478",0.896294606427086,1.00053901109904,0.714021383822271,0.886203708187233,0.970864439069258
"4479",0.972789887206893,0.909598973172129,0.669762693439604,0.949724625669381,0.923566196133229
"4480",0.87313602245129,0.909704819747662,0.733001812036121,0.776126895923325,1.16954940257418
"4481",0.904599513707361,0.913204732315482,0.742597422600581,0.968970959054805,0.99523046603229
"4482",0.812697815304596,0.992286122859763,0.675436746658915,0.82428202613126,0.963115333741707
"4483",0.901074953005261,0.972478792101937,0.803439002744527,0.82338068781566,0.888192966038245
"4484",0.77944755435939,0.991692208938323,0.796530873432176,0.80648303974348,0.960503862844363
"4485",0.893341975611181,0.962225009340678,0.714595508192112,0.794858193438808,NA
"4486",0.975465200375741,0.885620677958924,0.667172710984898,0.964402640659913,NA
"4487",0.920332455821329,0.90434361837512,0.763677315325132,0.905650456934829,0.931104558654403
"4488",0.984811576010011,1.00167658116489,0.622905898814202,0.910985537558673,1.00415995795149
"4489",0.967985527841288,0.916744799124396,0.777558329809153,0.853812737861321,NA
"4490",0.973667020336342,0.870104725136298,1.02922245844578,0.683701897713262,1.01489983172159
"4491",0.852757723546892,0.928054532558074,0.642891279045388,0.808020788124652,1.00949177081254
"4492",0.94134176411372,0.922599243977233,0.734453698493602,0.84223173986537,0.875955084295903
"4493",0.985989100919734,0.982960760911828,0.861714172097347,0.738817748402815,1.06407735223565
"4494",0.970844924636423,0.965147116954711,0.715534455832732,0.881108646148101,0.9881878244056
"4495",0.952583568011178,0.857702816099607,0.875040378951363,0.758249160671317,0.839467683517105
"4496",0.979335025048637,0.909971483950565,0.819683218288875,0.880734119882136,1.03034569738569
"4497",0.950054745102021,0.860490982895976,0.778514944490106,0.900672078683098,1.00967249994482
"4498",0.953342011809626,0.986452957028571,0.871105577903189,0.990715457557764,1.07881956767181
"4499",0.952149870709543,0.936523184137562,1.01846153583677,0.869595678454355,0.875217906956319
"4500",0.981606765326477,0.881775821927248,0.700036289537086,0.917788491213091,0.872176738272506
"4501",0.965074699246975,0.841435140503646,0.869813320368532,0.75396076498381,1.04106583651773
"4502",0.945104562770271,0.813755920864121,0.831897984058324,0.850923220283783,0.943721108288304
"4503",0.834004683677996,0.9610595938095,0.765073688929299,0.89805014603399,0.946147490846338
"4504",0.97061352815326,0.848651407548225,0.747975373369294,0.921942539408675,1.05226417910843
"4505",0.877024289769139,0.970922454111638,0.608003111290477,0.751885008750159,0.907124599448052
"4506",0.909070788581541,0.98033359054556,0.78757099679183,NA,NA
"4507",0.841561829202163,0.935243221757893,0.88159804605769,0.704147476616154,NA
"4508",0.973592706210322,0.998039711353403,0.655652499154154,0.958372918681556,0.866647026104399
"4509",0.909757810400667,0.969057992353322,0.657030797027942,0.75656469546901,1.06322018512783
"4510",0.970066303432844,0.928055432944575,0.721556501283672,0.831833417444998,0.81513712775034
"4511",0.975030785728734,0.905559487485186,0.690285649283545,0.949586184978735,0.982189345347118
"4512",0.955806754609787,0.733319333758074,0.735623485726838,0.859282031485515,0.913414492477969
"4513",0.711343702501715,0.825991191220787,0.772398699193186,0.83672090963367,1.05589493770406
"4514",0.962334466156182,0.914577906877945,0.846385676436916,0.990749723011741,1.1282856859273
"4515",0.974114492417795,0.954863586417736,0.798325379148863,NA,NA
"4516",0.946416864825742,0.905780304309842,0.737269173399796,1.04113197426988,1.07775604771029
"4517",0.970524880262289,0.993482724034385,0.880756388841632,1.0079705446124,0.931479918160433
"4518",0.88157588448805,0.958933660465956,0.73795260795092,0.895451593355402,1.00607503479919
"4519",0.882479453300019,0.946452025449683,0.623185715725155,0.821803702875573,1.01967882852363
"4520",0.979008773209925,0.968317379282967,0.696852907185676,0.718190367497343,1.00632465367369
"4521",0.963264279528583,0.994391454931853,0.891341920801876,0.984846704263237,1.1140946827443
"4522",0.917588632485549,0.975723812634377,0.686505269854497,0.703052872478156,0.89736811584018
"4523",0.963194567675393,0.994220721732755,0.603542373765194,0.776698341023992,1.15882549826232
"4524",0.971490812776734,0.993921154511493,0.722005866587287,1.10838860790393,1.0171294105265
"4525",0.896140370818661,0.881920000753016,0.671513895683979,0.84424368864936,0.91643204740051
"4526",0.897574333293259,0.981611363220694,0.661999559132921,0.762198397201543,0.940620220994772
"4527",0.893501630492341,0.987676906220773,0.852713939138933,0.94911182173967,NA
"4528",0.983056946979766,0.925453215770227,0.765364040691123,0.71733298294353,1.20045075026366
"4529",0.886506683233115,0.922799900499928,0.5849784509967,0.74056014543426,0.900620694073781
"4530",0.846477020679231,0.995880591327595,0.99834342829174,0.918941817023176,1.1674373034031
"4531",0.973390995329287,0.820742300999877,0.962849622418195,1.07205301570395,1.06433857219896
"4532",0.956152706320911,0.963097013776852,0.75270501679649,0.796624675781159,0.881710282076931
"4533",0.906773903576381,0.978130821733399,0.643410773899181,0.804077124174891,0.96404102215758
"4534",0.984460117076635,0.980219137202303,0.962745045110821,0.907714687830629,0.722321944911211
"4535",0.91841598550764,0.949312984711585,0.582012774002056,0.844183823635982,1.00885786788
"4536",0.947610414846902,0.987818941105976,0.798329116209932,0.837886873919815,1.07292258352378
"4537",0.951064984557275,0.973934785443056,0.709410627433642,0.793694325690721,1.05209540219721
"4538",0.98290637101336,0.90069294194808,0.778053439208604,0.798769330140524,1.17943481202999
"4539",0.927203207131961,0.977343217800807,0.927525099943971,0.942861020796648,1.06710259649883
"4540",0.981048290166335,0.900753981963142,0.80880495901205,0.936231993221235,NA
"4541",0.975951942772082,0.994236520041205,0.705759897554202,0.662908321822567,0.790393080078137
"4542",0.878569678181628,0.979238643507453,0.744780566271971,0.818330092402621,0.977164489400984
"4543",0.947766523966469,0.970554831717461,0.630218385159961,0.840051449648106,1.01252963161336
"4544",0.97317161195705,0.898051608628437,0.720536755763628,0.781024985113747,0.909568277961077
"4545",0.985047844734553,0.917308842961802,0.885847920594188,1.09649787822026,NA
"4546",0.976929842233854,0.981459197443803,0.863918443752687,0.937106973895762,0.881418214629759
"4547",0.897919175503435,0.971131669906808,0.737704332286523,0.839719632031986,1.18959844108094
"4548",0.984734134522858,0.969024411662477,0.846585918969291,1.01333572929432,1.00082186659683
"4549",0.947222821817546,0.694987602074581,0.902260885976742,0.814695297666225,0.909688012687659
"4550",0.981826263880665,0.971803288813932,0.757864359701005,0.941788824042733,1.10248561815044
"4551",0.970414278797213,0.973236085003035,0.949239398303279,0.914523886648476,1.03386463713223
"4552",0.980428658851547,0.889657629330083,0.93272864499947,0.972916899681062,1.1397184587
"4553",0.935930269819072,0.915099742224364,0.677729509652298,0.723984253159957,1.03839145946884
"4554",0.946538363359431,0.998295708946235,0.707705268217587,0.966128079146256,1.13074689924429
"4555",0.901025197516563,0.969870412448553,0.796778958182881,0.943602468669089,1.0603088452305
"4556",0.965024409545501,0.921366837455303,0.872060650057068,0.71613430246301,0.902357722723094
"4557",0.964651847217824,0.964402536142691,0.94698026624842,0.740848816360019,0.849801072553991
"4558",0.717807564065603,0.849040748733849,0.564675405665938,0.911724238198829,0.858086580072703
"4559",0.967341723291315,0.995470443696218,0.890141180064838,0.901444207701524,0.906382043835259
"4560",0.985978516442959,0.918958337987275,0.816450868099654,0.765928759308017,1.19981762403603
"4561",0.985422500414016,0.94261340602621,0.799412740266186,0.805550083255083,1.00549080099721
"4562",0.97491060500715,0.951459656472015,0.843404944066904,0.920256840984589,NA
"4563",0.897052062904389,0.98043128946426,0.705673950594642,0.869605210516491,0.83624275544504
"4564",0.977683661350493,0.981547087557234,0.698143620428791,0.961407629600803,0.949206080727574
"4565",0.975410683589345,0.957210171613503,0.678914104970599,1.02203134711859,0.94998946942413
"4566",0.964381621800519,0.907376332925898,0.811649282733611,0.678758969340368,1.02544541959178
"4567",0.73210123441874,0.850746860371743,0.708775056030797,0.878511222438514,1.15902958644271
"4568",0.985826066568765,0.989208357827301,1.02378201074019,0.85355960317296,1.07278175848776
"4569",0.976781717641931,0.980739403737445,0.764543988541338,0.983719475985356,0.829171831007193
"4570",0.850920929949419,0.978142599258232,0.723847580030263,0.931100836528493,1.04629872539022
"4571",0.971634350952692,0.986905270401329,0.845813176458501,0.873312546941611,0.949448574957867
"4572",0.978082272489014,0.918712551184177,0.718626999762791,0.72612343531376,1.01891166451258
"4573",0.977667589844307,0.987597272435634,0.776838276492807,0.982471098033859,0.952161157879704
"4574",0.973981794771663,0.995948838292679,0.841174373726238,0.932821513133561,0.847585391829236
"4575",0.847006304762794,0.942612811046152,0.755666412137327,NA,NA
"4576",0.973224253790971,0.67143003281455,0.644126871316092,0.887485000425132,0.882712744125884
"4577",0.853459545975274,0.965506313750977,0.796671015351539,0.703475692467528,0.971461212094217
"4578",0.973547434122864,0.953672640545332,0.737368568109792,0.722623347937047,1.10087825974756
"4579",0.981623910439006,0.943606825264433,0.813097916947385,0.825799249022935,0.76686807061028
"4580",0.975238822944428,0.936347975005522,0.679222056842144,0.984485163554934,NA
"4581",0.903827494437033,0.958597849478671,0.826079878188656,0.913493571918428,0.94273819856501
"4582",0.754921504787582,1.00716976067928,0.69533876844915,0.835734946713133,0.893361404655273
"4583",0.97273437615117,0.987470827854335,1.02514980070484,1.04596752683893,0.963701596374445
"4584",0.96760024670255,0.971696055485353,0.947845705301357,0.907344428039638,0.967598102434701
"4585",0.987330017461475,0.976397515093184,0.697013691416224,1.01822277948117,0.986827995433146
"4586",0.989812582922618,0.948629079052536,0.65258915531392,0.930304549907004,0.910006648213036
"4587",0.96985477969909,0.98839679848019,0.81469312473366,0.853051004763916,1.03267838250195
"4588",0.950016614340219,0.983111256993951,0.840285955866027,0.912565926762733,NA
"4589",0.966502020732626,0.766129237368811,0.756416972151151,0.795893843135278,1.10466355784864
"4590",0.887068064939059,0.989856668323601,0.805127658424547,0.941676863982857,0.933378781375763
"4591",0.990092227945741,0.908212380800986,0.926730958468666,0.865654082075434,NA
"4592",0.963421139114711,0.923229159891885,0.593784245194391,0.912794873319191,0.745145132361318
"4593",0.817158672211795,0.982545427104735,0.863754501697167,0.843343549468445,0.939799937557539
"4594",0.894590609780311,0.864639711071996,1.00046837876018,0.755801414204335,0.915606530677094
"4595",0.963676689207148,0.954771230000602,0.936717335550395,1.0020686418102,0.881215931281785
"4596",0.979894928552486,0.929718754769301,0.865691527688257,0.723702422178275,1.01245125803773
"4597",0.945306705685516,1.00758566256798,0.520427192028855,0.757770820721965,1.14817876505481
"4598",0.983398171798022,0.968894416581691,0.695246134172785,0.826904462414201,1.01441524937129
"4599",0.816607981061716,0.993499716396648,0.671942214876464,0.804223094086014,1.09552186628213
"4600",0.974650957096069,0.967989440311867,0.503891604421358,0.961693911563613,0.855818154566266
"4601",0.868821277372675,0.906248790985571,0.886508623974374,0.607665185414715,0.973686205045732
"4602",0.973242394419898,0.972717889154278,0.765405165131558,0.991619937519083,0.958063912750421
"4603",0.802966273568237,0.872205971226953,0.921771271566713,0.940845083707251,0.906771925325925
"4604",NA,NA,NA,NA,NA
"4605",0.978568694497804,0.915007275608987,0.840296436722538,0.863855483674816,0.894673817030556
"4606",0.874600597889053,0.83559678316671,0.894185246046881,0.868457474142697,0.999795867361575
"4607",0.833108974145956,0.818989482558562,1.01951032048825,0.783239698997009,0.9632346879881
"4608",0.95313617439878,0.772146103559919,0.889693024542083,0.624707721505496,1.00532710469144
"4609",0.955697994796869,0.958973106916541,0.770236569151135,0.829076672606471,0.923208286061681
"4610",0.773830166843001,0.886893497435594,0.816941345528534,0.819579622607888,1.00208025731032
"4611",0.974764369711322,0.78418306900217,1.02105502439687,0.754568159451876,1.08325130118671
"4612",0.883115331662439,0.971715705729382,0.658030056967532,0.785896128392604,0.970283984883018
"4613",0.980678832501126,0.937017765545483,0.593694279097836,0.869190274681049,0.867169995939826
"4614",0.96288352578952,0.974284197111294,0.943763446102388,0.883534889720676,NA
"4615",0.873100734901688,0.985072643592893,0.967883127554928,0.931690581644622,0.965692727975017
"4616",0.929144258961706,0.769506417262346,0.92519479688153,0.93486338840716,0.868576567390991
"4617",0.982765593002174,0.976183451005433,0.846319421768428,0.887691798157305,0.869452154607825
"4618",0.928895506789614,0.993242792768405,0.51379049716902,0.958723467190302,1.08251674815475
"4619",0.959081024728573,0.978629580014789,0.913941644786071,NA,NA
"4620",0.947376717259392,0.990882616346682,0.954494262211568,0.734787309804957,0.949616726892233
"4621",0.939154794410906,0.918678215754784,0.915662993675118,0.914659651543963,1.00515192365348
"4622",0.984643925629603,0.991315556184948,0.835039247712932,1.09825996179515,0.853903154429876
"4623",0.875787901605906,0.911396735269025,0.904782400474074,0.869344663424588,1.010550080557
"4624",0.893548711714199,1.00050511978591,0.589391241091892,0.792414866686819,0.955473196511194
"4625",0.815080512197525,0.786058531915654,0.757107274468276,0.85715185838357,0.952182779038132
"4626",0.970759462788413,0.992320169710837,0.881552033125639,0.972181994615538,NA
"4627",0.864678392262791,1.00242124751553,0.558329377713403,0.973219487100004,0.875858237825256
"4628",0.916173145308771,0.971596738888066,0.61794392695857,0.897632217008329,1.04901693503699
"4629",0.917240692028257,0.984538197288838,0.826467111373381,0.782107375992081,1.11262409103857
"4630",0.974321909055037,0.966207756294179,0.908773916545061,0.832103489185039,1.04060055968263
"4631",0.875358925394448,0.964996148102672,0.733771653733469,0.800703435758541,0.848069947151133
"4632",0.984637535938079,0.82276684232794,0.79677477203697,0.789352114035405,1.04397549126044
"4633",0.962337279337826,0.985198520417182,0.7369666581024,0.775912134286433,0.80719347727341
"4634",0.968888918991435,0.94273489248029,0.810110996955467,0.907271120055686,NA
"4635",0.966532937803794,0.888640743222411,0.601878506945674,0.89308562197978,0.872690635123848
"4636",0.98545970832384,0.991454561857096,0.563737807729479,0.925189778997264,1.14891690493981
"4637",0.908375034773475,0.958137503325145,0.770066695811042,0.685127898450107,1.14270601319847
"4638",0.926222565712146,0.821646420266966,0.771314015650627,0.802025370204483,0.908944557350193
"4639",0.894339668448088,1.00599108712892,0.72787801887416,0.907581226770214,NA
"4640",0.989906063294522,0.967848029334889,0.891723597477837,NA,NA
"4641",0.772095118645168,0.99424652267731,0.640157036519283,1.06696800709905,1.01071850580859
"4642",0.979961434633701,0.801403100032884,0.701602264681942,0.938306357824489,1.01513502890704
"4643",0.98175642574329,1.0058175130898,0.796953313045917,0.735317059932904,NA
"4644",0.970957059608874,0.970738759178536,0.910949937251516,0.949140702262391,0.808901414731865
"4645",0.80938343530829,0.870592783586839,0.783982505019916,0.628395799931899,1.11079567818768
"4646",0.971426118488874,0.790726046912096,0.693345125431322,0.796453876001071,1.08564246312965
"4647",0.965569680394654,0.97311094671245,0.875193903186807,0.913199976029243,NA
"4648",0.976093514027264,0.972599405359858,0.628021145778237,1.09660744057054,1.16086774012277
"4649",0.958168055863761,1.00067139183655,0.844488612390115,0.92981353243889,0.987076499591248
"4650",0.834497256281127,0.995865516823079,0.815606170762121,0.81226250817698,0.96233748923514
"4651",0.978077787898789,0.816221001724855,0.721013228428218,0.742380798356054,1.0088469505324
"4652",0.842968634174678,0.958825882550526,0.783172504353602,0.776575624901574,0.954371205922432
"4653",0.889577304381811,0.959363317586598,0.703650470103648,0.77347632233373,0.899537267856616
"4654",0.900675216972507,0.905514223384495,0.946284944323307,0.881801179212267,0.908772054201344
"4655",0.960173482369628,0.909068389287079,0.651318802263444,0.777612079264201,0.917222612402302
"4656",0.883216129581759,0.999959654431336,0.7468220858876,0.755386889050994,NA
"4657",0.983876735175049,0.994302247245456,0.942249993969884,1.10084328052726,0.903708918106031
"4658",0.816193396528162,0.923438559611518,0.693751756389487,0.996618253755891,0.977521830486992
"4659",0.973182858790694,0.911998395112027,0.882259947472951,0.997569342485974,1.18253388672646
"4660",0.976535069342536,1.00167877211103,0.779910077617617,0.833292836795224,0.962386843035042
"4661",0.948149119396121,0.934906017922923,0.696778743503408,0.987050735610139,0.898004173917173
"4662",0.966060909005026,0.977305724712054,0.760842647581424,0.781028961937636,0.979475019862451
"4663",0.871180450873386,0.98950365572282,0.65608179696351,0.795009463216923,0.869278503707983
"4664",0.969357374664342,0.986578229468501,0.772647855299966,0.791757276901322,1.02580502317308
"4665",0.871000268939792,0.959256825456146,0.682819759933313,0.893754112788976,1.05015593880255
"4666",0.973971770660672,0.939764508494055,0.721779818596187,1.01277992158774,1.01464420719377
"4667",0.935301964281355,0.98031218034601,0.754798362450842,0.881673739380563,1.16075427070623
"4668",0.961228856151125,0.749504003823596,0.771681088701692,0.831789678439075,1.01350503351094
"4669",0.978871558550933,0.982243270073707,0.630804386909899,0.933038465304197,NA
"4670",0.901489712522298,0.975853356182613,0.696570476047817,NA,NA
"4671",0.851173307968269,0.967509626585777,0.803206848233539,0.986078608555167,0.945267350822171
"4672",0.897938387628884,0.984340079147488,0.769689130077092,0.907485819560531,1.01487063527097
"4673",0.887278336187292,0.961580580867473,0.710233706779392,0.996645736660893,0.956523135787744
"4674",0.897747792538109,0.985606716117871,0.831921402370818,0.914881741244901,1.01418866523401
"4675",0.976114303846215,0.91387827791145,0.742698210458931,0.777507660480712,1.0627837788661
"4676",0.979618160045232,1.00104215203431,0.885523450645739,0.700365038611777,1.04272010741882
"4677",0.968386519090763,1.00782862380067,0.815999340671821,0.865034671570164,NA
"4678",0.952228959555317,0.825797274093891,0.854113492963357,0.87367300219029,0.947839243494848
"4679",0.98532444466655,0.92541739375521,0.933651919726236,0.858530635642946,NA
"4680",0.87118943560819,0.996640390575362,0.562851678646211,0.829085011291037,1.05512090034846
"4681",0.855615937376767,0.912308125883507,0.936705075834962,1.05821361953296,0.865881594052493
"4682",0.979883411752218,1.00870407814482,0.794099228166548,0.838824899829014,1.02930971093581
"4683",0.889437463337716,0.847115204088283,0.732000560644885,0.834124578729514,0.941214050937853
"4684",0.881650866121379,0.877750969661546,0.917522819272299,0.908166410049183,0.911792354263595
"4685",0.876037408528488,0.955527392094548,0.730335331757988,1.09234626933981,0.994764617707755
"4686",0.966492560497596,0.98079904154823,0.871933470743635,0.783270023214894,0.764858313736641
"4687",0.773975521970829,0.989278935127364,0.674516763658848,1.05987494805158,1.06818217982471
"4688",0.963343146502849,0.897216508927131,0.62493357023404,0.854727856662976,1.17463967698455
"4689",0.982985387308254,0.901173004755073,0.64290112259225,0.855500378376209,0.97012278928962
"4690",0.977855701711287,0.987309563860044,0.785935496459569,1.00388950262898,0.880794673466415
"4691",0.976724449196159,0.886623042227776,0.825962153754558,0.86186576412901,1.10779253574987
"4692",0.973823083040951,0.994487001807394,0.766755395974901,0.786492643955572,NA
"4693",0.852527760738111,0.99518689405013,0.68327061160993,0.926537325293745,1.09425781065667
"4694",0.89800940564975,0.852181754656399,0.812420317701386,0.809556032308044,1.12193307868501
"4695",0.934583912660337,0.959883462856076,0.617028389426198,0.764966891417981,0.94883149764498
"4696",0.904730021205757,0.968015831290031,0.658888114725824,0.907394736270208,1.00627657338326
"4697",0.928263936004232,0.969427871554238,0.820242748181322,0.786431111124895,1.16758466217268
"4698",0.970989804562839,0.991542450446661,0.668130482370382,0.796989274889145,NA
"4699",0.98227922390589,0.835190009151366,0.686692660024777,0.849126866757337,1.00653920391325
"4700",0.901051586598752,0.845896351463656,1.00866583830677,0.825713932841651,NA
"4701",0.962305515938956,0.731665846731005,0.858426611002522,0.734285954598594,0.945741245154093
"4702",0.967191621475535,0.991848161493709,0.733160199167843,1.03866287735996,0.897213496103024
"4703",0.905104327151855,0.909059890591105,0.726404361698167,0.869099100672855,NA
"4704",0.897711749681645,0.992039846632409,0.520994472102399,0.756500282102586,0.950022561496176
"4705",0.981302991211546,0.882099893570929,0.859989861061674,1.01249686221747,1.09022890112563
"4706",0.952868925089624,0.989834028143568,0.704123966716945,0.937525452885079,0.927944425544705
"4707",0.978324958876762,0.844560559912898,0.765112690775618,0.816700507186729,0.979062734559481
"4708",0.830945150364401,0.987445442935586,0.786384497716279,0.937855395339206,1.18953672764969
"4709",0.971067720003156,0.995256845011593,0.659264523821874,0.814434810243934,0.996836999855706
"4710",0.873645445042293,0.972905734272897,0.736534729325587,0.713504802358437,1.10852460768173
"4711",0.983304785010441,0.815822536267872,0.663256094843293,0.848264970696904,0.911629806906605
"4712",0.874622773243909,0.973901532490538,0.710209926601621,0.912476826270834,0.874009391263899
"4713",0.966719673425222,0.971124415276496,0.770733717648429,0.75287230606108,0.999953835828913
"4714",0.971687575256182,0.981703581707787,0.680099983225297,0.714192125840643,NA
"4715",0.977716759032343,0.985004029488463,0.537863594997371,0.942101689897077,1.05121395309308
"4716",0.861317486672317,0.98470047548108,0.729393079665702,1.02916176085032,0.961207146140725
"4717",0.985871022063724,0.986901012313318,0.79428024707175,0.713953077352493,0.988593618481229
"4718",0.958427757206711,0.989393099912263,0.706173480292111,0.813826059113523,0.995789049889758
"4719",0.967647690372848,0.984594541411816,0.601546422173808,0.792457795986953,1.0904614060865
"4720",0.804247121135274,0.967950572068504,0.875962940467981,0.831783597661249,1.03634399264746
"4721",0.8978127285964,0.827663443455936,0.838611068502519,0.803312524266504,1.04138116686476
"4722",0.90135568220451,0.941574535462231,0.887338460980038,0.826922585145841,1.09424224754222
"4723",0.909254348565202,0.993947268814279,0.622315799645654,0.804552048741492,0.82060822158459
"4724",0.949387324582718,0.804236387067691,0.706942760304812,0.858704316005406,1.02484519577476
"4725",0.978122734818537,0.964724784622748,0.912751802756005,0.78993458112766,1.02278735193748
"4726",0.973218185112563,0.90103743822672,0.845408826791047,0.829834834166721,0.857666628198295
"4727",0.857045820186993,0.799336613588078,0.538560468847815,0.773901094081639,0.744584712620564
"4728",0.959561566055918,0.974641001910418,0.882677434556359,0.771953740765831,0.896234782865823
"4729",0.908820906508436,0.966035997927632,0.771625025257076,0.88811463498418,1.02856205950372
"4730",0.947616885494436,0.990447648697221,0.749377747425644,0.831559707488769,NA
"4731",0.808731026327166,0.965713479605198,0.505677918409629,0.746326674419364,1.00997946077292
"4732",0.960865459111074,0.995525813012175,0.715277657927321,0.937324809467193,1.00126139493309
"4733",0.842204472395092,0.992675603501129,0.640888684709142,0.893095133452283,NA
"4734",0.984832424655616,0.756826460585637,0.835401795228623,0.874574910004476,1.06317616643716
"4735",0.973906920168772,0.928693976129489,0.678335094870478,0.96125745734616,1.07531140829503
"4736",0.997770844839499,0.992179940035192,0.728929467791608,0.82610063048682,0.797356243047836
"4737",0.599334937644504,0.835150380742575,0.65477916286355,0.826229006990634,0.958598914759331
"4738",0.977341867286015,0.961428284768639,0.832152792794865,0.745268468706701,1.05367684134384
"4739",0.988580020276293,0.815398716462564,0.510623838606933,0.765209643110789,0.906459316041263
"4740",0.86367290744171,0.992373137796444,0.867517924718207,0.77879738169593,1.06883204589634
"4741",0.945573751573522,0.985913220229428,0.977236183814509,0.920801169865069,0.91395365547177
"4742",0.962755609761878,0.885990853979163,0.543867122970419,0.819265077703363,0.989810283534348
"4743",0.979156878324165,0.964543629501697,0.893600604264791,0.914649599623957,1.11294259632769
"4744",0.976007444496709,0.988278702839545,0.951333736948885,0.706043301866538,0.935659868954658
"4745",0.965006763681812,0.865799218946538,0.563942538075437,0.767640365945756,0.91229543136543
"4746",0.960950609450449,0.983258262574592,0.886406894405875,0.859606883727688,0.933247943361025
"4747",0.974198034778974,0.784661614809224,0.724992738921822,0.629902651960568,0.865062930905213
"4748",0.964546191775296,0.966596078291328,0.718220785180941,0.776595463572945,0.97571954018413
"4749",0.965157876727527,0.770600650268876,0.832914652290041,0.907559425763543,0.993448810350677
"4750",0.915970510715042,0.888102586129606,0.887771780734424,0.850683637640132,1.0581769657172
"4751",0.925086823299791,0.988027949219558,0.6763190239855,0.937363781651919,NA
"4752",0.893890896857975,0.976301306863257,0.653890875938511,0.799595420118659,0.892674058188802
"4753",0.957233880018443,0.901314897599801,0.677049094092513,0.720080879827273,0.999181887620849
"4754",0.895176534473513,0.999738094662864,0.578136063323381,0.973987773381673,1.00322514592041
"4755",0.978666029358445,0.974000167788995,0.607343709443891,0.924526119854255,1.00721510878553
"4756",0.952346740967013,0.880745278247001,0.62897427571167,0.762622594412749,0.957937519135512
"4757",0.905544364362919,0.990070799682454,0.760300945713608,0.917983611367569,0.852410400702955
"4758",0.973060099564468,0.70053909770605,0.846466567222938,0.906301623608233,0.958502666022007
"4759",0.890332239059676,0.749629110599436,0.718123795404582,1.09071486259993,NA
"4760",0.970721809877092,0.985959702192757,0.806040888958292,0.863429832400993,NA
"4761",0.965004124221097,0.992172852310061,0.761299552146303,0.687997880301204,0.926877315276544
"4762",0.977581167971161,0.969371877634504,0.699727959538265,0.888656296680856,1.00727669742692
"4763",0.92307536848105,0.960237907158292,0.685105222779051,0.7947732710239,0.939360616793307
"4764",0.974811038601197,0.965286180106529,0.778973222698666,0.84805609065647,0.845771265946503
"4765",0.974970355907297,0.98640259618537,0.810106694916398,0.863495257329316,0.688996195313933
"4766",0.944758510875147,0.995197890765826,0.679191669532489,0.819769872118394,0.911166045555201
"4767",0.922406777621621,0.837875887715018,0.908935473668267,0.900704800637972,NA
"4768",0.969885793061724,0.901322976253539,0.922101362858753,0.895837136057081,1.03595046336263
"4769",0.95440826629085,0.991664625713192,0.72789012908655,0.835685662168832,1.03793891608895
"4770",0.991132603535654,0.975745274531569,0.579531527481877,0.75050682563261,0.855873526682166
"4771",0.948849458611802,0.990609632201315,0.856861093900448,0.91262529236118,0.893319161400605
"4772",0.993612484037649,0.989155671961809,0.865433846907877,0.785023508114436,1.05543482315586
"4773",0.870547702898348,0.972625761854154,0.609132202688986,0.819768274333681,1.1079731666876
"4774",0.958125101265389,0.976591624156663,0.556209436500452,0.874059279263036,0.914272942883081
"4775",0.967601922928189,0.987170073038186,0.750328793910808,0.888716176787764,1.13358665617575
"4776",0.908985072434168,0.980176515599972,0.905283450129599,0.790866985299691,NA
"4777",0.959180181743543,0.918778343405466,0.614520566825323,0.984090254658034,1.02588866341868
"4778",0.971061803912914,0.995053576222313,0.984295354544382,0.881023633738392,1.04862560678378
"4779",0.832813449869828,0.986374604076916,0.674517133025552,0.957209761722874,1.03877078459854
"4780",0.708079221333653,0.676786784089897,0.608445168587909,0.777743734416878,0.891333207688516
"4781",0.968343465996055,0.917248919597656,0.945733482442361,0.936862683362694,1.01520741951816
"4782",0.890903958684217,0.978655547422877,0.824493564477341,0.690809165978067,1.00791098099921
"4783",0.805502884577261,0.979377777068715,0.691332046437702,0.819463189495137,1.04421217197354
"4784",0.974701113825082,0.939414097616407,0.684749203487311,0.947536226229479,0.804518283349904
"4785",0.961891000690272,0.928082624772112,0.948944674322512,1.08268119473437,1.0416023763905
"4786",0.927704697738962,0.994657829456838,0.664937445123629,0.897654968277593,1.10655046807937
"4787",0.971481290248796,0.875915573494797,0.705328594790109,1.08737859906466,1.07639569968942
"4788",0.977001665275188,0.889739739700663,0.853361782556572,0.825598911868273,0.804457831045552
"4789",0.964256803073402,0.820800289426549,0.786443452552006,0.932430350758399,1.04275558588634
"4790",0.855110792468485,0.951845321106887,0.961970476009667,0.717661049562028,NA
"4791",0.909826894338353,0.975612276612159,0.50262774060712,0.878904813831284,0.974487535007552
"4792",0.958539244847126,0.997280226485447,0.70502834274873,0.701094175909229,1.14637469484829
"4793",0.797779962163979,0.942607538539071,0.856456723822283,1.01172335852531,0.814457506774527
"4794",0.994836104476177,0.970260015207858,0.806545757858447,0.66558599811737,0.966609590530984
"4795",0.970698494255862,0.907689918655382,0.5195882705889,0.807627120155252,NA
"4796",0.897821347058034,0.978726075800274,0.860520419294529,0.936823626971087,1.10973186106324
"4797",0.977310849649143,0.991086070615238,0.633274385453667,0.819218110817545,0.805668677407301
"4798",0.994716235880666,0.91093013494076,0.663364284305723,0.785858330826886,0.695953487122653
"4799",0.977428781114205,1.00603271535538,0.780985720056974,0.777806393724895,0.885941948318399
"4800",0.986027477432715,0.843172500241499,0.906827319482154,0.73856904076252,NA
"4801",0.957490228073225,0.74801135402124,0.752514524298987,0.582079343342025,1.12358943155471
"4802",0.928023229536444,0.987708081349526,0.870655795871929,0.842148649715255,0.896877661832559
"4803",0.973973535856497,0.996166900503352,0.608024042621485,0.812777495643855,0.950060890630683
"4804",0.903510819621273,1.00507099563514,0.91189066455718,0.751001119034038,NA
"4805",0.963731315258409,0.993527430770124,0.895259092066009,0.981989070439503,0.938168424459889
"4806",0.914735258237143,0.890246682815133,0.657081304790369,0.919967926468387,NA
"4807",0.904808213587146,0.988165665782697,0.706245519259983,0.786107155020125,0.844977731103558
"4808",0.968119816084714,0.993400506153677,0.680464626010042,0.981386164951546,1.0136408085619
"4809",0.972985571773816,0.969503904273914,0.819825767076726,0.864368490674826,0.885492920203119
"4810",0.977400470992962,0.970556027221605,1.00376801326651,0.86097827254642,1.01125437206956
"4811",0.956148691508009,0.9347977568391,0.687581521651122,0.666104019737919,1.06269716791915
"4812",0.960856483578872,0.902298913600988,0.907716753439535,0.842841285082748,0.964483831143427
"4813",0.968695481625725,0.980660660129841,0.980202392559949,0.788839072976973,0.851112272052923
"4814",0.985761999487156,1.00279595663766,0.918479823355474,0.734605064948177,0.920317177508201
"4815",0.886884669298876,0.999102165676353,0.705464530184564,0.885466762852064,1.05576317544164
"4816",0.976892744697682,1.00460536793037,0.789647173355554,0.802668982243521,NA
"4817",0.961415223241422,0.871000795918946,0.764753940383365,0.752652013845535,0.887704330153189
"4818",0.840859500493881,1.0030811172965,0.789648563411618,0.735598811802902,NA
"4819",0.952849824214654,0.9021214552002,0.871889497771373,1.00188884918657,1.01020126382541
"4820",0.909474107766888,0.989115466666492,0.838268745565414,0.822529131584126,1.00995243172362
"4821",0.965259081068935,0.947243535564285,0.839354969900935,0.845718932643745,0.995714208914812
"4822",0.962980064092093,0.999605470114843,0.852566251603668,0.908486687232009,0.976690763256365
"4823",0.833024905775591,0.993287732111333,0.869034095203236,0.689669240931344,1.01859388788935
"4824",0.990619999614479,0.874295849929087,0.659964857335902,0.880207659476475,1.02911131045163
"4825",0.984670704040978,0.958915231839702,0.791782058134059,0.721325163731407,0.998290538013163
"4826",0.931301402079817,0.995705113698558,0.639190300241721,0.967981233339204,1.03917120653452
"4827",0.954257314758755,0.885534957394363,0.842776038037962,0.958830621006314,0.950037497612987
"4828",0.963545149054131,0.984640079872228,0.793976965836053,0.726407160759453,0.813773076086897
"4829",0.790138083294992,0.992104223293656,0.784032591732267,0.901759659789191,0.867576845388403
"4830",0.94865410226892,0.919074930262268,0.900409872200199,0.937332467792254,0.948753467630548
"4831",0.933450809421039,0.962562951913247,0.781710088503315,0.809107704260452,1.01421015512675
"4832",0.971641977021294,0.909778139618205,0.865627475356402,0.685303147438818,0.939659801755743
"4833",0.983146948461705,0.922343205528679,0.838572964235345,0.936642717208322,0.922884768909253
"4834",0.980127302074706,0.834920208892845,0.545175615887362,0.852372739255818,1.00672888922124
"4835",0.855900420063163,0.781039556015435,0.69927259214182,0.771485905897173,1.03782307482062
"4836",0.990092056773498,0.901753774905083,0.891688360450614,1.09031233926935,0.94608804104347
"4837",0.905777406714281,0.895194287511461,0.80548361279632,0.856855532877327,1.15273980707582
"4838",0.973826969316764,0.976474906191983,0.62229971927898,0.863178614118134,0.958886634806815
"4839",0.576141553570353,0.982481613287397,1.03077743650346,0.834881403298563,0.916430581518305
"4840",0.925889248414254,0.994466005315947,0.798636564329712,0.939245955546561,1.0215518164312
"4841",0.965836151095639,0.988989176039767,0.580399687574834,0.743174591289075,1.10930402287827
"4842",0.920925345115278,0.904483502537232,0.66418536934149,0.848739240585137,0.87561258638658
"4843",0.897484219448002,0.958321640614271,0.615271905753935,0.768251416248715,0.919673344525632
"4844",0.966526063276732,0.836491954016811,0.659363363863739,0.996441671244631,0.985585744455665
"4845",0.964293926296583,0.972668328706708,0.966809693732947,0.871283325453575,0.896342162551208
"4846",0.963360211109307,0.934685476395866,0.712829264475349,0.926662174613467,0.882043254717417
"4847",0.951151400698429,0.971299134081177,0.656711455906756,0.962424343215769,0.926481831385871
"4848",0.906885208752056,0.983910080254568,0.699515021263517,0.725558861319673,1.18814400986778
"4849",0.845758136832724,0.959714316593541,0.653515828870389,0.923818964444755,1.13011740376002
"4850",0.884774615945576,0.982170336439471,0.688093691726347,0.680793232417219,1.03670413189865
"4851",0.964204114289308,0.994627698410308,0.622484195880338,0.932338793483751,1.13172094654248
"4852",0.966370744575821,0.993601651572016,0.714423478837616,0.908033167109922,0.970633466553319
"4853",0.975158877809589,0.987273404721846,0.841865447910682,0.873414861839803,1.0672543708945
"4854",0.929941412878459,0.829938961807403,0.898030094011193,0.976550443420384,0.833871902027125
"4855",0.968442194654796,0.819890526006177,0.760090163344196,0.704279841281804,0.899592872736182
"4856",0.853768134428627,0.984354519278046,0.88922548617085,0.747117004839236,0.917446697139836
"4857",0.96023620487184,0.989294911248049,0.725859755557031,0.930052733612673,0.975853297003958
"4858",0.901899209547596,0.996673259318891,0.673193286068769,0.862534514118664,1.05090488031346
"4859",0.961867173227448,0.950859136995246,0.941867732008953,0.79159065374345,NA
"4860",0.955172595359624,0.994041976726974,0.890889679814105,0.978207835779537,0.881691707453516
"4861",0.96855858798338,0.868783743648147,0.758933967233508,0.855645344417405,1.12534552051073
"4862",0.973185973120729,0.903409839010861,0.564422710369226,0.911508478433841,1.14479361371826
"4863",0.873611221781713,0.854033567274659,0.759736618197412,0.945541575446695,1.02547372940131
"4864",0.951823441484391,0.93411647078446,0.838972823110269,0.8052462796306,0.992540802353184
"4865",0.964166019034386,0.995133226920046,0.751016123652942,0.921690520120103,0.832268362145467
"4866",0.958700889357017,0.880193777202469,0.579970902112988,0.813314644206119,1.0009254752556
"4867",0.895493269574098,0.990365437089844,0.640521853286531,0.824859470485985,0.885455410616925
"4868",0.990267157052455,0.971878248499933,0.628528316000363,1.06570422609749,0.844544234340513
"4869",0.855001649314174,1.00063647111872,0.82685363191794,0.75460122405845,1.14696281947284
"4870",0.957047237670607,0.99503984267637,0.606628401938022,0.669235714843666,0.953079809572637
"4871",0.592583371199875,0.897442862348654,0.827143925022895,0.759549204380743,1.09638979013501
"4872",0.849274384854587,0.981622509414555,0.884544570876462,0.929898028316619,NA
"4873",0.81417604953439,0.854593928108716,0.898426699702138,0.949877390016624,1.01188412414538
"4874",0.973091400026088,0.83138858698839,0.818465507318385,0.686486705072204,1.04504183646458
"4875",0.835812303866282,0.814356944179137,0.818244490999305,0.786597666940999,1.02761371813745
"4876",0.946191692285474,0.993157735176584,0.560196333150992,0.841473351764582,1.04666537618708
"4877",0.984680333426035,0.943234966523176,0.730598852510777,0.616564404909968,0.782245162381096
"4878",0.853398947516581,0.885510442056613,0.818509525412479,0.852573283629908,1.08415876785705
"4879",0.972851749812071,0.80081806398846,0.634940885499381,0.854938368948154,1.13609385790411
"4880",0.971322512196666,0.978253262567605,0.846684461602359,0.697548362744503,1.0743417325867
"4881",0.9736199682385,0.989263902956159,0.79960835722373,1.01389728063545,NA
"4882",0.971152192193271,0.981533940921806,0.772922745071076,0.739914674315397,0.822132189454412
"4883",0.876984728818845,0.799253572137102,0.770518065208928,0.888668463937316,0.937118008946983
"4884",0.957136631215587,0.987708730553354,0.668911140396012,0.998787830507885,1.00196926896253
"4885",0.97742111785835,0.980010054106382,0.783783449114607,0.87102298614,0.748766877656599
"4886",0.981342067676961,0.916101226569657,0.623413654714018,0.925729439672259,1.03774635895191
"4887",0.967901017470721,0.884101796044483,0.69537472376185,0.968829658508581,1.05760417787084
"4888",0.807702981303241,0.917836356813829,0.478340933560851,0.871388851085211,1.0836730286801
"4889",0.932786888880102,0.980239284238529,0.636691955576443,0.806560152081864,0.891682374225015
"4890",0.900165050843616,0.985952639964256,0.655171553935367,0.901922052267699,0.938157192252658
"4891",0.972997455734039,0.969857243979125,0.914768717460256,0.780544802971333,0.929141149979186
"4892",0.982330240153295,0.976277348870717,0.815458852875328,0.746533012012746,0.905316505046498
"4893",0.901622455861361,0.982330545339503,0.687196940636148,1.08726247077028,1.0437778176511
"4894",0.978774580445918,0.991163779466063,0.680147661252391,0.933760479788053,0.997198123142314
"4895",0.877688939947715,0.9959594576727,0.863537745371975,0.9889618923745,1.07679613524701
"4896",NA,NA,NA,NA,NA
"4897",0.948446564065031,0.866568274378156,0.760538062224231,0.80739010203239,NA
"4898",0.92445764691892,1.00231516626101,0.632048564969229,0.889850465701859,NA
"4899",0.77141903223334,0.942564880510726,0.823196939664014,0.715297274819696,NA
"4900",0.96648866624624,0.910247381145565,0.826670744123745,0.937750330793103,1.07020802932877
"4901",0.97843196944079,0.948870290809199,0.803656832372198,0.96066639897182,1.00600105581374
"4902",0.955221045836293,0.906879299598363,0.643880751119685,0.777314802740826,1.02855224513758
"4903",0.98028094949348,0.966472570350943,0.563767701715721,0.699927337323595,NA
"4904",0.967709480014598,0.893873704964549,1.02161300331204,0.908549709522556,0.924895272751663
"4905",0.959119883532454,0.961912801223509,0.809153747007091,0.835516750143451,0.962179550290294
"4906",0.959708780218987,0.988937206898684,0.573107591120127,0.901032380575973,0.920733561820506
"4907",0.947736105791947,0.956378086661465,0.774298342433812,0.784937311016324,0.95265017521465
"4908",0.963044981196319,0.757615441812093,0.769652839896392,0.825890233486181,1.07553997833659
"4909",0.774284603981392,0.997655707643707,0.816183273306856,0.946272726304261,1.17163383925261
"4910",0.848681434942678,0.820125909867325,1.00186477970864,0.90988794070347,1.04549976625859
"4911",0.93831617076744,0.895391450511233,0.684246064710412,0.655003522649784,0.918346266023822
"4912",0.868114587585176,0.882786089547697,0.910208053464948,0.865028005246405,1.08224856288205
"4913",0.954108781380641,0.962672453585168,0.805531118189378,0.80740410519352,0.931359029591208
"4914",0.855416407256383,0.884794285812994,0.707748820255219,0.886662341812037,0.974567963160552
"4915",0.965066934586374,0.929806799822367,0.598758473351996,1.02388923389182,0.826960385269205
"4916",0.961985597373535,0.989530752929356,0.811775569180945,0.74593561997163,1.04540423868102
"4917",0.937367508455134,0.92051193432714,0.800210012818006,0.947561814463258,0.938730601993052
"4918",0.98394943182403,0.847115040195803,0.660669985390433,0.794550193291383,NA
"4919",0.965314420831817,0.973947560212491,0.558967689555405,0.82635979820873,1.01746531191551
"4920",0.953202330531983,0.915351536442664,0.866373928302475,0.834731704704813,0.870271159537469
"4921",0.954027404839194,0.947077973525267,0.762030807542424,0.957053061385105,NA
"4922",0.954920804955674,0.976570149673464,0.893732832770832,0.995966247643314,0.917312777197896
"4923",0.979530052427108,0.963946761236639,0.77078810075408,0.957391054492304,0.981281027706673
"4924",0.994204689408529,0.922152839265757,0.76107161755726,1.02956227055084,NA
"4925",0.917197025387785,0.986305308636101,0.529118700767969,0.81089807622782,0.976301543412056
"4926",0.960850049337288,0.966379423972704,0.789540862363212,0.869061563640277,0.886423936521127
"4927",0.978689812829722,0.992695473331146,0.641513141576722,0.732717593722175,NA
"4928",0.913760253282308,0.989419403672386,0.642704102965882,0.761634955594321,NA
"4929",0.949773426443263,0.977506949666738,0.754358757477836,0.759671108253363,1.13381134147237
"4930",0.983751192572133,0.993624517413625,0.7942299094511,0.806223061652907,0.882306424755186
"4931",0.914959211562883,0.981314452440041,0.797108267451445,0.879748162531578,0.970517192092286
"4932",0.974160939896249,0.851078043301976,0.575754277489899,0.93554661266136,0.980449738376653
"4933",0.950680732775131,0.971797047790348,0.622024180709914,0.892612662787755,1.09024126920482
"4934",0.909070414265904,0.986602284892191,0.57061693531848,0.820620464842218,0.954830570477603
"4935",0.993991285475393,0.995922776429628,0.78640741161844,0.779883701951173,0.938347964540842
"4936",0.962470810221551,1.00340434721676,0.903921560698761,1.01588864662099,1.07979721926555
"4937",0.970501589624919,0.891551225262243,0.857651886856678,0.851994993428104,NA
"4938",0.858220007089761,0.921975793178087,0.592834034543368,0.715577732960224,0.982305793656437
"4939",0.975200251231321,0.975782455373589,0.560368690007508,0.710360260873356,1.02173682407018
"4940",0.919934966695873,0.98283220795648,0.975313510304425,0.801167119595383,NA
"4941",0.902044866459095,0.963708726234575,0.807024111825879,0.850535844702234,0.984149019951774
"4942",0.974092624459326,0.986405562084338,0.620611903214983,0.915801512382093,0.892546170588862
"4943",0.965172961299091,0.914608733387556,0.58008187811194,0.744199667052549,1.01912311406059
"4944",0.963488301238876,0.980371617370944,0.720861213034636,0.930072822493324,0.972440050989371
"4945",0.854539553646853,0.990760205398773,0.815148878047636,0.765951168651616,0.832796180263127
"4946",0.979647326837444,0.975014654528876,0.821342526215782,0.795087269677947,0.928644182897648
"4947",0.974452811165526,0.982964908703939,0.690202683406111,0.900850431683092,NA
"4948",0.927616565883936,0.966101232321022,0.655080836969073,1.01666425500262,1.08070911078924
"4949",0.971948414861096,0.996379666493604,0.729861825149608,0.841584292975877,1.03140187547464
"4950",0.77120015969538,0.972023853483264,0.742045674086744,1.08400086238931,1.08877156712866
"4951",0.887542602563543,0.967378207183318,0.716485837317293,0.863006842507079,0.915113737844731
"4952",0.939177492333945,0.907348726356899,0.743409638142511,0.71435720989422,1.04989650565042
"4953",0.776397996238296,0.968396940478827,0.905800091702824,0.782841362011367,0.925512083283754
"4954",0.920773685658444,0.970943473165348,0.605433105572427,0.743992637434178,0.967364881317059
"4955",0.954827655329697,0.884367601189157,0.779459903884373,0.964363036756357,1.09675145979579
"4956",0.966857762136972,0.993415902205704,0.582854935363444,0.706151049555092,1.09353244732947
"4957",0.919568970036799,0.836876813501758,0.611179473037799,0.969956037892897,0.898466847016098
"4958",0.745604864014209,0.704370543004171,0.887815072652642,0.965888707964624,0.839979875913597
"4959",0.97477598125508,0.964730871997474,0.69352510383197,0.93242505420455,1.16913714086717
"4960",0.855809436467122,0.984167798723658,0.771694467238909,0.926893800089382,0.935805322407513
"4961",0.961116528180613,0.843092618697653,0.855119505823807,0.982160509504394,1.03149951850999
"4962",0.980802156166956,0.902887145764986,0.701752350254238,0.862530298161355,0.789919707836998
"4963",0.984150134066382,0.993111612252195,0.772610711967128,1.0609056098378,0.964423266220045
"4964",0.973965245865013,0.965234574977614,0.632705924385633,0.971143793858559,0.965105476318889
"4965",0.798913885407753,0.895771423046958,0.765749661168685,0.873716918525141,0.891342859728942
"4966",0.980448022205154,0.979530270156968,0.751185183379849,1.00729009780257,0.96122499328793
"4967",0.882627031995038,0.906995213335207,0.903917929011353,0.571463619113534,NA
"4968",0.951404827106452,0.98035640015836,0.920753816842928,0.869299825604436,0.838311220068352
"4969",0.955207721627206,0.927910017278778,0.765454655699642,0.898062139582062,0.938759515245425
"4970",0.979500037827285,0.848214112653109,0.683996805479221,0.942057035772371,0.949240570906504
"4971",0.898347350221937,0.998803192769421,0.631246117930004,0.889933993338173,NA
"4972",0.846196677062788,0.979186690339756,0.640426048368198,0.783401363513688,0.951916272046418
"4973",0.959444634741999,0.986313251646447,0.717292711085881,0.78316519621665,0.949422661798024
"4974",0.853742329378085,0.992383300810909,1.02848403280798,0.906237601652269,0.916575727001882
"4975",0.968437523000779,0.988527981439673,0.878597524626602,0.942140343194358,1.17981895781332
"4976",0.982700691683022,0.806228675352032,0.777873687087692,0.90152461267507,1.15909145546279
"4977",0.839964254298772,0.896410910081414,0.892081963732279,0.68315778390386,1.05238084258634
"4978",0.957022247390708,0.974001101918219,0.707009011895441,0.896701212902318,0.970113595791147
"4979",0.96869187973521,0.827862661034949,0.872628406755526,1.02496014284559,1.04217599625911
"4980",0.93816018737839,0.96693996211164,0.687889308181976,0.875727204080108,0.897149836403311
"4981",0.865984355065294,0.825756291128917,0.865343078099904,0.916405044228715,1.04447767345247
"4982",0.970284610632268,0.82278751423867,0.775999699898845,1.0096616529754,0.939141534819235
"4983",0.950267256899377,0.987385902463881,0.622283354205897,0.877770887629354,1.02235977131208
"4984",0.929467657650255,0.894206821083491,0.895458735391777,0.967972033169879,0.821269302496408
"4985",0.818391678149763,0.975766172502592,0.904382459863356,0.781073209573427,0.942187515818515
"4986",0.977108139791127,1.0086832791762,0.712606915578455,0.743501359331428,0.941724169089407
"4987",0.979177432630734,0.905346291473345,0.628005130761534,0.966456855477664,0.944749096716443
"4988",0.995440681017249,0.928389562997479,0.772069492009575,1.05462324292444,1.0719501362683
"4989",0.861087743617387,0.904909803287802,0.746342533857629,0.890072774139479,0.933820708472519
"4990",0.943131426584142,0.994354545518182,0.658962539598673,0.830915262806899,1.04338597087132
"4991",0.901496444388397,0.982407402976937,0.754337821542247,0.755694075406318,0.977956744825583
"4992",0.953744270217813,0.916254849542853,0.843686280969011,0.648925226944611,1.1818100226818
"4993",0.872239364409649,0.780324202395393,0.695564889479952,0.860824835348967,0.999117131785082
"4994",0.970740380536248,0.951158645749532,0.721672200847029,0.761659565870615,0.959141984441525
"4995",0.872320339765206,0.923195062888245,0.740560234487651,1.01769296144417,0.921783727875169
"4996",0.871162761998743,0.98534789475159,0.588933681599029,0.90408247851317,0.856495470033169
"4997",0.963581969409334,0.99834166210563,0.895584352506162,0.811726809248736,NA
"4998",0.945377636945494,0.945599362544939,0.593405307212081,0.61996186528607,0.969506943716232
"4999",0.974971082364188,0.973472440255076,0.639916512686116,0.747966517841144,0.751823008384003
"5000",0.791704698702619,0.903747278995094,1.03654883333351,0.870931831580783,1.10240429208353
