"","V1","V2","V3","V4","V5"
"1",0.0714285714285714,0.0555555555555556,0.34375,0.423076923076923,0.3125
"2",0.25,0.0454545454545455,0.227272727272727,0.192307692307692,0.291666666666667
"3",0.0384615384615385,0.147058823529412,0.119047619047619,NA,NA
"4",0.0333333333333333,0.115384615384615,0.0714285714285714,0.409090909090909,0.388888888888889
"5",0.125,0.0714285714285714,0.0555555555555556,0.166666666666667,0.366666666666667
"6",0.0555555555555556,0.115384615384615,0.318181818181818,0.0555555555555556,0.291666666666667
"7",0.115384615384615,0.3125,0.269230769230769,0.3,0.583333333333333
"8",0.136363636363636,0.136363636363636,0.25,0.388888888888889,0.3125
"9",0.09375,0.125,0.264705882352941,0.0833333333333333,0.416666666666667
"10",0.0416666666666667,0.136363636363636,0.346153846153846,0.5,0.5625
"11",0.0416666666666667,0.125,0.291666666666667,0.0714285714285714,0.318181818181818
"12",0.115384615384615,0.0454545454545455,0.45,0.15,0.55
"13",0.0625,0.0416666666666667,0.166666666666667,0.366666666666667,0.269230769230769
"14",0.0454545454545455,0.05,0.115384615384615,0.208333333333333,0.409090909090909
"15",0.05,0.1,0.236842105263158,0.0714285714285714,NA
"16",0.15,0.115384615384615,0.25,0.115384615384615,0.3125
"17",0.0227272727272727,0.0882352941176471,0.205882352941176,NA,NA
"18",0.05,0.0555555555555556,0.277777777777778,0.178571428571429,0.590909090909091
"19",0.05,0.178571428571429,0.25,0.0555555555555556,0.277777777777778
"20",0.3,0.0416666666666667,0.409090909090909,0.15,0.441176470588235
"21",0.0384615384615385,0.0882352941176471,0.05,0.3125,0.1875
"22",0.0789473684210526,0.0454545454545455,0.115384615384615,0.318181818181818,NA
"23",0.0555555555555556,0.0833333333333333,0.178571428571429,0.3125,0.35
"24",0.0277777777777778,0.0555555555555556,0.166666666666667,0.5,NA
"25",0.107142857142857,0.15,0.28125,0.136363636363636,0.166666666666667
"26",0.0714285714285714,0.346153846153846,0.194444444444444,0.227272727272727,0.416666666666667
"27",0.227272727272727,0.03125,0.136363636363636,0.166666666666667,0.125
"28",0.0714285714285714,0.138888888888889,0.375,0.1875,0.25
"29",0.0714285714285714,0.0384615384615385,0.35,0.611111111111111,0.5
"30",0.05,0.0714285714285714,0.227272727272727,0.357142857142857,0.558823529411765
"31",0.05,0.25,0.25,0.25,0.5
"32",0.1875,0.0555555555555556,0.375,0.227272727272727,0.375
"33",0.0357142857142857,0.0882352941176471,0.321428571428571,0.583333333333333,0.75
"34",0.0263157894736842,0.0625,0.1875,0.25,0.277777777777778
"35",0.0416666666666667,0.125,0.464285714285714,0.277777777777778,0.357142857142857
"36",0.0555555555555556,0.166666666666667,0.375,0.166666666666667,0.233333333333333
"37",0.107142857142857,0.0882352941176471,0.1875,0.25,0.75
"38",0.0833333333333333,0.0454545454545455,0.3,0.125,0.4375
"39",0.15,0.0789473684210526,0.25,0.3125,NA
"40",0.0416666666666667,0.125,0.321428571428571,0.25,0.375
"41",0.0714285714285714,0.0555555555555556,0.208333333333333,0.107142857142857,0.0416666666666667
"42",0.05,0.15625,0.321428571428571,0.3125,0.15
"43",0.178571428571429,0.0555555555555556,0.205882352941176,0.291666666666667,NA
"44",0.05,0.1875,0.138888888888889,0.125,0.583333333333333
"45",0.0961538461538462,0.05,0.264705882352941,NA,NA
"46",0.136363636363636,0.166666666666667,0.192307692307692,0.15,0.357142857142857
"47",0.1875,0.05,0.1875,0.5,0.1875
"48",0.0714285714285714,0.15625,0.458333333333333,0.416666666666667,0.5
"49",0.147058823529412,0.159090909090909,0.318181818181818,0.7,NA
"50",0.0333333333333333,0.0882352941176471,0.225,0.5,NA
"51",0.0384615384615385,0.05,0.125,0.0625,0.388888888888889
"52",0.0882352941176471,0.0555555555555556,0.0714285714285714,0.227272727272727,0.611111111111111
"53",0.125,0.136363636363636,0.227272727272727,0.35,0.611111111111111
"54",0.0416666666666667,0.45,0.15,0.357142857142857,0.321428571428571
"55",0.0625,0.0416666666666667,0.318181818181818,0.178571428571429,0.45
"56",0.0714285714285714,0.147058823529412,0.214285714285714,0.15,0.45
"57",0.0714285714285714,0.0384615384615385,0.194444444444444,0.1,0.25
"58",0.05,0.107142857142857,0.0555555555555556,0.15,0.346153846153846
"59",0.0625,0.0454545454545455,0.409090909090909,0.277777777777778,0.233333333333333
"60",0.136363636363636,0.0714285714285714,0.375,0.115384615384615,0.357142857142857
"61",0.0625,0.0454545454545455,0.388888888888889,0.433333333333333,0.192307692307692
"62",0.192307692307692,0.166666666666667,0.291666666666667,0.45,NA
"63",0.125,0.0416666666666667,0.291666666666667,0.0555555555555556,0.214285714285714
"64",0.0416666666666667,0.1875,0.423076923076923,0.0625,0.35
"65",0.0416666666666667,0.166666666666667,0.40625,0.0555555555555556,0.5
"66",0.192307692307692,0.0714285714285714,0.147058823529412,0.25,0.75
"67",0.125,0.0555555555555556,0.642857142857143,0.3,0.5
"68",0.15,0.0454545454545455,0.21875,0.388888888888889,0.416666666666667
"69",0.125,0.208333333333333,0.166666666666667,0.125,0.269230769230769
"70",0.0555555555555556,0.075,0.423076923076923,0.15,NA
"71",0.05,0.0384615384615385,0.291666666666667,0.227272727272727,0.15
"72",0.0416666666666667,0.15625,0.107142857142857,0.291666666666667,NA
"73",0.15,0.15,0.236842105263158,0.214285714285714,0.5
"74",0.166666666666667,0.05,0.227272727272727,0.107142857142857,0.464285714285714
"75",0.0357142857142857,0.1,0.291666666666667,0.375,NA
"76",0.0416666666666667,0.25,0.0555555555555556,0.291666666666667,0.3
"77",0.0555555555555556,0.0714285714285714,0.277777777777778,0.136363636363636,0.25
"78",0.138888888888889,0.05,0.192307692307692,0.25,NA
"79",0.192307692307692,0.125,0.275,0.0833333333333333,0.3
"80",0.125,0.15,0.125,0.0625,0.5
"81",0.166666666666667,0.0555555555555556,0.166666666666667,0.0625,0.34375
"82",0.05,0.125,0.35,0.277777777777778,0.34375
"83",0.0384615384615385,0.0714285714285714,0.392857142857143,0.21875,0.3125
"84",0.0357142857142857,0.0833333333333333,0.214285714285714,0.25,0.357142857142857
"85",0.15,0.15,0.0555555555555556,0.25,0.3125
"86",0.0714285714285714,0.1,0.3125,0.0625,0.423076923076923
"87",0.136363636363636,0.0625,0.423076923076923,0.409090909090909,0.5
"88",0.0555555555555556,0.0555555555555556,0.366666666666667,0.136363636363636,0.227272727272727
"89",0.0294117647058824,0.136363636363636,0.3,0.25,NA
"90",0.03125,0.107142857142857,0.305555555555556,0.1875,NA
"91",0.05,0.0454545454545455,0.208333333333333,0.208333333333333,0.5
"92",0.0714285714285714,0.136363636363636,0.321428571428571,0.233333333333333,0.388888888888889
"93",0.05,0.0714285714285714,0.15,0.227272727272727,0.441176470588235
"94",0.166666666666667,0.0625,0.34375,0.15,0.55
"95",0.0555555555555556,0.25,0.41304347826087,0.45,NA
"96",0.0714285714285714,0.0555555555555556,0.269230769230769,0.388888888888889,0.388888888888889
"97",0.0416666666666667,0.0454545454545455,0.346153846153846,0.208333333333333,0.3
"98",0.0833333333333333,0.0416666666666667,0.192307692307692,0.136363636363636,0.269230769230769
"99",0.0416666666666667,0.05,0.277777777777778,0.392857142857143,0.409090909090909
"100",0.06,0.05,0.184210526315789,NA,NA
"101",0.05,0.03125,0.35,0.409090909090909,0.5
"102",0.0454545454545455,0.0833333333333333,0.25,0.25,0.409090909090909
"103",0.0882352941176471,0.214285714285714,0.25,0.1875,0.35
"104",0.0416666666666667,0.0625,0.21875,0.1,0.55
"105",0.0384615384615385,0.1,0.3125,0.0357142857142857,0.0555555555555556
"106",0.0555555555555556,0.21875,0.166666666666667,0.1,0.323529411764706
"107",0.05,0.138888888888889,0.346153846153846,0.388888888888889,NA
"108",0.0714285714285714,0.0454545454545455,0.208333333333333,0.388888888888889,0.423076923076923
"109",0.166666666666667,0.0454545454545455,0.214285714285714,0.346153846153846,0.318181818181818
"110",0.0384615384615385,0.0384615384615385,0.576923076923077,0.05,0.1875
"111",0.107142857142857,0.107142857142857,0.0714285714285714,0.277777777777778,0.277777777777778
"112",0.0416666666666667,0.0555555555555556,0.323529411764706,0.136363636363636,0.3125
"113",0.115384615384615,0.0714285714285714,0.205882352941176,0.15,0.25
"114",0.1,0.0555555555555556,0.318181818181818,0.0555555555555556,0.269230769230769
"115",0.0714285714285714,0.125,0.0555555555555556,0.233333333333333,0.4375
"116",0.0333333333333333,0.166666666666667,0.366666666666667,NA,NA
"117",0.214285714285714,0.05,0.409090909090909,0.388888888888889,0.5
"118",0.0416666666666667,0.0416666666666667,0.388888888888889,0.409090909090909,0.5
"119",0.115384615384615,0.0714285714285714,0.227272727272727,0.382352941176471,0.0714285714285714
"120",0.0357142857142857,0.0625,0.208333333333333,0.35,0.25
"121",0.0714285714285714,0.05,0.375,0.138888888888889,0.5
"122",0.0416666666666667,0.0454545454545455,0.184210526315789,0.0714285714285714,0.388888888888889
"123",0.227272727272727,0.05,0.115384615384615,0.0625,0.0714285714285714
"124",0.1875,0.0625,0.227272727272727,0.21875,0.1
"125",0.0625,0.291666666666667,0.25,0.05,0.5
"126",0.0454545454545455,0.0714285714285714,0.178571428571429,0.25,0.3125
"127",0.136363636363636,0.125,0.178571428571429,0.0833333333333333,0.291666666666667
"128",0.05,0.0833333333333333,0.107142857142857,0.233333333333333,0.5
"129",0.166666666666667,0.0416666666666667,0.318181818181818,0.0833333333333333,0.346153846153846
"130",0.136363636363636,0.318181818181818,0.192307692307692,0.3125,0.611111111111111
"131",0.15,0.05,0.0882352941176471,0.166666666666667,0.642857142857143
"132",0.0454545454545455,0.0333333333333333,0.625,0.1875,0.318181818181818
"133",0.192307692307692,0.136363636363636,0.346153846153846,0.277777777777778,0.9
"134",0.0882352941176471,0.15,0.214285714285714,0.277777777777778,0.642857142857143
"135",0.192307692307692,0.0384615384615385,0.166666666666667,0.4375,0.277777777777778
"136",0.125,0.107142857142857,0.291666666666667,0.15,0.375
"137",0.0555555555555556,0.0555555555555556,0.40625,0.05,0.388888888888889
"138",0.03125,0.136363636363636,0.166666666666667,0.166666666666667,0.25
"139",0.0789473684210526,0.192307692307692,0.305555555555556,0.166666666666667,NA
"140",0.107142857142857,0.05,0.0714285714285714,0.0714285714285714,0.40625
"141",0.0454545454545455,0.125,0.375,0.0833333333333333,0.375
"142",0.05,0.0416666666666667,0.423076923076923,0.423076923076923,0.166666666666667
"143",0.205882352941176,0.131578947368421,0.0333333333333333,NA,NA
"144",0.05,0.178571428571429,0.1,0.5,0.464285714285714
"145",0.107142857142857,0.05,0.45,0.590909090909091,0.642857142857143
"146",0.115384615384615,0.115384615384615,0.0555555555555556,0.05,0.375
"147",0.0714285714285714,0.21875,0.423076923076923,0.15,0.6875
"148",0.15,0.115384615384615,0.166666666666667,0.277777777777778,NA
"149",0.0833333333333333,0.0294117647058824,0.3,0.366666666666667,0.5
"150",0.104166666666667,0.0416666666666667,0.375,0.0714285714285714,NA
"151",0.166666666666667,0.25,0.075,0.269230769230769,NA
"152",0.0416666666666667,0.0277777777777778,0.3125,0.0555555555555556,0.166666666666667
"153",0.136363636363636,0.0454545454545455,0.357142857142857,0.115384615384615,0.5
"154",0.03125,0.15625,0.4375,0.4375,0.75
"155",0.0416666666666667,0.166666666666667,0.192307692307692,0.214285714285714,0.346153846153846
"156",0.0555555555555556,0.318181818181818,0.357142857142857,0.346153846153846,0.392857142857143
"157",0.0714285714285714,0.0789473684210526,0.0714285714285714,0.214285714285714,0.1875
"158",0.0416666666666667,0.0555555555555556,0.269230769230769,0.321428571428571,0.1875
"159",0.0555555555555556,0.0384615384615385,0.208333333333333,0.208333333333333,0.611111111111111
"160",0.192307692307692,0.0833333333333333,0.392857142857143,0.0714285714285714,0.214285714285714
"161",0.05,0.0555555555555556,0.25,0.321428571428571,0.1875
"162",0.0416666666666667,0.0555555555555556,0.25,0.125,0.423076923076923
"163",0.0555555555555556,0.277777777777778,0.25,0.1,0.318181818181818
"164",0.0357142857142857,0.25,0.366666666666667,0.1875,0.3
"165",0.1,0.0625,0.15,0.214285714285714,0.392857142857143
"166",0.03125,0.0416666666666667,0.541666666666667,0.25,0.3125
"167",0.09375,0.0714285714285714,0.346153846153846,0.25,0.458333333333333
"168",0.0384615384615385,0.1875,0.1875,0.192307692307692,0.321428571428571
"169",0.125,0.0555555555555556,0.318181818181818,0.318181818181818,0.5
"170",0.192307692307692,0.0454545454545455,0.1875,0.269230769230769,0.75
"171",0.136363636363636,0.0833333333333333,0.166666666666667,0.3,0.192307692307692
"172",0.15,0.0357142857142857,0.136363636363636,0.214285714285714,0.55
"173",0.125,0.131578947368421,0.425,0.166666666666667,NA
"174",0.125,0.166666666666667,0.291666666666667,0.115384615384615,0.277777777777778
"175",0.115384615384615,0.0555555555555556,0.291666666666667,0.35,0.5
"176",0.0384615384615385,0.0384615384615385,0.15,0.25,0.607142857142857
"177",0.0714285714285714,0.0454545454545455,0.0555555555555556,0.375,0.15
"178",0.0555555555555556,0.125,0.357142857142857,0.192307692307692,0.277777777777778
"179",0.05,0.227272727272727,0.458333333333333,0.214285714285714,0.34375
"180",0.0357142857142857,0.0714285714285714,0.269230769230769,0.166666666666667,0.5
"181",0.136363636363636,0.227272727272727,0.269230769230769,0.15,0.166666666666667
"182",0.125,0.0555555555555556,0.166666666666667,0.277777777777778,0.264705882352941
"183",0.0714285714285714,0.0625,0.5,0.40625,0.423076923076923
"184",0.0357142857142857,0.15,0.375,0.05,0.35
"185",0.05,0.0555555555555556,0.277777777777778,0.115384615384615,0.423076923076923
"186",0.0416666666666667,0.0714285714285714,0.289473684210526,0.3,NA
"187",0.05,0.05,0.4375,0.321428571428571,0.576923076923077
"188",0.233333333333333,0.0714285714285714,0.0625,0.346153846153846,0.3125
"189",0.0416666666666667,0.0714285714285714,0.357142857142857,0.205882352941176,0.25
"190",0.0454545454545455,0.05,0.178571428571429,0.5,0.214285714285714
"191",0.0454545454545455,0.166666666666667,0.269230769230769,0.25,0.0714285714285714
"192",0.0416666666666667,0.0714285714285714,0.25,0.147058823529412,0.227272727272727
"193",0.1875,0.0357142857142857,0.208333333333333,0.208333333333333,0.25
"194",0.125,0.0714285714285714,0.375,0.136363636363636,0.208333333333333
"195",0.125,0.0714285714285714,0.5,0.192307692307692,0.35
"196",0.0294117647058824,0.115384615384615,0.178571428571429,0.0714285714285714,NA
"197",0.125,0.0333333333333333,0.1875,0.392857142857143,0.416666666666667
"198",0.0555555555555556,0.0714285714285714,0.208333333333333,0.5,0.346153846153846
"199",0.192307692307692,0.0416666666666667,0.423076923076923,0.136363636363636,0.75
"200",0.0416666666666667,0.09375,0.291666666666667,0.227272727272727,0.25
"201",0.0416666666666667,0.136363636363636,0.35,0.0833333333333333,0.375
"202",0.0625,0.166666666666667,0.178571428571429,0.227272727272727,0.3125
"203",0.05,0.25,0.0714285714285714,0.107142857142857,0.3
"204",0.0625,0.0454545454545455,0.09375,0.227272727272727,0.4375
"205",0.0714285714285714,0.0454545454545455,0.1875,0.318181818181818,0.441176470588235
"206",0.115384615384615,0.166666666666667,0.208333333333333,0.318181818181818,NA
"207",0.25,0.0555555555555556,0.388888888888889,0.136363636363636,0.3125
"208",0.0714285714285714,0.0454545454545455,0.3,0.321428571428571,0.357142857142857
"209",0.1,0.05,0.277777777777778,0.227272727272727,0.375
"210",0.0454545454545455,0.05,0.225,0.0833333333333333,0.5
"211",0.0714285714285714,0.0625,0.45,0.264705882352941,0.458333333333333
"212",0.05,0.25,0.15625,0.227272727272727,0.15
"213",0.0357142857142857,0.166666666666667,0.107142857142857,0.1,NA
"214",0.0555555555555556,0.1,0.125,0.1875,0.277777777777778
"215",0.05,0.0625,0.208333333333333,0.227272727272727,0.5
"216",0.0454545454545455,0.346153846153846,0.291666666666667,0.0714285714285714,0.423076923076923
"217",0.05,0.0714285714285714,0.25,0.5,0.166666666666667
"218",0.05,0.0882352941176471,0.361111111111111,0.277777777777778,NA
"219",0.0555555555555556,0.0357142857142857,0.45,0.208333333333333,0.277777777777778
"220",0.115384615384615,0.05,0.3125,0.59375,0.3125
"221",0.05,0.15,0.107142857142857,0.178571428571429,0.75
"222",0.0454545454545455,0.178571428571429,0.208333333333333,0.0833333333333333,0.653846153846154
"223",0.136363636363636,0.05,0.346153846153846,0.277777777777778,0.541666666666667
"224",0.075,0.0294117647058824,0.642857142857143,0.25,0.125
"225",0.107142857142857,0.0714285714285714,0.375,0.264705882352941,0.166666666666667
"226",0.192307692307692,0.214285714285714,0.35,0.125,0.5
"227",0.0384615384615385,0.0714285714285714,0.125,0.214285714285714,0.4375
"228",0.1,0.208333333333333,0.0555555555555556,0.3125,0.583333333333333
"229",0.05,0.291666666666667,0.318181818181818,0.45,0.541666666666667
"230",0.03125,0.192307692307692,0.0833333333333333,0.227272727272727,0.125
"231",0.0454545454545455,0.15625,0.318181818181818,0.25,0.0714285714285714
"232",0.107142857142857,0.0714285714285714,0.277777777777778,0.321428571428571,0.45
"233",0.0714285714285714,0.0625,0.21875,0.125,0.0833333333333333
"234",0.0333333333333333,0.0416666666666667,0.0714285714285714,0.34375,0.3
"235",0.03125,0.05,0.15,0.291666666666667,0.318181818181818
"236",0.0263157894736842,0.138888888888889,0.25,0.1,NA
"237",NA,NA,NA,NA,NA
"238",0.136363636363636,0.05,0.125,0.318181818181818,0.65
"239",0.05,0.05,0.25,0.166666666666667,0.5
"240",0.0714285714285714,0.0555555555555556,0.269230769230769,0.166666666666667,0.5
"241",0.0454545454545455,0.0416666666666667,0.166666666666667,0.3125,0.35
"242",0.05,0.0555555555555556,0.30952380952381,0.45,NA
"243",0.15,0.166666666666667,0.05,0.291666666666667,0.227272727272727
"244",0.05,0.05,0.05,0.192307692307692,0.178571428571429
"245",0.136363636363636,0.0454545454545455,0.464285714285714,0.375,0.357142857142857
"246",0.0454545454545455,0.166666666666667,0.458333333333333,0.208333333333333,0.214285714285714
"247",0.166666666666667,0.05,0.205882352941176,0.3,NA
"248",0.0294117647058824,0.0714285714285714,0.25,0.277777777777778,0.277777777777778
"249",0.0833333333333333,0.0833333333333333,0.282608695652174,0.166666666666667,0.227272727272727
"250",0.0294117647058824,0.25,0.458333333333333,0.25,0.375
"251",0.208333333333333,0.125,0.0454545454545455,0.25,0.3125
"252",0.0384615384615385,0.0555555555555556,0.269230769230769,0.192307692307692,0.25
"253",0.1,0.0454545454545455,0.357142857142857,0.45,0.166666666666667
"254",0.09375,0.0454545454545455,0.0454545454545455,0.3125,0.15
"255",0.0714285714285714,0.0714285714285714,0.236842105263158,0.25,0.357142857142857
"256",0.05,0.1875,0.136363636363636,0.458333333333333,0.4375
"257",0.0555555555555556,0.115384615384615,0.277777777777778,0.375,0.1875
"258",0.0714285714285714,0.291666666666667,0.125,0.192307692307692,0.35
"259",0.0625,0.05,0.25,0.166666666666667,0.392857142857143
"260",0.0625,0.0454545454545455,0.264705882352941,0.291666666666667,0.5
"261",0.1,0.15,0.192307692307692,0.277777777777778,0.0625
"262",0.0384615384615385,0.15,0.318181818181818,0.25,0.65
"263",0.0333333333333333,0.0384615384615385,0.3,0.541666666666667,NA
"264",0.227272727272727,0.0833333333333333,0.269230769230769,0.0625,0.392857142857143
"265",0.0555555555555556,0.147058823529412,0.40625,0.0714285714285714,0.583333333333333
"266",0.0714285714285714,0.0454545454545455,0.269230769230769,0.3,0.357142857142857
"267",0.0555555555555556,0.0714285714285714,0.192307692307692,0.0714285714285714,0.305555555555556
"268",0.125,0.125,0.277777777777778,0.0454545454545455,0.25
"269",0.0555555555555556,0.1875,0.227272727272727,0.269230769230769,0.375
"270",0.0555555555555556,0.0555555555555556,0.166666666666667,0.178571428571429,0.375
"271",0.0333333333333333,0.115384615384615,0.0714285714285714,0.115384615384615,0.166666666666667
"272",0.115384615384615,0.0357142857142857,0.15,0.25,0.423076923076923
"273",0.227272727272727,0.05,0.205882352941176,0.277777777777778,0.375
"274",0.0555555555555556,0.125,0.382352941176471,0.346153846153846,NA
"275",0.115384615384615,0.05,0.357142857142857,0.166666666666667,0.4375
"276",0.0333333333333333,0.0714285714285714,0.346153846153846,0.05,0.3
"277",0.0416666666666667,0.166666666666667,0.291666666666667,0.291666666666667,0.277777777777778
"278",0.0416666666666667,0.0714285714285714,0.09375,0.136363636363636,0.15
"279",0.0333333333333333,0.0714285714285714,0.291666666666667,0.5,NA
"280",0.0454545454545455,0.0625,0.227272727272727,0.0555555555555556,0.55
"281",0.0833333333333333,0.09375,0.0714285714285714,0.227272727272727,0.5
"282",0.0416666666666667,0.21875,0.166666666666667,0.1875,0.1875
"283",0.192307692307692,0.05,0.166666666666667,0.125,0.15
"284",0.0454545454545455,0.05,0.136363636363636,0.3,0.125
"285",0.0454545454545455,0.138888888888889,0.166666666666667,0.0555555555555556,0.166666666666667
"286",0.03125,0.0833333333333333,0.0714285714285714,0.214285714285714,0.0625
"287",0.0714285714285714,0.0294117647058824,0.375,0.0454545454545455,0.625
"288",0.03125,0.0714285714285714,0.192307692307692,0.1875,0.214285714285714
"289",0.0333333333333333,0.131578947368421,0.277777777777778,0.227272727272727,NA
"290",0.15625,0.0555555555555556,0.277777777777778,0.208333333333333,0.611111111111111
"291",0.113636363636364,0.136363636363636,0.15,0.25,0.277777777777778
"292",0.0555555555555556,0.0714285714285714,0.15,0.21875,0.0555555555555556
"293",0.131578947368421,0.0555555555555556,0.0882352941176471,0.346153846153846,NA
"294",0.1,0.0714285714285714,0.107142857142857,0.125,0.35
"295",0.0416666666666667,0.0714285714285714,0.3,0.5,0.3125
"296",0.214285714285714,0.0384615384615385,0.236842105263158,0.178571428571429,NA
"297",0.05,0.05,0.15,0.0882352941176471,0.0555555555555556
"298",0.05,0.0416666666666667,0.642857142857143,0.0625,0.178571428571429
"299",0.125,0.0384615384615385,0.25,0.346153846153846,NA
"300",0.1,0.115384615384615,0.346153846153846,0.192307692307692,NA
"301",0.0416666666666667,0.0555555555555556,0.214285714285714,0.166666666666667,0.25
"302",0.0333333333333333,0.136363636363636,0.25,0.321428571428571,0.5
"303",0.0714285714285714,0.0555555555555556,0.25,0.28125,0.388888888888889
"304",0.0333333333333333,0.269230769230769,0.208333333333333,0.25,0.277777777777778
"305",0.0416666666666667,0.125,0.388888888888889,0.346153846153846,0.125
"306",0.1875,0.0625,0.35,0.25,0.227272727272727
"307",0.0416666666666667,0.357142857142857,0.15,0.0714285714285714,0.269230769230769
"308",0.0555555555555556,0.15,0.178571428571429,0.166666666666667,0.0625
"309",0.05,0.15,0.458333333333333,0.3125,0.233333333333333
"310",0.05,0.05,0.277777777777778,0.125,0.318181818181818
"311",0.0714285714285714,0.05,0.192307692307692,0.25,0.772727272727273
"312",0.0416666666666667,0.125,0.192307692307692,0.3,0.3125
"313",0.208333333333333,0.0714285714285714,0.318181818181818,0.15,0.25
"314",0.0714285714285714,0.05,0.233333333333333,0.15,0.3125
"315",0.0625,0.21875,0.15,0.423076923076923,0.388888888888889
"316",0.0384615384615385,0.0833333333333333,0.0555555555555556,0.21875,0.346153846153846
"317",0.125,0.115384615384615,0.166666666666667,0.269230769230769,NA
"318",0.0555555555555556,0.0714285714285714,0.323529411764706,0.346153846153846,0.277777777777778
"319",0.125,0.05,0.375,0.166666666666667,0.357142857142857
"320",0.25,0.277777777777778,0.25,0.55,0.321428571428571
"321",0.15,0.15,0.464285714285714,0.277777777777778,0.4375
"322",0.125,0.166666666666667,0.166666666666667,0.136363636363636,0.166666666666667
"323",0.05,0.107142857142857,0.35,0.0454545454545455,0.4375
"324",0.125,0.0555555555555556,0.34375,0.25,0.423076923076923
"325",0.0882352941176471,0.233333333333333,0.136363636363636,0.416666666666667,0.375
"326",0.0555555555555556,0.05,0.423076923076923,0.1875,0.0555555555555556
"327",0.0333333333333333,0.0714285714285714,0.0714285714285714,0.178571428571429,0.5
"328",0.0714285714285714,0.208333333333333,0.416666666666667,0.192307692307692,0.5
"329",0.0555555555555556,0.0416666666666667,0.25,0.291666666666667,0.625
"330",0.0714285714285714,0.125,0.25,0.269230769230769,0.5
"331",0.0357142857142857,0.0555555555555556,0.291666666666667,0.0555555555555556,0.45
"332",0.03125,0.0416666666666667,0.159090909090909,NA,NA
"333",0.0555555555555556,0.0555555555555556,0.21875,0.45,0.3125
"334",0.0277777777777778,0.136363636363636,0.321428571428571,0.0714285714285714,NA
"335",0.0714285714285714,0.166666666666667,0.136363636363636,0.15625,0.45
"336",0.0714285714285714,0.166666666666667,0.0833333333333333,0.722222222222222,0.5
"337",0.136363636363636,0.03125,0.35,0.1875,0.277777777777778
"338",0.0714285714285714,0.0384615384615385,0.305555555555556,0.208333333333333,0.0714285714285714
"339",NA,NA,NA,NA,NA
"340",0.05,0.1875,0.166666666666667,0.388888888888889,0.25
"341",0.0384615384615385,0.05,0.194444444444444,0.291666666666667,NA
"342",0.0277777777777778,0.107142857142857,0.269230769230769,0.45,NA
"343",0.0714285714285714,0.107142857142857,0.277777777777778,0.3125,0.366666666666667
"344",0.0416666666666667,0.0833333333333333,0.194444444444444,0.178571428571429,NA
"345",0.205882352941176,0.0555555555555556,0.136363636363636,0.0454545454545455,0.25
"346",0.0357142857142857,0.3,0.35,0.136363636363636,0.75
"347",0.147058823529412,0.166666666666667,0.136363636363636,0.3125,0.5
"348",0.192307692307692,0.15,0.269230769230769,0.45,0.208333333333333
"349",0.15625,0.0454545454545455,0.25,0.15,0.277777777777778
"350",0.0625,0.0454545454545455,0.45,0.357142857142857,0.208333333333333
"351",0.0416666666666667,0.0384615384615385,0.291666666666667,0.15,0.291666666666667
"352",0.0555555555555556,0.0625,0.318181818181818,0.321428571428571,0.5
"353",0.1,0.05,0.178571428571429,0.0714285714285714,0.4375
"354",0.0714285714285714,0.227272727272727,0.318181818181818,0.208333333333333,0.346153846153846
"355",0.0454545454545455,0.0714285714285714,0.3125,0.192307692307692,0.45
"356",0.0416666666666667,0.0555555555555556,0.208333333333333,0.0555555555555556,0.625
"357",0.0625,0.0714285714285714,0.3125,0.25,0.323529411764706
"358",0.0555555555555556,0.0454545454545455,0.15,0.0625,0.178571428571429
"359",0.0555555555555556,0.05,0.184210526315789,0.125,NA
"360",0.0625,0.05,0.192307692307692,0.15,0.25
"361",0.0384615384615385,0.15625,0.833333333333333,0.611111111111111,0.291666666666667
"362",0.15,0.0333333333333333,0.15,0.15,0.136363636363636
"363",0.05,0.136363636363636,0.138888888888889,0.0714285714285714,0.291666666666667
"364",0.15,0.05,0.138888888888889,0.416666666666667,0.607142857142857
"365",0.136363636363636,0.0416666666666667,0.233333333333333,0.35,0.388888888888889
"366",0.15,0.05,0.541666666666667,0.25,0.25
"367",0.0625,0.0454545454545455,0.0416666666666667,0.423076923076923,0.1
"368",0.0384615384615385,0.0294117647058824,0.107142857142857,0.15,NA
"369",0.0714285714285714,0.0555555555555556,0.289473684210526,0.388888888888889,0.277777777777778
"370",0.0833333333333333,0.0714285714285714,0.0555555555555556,0.277777777777778,0.464285714285714
"371",0.0714285714285714,0.125,0.357142857142857,0.375,0.321428571428571
"372",0.214285714285714,0.0714285714285714,0.5,0.192307692307692,0.291666666666667
"373",0.0714285714285714,0.0384615384615385,0.5,0.192307692307692,0.346153846153846
"374",0.0714285714285714,0.0384615384615385,0.25,0.25,0.55
"375",0.15,0.0454545454545455,0.05,0.1875,0.55
"376",0.0625,0.0454545454545455,0.166666666666667,0.264705882352941,0.7
"377",0.0555555555555556,0.0416666666666667,0.0789473684210526,0.0625,0.5625
"378",0.0416666666666667,0.0454545454545455,0.138888888888889,0.357142857142857,0.25
"379",0.09375,0.0714285714285714,0.233333333333333,0.3125,0.35
"380",0.0454545454545455,0.0416666666666667,0.1875,0.35,0.233333333333333
"381",0.208333333333333,0.15,0.323529411764706,0.416666666666667,0.1875
"382",0.0714285714285714,0.115384615384615,0.0714285714285714,0.34375,0.28125
"383",0.0555555555555556,0.0416666666666667,0.0555555555555556,0.25,0.388888888888889
"384",0.0333333333333333,0.0882352941176471,0.125,0.125,0.25
"385",0.108695652173913,0.125,0.277777777777778,0.5,NA
"386",0.0277777777777778,0.136363636363636,0.1875,0.1875,0.0833333333333333
"387",0.125,0.1,0.269230769230769,0.55,0.375
"388",0.0416666666666667,0.1,0.115384615384615,0.375,NA
"389",0.0555555555555556,0.166666666666667,0.318181818181818,0.318181818181818,0.0833333333333333
"390",0.107142857142857,0.0416666666666667,0.409090909090909,0.3125,0.214285714285714
"391",0.0625,0.0555555555555556,0.25,0.289473684210526,0.277777777777778
"392",0.1875,0.125,0.277777777777778,0.166666666666667,0.541666666666667
"393",0.166666666666667,0.233333333333333,0.15,0.21875,0.1
"394",0.0333333333333333,0.09375,0.05,0.107142857142857,NA
"395",0.125,0.0416666666666667,0.291666666666667,0.233333333333333,NA
"396",0.05,0.277777777777778,0.178571428571429,0.423076923076923,0.35
"397",0.233333333333333,0.0555555555555556,0.233333333333333,0.277777777777778,0.5
"398",0.125,0.0882352941176471,0.342105263157895,0.0625,NA
"399",0.1875,0.05,0.15,0.28125,0.291666666666667
"400",0.1,0.15,0.1,0.318181818181818,0.3
"401",0.0357142857142857,0.0555555555555556,0.0384615384615385,NA,NA
"402",0.0416666666666667,0.0555555555555556,0.205882352941176,0.0384615384615385,NA
"403",0.0555555555555556,0.0625,0.194444444444444,0.1,NA
"404",0.0714285714285714,0.0625,0.291666666666667,0.0555555555555556,0.464285714285714
"405",0.05,0.0454545454545455,0.166666666666667,0.458333333333333,0.291666666666667
"406",0.0384615384615385,0.136363636363636,0.166666666666667,0.136363636363636,0.1875
"407",0.166666666666667,0.291666666666667,0.136363636363636,0.208333333333333,0.409090909090909
"408",0.0625,0.0625,0.115384615384615,0.277777777777778,0.625
"409",0.136363636363636,0.0555555555555556,0.205882352941176,0.388888888888889,0.357142857142857
"410",0.136363636363636,0.0555555555555556,0.25,0.1,0.366666666666667
"411",0.0555555555555556,0.0714285714285714,0.375,0.25,0.277777777777778
"412",0.0714285714285714,0.05,0.26,0.3,NA
"413",0.06,0.0555555555555556,0.30952380952381,0.5,NA
"414",0.0416666666666667,0.25,0.194444444444444,0.269230769230769,NA
"415",0.0454545454545455,0.125,0.194444444444444,0.125,NA
"416",0.03125,0.0384615384615385,0.357142857142857,0.0625,0.277777777777778
"417",0.0416666666666667,0.0555555555555556,0.0714285714285714,0.0384615384615385,0.3
"418",0.05,0.107142857142857,0.541666666666667,0.388888888888889,0.7
"419",0.05,0.1,0.357142857142857,0.208333333333333,0.409090909090909
"420",0.166666666666667,0.136363636363636,0.166666666666667,0.4375,0.5
"421",0.115384615384615,0.115384615384615,0.208333333333333,0.166666666666667,0.25
"422",0.1875,0.0555555555555556,0.269230769230769,0.192307692307692,0.541666666666667
"423",0.0714285714285714,0.15,0.178571428571429,0.409090909090909,0.0714285714285714
"424",0.0454545454545455,0.0454545454545455,0.136363636363636,0.125,0.3125
"425",0.15,0.166666666666667,0.233333333333333,0.5,0.277777777777778
"426",0.0416666666666667,0.0833333333333333,0.166666666666667,0.305555555555556,0.409090909090909
"427",0.194444444444444,0.0454545454545455,0.3,0.35,NA
"428",0.0714285714285714,0.25,0.409090909090909,0.28125,0.05
"429",0.0416666666666667,0.05,0.3125,0.291666666666667,0.321428571428571
"430",0.125,0.115384615384615,0.208333333333333,0.227272727272727,NA
"431",0.1,0.136363636363636,0.15,0.125,0.291666666666667
"432",0.107142857142857,0.0555555555555556,0.125,0.25,0.5
"433",0.0454545454545455,0.138888888888889,0.28125,0.214285714285714,NA
"434",0.0625,0.115384615384615,0.28125,0.5,0.4375
"435",0.0625,0.166666666666667,0.25,0.205882352941176,0.458333333333333
"436",0.375,0.208333333333333,0.458333333333333,0.208333333333333,0.583333333333333
"437",0.15,0.0555555555555556,0.227272727272727,0.45,0.291666666666667
"438",0.208333333333333,0.3,0.227272727272727,0.318181818181818,0.233333333333333
"439",0.15,0.0555555555555556,0.5,0.166666666666667,0.5
"440",0.0416666666666667,0.0454545454545455,0.323529411764706,0.115384615384615,NA
"441",0.0454545454545455,0.03125,0.423076923076923,0.25,NA
"442",0.05,0.0555555555555556,0.318181818181818,0.0625,0.566666666666667
"443",0.09375,0.125,0.178571428571429,0.227272727272727,0.357142857142857
"444",0.0416666666666667,0.166666666666667,0.388888888888889,0.1875,0.464285714285714
"445",0.0625,0.0416666666666667,0.366666666666667,0.5,0.3125
"446",0.0555555555555556,0.166666666666667,0.21875,0.388888888888889,0.291666666666667
"447",0.0714285714285714,0.0555555555555556,0.166666666666667,0.0416666666666667,0.366666666666667
"448",0.0625,0.1,0.178571428571429,0.45,0.45
"449",0.05,0.227272727272727,0.166666666666667,0.136363636363636,0.458333333333333
"450",0.0416666666666667,0.0416666666666667,0.192307692307692,0.366666666666667,NA
"451",0.0454545454545455,0.147058823529412,0.583333333333333,0.318181818181818,0.357142857142857
"452",0.0384615384615385,0.1875,0.136363636363636,0.3125,0.5
"453",0.0454545454545455,0.0555555555555556,0.115384615384615,0.208333333333333,0.3125
"454",0.166666666666667,0.15625,0.25,0.382352941176471,NA
"455",0.05,0.25,0.25,0.0416666666666667,0.35
"456",0.03125,0.09375,0.388888888888889,0.214285714285714,0.3125
"457",0.0714285714285714,0.192307692307692,0.392857142857143,0.3125,0.277777777777778
"458",0.0416666666666667,0.277777777777778,0.205882352941176,0.166666666666667,0.388888888888889
"459",0.0625,0.0555555555555556,0.136363636363636,0.166666666666667,0.5
"460",0.05,0.0555555555555556,0.125,0.458333333333333,0.388888888888889
"461",0.0555555555555556,0.15,0.227272727272727,0.269230769230769,0.208333333333333
"462",0.0384615384615385,0.107142857142857,0.227272727272727,0.125,0.269230769230769
"463",0.125,0.0714285714285714,0.178571428571429,0.4375,0.633333333333333
"464",0.0714285714285714,0.0555555555555556,0.136363636363636,0.107142857142857,0.346153846153846
"465",0.166666666666667,0.0714285714285714,0.115384615384615,0.166666666666667,0.227272727272727
"466",0.09375,0.0333333333333333,0.15,0.388888888888889,0.541666666666667
"467",0.1,0.05,0.0555555555555556,0.318181818181818,0.1875
"468",0.05,0.15,0.375,0.125,0.388888888888889
"469",0.115384615384615,0.0357142857142857,0.375,0.423076923076923,NA
"470",0.107142857142857,0.0416666666666667,0.1875,0.291666666666667,0.5
"471",0.108695652173913,0.152173913043478,0.416666666666667,NA,NA
"472",0.0714285714285714,0.05,0.291666666666667,0.178571428571429,0.291666666666667
"473",0.05,0.227272727272727,0.125,0.136363636363636,0.611111111111111
"474",0.166666666666667,0.15,0.166666666666667,0.178571428571429,0.55
"475",0.0555555555555556,0.0384615384615385,0.375,0.192307692307692,0.5625
"476",0.5,0.21875,0.15,0.35,0.269230769230769
"477",0.0454545454545455,0.0384615384615385,0.0714285714285714,0.318181818181818,0.357142857142857
"478",0.166666666666667,0.0384615384615385,0.388888888888889,0.184210526315789,0.35
"479",0.03125,0.0416666666666667,0.05,0.0625,0.3125
"480",0.125,0.05,0.25,0.318181818181818,NA
"481",0.05,0.0555555555555556,0.166666666666667,0.277777777777778,0.346153846153846
"482",0.0416666666666667,0.0555555555555556,0.346153846153846,0.291666666666667,0.25
"483",0.0454545454545455,0.1,0.46875,0.3125,0.416666666666667
"484",0.05,0.175,0.3125,0.357142857142857,0.5
"485",0.0714285714285714,0.291666666666667,0.236842105263158,0.35,0.5
"486",0.0416666666666667,0.115384615384615,0.25,0.0714285714285714,0.4375
"487",0.0416666666666667,0.0555555555555556,0.318181818181818,0.125,0.3125
"488",0.0714285714285714,0.1875,0.233333333333333,0.291666666666667,0.375
"489",0.166666666666667,0.0416666666666667,0.136363636363636,0.3125,0.3125
"490",0.0454545454545455,0.0555555555555556,0.227272727272727,0.357142857142857,0.409090909090909
"491",0.0416666666666667,0.0555555555555556,0.05,0.115384615384615,0.3125
"492",0.03125,0.05,0.458333333333333,0.346153846153846,NA
"493",0.0333333333333333,0.0416666666666667,0.136363636363636,0.4375,0.25
"494",0.0384615384615385,0.0714285714285714,0.35,0.208333333333333,0.5
"495",0.136363636363636,0.0555555555555556,0.25,0.34375,0.388888888888889
"496",0.05,0.175,0.464285714285714,0.214285714285714,NA
"497",0.1,0.0454545454545455,0.15,0.208333333333333,0.1
"498",0.0555555555555556,0.0357142857142857,0.25,0.388888888888889,0.458333333333333
"499",0.09375,0.0625,0.346153846153846,0.15,0.5
"500",0.0454545454545455,0.125,0.0714285714285714,0.269230769230769,0.5
"501",0.0714285714285714,0.0714285714285714,0.472222222222222,0.0555555555555556,0.409090909090909
"502",0.136363636363636,0.05,0.194444444444444,0.136363636363636,NA
"503",0.125,0.184210526315789,0.34375,0.35,NA
"504",0.0333333333333333,0.214285714285714,0.5,0.227272727272727,0.45
"505",0.136363636363636,0.192307692307692,0.236842105263158,0.25,0.833333333333333
"506",0.0555555555555556,0.0625,0.05,0.25,0.25
"507",0.0357142857142857,0.166666666666667,0.225,0.291666666666667,NA
"508",0.25,0.09375,0.15,0.375,0.40625
"509",0.192307692307692,0.0555555555555556,0.107142857142857,0.25,0.4375
"510",0.05,0.05,0.25,0.15,0.388888888888889
"511",0.0625,0.166666666666667,0.227272727272727,0.1875,0.5
"512",0.119047619047619,0.0384615384615385,0.346153846153846,0.3,NA
"513",0.0555555555555556,0.115384615384615,0.25,0.3125,0.5
"514",0.0357142857142857,0.291666666666667,0.409090909090909,0.5,0.5
"515",0.0789473684210526,0.25,0.357142857142857,0.382352941176471,0.4375
"516",0.1,0.0714285714285714,0.166666666666667,0.366666666666667,NA
"517",0.0625,0.0555555555555556,0.346153846153846,0.214285714285714,0.423076923076923
"518",0.214285714285714,0.0238095238095238,0.125,0.269230769230769,0.4375
"519",0.0555555555555556,0.05,0.1,0.25,0.318181818181818
"520",0.125,0.125,0.321428571428571,0.1,NA
"521",0.03125,0.0454545454545455,0.25,0.611111111111111,0.4375
"522",0.0416666666666667,0.0384615384615385,0.1,0.125,0.4375
"523",0.0555555555555556,0.0625,0.5625,0.0454545454545455,0.291666666666667
"524",0.05,0.0714285714285714,0.166666666666667,0.178571428571429,0.3125
"525",0.0714285714285714,0.115384615384615,0.125,0.0416666666666667,0.590909090909091
"526",0.0454545454545455,0.0681818181818182,0.392857142857143,0.25,NA
"527",0.0833333333333333,0.125,0.0555555555555556,0.227272727272727,0.388888888888889
"528",0.15,0.194444444444444,0.125,0.1,0.25
"529",0.0384615384615385,0.0833333333333333,0.25,0.25,0.346153846153846
"530",0.05,0.0555555555555556,0.291666666666667,0.318181818181818,0.55
"531",0.0384615384615385,0.136363636363636,0.25,0.25,NA
"532",0.1,0.05,0.269230769230769,0.409090909090909,0.576923076923077
"533",0.0384615384615385,0.0625,0.178571428571429,0.0555555555555556,0.375
"534",0.05,0.0416666666666667,0.5,0.208333333333333,0.4375
"535",0.0555555555555556,0.0263157894736842,0.388888888888889,0.136363636363636,0.166666666666667
"536",0.0555555555555556,0.277777777777778,0.388888888888889,0.291666666666667,0.5
"537",0.0357142857142857,0.194444444444444,0.214285714285714,0.5625,0.5
"538",0.05,0.277777777777778,0.28125,0.205882352941176,NA
"539",0.0384615384615385,0.1875,0.321428571428571,0.0454545454545455,0.277777777777778
"540",0.136363636363636,0.1,0.25,0.208333333333333,0.35
"541",0.0625,0.0454545454545455,0.25,0.318181818181818,0.458333333333333
"542",0.05,0.166666666666667,0.131578947368421,0.3125,NA
"543",0.05,0.0416666666666667,0.15,0.375,0.590909090909091
"544",0.1875,0.136363636363636,0.3,0.0714285714285714,0.227272727272727
"545",0.0714285714285714,0.0625,0.318181818181818,0.375,0.5
"546",0.0555555555555556,0.0555555555555556,0.409090909090909,0.4375,0.178571428571429
"547",0.125,0.0833333333333333,0.375,0.0714285714285714,0.388888888888889
"548",0.0416666666666667,0.0555555555555556,0.0625,0.3,0.15
"549",0.0357142857142857,0.0555555555555556,0.227272727272727,0.227272727272727,0.416666666666667
"550",0.125,0.166666666666667,0.107142857142857,0.388888888888889,0.346153846153846
"551",NA,NA,NA,NA,NA
"552",0.0555555555555556,0.178571428571429,0.1875,0.25,0.409090909090909
"553",0.0714285714285714,0.0555555555555556,0.3,0.147058823529412,0.25
"554",0.0333333333333333,0.0357142857142857,0.269230769230769,0.291666666666667,NA
"555",0.136363636363636,0.0714285714285714,0.264705882352941,0.166666666666667,0.583333333333333
"556",0.15,0.0416666666666667,0.35,0.5,0.227272727272727
"557",0.0714285714285714,0.178571428571429,0.464285714285714,0.09375,NA
"558",0.03125,0.1,0.366666666666667,NA,NA
"559",0.0384615384615385,0.0625,0.115384615384615,0.375,0.583333333333333
"560",0.178571428571429,0.05,0.342105263157895,0.1875,NA
"561",0.0833333333333333,0.1875,0.277777777777778,0.277777777777778,0.277777777777778
"562",0.15625,0.0416666666666667,0.233333333333333,0.166666666666667,NA
"563",0.0454545454545455,0.15,0.136363636363636,0.409090909090909,0.0625
"564",0.0454545454545455,0.0714285714285714,0.423076923076923,0.0555555555555556,0.291666666666667
"565",0.0714285714285714,0.03125,0.0833333333333333,0.305555555555556,0.357142857142857
"566",0.0416666666666667,0.107142857142857,0.233333333333333,0.0555555555555556,0.5
"567",0.0714285714285714,0.0555555555555556,0.184210526315789,0.3,0.0714285714285714
"568",0.0454545454545455,0.194444444444444,0.0384615384615385,0.269230769230769,NA
"569",0.0833333333333333,0.1,0.366666666666667,0.125,0.318181818181818
"570",0.05,0.0625,0.227272727272727,0.318181818181818,0.277777777777778
"571",0.0882352941176471,0.05,0.357142857142857,0.291666666666667,0.15
"572",0.15,0.15,0.25,0.115384615384615,0.375
"573",0.0357142857142857,0.0454545454545455,0.1,0.45,0.416666666666667
"574",0.0416666666666667,0.0714285714285714,0.166666666666667,0.15,0.291666666666667
"575",0.125,0.0555555555555556,0.277777777777778,0.21875,0.583333333333333
"576",0.0714285714285714,0.0384615384615385,0.214285714285714,0.423076923076923,0.125
"577",0.0416666666666667,0.0454545454545455,0.3,0.0714285714285714,0.277777777777778
"578",0.0714285714285714,0.115384615384615,0.25,0.277777777777778,0.5
"579",0.0555555555555556,0.0416666666666667,0.115384615384615,0.125,0.166666666666667
"580",0.0555555555555556,0.0416666666666667,0.21875,NA,NA
"581",0.115384615384615,0.0625,0.178571428571429,0.192307692307692,NA
"582",0.05,0.05,0.318181818181818,0.192307692307692,0.5
"583",0.136363636363636,0.115384615384615,0.0625,0.416666666666667,0.28125
"584",0.0625,0.1,0.166666666666667,0.227272727272727,0.277777777777778
"585",0.0416666666666667,0.0625,0.227272727272727,0.318181818181818,0.416666666666667
"586",0.291666666666667,0.05,0.25,0.5,0.277777777777778
"587",0.15,0.15,0.178571428571429,0.136363636363636,0.192307692307692
"588",0.107142857142857,0.0833333333333333,0.5,NA,NA
"589",0.0454545454545455,0.15625,0.0714285714285714,0.346153846153846,0.35
"590",0.0555555555555556,0.0882352941176471,0.3125,0.3125,0.5
"591",0.0714285714285714,0.0454545454545455,0.0555555555555556,0.342105263157895,0.277777777777778
"592",0.0454545454545455,0.05,0.318181818181818,0.1875,0.25
"593",0.0555555555555556,0.1875,0.1875,0.366666666666667,0.323529411764706
"594",0.1,0.136363636363636,0.289473684210526,0.0833333333333333,NA
"595",0.0714285714285714,0.178571428571429,0.178571428571429,0.25,0.5
"596",0.0384615384615385,0.0714285714285714,0.269230769230769,0.269230769230769,0.55
"597",0.0714285714285714,0.194444444444444,0.05,0.115384615384615,0.3
"598",0.15,0.0833333333333333,0.269230769230769,0.55,0.5
"599",0.05,0.0454545454545455,0.192307692307692,0.192307692307692,0.5
"600",0.0555555555555556,0.0555555555555556,0.375,0.3,0.291666666666667
"601",0.05,0.09375,0.227272727272727,0.321428571428571,NA
"602",0.0416666666666667,0.1875,0.178571428571429,0.357142857142857,0.55
"603",0.0555555555555556,0.09375,0.178571428571429,0.15,0.4375
"604",0.0555555555555556,0.0454545454545455,0.227272727272727,0.375,0.3125
"605",0.1,0.25,0.0714285714285714,0.208333333333333,0.3125
"606",0.136363636363636,0.0625,0.1,0.125,0.388888888888889
"607",0.125,0.15,0.0555555555555556,0.178571428571429,0.45
"608",0.0833333333333333,0.136363636363636,0.166666666666667,0.15,0.357142857142857
"609",0.0555555555555556,0.15,0.15625,0.208333333333333,0.5625
"610",0.05,0.0277777777777778,0.0625,0.208333333333333,0.5
"611",0.05,0.1,0.34375,0.269230769230769,0.214285714285714
"612",0.0555555555555556,0.0714285714285714,0.40625,0.289473684210526,NA
"613",0.05,0.147058823529412,0.269230769230769,0.3125,0.5
"614",0.115384615384615,0.136363636363636,0.05,0.323529411764706,0.4375
"615",0.0384615384615385,0.166666666666667,0.458333333333333,0.192307692307692,0.388888888888889
"616",0.05,0.0416666666666667,0.264705882352941,0.357142857142857,NA
"617",0.05,0.0454545454545455,0.178571428571429,0.25,0.45
"618",0.0625,0.03125,0.366666666666667,0.15,0.5
"619",0.0384615384615385,0.214285714285714,0.233333333333333,0.4375,0.321428571428571
"620",0.0833333333333333,0.107142857142857,0.357142857142857,0.208333333333333,0.5
"621",0.166666666666667,0.0555555555555556,0.442307692307692,0.15,NA
"622",0.15,0.115384615384615,0.375,0.1,0.166666666666667
"623",0.1875,0.0714285714285714,0.166666666666667,0.346153846153846,0.375
"624",0.1,0.0625,0.35,0.178571428571429,0.75
"625",0.0384615384615385,0.0454545454545455,0.1875,0.05,0.321428571428571
"626",0.0357142857142857,0.136363636363636,0.0714285714285714,0.318181818181818,0.25
"627",0.0277777777777778,0.147058823529412,0.178571428571429,NA,NA
"628",0.0416666666666667,0.233333333333333,0.5625,0.346153846153846,0.388888888888889
"629",0.125,0.1,0.166666666666667,NA,NA
"630",0.0833333333333333,0.0454545454545455,0.35,0.25,0.566666666666667
"631",0.0384615384615385,0.136363636363636,0.192307692307692,0.3125,0.409090909090909
"632",0.0714285714285714,0.0625,0.227272727272727,0.194444444444444,0.3125
"633",0.166666666666667,0.0714285714285714,0.264705882352941,0.5,0.416666666666667
"634",0.15,0.0625,0.375,0.1875,0.21875
"635",0.0625,0.0555555555555556,0.28125,0.05,0.409090909090909
"636",0.15,0.0555555555555556,0.125,0.0714285714285714,0.178571428571429
"637",0.0714285714285714,0.0714285714285714,0.125,0.291666666666667,0.325
"638",0.166666666666667,0.0333333333333333,0.0714285714285714,0.166666666666667,0.321428571428571
"639",0.1,0.1875,0.0555555555555556,0.0416666666666667,0.458333333333333
"640",0.25,0.15625,0.346153846153846,0.227272727272727,0.5
"641",0.136363636363636,0.0625,0.178571428571429,0.115384615384615,NA
"642",0.107142857142857,0.0454545454545455,0.346153846153846,0.15625,NA
"643",0.05,0.0384615384615385,0.15,0.388888888888889,0.5
"644",0.15625,0.107142857142857,0.208333333333333,0.541666666666667,NA
"645",0.0357142857142857,0.125,0.208333333333333,0.1,0.409090909090909
"646",0.0384615384615385,0.0625,0.233333333333333,0.25,0.75
"647",0.115384615384615,0.0357142857142857,0.0714285714285714,0.0714285714285714,0.423076923076923
"648",0.0277777777777778,0.0454545454545455,0.269230769230769,0.0555555555555556,NA
"649",0.277777777777778,0.0416666666666667,0.125,0.0714285714285714,0.535714285714286
"650",0.0357142857142857,0.0294117647058824,0.583333333333333,0.25,NA
"651",0.0714285714285714,0.107142857142857,0.0625,0.166666666666667,0.166666666666667
"652",0.1,0.0384615384615385,0.269230769230769,0.277777777777778,0.75
"653",0.227272727272727,0.0625,0.3125,0.375,0.205882352941176
"654",0.208333333333333,0.05,0.192307692307692,0.318181818181818,0.75
"655",0.0833333333333333,0.0384615384615385,0.15,0.458333333333333,0.458333333333333
"656",0.0555555555555556,0.166666666666667,0.346153846153846,0.375,0.409090909090909
"657",0.318181818181818,0.0384615384615385,0.269230769230769,0.0714285714285714,0.45
"658",0.291666666666667,0.0625,0.346153846153846,0.15,0.214285714285714
"659",0.0625,0.0555555555555556,0.269230769230769,0.227272727272727,0.25
"660",0.233333333333333,0.227272727272727,0.394736842105263,0.0714285714285714,NA
"661",0.125,0.0714285714285714,0.233333333333333,0.227272727272727,0.346153846153846
"662",0.125,0.0714285714285714,0.192307692307692,0.1875,0.409090909090909
"663",0.05,0.0454545454545455,0.326923076923077,0.625,NA
"664",0.1,0.0384615384615385,0.159090909090909,0.0555555555555556,0.5
"665",0.05,0.15,0.125,0.409090909090909,0.291666666666667
"666",0.05,0.0714285714285714,0.227272727272727,0.192307692307692,0.291666666666667
"667",0.269230769230769,0.277777777777778,0.388888888888889,0.3125,0.388888888888889
"668",0.0882352941176471,0.0714285714285714,0.3,0.192307692307692,0.5
"669",0.05,0.233333333333333,0.15,0.05,0.722222222222222
"670",0.03125,0.0416666666666667,0.166666666666667,0.409090909090909,0.318181818181818
"671",0.0555555555555556,0.0357142857142857,0.25,0.208333333333333,0.409090909090909
"672",0.05,0.15,0.291666666666667,0.0625,0.346153846153846
"673",0.0555555555555556,0.1875,0.25,0.1875,0.458333333333333
"674",0.0714285714285714,0.136363636363636,0.192307692307692,0.394736842105263,0.45
"675",0.0714285714285714,0.0625,0.115384615384615,0.107142857142857,0.318181818181818
"676",0.147058823529412,0.0454545454545455,0.25,0.3125,NA
"677",0.05,0.166666666666667,0.136363636363636,0.35,0.464285714285714
"678",0.0416666666666667,0.0333333333333333,0.318181818181818,0.0833333333333333,0.5625
"679",0.0416666666666667,0.0625,0.558823529411765,0.0714285714285714,0.388888888888889
"680",0.0555555555555556,0.05,0.21875,0.15,0.4375
"681",NA,NA,NA,NA,NA
"682",0.0555555555555556,0.0416666666666667,0.227272727272727,0.25,0.277777777777778
"683",0.15625,0.0625,0.1875,0.5,NA
"684",0.03125,0.09375,0.5,0.15,0.166666666666667
"685",0.0714285714285714,0.0454545454545455,0.0625,0.305555555555556,0.269230769230769
"686",0.0625,0.0714285714285714,0.607142857142857,0.318181818181818,0.611111111111111
"687",0.09375,0.0454545454545455,0.09375,0.388888888888889,NA
"688",0.0714285714285714,0.0454545454545455,0.264705882352941,0.375,0.5
"689",0.125,0.0555555555555556,0.291666666666667,0.1875,0.3125
"690",0.115384615384615,0.166666666666667,0.178571428571429,0.3,0.55
"691",0.1,0.147058823529412,0.5,0.227272727272727,0.291666666666667
"692",0.03125,0.09375,0.194444444444444,NA,NA
"693",0.208333333333333,0.208333333333333,0.136363636363636,0.318181818181818,0.277777777777778
"694",0.136363636363636,0.125,0.291666666666667,0.05,0.214285714285714
"695",0.0625,0.0416666666666667,0.166666666666667,0.25,0.5
"696",0.208333333333333,0.107142857142857,0.3125,0.05,0.375
"697",0.09375,0.09375,0.107142857142857,0.55,NA
"698",0.09375,0.15,0.277777777777778,0.125,0.4375
"699",0.0384615384615385,0.0384615384615385,0.26,NA,NA
"700",0.115384615384615,0.0833333333333333,0.1,0.357142857142857,0.607142857142857
"701",0.05,0.107142857142857,0.15,0.35,0.416666666666667
"702",0.0454545454545455,0.107142857142857,0.233333333333333,0.388888888888889,0.0833333333333333
"703",0.0714285714285714,0.25,0.366666666666667,0.318181818181818,0.227272727272727
"704",0.0416666666666667,0.0714285714285714,0.35,0.136363636363636,0.269230769230769
"705",0.0555555555555556,0.0714285714285714,0.233333333333333,0.166666666666667,0.423076923076923
"706",0.0714285714285714,0.0384615384615385,0.227272727272727,0.3125,0.607142857142857
"707",0.136363636363636,0.208333333333333,0.25,0.227272727272727,0.583333333333333
"708",0.0294117647058824,0.15,0.0384615384615385,0.1875,0.3
"709",0.0555555555555556,0.125,0.233333333333333,0.136363636363636,0.785714285714286
"710",0.15,0.0714285714285714,0.34375,0.166666666666667,0.45
"711",0.0384615384615385,0.0454545454545455,0.204545454545455,0.5,0.833333333333333
"712",0.0555555555555556,0.192307692307692,0.1875,0.178571428571429,0.25
"713",0.0357142857142857,0.0555555555555556,0.115384615384615,0.28125,0.25
"714",0.125,0.115384615384615,0.291666666666667,0.357142857142857,0.5
"715",0.05,0.214285714285714,0.107142857142857,0.277777777777778,0.318181818181818
"716",0.0416666666666667,0.107142857142857,0.115384615384615,0.4375,0.642857142857143
"717",0.15,0.0625,0.0416666666666667,0.25,0.0416666666666667
"718",0.1875,0.05,0.192307692307692,0.136363636363636,0.357142857142857
"719",0.0625,0.291666666666667,0.192307692307692,0.3125,0.25
"720",0.05,0.208333333333333,0.392857142857143,0.45,0.6875
"721",0.375,0.166666666666667,0.366666666666667,0.208333333333333,0.458333333333333
"722",0.0882352941176471,0.05,0.1,0.15,NA
"723",0.0714285714285714,0.0454545454545455,0.291666666666667,0.269230769230769,0.464285714285714
"724",0.0416666666666667,0.0454545454545455,0.472222222222222,0.291666666666667,0.166666666666667
"725",0.0625,0.152173913043478,0.21875,0.3,NA
"726",0.0714285714285714,0.0416666666666667,0.269230769230769,0.208333333333333,0.357142857142857
"727",0.09375,0.115384615384615,0.305555555555556,0.3,NA
"728",0.0555555555555556,0.166666666666667,0.0416666666666667,0.233333333333333,0.357142857142857
"729",0.178571428571429,0.0555555555555556,0.25,0.15,0.35
"730",0.214285714285714,0.1,0.147058823529412,0.357142857142857,0.3125
"731",0.166666666666667,0.136363636363636,0.0714285714285714,0.0416666666666667,0.541666666666667
"732",0.0714285714285714,0.075,0.107142857142857,0.125,NA
"733",0.205882352941176,0.05,0.375,0.5,0.1875
"734",0.0652173913043478,0.05,0.264705882352941,0.25,NA
"735",0.0384615384615385,0.15,0.25,0.5,0.382352941176471
"736",0.0714285714285714,0.05,0.346153846153846,0.45,0.388888888888889
"737",0.0714285714285714,0.09375,0.441176470588235,0.136363636363636,0.1875
"738",0.0714285714285714,0.0555555555555556,0.264705882352941,0.3125,0.35
"739",0.15,0.125,0.321428571428571,0.227272727272727,0.25
"740",0.0416666666666667,0.178571428571429,0.214285714285714,0.5,0.208333333333333
"741",0.0833333333333333,0.03125,0.25,0.166666666666667,0.5
"742",0.0714285714285714,0.0625,0.166666666666667,0.15,0.321428571428571
"743",0.0625,0.0625,0.264705882352941,0.192307692307692,0.5
"744",0.05,0.166666666666667,0.115384615384615,0.366666666666667,NA
"745",0.05,0.125,0.291666666666667,0.15,0.423076923076923
"746",0.0555555555555556,0.05,0.25,0.318181818181818,0.208333333333333
"747",0.175,0.05,0.45,0.3,NA
"748",0.0555555555555556,0.269230769230769,0.208333333333333,0.28125,0.25
"749",0.1875,0.0714285714285714,0.233333333333333,0.136363636363636,0.35
"750",0.166666666666667,0.0714285714285714,0.1,0.05,0.388888888888889
"751",0.0625,0.166666666666667,0.458333333333333,0.423076923076923,0.15
"752",0.0384615384615385,0.192307692307692,0.25,0.0625,0.25
"753",0.05,0.0357142857142857,0.192307692307692,0.214285714285714,0.25
"754",0.0714285714285714,0.1,0.3125,0.1875,0.45
"755",0.0714285714285714,0.0357142857142857,0.25,0.0555555555555556,0.115384615384615
"756",0.0454545454545455,0.25,0.366666666666667,0.178571428571429,0.277777777777778
"757",0.05,0.05,0.192307692307692,0.136363636363636,0.25
"758",0.119047619047619,0.05,0.28125,NA,NA
"759",0.0555555555555556,0.107142857142857,0.291666666666667,0.136363636363636,0.611111111111111
"760",0.0625,0.0714285714285714,0.321428571428571,0.1,0.388888888888889
"761",0.0833333333333333,0.3125,0.15625,0.35,NA
"762",0.1,0.1875,0.388888888888889,0.0625,0.35
"763",0.05,0.05,0.166666666666667,0.0416666666666667,0.45
"764",0.0714285714285714,0.0333333333333333,0.0555555555555556,0.357142857142857,0.366666666666667
"765",0.107142857142857,0.136363636363636,0.291666666666667,0.15,0.7
"766",0.0714285714285714,0.115384615384615,0.25,0.136363636363636,0.35
"767",0.05,0.192307692307692,0.225,0.3125,0.416666666666667
"768",0.0384615384615385,0.125,0.366666666666667,0.233333333333333,NA
"769",0.0714285714285714,0.125,0.323529411764706,0.0454545454545455,0.0555555555555556
"770",0.1875,0.0555555555555556,0.15625,0.25,0.277777777777778
"771",0.0555555555555556,0.178571428571429,0.357142857142857,0.3,0.45
"772",0.0714285714285714,0.1875,0.291666666666667,0.0555555555555556,0.346153846153846
"773",0.0454545454545455,0.0625,0.0416666666666667,0.269230769230769,0.708333333333333
"774",0.0625,0.25,0.25,0.0882352941176471,0.392857142857143
"775",0.0555555555555556,0.0454545454545455,0.115384615384615,0.5,0.5
"776",0.1875,0.0714285714285714,0.136363636363636,0.35,0.366666666666667
"777",0.0714285714285714,0.0625,0.291666666666667,0.125,0.625
"778",0.05,0.0625,0.205882352941176,0.3125,0.25
"779",0.0384615384615385,0.0454545454545455,0.05,0.25,0.318181818181818
"780",0.0555555555555556,0.0384615384615385,0.0555555555555556,0.269230769230769,0.136363636363636
"781",0.0882352941176471,0.0454545454545455,0.233333333333333,0.55,NA
"782",0.113636363636364,0.119047619047619,0.25,NA,NA
"783",0.1875,0.277777777777778,0.208333333333333,0.233333333333333,0.625
"784",0.05,0.125,0.0454545454545455,0.227272727272727,0.388888888888889
"785",0.0833333333333333,0.15,0.269230769230769,0.0714285714285714,0.409090909090909
"786",0.0833333333333333,0.125,0.45,0.264705882352941,0.45
"787",0.05,0.1,0.192307692307692,0.214285714285714,0.1875
"788",NA,NA,NA,NA,NA
"789",0.0714285714285714,0.1,0.125,0.0714285714285714,0.404761904761905
"790",0.1,0.35,0.269230769230769,0.269230769230769,0.416666666666667
"791",0.15,0.0625,0.125,0.25,0.5
"792",0.03125,0.0416666666666667,0.192307692307692,0.115384615384615,0.0714285714285714
"793",0.0714285714285714,0.0714285714285714,0.35,0.21875,0.136363636363636
"794",0.0625,0.166666666666667,0.227272727272727,0.192307692307692,0.208333333333333
"795",0.25,0.0714285714285714,0.0555555555555556,0.166666666666667,0.346153846153846
"796",0.0555555555555556,0.0555555555555556,0.433333333333333,0.269230769230769,0.45
"797",0.125,0.0714285714285714,0.178571428571429,0.25,0.5
"798",0.125,0.0625,0.346153846153846,0.25,0.45
"799",0.0416666666666667,0.0625,0.277777777777778,0.166666666666667,0.318181818181818
"800",0.0416666666666667,0.166666666666667,0.392857142857143,0.05,0.208333333333333
"801",0.0333333333333333,0.0625,0.3,0.0833333333333333,0.625
"802",0.0333333333333333,0.0384615384615385,0.346153846153846,0.0714285714285714,NA
"803",0.166666666666667,0.0714285714285714,0.291666666666667,0.166666666666667,0.375
"804",0.0416666666666667,0.166666666666667,0.192307692307692,0.277777777777778,0.35
"805",0.35,0.25,0.346153846153846,0.5625,0.1
"806",0.05,0.1,0.0555555555555556,0.09375,0.3125
"807",0.05,0.0714285714285714,0.178571428571429,0.05,0.392857142857143
"808",0.0416666666666667,0.0333333333333333,0.28125,0.409090909090909,NA
"809",0.0714285714285714,0.0454545454545455,0.25,0.25,0.269230769230769
"810",0.125,0.05,0.136363636363636,0.05,0.269230769230769
"811",0.291666666666667,0.166666666666667,0.277777777777778,0.192307692307692,NA
"812",0.0357142857142857,0.0714285714285714,0.409090909090909,0.192307692307692,0.388888888888889
"813",0.0714285714285714,0.136363636363636,0.227272727272727,0.15,0.464285714285714
"814",0.05,0.147058823529412,0.0789473684210526,0.0625,NA
"815",0.0555555555555556,0.1,0.388888888888889,0.15,0.227272727272727
"816",0.0789473684210526,0.125,0.208333333333333,NA,NA
"817",0.0454545454545455,0.115384615384615,0.1875,0.416666666666667,0.535714285714286
"818",0.25,0.0416666666666667,0.346153846153846,0.136363636363636,0.318181818181818
"819",0.115384615384615,0.0357142857142857,0.464285714285714,0.192307692307692,NA
"820",0.277777777777778,0.15,0.3,0.208333333333333,0.464285714285714
"821",0.0714285714285714,0.107142857142857,0.184210526315789,0.1875,0.357142857142857
"822",0.0714285714285714,0.107142857142857,0.0357142857142857,0.15,0.25
"823",NA,NA,NA,NA,NA
"824",0.0714285714285714,0.1,0.388888888888889,0.375,0.227272727272727
"825",0.0454545454545455,0.35,0.166666666666667,0.0714285714285714,0.321428571428571
"826",0.0625,0.0714285714285714,0.194444444444444,NA,NA
"827",0.0714285714285714,0.0454545454545455,0.208333333333333,0.115384615384615,0.5
"828",0.0416666666666667,0.05,0.145833333333333,0.0625,NA
"829",0.166666666666667,0.0555555555555556,0.269230769230769,0.107142857142857,0.5
"830",0.134615384615385,0.05,0.1,NA,NA
"831",0.09375,0.125,0.227272727272727,0.0714285714285714,NA
"832",0.166666666666667,0.0882352941176471,0.357142857142857,0.233333333333333,0.5
"833",0.05,0.1875,0.178571428571429,0.4375,0.366666666666667
"834",0.125,0.0555555555555556,0.107142857142857,0.0833333333333333,0.375
"835",0.0416666666666667,0.0714285714285714,0.392857142857143,0.208333333333333,0.5
"836",0.0555555555555556,0.107142857142857,0.291666666666667,0.277777777777778,0.5625
"837",0.05,0.115384615384615,0.261904761904762,0.277777777777778,NA
"838",0.107142857142857,0.208333333333333,0.15,0.15,0.25
"839",0.0333333333333333,0.0625,0.166666666666667,0.0625,0.277777777777778
"840",0.0833333333333333,0.107142857142857,0.35,0.75,0.464285714285714
"841",0.0454545454545455,0.166666666666667,0.178571428571429,0.0555555555555556,0.433333333333333
"842",0.145833333333333,0.1,0.583333333333333,0.125,0.416666666666667
"843",0.0555555555555556,0.147058823529412,0.05,0.55,0.214285714285714
"844",0.0384615384615385,0.0384615384615385,0.136363636363636,0.25,0.5
"845",0.125,0.0454545454545455,0.375,0.0357142857142857,0.125
"846",0.0416666666666667,0.166666666666667,0.3,NA,NA
"847",0.178571428571429,0.0555555555555556,0.34375,0.0625,0.416666666666667
"848",0.0384615384615385,0.0384615384615385,0.166666666666667,0.05,0.388888888888889
"849",0.0454545454545455,0.166666666666667,0.115384615384615,0.357142857142857,0.269230769230769
"850",0.0714285714285714,0.208333333333333,0.25,0.166666666666667,0.277777777777778
"851",0.115384615384615,0.115384615384615,0.107142857142857,0.291666666666667,NA
"852",0.0714285714285714,0.192307692307692,0.136363636363636,0.192307692307692,0.277777777777778
"853",0.233333333333333,0.05,0.30952380952381,0.0416666666666667,NA
"854",0.0714285714285714,0.0416666666666667,0.178571428571429,0.136363636363636,0.5
"855",0.0789473684210526,0.0555555555555556,0.409090909090909,0.291666666666667,NA
"856",0.05,0.166666666666667,0.342105263157895,NA,NA
"857",0.09375,0.136363636363636,0.346153846153846,0.277777777777778,0.277777777777778
"858",0.0714285714285714,0.136363636363636,0.53125,0.318181818181818,0.277777777777778
"859",0.0333333333333333,0.0416666666666667,0.45,0.0454545454545455,0.0714285714285714
"860",0.05,0.0625,0.25,0.5,0.375
"861",0.107142857142857,0.125,0.166666666666667,0.25,0.388888888888889
"862",0.0277777777777778,0.0384615384615385,0.305555555555556,0.375,0.3
"863",0.1875,0.0555555555555556,0.1875,0.291666666666667,0.678571428571429
"864",0.0625,0.05,0.366666666666667,0.227272727272727,0.590909090909091
"865",0.0714285714285714,0.0555555555555556,0.09375,0.394736842105263,0.0833333333333333
"866",0.136363636363636,0.0555555555555556,0.25,0.35,0.35
"867",0.0714285714285714,0.05,0.125,0.15,0.416666666666667
"868",0.0714285714285714,0.0357142857142857,0.125,0.321428571428571,0.125
"869",0.0384615384615385,0.0714285714285714,0.25,0.392857142857143,0.388888888888889
"870",0.166666666666667,0.115384615384615,0.388888888888889,0.227272727272727,0.35
"871",0.125,0.131578947368421,0.0625,0.277777777777778,0.3
"872",0.138888888888889,0.0714285714285714,0.291666666666667,0.3125,0.678571428571429
"873",0.05,0.0714285714285714,0.346153846153846,0.277777777777778,0.318181818181818
"874",0.0294117647058824,0.112903225806452,0.5,NA,NA
"875",0.0833333333333333,0.192307692307692,0.3,0.25,0.277777777777778
"876",0.0555555555555556,0.0555555555555556,0.0555555555555556,0.227272727272727,0.65
"877",0.0454545454545455,0.0333333333333333,0.208333333333333,0.1875,0.5
"878",0.0625,0.166666666666667,0.321428571428571,0.15,0.0714285714285714
"879",0.0833333333333333,0.125,0.34375,0.208333333333333,NA
"880",0.1875,0.15,0.382352941176471,0.0555555555555556,0.5
"881",0.05,0.136363636363636,0.208333333333333,0.136363636363636,0.346153846153846
"882",0.147058823529412,0.0555555555555556,0.375,0.45,0.388888888888889
"883",0.0555555555555556,0.0625,0.125,0.25,0.5
"884",0.115384615384615,0.0357142857142857,0.321428571428571,0.115384615384615,NA
"885",0.05,0.208333333333333,0.1875,0.05,0.464285714285714
"886",0.0555555555555556,0.05,0.25,0.55,0.423076923076923
"887",0.0357142857142857,0.145833333333333,0.208333333333333,NA,NA
"888",0.214285714285714,0.115384615384615,0.35,0.107142857142857,0.208333333333333
"889",0.0333333333333333,0.0416666666666667,0.566666666666667,0.1875,NA
"890",0.0833333333333333,0.184210526315789,0.4375,0.1,0.227272727272727
"891",0.0789473684210526,0.107142857142857,0.25,0.269230769230769,0.642857142857143
"892",0.0833333333333333,0.166666666666667,0.25,0.4375,0.409090909090909
"893",0.0416666666666667,0.28125,0.35,0.357142857142857,0.3125
"894",0.0416666666666667,0.125,0.125,0.25,0.5
"895",0.115384615384615,0.0625,0.05,0.35,0.4375
"896",0.05,0.0454545454545455,0.45,0.15,0.642857142857143
"897",0.0416666666666667,0.1875,0.321428571428571,0.25,0.45
"898",0.192307692307692,0.0416666666666667,0.208333333333333,0.3,0.5
"899",0.227272727272727,0.0555555555555556,0.357142857142857,0.346153846153846,0.423076923076923
"900",0.0333333333333333,0.0454545454545455,0.388888888888889,0.0555555555555556,0.35
"901",0.05,0.166666666666667,0.15,0.5625,0.318181818181818
"902",0.0555555555555556,0.0625,0.227272727272727,0.115384615384615,0.392857142857143
"903",0.0882352941176471,0.0416666666666667,0.166666666666667,0.166666666666667,NA
"904",0.0454545454545455,0.0333333333333333,0.318181818181818,0.3125,0.45
"905",0.05,0.178571428571429,0.166666666666667,0.35,0.3125
"906",0.0714285714285714,0.0625,0.15625,0.388888888888889,0.5
"907",0.0555555555555556,0.0625,0.409090909090909,0.375,0.423076923076923
"908",0.05,0.136363636363636,0.388888888888889,0.277777777777778,0.15
"909",0.0714285714285714,0.115384615384615,0.15,0.178571428571429,0.136363636363636
"910",0.115384615384615,0.0357142857142857,0.346153846153846,0.1,0.4375
"911",0.05,0.0357142857142857,0.583333333333333,0.178571428571429,0.633333333333333
"912",0.0625,0.05,0.192307692307692,0.25,0.5
"913",0.115384615384615,0.05,0.25,0.227272727272727,0.6875
"914",0.05,0.0555555555555556,0.0555555555555556,0.357142857142857,0.194444444444444
"915",0.0555555555555556,0.166666666666667,0.15,0.136363636363636,0.55
"916",0.175,0.0714285714285714,0.318181818181818,0.227272727272727,0.642857142857143
"917",0.1,0.0416666666666667,0.35,0.15,0.166666666666667
"918",0.0714285714285714,0.0555555555555556,0.264705882352941,0.409090909090909,0.166666666666667
"919",0.0333333333333333,0.136363636363636,0.166666666666667,0.321428571428571,0.1875
"920",0.0714285714285714,0.0454545454545455,0.3125,0.269230769230769,0.5625
"921",0.0416666666666667,0.0555555555555556,0.5,0.5625,0.590909090909091
"922",0.357142857142857,0.05,0.3,0.318181818181818,0.45
"923",0.0625,0.0357142857142857,0.45,0.166666666666667,0.3125
"924",0.0416666666666667,0.166666666666667,0.25,0.458333333333333,0.625
"925",0.277777777777778,0.227272727272727,0.45,0.409090909090909,0.45
"926",0.15625,0.075,0.233333333333333,NA,NA
"927",0.0714285714285714,0.0555555555555556,0.34375,0.0454545454545455,0.409090909090909
"928",0.0416666666666667,0.166666666666667,0.321428571428571,0.0625,0.277777777777778
"929",0.1,0.21875,0.375,0.214285714285714,0.35
"930",0.05,0.0625,0.269230769230769,0.0714285714285714,0.166666666666667
"931",0.0294117647058824,0.1875,0.0714285714285714,0.40625,0.642857142857143
"932",0.125,0.05,0.35,0.366666666666667,0.25
"933",0.1,0.0555555555555556,0.277777777777778,0.321428571428571,0.583333333333333
"934",0.0384615384615385,0.233333333333333,0.25,0.346153846153846,NA
"935",0.233333333333333,0.0454545454545455,0.366666666666667,0.227272727272727,0.3
"936",0.05,0.208333333333333,0.388888888888889,0.388888888888889,0.423076923076923
"937",0.0714285714285714,0.192307692307692,0.5,0.166666666666667,0.3125
"938",0.0714285714285714,0.0416666666666667,0.178571428571429,0.277777777777778,0.136363636363636
"939",0.0625,0.107142857142857,0.1,0.375,NA
"940",0.0714285714285714,0.0625,0.178571428571429,0.0416666666666667,0.291666666666667
"941",0.0555555555555556,0.0625,0.291666666666667,0.208333333333333,0.55
"942",0.0333333333333333,0.208333333333333,0.5,0.25,0.388888888888889
"943",0.138888888888889,0.0454545454545455,0.269230769230769,0.388888888888889,NA
"944",0.0625,0.05,0.25,0.115384615384615,0.3
"945",0.0714285714285714,0.0833333333333333,0.323529411764706,0.15,0.576923076923077
"946",0.05,0.15,0.0714285714285714,0.346153846153846,0.541666666666667
"947",0.107142857142857,0.0714285714285714,0.409090909090909,0.192307692307692,0.277777777777778
"948",0.0384615384615385,0.25,0.423076923076923,0.208333333333333,NA
"949",0.09375,0.0714285714285714,0.208333333333333,0.269230769230769,0.388888888888889
"950",0.05,0.15625,0.192307692307692,0.192307692307692,NA
"951",0.15,0.208333333333333,0.25,0.136363636363636,0.45
"952",0.0384615384615385,0.166666666666667,0.346153846153846,0.115384615384615,0.4375
"953",0.0714285714285714,0.136363636363636,0.166666666666667,0.208333333333333,0.409090909090909
"954",0.03125,0.125,0.277777777777778,0.416666666666667,0.730769230769231
"955",0.0416666666666667,0.115384615384615,0.0555555555555556,0.227272727272727,0.05
"956",0.107142857142857,0.277777777777778,0.0454545454545455,0.1875,0.423076923076923
"957",0.125,0.05,0.1875,0.4375,0.5
"958",0.115384615384615,0.0454545454545455,0.0625,0.392857142857143,0.45
"959",0.131578947368421,0.0714285714285714,0.35,0.107142857142857,NA
"960",0.15,0.208333333333333,0.346153846153846,0.321428571428571,0.0714285714285714
"961",0.0416666666666667,0.0277777777777778,0.233333333333333,0.25,NA
"962",0.107142857142857,0.107142857142857,0.214285714285714,0.277777777777778,0.388888888888889
"963",0.166666666666667,0.0416666666666667,0.166666666666667,0.357142857142857,0.535714285714286
"964",0.0833333333333333,0.125,0.192307692307692,0.28125,0.416666666666667
"965",0.3125,0.136363636363636,0.5,0.3,0.25
"966",0.0416666666666667,0.125,0.227272727272727,0.15,0.409090909090909
"967",0.166666666666667,0.05,0.0384615384615385,0.3125,0.25
"968",0.1,0.05,0.1875,0.192307692307692,0.458333333333333
"969",0.0555555555555556,0.0384615384615385,0.184210526315789,0.192307692307692,NA
"970",0.0416666666666667,0.25,0.346153846153846,0.25,0.416666666666667
"971",0.0714285714285714,0.0357142857142857,0.214285714285714,0.0416666666666667,0.5
"972",0.0416666666666667,0.0625,0.166666666666667,0.0625,0.409090909090909
"973",0.1,0.136363636363636,0.318181818181818,0.107142857142857,0.5
"974",0.15,0.166666666666667,0.25,0.392857142857143,0.392857142857143
"975",0.0714285714285714,0.0625,0.45,0.138888888888889,0.5
"976",0.0454545454545455,0.208333333333333,0.166666666666667,0.4375,0.65
"977",0.09375,0.0416666666666667,0.227272727272727,0.1,NA
"978",0.0714285714285714,0.0882352941176471,0.05,0.277777777777778,0.5
"979",0.05,0.115384615384615,0.318181818181818,0.136363636363636,0.35
"980",0.0454545454545455,0.1,0.35,0.0555555555555556,0.25
"981",0.1875,0.208333333333333,0.166666666666667,0.1875,0.15
"982",0.0416666666666667,0.05,0.166666666666667,0.192307692307692,0.611111111111111
"983",NA,NA,NA,NA,NA
"984",0.05,0.0384615384615385,0.225,0.0714285714285714,0.590909090909091
"985",0.05,0.05,0.15625,0.346153846153846,0.1
"986",0.0416666666666667,0.05,0.277777777777778,0.1875,0.178571428571429
"987",0.125,0.0357142857142857,0.3,0.35,NA
"988",0.0555555555555556,0.277777777777778,0.0714285714285714,0.375,0.25
"989",0.0714285714285714,0.166666666666667,0.233333333333333,0.15,0.107142857142857
"990",0.0384615384615385,0.09375,0.21875,0.0625,NA
"991",0.0384615384615385,0.05,0.25,0.291666666666667,0.5
"992",0.125,0.0454545454545455,0.208333333333333,0.35,0.5
"993",0.0555555555555556,0.0555555555555556,0.318181818181818,0.35,0.208333333333333
"994",0.0555555555555556,0.1,0.346153846153846,0.227272727272727,0.25
"995",0.227272727272727,0.0555555555555556,0.166666666666667,0.15,0.392857142857143
"996",0.0384615384615385,0.0416666666666667,0.166666666666667,0.35,0.3
"997",0.0833333333333333,0.0333333333333333,0.305555555555556,NA,NA
"998",0.125,0.09375,0.25,0.305555555555556,0.25
"999",0.107142857142857,0.0555555555555556,0.166666666666667,0.318181818181818,0.5
"1000",0.115384615384615,0.0555555555555556,0.321428571428571,0.115384615384615,NA
"1001",0.0555555555555556,0.125,0.433333333333333,0.269230769230769,0.357142857142857
"1002",0.05,0.05,0.375,0.25,0.3125
"1003",0.107142857142857,0.0555555555555556,0.192307692307692,0.277777777777778,0.3
"1004",0.0625,0.0357142857142857,0.388888888888889,0.45,0.3125
"1005",0.227272727272727,0.115384615384615,0.0714285714285714,0.277777777777778,0.375
"1006",0.05,0.0555555555555556,0.375,0.40625,0.541666666666667
"1007",0.05,0.318181818181818,0.166666666666667,0.305555555555556,0.166666666666667
"1008",0.107142857142857,0.15625,0.25,0.357142857142857,0.5
"1009",0.0714285714285714,0.15,0.25,0.346153846153846,0.5
"1010",0.0384615384615385,0.0416666666666667,0.0714285714285714,0.233333333333333,0.277777777777778
"1011",0.0714285714285714,0.1,0.30952380952381,0.5,NA
"1012",0.136363636363636,0.15,0.147058823529412,0.388888888888889,0.388888888888889
"1013",0.0454545454545455,0.0454545454545455,0.291666666666667,0.227272727272727,0.166666666666667
"1014",0.1875,0.125,0.107142857142857,0.318181818181818,0.388888888888889
"1015",0.0714285714285714,0.0454545454545455,0.227272727272727,0.125,0.25
"1016",0.0555555555555556,0.166666666666667,0.0789473684210526,0.166666666666667,0.3125
"1017",0.0714285714285714,0.107142857142857,0.175,0.15,0.375
"1018",0.0555555555555556,0.0714285714285714,0.166666666666667,0.0625,0.5
"1019",0.0384615384615385,0.0454545454545455,0.05,0.357142857142857,0.192307692307692
"1020",0.0416666666666667,0.0714285714285714,0.269230769230769,0.192307692307692,0.625
"1021",0.1,0.0454545454545455,0.277777777777778,NA,NA
"1022",0.05,0.208333333333333,0.0625,0.357142857142857,0.5
"1023",0.0454545454545455,0.136363636363636,0.214285714285714,0.388888888888889,0.535714285714286
"1024",0.0555555555555556,0.0714285714285714,0.291666666666667,0.233333333333333,0.55
"1025",0.05,0.0882352941176471,0.0714285714285714,0.15,0.5
"1026",0.136363636363636,0.136363636363636,0.0833333333333333,0.35,0.178571428571429
"1027",0.0882352941176471,0.0789473684210526,0.541666666666667,NA,NA
"1028",0.166666666666667,0.208333333333333,0.233333333333333,0.25,0.1875
"1029",0.125,0.0714285714285714,0.0625,0.326086956521739,0.35
"1030",0.0555555555555556,0.136363636363636,0.15,0.25,0.05
"1031",0.0416666666666667,0.05,0.208333333333333,0.15,0.318181818181818
"1032",0.15,0.1,0.25,0.291666666666667,0.214285714285714
"1033",0.0384615384615385,0.15,0.0416666666666667,0.388888888888889,0.3125
"1034",0.0357142857142857,0.0384615384615385,0.136363636363636,0.642857142857143,0.541666666666667
"1035",0.0555555555555556,0.0625,0.55,0.21875,0.357142857142857
"1036",0.166666666666667,0.1,0.388888888888889,0.0555555555555556,0.15625
"1037",0.0833333333333333,0.0384615384615385,0.227272727272727,0.05,0.433333333333333
"1038",0.0357142857142857,0.05,0.291666666666667,0.25,NA
"1039",0.136363636363636,0.277777777777778,0.1875,0.423076923076923,0.45
"1040",0.0714285714285714,0.125,0.227272727272727,0.115384615384615,0.0416666666666667
"1041",0.0555555555555556,0.125,0.423076923076923,0.0555555555555556,0.25
"1042",0.166666666666667,0.115384615384615,0.6875,0.227272727272727,0.05
"1043",0.0555555555555556,0.0714285714285714,0.0384615384615385,0.125,0.269230769230769
"1044",0.0416666666666667,0.136363636363636,0.0625,0.35,0.409090909090909
"1045",0.0714285714285714,0.3125,0.3,0.388888888888889,0.275
"1046",0.0357142857142857,0.166666666666667,0.3125,0.291666666666667,0.115384615384615
"1047",0.0714285714285714,0.0384615384615385,0.0625,0.15625,0.392857142857143
"1048",0.0555555555555556,0.09375,0.1875,0.346153846153846,0.5
"1049",0.0454545454545455,0.0555555555555556,0.115384615384615,0.25,0.375
"1050",0.166666666666667,0.0555555555555556,0.05,0.269230769230769,0.0833333333333333
"1051",0.0555555555555556,0.05,0.0714285714285714,0.277777777777778,0.625
"1052",0.0555555555555556,0.0454545454545455,0.35,0.136363636363636,0.277777777777778
"1053",0.0454545454545455,0.0416666666666667,0.22,0.125,NA
"1054",0.0384615384615385,0.0714285714285714,0.5,0.192307692307692,0.625
"1055",0.166666666666667,0.0555555555555556,0.25,0.166666666666667,0.375
"1056",0.0555555555555556,0.136363636363636,0.205882352941176,0.318181818181818,0.5625
"1057",0.0555555555555556,0.125,0.136363636363636,0.227272727272727,0.192307692307692
"1058",0.0681818181818182,0.0454545454545455,0.239130434782609,NA,NA
"1059",0.0555555555555556,0.0333333333333333,0.208333333333333,0.0833333333333333,0.291666666666667
"1060",0.0454545454545455,0.136363636363636,0.227272727272727,0.1,0.346153846153846
"1061",0.15,0.0555555555555556,0.269230769230769,0.227272727272727,0.357142857142857
"1062",0.05,0.208333333333333,0.366666666666667,0.192307692307692,0.25
"1063",0.15,0.0555555555555556,0.115384615384615,0.264705882352941,0.3
"1064",0.05,0.25,0.388888888888889,0.125,0.388888888888889
"1065",0.0416666666666667,0.0357142857142857,0.291666666666667,0.28125,NA
"1066",0.125,0.115384615384615,0.166666666666667,0.3125,0.35
"1067",0.09375,0.115384615384615,0.3125,0.0714285714285714,0.35
"1068",0.277777777777778,0.136363636363636,0.3125,0.115384615384615,0.576923076923077
"1069",0.0384615384615385,0.0555555555555556,0.115384615384615,0.375,0.5
"1070",0.0555555555555556,0.0555555555555556,0.366666666666667,0.1875,0.35
"1071",0.0416666666666667,0.208333333333333,0.0555555555555556,0.35,0.590909090909091
"1072",0.0384615384615385,0.0416666666666667,0.214285714285714,0.0454545454545455,0.392857142857143
"1073",0.136363636363636,0.05,0.136363636363636,0.09375,0.0833333333333333
"1074",NA,NA,NA,NA,NA
"1075",0.25,0.0555555555555556,0.227272727272727,0.205882352941176,NA
"1076",0.0882352941176471,0.0384615384615385,0.236842105263158,NA,NA
"1077",0.0384615384615385,0.166666666666667,0.15,0.1875,0.590909090909091
"1078",0.0714285714285714,0.136363636363636,0.269230769230769,0.05,0.576923076923077
"1079",0.05,0.0555555555555556,0.0625,0.34375,0.5
"1080",0.0714285714285714,0.125,0.277777777777778,0.147058823529412,0.642857142857143
"1081",0.125,0.0555555555555556,0.264705882352941,0.318181818181818,0.833333333333333
"1082",0.166666666666667,0.0833333333333333,0.25,0.28125,0.388888888888889
"1083",0.0416666666666667,0.0454545454545455,0.277777777777778,0.35,0.136363636363636
"1084",0.0714285714285714,0.125,0.318181818181818,0.166666666666667,0.277777777777778
"1085",0.0555555555555556,0.136363636363636,0.3125,0.178571428571429,0.730769230769231
"1086",0.125,0.09375,0.1875,0.5,NA
"1087",0.3125,0.107142857142857,0.05,0.1875,0.35
"1088",0.0454545454545455,0.0714285714285714,0.318181818181818,0.147058823529412,0.357142857142857
"1089",0.05,0.05,0.25,0.208333333333333,0.3125
"1090",0.0454545454545455,0.0384615384615385,0.3,0.392857142857143,NA
"1091",0.0625,0.115384615384615,0.464285714285714,0.4375,0.346153846153846
"1092",0.119047619047619,0.0625,0.15,0.3125,0.388888888888889
"1093",0.166666666666667,0.0625,0.277777777777778,0.35,0.3
"1094",0.0882352941176471,0.0714285714285714,0.0625,0.375,0.15
"1095",0.0714285714285714,0.15625,0.291666666666667,0.0555555555555556,0.05
"1096",0.0384615384615385,0.136363636363636,0.125,0.3125,0.346153846153846
"1097",0.125,0.0555555555555556,0.388888888888889,0.05,0.25
"1098",0.0833333333333333,0.0416666666666667,0.192307692307692,0.21875,0.4375
"1099",0.15,0.15,0.264705882352941,0.423076923076923,NA
"1100",0.0454545454545455,0.0555555555555556,0.3,0.208333333333333,0.277777777777778
"1101",0.1875,0.15,0.388888888888889,0.611111111111111,0.25
"1102",0.0714285714285714,0.321428571428571,0.208333333333333,0.277777777777778,0.366666666666667
"1103",0.05,0.0454545454545455,0.208333333333333,0.178571428571429,0.4375
"1104",0.0625,0.05,0.214285714285714,0.25,0.136363636363636
"1105",0.0625,0.138888888888889,0.375,0.269230769230769,NA
"1106",0.05,0.0714285714285714,0.321428571428571,0.433333333333333,0.3125
"1107",0.166666666666667,0.15,0.535714285714286,0.125,0.05
"1108",0.0454545454545455,0.3125,0.0357142857142857,0.269230769230769,0.318181818181818
"1109",0.115384615384615,0.0416666666666667,0.1,0.0625,0.785714285714286
"1110",0.0454545454545455,0.233333333333333,0.28125,0.166666666666667,0.5
"1111",0.0277777777777778,0.107142857142857,0.318181818181818,0.35,NA
"1112",0.115384615384615,0.0294117647058824,0.5,0.107142857142857,0.357142857142857
"1113",0.0263157894736842,0.357142857142857,0.0714285714285714,0.291666666666667,0.346153846153846
"1114",0.05,0.0882352941176471,0.159090909090909,NA,NA
"1115",0.03125,0.178571428571429,0.318181818181818,0.115384615384615,NA
"1116",0.05,0.0333333333333333,0.21875,0.35,0.5
"1117",0.05,0.15,0.178571428571429,0.45,0.269230769230769
"1118",0.277777777777778,0.0555555555555556,0.45,0.366666666666667,0.464285714285714
"1119",0.138888888888889,0.0555555555555556,0.318181818181818,0.25,NA
"1120",0.0384615384615385,0.125,0.289473684210526,0.166666666666667,0.5
"1121",0.166666666666667,0.0454545454545455,0.125,0.28125,0.416666666666667
"1122",0.05,0.107142857142857,0.318181818181818,0.277777777777778,0.375
"1123",0.03125,0.0555555555555556,0.05,0.1,NA
"1124",0.166666666666667,0.178571428571429,0.205882352941176,0.214285714285714,0.277777777777778
"1125",0.1875,0.0714285714285714,0.178571428571429,0.178571428571429,0.25
"1126",0.05,0.25,0.318181818181818,0.291666666666667,0.208333333333333
"1127",0.1,0.0714285714285714,0.0833333333333333,0.166666666666667,0.375
"1128",0.115384615384615,0.0625,0.15,0.166666666666667,0.318181818181818
"1129",0.0416666666666667,0.0625,0.264705882352941,0.136363636363636,0.357142857142857
"1130",0.0416666666666667,0.192307692307692,0.107142857142857,0.227272727272727,NA
"1131",0.125,0.166666666666667,0.45,0.318181818181818,0.291666666666667
"1132",0.05,0.125,0.342105263157895,0.35,NA
"1133",0.125,0.0357142857142857,0.21875,0.208333333333333,NA
"1134",0.0625,0.0833333333333333,0.227272727272727,0.125,0.477272727272727
"1135",0.125,0.05,0.25,0.0454545454545455,NA
"1136",0.0625,0.0357142857142857,0.21875,0.28125,NA
"1137",0.0454545454545455,0.0555555555555556,0.15625,0.35,0.5625
"1138",0.136363636363636,0.125,0.166666666666667,0.25,0.25
"1139",0.0625,0.178571428571429,0.214285714285714,0.366666666666667,0.45
"1140",0.0416666666666667,0.0416666666666667,0.136363636363636,0.291666666666667,0.7
"1141",0.125,0.1,0.1,0.1875,0.5
"1142",0.05,0.115384615384615,0.431818181818182,0.136363636363636,NA
"1143",0.1,0.05,0.166666666666667,0.136363636363636,0.35
"1144",0.3125,0.107142857142857,0.35,0.35,0.318181818181818
"1145",0.0625,0.05,0.291666666666667,0.1,0.357142857142857
"1146",0.0714285714285714,0.125,0.107142857142857,0.25,0.611111111111111
"1147",0.05,0.05,0.136363636363636,0.291666666666667,0.45
"1148",0.03125,0.0625,0.125,0.0625,0.208333333333333
"1149",0.0416666666666667,0.09375,0.178571428571429,0.0714285714285714,0.214285714285714
"1150",0.0357142857142857,0.0625,0.214285714285714,0.277777777777778,0.5
"1151",0.0555555555555556,0.115384615384615,0.269230769230769,0.1875,0.357142857142857
"1152",0.125,0.0714285714285714,0.166666666666667,0.192307692307692,0.65
"1153",0.0384615384615385,0.0555555555555556,0.0555555555555556,0.227272727272727,0.208333333333333
"1154",0.05,0.0416666666666667,0.321428571428571,0.318181818181818,0.0833333333333333
"1155",0.1,0.166666666666667,0.291666666666667,0.0714285714285714,0.5
"1156",0.208333333333333,0.15,0.227272727272727,0.346153846153846,0.416666666666667
"1157",NA,NA,NA,NA,NA
"1158",0.125,0.125,0.65,0.318181818181818,0.25
"1159",0.0384615384615385,0.0454545454545455,0.239130434782609,NA,NA
"1160",0.115384615384615,0.0555555555555556,0.227272727272727,0.291666666666667,0.607142857142857
"1161",0.0714285714285714,0.0384615384615385,0.0454545454545455,0.264705882352941,0.125
"1162",0.05,0.136363636363636,0.166666666666667,0.277777777777778,0.28125
"1163",0.05,0.269230769230769,0.15,0.25,0.214285714285714
"1164",0.178571428571429,0.05,0.3125,0.25,0.611111111111111
"1165",0.0833333333333333,0.0833333333333333,0.323529411764706,0.375,NA
"1166",0.0555555555555556,0.0277777777777778,0.46875,0.291666666666667,NA
"1167",0.0384615384615385,0.0625,0.1875,0.277777777777778,0.375
"1168",0.136363636363636,0.0882352941176471,0.291666666666667,0.0555555555555556,0.357142857142857
"1169",0.0454545454545455,0.1,0.25,0.0555555555555556,0.388888888888889
"1170",0.0555555555555556,0.0555555555555556,0.269230769230769,0.318181818181818,0.423076923076923
"1171",0.0789473684210526,0.15,0.45,0.125,0.357142857142857
"1172",0.0555555555555556,0.0357142857142857,0.0416666666666667,0.15625,NA
"1173",0.115384615384615,0.0714285714285714,0.5,0.28125,0.25
"1174",0.15,0.0625,0.357142857142857,0.15,0.366666666666667
"1175",0.0357142857142857,0.05,0.1875,0.55,0.0833333333333333
"1176",0.0714285714285714,0.0625,0.423076923076923,0.28125,0.1875
"1177",0.0555555555555556,0.0555555555555556,0.25,0.4375,0.4375
"1178",0.166666666666667,0.136363636363636,0.05,0.15,0.125
"1179",0.0333333333333333,0.05,0.05,0.5625,0.541666666666667
"1180",0.166666666666667,0.0384615384615385,0.0714285714285714,0.208333333333333,0.107142857142857
"1181",0.05,0.0714285714285714,0.227272727272727,0.227272727272727,0.5
"1182",0.0714285714285714,0.0625,0.423076923076923,0.25,0.375
"1183",0.131578947368421,0.0294117647058824,0.115384615384615,NA,NA
"1184",0.05,0.0416666666666667,0.236842105263158,0.277777777777778,NA
"1185",0.125,0.1,0.4375,0.227272727272727,0.25
"1186",0.214285714285714,0.0714285714285714,0.178571428571429,0.25,0.318181818181818
"1187",0.0714285714285714,0.227272727272727,0.0625,0.394736842105263,0.277777777777778
"1188",0.0454545454545455,0.1,0.409090909090909,0.1,0.5
"1189",0.0555555555555556,0.115384615384615,0.346153846153846,0.318181818181818,0.277777777777778
"1190",0.05,0.166666666666667,0.125,0.409090909090909,0.0833333333333333
"1191",0.0714285714285714,0.136363636363636,0.318181818181818,0.25,0.375
"1192",0.0555555555555556,0.125,0.25,0.214285714285714,0.375
"1193",0.0333333333333333,0.0555555555555556,0.388888888888889,0.208333333333333,0.5
"1194",0.15625,0.0714285714285714,0.0625,0.269230769230769,0.35
"1195",0.0555555555555556,0.0625,0.34375,0.25,0.4375
"1196",0.0384615384615385,0.0714285714285714,0.275,0.291666666666667,NA
"1197",0.05,0.0714285714285714,0.3125,0.208333333333333,0.433333333333333
"1198",0.0357142857142857,0.05,0.607142857142857,0.1,0.125
"1199",0.0833333333333333,0.131578947368421,0.192307692307692,NA,NA
"1200",0.0625,0.166666666666667,0.227272727272727,0.269230769230769,0.227272727272727
"1201",0.15,0.0333333333333333,0.233333333333333,0.35,0.166666666666667
"1202",0.03125,0.05,0.3,0.5,0.4375
"1203",0.0555555555555556,0.0416666666666667,0.291666666666667,0.1875,0.392857142857143
"1204",0.0555555555555556,0.0555555555555556,0.0714285714285714,0.35,0.458333333333333
"1205",0.125,0.0714285714285714,0.0833333333333333,0.28125,0.5
"1206",0.05,0.0714285714285714,0.208333333333333,0.227272727272727,0.3
"1207",0.25,0.227272727272727,0.5,0.166666666666667,0.4375
"1208",0.25,0.25,0.125,0.208333333333333,0.3125
"1209",0.214285714285714,0.05,0.323529411764706,0.125,NA
"1210",0.107142857142857,0.0555555555555556,0.05,0.277777777777778,0.45
"1211",0.0416666666666667,0.0609756097560976,0.5,NA,NA
"1212",0.0833333333333333,0.0555555555555556,0.392857142857143,0.178571428571429,0.388888888888889
"1213",0.136363636363636,0.277777777777778,0.233333333333333,0.166666666666667,0.642857142857143
"1214",0.0384615384615385,0.0714285714285714,0.227272727272727,0.15,0.45
"1215",0.136363636363636,0.0416666666666667,0.25,0.0555555555555556,0.35
"1216",0.0625,0.15625,0.291666666666667,0.0555555555555556,0.214285714285714
"1217",0.0833333333333333,0.115384615384615,0.277777777777778,0.25,0.3125
"1218",0.09375,0.0714285714285714,0.147058823529412,NA,NA
"1219",0.166666666666667,0.1875,0.34375,0.192307692307692,0.277777777777778
"1220",0.0625,0.05,0.291666666666667,0.464285714285714,0.0357142857142857
"1221",0.107142857142857,0.0384615384615385,0.0555555555555556,0.269230769230769,0.1875
"1222",0.0416666666666667,0.0625,0.0555555555555556,0.0454545454545455,0.458333333333333
"1223",0.0263157894736842,0.09375,0.3,0.125,0.5
"1224",0.147058823529412,0.0454545454545455,0.119047619047619,NA,NA
"1225",0.0625,0.0833333333333333,0.28125,0.1875,0.25
"1226",0.0714285714285714,0.09375,0.0555555555555556,0.3,0.357142857142857
"1227",0.25,0.0416666666666667,0.136363636363636,0.4375,0.34375
"1228",0.0263157894736842,0.0384615384615385,0.289473684210526,NA,NA
"1229",0.291666666666667,0.0625,0.192307692307692,0.5,0.45
"1230",0.0555555555555556,0.0555555555555556,0.192307692307692,0.25,0.3125
"1231",0.0714285714285714,0.0555555555555556,0.1875,0.21875,0.0833333333333333
"1232",0.0384615384615385,0.0555555555555556,0.323529411764706,0.357142857142857,0.1875
"1233",0.05,0.09375,0.192307692307692,0.375,NA
"1234",0.0416666666666667,0.0714285714285714,0.21875,0.166666666666667,0.4375
"1235",0.0238095238095238,0.09375,0.178571428571429,NA,NA
"1236",0.0384615384615385,0.0416666666666667,0.166666666666667,0.321428571428571,0.357142857142857
"1237",0.125,0.0384615384615385,0.214285714285714,0.409090909090909,0.4375
"1238",0.05,0.0789473684210526,0.291666666666667,0.0555555555555556,0.0714285714285714
"1239",0.0555555555555556,0.25,0.0714285714285714,0.46875,0.5
"1240",0.0454545454545455,0.0454545454545455,0.0714285714285714,0.125,0.409090909090909
"1241",0.0384615384615385,0.05,0.3,0.321428571428571,0.375
"1242",0.0454545454545455,0.3125,0.15,0.291666666666667,0.681818181818182
"1243",0.15,0.0555555555555556,0.115384615384615,0.125,0.5
"1244",0.0227272727272727,0.05,0.227272727272727,0.318181818181818,0.25
"1245",0.0714285714285714,0.0882352941176471,0.192307692307692,0.05,0.5
"1246",0.0555555555555556,0.1875,0.3125,0.05,0.28125
"1247",0.0416666666666667,0.115384615384615,0.1875,0.136363636363636,0.388888888888889
"1248",0.0555555555555556,0.0454545454545455,0.0384615384615385,0.4375,0.55
"1249",0.05,0.192307692307692,0.227272727272727,0.208333333333333,0.25
"1250",0.166666666666667,0.1875,0.192307692307692,0.25,0.458333333333333
"1251",0.03125,0.0714285714285714,0.21875,0.166666666666667,NA
"1252",0.05,0.125,0.25,0.277777777777778,0.5
"1253",0.166666666666667,0.0833333333333333,0.15625,0.1,0.5
"1254",0.0714285714285714,0.0833333333333333,0.0882352941176471,0.3125,0.166666666666667
"1255",0.0384615384615385,0.357142857142857,0.25,0.375,0.5625
"1256",0.277777777777778,0.15,0.15,0.192307692307692,0.05
"1257",0.05,0.0555555555555556,0.136363636363636,0.5,0.291666666666667
"1258",0.0714285714285714,0.05,0.166666666666667,0.35,0.433333333333333
"1259",0.136363636363636,0.05,0.192307692307692,0.321428571428571,0.277777777777778
"1260",0.25,0.0454545454545455,0.305555555555556,0.227272727272727,0.375
"1261",0.05,0.0454545454545455,0.346153846153846,0.269230769230769,NA
"1262",0.0714285714285714,0.115384615384615,0.0625,0.388888888888889,0.40625
"1263",0.0625,0.0625,0.208333333333333,0.227272727272727,0.269230769230769
"1264",0.136363636363636,0.0384615384615385,0.0555555555555556,0.0714285714285714,0.590909090909091
"1265",0.0555555555555556,0.03125,0.166666666666667,0.269230769230769,0.583333333333333
"1266",0.0714285714285714,0.0416666666666667,0.282608695652174,0.125,NA
"1267",0.0333333333333333,0.0714285714285714,0.147058823529412,0.409090909090909,0.1875
"1268",0.0555555555555556,0.1875,0.227272727272727,0.136363636363636,0.346153846153846
"1269",0.0625,0.05,0.291666666666667,0.25,0.458333333333333
"1270",0.0714285714285714,0.05,0.392857142857143,0.5,NA
"1271",0.05,0.15,0.208333333333333,0.35,0.35
"1272",0.0384615384615385,0.107142857142857,0.4375,0.291666666666667,0.388888888888889
"1273",0.1,0.0714285714285714,0.107142857142857,0.269230769230769,0.35
"1274",0.0555555555555556,0.357142857142857,0.318181818181818,0.277777777777778,0.541666666666667
"1275",0.0555555555555556,0.0833333333333333,0.175,0.0625,NA
"1276",0.0555555555555556,0.0714285714285714,0.166666666666667,0.264705882352941,0.8125
"1277",0.0555555555555556,0.09375,0.192307692307692,0.357142857142857,0.3
"1278",0.0714285714285714,0.166666666666667,0.15,0.192307692307692,0.0454545454545455
"1279",0.136363636363636,0.208333333333333,0.366666666666667,0.0555555555555556,0.541666666666667
"1280",0.0333333333333333,0.0625,0.3,0.4375,0.0833333333333333
"1281",0.0333333333333333,0.0555555555555556,0.1,0.277777777777778,0.28125
"1282",0.0357142857142857,0.0333333333333333,0.0714285714285714,0.0714285714285714,0.25
"1283",0.115384615384615,0.0555555555555556,0.125,0.208333333333333,0.0625
"1284",0.0454545454545455,0.0833333333333333,0.178571428571429,0.0625,0.375
"1285",0.0416666666666667,0.21875,0.3125,0.227272727272727,0.416666666666667
"1286",0.0454545454545455,0.0416666666666667,0.25,0.366666666666667,0.388888888888889
"1287",0.0333333333333333,0.0555555555555556,0.0454545454545455,0.269230769230769,0.4375
"1288",0.0333333333333333,0.0555555555555556,0.166666666666667,0.1875,0.45
"1289",0.0416666666666667,0.0555555555555556,0.3125,0.318181818181818,0.464285714285714
"1290",0.115384615384615,0.05,0.346153846153846,0.0416666666666667,0.208333333333333
"1291",0.0416666666666667,0.05,0.136363636363636,0.0625,0.25
"1292",0.09375,0.0714285714285714,0.15,0.269230769230769,0.321428571428571
"1293",0.1875,0.269230769230769,0.291666666666667,0.1875,0.5625
"1294",0.0833333333333333,0.208333333333333,0.35,0.375,0.611111111111111
"1295",0.0277777777777778,0.0714285714285714,0.291666666666667,0.0714285714285714,0.576923076923077
"1296",0.0333333333333333,0.0454545454545455,0.409090909090909,0.1,0.166666666666667
"1297",0.125,0.0625,0.0384615384615385,0.136363636363636,0.4375
"1298",0.115384615384615,0.0714285714285714,0.25,0.277777777777778,0.458333333333333
"1299",0.0555555555555556,0.1,0.236842105263158,0.0454545454545455,NA
"1300",0.0454545454545455,0.115384615384615,0.136363636363636,0.15,0.227272727272727
"1301",0.0454545454545455,0.0714285714285714,0.0625,0.205882352941176,0.55
"1302",0.09375,0.0625,0.15,0.25,0.5
"1303",0.136363636363636,0.136363636363636,0.15625,0.208333333333333,0.0714285714285714
"1304",0.0625,0.05,0.423076923076923,0.458333333333333,0.55
"1305",0.15,0.0714285714285714,0.178571428571429,0.0625,0.423076923076923
"1306",0.0333333333333333,0.0416666666666667,0.25,0.0714285714285714,0.166666666666667
"1307",0.269230769230769,0.0454545454545455,0.5,0.1875,0.433333333333333
"1308",0.15,0.0714285714285714,0.214285714285714,0.166666666666667,0.423076923076923
"1309",0.05,0.1,0.208333333333333,0.125,0.3125
"1310",0.0416666666666667,0.25,0.35,0.346153846153846,0.5
"1311",0.192307692307692,0.05,0.321428571428571,0.25,0.642857142857143
"1312",0.115384615384615,0.0555555555555556,0.18,0.125,NA
"1313",0.0384615384615385,0.115384615384615,0.208333333333333,0.166666666666667,0.5
"1314",0.0454545454545455,0.233333333333333,0.3125,0.136363636363636,0.388888888888889
"1315",0.0833333333333333,0.0416666666666667,0.25,0.5,NA
"1316",0.0625,0.277777777777778,0.0555555555555556,0.0555555555555556,0.342105263157895
"1317",0.0555555555555556,0.0833333333333333,0.270833333333333,0.5,NA
"1318",0.0555555555555556,0.125,0.321428571428571,0.392857142857143,0.1875
"1319",0.15,0.0416666666666667,0.125,0.388888888888889,0.5
"1320",0.0555555555555556,0.0625,0.208333333333333,0.21875,0.4375
"1321",0.0625,0.0555555555555556,0.25,0.25,0.321428571428571
"1322",0.107142857142857,0.125,0.208333333333333,0.227272727272727,0.5
"1323",0.0714285714285714,0.0555555555555556,0.25,0.5,0.5
"1324",0.0625,0.166666666666667,0.269230769230769,0.357142857142857,0.34375
"1325",0.115384615384615,0.0384615384615385,0.0454545454545455,0.409090909090909,0.785714285714286
"1326",0.0454545454545455,0.05,0.15625,0.15,0.0555555555555556
"1327",0.115384615384615,0.107142857142857,0.45,0.318181818181818,0.55
"1328",0.0416666666666667,0.05,0.0625,0.269230769230769,0.25
"1329",0.09375,0.0714285714285714,0.208333333333333,0.208333333333333,0.642857142857143
"1330",0.15,0.0384615384615385,0.15,0.5,0.25
"1331",0.0555555555555556,0.03125,0.35,0.0625,0.05
"1332",0.0357142857142857,0.0714285714285714,0.25,0.291666666666667,0.55
"1333",0.125,0.1,0.392857142857143,0.375,0.227272727272727
"1334",0.208333333333333,0.05,0.192307692307692,0.205882352941176,0.125
"1335",0.0454545454545455,0.125,0.0714285714285714,0.136363636363636,0.423076923076923
"1336",0.05,0.3125,0.291666666666667,0.178571428571429,0.5
"1337",0.0454545454545455,0.0714285714285714,0.375,0.136363636363636,0.392857142857143
"1338",0.05,0.136363636363636,0.136363636363636,0.0454545454545455,0.35
"1339",0.0416666666666667,0.0454545454545455,0.0384615384615385,0.178571428571429,NA
"1340",0.0384615384615385,0.166666666666667,0.192307692307692,0.15,0.388888888888889
"1341",0.0625,0.05,0.178571428571429,0.0714285714285714,0.423076923076923
"1342",0.0714285714285714,0.166666666666667,0.28125,0.227272727272727,0.5
"1343",0.0454545454545455,0.15,0.0714285714285714,0.291666666666667,0.409090909090909
"1344",0.0555555555555556,0.166666666666667,0.15625,0.227272727272727,0.4375
"1345",0.0555555555555556,0.0555555555555556,0.125,0.388888888888889,0.375
"1346",0.0454545454545455,0.0555555555555556,0.25,0.166666666666667,0.192307692307692
"1347",0.0714285714285714,0.1875,0.269230769230769,0.28125,0.214285714285714
"1348",0.0416666666666667,0.0416666666666667,0.409090909090909,0.269230769230769,0.3
"1349",0.0454545454545455,0.125,0.166666666666667,0.409090909090909,0.590909090909091
"1350",0.214285714285714,0.192307692307692,0.40625,0.318181818181818,0.1
"1351",0.208333333333333,0.107142857142857,0.269230769230769,0.214285714285714,0.25
"1352",0.115384615384615,0.208333333333333,0.0714285714285714,0.136363636363636,0.4375
"1353",0.0384615384615385,0.1875,0.305555555555556,0.0833333333333333,0.3
"1354",0.131578947368421,0.0882352941176471,0.214285714285714,0.0416666666666667,NA
"1355",0.0333333333333333,0.0714285714285714,0.541666666666667,0.277777777777778,0.291666666666667
"1356",0.0333333333333333,0.15,0.15,0.25,0.35
"1357",0.0555555555555556,0.166666666666667,0.208333333333333,0.323529411764706,0.136363636363636
"1358",0.0555555555555556,0.0416666666666667,0.125,0.416666666666667,0.15
"1359",0.0357142857142857,0.115384615384615,0.192307692307692,0.136363636363636,NA
"1360",0.0714285714285714,0.5,0.208333333333333,0.1,0.208333333333333
"1361",0.05,0.15,0.388888888888889,0.107142857142857,0.321428571428571
"1362",0.0333333333333333,0.136363636363636,0.178571428571429,0.375,0.388888888888889
"1363",0.0384615384615385,0.0555555555555556,0.5625,0.233333333333333,0.166666666666667
"1364",0.05,0.0555555555555556,0.166666666666667,0.305555555555556,0.357142857142857
"1365",0.05,0.208333333333333,0.30952380952381,0.423076923076923,NA
"1366",0.15,0.0384615384615385,0.3,0.35,0.53125
"1367",0.0555555555555556,0.0625,0.34375,0.25,NA
"1368",0.0555555555555556,0.166666666666667,0.208333333333333,0.35,0.576923076923077
"1369",0.0625,0.0833333333333333,0.0714285714285714,0.178571428571429,0.441176470588235
"1370",0.0555555555555556,0.0416666666666667,0.0714285714285714,0.269230769230769,0.40625
"1371",0.05,0.208333333333333,0.264705882352941,0.0714285714285714,0.0714285714285714
"1372",0.318181818181818,0.0555555555555556,0.25,0.15,0.208333333333333
"1373",0.05,0.15625,0.136363636363636,0.3,0.5
"1374",0.21875,0.0555555555555556,0.375,0.277777777777778,0.291666666666667
"1375",0.09375,0.115384615384615,0.3,0.15,NA
"1376",0.0625,0.214285714285714,0.269230769230769,0.458333333333333,0.458333333333333
"1377",0.05,0.227272727272727,0.45,0.115384615384615,0.3125
"1378",0.05,0.0714285714285714,0.166666666666667,0.318181818181818,0.375
"1379",0.05,0.115384615384615,0.178571428571429,0.125,0.3125
"1380",0.1,0.1,0.423076923076923,0.25,0.346153846153846
"1381",0.05,0.0714285714285714,0.291666666666667,0.166666666666667,0.416666666666667
"1382",0.0833333333333333,0.09375,0.291666666666667,0.40625,0.5
"1383",0.0384615384615385,0.115384615384615,0.291666666666667,0.375,0.25
"1384",0.05,0.0416666666666667,0.152173913043478,0.3,0.375
"1385",0.0555555555555556,0.107142857142857,0.277777777777778,0.318181818181818,0.35
"1386",0.0833333333333333,0.05,0.269230769230769,0.25,0.125
"1387",0.1875,0.107142857142857,0.0714285714285714,0.392857142857143,0.3125
"1388",0.166666666666667,0.0625,0.21875,0.25,0.388888888888889
"1389",0.0416666666666667,0.115384615384615,0.194444444444444,0.227272727272727,0.5
"1390",0.15,0.208333333333333,0.321428571428571,0.409090909090909,0.375
"1391",0.05,0.0454545454545455,0.0833333333333333,0.227272727272727,0.458333333333333
"1392",0.05,0.1,0.3125,0.318181818181818,0.346153846153846
"1393",0.0833333333333333,0.05,0.205882352941176,0.375,0.214285714285714
"1394",0.0555555555555556,0.115384615384615,0.166666666666667,0.409090909090909,0.318181818181818
"1395",0.0714285714285714,0.05,0.136363636363636,0.28125,0.166666666666667
"1396",0.0384615384615385,0.0714285714285714,0.125,0.25,0.5
"1397",0.0555555555555556,0.0555555555555556,0.269230769230769,0.25,0.346153846153846
"1398",0.166666666666667,0.3125,0.208333333333333,0.269230769230769,0.277777777777778
"1399",0.0384615384615385,0.05,0.25,0.15,0.208333333333333
"1400",0.05,0.0416666666666667,0.205882352941176,0.583333333333333,0.35
"1401",0.0714285714285714,0.1875,0.409090909090909,0.25,0.321428571428571
"1402",0.192307692307692,0.0714285714285714,0.366666666666667,0.05,0.208333333333333
"1403",0.05,0.0882352941176471,0.15,0.136363636363636,0.357142857142857
"1404",0.0357142857142857,0.0454545454545455,0.261904761904762,0.0833333333333333,NA
"1405",0.0555555555555556,0.136363636363636,0.115384615384615,0.388888888888889,0.3
"1406",0.115384615384615,0.05,0.227272727272727,0.35,0.708333333333333
"1407",0.25,0.0625,0.5,0.289473684210526,0.346153846153846
"1408",0.166666666666667,0.05,0.321428571428571,0.227272727272727,0.388888888888889
"1409",0.28125,0.166666666666667,0.227272727272727,0.25,0.5
"1410",0.0384615384615385,0.05,0.318181818181818,0.0714285714285714,0.464285714285714
"1411",0.0555555555555556,0.15,0.318181818181818,0.388888888888889,0.277777777777778
"1412",0.05,0.0277777777777778,0.289473684210526,0.166666666666667,NA
"1413",0.0384615384615385,0.0454545454545455,0.291666666666667,0.136363636363636,0.318181818181818
"1414",0.0454545454545455,0.15,0.05,0.178571428571429,0.5
"1415",0.1,0.0714285714285714,0.05,0.136363636363636,0.388888888888889
"1416",0.0714285714285714,0.0555555555555556,0.227272727272727,0.3,0.409090909090909
"1417",0.0454545454545455,0.0416666666666667,0.25,0.0714285714285714,0.5625
"1418",0.0416666666666667,0.0714285714285714,0.458333333333333,0.3125,0.472222222222222
"1419",0.05,0.0625,0.5,0.25,0.25
"1420",0.136363636363636,0.192307692307692,0.0454545454545455,0.214285714285714,0.642857142857143
"1421",0.0555555555555556,0.0555555555555556,0.205882352941176,0.227272727272727,0.227272727272727
"1422",0.0333333333333333,0.0416666666666667,0.305555555555556,0.227272727272727,NA
"1423",0.0416666666666667,0.115384615384615,0.269230769230769,0.45,0.0714285714285714
"1424",0.0416666666666667,0.05,0.361111111111111,0.227272727272727,NA
"1425",0.0681818181818182,0.194444444444444,0.178571428571429,NA,NA
"1426",0.166666666666667,0.05,0.115384615384615,0.0384615384615385,0.55
"1427",0.0384615384615385,0.0714285714285714,0.107142857142857,0.366666666666667,0.357142857142857
"1428",0.05,0.0454545454545455,0.321428571428571,0.125,0.3125
"1429",0.115384615384615,0.192307692307692,0.194444444444444,0.25,NA
"1430",0.0714285714285714,0.0789473684210526,0.375,0.5,NA
"1431",0.0416666666666667,0.0882352941176471,0.277777777777778,0.136363636363636,0.166666666666667
"1432",0.0555555555555556,0.3,0.305555555555556,0.208333333333333,0.136363636363636
"1433",0.0714285714285714,0.166666666666667,0.227272727272727,0.166666666666667,0.227272727272727
"1434",0.15,0.15,0.388888888888889,0.0555555555555556,0.392857142857143
"1435",0.05,0.136363636363636,0.178571428571429,0.0714285714285714,0.423076923076923
"1436",0.0714285714285714,0.0454545454545455,0.25,0.318181818181818,0.53125
"1437",0.0555555555555556,0.1,0.125,0.3125,0.346153846153846
"1438",0.15,0.05,0.227272727272727,0.208333333333333,0.1875
"1439",0.115384615384615,0.0294117647058824,0.0714285714285714,0.1875,0.65
"1440",0.125,0.136363636363636,0.107142857142857,0.35,0.1875
"1441",0.0555555555555556,0.05,0.45,0.346153846153846,0.25
"1442",0.0416666666666667,0.0555555555555556,0.291666666666667,0.269230769230769,0.277777777777778
"1443",0.0714285714285714,0.0294117647058824,0.277777777777778,0.227272727272727,0.392857142857143
"1444",0.0714285714285714,0.0454545454545455,0.366666666666667,0.125,0.611111111111111
"1445",0.136363636363636,0.1875,0.45,0.3125,0.433333333333333
"1446",0.09375,0.05,0.25,0.214285714285714,0.277777777777778
"1447",0.0454545454545455,0.125,0.4375,0.3,0.166666666666667
"1448",0.0416666666666667,0.09375,0.0555555555555556,0.166666666666667,0.35
"1449",0.192307692307692,0.0714285714285714,0.0625,0.416666666666667,0.5
"1450",0.15,0.166666666666667,0.233333333333333,0.125,NA
"1451",0.0714285714285714,0.136363636363636,0.194444444444444,0.25,0.25
"1452",0.147058823529412,0.291666666666667,0.409090909090909,0.115384615384615,NA
"1453",0.0625,0.05,0.1,0.166666666666667,0.208333333333333
"1454",0.136363636363636,0.0416666666666667,0.291666666666667,0.05,0.416666666666667
"1455",0.0625,0.115384615384615,0.05,0.192307692307692,0.1875
"1456",0.0384615384615385,0.0384615384615385,0.166666666666667,0.0625,NA
"1457",0.1,0.0555555555555556,0.15,0.35,0.5
"1458",0.131578947368421,0.05,0.138888888888889,0.1,NA
"1459",0.03125,0.0555555555555556,0.45,0.125,0.5625
"1460",0.0625,0.0384615384615385,0.0714285714285714,0.125,0.366666666666667
"1461",0.166666666666667,0.0714285714285714,0.318181818181818,0.15,0.464285714285714
"1462",0.107142857142857,0.107142857142857,0.0555555555555556,0.208333333333333,0.25
"1463",0.0277777777777778,0.0555555555555556,0.233333333333333,0.1875,NA
"1464",0.05,0.0416666666666667,0.178571428571429,0.136363636363636,0.15
"1465",0.0714285714285714,0.269230769230769,0.192307692307692,0.208333333333333,0.375
"1466",0.0555555555555556,0.03125,0.227272727272727,0.4375,0.227272727272727
"1467",0.0555555555555556,0.05,0.382352941176471,0.05,0.15
"1468",0.277777777777778,0.227272727272727,0.125,0.4375,0.458333333333333
"1469",0.125,0.178571428571429,0.375,0.25,NA
"1470",0.0384615384615385,0.136363636363636,0.323529411764706,0.291666666666667,NA
"1471",0.1,0.138888888888889,0.0714285714285714,0.227272727272727,NA
"1472",0.0454545454545455,0.05,0.115384615384615,0.125,0.5
"1473",0.115384615384615,0.178571428571429,0.3,0.318181818181818,0.25
"1474",0.25,0.136363636363636,0.3,0.25,0.392857142857143
"1475",0.115384615384615,0.166666666666667,0.125,0.291666666666667,0.318181818181818
"1476",0.0454545454545455,0.0555555555555556,0.375,0.541666666666667,0.1875
"1477",0.0555555555555556,0.0454545454545455,0.357142857142857,0.321428571428571,0.45
"1478",0.0882352941176471,0.0625,0.321428571428571,0.15,0.75
"1479",0.0454545454545455,0.0416666666666667,0.305555555555556,0.125,NA
"1480",0.0625,0.0625,0.192307692307692,0.375,0.25
"1481",0.075,0.0454545454545455,0.325,0.166666666666667,NA
"1482",0.115384615384615,0.0555555555555556,0.346153846153846,0.125,0.607142857142857
"1483",0.178571428571429,0.0555555555555556,0.0555555555555556,0.166666666666667,0.1875
"1484",0.0714285714285714,0.115384615384615,0.208333333333333,0.3125,0.35
"1485",0.0454545454545455,0.09375,0.136363636363636,0.5,0.125
"1486",0.131578947368421,0.227272727272727,0.192307692307692,0.0625,0.214285714285714
"1487",0.166666666666667,0.107142857142857,0.388888888888889,0.25,0.357142857142857
"1488",0.0333333333333333,0.05,0.0555555555555556,0.318181818181818,0.45
"1489",NA,NA,NA,NA,NA
"1490",0.0555555555555556,0.136363636363636,0.423076923076923,0.0416666666666667,0.0625
"1491",0.0833333333333333,0.0384615384615385,0.15,0.25,0.291666666666667
"1492",0.214285714285714,0.0714285714285714,0.291666666666667,0.264705882352941,0.227272727272727
"1493",0.0555555555555556,0.05,0.166666666666667,0.166666666666667,0.25
"1494",0.147058823529412,0.0357142857142857,0.25,0.5,NA
"1495",0.0416666666666667,0.05,0.178571428571429,0.45,0.357142857142857
"1496",0.0555555555555556,0.192307692307692,0.05,0.45,0.25
"1497",0.0714285714285714,0.05,0.25,0.0714285714285714,0.192307692307692
"1498",0.227272727272727,0.125,0.125,0.45,0.388888888888889
"1499",0.0333333333333333,0.0714285714285714,0.25,0.208333333333333,0.4375
"1500",0.166666666666667,0.0714285714285714,0.423076923076923,0.318181818181818,0.388888888888889
"1501",0.107142857142857,0.0384615384615385,0.46875,0.3,0.125
"1502",0.1,0.214285714285714,0.277777777777778,0.227272727272727,0.541666666666667
"1503",0.0454545454545455,0.0625,0.318181818181818,0.227272727272727,0.55
"1504",0.0416666666666667,0.115384615384615,0.277777777777778,0.269230769230769,0.1875
"1505",0.0416666666666667,0.0384615384615385,0.204545454545455,0.25,NA
"1506",0.107142857142857,0.0714285714285714,0.21875,0.0555555555555556,0.5
"1507",0.0416666666666667,0.0416666666666667,0.433333333333333,0.25,NA
"1508",0.1,0.208333333333333,0.269230769230769,0.125,0.166666666666667
"1509",0.0714285714285714,0.1875,0.433333333333333,0.25,0.35
"1510",0.227272727272727,0.0416666666666667,0.25,0.0555555555555556,0.392857142857143
"1511",0.0833333333333333,0.15,0.25,0.357142857142857,0.638888888888889
"1512",0.0357142857142857,0.0416666666666667,0.25,0.323529411764706,NA
"1513",0.0333333333333333,0.03125,0.205882352941176,0.125,0.25
"1514",0.178571428571429,0.0454545454545455,0.178571428571429,0.208333333333333,NA
"1515",0.136363636363636,0.136363636363636,0.214285714285714,0.28125,0.166666666666667
"1516",0.0454545454545455,0.0357142857142857,0.28125,0.25,NA
"1517",0.09375,0.0384615384615385,0.269230769230769,0.1875,0.277777777777778
"1518",0.0384615384615385,0.0555555555555556,0.25,0.21875,0.0833333333333333
"1519",0.0681818181818182,0.05,0.392857142857143,0.25,NA
"1520",0.0416666666666667,0.0416666666666667,0.3,0.15,0.5625
"1521",0.0714285714285714,0.136363636363636,0.375,0.382352941176471,0.5625
"1522",0.115384615384615,0.138888888888889,0.194444444444444,0.0625,NA
"1523",0.136363636363636,0.05,0.0625,0.264705882352941,0.318181818181818
"1524",0.136363636363636,0.225,0.192307692307692,0.1,NA
"1525",0.0416666666666667,0.0454545454545455,0.166666666666667,0.166666666666667,NA
"1526",0.0384615384615385,0.0384615384615385,0.392857142857143,0.1875,0.357142857142857
"1527",0.05,0.0416666666666667,0.1,0.321428571428571,0.5
"1528",0.0416666666666667,0.1,0.125,0.233333333333333,0.3
"1529",0.21875,0.0555555555555556,0.21875,0.208333333333333,NA
"1530",0.0555555555555556,0.0714285714285714,0.264705882352941,0.416666666666667,0.5
"1531",0.0714285714285714,0.136363636363636,0.125,0.28125,0.1875
"1532",0.0454545454545455,0.0625,0.192307692307692,0.227272727272727,0.458333333333333
"1533",0.1,0.0357142857142857,0.214285714285714,0.277777777777778,0.291666666666667
"1534",0.166666666666667,0.0833333333333333,0.321428571428571,0.318181818181818,NA
"1535",0.0357142857142857,0.0416666666666667,0.15,0.0555555555555556,0.318181818181818
"1536",0.178571428571429,0.0555555555555556,0.05,0.0714285714285714,0.45
"1537",0.0714285714285714,0.0714285714285714,0.233333333333333,0.227272727272727,0.318181818181818
"1538",0.0384615384615385,0.0714285714285714,0.233333333333333,0.0714285714285714,0.458333333333333
"1539",0.0555555555555556,0.0416666666666667,0.321428571428571,0.166666666666667,0.388888888888889
"1540",0.05,0.0416666666666667,0.3125,0.45,0.607142857142857
"1541",0.0625,0.131578947368421,0.291666666666667,0.178571428571429,NA
"1542",0.0714285714285714,0.1,0.318181818181818,0.227272727272727,0.388888888888889
"1543",0.0454545454545455,0.0714285714285714,0.166666666666667,0.09375,0.4375
"1544",0.166666666666667,0.0714285714285714,0.3,0.166666666666667,0.192307692307692
"1545",0.0333333333333333,0.0555555555555556,0.0833333333333333,0.233333333333333,0.277777777777778
"1546",0.0714285714285714,0.107142857142857,0.0555555555555556,0.25,0.458333333333333
"1547",0.0454545454545455,0.15,0.291666666666667,0.115384615384615,0.25
"1548",0.0555555555555556,0.125,0.3,0.0625,0.409090909090909
"1549",0.125,0.115384615384615,0.178571428571429,0.166666666666667,0.15
"1550",0.125,0.125,0.194444444444444,0.208333333333333,NA
"1551",0.0681818181818182,0.107142857142857,0.25,0.166666666666667,NA
"1552",0.03125,0.136363636363636,0.0454545454545455,0.321428571428571,NA
"1553",0.0625,0.1,0.277777777777778,0.192307692307692,0.214285714285714
"1554",0.0454545454545455,0.03125,0.5,0.28125,0.4375
"1555",0.0384615384615385,0.1875,0.0625,0.346153846153846,0.166666666666667
"1556",0.0454545454545455,0.0357142857142857,0.34375,0.5,0.7
"1557",0.0357142857142857,0.125,0.270833333333333,0.25,NA
"1558",0.05,0.136363636363636,0.318181818181818,0.4375,0.464285714285714
"1559",0.0714285714285714,0.0416666666666667,0.125,0.166666666666667,0.15
"1560",0.0714285714285714,0.166666666666667,0.233333333333333,0.277777777777778,0.25
"1561",0.05,0.0714285714285714,0.35,0.291666666666667,0.269230769230769
"1562",0.0454545454545455,0.277777777777778,0.375,0.269230769230769,0.590909090909091
"1563",0.0416666666666667,0.0416666666666667,0.277777777777778,0.115384615384615,0.611111111111111
"1564",0.0555555555555556,0.192307692307692,0.166666666666667,0.25,0.388888888888889
"1565",0.05,0.0555555555555556,0.25,0.25,0.318181818181818
"1566",0.05,0.0714285714285714,0.269230769230769,0.35,0.464285714285714
"1567",0.0714285714285714,0.05,0.35,0.25,0.208333333333333
"1568",0.15,0.05,0.34375,0.277777777777778,0.388888888888889
"1569",0.136363636363636,0.107142857142857,0.21875,0.15,NA
"1570",0.0357142857142857,0.0714285714285714,0.166666666666667,0.0714285714285714,0.5625
"1571",0.0384615384615385,0.125,0.318181818181818,0.0555555555555556,0.55
"1572",0.0652173913043478,0.0416666666666667,0.194444444444444,NA,NA
"1573",0.25,0.227272727272727,0.192307692307692,0.3,0.416666666666667
"1574",0.115384615384615,0.192307692307692,0.583333333333333,0.21875,0.3125
"1575",0.227272727272727,0.0416666666666667,0.15625,0.5,0.583333333333333
"1576",0.05,0.0625,0.15625,0.318181818181818,0.375
"1577",0.0454545454545455,0.0357142857142857,0.166666666666667,0.291666666666667,0.277777777777778
"1578",0.0454545454545455,0.192307692307692,0.192307692307692,0.5,0.583333333333333
"1579",0.0416666666666667,0.136363636363636,0.15625,0.357142857142857,0.214285714285714
"1580",0.125,0.0555555555555556,0.409090909090909,0.277777777777778,0.423076923076923
"1581",0.05,0.0416666666666667,0.05,0.166666666666667,0.227272727272727
"1582",0.0555555555555556,0.0714285714285714,0.3125,0.318181818181818,0.441176470588235
"1583",0.0714285714285714,0.233333333333333,0.269230769230769,0.15,0.409090909090909
"1584",0.05,0.0454545454545455,0.3,0.45,0.5625
"1585",0.03125,0.1,0.1,NA,NA
"1586",0.1,0.0555555555555556,0.0454545454545455,0.0555555555555556,0.357142857142857
"1587",0.0416666666666667,0.125,0.269230769230769,0.214285714285714,0.388888888888889
"1588",0.05,0.0625,0.388888888888889,0.433333333333333,0.464285714285714
"1589",0.0416666666666667,0.0384615384615385,0.166666666666667,0.0714285714285714,0.318181818181818
"1590",0.0416666666666667,0.0833333333333333,0.392857142857143,0.375,0.3125
"1591",0.0714285714285714,0.115384615384615,0.152173913043478,0.15,NA
"1592",0.125,0.0384615384615385,0.0625,0.166666666666667,NA
"1593",0.0294117647058824,0.0384615384615385,0.3,0.291666666666667,NA
"1594",0.0454545454545455,0.05,0.233333333333333,0.34375,NA
"1595",0.0384615384615385,0.136363636363636,0.318181818181818,0.166666666666667,0.5
"1596",0.136363636363636,0.09375,0.204545454545455,NA,NA
"1597",0.0625,0.0555555555555556,0.25,0.227272727272727,0.178571428571429
"1598",0.0714285714285714,0.0714285714285714,0.125,0.107142857142857,NA
"1599",0.0714285714285714,0.0714285714285714,0.166666666666667,0.264705882352941,0.25
"1600",0.0454545454545455,0.0714285714285714,0.45,0.136363636363636,0.291666666666667
"1601",0.166666666666667,0.0555555555555556,0.178571428571429,0.178571428571429,NA
"1602",0.15,0.0416666666666667,0.321428571428571,0.214285714285714,0.45
"1603",0.107142857142857,0.05,0.208333333333333,0.318181818181818,0.214285714285714
"1604",0.115384615384615,0.15,0.277777777777778,0.136363636363636,0.541666666666667
"1605",0.0714285714285714,0.0333333333333333,0.208333333333333,0.25,0.1
"1606",0.15,0.0833333333333333,0.388888888888889,0.0714285714285714,0.382352941176471
"1607",0.1,0.277777777777778,0.392857142857143,0.0625,0.5
"1608",0.125,0.0714285714285714,0.136363636363636,0.05,0.392857142857143
"1609",0.0333333333333333,0.0384615384615385,0.236842105263158,0.125,0.125
"1610",0.0714285714285714,0.131578947368421,0.323529411764706,0.318181818181818,NA
"1611",0.1,0.107142857142857,0.15,0.0416666666666667,0.625
"1612",0.277777777777778,0.1,0.05,0.25,0.45
"1613",0.192307692307692,0.115384615384615,0.115384615384615,0.166666666666667,0.4375
"1614",0.0555555555555556,0.05,0.0714285714285714,0.25,0.346153846153846
"1615",0.0454545454545455,0.147058823529412,0.321428571428571,0.416666666666667,NA
"1616",0.0416666666666667,0.136363636363636,0.388888888888889,0.05,0.35
"1617",0.1,0.0416666666666667,0.28125,0.5,0.3
"1618",0.0555555555555556,0.0416666666666667,0.0714285714285714,0.15,0.321428571428571
"1619",0.0416666666666667,0.05,0.208333333333333,0.25,0.269230769230769
"1620",0.05,0.125,0.15,0.3,0.5
"1621",0.0833333333333333,0.192307692307692,0.269230769230769,0.1875,0.4375
"1622",0.0454545454545455,0.138888888888889,0.125,0.388888888888889,NA
"1623",0.166666666666667,0.166666666666667,0.388888888888889,0.05,0.388888888888889
"1624",0.0454545454545455,0.0714285714285714,0.0384615384615385,0.375,0.611111111111111
"1625",0.25,0.05,0.3125,0.192307692307692,0.681818181818182
"1626",0.0416666666666667,0.0357142857142857,0.208333333333333,0.277777777777778,NA
"1627",0.166666666666667,0.0416666666666667,0.15,0.35,0.5
"1628",0.05,0.25,0.25,0.3,0.15
"1629",0.1,0.0357142857142857,0.15625,0.214285714285714,0.291666666666667
"1630",0.0384615384615385,0.0714285714285714,0.321428571428571,0.208333333333333,0.25
"1631",0.125,0.25,0.5,0.21875,0.5
"1632",0.1875,0.0555555555555556,0.125,0.318181818181818,0.346153846153846
"1633",0.15625,0.107142857142857,0.28125,0.416666666666667,0.0833333333333333
"1634",0.0454545454545455,0.05,0.269230769230769,0.1,0.590909090909091
"1635",0.0454545454545455,0.09375,0.05,0.4375,0.35
"1636",0.05,0.166666666666667,0.125,0.15625,0.214285714285714
"1637",0.0555555555555556,0.0416666666666667,0.107142857142857,0.318181818181818,0.15
"1638",0.125,0.192307692307692,0.21875,0.214285714285714,0.55
"1639",0.1875,0.0454545454545455,0.1875,0.35,0.535714285714286
"1640",0.0714285714285714,0.125,0.25,0.0625,0.5
"1641",0.125,0.03125,0.0833333333333333,0.388888888888889,0.409090909090909
"1642",0.115384615384615,0.0555555555555556,0.166666666666667,0.192307692307692,NA
"1643",0.05,0.0454545454545455,0.0555555555555556,0.194444444444444,0.214285714285714
"1644",0.0714285714285714,0.125,0.269230769230769,0.233333333333333,0.0833333333333333
"1645",0.125,0.125,0.388888888888889,0.21875,0.25
"1646",0.214285714285714,0.0625,0.291666666666667,0.15,0.566666666666667
"1647",0.0714285714285714,0.05,0.318181818181818,0.34375,0.15
"1648",0.136363636363636,0.0416666666666667,0.175,0.318181818181818,NA
"1649",0.03125,0.0357142857142857,0.386363636363636,NA,NA
"1650",0.05,0.0384615384615385,0.318181818181818,0.25,0.0714285714285714
"1651",0.0416666666666667,0.15625,0.277777777777778,0.214285714285714,0.5625
"1652",0.136363636363636,0.214285714285714,0.1875,0.277777777777778,0.441176470588235
"1653",0.184210526315789,0.0555555555555556,0.166666666666667,0.0833333333333333,0.318181818181818
"1654",0.166666666666667,0.214285714285714,0.21875,0.15625,0.25
"1655",0.115384615384615,0.25,0.34375,0.25,0.25
"1656",0.15,0.227272727272727,0.346153846153846,0.277777777777778,0.409090909090909
"1657",0.05,0.0555555555555556,0.233333333333333,0.346153846153846,0.388888888888889
"1658",0.15625,0.107142857142857,0.1875,0.25,0.166666666666667
"1659",0.0714285714285714,0.21875,0.0416666666666667,0.25,0.681818181818182
"1660",0.05,0.09375,0.264705882352941,0.0714285714285714,0.388888888888889
"1661",0.0714285714285714,0.0714285714285714,0.225,0.1875,0.4375
"1662",0.09375,0.0555555555555556,0.0416666666666667,0.25,0.583333333333333
"1663",0.0454545454545455,0.115384615384615,0.3125,0.166666666666667,0.611111111111111
"1664",0.0454545454545455,0.05,0.277777777777778,0.357142857142857,0.208333333333333
"1665",0.0833333333333333,0.075,0.423076923076923,NA,NA
"1666",0.0833333333333333,0.0714285714285714,0.178571428571429,0.318181818181818,0.346153846153846
"1667",0.125,0.15,0.409090909090909,0.277777777777778,0.269230769230769
"1668",0.0416666666666667,0.05,0.25,0.318181818181818,0.166666666666667
"1669",0.0384615384615385,0.115384615384615,0.5,0.3125,0.192307692307692
"1670",0.1,0.0416666666666667,0.264705882352941,0.277777777777778,NA
"1671",0.0357142857142857,0.0625,0.15,0.0714285714285714,0.5
"1672",0.0714285714285714,0.0454545454545455,0.136363636363636,0.269230769230769,0.346153846153846
"1673",0.0416666666666667,0.107142857142857,0.125,0.416666666666667,0.277777777777778
"1674",0.05,0.0833333333333333,0.107142857142857,0.346153846153846,0.214285714285714
"1675",0.0333333333333333,0.15,0.15,0.388888888888889,0.214285714285714
"1676",0.05,0.208333333333333,0.375,0.25,0.458333333333333
"1677",0.0454545454545455,0.05,0.25,0.277777777777778,0.5625
"1678",0.0454545454545455,0.25,0.291666666666667,0.1875,0.366666666666667
"1679",0.0555555555555556,0.0416666666666667,0.423076923076923,0.541666666666667,0.1875
"1680",0.05,0.115384615384615,0.269230769230769,0.458333333333333,0.227272727272727
"1681",0.0555555555555556,0.0555555555555556,0.208333333333333,0.21875,0.277777777777778
"1682",NA,NA,NA,NA,NA
"1683",0.0238095238095238,0.0555555555555556,0.09375,0.375,0.375
"1684",0.0416666666666667,0.05,0.131578947368421,0.388888888888889,NA
"1685",0.166666666666667,0.25,0.269230769230769,0.15625,0.833333333333333
"1686",0.05,0.0416666666666667,0.178571428571429,0.583333333333333,0.321428571428571
"1687",0.0555555555555556,0.0416666666666667,0.136363636363636,0.291666666666667,0.277777777777778
"1688",0.0416666666666667,0.0454545454545455,0.409090909090909,0.15,0.5
"1689",0.05,0.0555555555555556,0.269230769230769,0.433333333333333,0.25
"1690",0.05,0.09375,0.15,0.192307692307692,0.5
"1691",0.0555555555555556,0.15,0.233333333333333,0.0555555555555556,0.346153846153846
"1692",0.0416666666666667,0.115384615384615,0.264705882352941,0.25,NA
"1693",0.15,0.0625,0.433333333333333,0.227272727272727,0.5
"1694",0.05,0.0714285714285714,0.404761904761905,0.0454545454545455,0.357142857142857
"1695",0.25,0.0625,0.28125,0.416666666666667,0.357142857142857
"1696",0.09375,0.05,0.205882352941176,0.277777777777778,0.583333333333333
"1697",0.0625,0.166666666666667,0.107142857142857,0.227272727272727,0.277777777777778
"1698",0.0454545454545455,0.0454545454545455,0.227272727272727,0.136363636363636,0.55
"1699",0.0454545454545455,0.1,0.318181818181818,0.0625,0.4375
"1700",0.107142857142857,0.0416666666666667,0.269230769230769,0.321428571428571,NA
"1701",0.0454545454545455,0.0555555555555556,0.166666666666667,0.192307692307692,0.25
"1702",0.0416666666666667,0.214285714285714,0.35,0.28125,0.388888888888889
"1703",0.0714285714285714,0.05,0.346153846153846,0.3,0.291666666666667
"1704",0.05,0.166666666666667,0.136363636363636,0.192307692307692,0.346153846153846
"1705",0.0454545454545455,0.318181818181818,0.115384615384615,0.416666666666667,0.5625
"1706",0.05,0.0714285714285714,0.277777777777778,0.25,0.35
"1707",0.15,0.166666666666667,0.0714285714285714,0.269230769230769,0.346153846153846
"1708",0.0714285714285714,0.0555555555555556,0.409090909090909,0.15,0.5
"1709",0.125,0.05,0.1875,0.388888888888889,0.269230769230769
"1710",0.0714285714285714,0.125,0.388888888888889,0.277777777777778,0.227272727272727
"1711",0.05,0.0555555555555556,0.3,0.166666666666667,0.409090909090909
"1712",0.0714285714285714,0.0555555555555556,0.25,0.346153846153846,0.318181818181818
"1713",0.0555555555555556,0.15,0.115384615384615,0.0714285714285714,0.458333333333333
"1714",0.05,0.208333333333333,0.214285714285714,0.55,0.208333333333333
"1715",0.0555555555555556,0.0833333333333333,0.35,0.3,0.28125
"1716",0.0416666666666667,0.227272727272727,0.3,0.583333333333333,0.4375
"1717",0.0555555555555556,0.05,0.21875,0.115384615384615,0.5
"1718",0.0714285714285714,0.0416666666666667,0.25,0.208333333333333,0.25
"1719",0.0454545454545455,0.0416666666666667,0.346153846153846,0.441176470588235,NA
"1720",0.0384615384615385,0.178571428571429,0.277777777777778,0.583333333333333,0.269230769230769
"1721",0.125,0.0625,0.321428571428571,0.25,0.590909090909091
"1722",0.1,0.0555555555555556,0.107142857142857,0.25,0.392857142857143
"1723",0.0416666666666667,0.0555555555555556,0.318181818181818,0.277777777777778,0.366666666666667
"1724",0.0714285714285714,0.03125,0.291666666666667,0.0454545454545455,0.25
"1725",0.0555555555555556,0.05,0.15625,0.375,0.305555555555556
"1726",0.0357142857142857,0.0416666666666667,0.282608695652174,NA,NA
"1727",0.125,0.0555555555555556,0.227272727272727,0.227272727272727,0.214285714285714
"1728",0.0454545454545455,0.0625,0.208333333333333,0.28125,0.125
"1729",0.125,0.25,0.208333333333333,0.1875,0.55
"1730",0.0714285714285714,0.0625,0.423076923076923,0.0625,0.323529411764706
"1731",0.0714285714285714,0.0454545454545455,0.25,0.264705882352941,0.388888888888889
"1732",0.1875,0.0384615384615385,0.227272727272727,0.136363636363636,0.269230769230769
"1733",0.0454545454545455,0.0555555555555556,0.227272727272727,0.346153846153846,0.5
"1734",0.0384615384615385,0.0416666666666667,0.0625,0.0555555555555556,0.409090909090909
"1735",0.025,0.0714285714285714,0.642857142857143,0.136363636363636,0.357142857142857
"1736",0.0384615384615385,0.05,0.45,0.1875,0.277777777777778
"1737",0.0555555555555556,0.227272727272727,0.388888888888889,0.208333333333333,0.35
"1738",0.0555555555555556,0.125,0.458333333333333,0.21875,0.166666666666667
"1739",0.0833333333333333,0.0714285714285714,0.192307692307692,0.194444444444444,0.269230769230769
"1740",0.0454545454545455,0.0555555555555556,0.25,0.1875,0.375
"1741",0.136363636363636,0.0555555555555556,0.269230769230769,0.15,0.375
"1742",0.0714285714285714,0.0454545454545455,0.423076923076923,0.423076923076923,0.388888888888889
"1743",0.138888888888889,0.0625,0.34375,0.416666666666667,0.3
"1744",0.15,0.05,0.25,0.125,0.35
"1745",0.0384615384615385,0.0454545454545455,0.0833333333333333,0.0454545454545455,NA
"1746",0.0555555555555556,0.125,0.15,0.269230769230769,0.458333333333333
"1747",0.15,0.0416666666666667,0.0714285714285714,0.0714285714285714,0.34375
"1748",0.0454545454545455,0.0625,0.375,0.166666666666667,0.277777777777778
"1749",0.05,0.115384615384615,0.0714285714285714,0.25,0.346153846153846
"1750",0.0357142857142857,0.05,0.321428571428571,0.318181818181818,NA
"1751",0.0882352941176471,0.0357142857142857,0.125,0.357142857142857,0.642857142857143
"1752",0.0555555555555556,0.0454545454545455,0.0714285714285714,0.277777777777778,0.46875
"1753",0.147058823529412,0.0454545454545455,0.25,NA,NA
"1754",0.136363636363636,0.0625,0.1875,0.277777777777778,0.233333333333333
"1755",0.1,0.0555555555555556,0.227272727272727,0.227272727272727,0.25
"1756",0.05,0.05,0.0625,0.208333333333333,0.464285714285714
"1757",0.0555555555555556,0.205882352941176,0.0833333333333333,0.125,0.1875
"1758",0.166666666666667,0.136363636363636,0.0454545454545455,0.178571428571429,0.15
"1759",0.0454545454545455,0.0416666666666667,0.166666666666667,0.1875,0.625
"1760",0.05,0.1875,0.208333333333333,0.178571428571429,0.318181818181818
"1761",0.0357142857142857,0.0384615384615385,0.34375,0.277777777777778,NA
"1762",0.115384615384615,0.0416666666666667,0.214285714285714,0.5,NA
"1763",0.0714285714285714,0.05,0.107142857142857,0.136363636363636,0.625
"1764",0.107142857142857,0.0454545454545455,0.25,0.178571428571429,0.3
"1765",0.0454545454545455,0.0555555555555556,0.321428571428571,0.0555555555555556,0.5625
"1766",0.05,0.0555555555555556,0.321428571428571,0.21875,0.125
"1767",0.166666666666667,0.0555555555555556,0.05,0.115384615384615,0.5
"1768",0.136363636363636,0.125,0.45,0.45,0.277777777777778
"1769",0.0384615384615385,0.0333333333333333,0.3125,0.0555555555555556,0.55
"1770",0.0333333333333333,0.06,0.269230769230769,NA,NA
"1771",0.0714285714285714,0.115384615384615,0.15625,0.25,0.214285714285714
"1772",0.0357142857142857,0.09375,0.15,0.0714285714285714,0.0714285714285714
"1773",0.05,0.15625,0.05,0.136363636363636,0.4375
"1774",0.136363636363636,0.0384615384615385,0.277777777777778,0.0555555555555556,0.375
"1775",0.0714285714285714,0.0384615384615385,0.269230769230769,0.227272727272727,0.35
"1776",0.0714285714285714,0.277777777777778,0.291666666666667,0.178571428571429,0.0625
"1777",0.0555555555555556,0.178571428571429,0.291666666666667,0.0714285714285714,0.541666666666667
"1778",0.05,0.0454545454545455,0.125,0.318181818181818,0.375
"1779",0.0384615384615385,0.0555555555555556,0.192307692307692,0.269230769230769,0.166666666666667
"1780",0.03125,0.03125,0.35,0.35,0.166666666666667
"1781",0.0277777777777778,0.0416666666666667,0.0454545454545455,0.208333333333333,NA
"1782",0.0333333333333333,0.05,0.375,0.25,0.3125
"1783",0.131578947368421,0.1875,0.375,0.409090909090909,NA
"1784",0.0416666666666667,0.178571428571429,0.388888888888889,0.05,0.409090909090909
"1785",0.0357142857142857,0.277777777777778,0.425,0.15,NA
"1786",0.0384615384615385,0.115384615384615,0.5,0.388888888888889,0.214285714285714
"1787",0.119047619047619,0.0833333333333333,0.269230769230769,0.375,NA
"1788",0.0357142857142857,0.269230769230769,0.323529411764706,0.357142857142857,NA
"1789",0.0294117647058824,0.227272727272727,0.269230769230769,0.125,0.357142857142857
"1790",0.0357142857142857,0.0714285714285714,0.321428571428571,0.3125,0.208333333333333
"1791",0.0714285714285714,0.125,0.366666666666667,0.25,0.590909090909091
"1792",0.166666666666667,0.15,0.291666666666667,0.115384615384615,0.208333333333333
"1793",0.0416666666666667,0.0384615384615385,0.291666666666667,0.5,0.277777777777778
"1794",0.0555555555555556,0.0416666666666667,0.295454545454545,0.5,NA
"1795",0.05,0.147058823529412,0.375,0.0714285714285714,0.35
"1796",0.0625,0.0714285714285714,0.25,0.375,0.28125
"1797",0.05,0.25,0.178571428571429,0.214285714285714,0.291666666666667
"1798",0.05,0.136363636363636,0.388888888888889,0.208333333333333,0.214285714285714
"1799",0.125,0.125,0.35,0.125,0.0625
"1800",0.0555555555555556,0.0882352941176471,0.323529411764706,0.1,0.5
"1801",0.0714285714285714,0.5,0.269230769230769,0.166666666666667,0.1875
"1802",0.0555555555555556,0.269230769230769,0.05,0.0714285714285714,0.535714285714286
"1803",0.0833333333333333,0.166666666666667,0.346153846153846,0.0882352941176471,0.3
"1804",0.166666666666667,0.125,0.366666666666667,0.136363636363636,0.3
"1805",0.0277777777777778,0.0714285714285714,0.136363636363636,0.35,0.5
"1806",0.136363636363636,0.0416666666666667,0.125,0.5,0.722222222222222
"1807",0.0357142857142857,0.346153846153846,0.25,0.25,0.166666666666667
"1808",0.05,0.115384615384615,0.205882352941176,0.0625,0.35
"1809",0.115384615384615,0.0555555555555556,0.0454545454545455,0.15,0.25
"1810",0.0882352941176471,0.291666666666667,0.0555555555555556,0.45,0.166666666666667
"1811",0.15,0.0416666666666667,0.388888888888889,0.166666666666667,0.55
"1812",0.0555555555555556,0.05,0.208333333333333,0.583333333333333,0.323529411764706
"1813",0.147058823529412,0.0555555555555556,0.1875,0.192307692307692,0.5
"1814",0.0625,0.0416666666666667,0.318181818181818,0.464285714285714,0.388888888888889
"1815",0.05,0.0454545454545455,0.433333333333333,0.0714285714285714,0.388888888888889
"1816",0.05,0.0357142857142857,0.227272727272727,0.125,0.5
"1817",0.15,0.0714285714285714,0.136363636363636,0.28125,0.45
"1818",0.192307692307692,0.28125,0.1875,0.0714285714285714,0.366666666666667
"1819",0.136363636363636,0.115384615384615,0.388888888888889,0.0625,0.3125
"1820",0.0714285714285714,0.107142857142857,0.1875,0.318181818181818,0.15
"1821",0.05,0.125,0.346153846153846,0.15,0.5
"1822",0.0555555555555556,0.0357142857142857,0.388888888888889,0.125,0.227272727272727
"1823",0.0714285714285714,0.0294117647058824,0.277777777777778,0.264705882352941,0.125
"1824",0.0416666666666667,0.125,0.214285714285714,0.0416666666666667,0.15
"1825",0.0384615384615385,0.136363636363636,0.205882352941176,0.375,NA
"1826",0.0555555555555556,0.214285714285714,0.25,0.15625,0.125
"1827",0.3125,0.0555555555555556,0.277777777777778,0.291666666666667,0.458333333333333
"1828",0.0416666666666667,0.15,0.136363636363636,0.277777777777778,0.318181818181818
"1829",0.0416666666666667,0.318181818181818,0.208333333333333,0.0555555555555556,0.0555555555555556
"1830",0.0333333333333333,0.125,0.388888888888889,0.208333333333333,0.6875
"1831",0.166666666666667,0.0454545454545455,0.366666666666667,0.205882352941176,NA
"1832",0.05,0.0454545454545455,0.392857142857143,0.25,0.3125
"1833",0.0625,0.0333333333333333,0.409090909090909,0.45,0.388888888888889
"1834",0.0625,0.0454545454545455,0.321428571428571,0.227272727272727,0.318181818181818
"1835",0.0714285714285714,0.0277777777777778,0.3125,0.192307692307692,0.3125
"1836",0.0555555555555556,0.136363636363636,0.194444444444444,0.15,0.6875
"1837",0.0454545454545455,0.05,0.25,0.45,0.433333333333333
"1838",0.0416666666666667,0.0454545454545455,0.21875,0.0555555555555556,0.5
"1839",0.25,0.125,0.375,0.233333333333333,0.1875
"1840",0.0416666666666667,0.277777777777778,0.214285714285714,0.115384615384615,0.346153846153846
"1841",0.0454545454545455,0.1,0.357142857142857,0.375,0.388888888888889
"1842",0.0333333333333333,0.09375,0.269230769230769,0.0625,NA
"1843",0.0625,0.25,0.0555555555555556,0.0882352941176471,0.5625
"1844",0.0454545454545455,0.05,0.107142857142857,0.1875,0.3125
"1845",0.107142857142857,0.0714285714285714,0.346153846153846,0.214285714285714,0.409090909090909
"1846",0.0714285714285714,0.166666666666667,0.346153846153846,0.25,0.25
"1847",0.05,0.136363636363636,0.291666666666667,0.208333333333333,0.5
"1848",0.0833333333333333,0.208333333333333,0.25,0.115384615384615,0.458333333333333
"1849",0.05,0.125,0.05,0.0714285714285714,0.1
"1850",0.0357142857142857,0.0454545454545455,0.0454545454545455,0.0714285714285714,0.318181818181818
"1851",0.05,0.05,0.5,0.366666666666667,0.227272727272727
"1852",0.0357142857142857,0.107142857142857,0.0555555555555556,0.0416666666666667,0.0714285714285714
"1853",0.0454545454545455,0.0416666666666667,0.0882352941176471,0.136363636363636,0.416666666666667
"1854",0.136363636363636,0.0454545454545455,0.25,0.0625,0.0714285714285714
"1855",0.0416666666666667,0.0384615384615385,0.392857142857143,0.3,0.0555555555555556
"1856",0.1,0.269230769230769,0.305555555555556,0.5,NA
"1857",0.192307692307692,0.125,0.5,0.25,0.366666666666667
"1858",0.0384615384615385,0.0555555555555556,0.3125,0.166666666666667,0.45
"1859",0.0555555555555556,0.0416666666666667,0.375,0.277777777777778,0.0625
"1860",0.0789473684210526,0.107142857142857,0.3,NA,NA
"1861",0.05,0.0625,0.357142857142857,0.21875,0.4375
"1862",0.0714285714285714,0.0714285714285714,0.45,0.208333333333333,0.21875
"1863",0.0714285714285714,0.05,0.1875,0.55,0.35
"1864",0.0454545454545455,0.192307692307692,0.423076923076923,0.233333333333333,NA
"1865",0.0555555555555556,0.115384615384615,0.269230769230769,0.35,0.5
"1866",0.0714285714285714,0.0625,0.291666666666667,0.34375,0.5
"1867",0.166666666666667,0.1875,0.227272727272727,0.34375,0.45
"1868",0.0384615384615385,0.214285714285714,0.321428571428571,0.277777777777778,0.5
"1869",0.0333333333333333,0.0416666666666667,0.0625,0.214285714285714,0.214285714285714
"1870",0.115384615384615,0.0416666666666667,0.1,0.277777777777778,0.5
"1871",0.0384615384615385,0.0384615384615385,0.5,0.366666666666667,0.416666666666667
"1872",0.0555555555555556,0.136363636363636,0.0555555555555556,0.346153846153846,0.1875
"1873",0.05,0.0833333333333333,0.25,0.25,0.5
"1874",0.05,0.1875,0.15,0.291666666666667,0.375
"1875",0.107142857142857,0.0416666666666667,0.208333333333333,0.0625,0.277777777777778
"1876",0.1,0.138888888888889,0.125,0.35,0.541666666666667
"1877",0.0833333333333333,0.0357142857142857,0.277777777777778,0.0416666666666667,0.166666666666667
"1878",0.0555555555555556,0.125,0.4375,0.45,0.291666666666667
"1879",0.0357142857142857,0.136363636363636,0.0714285714285714,0.269230769230769,0.1
"1880",0.0789473684210526,0.0416666666666667,0.214285714285714,0.0833333333333333,0.5
"1881",0.09375,0.05,0.166666666666667,0.625,0.25
"1882",0.15,0.0384615384615385,0.107142857142857,0.277777777777778,0.45
"1883",0.0416666666666667,0.115384615384615,0.3125,0.3,0.1
"1884",0.0555555555555556,0.25,0.125,0.227272727272727,0.416666666666667
"1885",0.0714285714285714,0.1,0.0714285714285714,0.318181818181818,0.576923076923077
"1886",0.03125,0.05,0.25,0.5625,0.4375
"1887",0.15,0.0416666666666667,0.166666666666667,0.318181818181818,0.0833333333333333
"1888",0.0625,0.0333333333333333,0.15,0.192307692307692,0.458333333333333
"1889",0.136363636363636,0.166666666666667,0.208333333333333,0.15,0.5
"1890",0.1,0.269230769230769,0.321428571428571,0.291666666666667,0.5
"1891",0.131578947368421,0.0625,0.321428571428571,0.291666666666667,NA
"1892",0.0384615384615385,0.0555555555555556,0.0555555555555556,0.125,0.214285714285714
"1893",0.09375,0.0416666666666667,0.305555555555556,0.5,0.125
"1894",0.0555555555555556,0.0357142857142857,0.0625,0.0357142857142857,0.318181818181818
"1895",0.0454545454545455,0.0555555555555556,0.35,0.45,0.318181818181818
"1896",0.0625,0.115384615384615,0.3125,0.166666666666667,0.5
"1897",0.115384615384615,0.15,0.25,0.166666666666667,0.5
"1898",0.0384615384615385,0.107142857142857,0.166666666666667,0.25,0.4375
"1899",0.125,0.15,0.125,0.136363636363636,0.25
"1900",0.0625,0.0454545454545455,0.323529411764706,0.166666666666667,0.833333333333333
"1901",0.05,0.0416666666666667,0.321428571428571,0.291666666666667,NA
"1902",0.0384615384615385,0.0555555555555556,0.25,0.166666666666667,0.166666666666667
"1903",0.0625,0.1,0.269230769230769,0.4375,0.3
"1904",0.136363636363636,0.0714285714285714,0.388888888888889,0.269230769230769,0.55
"1905",0.0625,0.0454545454545455,0.318181818181818,0.35,0.269230769230769
"1906",0.0714285714285714,0.1875,0.291666666666667,0.178571428571429,0.34375
"1907",0.05,0.166666666666667,0.321428571428571,0.15,0.388888888888889
"1908",0.05,0.05,0.277777777777778,0.291666666666667,0.277777777777778
"1909",0.0882352941176471,0.0714285714285714,0.35,0.291666666666667,0.5625
"1910",0.0416666666666667,0.0555555555555556,0.0555555555555556,0.214285714285714,0.233333333333333
"1911",0.0833333333333333,0.09375,0.178571428571429,NA,NA
"1912",0.35,0.0555555555555556,0.166666666666667,0.25,0.375
"1913",0.115384615384615,0.214285714285714,0.25,0.166666666666667,0.35
"1914",0.0625,0.166666666666667,0.642857142857143,0.35,0.5
"1915",0.0925925925925926,0.166666666666667,0.28125,0.5,NA
"1916",0.0555555555555556,0.291666666666667,0.0384615384615385,0.323529411764706,NA
"1917",0.09375,0.09375,0.25,0.214285714285714,0.5
"1918",0.1,0.0555555555555556,0.21875,0.166666666666667,0.35
"1919",0.166666666666667,0.05,0.166666666666667,0.28125,0.5
"1920",0.0384615384615385,0.21875,0.318181818181818,0.291666666666667,0.375
"1921",0.0454545454545455,0.227272727272727,0.541666666666667,0.35,0.642857142857143
"1922",0.0384615384615385,0.0416666666666667,0.208333333333333,0.15,0.5
"1923",0.09375,0.192307692307692,0.25,0.25,0.321428571428571
"1924",0.136363636363636,0.0416666666666667,0.208333333333333,0.277777777777778,0.5
"1925",0.0416666666666667,0.277777777777778,0.115384615384615,0.194444444444444,0.25
"1926",0.0555555555555556,0.05,0.208333333333333,0.318181818181818,0.423076923076923
"1927",0.05,0.0294117647058824,0.3125,0.291666666666667,0.0555555555555556
"1928",0.0625,0.0555555555555556,0.291666666666667,0.291666666666667,0.458333333333333
"1929",0.05,0.125,0.269230769230769,0.318181818181818,0.5
"1930",0.05,0.0555555555555556,0.346153846153846,0.318181818181818,0.357142857142857
"1931",0.0416666666666667,0.115384615384615,0.45,0.357142857142857,0.214285714285714
"1932",0.05,0.227272727272727,0.5,0.45,0.5
"1933",0.0555555555555556,0.136363636363636,0.34375,0.625,0.15
"1934",0.147058823529412,0.0833333333333333,0.3,0.227272727272727,0.125
"1935",0.0357142857142857,0.0625,0.125,0.5,NA
"1936",0.0625,0.0357142857142857,0.166666666666667,0.208333333333333,0.346153846153846
"1937",0.0555555555555556,0.125,0.3,0.166666666666667,0.166666666666667
"1938",0.0833333333333333,0.0714285714285714,0.192307692307692,0.115384615384615,0.3
"1939",0.0416666666666667,0.0454545454545455,0.0625,0.375,0.45
"1940",0.192307692307692,0.0714285714285714,0.291666666666667,0.178571428571429,0.5625
"1941",0.1,0.208333333333333,0.346153846153846,0.227272727272727,0.375
"1942",0.0357142857142857,0.0714285714285714,0.233333333333333,0.214285714285714,0.35
"1943",0.0357142857142857,0.166666666666667,0.25,0.3125,0.25
"1944",0.0555555555555556,0.107142857142857,0.1875,0.1875,0.46875
"1945",0.0333333333333333,0.0833333333333333,0.03125,0.1875,0.35
"1946",0.0416666666666667,0.125,0.25,0.233333333333333,0.388888888888889
"1947",0.15,0.0357142857142857,0.366666666666667,0.15,0.0625
"1948",0.115384615384615,0.0625,0.175,0.166666666666667,0.166666666666667
"1949",0.1,0.1,0.423076923076923,0.305555555555556,0.125
"1950",0.0384615384615385,0.1875,0.392857142857143,0.35,0.5
"1951",0.0384615384615385,0.25,0.5,0.5,0.227272727272727
"1952",0.0416666666666667,0.0416666666666667,0.3,0.277777777777778,0.392857142857143
"1953",0.1,0.115384615384615,0.05,0.166666666666667,0.318181818181818
"1954",0.05,0.0625,0.15,0.25,0.5
"1955",0.09375,0.125,0.611111111111111,0.35,0.25
"1956",0.0384615384615385,0.05,0.0416666666666667,0.25,0.3
"1957",0.227272727272727,0.0555555555555556,0.5,0.318181818181818,0.115384615384615
"1958",0.05,0.3,0.318181818181818,0.107142857142857,0.277777777777778
"1959",0.1,0.0625,0.361111111111111,0.264705882352941,0.357142857142857
"1960",0.0454545454545455,0.0882352941176471,0.416666666666667,0.192307692307692,0.05
"1961",0.136363636363636,0.15,0.277777777777778,0.35,0.375
"1962",0.05,0.125,0.5,0.192307692307692,0.388888888888889
"1963",0.0555555555555556,0.0714285714285714,0.205882352941176,0.35,0.423076923076923
"1964",0.0454545454545455,0.075,0.375,0.3125,0.3
"1965",0.277777777777778,0.03125,0.361111111111111,0.357142857142857,NA
"1966",0.0416666666666667,0.0555555555555556,0.25,0.458333333333333,0.166666666666667
"1967",0.0625,0.0454545454545455,0.15625,0.5625,0.5625
"1968",0.208333333333333,0.0416666666666667,0.0625,0.227272727272727,0.409090909090909
"1969",0.0714285714285714,0.0714285714285714,0.318181818181818,0.40625,0.55
"1970",0.0384615384615385,0.05,0.0714285714285714,0.125,0.423076923076923
"1971",0.277777777777778,0.0714285714285714,0.147058823529412,0.136363636363636,0.409090909090909
"1972",0.136363636363636,0.0625,0.269230769230769,0.3125,0.5
"1973",0.05,0.136363636363636,0.323529411764706,0.5,0.3125
"1974",0.0357142857142857,0.138888888888889,0.09375,0.375,0.375
"1975",0.0454545454545455,0.125,0.291666666666667,0.375,0.136363636363636
"1976",0.0454545454545455,0.166666666666667,0.3125,0.35,0.178571428571429
"1977",0.0555555555555556,0.09375,0.464285714285714,0.15,NA
"1978",0.05,0.166666666666667,0.227272727272727,0.25,0.583333333333333
"1979",0.0714285714285714,0.09375,0.291666666666667,0.3,0.166666666666667
"1980",0.0555555555555556,0.1,0.1,0.0555555555555556,0.357142857142857
"1981",0.166666666666667,0.0625,0.227272727272727,0.576923076923077,0.388888888888889
"1982",0.0333333333333333,0.0625,0.115384615384615,0.192307692307692,0.214285714285714
"1983",0.138888888888889,0.227272727272727,0.0789473684210526,0.277777777777778,NA
"1984",0.0833333333333333,0.131578947368421,0.0714285714285714,0.115384615384615,0.5625
"1985",0.3125,0.0833333333333333,0.277777777777778,0.305555555555556,0.346153846153846
"1986",0.0555555555555556,0.0454545454545455,0.175,0.388888888888889,0.357142857142857
"1987",0.0416666666666667,0.15,0.416666666666667,0.35,0.423076923076923
"1988",0.0714285714285714,0.227272727272727,0.277777777777778,0.136363636363636,0.346153846153846
"1989",0.0384615384615385,0.214285714285714,0.233333333333333,0.166666666666667,0.681818181818182
"1990",0.0454545454545455,0.0416666666666667,0.0714285714285714,0.28125,0.388888888888889
"1991",0.05,0.0384615384615385,0.1875,0.40625,0.3125
"1992",0.0625,0.166666666666667,0.291666666666667,0.409090909090909,0.346153846153846
"1993",0.0416666666666667,0.0714285714285714,0.178571428571429,0.3,0.25
"1994",0.0555555555555556,0.0714285714285714,0.192307692307692,0.0555555555555556,0.208333333333333
"1995",0.1,0.166666666666667,0.15,0.5,0.6875
"1996",0.15,0.107142857142857,0.192307692307692,0.388888888888889,0.5
"1997",0.166666666666667,0.269230769230769,0.277777777777778,0.291666666666667,0.166666666666667
"1998",0.125,0.0555555555555556,0.291666666666667,0.35,0.7
"1999",0.05,0.05,0.388888888888889,0.464285714285714,0.318181818181818
"2000",0.115384615384615,0.0416666666666667,0.5,0.0714285714285714,0.318181818181818
"2001",0.0714285714285714,0.0333333333333333,0.35,0.321428571428571,0.55
"2002",0.05,0.25,0.227272727272727,0.5625,0.375
"2003",0.0333333333333333,0.0454545454545455,0.28125,0.375,0.25
"2004",0.0416666666666667,0.1,0.205882352941176,0.0714285714285714,0.423076923076923
"2005",0.05,0.0454545454545455,0.291666666666667,0.227272727272727,0.416666666666667
"2006",0.0416666666666667,0.125,0.423076923076923,0.166666666666667,0.35
"2007",0.192307692307692,0.05,0.25,0.346153846153846,0.0714285714285714
"2008",0.125,0.125,0.192307692307692,0.25,0.357142857142857
"2009",0.269230769230769,0.0333333333333333,0.0882352941176471,0.15,NA
"2010",0.1,0.0454545454545455,0.0555555555555556,0.375,0.321428571428571
"2011",0.0357142857142857,0.15,0.166666666666667,0.21875,0.3125
"2012",0.178571428571429,0.115384615384615,0.15,0.45,0.5
"2013",0.178571428571429,0.05,0.208333333333333,0.15,0.357142857142857
"2014",0.0555555555555556,0.0714285714285714,0.15,0.147058823529412,0.388888888888889
"2015",0.0357142857142857,0.0416666666666667,0.447368421052632,0.35,NA
"2016",0.0714285714285714,0.192307692307692,0.0555555555555556,0.346153846153846,0.318181818181818
"2017",0.0384615384615385,0.0384615384615385,0.0714285714285714,0.21875,0.166666666666667
"2018",0.0714285714285714,0.09375,0.125,0.15,0.318181818181818
"2019",0.0416666666666667,0.05,0.166666666666667,0.205882352941176,0.5
"2020",0.166666666666667,0.125,0.277777777777778,0.25,0.45
"2021",0.0625,0.1875,0.464285714285714,0.3,0.28125
"2022",0.05,0.0416666666666667,0.464285714285714,0.05,0.5
"2023",0.0416666666666667,0.15,0.3,0.205882352941176,0.375
"2024",0.0416666666666667,0.125,0.208333333333333,0.357142857142857,0.346153846153846
"2025",0.0357142857142857,0.0714285714285714,0.236842105263158,0.192307692307692,NA
"2026",NA,NA,NA,NA,NA
"2027",0.115384615384615,0.107142857142857,0.166666666666667,0.291666666666667,0.25
"2028",0.0714285714285714,0.107142857142857,0.208333333333333,NA,NA
"2029",0.0625,0.15,0.205882352941176,0.136363636363636,0.3
"2030",0.0833333333333333,0.05,0.323529411764706,0.277777777777778,0.277777777777778
"2031",0.0416666666666667,0.0217391304347826,0.21875,0.5,NA
"2032",0.214285714285714,0.125,0.375,0.35,0.346153846153846
"2033",0.0892857142857143,0.0652173913043478,NA,NA,NA
"2034",0.107142857142857,0.0714285714285714,0.115384615384615,0.4375,0.107142857142857
"2035",0.0714285714285714,0.1875,0.346153846153846,0.227272727272727,0.535714285714286
"2036",0.0625,0.357142857142857,0.05,0.227272727272727,0.178571428571429
"2037",0.05,0.15,0.5,0.375,0.357142857142857
"2038",0.0384615384615385,0.0714285714285714,0.433333333333333,0.0384615384615385,0.1875
"2039",0.0714285714285714,0.0555555555555556,0.0555555555555556,0.192307692307692,0.472222222222222
"2040",0.05,0.0714285714285714,0.305555555555556,0.233333333333333,0.3125
"2041",0.0454545454545455,0.0555555555555556,0.21875,0.5,0.5
"2042",0.15,0.115384615384615,0.192307692307692,0.25,0.346153846153846
"2043",0.0833333333333333,0.125,0.208333333333333,0.136363636363636,0.3125
"2044",0.05,0.0714285714285714,0.45,0.05,0.342105263157895
"2045",0.1,0.166666666666667,0.214285714285714,0.107142857142857,0.388888888888889
"2046",0.0714285714285714,0.166666666666667,0.423076923076923,0.214285714285714,NA
"2047",0.125,0.0714285714285714,0.346153846153846,0.233333333333333,0.35
"2048",0.0277777777777778,0.1,0.291666666666667,0.357142857142857,NA
"2049",0.0416666666666667,0.214285714285714,0.15,0.166666666666667,0.277777777777778
"2050",0.0652173913043478,0.09375,0.15,0.625,0.833333333333333
"2051",0.05,0.125,0.458333333333333,0.291666666666667,0.5
"2052",0.0555555555555556,0.0625,0.192307692307692,0.192307692307692,0.45
"2053",0.0416666666666667,0.15,0.25,0.25,0.375
"2054",0.107142857142857,0.05,0.0454545454545455,0.458333333333333,0.5625
"2055",0.03125,0.125,0.291666666666667,0.25,0.6875
"2056",0.25,0.136363636363636,0.05,0.277777777777778,0.458333333333333
"2057",0.0625,0.0555555555555556,0.346153846153846,0.214285714285714,0.321428571428571
"2058",0.05,0.0333333333333333,0.321428571428571,0.1875,NA
"2059",0.0454545454545455,0.25,0.34375,0.409090909090909,NA
"2060",0.05,0.208333333333333,0.375,0.269230769230769,0.35
"2061",0.0454545454545455,0.1,0.53125,0.1875,0.5
"2062",0.0357142857142857,0.0555555555555556,0.25,0.227272727272727,0.388888888888889
"2063",0.0714285714285714,0.0384615384615385,0.25,0.4375,0.5
"2064",0.1,0.107142857142857,0.0555555555555556,0.611111111111111,0.5625
"2065",0.0384615384615385,0.125,0.346153846153846,0.0555555555555556,0.5
"2066",0.0714285714285714,0.0555555555555556,0.291666666666667,0.409090909090909,0.28125
"2067",0.0416666666666667,0.115384615384615,0.227272727272727,0.35,0.388888888888889
"2068",0.0555555555555556,0.0714285714285714,0.375,0.45,0.423076923076923
"2069",0.0416666666666667,0.05,0.388888888888889,0.3125,0.53125
"2070",0.166666666666667,0.0384615384615385,0.3125,0.115384615384615,0.1875
"2071",0.0555555555555556,0.0555555555555556,0.318181818181818,0.178571428571429,0.35
"2072",0.05,0.208333333333333,0.346153846153846,0.166666666666667,0.269230769230769
"2073",0.0384615384615385,0.05,0.3,0.214285714285714,0.5
"2074",0.0384615384615385,0.15,0.0714285714285714,0.25,0.136363636363636
"2075",0.05,0.125,0.346153846153846,0.166666666666667,0.5
"2076",0.0357142857142857,0.0454545454545455,0.166666666666667,0.125,NA
"2077",0.05,0.0416666666666667,0.264705882352941,0.15,0.3
"2078",0.0333333333333333,0.184210526315789,0.0833333333333333,0.375,0.625
"2079",0.0714285714285714,0.0454545454545455,0.25,0.192307692307692,NA
"2080",0.166666666666667,0.15625,0.25,0.269230769230769,0.3125
"2081",0.0714285714285714,0.0555555555555556,0.35,0.178571428571429,0.423076923076923
"2082",0.0555555555555556,0.0384615384615385,0.3125,0.25,0.5
"2083",0.0555555555555556,0.0416666666666667,0.214285714285714,0.233333333333333,0.15
"2084",0.192307692307692,0.166666666666667,0.227272727272727,0.115384615384615,0.214285714285714
"2085",0.0384615384615385,0.0357142857142857,0.25,0.136363636363636,NA
"2086",0.136363636363636,0.1,0.1,0.388888888888889,0.3125
"2087",0.0294117647058824,0.0454545454545455,0.0416666666666667,0.0714285714285714,0.166666666666667
"2088",0.05,0.0416666666666667,0.192307692307692,0.275,NA
"2089",0.0416666666666667,0.25,0.0454545454545455,0.115384615384615,0.166666666666667
"2090",0.166666666666667,0.0454545454545455,0.0833333333333333,0.388888888888889,0.264705882352941
"2091",0.0714285714285714,0.15,0.3,0.233333333333333,0.25
"2092",0.166666666666667,0.107142857142857,0.4375,0.458333333333333,0.166666666666667
"2093",0.0555555555555556,0.0454545454545455,0.5,0.375,0.458333333333333
"2094",0.107142857142857,0.05,0.25,0.125,0.416666666666667
"2095",0.0625,0.0454545454545455,0.227272727272727,0.25,0.541666666666667
"2096",0.0714285714285714,0.05,0.590909090909091,0.136363636363636,0.291666666666667
"2097",0.0384615384615385,0.214285714285714,0.115384615384615,0.291666666666667,0.35
"2098",0.0416666666666667,0.0555555555555556,0.25,0.136363636363636,0.25
"2099",0.0714285714285714,0.0384615384615385,0.214285714285714,0.34375,0.5
"2100",0.0555555555555556,0.05,0.269230769230769,0.208333333333333,0.357142857142857
"2101",0.05,0.115384615384615,0.214285714285714,0.34375,0.4375
"2102",0.0555555555555556,0.0714285714285714,0.192307692307692,0.166666666666667,0.318181818181818
"2103",0.178571428571429,0.0625,0.458333333333333,0.5625,0.375
"2104",0.1875,0.0714285714285714,0.205882352941176,0.25,0.409090909090909
"2105",0.0555555555555556,0.166666666666667,0.0714285714285714,0.318181818181818,0.375
"2106",0.15625,0.0714285714285714,0.192307692307692,0.214285714285714,0.590909090909091
"2107",0.166666666666667,0.0454545454545455,0.204545454545455,0.5,NA
"2108",0.0333333333333333,0.05,0.192307692307692,0.0416666666666667,NA
"2109",0.0714285714285714,0.05,0.107142857142857,0.392857142857143,0.5
"2110",0.277777777777778,0.05,0.166666666666667,0.388888888888889,0.433333333333333
"2111",0.0384615384615385,0.05,0.392857142857143,0.0555555555555556,0.227272727272727
"2112",0.125,0.107142857142857,0.277777777777778,0.375,0.214285714285714
"2113",0.0625,0.214285714285714,0.208333333333333,0.178571428571429,0.3
"2114",0.0625,0.25,0.208333333333333,0.1875,0.5
"2115",0.0882352941176471,0.166666666666667,0.75,0.15,0.611111111111111
"2116",0.25,0.291666666666667,0.233333333333333,0.277777777777778,0.357142857142857
"2117",0.138888888888889,0.0416666666666667,0.35,0.75,0.0625
"2118",0.0714285714285714,0.166666666666667,0.25,0.423076923076923,NA
"2119",0.166666666666667,0.166666666666667,0.227272727272727,0.318181818181818,0.25
"2120",0.107142857142857,0.05,0.375,0.346153846153846,NA
"2121",0.0714285714285714,0.0454545454545455,0.166666666666667,0.388888888888889,0.55
"2122",0.0416666666666667,0.0714285714285714,0.15,0.269230769230769,0.366666666666667
"2123",0.15,0.136363636363636,0.208333333333333,0.3125,0.375
"2124",NA,NA,NA,NA,NA
"2125",0.0454545454545455,0.0714285714285714,0.15,0.225,0.1875
"2126",0.0416666666666667,0.0454545454545455,0.175,0.25,NA
"2127",0.136363636363636,0.05,0.115384615384615,0.264705882352941,0.5
"2128",0.0555555555555556,0.0625,0.136363636363636,0.227272727272727,0.233333333333333
"2129",0.0416666666666667,0.1875,0.107142857142857,0.0454545454545455,0.0625
"2130",0.0416666666666667,0.115384615384615,0.1,0.227272727272727,NA
"2131",0.15625,0.0416666666666667,0.277777777777778,0.433333333333333,0.5
"2132",0.107142857142857,0.0357142857142857,0.575,0.25,NA
"2133",0.227272727272727,0.0416666666666667,0.0714285714285714,0.0555555555555556,0.382352941176471
"2134",0.0555555555555556,0.05,0.208333333333333,0.5,0.541666666666667
"2135",0.0454545454545455,0.05,0.25,0.166666666666667,0.611111111111111
"2136",0.09375,0.416666666666667,0.423076923076923,0.136363636363636,0.227272727272727
"2137",0.05,0.0555555555555556,0.25,0.178571428571429,0.357142857142857
"2138",0.0833333333333333,0.15625,0.323529411764706,0.166666666666667,NA
"2139",0.115384615384615,0.0384615384615385,0.15,0.0714285714285714,0.423076923076923
"2140",0.115384615384615,0.03125,0.166666666666667,0.0625,0.5
"2141",0.0714285714285714,0.178571428571429,0.4375,0.227272727272727,0.28125
"2142",0.0714285714285714,0.107142857142857,0.409090909090909,0.277777777777778,0.375
"2143",0.0416666666666667,0.0882352941176471,0.0625,0.166666666666667,0.166666666666667
"2144",0.0384615384615385,0.0625,0.115384615384615,0.0625,0.15
"2145",0.0882352941176471,0.0555555555555556,0.204545454545455,NA,NA
"2146",0.0416666666666667,0.0555555555555556,0.25,0.264705882352941,0.0714285714285714
"2147",0.0454545454545455,0.05,0.3125,0.233333333333333,0.192307692307692
"2148",0.15,0.115384615384615,0.166666666666667,0.5,0.5
"2149",0.15625,0.0416666666666667,0.318181818181818,0.214285714285714,0.4375
"2150",0.136363636363636,0.0555555555555556,0.375,0.166666666666667,0.357142857142857
"2151",0.0714285714285714,0.1,0.227272727272727,0.45,0.318181818181818
"2152",0.05,0.136363636363636,0.208333333333333,0.264705882352941,0.3
"2153",0.115384615384615,0.15,0.25,0.277777777777778,0.318181818181818
"2154",0.178571428571429,0.107142857142857,0.321428571428571,0.357142857142857,0.214285714285714
"2155",0.0416666666666667,0.25,0.178571428571429,0.25,0.0833333333333333
"2156",0.0416666666666667,0.0416666666666667,0.0714285714285714,0.277777777777778,0.28125
"2157",0.0714285714285714,0.0357142857142857,0.388888888888889,0.136363636363636,0.227272727272727
"2158",0.227272727272727,0.0714285714285714,0.125,0.178571428571429,0.409090909090909
"2159",0.0454545454545455,0.0454545454545455,0.1,0.25,0.416666666666667
"2160",0.0384615384615385,0.166666666666667,0.115384615384615,0.0714285714285714,0.409090909090909
"2161",0.0454545454545455,0.0555555555555556,0.15,0.208333333333333,0.15
"2162",0.134146341463415,0.0384615384615385,NA,NA,NA
"2163",0.1,0.05,0.21875,0.357142857142857,0.5
"2164",0.0416666666666667,0.0384615384615385,0.166666666666667,0.28125,0.5
"2165",0.0454545454545455,0.166666666666667,0.05,0.291666666666667,0.125
"2166",0.0714285714285714,0.107142857142857,0.277777777777778,0.318181818181818,0.25
"2167",0.0555555555555556,0.1,0.192307692307692,0.357142857142857,0.346153846153846
"2168",0.136363636363636,0.277777777777778,0.125,0.375,0.409090909090909
"2169",0.0789473684210526,0.0714285714285714,0.388888888888889,0.46875,NA
"2170",0.0555555555555556,0.0714285714285714,0.28125,0.318181818181818,0.5
"2171",0.166666666666667,0.0555555555555556,0.178571428571429,0.25,0.166666666666667
"2172",0.05,0.115384615384615,0.25,0.0714285714285714,0.5
"2173",0.0555555555555556,0.05,0.166666666666667,0.35,0.541666666666667
"2174",0.0714285714285714,0.0384615384615385,0.125,0.321428571428571,0.0625
"2175",0.136363636363636,0.0833333333333333,0.277777777777778,0.357142857142857,0.4375
"2176",0.166666666666667,0.0714285714285714,0.409090909090909,0.227272727272727,0.409090909090909
"2177",0.05,0.0416666666666667,0.0555555555555556,0.05,0.590909090909091
"2178",0.0555555555555556,0.107142857142857,0.1875,0.0555555555555556,0.464285714285714
"2179",0.107142857142857,0.15,0.3,0.15,NA
"2180",0.0625,0.136363636363636,0.318181818181818,0.15,0.25
"2181",0.0333333333333333,0.1,0.25,0.5,0.375
"2182",0.05,0.1,0.208333333333333,0.136363636363636,0.409090909090909
"2183",0.0357142857142857,0.0454545454545455,0.289473684210526,0.0714285714285714,NA
"2184",0.115384615384615,0.0714285714285714,0.0555555555555556,0.318181818181818,0.392857142857143
"2185",0.09375,0.0555555555555556,0.346153846153846,0.392857142857143,0.625
"2186",0.0714285714285714,0.09375,0.0555555555555556,0.0555555555555556,0.3125
"2187",0.0384615384615385,0.125,0.0625,0.208333333333333,0.25
"2188",0.138888888888889,0.05,0.15,0.178571428571429,0.25
"2189",0.0714285714285714,0.277777777777778,0.1875,0.136363636363636,0.5
"2190",0.0416666666666667,0.138888888888889,0.340909090909091,NA,NA
"2191",0.1,0.0454545454545455,0.3,0.15,0.423076923076923
"2192",0.0384615384615385,0.15,0.423076923076923,0.541666666666667,0.6875
"2193",0.208333333333333,0.115384615384615,0.178571428571429,0.583333333333333,0.642857142857143
"2194",0.0357142857142857,0.0384615384615385,0.136363636363636,0.25,0.366666666666667
"2195",0.05,0.192307692307692,0.166666666666667,0.0625,0.3
"2196",0.0416666666666667,0.0714285714285714,0.0555555555555556,0.3,0.541666666666667
"2197",0.115384615384615,0.227272727272727,0.227272727272727,0.0714285714285714,0.291666666666667
"2198",0.192307692307692,0.0416666666666667,0.35,0.0714285714285714,0.291666666666667
"2199",0.0454545454545455,0.05,0.277777777777778,0.115384615384615,0.25
"2200",0.269230769230769,0.0625,0.28125,0.208333333333333,0.357142857142857
"2201",0.0714285714285714,0.0357142857142857,0.318181818181818,0.0555555555555556,0.458333333333333
"2202",0.0714285714285714,0.166666666666667,0.0384615384615385,0.264705882352941,0.5
"2203",0.0555555555555556,0.0555555555555556,0.192307692307692,0.05,0.45
"2204",0.115384615384615,0.0454545454545455,0.357142857142857,0.366666666666667,0.277777777777778
"2205",0.0416666666666667,0.15,0.361111111111111,0.192307692307692,NA
"2206",0.0555555555555556,0.1,0.21875,0.291666666666667,NA
"2207",0.0714285714285714,0.0555555555555556,0.136363636363636,0.175,0.55
"2208",0.0416666666666667,0.208333333333333,0.0625,0.3125,0.0714285714285714
"2209",0.107142857142857,0.0555555555555556,0.291666666666667,0.125,0.3
"2210",0.0416666666666667,0.0555555555555556,0.107142857142857,0.208333333333333,0.1875
"2211",0.277777777777778,0.0416666666666667,0.214285714285714,0.375,0.40625
"2212",0.115384615384615,0.09375,0.227272727272727,0.35,0.416666666666667
"2213",0.0714285714285714,0.15625,0.125,0.3125,NA
"2214",0.05,0.05,0.382352941176471,0.227272727272727,0.318181818181818
"2215",0.166666666666667,0.1875,0.136363636363636,0.125,0.3125
"2216",0.115384615384615,0.05,0.0555555555555556,0.192307692307692,0.25
"2217",0.0333333333333333,0.05,0.1,0.1875,0.7
"2218",0.125,0.05,0.21875,0.25,0.6875
"2219",0.192307692307692,0.388888888888889,0.346153846153846,0.1,0.5
"2220",0.192307692307692,0.136363636363636,0.0714285714285714,0.277777777777778,0.375
"2221",0.0357142857142857,0.145833333333333,0.05,0.0714285714285714,NA
"2222",0.115384615384615,0.0625,0.35,0.269230769230769,0.5
"2223",0.125,0.0416666666666667,0.375,0.318181818181818,0.1875
"2224",0.0384615384615385,0.0714285714285714,0.5,0.15,0.107142857142857
"2225",0.115384615384615,0.277777777777778,0.1875,0.25,0.25
"2226",0.05,0.0833333333333333,0.269230769230769,0.147058823529412,0.1875
"2227",0.0625,0.0625,0.269230769230769,0.21875,0.4375
"2228",0.05,0.107142857142857,0.208333333333333,0.192307692307692,0.5
"2229",0.227272727272727,0.0714285714285714,0.136363636363636,0.346153846153846,0.416666666666667
"2230",0.136363636363636,0.09375,0.166666666666667,0.25,0.375
"2231",0.125,0.09375,0.423076923076923,0.115384615384615,0.214285714285714
"2232",0.0333333333333333,0.0555555555555556,0.192307692307692,0.5,0.55
"2233",0.0416666666666667,0.05,0.145833333333333,0.15,NA
"2234",0.0714285714285714,0.136363636363636,0.204545454545455,0.136363636363636,NA
"2235",0.214285714285714,0.03125,0.0625,0.205882352941176,0.25
"2236",0.0416666666666667,0.0833333333333333,0.375,0.722222222222222,0.5625
"2237",0.0714285714285714,0.0555555555555556,0.291666666666667,0.357142857142857,0.357142857142857
"2238",0.0333333333333333,0.0714285714285714,0.5,0.0625,0.433333333333333
"2239",0.166666666666667,0.0625,0.357142857142857,0.1,0.277777777777778
"2240",0.166666666666667,0.416666666666667,0.178571428571429,0.1875,0.4375
"2241",0.166666666666667,0.136363636363636,0.34375,0.192307692307692,0.416666666666667
"2242",0.05,0.125,0.291666666666667,0.166666666666667,0.375
"2243",0.0357142857142857,0.1,0.15625,0.15,NA
"2244",0.192307692307692,0.107142857142857,0.269230769230769,0.0714285714285714,0.166666666666667
"2245",0.0714285714285714,0.0833333333333333,0.1875,0.423076923076923,0.366666666666667
"2246",0.15,0.0555555555555556,0.225,0.321428571428571,NA
"2247",0.0555555555555556,0.05,0.35,0.392857142857143,0.1875
"2248",0.0714285714285714,0.0384615384615385,0.192307692307692,0.3,0.388888888888889
"2249",0.208333333333333,0.0416666666666667,0.1875,0.0454545454545455,0.4375
"2250",0.1875,0.0384615384615385,0.184210526315789,0.1,0.625
"2251",0.0625,0.125,0.28125,0.0833333333333333,0.5
"2252",0.0714285714285714,0.136363636363636,0.233333333333333,0.35,0.5
"2253",0.125,0.192307692307692,0.0384615384615385,0.15,NA
"2254",0.107142857142857,0.115384615384615,0.236842105263158,0.15,NA
"2255",0.03125,0.0714285714285714,0.21875,0.318181818181818,NA
"2256",0.0714285714285714,0.1,0.166666666666667,0.277777777777778,0.277777777777778
"2257",0.0833333333333333,0.178571428571429,0.5,0.115384615384615,0.3
"2258",0.0714285714285714,0.05,0.227272727272727,0.357142857142857,0.264705882352941
"2259",0.0454545454545455,0.15,0.0714285714285714,0.318181818181818,0.321428571428571
"2260",0.15,0.136363636363636,0.5,0.05,0.375
"2261",0.233333333333333,0.0833333333333333,0.175,0.125,0.5
"2262",0.05,0.233333333333333,0.346153846153846,0.25,0.5
"2263",0.0714285714285714,0.0555555555555556,0.192307692307692,0.0454545454545455,0.15
"2264",0.115384615384615,0.136363636363636,0.0357142857142857,0.227272727272727,0.625
"2265",0.138888888888889,0.136363636363636,0.0555555555555556,0.423076923076923,0.3
"2266",0.0714285714285714,0.0714285714285714,0.25,0.208333333333333,0.35
"2267",0.115384615384615,0.0555555555555556,0.192307692307692,0.4375,0.346153846153846
"2268",0.0555555555555556,0.0294117647058824,0.125,0.291666666666667,0.35
"2269",0.15,0.0625,0.15,0.136363636363636,0.45
"2270",0.05,0.0333333333333333,0.233333333333333,0.208333333333333,0.25
"2271",0.0625,0.0454545454545455,0.208333333333333,0.136363636363636,0.45
"2272",0.0555555555555556,0.0714285714285714,0.277777777777778,0.416666666666667,0.45
"2273",0.0714285714285714,0.0625,0.458333333333333,0.115384615384615,0.75
"2274",0.0555555555555556,0.05,0.318181818181818,0.0384615384615385,0.375
"2275",0.0263157894736842,0.0625,0.576923076923077,0.346153846153846,NA
"2276",0.0454545454545455,0.0555555555555556,0.184210526315789,0.0625,0.0833333333333333
"2277",0.0625,0.0454545454545455,0.318181818181818,0.15,0.346153846153846
"2278",0.0625,0.1,0.357142857142857,0.192307692307692,0.590909090909091
"2279",0.05,0.0454545454545455,0.166666666666667,0.0625,0.5
"2280",0.0714285714285714,0.0555555555555556,0.192307692307692,0.1875,0.318181818181818
"2281",0.0454545454545455,0.214285714285714,0.166666666666667,0.3,0.318181818181818
"2282",0.0714285714285714,0.107142857142857,0.192307692307692,0.15,0.227272727272727
"2283",0.147058823529412,0.0333333333333333,0.115384615384615,0.357142857142857,0.125
"2284",0.0357142857142857,0.125,0.45,0.136363636363636,0.45
"2285",0.05,0.0416666666666667,0.227272727272727,0.125,0.178571428571429
"2286",0.25,0.0333333333333333,0.178571428571429,0.136363636363636,0.4375
"2287",0.25,0.208333333333333,0.1875,0.40625,0.5625
"2288",0.125,0.15,0.205882352941176,0.291666666666667,0.1
"2289",0.0714285714285714,0.0714285714285714,0.0625,0.35,0.5625
"2290",0.166666666666667,0.0454545454545455,0.291666666666667,0.115384615384615,0.25
"2291",0.05,0.0833333333333333,0.0681818181818182,0.214285714285714,0.277777777777778
"2292",0.15,0.0555555555555556,0.321428571428571,0.4375,0.318181818181818
"2293",0.0673076923076923,0.5,NA,NA,NA
"2294",0.0416666666666667,0.0416666666666667,0.0833333333333333,0.15,0.321428571428571
"2295",0.15,0.05,0.05,0.264705882352941,0.1875
"2296",0.0384615384615385,0.0416666666666667,0.35,0.0714285714285714,0.166666666666667
"2297",0.0416666666666667,0.136363636363636,0.416666666666667,0.25,0.318181818181818
"2298",0.0357142857142857,0.0833333333333333,0.227272727272727,0.0625,0.321428571428571
"2299",0.125,0.0714285714285714,0.233333333333333,0.35,0.4375
"2300",0.0384615384615385,0.25,0.227272727272727,0.35,0.166666666666667
"2301",0.05,0.1,0.0555555555555556,0.233333333333333,0.5
"2302",0.075,0.227272727272727,0.1,0.136363636363636,0.375
"2303",0.166666666666667,0.0454545454545455,0.3,0.107142857142857,0.214285714285714
"2304",0.0555555555555556,0.166666666666667,0.236842105263158,0.35,NA
"2305",0.0555555555555556,0.0714285714285714,0.227272727272727,0.09375,0.4375
"2306",0.0416666666666667,0.0416666666666667,0.5,0.375,0.277777777777778
"2307",0.025,0.15,0.65,0.416666666666667,0.388888888888889
"2308",0.05,0.0833333333333333,0.4375,0.346153846153846,0.653846153846154
"2309",0.208333333333333,0.05,0.208333333333333,0.423076923076923,0.3125
"2310",0.1,0.0625,0.136363636363636,0.0625,0.35
"2311",0.05,0.15625,0.3,0.416666666666667,0.4375
"2312",0.0416666666666667,0.0416666666666667,0.321428571428571,0.0714285714285714,0.35
"2313",0.0833333333333333,0.0416666666666667,0.233333333333333,0.5,0.388888888888889
"2314",0.115384615384615,0.0714285714285714,0.107142857142857,0.277777777777778,0.40625
"2315",0.05,0.125,0.0555555555555556,0.318181818181818,0.458333333333333
"2316",0.166666666666667,0.0333333333333333,0.208333333333333,0.3125,0.357142857142857
"2317",0.0454545454545455,0.0416666666666667,0.233333333333333,0.0625,0.227272727272727
"2318",0.15,0.0833333333333333,0.291666666666667,0.357142857142857,0.3125
"2319",0.0384615384615385,0.0333333333333333,0.166666666666667,0.0625,0.5
"2320",0.05,0.0625,0.5,0.205882352941176,0.192307692307692
"2321",0.0454545454545455,0.0555555555555556,0.25,0.0714285714285714,NA
"2322",0.0416666666666667,0.09375,0.173076923076923,NA,NA
"2323",0.05,0.05,0.0416666666666667,0.4375,0.264705882352941
"2324",0.166666666666667,0.0714285714285714,0.205882352941176,0.25,0.45
"2325",0.1,0.147058823529412,0.323529411764706,0.357142857142857,NA
"2326",0.1875,0.0454545454545455,0.09375,0.0555555555555556,0.4375
"2327",0.0384615384615385,0.208333333333333,0.0555555555555556,0.208333333333333,0.375
"2328",0.125,0.1,0.125,0.125,0.15
"2329",0.0714285714285714,0.115384615384615,0.291666666666667,0.1875,0.433333333333333
"2330",0.136363636363636,0.107142857142857,0.392857142857143,0.321428571428571,NA
"2331",0.166666666666667,0.125,0.25,0.357142857142857,0.0714285714285714
"2332",0.0625,0.0454545454545455,0.361111111111111,0.375,0.0714285714285714
"2333",0.0555555555555556,0.136363636363636,0.194444444444444,0.166666666666667,0.35
"2334",0.03125,0.0357142857142857,0.0384615384615385,0.227272727272727,0.3
"2335",0.05,0.1,0.125,0.25,NA
"2336",0.0384615384615385,0.0625,0.0714285714285714,0.366666666666667,0.375
"2337",0.227272727272727,0.166666666666667,0.136363636363636,0.15,0.1875
"2338",0.0714285714285714,0.0416666666666667,0.166666666666667,0.0555555555555556,0.269230769230769
"2339",0.0555555555555556,0.0833333333333333,0.423076923076923,0.192307692307692,0.321428571428571
"2340",0.0714285714285714,0.0714285714285714,0.25,0.233333333333333,0.35
"2341",0.107142857142857,0.115384615384615,0.25,0.409090909090909,0.5625
"2342",0.05,0.05,0.433333333333333,0.277777777777778,0.277777777777778
"2343",0.0555555555555556,0.05,0.269230769230769,0.25,0.5625
"2344",0.0833333333333333,0.0454545454545455,0.590909090909091,0.178571428571429,0.35
"2345",0.125,0.0714285714285714,0.205882352941176,0.0625,0.136363636363636
"2346",0.0357142857142857,0.15,0.318181818181818,0.291666666666667,0.318181818181818
"2347",0.0833333333333333,0.05,0.178571428571429,0.227272727272727,NA
"2348",0.0454545454545455,0.0454545454545455,0.136363636363636,0.214285714285714,0.1875
"2349",0.0263157894736842,0.0625,0.0384615384615385,0.192307692307692,NA
"2350",0.0227272727272727,0.0555555555555556,0.321428571428571,0.375,0.357142857142857
"2351",0.0416666666666667,0.25,0.178571428571429,0.3,0.785714285714286
"2352",0.136363636363636,0.131578947368421,0.194444444444444,0.0714285714285714,NA
"2353",0.115384615384615,0.05,0.1875,0.0714285714285714,0.318181818181818
"2354",0.0714285714285714,0.166666666666667,0.25,0.25,0.0454545454545455
"2355",0.115384615384615,0.227272727272727,0.3,0.125,0.583333333333333
"2356",0.05,0.0416666666666667,0.346153846153846,0.15,0.388888888888889
"2357",0.0454545454545455,0.05,0.55,0.208333333333333,0.4375
"2358",0.166666666666667,0.0833333333333333,0.464285714285714,0.28125,0.55
"2359",0.0625,0.115384615384615,0.318181818181818,0.291666666666667,0.166666666666667
"2360",0.0714285714285714,0.0416666666666667,0.25,0.269230769230769,0.136363636363636
"2361",0.15,0.0454545454545455,0.0555555555555556,0.136363636363636,0.375
"2362",0.115384615384615,0.05,0.15625,0.0625,0.3
"2363",0.0625,0.0555555555555556,0.388888888888889,0.269230769230769,0.35
"2364",0.09375,0.136363636363636,0.431818181818182,0.357142857142857,NA
"2365",0.0357142857142857,0.0357142857142857,0.208333333333333,0.0625,NA
"2366",0.1,0.1,0.318181818181818,0.05,0.5
"2367",0.0454545454545455,0.0357142857142857,0.0714285714285714,0.433333333333333,0.5
"2368",0.0384615384615385,0.0714285714285714,0.0357142857142857,0.5,0.388888888888889
"2369",0.05,0.0454545454545455,0.458333333333333,0.269230769230769,0.214285714285714
"2370",0.0625,0.0555555555555556,0.227272727272727,0.147058823529412,0.642857142857143
"2371",0.0625,0.05,0.05,0.45,0.375
"2372",0.0357142857142857,0.0416666666666667,0.138888888888889,0.277777777777778,NA
"2373",0.0714285714285714,0.05,0.409090909090909,0.318181818181818,0.346153846153846
"2374",0.0714285714285714,0.0555555555555556,0.375,0.0625,0.433333333333333
"2375",0.125,0.09375,0.05,0.214285714285714,0.3125
"2376",0.05,0.05,0.291666666666667,0.291666666666667,0.388888888888889
"2377",0.05,0.0384615384615385,0.423076923076923,0.0555555555555556,0.625
"2378",0.0625,0.192307692307692,0.125,0.4375,0.277777777777778
"2379",0.147058823529412,0.0555555555555556,0.25,0.136363636363636,0.75
"2380",0.125,0.1,0.208333333333333,0.423076923076923,0.136363636363636
"2381",0.05,0.115384615384615,0.409090909090909,0.0625,0.5
"2382",0.0714285714285714,0.125,0.346153846153846,0.5,0.4375
"2383",0.05,0.166666666666667,0.227272727272727,0.35,NA
"2384",0.208333333333333,0.0555555555555556,0.5,0.269230769230769,0.4375
"2385",0.0555555555555556,0.0625,0.423076923076923,0.5,0.423076923076923
"2386",0.05,0.192307692307692,0.3,0.147058823529412,0.25
"2387",0.227272727272727,0.0555555555555556,0.192307692307692,0.233333333333333,0.5
"2388",0.0333333333333333,0.107142857142857,0.25,0.227272727272727,0.541666666666667
"2389",0.125,0.0454545454545455,0.642857142857143,0.45,0.607142857142857
"2390",0.0217391304347826,0.0625,0.28125,0.5,0.583333333333333
"2391",0.1,0.1,0.125,0.115384615384615,0.388888888888889
"2392",0.0416666666666667,0.1875,0.05,0.305555555555556,0.166666666666667
"2393",0.0333333333333333,0.25,0.291666666666667,0.107142857142857,0.0714285714285714
"2394",0.0714285714285714,0.05,0.25,0.166666666666667,0.458333333333333
"2395",0.0714285714285714,0.0625,0.125,0.25,0.357142857142857
"2396",0.05,0.0625,0.0714285714285714,0.208333333333333,0.21875
"2397",0.0555555555555556,0.227272727272727,0.5625,0.166666666666667,0.192307692307692
"2398",0.0625,0.05,0.321428571428571,0.192307692307692,0.25
"2399",0.166666666666667,0.125,0.0625,0.25,0.25
"2400",0.0714285714285714,0.0714285714285714,0.25,0.125,0.25
"2401",0.0416666666666667,0.25,0.264705882352941,0.277777777777778,NA
"2402",0.115384615384615,0.0625,0.05,0.264705882352941,0.0714285714285714
"2403",0.178571428571429,0.0384615384615385,0.205882352941176,0.1875,0.125
"2404",0.125,0.0555555555555556,0.0454545454545455,0.35,0.45
"2405",0.0416666666666667,0.0714285714285714,0.0714285714285714,0.269230769230769,0.178571428571429
"2406",0.0714285714285714,0.0882352941176471,0.0833333333333333,0.233333333333333,0.125
"2407",0.0652173913043478,0.0714285714285714,0.21875,0.1875,NA
"2408",0.166666666666667,0.0714285714285714,0.346153846153846,0.192307692307692,0.464285714285714
"2409",0.0384615384615385,0.147058823529412,0.0555555555555556,0.05,0.166666666666667
"2410",0.166666666666667,0.166666666666667,0.125,0.0555555555555556,0.366666666666667
"2411",0.136363636363636,0.05,0.0555555555555556,0.208333333333333,0.416666666666667
"2412",0.0454545454545455,0.107142857142857,0.115384615384615,0.192307692307692,0.5
"2413",0.0714285714285714,0.0555555555555556,0.0555555555555556,0.3,0.25
"2414",0.107142857142857,0.05,0.277777777777778,0.357142857142857,0.1875
"2415",0.0555555555555556,0.0384615384615385,0.0625,0.318181818181818,0.5
"2416",0.0416666666666667,0.0625,0.392857142857143,0.214285714285714,0.125
"2417",0.03125,0.0555555555555556,0.214285714285714,0.214285714285714,0.409090909090909
"2418",0.136363636363636,0.0714285714285714,0.166666666666667,0.227272727272727,0.346153846153846
"2419",0.136363636363636,0.107142857142857,0.35,0.136363636363636,0.5
"2420",0.03125,0.225,0.107142857142857,0.5,NA
"2421",0.1,0.0714285714285714,0.291666666666667,0.3125,0.576923076923077
"2422",0.125,0.138888888888889,0.192307692307692,NA,NA
"2423",0.0625,0.05,0.25,0.264705882352941,0.357142857142857
"2424",0.0625,0.0454545454545455,0.115384615384615,0.178571428571429,0.166666666666667
"2425",0.0416666666666667,0.05,0.35,0.0555555555555556,0.633333333333333
"2426",0.0714285714285714,0.107142857142857,0.166666666666667,0.3125,0.55
"2427",0.208333333333333,0.115384615384615,0.208333333333333,0.25,NA
"2428",0.115384615384615,0.0714285714285714,0.208333333333333,0.233333333333333,0.35
"2429",0.05,0.0555555555555556,0.318181818181818,0.45,0.34375
"2430",0.0714285714285714,0.0384615384615385,0.1875,0.0555555555555556,0.28125
"2431",0.0384615384615385,0.214285714285714,0.25,0.09375,0.541666666666667
"2432",0.0555555555555556,0.05,0.357142857142857,0.208333333333333,0.5
"2433",0.0384615384615385,0.0555555555555556,0.55,0.318181818181818,0.45
"2434",0.138888888888889,0.166666666666667,0.166666666666667,0.208333333333333,0.25
"2435",0.125,0.1875,0.0714285714285714,0.346153846153846,0.318181818181818
"2436",0.15,0.115384615384615,0.25,0.0714285714285714,0.269230769230769
"2437",0.0714285714285714,0.0714285714285714,0.0555555555555556,0.0555555555555556,0.318181818181818
"2438",0.0416666666666667,0.1,0.409090909090909,0.25,0.5
"2439",0.357142857142857,0.0555555555555556,0.136363636363636,0.535714285714286,0.115384615384615
"2440",0.0416666666666667,0.115384615384615,0.409090909090909,0.0454545454545455,0.5
"2441",0.0714285714285714,0.0454545454545455,0.3125,0.115384615384615,0.233333333333333
"2442",0.277777777777778,0.05,0.208333333333333,0.5,0.4375
"2443",0.0714285714285714,0.208333333333333,0.166666666666667,0.409090909090909,0.433333333333333
"2444",0.115384615384615,0.178571428571429,0.227272727272727,0.388888888888889,0.25
"2445",0.4375,0.0454545454545455,0.15625,0.214285714285714,0.416666666666667
"2446",0.0454545454545455,0.0555555555555556,0.291666666666667,0.375,0.5
"2447",0.0384615384615385,0.0555555555555556,0.433333333333333,0.208333333333333,0.5
"2448",0.0555555555555556,0.0384615384615385,0.269230769230769,0.25,0.25
"2449",0.0625,0.178571428571429,0.291666666666667,0.227272727272727,0.25
"2450",0.0416666666666667,0.25,0.458333333333333,0.25,0.5
"2451",0.115384615384615,0.0555555555555556,0.366666666666667,0.375,0.5
"2452",0.25,0.0714285714285714,0.269230769230769,0.192307692307692,0.382352941176471
"2453",0.291666666666667,0.0714285714285714,0.175,0.0555555555555556,0.642857142857143
"2454",0.0714285714285714,0.05,0.192307692307692,0.291666666666667,0.318181818181818
"2455",0.0416666666666667,0.0454545454545455,0.15,0.25,0.321428571428571
"2456",0.03125,0.0416666666666667,0.05,0.35,0.4375
"2457",0.05,0.227272727272727,0.25,0.166666666666667,0.214285714285714
"2458",0.0714285714285714,0.0416666666666667,0.1875,0.25,0.45
"2459",0.0714285714285714,0.09375,0.35,0.291666666666667,0.458333333333333
"2460",0.107142857142857,0.0416666666666667,0.208333333333333,0.05,0.3125
"2461",0.0555555555555556,0.107142857142857,0.192307692307692,0.0714285714285714,0.05
"2462",0.0625,0.15,0.269230769230769,0.227272727272727,0.388888888888889
"2463",0.0789473684210526,0.1875,0.1875,0.192307692307692,0.208333333333333
"2464",0.125,0.15,0.0454545454545455,0.05,0.409090909090909
"2465",0.05,0.1,0.65,0.1875,0.321428571428571
"2466",0.05,0.0416666666666667,0.269230769230769,0.1875,0.15
"2467",0.357142857142857,0.0555555555555556,0.227272727272727,0.05,0.458333333333333
"2468",0.0294117647058824,0.125,0.0714285714285714,0.05,0.0555555555555556
"2469",0.125,0.05,0.15625,0.357142857142857,0.416666666666667
"2470",0.05,0.0416666666666667,0.227272727272727,0.208333333333333,0.3125
"2471",0.05,0.115384615384615,0.3125,0.192307692307692,0.0714285714285714
"2472",0.0454545454545455,0.0625,0.125,0.576923076923077,0.25
"2473",0.0357142857142857,0.208333333333333,0.277777777777778,0.166666666666667,0.25
"2474",0.0555555555555556,0.09375,0.5,0.1875,0.277777777777778
"2475",0.136363636363636,0.0625,0.15,0.277777777777778,0.318181818181818
"2476",0.03125,0.0882352941176471,0.227272727272727,0.25,0.166666666666667
"2477",0.35,0.0454545454545455,0.291666666666667,0.1875,0.269230769230769
"2478",0.05,0.178571428571429,0.45,0.25,NA
"2479",0.166666666666667,0.0714285714285714,0.321428571428571,0.3,0.576923076923077
"2480",0.05,0.0625,0.0555555555555556,0.318181818181818,0.269230769230769
"2481",0.0333333333333333,0.03125,0.277777777777778,0.277777777777778,0.5625
"2482",0.0555555555555556,0.15,0.45,0.166666666666667,0.5
"2483",0.0555555555555556,0.15,0.0555555555555556,0.208333333333333,0.3
"2484",0.15,0.0714285714285714,0.166666666666667,0.166666666666667,0.464285714285714
"2485",0.0357142857142857,0.0384615384615385,0.136363636363636,0.5,0.25
"2486",0.0454545454545455,0.166666666666667,0.25,0.277777777777778,0.388888888888889
"2487",0.05,0.0625,0.166666666666667,0.269230769230769,0.166666666666667
"2488",0.0416666666666667,0.138888888888889,0.34375,0.166666666666667,NA
"2489",0.0714285714285714,0.208333333333333,0.136363636363636,0.21875,0.166666666666667
"2490",0.0384615384615385,0.115384615384615,0.21875,0.0714285714285714,0.388888888888889
"2491",0.0833333333333333,0.1875,0.388888888888889,0.208333333333333,0.35
"2492",0.0416666666666667,0.115384615384615,0.25,0.277777777777778,0.4375
"2493",0.0555555555555556,0.0555555555555556,0.233333333333333,0.15,0.611111111111111
"2494",0.05,0.125,0.25,0.1875,0.576923076923077
"2495",0.0454545454545455,0.115384615384615,0.192307692307692,0.15,0.357142857142857
"2496",0.0833333333333333,0.115384615384615,0.0714285714285714,0.107142857142857,0.264705882352941
"2497",0.05,0.05,0.25,0.321428571428571,0.125
"2498",0.0625,0.0555555555555556,0.227272727272727,0.192307692307692,0.5
"2499",0.0555555555555556,0.136363636363636,0.291666666666667,0.318181818181818,0.291666666666667
"2500",0.0625,0.0555555555555556,0.227272727272727,0.318181818181818,0.346153846153846
"2501",0.166666666666667,0.0714285714285714,0.15,0.611111111111111,0.464285714285714
"2502",0.1,0.0555555555555556,0.321428571428571,0.5,0.4375
"2503",0.0555555555555556,0.0714285714285714,0.291666666666667,0.09375,0.35
"2504",0.25,0.0454545454545455,0.264705882352941,0.166666666666667,NA
"2505",0.0555555555555556,0.136363636363636,0.15,0.0714285714285714,0.321428571428571
"2506",0.0714285714285714,0.0714285714285714,0.178571428571429,0.277777777777778,0.5
"2507",0.05,0.0454545454545455,0.115384615384615,0.25,0.75
"2508",0.0555555555555556,0.136363636363636,0.269230769230769,0.277777777777778,0.35
"2509",0.0833333333333333,0.0714285714285714,0.366666666666667,0.25,0.392857142857143
"2510",0.136363636363636,0.0454545454545455,0.25,0.388888888888889,0.583333333333333
"2511",0.1,0.05,0.09375,0.357142857142857,NA
"2512",0.0555555555555556,0.0333333333333333,0.458333333333333,0.318181818181818,0.25
"2513",0.136363636363636,0.0416666666666667,0.0714285714285714,0.269230769230769,0.45
"2514",0.0454545454545455,0.166666666666667,0.388888888888889,0.1,0.458333333333333
"2515",NA,NA,NA,NA,NA
"2516",0.0555555555555556,0.0454545454545455,0.227272727272727,0.392857142857143,0.15
"2517",0.125,0.0555555555555556,0.35,0.34375,0.277777777777778
"2518",0.05,0.0625,0.166666666666667,0.291666666666667,0.357142857142857
"2519",0.0277777777777778,0.0714285714285714,0.0555555555555556,0.0454545454545455,0.25
"2520",0.0625,0.125,0.0555555555555556,0.233333333333333,0.388888888888889
"2521",0.115384615384615,0.0714285714285714,0.375,0.125,NA
"2522",0.0714285714285714,0.107142857142857,0.166666666666667,0.125,0.269230769230769
"2523",0.0555555555555556,0.0384615384615385,0.208333333333333,0.375,0.388888888888889
"2524",0.0357142857142857,0.0416666666666667,0.30952380952381,0.25,NA
"2525",0.0454545454545455,0.05,0.3,0.1,0.5
"2526",0.277777777777778,0.0384615384615385,0.464285714285714,0.5625,0.5625
"2527",0.0833333333333333,0.0357142857142857,0.3,0.227272727272727,0.25
"2528",0.125,0.107142857142857,0.0625,0.277777777777778,0.375
"2529",0.05,0.0416666666666667,0.291666666666667,0.25,0.6875
"2530",0.0555555555555556,0.15,0.1,0.0555555555555556,0.5
"2531",0.0882352941176471,0.0714285714285714,0.357142857142857,0.25,0.25
"2532",0.0416666666666667,0.0625,0.147058823529412,0.233333333333333,NA
"2533",0.0714285714285714,0.15,0.323529411764706,0.3125,0.25
"2534",0.09375,0.05,0.05,0.166666666666667,0.5625
"2535",0.0416666666666667,0.25,0.178571428571429,0.15,NA
"2536",0.0625,0.09375,0.1875,0.0714285714285714,0.233333333333333
"2537",0.0714285714285714,0.15,0.208333333333333,0.115384615384615,0.53125
"2538",0.0357142857142857,0.108695652173913,0.269230769230769,NA,NA
"2539",0.05,0.0555555555555556,0.25,0.25,0.15
"2540",0.05,0.0384615384615385,0.166666666666667,0.1875,0.458333333333333
"2541",0.0454545454545455,0.25,0.0714285714285714,0.346153846153846,0.464285714285714
"2542",0.136363636363636,0.0714285714285714,0.107142857142857,0.125,0.25
"2543",0.115384615384615,0.0714285714285714,0.25,0.35,0.277777777777778
"2544",0.15,0.0454545454545455,0.227272727272727,0.166666666666667,0.233333333333333
"2545",0.0714285714285714,0.05,0.194444444444444,0.136363636363636,0.5
"2546",0.09375,0.0333333333333333,0.425,0.5,0.125
"2547",0.0384615384615385,0.0714285714285714,0.107142857142857,0.35,0.227272727272727
"2548",0.05,0.05,0.205882352941176,0.214285714285714,0.318181818181818
"2549",0.05,0.0454545454545455,0.321428571428571,0.416666666666667,0.458333333333333
"2550",0.0555555555555556,0.0555555555555556,0.147058823529412,0.0714285714285714,0.55
"2551",0.125,0.25,0.0416666666666667,0.192307692307692,0.40625
"2552",0.0384615384615385,0.25,0.25,0.115384615384615,0.45
"2553",0.0714285714285714,0.0454545454545455,0.346153846153846,0.0714285714285714,0.394736842105263
"2554",0.0625,0.0357142857142857,0.125,0.115384615384615,0.366666666666667
"2555",0.05,0.214285714285714,0.21875,0.125,0.15
"2556",0.0454545454545455,0.1875,0.35,0.318181818181818,0.576923076923077
"2557",0.0357142857142857,0.0416666666666667,0.0416666666666667,0.416666666666667,NA
"2558",0.0294117647058824,0.361111111111111,0.166666666666667,NA,NA
"2559",0.0555555555555556,0.25,0.291666666666667,0.25,0.8125
"2560",0.0416666666666667,0.0454545454545455,0.115384615384615,0.05,0.318181818181818
"2561",0.05,0.166666666666667,0.25,0.21875,0.208333333333333
"2562",0.0333333333333333,0.0833333333333333,0.361111111111111,NA,NA
"2563",0.0555555555555556,0.192307692307692,0.15,0.35,0.178571428571429
"2564",0.05,0.0384615384615385,0.115384615384615,0.35,0.409090909090909
"2565",0.0357142857142857,0.0384615384615385,0.305555555555556,0.375,NA
"2566",0.05,0.0555555555555556,0.166666666666667,0.166666666666667,0.392857142857143
"2567",0.0625,0.192307692307692,0.34375,0.35,0.35
"2568",0.0357142857142857,0.1875,0.0625,0.0357142857142857,0.318181818181818
"2569",0.05,0.136363636363636,0.0714285714285714,0.3,0.0833333333333333
"2570",0.0454545454545455,0.05,0.3,0.277777777777778,0.277777777777778
"2571",0.1,0.1875,0.15625,0.375,0.0714285714285714
"2572",0.0714285714285714,0.166666666666667,0.15,0.277777777777778,0.409090909090909
"2573",0.05,0.0555555555555556,0.0294117647058824,0.458333333333333,0.9
"2574",0.0454545454545455,0.0416666666666667,0.21875,0.136363636363636,NA
"2575",0.0454545454545455,0.115384615384615,0.166666666666667,0.15,0.277777777777778
"2576",0.0416666666666667,0.0555555555555556,0.166666666666667,0.25,0.3125
"2577",0.125,0.05,0.25,0.09375,0.357142857142857
"2578",0.0625,0.0454545454545455,0.0416666666666667,0.15,0.136363636363636
"2579",0.1875,0.0555555555555556,0.45,0.357142857142857,0.5
"2580",0.0384615384615385,0.1,0.3125,0.366666666666667,0.166666666666667
"2581",0.0384615384615385,0.15,0.192307692307692,0.0714285714285714,0.346153846153846
"2582",0.25,0.0625,0.0714285714285714,0.388888888888889,0.625
"2583",0.0357142857142857,0.291666666666667,0.227272727272727,0.214285714285714,0.214285714285714
"2584",0.05,0.125,0.1875,0.15625,0.7
"2585",0.0416666666666667,0.0384615384615385,0.416666666666667,0.178571428571429,0.423076923076923
"2586",0.136363636363636,0.115384615384615,0.233333333333333,0.269230769230769,NA
"2587",0.0833333333333333,0.0625,0.136363636363636,0.35,0.25
"2588",0.0416666666666667,0.15,0.147058823529412,0.05,0.166666666666667
"2589",0.0384615384615385,0.0384615384615385,0.25,0.366666666666667,NA
"2590",0.0454545454545455,0.0416666666666667,0.05,0.458333333333333,0.357142857142857
"2591",0.115384615384615,0.0555555555555556,0.541666666666667,0.136363636363636,0.3125
"2592",0.0555555555555556,0.0555555555555556,0.25,0.115384615384615,0.264705882352941
"2593",0.0555555555555556,0.136363636363636,0.214285714285714,0.21875,0.625
"2594",0.125,0.115384615384615,0.291666666666667,0.346153846153846,0.269230769230769
"2595",0.0416666666666667,0.136363636363636,0.3,0.115384615384615,NA
"2596",0.0714285714285714,0.1,0.208333333333333,0.25,0.4375
"2597",0.0714285714285714,0.05,0.3,0.15,0.35
"2598",0.0714285714285714,0.1,0.233333333333333,0.178571428571429,0.34375
"2599",0.166666666666667,0.113636363636364,0.375,NA,NA
"2600",0.107142857142857,0.0714285714285714,0.0555555555555556,0.5,0.291666666666667
"2601",0.0714285714285714,0.0555555555555556,0.208333333333333,0.45,0.136363636363636
"2602",0.0384615384615385,0.0555555555555556,0.125,0.541666666666667,0.45
"2603",0.0714285714285714,0.125,0.318181818181818,0.136363636363636,0.28125
"2604",0.1,0.0454545454545455,0.346153846153846,0.35,0.15
"2605",0.0833333333333333,0.05,0.458333333333333,0.269230769230769,NA
"2606",0.05,0.3125,0.192307692307692,0.34375,0.416666666666667
"2607",0.05,0.0555555555555556,0.3125,0.45,0.525
"2608",0.05,0.115384615384615,0.1875,0.541666666666667,0.4375
"2609",0.05,0.0714285714285714,0.208333333333333,0.25,0.45
"2610",0.0416666666666667,0.0555555555555556,0.35,0.291666666666667,0.208333333333333
"2611",0.0555555555555556,0.166666666666667,0.0625,0.136363636363636,0.375
"2612",0.0833333333333333,0.0625,0.433333333333333,0.346153846153846,NA
"2613",0.136363636363636,0.1,0.277777777777778,0.277777777777778,0.291666666666667
"2614",0.0454545454545455,0.1,0.227272727272727,0.25,0.388888888888889
"2615",0.0384615384615385,0.166666666666667,0.291666666666667,0.192307692307692,0.3
"2616",0.166666666666667,0.125,0.409090909090909,0.388888888888889,0.357142857142857
"2617",0.277777777777778,0.264705882352941,0.382352941176471,0.318181818181818,NA
"2618",0.107142857142857,0.0714285714285714,0.178571428571429,0.277777777777778,0.541666666666667
"2619",0.0714285714285714,0.0625,0.125,0.15,0.318181818181818
"2620",0.0714285714285714,0.3,0.25,0.5,0.375
"2621",0.0416666666666667,0.0625,0.25,0.1875,0.318181818181818
"2622",0.0454545454545455,0.136363636363636,0.25,0.25,0.346153846153846
"2623",0.0454545454545455,0.138888888888889,0.3,0.0625,NA
"2624",0.0357142857142857,0.0714285714285714,0.0882352941176471,0.0555555555555556,0.166666666666667
"2625",0.125,0.0333333333333333,0.138888888888889,0.3125,0.346153846153846
"2626",0.0833333333333333,0.05,0.21875,0.0625,NA
"2627",0.25,0.0357142857142857,0.05,0.233333333333333,0.318181818181818
"2628",0.0416666666666667,0.125,0.0454545454545455,0.34375,NA
"2629",NA,NA,NA,NA,NA
"2630",0.0454545454545455,0.0384615384615385,0.277777777777778,0.1875,0.535714285714286
"2631",0.0625,0.125,0.35,0.208333333333333,0.25
"2632",0.0714285714285714,0.115384615384615,0.3,0.346153846153846,0.1
"2633",0.0357142857142857,0.166666666666667,0.291666666666667,0.5,0.107142857142857
"2634",0.0714285714285714,0.178571428571429,0.166666666666667,0.205882352941176,0.1875
"2635",0.05,0.0555555555555556,0.25,0.25,0.458333333333333
"2636",0.0416666666666667,0.0555555555555556,0.318181818181818,0.15,0.45
"2637",0.208333333333333,0.125,0.136363636363636,0.25,0.625
"2638",0.1,0.0555555555555556,0.208333333333333,0.25,0.576923076923077
"2639",0.0416666666666667,0.205882352941176,0.214285714285714,0.75,NA
"2640",0.0714285714285714,0.178571428571429,0.269230769230769,0.305555555555556,NA
"2641",0.0625,0.0555555555555556,0.178571428571429,0.208333333333333,0.458333333333333
"2642",0.0454545454545455,0.0555555555555556,0.227272727272727,0.5625,0.458333333333333
"2643",0.119047619047619,0.05,0.166666666666667,0.214285714285714,0.35
"2644",0.0555555555555556,0.115384615384615,0.28125,0.318181818181818,0.3125
"2645",0.0454545454545455,0.166666666666667,0.25,0.291666666666667,0.25
"2646",0.1,0.227272727272727,0.4375,0.208333333333333,0.409090909090909
"2647",0.115384615384615,0.119047619047619,0.0555555555555556,0.214285714285714,0.277777777777778
"2648",0.115384615384615,0.0454545454545455,0.05,0.15,0.318181818181818
"2649",0.1,0.107142857142857,0.236842105263158,0.0833333333333333,NA
"2650",0.214285714285714,0.136363636363636,0.305555555555556,0.15625,0.25
"2651",0.0454545454545455,0.0833333333333333,0.0555555555555556,0.40625,0.4375
"2652",0.0384615384615385,0.227272727272727,0.289473684210526,0.35,NA
"2653",0.107142857142857,0.357142857142857,0.208333333333333,0.25,0.227272727272727
"2654",0.0333333333333333,0.05,0.208333333333333,0.375,0.3125
"2655",0.166666666666667,0.0555555555555556,0.289473684210526,0.208333333333333,0.4375
"2656",0.107142857142857,0.0555555555555556,0.15,0.0714285714285714,0.392857142857143
"2657",0.1875,0.0384615384615385,0.227272727272727,0.423076923076923,0.458333333333333
"2658",0.0333333333333333,0.05,0.318181818181818,0.28125,0.5
"2659",0.05,0.138888888888889,0.35,0.147058823529412,0.3
"2660",0.0555555555555556,0.05,0.09375,0.25,0.4375
"2661",0.0384615384615385,0.0625,0.147058823529412,0.178571428571429,NA
"2662",0.0555555555555556,0.0555555555555556,0.115384615384615,0.25,0.590909090909091
"2663",0.0333333333333333,0.0714285714285714,0.14,0.277777777777778,NA
"2664",0.05,0.05,0.15,0.107142857142857,0.375
"2665",0.0454545454545455,0.15,0.15,0.291666666666667,0.291666666666667
"2666",0.0416666666666667,0.05,0.261904761904762,0.277777777777778,NA
"2667",0.0555555555555556,0.0384615384615385,0.227272727272727,0.35,0.277777777777778
"2668",0.3125,0.0416666666666667,0.388888888888889,0.4375,0.269230769230769
"2669",0.0555555555555556,0.0454545454545455,0.277777777777778,NA,NA
"2670",0.0454545454545455,0.0625,0.5,0.236842105263158,0.346153846153846
"2671",0.0555555555555556,0.05,0.321428571428571,0.291666666666667,0.5
"2672",0.115384615384615,0.0384615384615385,0.3125,0.0625,0.25
"2673",0.125,0.25,0.227272727272727,0.318181818181818,0.318181818181818
"2674",0.05,0.227272727272727,0.25,0.192307692307692,0.35
"2675",0.0416666666666667,0.05,0.392857142857143,0.34375,0.416666666666667
"2676",0.125,0.136363636363636,0.0555555555555556,0.227272727272727,0.409090909090909
"2677",0.0416666666666667,0.136363636363636,0.346153846153846,0.321428571428571,0.583333333333333
"2678",0.09375,0.0454545454545455,0.346153846153846,0.166666666666667,NA
"2679",0.0454545454545455,0.05,0.0833333333333333,0.136363636363636,0.458333333333333
"2680",0.0555555555555556,0.136363636363636,0.208333333333333,0.192307692307692,0.409090909090909
"2681",0.0454545454545455,0.166666666666667,0.115384615384615,0.15,0.5625
"2682",0.0416666666666667,0.0555555555555556,0.0714285714285714,0.277777777777778,0.433333333333333
"2683",0.0555555555555556,0.35,0.233333333333333,0.0714285714285714,0.208333333333333
"2684",0.0714285714285714,0.05,0.15,0.166666666666667,0.590909090909091
"2685",0.0555555555555556,0.125,0.208333333333333,0.3125,0.392857142857143
"2686",0.15,0.0625,0.357142857142857,0.208333333333333,0.208333333333333
"2687",0.0384615384615385,0.125,0.125,0.388888888888889,0.5
"2688",0.0714285714285714,0.1,0.0625,0.115384615384615,0.25
"2689",0.0555555555555556,0.0714285714285714,0.233333333333333,0.541666666666667,0.227272727272727
"2690",0.0384615384615385,0.05,0.382352941176471,0.423076923076923,NA
"2691",0.0416666666666667,0.0454545454545455,0.125,0.125,0.5625
"2692",0.0333333333333333,0.09375,0.0714285714285714,0.416666666666667,0.409090909090909
"2693",0.0555555555555556,0.0454545454545455,0.178571428571429,0.227272727272727,0.5625
"2694",0.0714285714285714,0.115384615384615,0.125,0.3125,0.35
"2695",0.05,0.136363636363636,0.208333333333333,0.35,0.28125
"2696",0.0416666666666667,0.208333333333333,0.392857142857143,0.1,0.291666666666667
"2697",0.166666666666667,0.1,0.178571428571429,0.269230769230769,NA
"2698",0.0416666666666667,0.0333333333333333,0.21875,0.291666666666667,NA
"2699",0.0625,0.0357142857142857,0.0714285714285714,0.138888888888889,0.388888888888889
"2700",0.0416666666666667,0.227272727272727,0.277777777777778,0.35,0.227272727272727
"2701",0.0416666666666667,0.0454545454545455,0.125,0.321428571428571,NA
"2702",0.0568181818181818,0.0555555555555556,NA,NA,NA
"2703",0.1875,0.0333333333333333,0.25,0.25,0.318181818181818
"2704",0.166666666666667,0.0555555555555556,0.346153846153846,0.375,0.388888888888889
"2705",0.0416666666666667,0.205882352941176,0.416666666666667,0.5,NA
"2706",0.075,0.107142857142857,0.264705882352941,0.25,NA
"2707",0.0384615384615385,0.15,0.208333333333333,0.178571428571429,0.277777777777778
"2708",0.0714285714285714,0.05,0.409090909090909,0.433333333333333,0.166666666666667
"2709",0.0454545454545455,0.0625,0.264705882352941,0.3125,0.357142857142857
"2710",0.1,0.192307692307692,0.323529411764706,0.125,NA
"2711",0.375,0.05,0.423076923076923,0.375,0.346153846153846
"2712",NA,NA,NA,NA,NA
"2713",0.15,0.25,0.0714285714285714,0.318181818181818,0.147058823529412
"2714",0.0625,0.0454545454545455,0.227272727272727,0.277777777777778,0.607142857142857
"2715",0.1,0.0416666666666667,0.1875,0.227272727272727,0.5
"2716",0.0714285714285714,0.0384615384615385,0.208333333333333,0.0454545454545455,0.15
"2717",0.166666666666667,0.15,0.321428571428571,0.208333333333333,0.409090909090909
"2718",0.05,0.107142857142857,0.25,0.25,0.833333333333333
"2719",0.0714285714285714,0.1875,0.291666666666667,0.15625,0.192307692307692
"2720",0.0555555555555556,0.0625,0.346153846153846,0.423076923076923,0.45
"2721",0.0625,0.0714285714285714,0.192307692307692,0.342105263157895,0.0625
"2722",0.1,0.175,0.166666666666667,0.277777777777778,NA
"2723",0.125,0.0454545454545455,0.208333333333333,0.208333333333333,0.35
"2724",0.131578947368421,0.05,0.277777777777778,0.277777777777778,0.125
"2725",0.0625,0.208333333333333,0.125,0.166666666666667,0.5
"2726",0.0357142857142857,0.318181818181818,0.214285714285714,0.0625,0.291666666666667
"2727",0.178571428571429,0.075,0.25,0.5,0.125
"2728",0.0333333333333333,0.166666666666667,0.0555555555555556,0.25,0.5
"2729",0.0357142857142857,0.227272727272727,0.1875,0.15,0.5
"2730",0.0384615384615385,0.192307692307692,0.25,0.318181818181818,NA
"2731",0.166666666666667,0.136363636363636,0.0555555555555556,0.05,0.318181818181818
"2732",0.147058823529412,0.0625,0.05,0.4375,0.277777777777778
"2733",0.0416666666666667,0.0555555555555556,0.115384615384615,0.346153846153846,0.1875
"2734",0.107142857142857,0.0454545454545455,0.192307692307692,0.409090909090909,0.388888888888889
"2735",0.0357142857142857,0.166666666666667,0.166666666666667,0.35,0.45
"2736",0.05,0.0416666666666667,0.178571428571429,0.0555555555555556,0.5
"2737",0.107142857142857,0.0833333333333333,0.0714285714285714,0.366666666666667,0.318181818181818
"2738",0.0555555555555556,0.0357142857142857,0.366666666666667,0.0625,0.375
"2739",0.125,0.0625,0.178571428571429,0.166666666666667,0.277777777777778
"2740",0.0333333333333333,0.0416666666666667,0.388888888888889,0.0555555555555556,0.409090909090909
"2741",0.0555555555555556,0.0714285714285714,0.208333333333333,0.208333333333333,0.45
"2742",0.15,0.115384615384615,0.0714285714285714,0.34375,0.5
"2743",0.0625,0.0833333333333333,0.15,0.192307692307692,0.45
"2744",0.0625,0.115384615384615,0.321428571428571,0.388888888888889,0.0714285714285714
"2745",0.1,0.0625,0.318181818181818,0.291666666666667,0.5
"2746",0.0714285714285714,0.0384615384615385,0.5,0.277777777777778,0.409090909090909
"2747",0.0714285714285714,0.05,0.136363636363636,0.166666666666667,0.611111111111111
"2748",0.0416666666666667,0.0384615384615385,0.35,0.05,0.277777777777778
"2749",0.208333333333333,0.0357142857142857,0.318181818181818,0.25,NA
"2750",0.0555555555555556,0.0555555555555556,0.291666666666667,0.388888888888889,0.25
"2751",0.125,0.0714285714285714,0.277777777777778,0.05,0.53125
"2752",0.05,0.125,0.194444444444444,0.392857142857143,NA
"2753",0.107142857142857,0.09375,0.115384615384615,0.0555555555555556,NA
"2754",0.0384615384615385,0.0454545454545455,0.125,0.269230769230769,NA
"2755",0.208333333333333,0.0714285714285714,0.25,0.277777777777778,0.1875
"2756",0.03125,0.107142857142857,0.0714285714285714,0.1,0.269230769230769
"2757",0.0714285714285714,0.136363636363636,0.208333333333333,0.46875,0.416666666666667
"2758",0.107142857142857,0.3,0.15,0.15,0.45
"2759",0.0294117647058824,0.0714285714285714,0.15625,0.28125,NA
"2760",0.09375,0.05,0.166666666666667,0.0625,0.590909090909091
"2761",0.0555555555555556,0.166666666666667,0.166666666666667,0.205882352941176,0.388888888888889
"2762",0.192307692307692,0.0555555555555556,0.125,0.115384615384615,0.375
"2763",0.05,0.0714285714285714,0.366666666666667,0.115384615384615,0.642857142857143
"2764",0.0714285714285714,0.0882352941176471,0.375,0.5,0.318181818181818
"2765",0.0416666666666667,0.0384615384615385,0.136363636363636,0.208333333333333,0.55
"2766",0.0833333333333333,0.0555555555555556,0.366666666666667,0.166666666666667,NA
"2767",0.0714285714285714,0.205882352941176,0.205882352941176,0.423076923076923,NA
"2768",0.0384615384615385,0.0714285714285714,0.323529411764706,0.269230769230769,0.416666666666667
"2769",0.05,0.0833333333333333,0.205882352941176,0.25,NA
"2770",0.0357142857142857,0.05,0.227272727272727,0.25,0.55
"2771",0.1,0.107142857142857,0.0625,0.214285714285714,0.3
"2772",0.0833333333333333,0.0454545454545455,0.388888888888889,0.318181818181818,0.291666666666667
"2773",0.0714285714285714,0.05,0.464285714285714,0.136363636363636,0.25
"2774",0.115384615384615,0.05,0.5,0.0555555555555556,0.5
"2775",0.25,0.125,0.346153846153846,0.227272727272727,0.45
"2776",0.0333333333333333,0.35,0.3125,0.05,0.45
"2777",0.125,0.05,0.166666666666667,0.0555555555555556,0.25
"2778",0.125,0.15,0.361111111111111,0.392857142857143,NA
"2779",0.125,0.05,0.25,0.05,0.318181818181818
"2780",0.0384615384615385,0.115384615384615,0.35,0.227272727272727,0.25
"2781",0.0454545454545455,0.166666666666667,0.227272727272727,0.214285714285714,0.541666666666667
"2782",0.15,0.0416666666666667,0.25,0.05,0.346153846153846
"2783",0.0555555555555556,0.0555555555555556,0.357142857142857,0.227272727272727,0.264705882352941
"2784",0.136363636363636,0.0714285714285714,0.1875,0.35,0.382352941176471
"2785",0.107142857142857,0.25,0.208333333333333,0.0625,0.25
"2786",0.0882352941176471,0.0454545454545455,0.25,NA,NA
"2787",0.1875,0.1,0.388888888888889,0.45,0.291666666666667
"2788",0.0555555555555556,0.0714285714285714,0.55,0.3125,0.678571428571429
"2789",0.05,0.15,0.321428571428571,0.214285714285714,0.3125
"2790",0.0714285714285714,0.0555555555555556,0.192307692307692,0.346153846153846,0.625
"2791",0.0555555555555556,0.0714285714285714,0.269230769230769,0.107142857142857,0.45
"2792",0.03125,0.208333333333333,0.0454545454545455,0.05,0.3
"2793",0.0416666666666667,0.0454545454545455,0.125,0.291666666666667,0.45
"2794",0.0625,0.3125,0.147058823529412,0.3125,0.5
"2795",0.0416666666666667,0.05,0.264705882352941,0.0333333333333333,NA
"2796",0.0384615384615385,0.09375,0.392857142857143,0.05,NA
"2797",0.0625,0.0555555555555556,0.25,0.416666666666667,0.6875
"2798",0.0625,0.291666666666667,0.269230769230769,0.233333333333333,0.583333333333333
"2799",0.107142857142857,0.166666666666667,0.15,0.423076923076923,0.5
"2800",0.136363636363636,0.166666666666667,0.291666666666667,0.5,0.45
"2801",0.0384615384615385,0.115384615384615,0.291666666666667,0.318181818181818,0.5
"2802",0.115384615384615,0.1875,0.357142857142857,0.375,0.15
"2803",0.0416666666666667,0.0625,0.3125,0.15625,0.214285714285714
"2804",0.25,0.0714285714285714,0.15625,0.227272727272727,0.318181818181818
"2805",0.0416666666666667,0.227272727272727,0.375,0.35,0.1
"2806",0.0714285714285714,0.05,0.204545454545455,0.3125,0.590909090909091
"2807",0.0416666666666667,0.0833333333333333,0.611111111111111,0.05,0.40625
"2808",0.0714285714285714,0.0416666666666667,0.15,0.233333333333333,0.25
"2809",0.0454545454545455,0.0416666666666667,0.409090909090909,0.15,0.388888888888889
"2810",0.192307692307692,0.125,0.346153846153846,0.136363636363636,0.1875
"2811",0.03125,0.0416666666666667,0.25,NA,NA
"2812",0.0833333333333333,0.0454545454545455,0.277777777777778,0.15625,0.208333333333333
"2813",0.0555555555555556,0.0416666666666667,0.323529411764706,0.0625,0.277777777777778
"2814",0.05,0.0714285714285714,0.388888888888889,0.25,0.366666666666667
"2815",0.0625,0.115384615384615,0.416666666666667,0.277777777777778,0.527777777777778
"2816",0.0555555555555556,0.0416666666666667,0.1,0.1875,0.342105263157895
"2817",0.321428571428571,0.05,0.15,0.166666666666667,0.192307692307692
"2818",0.03125,0.166666666666667,0.227272727272727,0.15,0.5
"2819",0.0714285714285714,0.147058823529412,0.40625,0.0625,0.7
"2820",0.0833333333333333,0.0384615384615385,0.45,0.15,0.708333333333333
"2821",0.0384615384615385,0.0454545454545455,0.227272727272727,0.3,0.25
"2822",0.3125,0.05,0.318181818181818,0.208333333333333,0.208333333333333
"2823",0.15,0.0625,0.269230769230769,0.346153846153846,0.318181818181818
"2824",0.115384615384615,0.0625,0.178571428571429,0.25,0.35
"2825",0.0555555555555556,0.375,0.21875,0.346153846153846,NA
"2826",0.15625,0.15625,0.25,0.136363636363636,NA
"2827",0.0625,0.0454545454545455,0.15,0.05,0.269230769230769
"2828",0.208333333333333,0.0454545454545455,0.192307692307692,0.357142857142857,0.388888888888889
"2829",0.0555555555555556,0.15,0.28125,0.277777777777778,0.541666666666667
"2830",0.125,0.0555555555555556,0.192307692307692,0.05,0.346153846153846
"2831",0.25,0.1,0.1,0.25,0.409090909090909
"2832",0.0833333333333333,0.1,0.0384615384615385,NA,NA
"2833",0.269230769230769,0.15,0.0714285714285714,0.45,0.541666666666667
"2834",0.0416666666666667,0.0714285714285714,0.0833333333333333,0.464285714285714,0.233333333333333
"2835",0.0454545454545455,0.0333333333333333,0.46875,0.0454545454545455,NA
"2836",0.0333333333333333,0.0714285714285714,0.0416666666666667,0.214285714285714,0.318181818181818
"2837",0.0454545454545455,0.0416666666666667,0.375,0.25,0.55
"2838",0.166666666666667,0.0454545454545455,0.277777777777778,0.147058823529412,0.5
"2839",0.0714285714285714,0.0384615384615385,0.05,0.15,0.25
"2840",0.0555555555555556,0.214285714285714,0.115384615384615,0.214285714285714,0.35
"2841",0.136363636363636,0.0555555555555556,0.269230769230769,0.15,0.5
"2842",0.05,0.0454545454545455,0.208333333333333,0.227272727272727,0.416666666666667
"2843",0.0454545454545455,0.0714285714285714,0.3,0.3,0.40625
"2844",0.178571428571429,0.0555555555555556,0.291666666666667,0.357142857142857,0.535714285714286
"2845",0.0625,0.0714285714285714,0.15,0.236842105263158,0.35
"2846",0.0454545454545455,0.0555555555555556,0.115384615384615,0.0454545454545455,0.5
"2847",0.0454545454545455,0.05,0.535714285714286,0.192307692307692,0.0714285714285714
"2848",0.0416666666666667,0.05,0.291666666666667,0.15,0.3125
"2849",0.05,0.115384615384615,0.346153846153846,0.25,NA
"2850",0.03125,0.166666666666667,0.09375,0.227272727272727,0.3
"2851",0.0454545454545455,0.0714285714285714,0.166666666666667,0.166666666666667,0.35
"2852",0.05,0.14,0.3,NA,NA
"2853",0.166666666666667,0.125,0.3125,0.34375,0.409090909090909
"2854",0.0454545454545455,0.0833333333333333,0.192307692307692,0.166666666666667,0.458333333333333
"2855",0.05,0.0416666666666667,0.0357142857142857,0.3125,0.269230769230769
"2856",0.0357142857142857,0.05,0.214285714285714,0.269230769230769,0.55
"2857",0.0416666666666667,0.0714285714285714,0.25,0.208333333333333,0.227272727272727
"2858",0.05,0.0625,0.0384615384615385,0.1875,0.342105263157895
"2859",0.0714285714285714,0.0555555555555556,0.205882352941176,0.192307692307692,0.35
"2860",0.208333333333333,0.05,0.192307692307692,0.208333333333333,0.0454545454545455
"2861",0.125,0.0454545454545455,0.192307692307692,0.1875,0.590909090909091
"2862",0.0416666666666667,0.0357142857142857,0.136363636363636,0.0384615384615385,0.5
"2863",0.0714285714285714,0.0333333333333333,0.361111111111111,0.375,0.357142857142857
"2864",0.0416666666666667,0.0416666666666667,0.25,0.227272727272727,0.366666666666667
"2865",0.15,0.107142857142857,0.15,0.3125,0.541666666666667
"2866",0.15,0.178571428571429,0.35,0.3125,0.590909090909091
"2867",0.0714285714285714,0.1875,0.291666666666667,0.166666666666667,0.409090909090909
"2868",0.0833333333333333,0.0416666666666667,0.375,0.0833333333333333,0.5
"2869",0.178571428571429,0.0555555555555556,0.166666666666667,0.321428571428571,0.45
"2870",0.166666666666667,0.0555555555555556,0.30952380952381,0.0555555555555556,NA
"2871",0.0357142857142857,0.05,0.357142857142857,0.227272727272727,0.25
"2872",0.0384615384615385,0.0853658536585366,0.5,NA,NA
"2873",0.0555555555555556,0.107142857142857,0.3,0.15,0.388888888888889
"2874",0.0384615384615385,0.214285714285714,0.409090909090909,0.227272727272727,0.375
"2875",0.0833333333333333,0.166666666666667,0.214285714285714,0.21875,0.4375
"2876",0.05,0.0625,0.3125,0.233333333333333,0.366666666666667
"2877",0.25,0.134615384615385,0.318181818181818,NA,NA
"2878",0.0333333333333333,0.0625,0.0416666666666667,0.138888888888889,0.125
"2879",0.0714285714285714,0.0625,0.0714285714285714,0.321428571428571,0.46875
"2880",0.277777777777778,0.136363636363636,0.21875,0.15,0.409090909090909
"2881",0.0833333333333333,0.0714285714285714,0.125,0.25,0.357142857142857
"2882",0.0882352941176471,0.3125,0.5,0.233333333333333,NA
"2883",0.277777777777778,0.107142857142857,0.409090909090909,0.233333333333333,0.5
"2884",0.0333333333333333,0.115384615384615,0.0454545454545455,0.15,0.4375
"2885",0.125,0.25,0.321428571428571,0.15,0.6875
"2886",0.15,0.05,0.277777777777778,0.125,0.357142857142857
"2887",0.03125,0.15,0.366666666666667,0.214285714285714,0.277777777777778
"2888",0.0454545454545455,0.0357142857142857,0.3,0.375,NA
"2889",0.0454545454545455,0.107142857142857,0.4375,0.05,0.409090909090909
"2890",0.0357142857142857,0.05,0.166666666666667,0.464285714285714,0.3125
"2891",0.0555555555555556,0.05,0.5625,0.166666666666667,0.642857142857143
"2892",0.03125,0.0416666666666667,0.173076923076923,NA,NA
"2893",0.0384615384615385,0.131578947368421,0.131578947368421,0.166666666666667,NA
"2894",0.0454545454545455,0.0625,0.541666666666667,0.392857142857143,0.277777777777778
"2895",0.0454545454545455,0.05,0.25,0.05,0.318181818181818
"2896",0.0714285714285714,0.15,0.394736842105263,0.25,0.375
"2897",0.0384615384615385,0.227272727272727,0.233333333333333,0.3,NA
"2898",0.0714285714285714,0.0625,0.0555555555555556,0.233333333333333,0.416666666666667
"2899",0.0555555555555556,0.25,0.458333333333333,0.625,0.277777777777778
"2900",0.0384615384615385,0.0625,0.3,0.15,0.35
"2901",0.125,0.178571428571429,0.09375,0.3125,0.0714285714285714
"2902",0.03125,0.0833333333333333,0.0416666666666667,0.1875,NA
"2903",0.125,0.0833333333333333,0.277777777777778,0.1875,0.25
"2904",0.0625,0.0384615384615385,0.409090909090909,0.15,0.25
"2905",0.107142857142857,0.131578947368421,0.34375,0.25,NA
"2906",0.0555555555555556,0.0333333333333333,0.5,0.625,0.318181818181818
"2907",0.0714285714285714,0.35,0.166666666666667,0.291666666666667,0.423076923076923
"2908",0.0833333333333333,0.136363636363636,0.0555555555555556,0.0625,0.541666666666667
"2909",0.0652173913043478,0.0416666666666667,0.0789473684210526,NA,NA
"2910",0.05,0.1,0.227272727272727,0.1875,0.214285714285714
"2911",0.0625,0.166666666666667,0.291666666666667,0.318181818181818,0.5
"2912",0.0625,0.136363636363636,0.178571428571429,0.3125,0.192307692307692
"2913",0.15,0.15,0.291666666666667,0.35,0.0454545454545455
"2914",0.0555555555555556,0.291666666666667,0.318181818181818,0.178571428571429,0.7
"2915",0.0416666666666667,0.125,0.05,0.277777777777778,0.5
"2916",0.05,0.166666666666667,0.357142857142857,0.233333333333333,0.366666666666667
"2917",0.1,0.0454545454545455,0.236842105263158,0.1875,NA
"2918",0.166666666666667,0.147058823529412,0.15,0.1875,0.166666666666667
"2919",0.0555555555555556,0.05,0.277777777777778,0.277777777777778,0.25
"2920",0.277777777777778,0.0833333333333333,0.409090909090909,0.25,0.166666666666667
"2921",0.0454545454545455,0.3,0.3,0.277777777777778,0.357142857142857
"2922",0.227272727272727,0.05,0.25,0.05,0.458333333333333
"2923",0.0416666666666667,0.05,0.25,0.25,0.4375
"2924",0.0454545454545455,0.0714285714285714,0.28125,0.208333333333333,0.3125
"2925",0.0625,0.0555555555555556,0.115384615384615,0.291666666666667,0.125
"2926",0.0454545454545455,0.125,0.107142857142857,0.05,NA
"2927",0.0416666666666667,0.208333333333333,0.388888888888889,0.25,0.346153846153846
"2928",0.0555555555555556,0.208333333333333,0.409090909090909,0.15,0.409090909090909
"2929",0.107142857142857,0.227272727272727,0.0714285714285714,0.25,0.291666666666667
"2930",0.0555555555555556,0.0454545454545455,0.291666666666667,0.166666666666667,0.3125
"2931",0.0454545454545455,0.0625,0.09375,0.291666666666667,0.6875
"2932",0.0625,0.0625,0.433333333333333,0.458333333333333,0.227272727272727
"2933",0.15,0.0625,0.34375,0.357142857142857,0.227272727272727
"2934",0.0384615384615385,0.214285714285714,0.0555555555555556,0.25,0.291666666666667
"2935",0.0714285714285714,0.05,0.1875,0.25,0.375
"2936",0.0625,0.21875,0.166666666666667,0.136363636363636,NA
"2937",0.0454545454545455,0.0714285714285714,0.227272727272727,0.192307692307692,0.269230769230769
"2938",0.192307692307692,0.1,0.3125,0.346153846153846,0.5
"2939",0.0625,0.125,0.0416666666666667,0.1,0.7
"2940",0.05,0.0714285714285714,0.05,0.0833333333333333,0.607142857142857
"2941",0.0454545454545455,0.0384615384615385,0.392857142857143,0.233333333333333,NA
"2942",0.0625,0.0555555555555556,0.208333333333333,0.227272727272727,0.277777777777778
"2943",0.0384615384615385,0.136363636363636,0.192307692307692,0.269230769230769,NA
"2944",0.0714285714285714,0.115384615384615,0.192307692307692,0.15,0.1
"2945",0.115384615384615,0.0625,0.0384615384615385,0.25,0.291666666666667
"2946",0.125,0.138888888888889,0.166666666666667,0.3125,0.55
"2947",0.0416666666666667,0.0714285714285714,0.45,0.208333333333333,0.269230769230769
"2948",0.15,0.357142857142857,0.318181818181818,0.366666666666667,0.5625
"2949",0.0714285714285714,0.107142857142857,0.625,0.291666666666667,0.35
"2950",0.0714285714285714,0.0357142857142857,0.136363636363636,0.0555555555555556,0.25
"2951",0.0555555555555556,0.0714285714285714,0.35,0.208333333333333,0.423076923076923
"2952",0.125,0.0714285714285714,0.136363636363636,0.0384615384615385,0.5
"2953",0.115384615384615,0.05,0.1,0.269230769230769,0.5
"2954",0.208333333333333,0.09375,0.0833333333333333,0.321428571428571,0.375
"2955",0.0454545454545455,0.192307692307692,0.15,0.227272727272727,0.409090909090909
"2956",0.0384615384615385,0.0416666666666667,0.166666666666667,0.4375,0.5
"2957",0.233333333333333,0.136363636363636,0.0714285714285714,0.25,0.5
"2958",0.115384615384615,0.178571428571429,0.3,0.7,0.6875
"2959",0.05,0.05,0.0555555555555556,0.204545454545455,NA
"2960",0.0714285714285714,0.192307692307692,0.115384615384615,0.409090909090909,0.388888888888889
"2961",0.1,0.227272727272727,0.166666666666667,0.233333333333333,0.214285714285714
"2962",0.0454545454545455,0.15,0.208333333333333,0.0555555555555556,0.166666666666667
"2963",0.1,0.0555555555555556,0.291666666666667,0.136363636363636,0.5625
"2964",0.0714285714285714,0.0714285714285714,0.269230769230769,0.264705882352941,0.423076923076923
"2965",0.0555555555555556,0.0625,0.0416666666666667,0.45,0.458333333333333
"2966",0.0555555555555556,0.1,0.375,0.25,0.357142857142857
"2967",0.0384615384615385,0.166666666666667,0.375,0.15,0.277777777777778
"2968",0.0384615384615385,0.0454545454545455,0.15625,0.1875,NA
"2969",0.0384615384615385,0.0714285714285714,0.45,0.25,0.375
"2970",0.0555555555555556,0.0833333333333333,0.0555555555555556,0.136363636363636,0.214285714285714
"2971",0.107142857142857,0.0555555555555556,0.1875,0.192307692307692,0.3125
"2972",0.0625,0.107142857142857,0.136363636363636,0.214285714285714,0.423076923076923
"2973",0.0555555555555556,0.0789473684210526,0.136363636363636,0.25,0.15
"2974",0.0833333333333333,0.35,0.166666666666667,0.277777777777778,0.3
"2975",0.1875,0.125,0.269230769230769,0.233333333333333,0.3125
"2976",0.0555555555555556,0.125,0.28125,0.227272727272727,0.277777777777778
"2977",0.05,0.166666666666667,0.25,0.28125,0.357142857142857
"2978",0.0714285714285714,0.05,0.0714285714285714,0.321428571428571,0.25
"2979",0.1,0.136363636363636,0.321428571428571,0.291666666666667,0.3
"2980",0.05,0.269230769230769,0.409090909090909,0.208333333333333,0.409090909090909
"2981",0.0555555555555556,0.05,0.277777777777778,0.25,0.53125
"2982",0.166666666666667,0.0555555555555556,0.35,0.357142857142857,0.576923076923077
"2983",0.166666666666667,0.0625,0.5,0.15,0.3125
"2984",0.09375,0.0714285714285714,0.15,0.375,0.409090909090909
"2985",0.0416666666666667,0.115384615384615,0.0357142857142857,0.25,0.5
"2986",0.0384615384615385,0.0555555555555556,0.125,0.346153846153846,0.318181818181818
"2987",0.05,0.136363636363636,0.208333333333333,0.269230769230769,0.416666666666667
"2988",0.0833333333333333,0.115384615384615,0.291666666666667,0.21875,0.277777777777778
"2989",0.0555555555555556,0.0625,0.366666666666667,0.25,0.35
"2990",0.0384615384615385,0.0833333333333333,0.392857142857143,0.458333333333333,0.346153846153846
"2991",0.0454545454545455,0.05,0.136363636363636,0.277777777777778,0.433333333333333
"2992",0.208333333333333,0.075,0.05,0.1875,0.05
"2993",0.0555555555555556,0.0625,0.3,0.09375,NA
"2994",0.05,0.0454545454545455,0.227272727272727,0.34375,0.625
"2995",0.0277777777777778,0.0454545454545455,0.125,0.5,NA
"2996",0.0384615384615385,0.15625,0.291666666666667,0.388888888888889,NA
"2997",0.0714285714285714,0.1875,0.34375,0.388888888888889,0.45
"2998",0.0555555555555556,0.0714285714285714,0.107142857142857,0.0555555555555556,0.3
"2999",0.0555555555555556,0.15,0.178571428571429,0.136363636363636,0.1875
"3000",0.208333333333333,0.233333333333333,0.458333333333333,0.0555555555555556,0.5625
"3001",0.0555555555555556,0.05,0.166666666666667,0.208333333333333,0.318181818181818
"3002",0.0625,0.05,0.166666666666667,0.192307692307692,0.5
"3003",0.166666666666667,0.227272727272727,0.388888888888889,0.375,0.409090909090909
"3004",0.0333333333333333,0.214285714285714,0.269230769230769,0.0416666666666667,0.357142857142857
"3005",0.107142857142857,0.0714285714285714,0.115384615384615,0.1875,0.409090909090909
"3006",0.192307692307692,0.0714285714285714,0.125,0.115384615384615,NA
"3007",0.0454545454545455,0.0625,0.15,0.25,0.35
"3008",0.0454545454545455,0.0416666666666667,0.192307692307692,0.25,0.611111111111111
"3009",0.0789473684210526,0.205882352941176,0.5,0.375,0.4375
"3010",0.0833333333333333,0.147058823529412,0.321428571428571,0.136363636363636,0.214285714285714
"3011",0.05,0.1875,0.323529411764706,0.15,0.214285714285714
"3012",0.0555555555555556,0.0416666666666667,0.5,0.107142857142857,0.35
"3013",0.0555555555555556,0.125,0.3125,0.166666666666667,0.357142857142857
"3014",0.136363636363636,0.0555555555555556,0.3125,0.136363636363636,0.3
"3015",0.0333333333333333,0.1,0.0454545454545455,0.35,0.5
"3016",0.1,0.0416666666666667,0.5,0.35,0.409090909090909
"3017",0.0454545454545455,0.0714285714285714,0.25,0.15,0.375
"3018",0.0454545454545455,0.0357142857142857,0.392857142857143,0.166666666666667,0.0625
"3019",0.0263157894736842,0.0714285714285714,0.225,0.125,NA
"3020",0.208333333333333,0.233333333333333,0.214285714285714,0.0384615384615385,0.6875
"3021",0.178571428571429,0.0357142857142857,0.178571428571429,0.5,0.5625
"3022",0.192307692307692,0.0714285714285714,0.25,0.346153846153846,0.318181818181818
"3023",0.0714285714285714,0.0714285714285714,0.305555555555556,0.25,0.409090909090909
"3024",0.1875,0.0384615384615385,0.1875,0.318181818181818,0.291666666666667
"3025",0.147058823529412,0.0555555555555556,0.277777777777778,0.3125,0.35
"3026",0.119047619047619,0.0714285714285714,0.15,0.0625,0.5
"3027",0.0714285714285714,0.136363636363636,0.194444444444444,0.277777777777778,0.45
"3028",0.05,0.0625,0.35,0.392857142857143,0.125
"3029",0.1875,0.0454545454545455,0.25,0.208333333333333,0.785714285714286
"3030",0.0625,0.166666666666667,0.269230769230769,0.291666666666667,0.0416666666666667
"3031",0.0357142857142857,0.05,0.346153846153846,0.392857142857143,NA
"3032",0.0555555555555556,0.09375,0.166666666666667,0.0833333333333333,0.5
"3033",0.166666666666667,0.166666666666667,0.25,0.321428571428571,0.5
"3034",0.0416666666666667,0.0357142857142857,0.321428571428571,0.388888888888889,0.625
"3035",0.05,0.0384615384615385,0.166666666666667,0.0714285714285714,0.178571428571429
"3036",0.0277777777777778,0.0357142857142857,0.0555555555555556,0.35,NA
"3037",0.0714285714285714,0.0625,0.208333333333333,0.25,0.166666666666667
"3038",0.125,0.25,0.15,0.409090909090909,0.535714285714286
"3039",0.0625,0.192307692307692,0.321428571428571,0.269230769230769,0.1
"3040",0.107142857142857,0.0416666666666667,0.0833333333333333,0.208333333333333,0.392857142857143
"3041",0.107142857142857,0.25,0.227272727272727,0.214285714285714,0.15
"3042",0.107142857142857,0.0714285714285714,0.416666666666667,0.166666666666667,0.227272727272727
"3043",0.05,0.166666666666667,0.346153846153846,0.291666666666667,0.388888888888889
"3044",0.0333333333333333,0.115384615384615,0.15,0.409090909090909,NA
"3045",0.0714285714285714,0.166666666666667,0.291666666666667,0.166666666666667,0.55
"3046",0.25,0.125,0.125,0.15,0.346153846153846
"3047",0.0714285714285714,0.0384615384615385,0.125,0.125,0.115384615384615
"3048",0.025,0.0789473684210526,0.34375,NA,NA
"3049",0.166666666666667,0.05,0.184210526315789,0.291666666666667,NA
"3050",0.107142857142857,0.0714285714285714,0.233333333333333,0.208333333333333,0.25
"3051",0.115384615384615,0.09375,0.3125,0.15,0.291666666666667
"3052",0.0714285714285714,0.0384615384615385,0.0384615384615385,0.35,0.35
"3053",0.0555555555555556,0.05,0.147058823529412,0.0833333333333333,0.318181818181818
"3054",0.152173913043478,0.0416666666666667,0.138888888888889,NA,NA
"3055",0.0555555555555556,0.233333333333333,0.227272727272727,0.75,0.611111111111111
"3056",0.115384615384615,0.0416666666666667,0.590909090909091,0.192307692307692,0.277777777777778
"3057",0.208333333333333,0.0555555555555556,0.323529411764706,0.0625,NA
"3058",0.125,0.0416666666666667,0.375,0.25,0.166666666666667
"3059",0.0294117647058824,0.05,0.05,0.357142857142857,0.318181818181818
"3060",0.05,0.107142857142857,0.25,0.0454545454545455,0.392857142857143
"3061",0.0555555555555556,0.0416666666666667,0.342105263157895,0.136363636363636,NA
"3062",0.138888888888889,0.0714285714285714,0.0625,0.0714285714285714,0.40625
"3063",0.107142857142857,0.1,0.4375,0.136363636363636,0.1875
"3064",0.09375,0.25,0.166666666666667,0.25,0.464285714285714
"3065",0.107142857142857,0.227272727272727,0.136363636363636,0.1875,0.166666666666667
"3066",0.0357142857142857,0.0333333333333333,0.0714285714285714,0.291666666666667,0.416666666666667
"3067",0.0294117647058824,0.0416666666666667,0.264705882352941,0.15,NA
"3068",0.115384615384615,0.25,0.208333333333333,0.25,0.375
"3069",0.03125,0.0357142857142857,0.15,0.214285714285714,0.45
"3070",0.0333333333333333,0.25,0.25,0.0333333333333333,0.277777777777778
"3071",0.15,0.15,0.15,0.0714285714285714,0.28125
"3072",0.0555555555555556,0.0625,0.227272727272727,0.125,0.5
"3073",0.15,0.0416666666666667,0.291666666666667,0.277777777777778,0.5
"3074",0.0416666666666667,0.0384615384615385,0.136363636363636,0.0625,0.392857142857143
"3075",0.15,0.0714285714285714,0.321428571428571,0.346153846153846,0.4375
"3076",0.233333333333333,0.0555555555555556,0.3,0.227272727272727,0.136363636363636
"3077",0.0789473684210526,0.0625,0.25,0.318181818181818,0.1
"3078",0.0384615384615385,0.0384615384615385,0.45,0.0555555555555556,0.409090909090909
"3079",0.192307692307692,0.0714285714285714,0.166666666666667,0.291666666666667,0.227272727272727
"3080",0.0416666666666667,0.107142857142857,0.05,0.227272727272727,0.125
"3081",0.0416666666666667,0.0555555555555556,0.227272727272727,0.136363636363636,0.227272727272727
"3082",0.136363636363636,0.0454545454545455,0.236842105263158,0.1875,NA
"3083",0.0625,0.125,0.277777777777778,0.264705882352941,0.388888888888889
"3084",0.277777777777778,0.136363636363636,0.423076923076923,0.277777777777778,0.277777777777778
"3085",0.0625,0.0714285714285714,0.375,0.269230769230769,0.361111111111111
"3086",0.0384615384615385,0.0714285714285714,0.269230769230769,0.3125,0.576923076923077
"3087",0.0714285714285714,0.107142857142857,0.178571428571429,0.227272727272727,0.388888888888889
"3088",0.0357142857142857,0.05,0.375,0.535714285714286,0.375
"3089",0.05,0.0333333333333333,0.166666666666667,0.35,0.423076923076923
"3090",0.0625,0.178571428571429,0.25,0.321428571428571,0.1
"3091",0.0833333333333333,0.0555555555555556,0.269230769230769,0.125,0.458333333333333
"3092",0.115384615384615,0.125,0.208333333333333,0.125,0.416666666666667
"3093",0.0714285714285714,0.0555555555555556,0.107142857142857,0.25,0.388888888888889
"3094",0.147058823529412,0.208333333333333,0.0454545454545455,0.0625,0.75
"3095",0.25,0.0416666666666667,0.136363636363636,0.166666666666667,0.375
"3096",0.0333333333333333,0.05,0.21875,0.0555555555555556,0.5
"3097",0.1,0.15625,0.3,0.25,NA
"3098",0.0714285714285714,0.0625,0.0882352941176471,0.178571428571429,0.5
"3099",0.0625,0.0416666666666667,0.166666666666667,0.208333333333333,0.388888888888889
"3100",0.166666666666667,0.05,0.194444444444444,0.291666666666667,0.416666666666667
"3101",0.0714285714285714,0.0454545454545455,0.192307692307692,0.291666666666667,0.136363636363636
"3102",0.1,0.0357142857142857,0.192307692307692,0.1875,NA
"3103",0.0714285714285714,0.05,0.291666666666667,0.366666666666667,0.409090909090909
"3104",0.208333333333333,0.15625,0.0625,0.15,0.318181818181818
"3105",0.166666666666667,0.166666666666667,0.35,0.227272727272727,0.269230769230769
"3106",0.0384615384615385,0.05,0.115384615384615,0.115384615384615,0.3125
"3107",0.05,0.0882352941176471,0.134615384615385,NA,NA
"3108",0.05,0.0333333333333333,0.166666666666667,0.35,NA
"3109",0.1,0.0555555555555556,0.0833333333333333,0.136363636363636,0.392857142857143
"3110",0.125,0.0882352941176471,0.28125,0.625,NA
"3111",0.05,0.05,0.382352941176471,0.388888888888889,0.35
"3112",0.0333333333333333,0.0555555555555556,0.269230769230769,0.0625,0.291666666666667
"3113",0.1875,0.0833333333333333,0.166666666666667,0.3,0.4375
"3114",0.0625,0.0625,0.214285714285714,0.136363636363636,0.233333333333333
"3115",0.0833333333333333,0.152173913043478,0.318181818181818,NA,NA
"3116",0.136363636363636,0.15,0.346153846153846,0.0357142857142857,0.3125
"3117",0.192307692307692,0.136363636363636,0.208333333333333,0.115384615384615,0.318181818181818
"3118",0.214285714285714,0.09375,0.0416666666666667,0.458333333333333,0.375
"3119",0.0357142857142857,0.0714285714285714,0.136363636363636,0.0625,0.55
"3120",0.0555555555555556,0.0454545454545455,0.1875,0.192307692307692,0.269230769230769
"3121",0.05,0.0384615384615385,0.375,0.136363636363636,0.1875
"3122",0.0416666666666667,0.115384615384615,0.107142857142857,0.321428571428571,NA
"3123",0.0384615384615385,0.15,0.409090909090909,0.15,0.1875
"3124",0.0555555555555556,0.25,0.423076923076923,0.178571428571429,0.4375
"3125",0.09375,0.0714285714285714,0.05,0.0625,0.392857142857143
"3126",0.05,0.277777777777778,0.1875,0.208333333333333,0.382352941176471
"3127",0.136363636363636,0.0714285714285714,0.178571428571429,0.321428571428571,0.357142857142857
"3128",0.0555555555555556,0.0625,0.35,0.208333333333333,0.791666666666667
"3129",0.25,0.15,0.277777777777778,0.346153846153846,0.46875
"3130",0.0384615384615385,0.15,0.25,0.136363636363636,0.5
"3131",0.025,0.136363636363636,0.458333333333333,0.115384615384615,NA
"3132",0.05,0.1875,0.1875,0.208333333333333,0.233333333333333
"3133",0.15,0.136363636363636,0.25,0.35,0.458333333333333
"3134",0.1875,0.125,0.227272727272727,0.4375,0.227272727272727
"3135",0.0625,0.136363636363636,0.125,0.227272727272727,0.5
"3136",0.125,0.0714285714285714,0.318181818181818,0.318181818181818,0.611111111111111
"3137",0.05,0.233333333333333,0.25,0.125,0.291666666666667
"3138",0.0833333333333333,0.0384615384615385,0.15,0.269230769230769,0.346153846153846
"3139",0.136363636363636,0.208333333333333,0.227272727272727,0.233333333333333,NA
"3140",0.0416666666666667,0.05,0.261904761904762,0.214285714285714,NA
"3141",0.1,0.269230769230769,0.28125,0.277777777777778,0.388888888888889
"3142",0.125,0.05,0.214285714285714,0.277777777777778,0.625
"3143",0.0384615384615385,0.147058823529412,0.416666666666667,0.1875,0.318181818181818
"3144",0.15,0.0416666666666667,0.25,0.277777777777778,NA
"3145",0.125,0.1,0.09375,0.291666666666667,0.3125
"3146",0.0384615384615385,0.15,0.409090909090909,0.0555555555555556,0.166666666666667
"3147",0.0555555555555556,0.0454545454545455,0.136363636363636,0.15,0.45
"3148",0.05,0.107142857142857,0.277777777777778,0.357142857142857,0.291666666666667
"3149",0.0555555555555556,0.1,0.05,0.136363636363636,0.25
"3150",0.0384615384615385,0.0714285714285714,0.192307692307692,0.166666666666667,0.366666666666667
"3151",0.0555555555555556,0.0555555555555556,0.136363636363636,0.4375,0.5
"3152",0.0555555555555556,0.0384615384615385,0.45,0.277777777777778,0.115384615384615
"3153",0.0555555555555556,0.227272727272727,0.227272727272727,0.409090909090909,0.277777777777778
"3154",0.0625,0.1,0.269230769230769,0.25,0.6875
"3155",0.136363636363636,0.0384615384615385,0.227272727272727,0.136363636363636,0.5
"3156",0.0625,0.104166666666667,0.233333333333333,0.1875,NA
"3157",0.05,0.115384615384615,0.15,0.25,0.45
"3158",0.0454545454545455,0.0714285714285714,0.318181818181818,0.192307692307692,0.25
"3159",0.0384615384615385,0.09375,0.291666666666667,0.05,NA
"3160",0.0333333333333333,0.05,0.34375,0.0555555555555556,0.5
"3161",0.0555555555555556,0.1,0.236842105263158,0.375,0.5
"3162",0.05,0.0625,0.15,0.423076923076923,0.611111111111111
"3163",0.0714285714285714,0.0416666666666667,0.166666666666667,0.375,0.75
"3164",NA,NA,NA,NA,NA
"3165",0.0454545454545455,0.0416666666666667,0.125,0.0555555555555556,0.3
"3166",0.115384615384615,0.107142857142857,0.184210526315789,0.166666666666667,NA
"3167",0.115384615384615,0.0454545454545455,0.227272727272727,0.227272727272727,0.583333333333333
"3168",0.107142857142857,0.0454545454545455,0.277777777777778,0.0714285714285714,0.208333333333333
"3169",0.15,0.0625,0.1,0.25,0.5625
"3170",0.208333333333333,0.05,0.25,0.318181818181818,0.192307692307692
"3171",0.0714285714285714,0.125,0.25,0.269230769230769,NA
"3172",0.131578947368421,0.0882352941176471,0.3,0.166666666666667,NA
"3173",0.0454545454545455,0.0384615384615385,0.289473684210526,0.0714285714285714,NA
"3174",0.1875,0.15625,0.357142857142857,0.0625,0.277777777777778
"3175",0.15625,0.0555555555555556,0.208333333333333,0.214285714285714,0.611111111111111
"3176",0.0555555555555556,0.0333333333333333,0.323529411764706,0.125,0.0833333333333333
"3177",0.05,0.115384615384615,0.136363636363636,0.208333333333333,0.5
"3178",0.0714285714285714,0.15,0.125,0.227272727272727,0.34375
"3179",0.0555555555555556,0.115384615384615,0.166666666666667,0.125,0.5
"3180",0.05,0.15,0.611111111111111,0.208333333333333,0.136363636363636
"3181",0.178571428571429,0.21875,0.264705882352941,0.0714285714285714,NA
"3182",0.0357142857142857,0.05,0.205882352941176,0.318181818181818,NA
"3183",0.05,0.0555555555555556,0.346153846153846,0.0625,0.321428571428571
"3184",0.0833333333333333,0.0416666666666667,0.194444444444444,0.45,0.785714285714286
"3185",0.1,0.166666666666667,0.291666666666667,0.277777777777778,0.125
"3186",0.115384615384615,0.1875,0.35,0.227272727272727,0.3125
"3187",0.0454545454545455,0.0357142857142857,0.0625,0.208333333333333,0.5
"3188",0.119047619047619,0.15625,0.192307692307692,NA,NA
"3189",0.0357142857142857,0.05,0.166666666666667,0.45,0.5
"3190",0.0625,0.107142857142857,0.0416666666666667,0.3125,0.55
"3191",0.0416666666666667,0.115384615384615,0.3125,0.357142857142857,0.65
"3192",0.0555555555555556,0.208333333333333,0.25,0.208333333333333,0.346153846153846
"3193",0.0714285714285714,0.05,0.227272727272727,0.25,0.392857142857143
"3194",0.0555555555555556,0.0714285714285714,0.342105263157895,0.318181818181818,0.25
"3195",0.15,0.0714285714285714,0.590909090909091,0.25,0.5
"3196",0.136363636363636,0.0416666666666667,0.277777777777778,0.0555555555555556,0.25
"3197",0.0555555555555556,0.0416666666666667,0.5,0.178571428571429,0.125
"3198",0.0416666666666667,0.125,0.192307692307692,0.192307692307692,0.590909090909091
"3199",0.0454545454545455,0.1875,0.15,0.35,0.21875
"3200",0.0384615384615385,0.0625,0.28125,0.0454545454545455,NA
"3201",0.0555555555555556,0.0357142857142857,0.25,0.178571428571429,0.136363636363636
"3202",0.0625,0.0555555555555556,0.416666666666667,0.321428571428571,0.25
"3203",0.0555555555555556,0.05,0.192307692307692,0.590909090909091,0.35
"3204",0.178571428571429,0.0357142857142857,0.277777777777778,0.277777777777778,0.6875
"3205",0.03125,0.184210526315789,0.392857142857143,NA,NA
"3206",0.05,0.0833333333333333,0.25,0.416666666666667,0.3
"3207",0.0555555555555556,0.115384615384615,0.178571428571429,0.277777777777778,0.416666666666667
"3208",0.0714285714285714,0.0454545454545455,0.0555555555555556,0.346153846153846,0.53125
"3209",0.192307692307692,0.05,0.346153846153846,0.25,0.1875
"3210",0.0555555555555556,0.0454545454545455,0.326086956521739,0.115384615384615,NA
"3211",0.05,0.178571428571429,0.15,0.1875,0.458333333333333
"3212",0.05,0.15625,0.136363636363636,0.269230769230769,NA
"3213",0.208333333333333,0.125,0.178571428571429,0.5,0.75
"3214",0.107142857142857,0.166666666666667,0.590909090909091,0.35,0.5
"3215",0.178571428571429,0.0625,0.45,0.25,0.318181818181818
"3216",0.125,0.115384615384615,0.227272727272727,0.277777777777778,0.5
"3217",0.15,0.09375,0.166666666666667,0.277777777777778,0.25
"3218",0.125,0.05,0.166666666666667,0.346153846153846,0.5
"3219",0.115384615384615,0.227272727272727,0.3125,0.1875,0.15
"3220",0.1875,0.166666666666667,0.15,0.318181818181818,0.25
"3221",0.192307692307692,0.25,0.136363636363636,0.3125,0.208333333333333
"3222",0.0416666666666667,0.0714285714285714,0.136363636363636,0.107142857142857,0.291666666666667
"3223",0.0555555555555556,0.0882352941176471,0.35,0.590909090909091,0.6875
"3224",0.09375,0.0454545454545455,0.166666666666667,0.269230769230769,0.409090909090909
"3225",0.0384615384615385,0.125,0.375,0.291666666666667,NA
"3226",0.05,0.115384615384615,0.0384615384615385,0.15,0.55
"3227",0.0384615384615385,0.291666666666667,0.05,0.3125,0.318181818181818
"3228",0.05,0.0625,0.21875,0.35,0.45
"3229",0.05,0.05,0.227272727272727,0.423076923076923,0.5
"3230",0.0555555555555556,0.136363636363636,0.318181818181818,0.227272727272727,0.321428571428571
"3231",0.0384615384615385,0.166666666666667,0.136363636363636,0.277777777777778,0.214285714285714
"3232",0.09375,0.0555555555555556,0.277777777777778,0.115384615384615,0.277777777777778
"3233",0.166666666666667,0.0625,0.40625,0.35,0.208333333333333
"3234",0.0555555555555556,0.25,0.233333333333333,0.4375,0.35
"3235",0.0384615384615385,0.208333333333333,0.227272727272727,0.4375,0.4375
"3236",0.05,0.05,0.107142857142857,0.15,0.4375
"3237",0.09375,0.416666666666667,0.423076923076923,0.1875,0.35
"3238",0.05,0.107142857142857,0.05,0.375,0.409090909090909
"3239",0.0454545454545455,0.0454545454545455,0.25,0.3125,0.277777777777778
"3240",0.0357142857142857,0.0555555555555556,0.25,0.166666666666667,0.5
"3241",0.0555555555555556,0.208333333333333,0.192307692307692,0.4375,0.357142857142857
"3242",0.25,0.0416666666666667,0.357142857142857,0.147058823529412,0.65
"3243",0.0555555555555556,0.125,0.192307692307692,0.208333333333333,0.35
"3244",0.0714285714285714,0.15,0.28125,0.25,0.5
"3245",0.166666666666667,0.125,0.15,0.125,0.5
"3246",0.0384615384615385,0.05,0.264705882352941,0.05,0.277777777777778
"3247",0.107142857142857,0.0555555555555556,0.15,0.392857142857143,0.25
"3248",0.166666666666667,0.0625,0.277777777777778,0.136363636363636,0.291666666666667
"3249",0.0454545454545455,0.15,0.346153846153846,0.21875,0.25
"3250",0.125,0.15,0.269230769230769,0.1875,0.291666666666667
"3251",0.0416666666666667,0.0555555555555556,0.115384615384615,0.409090909090909,0.4375
"3252",0.291666666666667,0.0625,0.318181818181818,0.375,0.5
"3253",0.05,0.125,0.208333333333333,0.25,0.318181818181818
"3254",0.05,0.1875,0.25,0.25,0.388888888888889
"3255",0.0833333333333333,0.125,0.346153846153846,0.208333333333333,0.5
"3256",0.0833333333333333,0.0714285714285714,0.192307692307692,0.375,0.0625
"3257",0.125,0.192307692307692,0.166666666666667,0.208333333333333,0.357142857142857
"3258",0.0357142857142857,0.0714285714285714,0.35,0.5,0.5
"3259",0.214285714285714,0.0714285714285714,0.15,0.136363636363636,0.433333333333333
"3260",0.0555555555555556,0.0714285714285714,0.28125,0.0714285714285714,0.269230769230769
"3261",0.227272727272727,0.269230769230769,0.233333333333333,0.25,NA
"3262",0.0416666666666667,0.0454545454545455,0.15625,0.25,0.375
"3263",0.107142857142857,0.0454545454545455,0.388888888888889,0.388888888888889,0.318181818181818
"3264",0.05,0.0714285714285714,0.192307692307692,0.388888888888889,0.5
"3265",0.05,0.0454545454545455,0.21875,0.375,0.5
"3266",0.233333333333333,0.03125,0.25,0.3125,0.55
"3267",0.0384615384615385,0.0454545454545455,0.136363636363636,0.0555555555555556,0.136363636363636
"3268",0.115384615384615,0.0555555555555556,0.346153846153846,0.166666666666667,0.416666666666667
"3269",0.05,0.1875,0.357142857142857,0.291666666666667,0.35
"3270",0.0416666666666667,0.0454545454545455,0.318181818181818,0.214285714285714,0.269230769230769
"3271",0.0384615384615385,0.09375,0.192307692307692,0.25,NA
"3272",0.136363636363636,0.0714285714285714,0.166666666666667,0.433333333333333,0.35
"3273",0.0625,0.115384615384615,0.214285714285714,0.15,0.464285714285714
"3274",0.0625,0.0714285714285714,0.291666666666667,0.208333333333333,0.388888888888889
"3275",0.0357142857142857,0.0714285714285714,0.269230769230769,0.233333333333333,NA
"3276",0.178571428571429,0.05,0.5,0.0555555555555556,0.45
"3277",0.15,0.115384615384615,0.1875,0.25,0.5
"3278",0.1,0.0454545454545455,0.108695652173913,NA,NA
"3279",0.0416666666666667,0.136363636363636,0.233333333333333,0.416666666666667,0.346153846153846
"3280",0.0416666666666667,0.0555555555555556,0.166666666666667,0.277777777777778,0.3125
"3281",0.0555555555555556,0.25,0.208333333333333,0.115384615384615,0.681818181818182
"3282",0.0555555555555556,0.15,0.323529411764706,0.0555555555555556,0.277777777777778
"3283",0.0714285714285714,0.107142857142857,0.34375,0.0625,0.7
"3284",0.0454545454545455,0.25,0.305555555555556,0.321428571428571,0.416666666666667
"3285",0.0416666666666667,0.0454545454545455,0.0454545454545455,0.541666666666667,0.416666666666667
"3286",0.115384615384615,0.05,0.208333333333333,0.136363636363636,0.357142857142857
"3287",0.0416666666666667,0.05,0.388888888888889,0.208333333333333,0.45
"3288",0.0555555555555556,0.107142857142857,0.147058823529412,0.05,0.5
"3289",0.115384615384615,0.0714285714285714,0.409090909090909,0.346153846153846,0.136363636363636
"3290",0.166666666666667,0.136363636363636,0.458333333333333,0.25,0.227272727272727
"3291",0.0454545454545455,0.05,0.208333333333333,0.125,0.214285714285714
"3292",0.147058823529412,0.125,0.21875,0.15,NA
"3293",0.0555555555555556,0.0454545454545455,0.25,0.166666666666667,0.227272727272727
"3294",0.0454545454545455,0.107142857142857,0.0833333333333333,0.214285714285714,0.394736842105263
"3295",0.0333333333333333,0.115384615384615,0.166666666666667,0.214285714285714,NA
"3296",0.05,0.05,0.166666666666667,0.0833333333333333,0.269230769230769
"3297",0.0416666666666667,0.0416666666666667,0.261904761904762,0.0625,NA
"3298",0.05,0.0714285714285714,0.375,0.305555555555556,0.192307692307692
"3299",0.15,0.125,0.291666666666667,0.375,0.166666666666667
"3300",0.0652173913043478,0.0416666666666667,0.15625,NA,NA
"3301",0.0555555555555556,0.1875,0.277777777777778,0.15,0.115384615384615
"3302",0.0416666666666667,0.0714285714285714,0.136363636363636,0.346153846153846,0.590909090909091
"3303",0.125,0.0555555555555556,0.25,0.0714285714285714,0.208333333333333
"3304",0.0555555555555556,0.0714285714285714,0.366666666666667,0.147058823529412,0.5
"3305",0.0555555555555556,0.05,0.323529411764706,0.15,0.55
"3306",0.0555555555555556,0.107142857142857,0.392857142857143,0.107142857142857,NA
"3307",0.0555555555555556,0.0333333333333333,0.25,0.214285714285714,0.375
"3308",0.0714285714285714,0.0384615384615385,0.15625,0.5,0.357142857142857
"3309",0.0714285714285714,0.0625,0.295454545454545,0.25,0.7
"3310",0.0384615384615385,0.125,0.192307692307692,0.1875,0.1875
"3311",0.05,0.0625,0.5,0.166666666666667,NA
"3312",0.115384615384615,0.0714285714285714,0.3,0.3,0.15
"3313",0.0454545454545455,0.166666666666667,0.107142857142857,0.375,0.5
"3314",0.0294117647058824,0.25,0.1875,0.3125,0.5
"3315",0.0294117647058824,0.0384615384615385,0.30952380952381,0.166666666666667,NA
"3316",0.1,0.09375,0.291666666666667,0.115384615384615,0.45
"3317",0.05,0.0416666666666667,0.277777777777778,0.205882352941176,0.0555555555555556
"3318",0.0384615384615385,0.125,0.264705882352941,0.269230769230769,NA
"3319",0.3125,0.166666666666667,0.416666666666667,0.3,0.366666666666667
"3320",0.0555555555555556,0.0384615384615385,0.35,0.5,0.321428571428571
"3321",0.0555555555555556,0.136363636363636,0.227272727272727,0.375,0.227272727272727
"3322",0.208333333333333,0.0333333333333333,0.277777777777778,0.25,0.35
"3323",0.0882352941176471,0.0714285714285714,0.178571428571429,0.25,0.35
"3324",NA,NA,NA,NA,NA
"3325",0.0384615384615385,0.0625,0.458333333333333,0.115384615384615,0.357142857142857
"3326",0.09375,0.107142857142857,0.205882352941176,0.214285714285714,0.375
"3327",0.0555555555555556,0.0714285714285714,0.0625,0.25,0.541666666666667
"3328",0.0625,0.0384615384615385,0.0625,0.269230769230769,0.35
"3329",0.05,0.178571428571429,0.291666666666667,0.458333333333333,0.35
"3330",0.0714285714285714,0.138888888888889,0.269230769230769,0.227272727272727,0.1
"3331",0.233333333333333,0.0555555555555556,0.3125,0.382352941176471,0.0714285714285714
"3332",0.107142857142857,0.0416666666666667,0.0714285714285714,0.1875,0.269230769230769
"3333",0.15,0.0555555555555556,0.125,0.25,0.346153846153846
"3334",0.125,0.166666666666667,0.136363636363636,0.166666666666667,0.346153846153846
"3335",0.0714285714285714,0.0833333333333333,0.375,0.227272727272727,0.5
"3336",0.125,0.0625,0.166666666666667,0.3125,0.208333333333333
"3337",0.0357142857142857,0.0625,0.125,0.115384615384615,0.375
"3338",0.0625,0.0882352941176471,0.3125,0.15,0.5
"3339",0.0714285714285714,0.0357142857142857,0.0294117647058824,0.323529411764706,NA
"3340",0.208333333333333,0.0789473684210526,0.3,0.0625,0.5
"3341",0.05,0.208333333333333,0.192307692307692,0.318181818181818,0.357142857142857
"3342",0.0714285714285714,0.166666666666667,0.147058823529412,0.0833333333333333,NA
"3343",0.25,0.136363636363636,0.346153846153846,0.388888888888889,0.375
"3344",0.0833333333333333,0.0555555555555556,0.208333333333333,0.1875,0.5
"3345",0.0416666666666667,0.0416666666666667,0.236842105263158,0.25,NA
"3346",0.09375,0.0555555555555556,0.318181818181818,0.136363636363636,0.25
"3347",0.136363636363636,0.03125,0.227272727272727,0.0714285714285714,0.25
"3348",0.03125,0.0454545454545455,0.35,0.214285714285714,0.269230769230769
"3349",0.166666666666667,0.0625,0.0555555555555556,0.277777777777778,0.5
"3350",0.0625,0.0625,0.1,0.40625,0.166666666666667
"3351",0.0357142857142857,0.05,0.166666666666667,0.166666666666667,0.3125
"3352",0.166666666666667,0.1875,0.208333333333333,0.409090909090909,0.5625
"3353",0.0714285714285714,0.05,0.208333333333333,0.227272727272727,0.264705882352941
"3354",0.115384615384615,0.0555555555555556,0.166666666666667,0.09375,0.35
"3355",0.0714285714285714,0.0454545454545455,0.269230769230769,0.45,0.1875
"3356",0.0454545454545455,0.107142857142857,0.225,0.166666666666667,NA
"3357",0.0294117647058824,0.0416666666666667,0.269230769230769,0.15,NA
"3358",0.0714285714285714,0.0357142857142857,0.15,0.291666666666667,0.375
"3359",0.05,0.15,0.15,0.269230769230769,0.291666666666667
"3360",0.0625,0.233333333333333,0.5625,0.5,0.392857142857143
"3361",0.0652173913043478,0.0555555555555556,0.394736842105263,NA,NA
"3362",0.0384615384615385,0.3,0.45,0.21875,0.4375
"3363",0.0555555555555556,0.0357142857142857,0.45,0.382352941176471,0.357142857142857
"3364",0.0555555555555556,0.0416666666666667,0.3,0.291666666666667,0.5625
"3365",0.0555555555555556,0.05,0.318181818181818,0.227272727272727,0.269230769230769
"3366",0.214285714285714,0.0416666666666667,0.21875,0.166666666666667,0.916666666666667
"3367",0.166666666666667,0.208333333333333,0.192307692307692,0.227272727272727,0.0625
"3368",0.214285714285714,0.15,0.136363636363636,0.45,0.5
"3369",0.1875,0.0833333333333333,0.227272727272727,0.25,0.15
"3370",0.0384615384615385,0.214285714285714,0.321428571428571,0.3125,0.291666666666667
"3371",0.0555555555555556,0.0333333333333333,0.15625,0.25,0.416666666666667
"3372",0.166666666666667,0.1,0.166666666666667,0.321428571428571,0.166666666666667
"3373",0.0555555555555556,0.0384615384615385,0.318181818181818,0.318181818181818,0.269230769230769
"3374",0.05,0.1,0.208333333333333,0.277777777777778,0.214285714285714
"3375",0.0714285714285714,0.0555555555555556,0.194444444444444,0.25,0.681818181818182
"3376",0.25,0.107142857142857,0.3125,0.416666666666667,0.15
"3377",0.0384615384615385,0.1,0.342105263157895,0.15,NA
"3378",0.0555555555555556,0.05,0.115384615384615,0.05,0.590909090909091
"3379",0.15,0.115384615384615,0.5,0.227272727272727,0.5
"3380",0.0555555555555556,0.0625,0.107142857142857,0.192307692307692,0.388888888888889
"3381",0.115384615384615,0.0384615384615385,0.321428571428571,0.346153846153846,0.583333333333333
"3382",0.09375,0.166666666666667,0.25,0.107142857142857,0.625
"3383",0.05,0.136363636363636,0.227272727272727,0.277777777777778,0.318181818181818
"3384",0.112903225806452,0.05,0.0384615384615385,NA,NA
"3385",0.0416666666666667,0.0625,0.1,0.05,0.208333333333333
"3386",0.0384615384615385,0.192307692307692,0.115384615384615,0.136363636363636,0.416666666666667
"3387",0.1875,0.05,0.227272727272727,0.178571428571429,0.5
"3388",0.05,0.0384615384615385,0.25,0.409090909090909,0.3125
"3389",0.0714285714285714,0.0555555555555556,0.0714285714285714,0.21875,0.5
"3390",0.357142857142857,0.131578947368421,0.15,0.0625,0.590909090909091
"3391",0.0333333333333333,0.25,0.409090909090909,0.25,NA
"3392",0.05,0.0454545454545455,0.388888888888889,0.227272727272727,0.269230769230769
"3393",0.15,0.05,0.192307692307692,0.375,0.25
"3394",0.0882352941176471,0.0384615384615385,0.166666666666667,0.1,0.5
"3395",0.0357142857142857,0.0454545454545455,0.05,0.4375,0.0555555555555556
"3396",0.166666666666667,0.277777777777778,0.35,0.291666666666667,0.25
"3397",0.107142857142857,0.0714285714285714,0.458333333333333,0.25,0.3125
"3398",0.0714285714285714,0.05,0.342105263157895,0.208333333333333,0.1
"3399",0.0714285714285714,0.0555555555555556,0.433333333333333,0.0416666666666667,0.291666666666667
"3400",0.0555555555555556,0.0416666666666667,0.227272727272727,0.291666666666667,0.166666666666667
"3401",0.214285714285714,0.0416666666666667,0.3125,0.416666666666667,0.227272727272727
"3402",0.0454545454545455,0.192307692307692,0.375,0.277777777777778,0.321428571428571
"3403",0.115384615384615,0.115384615384615,0.583333333333333,0.269230769230769,0.25
"3404",0.0625,0.277777777777778,0.3,0.15625,0.1875
"3405",0.0454545454545455,0.0416666666666667,0.269230769230769,0.166666666666667,0.3125
"3406",0.136363636363636,0.0625,0.15625,0.277777777777778,0.5
"3407",0.227272727272727,0.1,0.277777777777778,0.125,0.166666666666667
"3408",0.0882352941176471,0.0555555555555556,0.192307692307692,0.409090909090909,NA
"3409",0.0416666666666667,0.05,0.0555555555555556,0.166666666666667,0.227272727272727
"3410",0.35,0.115384615384615,0.166666666666667,0.291666666666667,0.25
"3411",0.125,0.0454545454545455,0.318181818181818,0.0714285714285714,0.269230769230769
"3412",0.0714285714285714,0.25,0.346153846153846,0.178571428571429,0.35
"3413",0.1,0.0714285714285714,0.05,0.277777777777778,0.409090909090909
"3414",0.0555555555555556,0.0555555555555556,0.277777777777778,0.227272727272727,0.321428571428571
"3415",0.05,0.0625,0.192307692307692,0.0416666666666667,0.409090909090909
"3416",0.0833333333333333,0.0555555555555556,0.0833333333333333,0.0454545454545455,0.25
"3417",0.0625,0.107142857142857,0.25,0.25,0.409090909090909
"3418",0.136363636363636,0.166666666666667,0.3,0.291666666666667,0.1875
"3419",0.136363636363636,0.1,0.1875,0.0454545454545455,0.5
"3420",0.125,0.0454545454545455,0.0454545454545455,0.15,0.227272727272727
"3421",0.136363636363636,0.125,0.15,0.05,0.25
"3422",0.0555555555555556,0.0416666666666667,0.269230769230769,0.0714285714285714,0.0555555555555556
"3423",0.0714285714285714,0.3125,0.321428571428571,0.227272727272727,0.346153846153846
"3424",0.0625,0.05,0.346153846153846,0.0555555555555556,0.3125
"3425",0.0357142857142857,0.05,0.208333333333333,0.214285714285714,0.409090909090909
"3426",0.05,0.0384615384615385,0.0625,0.5,0.277777777777778
"3427",0.0454545454545455,0.125,0.28125,0.321428571428571,NA
"3428",0.0384615384615385,0.0555555555555556,0.321428571428571,0.35,0.388888888888889
"3429",0.0555555555555556,0.214285714285714,0.269230769230769,0.277777777777778,0.392857142857143
"3430",0.0714285714285714,0.115384615384615,0.25,0.166666666666667,0.136363636363636
"3431",0.0384615384615385,0.227272727272727,0.107142857142857,0.409090909090909,0.3
"3432",0.0882352941176471,0.208333333333333,0.423076923076923,0.125,0.291666666666667
"3433",0.05,0.0714285714285714,0.0625,0.233333333333333,0.1875
"3434",0.115384615384615,0.138888888888889,0.178571428571429,0.291666666666667,NA
"3435",0.1,0.0714285714285714,0.35,0.05,0.45
"3436",0.0714285714285714,0.125,0.28125,0.321428571428571,0.3
"3437",0.0416666666666667,0.166666666666667,0.225,0.291666666666667,NA
"3438",0.0416666666666667,0.136363636363636,0.205882352941176,0.214285714285714,NA
"3439",0.125,0.0416666666666667,0.227272727272727,0.1875,0.25
"3440",0.192307692307692,0.0555555555555556,0.125,0.125,0.3125
"3441",0.0555555555555556,0.1,0.277777777777778,0.05,0.166666666666667
"3442",0.05,0.05,0.3125,0.40625,0.458333333333333
"3443",0.1875,0.05,0.277777777777778,0.178571428571429,0.208333333333333
"3444",0.0714285714285714,0.0357142857142857,0.15,0.5,0.392857142857143
"3445",0.0714285714285714,0.0555555555555556,0.3125,0.125,0.447368421052632
"3446",0.09375,0.1,0.15,0.227272727272727,0.416666666666667
"3447",0.03125,0.0454545454545455,0.291666666666667,0.136363636363636,0.3
"3448",0.0555555555555556,0.1,0.35,0.321428571428571,0.208333333333333
"3449",0.0555555555555556,0.0625,0.178571428571429,0.178571428571429,0.291666666666667
"3450",0.25,0.0714285714285714,0.291666666666667,0.227272727272727,0.458333333333333
"3451",0.0333333333333333,0.0555555555555556,0.208333333333333,0.0833333333333333,0.214285714285714
"3452",0.0454545454545455,0.0416666666666667,0.159090909090909,0.0625,NA
"3453",0.0714285714285714,0.0416666666666667,0.0555555555555556,0.321428571428571,0.409090909090909
"3454",0.0714285714285714,0.115384615384615,0.5,0.125,0.625
"3455",0.214285714285714,0.0625,0.323529411764706,0.0714285714285714,0.541666666666667
"3456",0.0625,0.0454545454545455,0.192307692307692,0.208333333333333,0.5
"3457",0.0333333333333333,0.107142857142857,0.5,0.15,0.3
"3458",0.0625,0.192307692307692,0.388888888888889,0.45,0.269230769230769
"3459",0.192307692307692,0.0833333333333333,0.541666666666667,0.25,0.227272727272727
"3460",0.0555555555555556,0.0714285714285714,0.192307692307692,0.433333333333333,0.321428571428571
"3461",0.15,0.166666666666667,0.0625,0.107142857142857,0.5
"3462",0.0833333333333333,0.178571428571429,0.166666666666667,0.423076923076923,0.464285714285714
"3463",0.05,0.0625,0.45,0.25,0.25
"3464",0.05,0.125,0.3,0.208333333333333,0.0714285714285714
"3465",0.15,0.15,0.1875,0.375,0.35
"3466",0.0555555555555556,0.125,0.3125,0.136363636363636,0.576923076923077
"3467",0.05,0.05,0.388888888888889,0.15625,0.392857142857143
"3468",0.05,0.125,0.05,0.125,0.227272727272727
"3469",0.35,0.227272727272727,0.291666666666667,0.15,0.291666666666667
"3470",0.0294117647058824,0.145833333333333,0.0625,NA,NA
"3471",0.0714285714285714,0.0625,0.178571428571429,0.208333333333333,0.318181818181818
"3472",0.0714285714285714,0.15625,0.138888888888889,0.1875,0.214285714285714
"3473",0.0555555555555556,0.0454545454545455,0.323529411764706,0.1875,0.611111111111111
"3474",0.0555555555555556,0.15,0.0333333333333333,0.0454545454545455,0.590909090909091
"3475",0.115384615384615,0.208333333333333,0.25,0.291666666666667,0.35
"3476",0.125,0.0555555555555556,0.3125,0.178571428571429,0.192307692307692
"3477",0.05,0.125,0.25,0.166666666666667,0.25
"3478",0.136363636363636,0.0555555555555556,0.192307692307692,0.25,0.115384615384615
"3479",0.0384615384615385,0.1875,0.35,0.115384615384615,0.541666666666667
"3480",0.05,0.0714285714285714,0.25,0.115384615384615,0.1875
"3481",0.0714285714285714,0.0454545454545455,0.34375,0.25,0.458333333333333
"3482",0.0714285714285714,0.0625,0.25,0.25,0.375
"3483",0.136363636363636,0.09375,0.5,0.318181818181818,0.5625
"3484",0.136363636363636,0.0625,0.147058823529412,0.25,NA
"3485",0.0714285714285714,0.0384615384615385,0.269230769230769,0.166666666666667,0.361111111111111
"3486",0.15,0.0454545454545455,0.25,0.318181818181818,0.590909090909091
"3487",0.0714285714285714,0.0625,0.1875,0.34375,0.192307692307692
"3488",0.166666666666667,0.136363636363636,0.236842105263158,0.05,0.125
"3489",0.1875,0.115384615384615,0.208333333333333,0.192307692307692,0.5
"3490",0.0625,0.15,0.25,0.194444444444444,0.583333333333333
"3491",0.0625,0.0555555555555556,0.1,0.409090909090909,0.233333333333333
"3492",0.0714285714285714,0.05,0.323529411764706,0.45,0.25
"3493",0.15625,0.0714285714285714,0.35,0.25,0.375
"3494",0.0555555555555556,0.3,0.136363636363636,0.15,0.583333333333333
"3495",0.15625,0.0714285714285714,0.227272727272727,0.34375,NA
"3496",0.166666666666667,0.115384615384615,0.15,0.115384615384615,0.1875
"3497",0.0833333333333333,0.1,0.0625,0.535714285714286,0.277777777777778
"3498",0.115384615384615,0.0555555555555556,0.227272727272727,0.458333333333333,0.45
"3499",0.05,0.0555555555555556,0.318181818181818,0.277777777777778,0.625
"3500",0.136363636363636,0.0555555555555556,0.357142857142857,0.233333333333333,0.541666666666667
"3501",0.0714285714285714,0.107142857142857,0.409090909090909,0.25,0.409090909090909
"3502",0.0416666666666667,0.136363636363636,0.291666666666667,0.136363636363636,0.611111111111111
"3503",0.192307692307692,0.05,0.25,0.147058823529412,0.166666666666667
"3504",0.025,0.0416666666666667,0.305555555555556,NA,NA
"3505",0.0882352941176471,0.0714285714285714,0.318181818181818,0.1875,0.3
"3506",0.05,0.166666666666667,0.227272727272727,0.291666666666667,0.25
"3507",0.0416666666666667,0.05,0.15,0.136363636363636,0.346153846153846
"3508",0.178571428571429,0.0555555555555556,0.107142857142857,0.357142857142857,0.5
"3509",0.15,0.15,0.35,0.1,0.5
"3510",0.0416666666666667,0.0714285714285714,0.166666666666667,0.25,0.1875
"3511",0.0714285714285714,0.194444444444444,0.21875,0.357142857142857,0.125
"3512",0.15,0.0416666666666667,0.0555555555555556,0.318181818181818,0.590909090909091
"3513",0.0454545454545455,0.166666666666667,0.464285714285714,0.0625,0.388888888888889
"3514",0.0555555555555556,0.166666666666667,0.321428571428571,0.166666666666667,0.357142857142857
"3515",0.0555555555555556,0.15,0.291666666666667,0.5,0.214285714285714
"3516",0.0555555555555556,0.05,0.423076923076923,0.0555555555555556,0.409090909090909
"3517",0.0384615384615385,0.0833333333333333,0.15,0.35,0.423076923076923
"3518",0.0555555555555556,0.25,0.375,0.392857142857143,0.5
"3519",0.0357142857142857,0.05,0.0625,0.15,0.227272727272727
"3520",0.0555555555555556,0.0454545454545455,0.277777777777778,0.09375,0.318181818181818
"3521",0.0294117647058824,0.05,0.204545454545455,NA,NA
"3522",0.0714285714285714,0.1875,0.291666666666667,0.5,0.318181818181818
"3523",0.3,0.0555555555555556,0.0625,0.136363636363636,0.40625
"3524",0.115384615384615,0.0625,0.25,0.208333333333333,0.375
"3525",0.15,0.115384615384615,0.4375,0.25,0.323529411764706
"3526",0.136363636363636,0.15,0.166666666666667,0.166666666666667,0.681818181818182
"3527",0.0454545454545455,0.208333333333333,0.166666666666667,0.0555555555555556,0.55
"3528",0.0454545454545455,0.0833333333333333,0.269230769230769,0.3125,0.681818181818182
"3529",0.05,0.136363636363636,0.1875,0.3125,0.566666666666667
"3530",0.125,0.3,0.21875,0.214285714285714,0.375
"3531",0.0714285714285714,0.0384615384615385,0.433333333333333,0.0454545454545455,0.5
"3532",0.3125,0.05,0.21875,0.208333333333333,0.4375
"3533",0.115384615384615,0.0416666666666667,0.227272727272727,0.5,0.227272727272727
"3534",0.0454545454545455,0.0555555555555556,0.277777777777778,0.233333333333333,0.35
"3535",0.0555555555555556,0.0294117647058824,0.277777777777778,0.0454545454545455,0.9375
"3536",0.0555555555555556,0.147058823529412,0.433333333333333,0.277777777777778,0.7
"3537",0.0384615384615385,0.0357142857142857,0.28125,0.15,NA
"3538",0.0714285714285714,0.138888888888889,0.321428571428571,0.416666666666667,0.5625
"3539",0.227272727272727,0.277777777777778,0.21875,0.1875,0.227272727272727
"3540",0.05,0.09375,0.227272727272727,0.115384615384615,0.3
"3541",0.05,0.166666666666667,0.1,0.392857142857143,NA
"3542",0.192307692307692,0.0555555555555556,0.277777777777778,0.166666666666667,0.35
"3543",0.0555555555555556,0.05,0.21875,0.3,NA
"3544",0.0714285714285714,0.05,0.25,0.409090909090909,0.5
"3545",0.0416666666666667,0.0714285714285714,0.233333333333333,0.0625,0.45
"3546",0.115384615384615,0.0714285714285714,0.423076923076923,0.269230769230769,0.227272727272727
"3547",0.0277777777777778,0.145833333333333,0.375,NA,NA
"3548",0.227272727272727,0.0714285714285714,0.25,0.1875,0.214285714285714
"3549",0.115384615384615,0.115384615384615,0.194444444444444,0.375,NA
"3550",0.208333333333333,0.115384615384615,0.277777777777778,0.458333333333333,0.277777777777778
"3551",0.0555555555555556,0.0416666666666667,0.0714285714285714,0.233333333333333,0.55
"3552",0.0625,0.208333333333333,0.0714285714285714,0.166666666666667,0.458333333333333
"3553",0.0263157894736842,0.0454545454545455,0.264705882352941,0.166666666666667,0.375
"3554",0.05,0.0714285714285714,0.192307692307692,0.166666666666667,0.0714285714285714
"3555",0.0357142857142857,0.291666666666667,0.5,0.1875,0.1
"3556",0.0277777777777778,0.09375,0.3,NA,NA
"3557",0.15,0.0454545454545455,0.0555555555555556,0.45,0.40625
"3558",0.0416666666666667,0.227272727272727,0.0833333333333333,0.25,0.458333333333333
"3559",0.192307692307692,0.0555555555555556,0.136363636363636,0.269230769230769,0.1875
"3560",0.05,0.0625,0.0714285714285714,0.136363636363636,0.346153846153846
"3561",0.1,0.1,0.5,0.25,0.214285714285714
"3562",0.107142857142857,0.15,0.107142857142857,0.423076923076923,NA
"3563",0.05,0.0714285714285714,0.25,0.264705882352941,0.227272727272727
"3564",0.15625,0.208333333333333,0.288461538461538,0.25,NA
"3565",0.1875,0.05,0.25,0.5,0.25
"3566",0.175,0.15,0.277777777777778,0.25,0.35
"3567",0.0714285714285714,0.178571428571429,0.25,0.25,0.65
"3568",0.05,0.115384615384615,0.166666666666667,0.0833333333333333,0.5
"3569",0.0833333333333333,0.0555555555555556,0.192307692307692,0.227272727272727,0.5
"3570",0.25,0.0454545454545455,0.233333333333333,0.423076923076923,0.25
"3571",0.0555555555555556,0.166666666666667,0.227272727272727,0.291666666666667,0.318181818181818
"3572",0.166666666666667,0.0454545454545455,0.115384615384615,0.433333333333333,0.416666666666667
"3573",0.05,0.0333333333333333,0.21875,0.5,NA
"3574",0.0416666666666667,0.107142857142857,0.125,0.388888888888889,0.15
"3575",0.0714285714285714,0.0555555555555556,0.366666666666667,0.15,0.409090909090909
"3576",0.125,0.107142857142857,0.178571428571429,0.4375,0.5
"3577",0.166666666666667,0.0384615384615385,0.192307692307692,0.192307692307692,0.5
"3578",0.125,0.138888888888889,0.25,0.75,NA
"3579",0.0416666666666667,0.214285714285714,0.5,0.178571428571429,0.269230769230769
"3580",0.107142857142857,0.05,0.15,0.136363636363636,0.4375
"3581",0.166666666666667,0.15,0.45,0.277777777777778,0.35
"3582",0.0384615384615385,0.0714285714285714,0.233333333333333,0.15,0.5
"3583",0.115384615384615,0.166666666666667,0.138888888888889,0.05,NA
"3584",0.0416666666666667,0.0625,0.0555555555555556,0.269230769230769,0.192307692307692
"3585",0.05,0.0555555555555556,0.233333333333333,0.35,0.214285714285714
"3586",0.0833333333333333,0.0555555555555556,0.264705882352941,0.346153846153846,NA
"3587",0.107142857142857,0.0384615384615385,0.269230769230769,0.15,0.125
"3588",0.0357142857142857,0.192307692307692,0.1875,0.15,0.277777777777778
"3589",0.0625,0.166666666666667,0.233333333333333,0.166666666666667,0.277777777777778
"3590",0.0416666666666667,0.107142857142857,0.25,0.136363636363636,0.318181818181818
"3591",0.05,0.136363636363636,0.208333333333333,0.214285714285714,0.3
"3592",0.1,0.0625,0.291666666666667,0.136363636363636,0.3125
"3593",0.0833333333333333,0.0454545454545455,0.0625,0.1875,0.1
"3594",0.0714285714285714,0.136363636363636,0.0454545454545455,0.3,0.277777777777778
"3595",0.0416666666666667,0.025,0.464285714285714,0.0714285714285714,NA
"3596",0.166666666666667,0.0454545454545455,0.277777777777778,0.583333333333333,0.25
"3597",0.0714285714285714,0.0357142857142857,0.227272727272727,0.227272727272727,0.423076923076923
"3598",0.0384615384615385,0.05,0.5,0.227272727272727,0.388888888888889
"3599",0.0555555555555556,0.184210526315789,0.166666666666667,0.375,0.346153846153846
"3600",0.0714285714285714,0.15,0.535714285714286,0.346153846153846,0.125
"3601",0.0714285714285714,0.0454545454545455,0.321428571428571,0.136363636363636,0.208333333333333
"3602",0.1,0.178571428571429,0.45,0.15,0.833333333333333
"3603",0.0454545454545455,0.0416666666666667,0.25,0.35,0.464285714285714
"3604",0.0714285714285714,0.05,0.409090909090909,0.25,0.214285714285714
"3605",0.125,0.1875,0.388888888888889,0.28125,0.722222222222222
"3606",0.115384615384615,0.05,0.15,0.323529411764706,0.214285714285714
"3607",0.192307692307692,0.0714285714285714,0.346153846153846,0.214285714285714,0.269230769230769
"3608",0.1875,0.0555555555555556,0.25,0.166666666666667,0.55
"3609",0.0625,0.0625,0.0789473684210526,0.416666666666667,0.45
"3610",0.0454545454545455,0.0357142857142857,0.0714285714285714,0.277777777777778,0.423076923076923
"3611",0.0454545454545455,0.0384615384615385,0.0555555555555556,0.214285714285714,0.15
"3612",0.0416666666666667,0.147058823529412,0.236842105263158,NA,NA
"3613",0.05,0.0555555555555556,0.115384615384615,0.388888888888889,0.35
"3614",0.166666666666667,0.0384615384615385,0.208333333333333,0.0454545454545455,0.576923076923077
"3615",0.227272727272727,0.0555555555555556,0.0555555555555556,0.131578947368421,0.25
"3616",0.0714285714285714,0.0384615384615385,0.346153846153846,0.15,0.3125
"3617",0.115384615384615,0.115384615384615,0.4375,0.3125,0.5625
"3618",0.115384615384615,0.178571428571429,0.125,0.318181818181818,0.5
"3619",0.0625,0.1,0.346153846153846,0.05,0.583333333333333
"3620",0.0625,0.107142857142857,0.269230769230769,0.321428571428571,0.4375
"3621",0.0833333333333333,0.0454545454545455,0.208333333333333,0.15,0.409090909090909
"3622",0.1875,0.0454545454545455,0.25,0.458333333333333,0.590909090909091
"3623",0.166666666666667,0.107142857142857,0.205882352941176,0.291666666666667,NA
"3624",0.0454545454545455,0.05,0.261904761904762,0.166666666666667,NA
"3625",0.214285714285714,0.0333333333333333,0.125,0.35,0.45
"3626",0.0714285714285714,0.05,0.208333333333333,0.366666666666667,0.208333333333333
"3627",0.05,0.05,0.288461538461538,0.1,NA
"3628",0.0555555555555556,0.115384615384615,0.318181818181818,0.5,0.423076923076923
"3629",0.0555555555555556,0.166666666666667,0.178571428571429,0.25,0.35
"3630",0.0833333333333333,0.0625,0.35,0.40625,0.388888888888889
"3631",0.05,0.0454545454545455,0.25,0.0714285714285714,0.318181818181818
"3632",0.0555555555555556,0.0625,0.178571428571429,0.375,0.392857142857143
"3633",0.0333333333333333,0.0454545454545455,0.3125,0.0625,0.409090909090909
"3634",0.0555555555555556,0.208333333333333,0.125,0.136363636363636,0.4375
"3635",0.0294117647058824,0.0333333333333333,0.295454545454545,NA,NA
"3636",0.0555555555555556,0.15625,0.0833333333333333,0.15,0.25
"3637",0.0714285714285714,0.1875,0.3,0.34375,0.166666666666667
"3638",0.0416666666666667,0.25,0.125,0.166666666666667,0.464285714285714
"3639",0.05,0.1875,0.291666666666667,0.136363636363636,0.115384615384615
"3640",0.05,0.115384615384615,0.25,0.25,0.208333333333333
"3641",0.0454545454545455,0.0277777777777778,0.34375,0.35,NA
"3642",0.05,0.09375,0.227272727272727,0.35,0.25
"3643",0.0384615384615385,0.0555555555555556,0.166666666666667,0.227272727272727,0.55
"3644",0.125,0.115384615384615,0.375,0.35,0.4375
"3645",0.115384615384615,0.138888888888889,0.05,0.15,0.583333333333333
"3646",0.0454545454545455,0.05,0.375,0.15,0.277777777777778
"3647",0.0714285714285714,0.05,0.178571428571429,0.115384615384615,0.5
"3648",0.125,0.0333333333333333,0.576923076923077,0.15,0.5
"3649",0.0333333333333333,0.208333333333333,0.323529411764706,0.45,NA
"3650",0.166666666666667,0.05,0.194444444444444,0.357142857142857,0.4375
"3651",0.178571428571429,0.0882352941176471,0.35,0.1875,NA
"3652",0.0454545454545455,0.05,0.125,0.0714285714285714,0.541666666666667
"3653",0.05,0.0384615384615385,0.25,0.321428571428571,0.357142857142857
"3654",0.291666666666667,0.166666666666667,0.423076923076923,0.3,0.166666666666667
"3655",0.115384615384615,0.107142857142857,0.25,0.75,0.590909090909091
"3656",0.0625,0.227272727272727,0.409090909090909,0.125,0.166666666666667
"3657",0.05,0.147058823529412,0.269230769230769,0.357142857142857,0.25
"3658",0.0714285714285714,0.0416666666666667,0.269230769230769,0.178571428571429,0.55
"3659",0.0714285714285714,0.136363636363636,0.166666666666667,0.125,0.4375
"3660",0.09375,0.0625,0.0714285714285714,0.0555555555555556,0.5
"3661",0.233333333333333,0.05,0.208333333333333,0.0555555555555556,0.409090909090909
"3662",0.107142857142857,0.25,0.125,0.35,0.611111111111111
"3663",0.0555555555555556,0.0714285714285714,0.233333333333333,0.166666666666667,0.5
"3664",0.0714285714285714,0.208333333333333,0.5,0.25,0.535714285714286
"3665",0.15,0.233333333333333,0.136363636363636,0.3125,0.45
"3666",0.05,0.25,0.15,0.25,0.25
"3667",0.214285714285714,0.214285714285714,0.291666666666667,0.346153846153846,0.433333333333333
"3668",0.0384615384615385,0.0555555555555556,0.291666666666667,0.125,0.0833333333333333
"3669",0.192307692307692,0.05,0.136363636363636,0.15,0.5625
"3670",0.125,0.0714285714285714,0.115384615384615,0.166666666666667,0.5
"3671",0.0384615384615385,0.0555555555555556,0.107142857142857,0.208333333333333,0.653846153846154
"3672",0.0555555555555556,0.0833333333333333,0.361111111111111,0.25,0.4375
"3673",0.05,0.0454545454545455,0.576923076923077,0.136363636363636,0.375
"3674",0.0357142857142857,0.0625,0.375,0.192307692307692,0.416666666666667
"3675",0.0384615384615385,0.0454545454545455,0.166666666666667,0.318181818181818,0.25
"3676",0.05,0.09375,0.166666666666667,0.305555555555556,0.45
"3677",0.15,0.178571428571429,0.107142857142857,0.0714285714285714,0.611111111111111
"3678",0.05,0.0555555555555556,0.35,0.361111111111111,0.227272727272727
"3679",0.05,0.15,0.35,0.35,0.269230769230769
"3680",0.05,0.0384615384615385,0.05,0.291666666666667,0.0555555555555556
"3681",0.05,0.0357142857142857,0.277777777777778,0.178571428571429,0.388888888888889
"3682",0.136363636363636,0.09375,0.409090909090909,0.1875,0.3125
"3683",0.125,0.0333333333333333,0.0833333333333333,0.388888888888889,0.15
"3684",0.15,0.115384615384615,0.227272727272727,0.05,0.464285714285714
"3685",0.09375,0.269230769230769,0.125,0.5,0.277777777777778
"3686",0.1875,0.277777777777778,0.318181818181818,0.678571428571429,0.291666666666667
"3687",0.0714285714285714,0.0333333333333333,0.208333333333333,0.25,0.541666666666667
"3688",0.0416666666666667,0.0416666666666667,0.136363636363636,0.392857142857143,0.5
"3689",0.0454545454545455,0.125,0.5,0.409090909090909,0.5
"3690",0.0416666666666667,0.115384615384615,0.269230769230769,0.0454545454545455,0.277777777777778
"3691",0.0625,0.107142857142857,0.409090909090909,0.166666666666667,0.125
"3692",0.0625,0.115384615384615,0.0555555555555556,0.321428571428571,0.3125
"3693",0.0555555555555556,0.214285714285714,0.25,0.208333333333333,0.423076923076923
"3694",0.115384615384615,0.125,0.0714285714285714,0.45,NA
"3695",0.0555555555555556,0.0714285714285714,0.28125,0.3125,0.409090909090909
"3696",0.05,0.05,0.136363636363636,0.441176470588235,0.611111111111111
"3697",0.125,0.166666666666667,0.166666666666667,0.115384615384615,0.3
"3698",0.0454545454545455,0.0714285714285714,0.136363636363636,0.15,0.178571428571429
"3699",NA,NA,NA,NA,NA
"3700",0.0416666666666667,0.0714285714285714,0.388888888888889,0.192307692307692,0.464285714285714
"3701",0.0555555555555556,0.0454545454545455,0.458333333333333,0.09375,0.15
"3702",0.0714285714285714,0.115384615384615,0.1,0.107142857142857,0.625
"3703",0.1,0.0714285714285714,0.15,0.166666666666667,0.409090909090909
"3704",0.0416666666666667,0.166666666666667,0.227272727272727,0.214285714285714,0.409090909090909
"3705",0.0416666666666667,0.0454545454545455,0.346153846153846,0.3125,0.392857142857143
"3706",0.0416666666666667,0.125,0.107142857142857,0.125,NA
"3707",0.0384615384615385,0.0416666666666667,0.0555555555555556,0.3125,0.388888888888889
"3708",0.0714285714285714,0.125,0.45,0.178571428571429,0.318181818181818
"3709",0.0357142857142857,0.0625,0.282608695652174,0.0833333333333333,0.625
"3710",0.1,0.0555555555555556,0.214285714285714,0.5,NA
"3711",0.0384615384615385,0.1,0.423076923076923,0.15,0.318181818181818
"3712",0.0714285714285714,0.115384615384615,0.423076923076923,0.0416666666666667,0.409090909090909
"3713",0.0454545454545455,0.05,0.291666666666667,0.318181818181818,0.366666666666667
"3714",0.0357142857142857,0.25,0.15,0.0789473684210526,0.5
"3715",0.0555555555555556,0.1875,0.178571428571429,0.409090909090909,0.433333333333333
"3716",0.0714285714285714,0.0882352941176471,0.357142857142857,0.318181818181818,0.15
"3717",0.208333333333333,0.166666666666667,0.366666666666667,0.136363636363636,NA
"3718",0.0555555555555556,0.147058823529412,0.3125,0.277777777777778,0.45
"3719",0.0625,0.1875,0.375,0.318181818181818,0.3
"3720",0.136363636363636,0.125,0.0384615384615385,0.45,0.5
"3721",0.1,0.166666666666667,0.366666666666667,0.15,NA
"3722",0.05,0.0454545454545455,0.321428571428571,0.0625,0.1875
"3723",0.0416666666666667,0.0555555555555556,0.3125,0.318181818181818,0.409090909090909
"3724",0.0555555555555556,0.0625,0.291666666666667,0.1,0.45
"3725",0.233333333333333,0.05,0.35,0.214285714285714,0.318181818181818
"3726",0.0555555555555556,0.125,0.375,0.25,0.722222222222222
"3727",0.03125,0.05,0.233333333333333,0.125,NA
"3728",0.178571428571429,0.0625,0.277777777777778,0.166666666666667,0.318181818181818
"3729",0.0384615384615385,0.125,0.227272727272727,0.409090909090909,0.0714285714285714
"3730",0.0555555555555556,0.0555555555555556,0.28125,0.214285714285714,0.4375
"3731",0.0333333333333333,0.0555555555555556,0.318181818181818,0.166666666666667,0.192307692307692
"3732",0.0714285714285714,0.0416666666666667,0.0714285714285714,0.192307692307692,0.35
"3733",0.0416666666666667,0.136363636363636,0.136363636363636,0.318181818181818,0.0625
"3734",0.0555555555555556,0.0333333333333333,0.147058823529412,0.0454545454545455,0.3
"3735",0.0625,0.09375,0.159090909090909,0.166666666666667,NA
"3736",0.107142857142857,0.05,0.166666666666667,0.166666666666667,0.9
"3737",0.0555555555555556,0.115384615384615,0.458333333333333,0.214285714285714,0.291666666666667
"3738",0.0333333333333333,0.131578947368421,0.205882352941176,0.5,NA
"3739",0.25,0.0714285714285714,0.147058823529412,0.541666666666667,0.458333333333333
"3740",0.09375,0.107142857142857,0.0454545454545455,0.05,0.375
"3741",0.0555555555555556,0.0555555555555556,0.208333333333333,0.178571428571429,0.15
"3742",0.0555555555555556,0.0714285714285714,0.192307692307692,0.21875,0.291666666666667
"3743",0.166666666666667,0.125,0.375,0.0555555555555556,0.35
"3744",0.0357142857142857,0.0555555555555556,0.0882352941176471,0.458333333333333,NA
"3745",0.1875,0.0714285714285714,0.15,0.458333333333333,0.40625
"3746",0.0714285714285714,0.0625,0.236842105263158,0.233333333333333,0.357142857142857
"3747",0.05,0.138888888888889,0.0454545454545455,0.166666666666667,0.3
"3748",0.0555555555555556,0.166666666666667,0.15625,0.409090909090909,0.5
"3749",0.0555555555555556,0.166666666666667,0.175,0.115384615384615,NA
"3750",0.05,0.0333333333333333,0.214285714285714,0.136363636363636,0.5
"3751",0.166666666666667,0.166666666666667,0.25,0.192307692307692,0.35
"3752",0.115384615384615,0.05,0.375,0.318181818181818,NA
"3753",0.115384615384615,0.0714285714285714,0.194444444444444,0.208333333333333,0.388888888888889
"3754",0.0357142857142857,0.0714285714285714,0.214285714285714,0.15625,0.0555555555555556
"3755",0.125,0.0555555555555556,0.35,0.0384615384615385,NA
"3756",0.0357142857142857,0.0714285714285714,0.3,0.192307692307692,0.214285714285714
"3757",0.05,0.05,0.175,0.178571428571429,0.5
"3758",0.0714285714285714,0.0454545454545455,0.192307692307692,0.25,0.321428571428571
"3759",0.05,0.166666666666667,0.277777777777778,0.392857142857143,0.318181818181818
"3760",0.0789473684210526,0.0555555555555556,0.3125,0.321428571428571,0.5625
"3761",0.0882352941176471,0.25,0.318181818181818,0.1875,0.409090909090909
"3762",0.05,0.05,0.283333333333333,0.625,NA
"3763",0.0416666666666667,0.15625,0.25,0.318181818181818,0.458333333333333
"3764",0.0294117647058824,0.0714285714285714,0.178571428571429,0.3125,0.277777777777778
"3765",0.0714285714285714,0.115384615384615,0.166666666666667,0.136363636363636,0.28125
"3766",0.0714285714285714,0.15625,0.05,0.409090909090909,0.458333333333333
"3767",0.125,0.0625,0.321428571428571,0.1,0.25
"3768",0.03125,0.05,0.21875,0.3,NA
"3769",0.166666666666667,0.05,0.416666666666667,0.318181818181818,0.464285714285714
"3770",0.05,0.107142857142857,0.166666666666667,0.166666666666667,0.208333333333333
"3771",0.136363636363636,0.0555555555555556,0.107142857142857,0.15625,0.9
"3772",0.0714285714285714,0.166666666666667,0.323529411764706,0.0714285714285714,0.25
"3773",0.05,0.0333333333333333,0.125,0.409090909090909,0.388888888888889
"3774",0.15,0.15,0.269230769230769,0.192307692307692,0.166666666666667
"3775",0.0416666666666667,0.05,0.25,0.208333333333333,0.15
"3776",0.0714285714285714,0.115384615384615,0.40625,0.233333333333333,NA
"3777",NA,NA,NA,NA,NA
"3778",0.0714285714285714,0.0416666666666667,0.0714285714285714,0.208333333333333,0.382352941176471
"3779",0.05,0.277777777777778,0.46875,0.458333333333333,0.45
"3780",0.05,0.192307692307692,0.0625,0.0454545454545455,0.409090909090909
"3781",0.05,0.136363636363636,0.227272727272727,0.0555555555555556,0.5
"3782",0.192307692307692,0.147058823529412,0.1875,0.277777777777778,0.583333333333333
"3783",0.0625,0.1875,0.227272727272727,0.227272727272727,0.5
"3784",0.0416666666666667,0.0384615384615385,0.3125,0.458333333333333,0.458333333333333
"3785",0.05,0.125,0.227272727272727,0.166666666666667,0.392857142857143
"3786",0.25,0.15,0.208333333333333,0.192307692307692,NA
"3787",0.0454545454545455,0.05,0.25,0.321428571428571,0.833333333333333
"3788",0.0333333333333333,0.05,0.4375,0.277777777777778,0.5625
"3789",0.0384615384615385,0.0555555555555556,0.184210526315789,0.25,NA
"3790",0.214285714285714,0.15625,0.192307692307692,0.318181818181818,0.35
"3791",0.0555555555555556,0.1,0.25,0.3125,0.214285714285714
"3792",0.0416666666666667,0.136363636363636,0.147058823529412,0.291666666666667,NA
"3793",0.192307692307692,0.0357142857142857,0.447368421052632,0.125,NA
"3794",0.05,0.166666666666667,0.208333333333333,0.392857142857143,0.166666666666667
"3795",0.115384615384615,0.0555555555555556,0.214285714285714,0.277777777777778,0.375
"3796",0.0714285714285714,0.0714285714285714,0.321428571428571,0.346153846153846,0.318181818181818
"3797",0.0454545454545455,0.0714285714285714,0.25,0.45,NA
"3798",0.05,0.0384615384615385,0.227272727272727,0.409090909090909,0.45
"3799",0.115384615384615,0.277777777777778,0.208333333333333,0.25,0.366666666666667
"3800",0.0384615384615385,0.05,0.227272727272727,0.192307692307692,NA
"3801",0.0714285714285714,0.05,0.136363636363636,0.05,0.40625
"3802",0.192307692307692,0.1,0.192307692307692,0.166666666666667,0.5
"3803",0.0625,0.138888888888889,0.357142857142857,0.45,0.681818181818182
"3804",0.233333333333333,0.0714285714285714,0.375,0.4375,0.458333333333333
"3805",0.0384615384615385,0.1875,0.192307692307692,0.366666666666667,0.5625
"3806",0.05,0.125,0.291666666666667,0.192307692307692,0.4375
"3807",0.0555555555555556,0.0416666666666667,0.357142857142857,0.0714285714285714,0.416666666666667
"3808",0.0714285714285714,0.0357142857142857,0.318181818181818,0.25,0.375
"3809",0.166666666666667,0.05,0.25,0.208333333333333,0.875
"3810",0.0714285714285714,0.0333333333333333,0.17741935483871,0.5,NA
"3811",0.09375,0.214285714285714,0.25,0.392857142857143,NA
"3812",0.0714285714285714,0.05,0.0625,0.269230769230769,0.678571428571429
"3813",0.192307692307692,0.125,0.1875,0.277777777777778,0.441176470588235
"3814",0.0384615384615385,0.03125,0.214285714285714,0.0833333333333333,0.65
"3815",0.125,0.0416666666666667,0.318181818181818,0.15,0.25
"3816",0.0714285714285714,0.0555555555555556,0.194444444444444,0.0454545454545455,0.642857142857143
"3817",0.0384615384615385,0.15,0.3,0.3,0.318181818181818
"3818",0.1,0.05,0.115384615384615,0.166666666666667,0.3125
"3819",0.0625,0.0384615384615385,0.264705882352941,NA,NA
"3820",0.0555555555555556,0.05,0.136363636363636,0.366666666666667,0.388888888888889
"3821",0.0263157894736842,0.075,0.107142857142857,NA,NA
"3822",0.0416666666666667,0.0833333333333333,0.321428571428571,0.269230769230769,NA
"3823",0.125,0.0454545454545455,0.208333333333333,0.208333333333333,0.1875
"3824",0.05,0.0555555555555556,0.15,0.392857142857143,0.45
"3825",0.0714285714285714,0.192307692307692,0.0555555555555556,0.318181818181818,0.366666666666667
"3826",0.0454545454545455,0.0625,0.227272727272727,0.166666666666667,0.3125
"3827",0.03125,0.125,0.0555555555555556,0.45,0.7
"3828",0.05,0.0714285714285714,0.1,0.227272727272727,0.321428571428571
"3829",0.05,0.1,0.25,0.0625,0.576923076923077
"3830",0.115384615384615,0.0357142857142857,0.166666666666667,0.5,0.357142857142857
"3831",0.0416666666666667,0.0555555555555556,0.346153846153846,0.45,0.227272727272727
"3832",0.269230769230769,0.0555555555555556,0.25,0.277777777777778,0.277777777777778
"3833",0.138888888888889,0.0416666666666667,0.35,0.3125,0.277777777777778
"3834",0.208333333333333,0.0454545454545455,0.388888888888889,0.208333333333333,0.409090909090909
"3835",0.0625,0.125,0.0555555555555556,0.0357142857142857,0.653846153846154
"3836",0.05,0.0714285714285714,0.05,0.0789473684210526,0.5
"3837",0.136363636363636,0.166666666666667,0.0555555555555556,0.5,0.192307692307692
"3838",0.277777777777778,0.291666666666667,0.357142857142857,0.423076923076923,0.35
"3839",0.125,0.125,0.291666666666667,0.192307692307692,0.1875
"3840",0.0454545454545455,0.0833333333333333,0.25,0.277777777777778,0.25
"3841",0.0357142857142857,0.136363636363636,0.409090909090909,0.409090909090909,0.5
"3842",0.0625,0.0416666666666667,0.321428571428571,0.107142857142857,0.5
"3843",0.0416666666666667,0.0555555555555556,0.125,0.409090909090909,0.75
"3844",0.166666666666667,0.1,0.136363636363636,0.357142857142857,0.318181818181818
"3845",0.0625,0.0454545454545455,0.366666666666667,0.277777777777778,0.227272727272727
"3846",0.125,0.0625,0.15,0.35,0.611111111111111
"3847",0.125,0.269230769230769,0.375,0.208333333333333,0.277777777777778
"3848",0.0555555555555556,0.227272727272727,0.166666666666667,0.291666666666667,0.115384615384615
"3849",0.05,0.0384615384615385,0.264705882352941,0.166666666666667,0.388888888888889
"3850",0.0833333333333333,0.05,0.192307692307692,0.291666666666667,0.35
"3851",0.09375,0.125,0.0555555555555556,0.25,0.357142857142857
"3852",0.0384615384615385,0.15625,0.147058823529412,0.357142857142857,0.375
"3853",0.0555555555555556,0.0416666666666667,0.4375,0.0833333333333333,0.357142857142857
"3854",0.3125,0.0416666666666667,0.166666666666667,0.388888888888889,0.392857142857143
"3855",0.1,0.208333333333333,0.214285714285714,0.388888888888889,0.55
"3856",0.0714285714285714,0.0555555555555556,0.136363636363636,0.05,0.192307692307692
"3857",0.0384615384615385,0.125,0.192307692307692,0.3,0.192307692307692
"3858",0.0714285714285714,0.0625,0.205882352941176,0.15,0.409090909090909
"3859",0.0454545454545455,0.0384615384615385,0.15625,0.214285714285714,0.722222222222222
"3860",0.05,0.125,0.25,0.291666666666667,0.464285714285714
"3861",0.115384615384615,0.0555555555555556,0.233333333333333,0.3125,0.277777777777778
"3862",0.0882352941176471,0.0357142857142857,0.195652173913043,0.5,NA
"3863",0.0416666666666667,0.0555555555555556,0.590909090909091,0.136363636363636,0.375
"3864",0.05,0.0454545454545455,0.346153846153846,0.291666666666667,0.55
"3865",0.0714285714285714,0.0384615384615385,0.277777777777778,0.28125,0.208333333333333
"3866",0.0384615384615385,0.0714285714285714,0.21875,0.423076923076923,0.25
"3867",0.0625,0.0384615384615385,0.3,0.208333333333333,0.25
"3868",0.0625,0.0333333333333333,0.166666666666667,0.25,0.375
"3869",0.0454545454545455,0.0454545454545455,0.289473684210526,0.192307692307692,NA
"3870",0.166666666666667,0.0714285714285714,0.166666666666667,0.392857142857143,0.321428571428571
"3871",0.115384615384615,0.09375,0.136363636363636,0.9,0.1875
"3872",0.136363636363636,0.0416666666666667,0.366666666666667,0.318181818181818,0.3125
"3873",0.125,0.125,0.192307692307692,0.277777777777778,0.321428571428571
"3874",0.107142857142857,0.05,0.0454545454545455,0.208333333333333,0.583333333333333
"3875",0.075,0.125,0.25,0.166666666666667,0.4375
"3876",0.0384615384615385,0.0882352941176471,0.205882352941176,0.375,0.5
"3877",0.0555555555555556,0.0555555555555556,0.269230769230769,0.166666666666667,0.55
"3878",0.25,0.0384615384615385,0.178571428571429,0.4375,0.625
"3879",0.166666666666667,0.0714285714285714,0.178571428571429,0.277777777777778,0.375
"3880",0.05,0.208333333333333,0.192307692307692,0.45,0.5
"3881",0.0416666666666667,0.0454545454545455,0.0714285714285714,0.05,0.346153846153846
"3882",0.0555555555555556,0.0454545454545455,0.25,0.0714285714285714,0.208333333333333
"3883",0.125,0.05,0.15,0.21875,0.55
"3884",0.0833333333333333,0.138888888888889,0.107142857142857,0.25,0.318181818181818
"3885",0.0714285714285714,0.107142857142857,0.227272727272727,0.214285714285714,0.227272727272727
"3886",0.107142857142857,0.125,0.305555555555556,0.25,NA
"3887",0.166666666666667,0.0625,0.25,0.166666666666667,0.409090909090909
"3888",0.25,0.0416666666666667,0.107142857142857,0.4375,0.35
"3889",0.166666666666667,0.0416666666666667,0.192307692307692,0.35,0.5
"3890",0.1,0.0625,0.28125,0.423076923076923,NA
"3891",0.05,0.192307692307692,0.192307692307692,0.227272727272727,0.5
"3892",0.0555555555555556,0.05,0.115384615384615,0.15,0.291666666666667
"3893",0.0454545454545455,0.0833333333333333,0.291666666666667,0.366666666666667,0.8125
"3894",0.25,0.107142857142857,0.388888888888889,0.291666666666667,0.291666666666667
"3895",0.0454545454545455,0.0555555555555556,0.291666666666667,0.192307692307692,0.227272727272727
"3896",0.125,0.0714285714285714,0.136363636363636,0.388888888888889,0.65
"3897",0.0555555555555556,0.125,0.15,0.208333333333333,0.382352941176471
"3898",0.136363636363636,0.25,0.25,0.269230769230769,0.178571428571429
"3899",0.0333333333333333,0.0714285714285714,0.0555555555555556,0.0555555555555556,0.291666666666667
"3900",0.115384615384615,0.208333333333333,0.192307692307692,0.409090909090909,0.35
"3901",0.0384615384615385,0.15,0.227272727272727,0.3,0.45
"3902",0.0357142857142857,0.0416666666666667,0.388888888888889,0.0555555555555556,0.318181818181818
"3903",0.0357142857142857,0.05,0.136363636363636,0.0714285714285714,0.321428571428571
"3904",0.05,0.0555555555555556,0.233333333333333,0.125,0.125
"3905",0.05,0.208333333333333,0.346153846153846,0.208333333333333,0.375
"3906",0.0357142857142857,0.0454545454545455,0.5,0.214285714285714,0.45
"3907",0.0714285714285714,0.0714285714285714,0.0555555555555556,0.0454545454545455,0.366666666666667
"3908",0.0555555555555556,0.166666666666667,0.433333333333333,0.35,0.166666666666667
"3909",0.0555555555555556,0.166666666666667,0.277777777777778,0.291666666666667,0.15
"3910",0.21875,0.0555555555555556,0.5,0.15,NA
"3911",0.05,0.05,0.25,0.15,0.269230769230769
"3912",0.0714285714285714,0.0416666666666667,0.15,0.115384615384615,0.136363636363636
"3913",0.214285714285714,0.0416666666666667,0.269230769230769,0.3,0.458333333333333
"3914",0.0555555555555556,0.0625,0.15,0.0714285714285714,0.366666666666667
"3915",0.0625,0.138888888888889,0.5,0.0833333333333333,0.0714285714285714
"3916",0.125,0.0714285714285714,0.136363636363636,0.0555555555555556,0.28125
"3917",0.0625,0.166666666666667,0.15625,0.1875,0.277777777777778
"3918",0.0555555555555556,0.115384615384615,0.458333333333333,0.375,0.3125
"3919",0.0625,0.233333333333333,0.136363636363636,0.208333333333333,0.416666666666667
"3920",0.25,0.136363636363636,0.25,0.3125,0.318181818181818
"3921",0.0416666666666667,0.208333333333333,0.277777777777778,0.166666666666667,0.346153846153846
"3922",0.0357142857142857,0.0384615384615385,0.277777777777778,0.0625,0.416666666666667
"3923",0.0454545454545455,0.107142857142857,0.382352941176471,0.388888888888889,NA
"3924",0.0714285714285714,0.136363636363636,0.3,0.0555555555555556,0.5
"3925",0.1,0.0714285714285714,0.458333333333333,0.357142857142857,0.55
"3926",0.0625,0.136363636363636,0.194444444444444,0.409090909090909,0.1875
"3927",0.115384615384615,0.0384615384615385,0.0625,0.0555555555555556,0.388888888888889
"3928",0.0454545454545455,0.1,0.45,0.25,0.166666666666667
"3929",0.214285714285714,0.0416666666666667,0.361111111111111,0.15625,NA
"3930",0.0625,0.0384615384615385,0.269230769230769,0.1875,0.375
"3931",0.0555555555555556,0.05,0.205882352941176,0.291666666666667,NA
"3932",0.0555555555555556,0.1,0.0833333333333333,0.166666666666667,0.423076923076923
"3933",0.0454545454545455,0.0714285714285714,0.178571428571429,0.25,0.45
"3934",0.0384615384615385,0.3125,0.346153846153846,0.15,0.357142857142857
"3935",0.15,0.115384615384615,0.28125,0.28125,0.375
"3936",0.0357142857142857,0.0555555555555556,0.3125,0.214285714285714,0.35
"3937",0.09375,0.0416666666666667,0.125,0.0714285714285714,0.3125
"3938",0.0714285714285714,0.0625,0.321428571428571,0.4375,0.392857142857143
"3939",0.166666666666667,0.125,0.233333333333333,0.277777777777778,0.15
"3940",0.05,0.1,0.125,0.1875,0.25
"3941",0.115384615384615,0.0714285714285714,0.0714285714285714,0.166666666666667,0.392857142857143
"3942",0.0625,0.15,0.125,0.107142857142857,0.0555555555555556
"3943",0.136363636363636,0.0384615384615385,0.269230769230769,0.3125,0.25
"3944",0.0333333333333333,0.0625,0.214285714285714,0.1875,0.3
"3945",0.0625,0.166666666666667,0.125,0.05,0.291666666666667
"3946",0.0714285714285714,0.0416666666666667,0.21875,0.45,0.35
"3947",0.0555555555555556,0.131578947368421,0.433333333333333,0.0714285714285714,NA
"3948",0.166666666666667,0.0625,0.3125,0.0882352941176471,0.416666666666667
"3949",0.0416666666666667,0.0714285714285714,0.166666666666667,0.5,0.136363636363636
"3950",0.0625,0.05,0.318181818181818,0.107142857142857,0.346153846153846
"3951",0.166666666666667,0.136363636363636,0.0454545454545455,0.35,0.375
"3952",0.0714285714285714,0.0555555555555556,0.323529411764706,0.166666666666667,0.291666666666667
"3953",0.0833333333333333,0.0555555555555556,0.233333333333333,0.115384615384615,0.277777777777778
"3954",0.0416666666666667,0.208333333333333,0.208333333333333,0.15,0.464285714285714
"3955",0.05,0.125,0.392857142857143,0.227272727272727,0.214285714285714
"3956",0.0555555555555556,0.115384615384615,0.214285714285714,0.204545454545455,0.357142857142857
"3957",0.09375,0.321428571428571,0.205882352941176,0.357142857142857,0.0833333333333333
"3958",0.1875,0.208333333333333,0.269230769230769,0.409090909090909,0.318181818181818
"3959",0.166666666666667,0.192307692307692,0.318181818181818,0.321428571428571,0.4375
"3960",0.0238095238095238,0.0454545454545455,0.25,0.166666666666667,0.125
"3961",0.09375,0.147058823529412,0.0789473684210526,NA,NA
"3962",0.05,0.0416666666666667,0.166666666666667,0.15,0.269230769230769
"3963",0.125,0.277777777777778,0.5,0.269230769230769,0.5
"3964",0.0555555555555556,0.107142857142857,0.233333333333333,0.0625,0.642857142857143
"3965",0.15,0.15,0.323529411764706,0.5,0.0555555555555556
"3966",0.0714285714285714,0.0625,0.269230769230769,0.205882352941176,0.35
"3967",0.15625,0.05,0.5,0.0625,0.166666666666667
"3968",0.0454545454545455,0.136363636363636,0.45,0.0714285714285714,0.5
"3969",0.0454545454545455,0.0714285714285714,0.291666666666667,0.318181818181818,0.277777777777778
"3970",0.1,0.136363636363636,0.277777777777778,0.21875,0.375
"3971",0.107142857142857,0.0625,0.423076923076923,0.214285714285714,0.277777777777778
"3972",0.0625,0.05,0.0625,0.15625,0.192307692307692
"3973",0.136363636363636,0.15,0.35,0.388888888888889,0.346153846153846
"3974",0.0555555555555556,0.136363636363636,0.5,0.208333333333333,0.5
"3975",0.0384615384615385,0.178571428571429,0.0714285714285714,0.15,0.4375
"3976",0.05,0.15,0.136363636363636,0.208333333333333,0.5
"3977",0.0416666666666667,0.125,0.166666666666667,0.25,0.409090909090909
"3978",0.0789473684210526,0.0454545454545455,0.642857142857143,0.375,0.15
"3979",0.0416666666666667,0.0416666666666667,0.34,0.375,NA
"3980",0.0384615384615385,0.0714285714285714,0.166666666666667,0.236842105263158,0.166666666666667
"3981",0.03125,0.136363636363636,0.25,0.423076923076923,0.357142857142857
"3982",0.15,0.166666666666667,0.15,0.277777777777778,0.35
"3983",0.15,0.1875,0.107142857142857,0.409090909090909,0.269230769230769
"3984",0.0625,0.05,0.28125,0.227272727272727,0.5
"3985",0.05,0.125,0.264705882352941,0.05,NA
"3986",0.09375,0.0555555555555556,0.227272727272727,0.214285714285714,0.375
"3987",0.1,0.05,0.0714285714285714,0.0454545454545455,0.208333333333333
"3988",0.0555555555555556,0.125,0.0625,0.15,0.277777777777778
"3989",0.0714285714285714,0.107142857142857,0.25,0.0454545454545455,0.357142857142857
"3990",0.05,0.0384615384615385,0.21875,0.4375,0.125
"3991",0.0714285714285714,0.0625,0.233333333333333,0.269230769230769,0.55
"3992",0.0454545454545455,0.25,0.178571428571429,0.388888888888889,0.346153846153846
"3993",0.0625,0.115384615384615,0.55,0.55,0.321428571428571
"3994",0.0454545454545455,0.0833333333333333,0.227272727272727,0.53125,0.25
"3995",0.15,0.05,0.107142857142857,0.178571428571429,0.55
"3996",0.05,0.0416666666666667,0.25,0.05,0.55
"3997",0.0625,0.05,0.115384615384615,0.115384615384615,0.15
"3998",0.0384615384615385,0.0714285714285714,0.392857142857143,0.166666666666667,0.772727272727273
"3999",0.15,0.125,0.1875,0.3,0.388888888888889
"4000",0.227272727272727,0.0416666666666667,0.1875,0.318181818181818,0.388888888888889
"4001",0.05,0.125,0.35,0.409090909090909,0.277777777777778
"4002",0.0714285714285714,0.166666666666667,0.25,0.3,0.357142857142857
"4003",0.025,0.0833333333333333,0.0714285714285714,0.382352941176471,0.214285714285714
"4004",0.0555555555555556,0.166666666666667,0.35,0.5,0.409090909090909
"4005",0.0555555555555556,0.0333333333333333,0.1875,0.5,NA
"4006",0.15,0.125,0.214285714285714,0.5,0.5
"4007",0.0625,0.0555555555555556,0.227272727272727,0.194444444444444,0.5
"4008",0.0833333333333333,0.184210526315789,0.321428571428571,NA,NA
"4009",0.09375,0.0416666666666667,0.05,0.346153846153846,NA
"4010",0.05,0.0555555555555556,0.722222222222222,0.25,0.1875
"4011",0.166666666666667,0.0416666666666667,0.28125,0.318181818181818,NA
"4012",0.166666666666667,0.0555555555555556,0.289473684210526,0.25,0.416666666666667
"4013",0.208333333333333,0.0416666666666667,0.318181818181818,0.25,0.55
"4014",0.125,0.1,0.227272727272727,0.3125,0.318181818181818
"4015",0.05,0.1,0.125,0.0714285714285714,0.625
"4016",0.0555555555555556,0.0555555555555556,0.15625,0.15,0.0714285714285714
"4017",0.0357142857142857,0.0555555555555556,0.166666666666667,0.277777777777778,0.388888888888889
"4018",0.0384615384615385,0.104166666666667,0.0833333333333333,0.375,NA
"4019",0.05,0.0555555555555556,0.388888888888889,0.208333333333333,0.5
"4020",0.0625,0.192307692307692,0.291666666666667,0.277777777777778,0.318181818181818
"4021",0.0555555555555556,0.208333333333333,0.125,0.227272727272727,0.346153846153846
"4022",0.0384615384615385,0.0714285714285714,0.15,0.25,0.4375
"4023",0.0416666666666667,0.05,0.392857142857143,0.15,0.277777777777778
"4024",0.0416666666666667,0.192307692307692,0.0555555555555556,0.277777777777778,0.318181818181818
"4025",0.0714285714285714,0.15625,0.192307692307692,0.4375,0.25
"4026",0.0333333333333333,0.0714285714285714,0.275,0.321428571428571,NA
"4027",0.0416666666666667,0.0625,0.28125,0.15,0.1875
"4028",0.05,0.05,0.25,0.291666666666667,0.458333333333333
"4029",0.0714285714285714,0.05,0.291666666666667,0.194444444444444,0.166666666666667
"4030",0.0416666666666667,0.0833333333333333,0.192307692307692,0.357142857142857,NA
"4031",0.0357142857142857,0.0384615384615385,0.0625,0.166666666666667,0.388888888888889
"4032",0.107142857142857,0.0384615384615385,0.441176470588235,0.0714285714285714,NA
"4033",0.0454545454545455,0.136363636363636,0.0714285714285714,0.194444444444444,0.5
"4034",0.1,0.0789473684210526,0.178571428571429,0.75,0.5
"4035",0.0384615384615385,0.136363636363636,0.227272727272727,0.3125,0.3125
"4036",0.166666666666667,0.0357142857142857,0.0454545454545455,0.0714285714285714,0.227272727272727
"4037",0.125,0.115384615384615,0.1875,0.136363636363636,0.318181818181818
"4038",0.1,0.131578947368421,0.277777777777778,0.15,0.375
"4039",0.0681818181818182,0.0714285714285714,0.264705882352941,0.0625,NA
"4040",0.192307692307692,0.208333333333333,0.125,0.277777777777778,0.4375
"4041",0.0714285714285714,0.1,0.15625,0.321428571428571,NA
"4042",0.136363636363636,0.0555555555555556,0.166666666666667,0.136363636363636,0.409090909090909
"4043",0.0416666666666667,0.192307692307692,0.464285714285714,0.277777777777778,0.3125
"4044",0.0454545454545455,0.0555555555555556,0.0714285714285714,0.318181818181818,0.388888888888889
"4045",0.05,0.0416666666666667,0.0714285714285714,0.208333333333333,0.423076923076923
"4046",0.0416666666666667,0.15,0.386363636363636,0.4375,NA
"4047",0.05,0.0416666666666667,0.166666666666667,0.346153846153846,0.409090909090909
"4048",0.125,0.166666666666667,0.192307692307692,0.192307692307692,0.0625
"4049",0.0625,0.125,0.269230769230769,0.375,NA
"4050",0.1,0.1,0.115384615384615,0.0714285714285714,NA
"4051",0.0416666666666667,0.0555555555555556,0.125,0.233333333333333,0.5
"4052",0.0555555555555556,0.136363636363636,0.291666666666667,0.277777777777778,0.423076923076923
"4053",0.0555555555555556,0.136363636363636,0.138888888888889,0.05,0.5625
"4054",0.0277777777777778,0.0714285714285714,0.147058823529412,0.423076923076923,NA
"4055",0.0454545454545455,0.115384615384615,0.178571428571429,0.15625,NA
"4056",0.0384615384615385,0.0454545454545455,0.3,0.25,0.1875
"4057",0.05,0.0416666666666667,0.166666666666667,0.166666666666667,0.166666666666667
"4058",0.166666666666667,0.03125,0.25,0.227272727272727,0.423076923076923
"4059",0.0833333333333333,0.233333333333333,0.0384615384615385,0.388888888888889,0.227272727272727
"4060",0.125,0.15,0.3125,0.269230769230769,0.388888888888889
"4061",0.0714285714285714,0.03125,0.392857142857143,0.357142857142857,0.1875
"4062",0.0714285714285714,0.0625,0.227272727272727,0.178571428571429,0.607142857142857
"4063",0.0384615384615385,0.0357142857142857,0.0454545454545455,0.227272727272727,NA
"4064",0.125,0.0384615384615385,0.166666666666667,0.05,0.0555555555555556
"4065",0.166666666666667,0.25,0.269230769230769,0.277777777777778,0.46875
"4066",0.0454545454545455,0.208333333333333,0.409090909090909,0.35,0.576923076923077
"4067",0.0833333333333333,0.0454545454545455,0.346153846153846,NA,NA
"4068",0.166666666666667,0.0333333333333333,0.166666666666667,0.0357142857142857,0.611111111111111
"4069",NA,NA,NA,NA,NA
"4070",0.0263157894736842,0.0416666666666667,0.166666666666667,0.25,0.125
"4071",0.0454545454545455,0.0555555555555556,0.214285714285714,0.1875,NA
"4072",0.0416666666666667,0.0555555555555556,0.409090909090909,0.233333333333333,0.583333333333333
"4073",0.0454545454545455,0.0625,0.205882352941176,0.25,0.35
"4074",0.0416666666666667,0.0555555555555556,0.115384615384615,0.3,0.590909090909091
"4075",0.09375,0.115384615384615,0.21875,0.35,NA
"4076",0.05,0.125,0.25,0.0625,0.291666666666667
"4077",0.0454545454545455,0.09375,0.0333333333333333,0.0833333333333333,0.3
"4078",0.05,0.15,0.472222222222222,0.53125,0.75
"4079",0.0416666666666667,0.107142857142857,0.227272727272727,0.233333333333333,0.125
"4080",0.0416666666666667,0.0416666666666667,0.28125,0.166666666666667,NA
"4081",0.15625,0.277777777777778,0.346153846153846,0.346153846153846,0.0714285714285714
"4082",0.0833333333333333,0.0714285714285714,0.3125,0.15,0.5
"4083",0.0714285714285714,0.166666666666667,0.28125,0.464285714285714,0.5
"4084",0.0416666666666667,0.3,0.264705882352941,0.409090909090909,0.291666666666667
"4085",0.05,0.0555555555555556,0.388888888888889,0.25,0.458333333333333
"4086",0.0277777777777778,0.0625,0.25,0.357142857142857,0.208333333333333
"4087",0.0714285714285714,0.1,0.194444444444444,0.214285714285714,0.0714285714285714
"4088",0.0416666666666667,0.125,0.3,0.366666666666667,0.375
"4089",0.0454545454545455,0.291666666666667,0.458333333333333,0.0555555555555556,0.1875
"4090",0.107142857142857,0.115384615384615,0.3,0.166666666666667,0.277777777777778
"4091",0.136363636363636,0.05,0.28125,0.0555555555555556,0.0555555555555556
"4092",0.0555555555555556,0.0416666666666667,0.227272727272727,0.409090909090909,0.277777777777778
"4093",0.136363636363636,0.0714285714285714,0.346153846153846,0.409090909090909,0.375
"4094",0.0416666666666667,0.1,0.388888888888889,0.277777777777778,0.5625
"4095",0.15,0.115384615384615,0.45,0.214285714285714,0.277777777777778
"4096",0.0625,0.0454545454545455,0.25,0.208333333333333,0.35
"4097",0.15,0.125,0.535714285714286,0.136363636363636,0.277777777777778
"4098",0.09375,0.0416666666666667,0.25,0.136363636363636,NA
"4099",0.0384615384615385,0.0384615384615385,0.21875,0.5,0.166666666666667
"4100",0.0294117647058824,0.0714285714285714,0.15,0.5,NA
"4101",0.0833333333333333,0.0454545454545455,0.5,NA,NA
"4102",0.15,0.107142857142857,0.277777777777778,0.5,0.392857142857143
"4103",0.107142857142857,0.05,0.277777777777778,0.208333333333333,0.227272727272727
"4104",0.0714285714285714,0.107142857142857,0.227272727272727,0.0625,0.0555555555555556
"4105",0.0555555555555556,0.0882352941176471,0.0555555555555556,0.136363636363636,0.388888888888889
"4106",0.0714285714285714,0.166666666666667,0.25,0.208333333333333,NA
"4107",0.0416666666666667,0.15,0.136363636363636,0.15,0.45
"4108",0.136363636363636,0.0384615384615385,0.0833333333333333,0.05,0.291666666666667
"4109",0.0454545454545455,0.0833333333333333,0.458333333333333,0.318181818181818,0.5625
"4110",0.0625,0.166666666666667,0.388888888888889,0.25,0.34375
"4111",0.0555555555555556,0.192307692307692,0.166666666666667,0.25,0.05
"4112",0.03125,0.0714285714285714,0.357142857142857,0.5,0.357142857142857
"4113",0.0555555555555556,0.05,0.25,0.25,0.0714285714285714
"4114",0.0714285714285714,0.277777777777778,0.318181818181818,0.291666666666667,0.346153846153846
"4115",0.0833333333333333,0.0714285714285714,0.107142857142857,0.433333333333333,0.291666666666667
"4116",0.0555555555555556,0.0789473684210526,0.208333333333333,0.1,0.0555555555555556
"4117",0.0714285714285714,0.25,0.375,0.25,0.35
"4118",0.25,0.0555555555555556,0.107142857142857,0.0625,0.35
"4119",0.125,0.0416666666666667,0.125,0.236842105263158,0.625
"4120",0.166666666666667,0.05,0.34375,0.227272727272727,0.125
"4121",0.125,0.107142857142857,0.323529411764706,0.1,0.166666666666667
"4122",0.0714285714285714,0.136363636363636,0.227272727272727,0.115384615384615,0.321428571428571
"4123",0.3,0.147058823529412,0.55,0.25,0.642857142857143
"4124",0.0454545454545455,0.05,0.291666666666667,0.269230769230769,0.5
"4125",0.0714285714285714,0.227272727272727,0.15,0.166666666666667,0.6875
"4126",0.0357142857142857,0.0555555555555556,0.1875,0.35,0.0555555555555556
"4127",0.0384615384615385,0.115384615384615,0.0454545454545455,0.0625,0.611111111111111
"4128",0.178571428571429,0.214285714285714,0.291666666666667,0.277777777777778,0.5625
"4129",0.125,0.0714285714285714,0.5,0.25,0.35
"4130",0.0357142857142857,0.147058823529412,0.115384615384615,0.318181818181818,0.25
"4131",0.208333333333333,0.0625,0.25,0.0625,0.291666666666667
"4132",0.0416666666666667,0.05,0.136363636363636,0.125,0.3
"4133",0.0882352941176471,0.166666666666667,0.0555555555555556,0.136363636363636,0.291666666666667
"4134",0.05,0.166666666666667,0.208333333333333,0.166666666666667,0.3125
"4135",0.125,0.0555555555555556,0.357142857142857,0.233333333333333,0.416666666666667
"4136",0.1,0.125,0.166666666666667,0.0555555555555556,0.3125
"4137",0.0333333333333333,0.0714285714285714,0.0555555555555556,0.277777777777778,0.566666666666667
"4138",0.03125,0.0714285714285714,0.115384615384615,0.25,0.388888888888889
"4139",0.192307692307692,0.115384615384615,0.166666666666667,0.3125,0.214285714285714
"4140",0.214285714285714,0.05,0.115384615384615,0.346153846153846,0.318181818181818
"4141",0.09375,0.0714285714285714,0.233333333333333,0.34375,NA
"4142",0.0416666666666667,0.115384615384615,0.136363636363636,0.208333333333333,0.4375
"4143",0.05,0.15,0.214285714285714,0.409090909090909,0.5
"4144",0.0416666666666667,0.0384615384615385,0.131578947368421,0.166666666666667,NA
"4145",0.05,0.208333333333333,0.3125,0.227272727272727,0.625
"4146",0.0555555555555556,0.0625,0.227272727272727,0.366666666666667,0.409090909090909
"4147",0.214285714285714,0.0333333333333333,0.291666666666667,0.277777777777778,0.125
"4148",0.0555555555555556,0.208333333333333,0.115384615384615,0.136363636363636,0.214285714285714
"4149",0.0357142857142857,0.0714285714285714,0.392857142857143,0.227272727272727,0.45
"4150",0.0555555555555556,0.0555555555555556,0.291666666666667,0.208333333333333,0.45
"4151",0.214285714285714,0.136363636363636,0.318181818181818,0.05,0.625
"4152",0.0384615384615385,0.0833333333333333,0.208333333333333,0.233333333333333,0.458333333333333
"4153",0.136363636363636,0.0555555555555556,0.388888888888889,0.357142857142857,0.633333333333333
"4154",0.0833333333333333,0.0625,0.0357142857142857,0.318181818181818,0.409090909090909
"4155",0.166666666666667,0.208333333333333,0.115384615384615,0.357142857142857,0.192307692307692
"4156",0.192307692307692,0.0384615384615385,0.05,0.21875,0.0714285714285714
"4157",0.107142857142857,0.125,0.0416666666666667,0.166666666666667,0.611111111111111
"4158",0.1,0.125,0.318181818181818,0.291666666666667,0.346153846153846
"4159",0.0555555555555556,0.0384615384615385,0.233333333333333,0.0333333333333333,NA
"4160",0.0555555555555556,0.136363636363636,0.34375,0.25,NA
"4161",0.115384615384615,0.0555555555555556,0.423076923076923,0.15,0.115384615384615
"4162",0.107142857142857,0.214285714285714,0.1875,0.15625,0.136363636363636
"4163",0.0416666666666667,0.0555555555555556,0.208333333333333,0.318181818181818,0.166666666666667
"4164",0.0454545454545455,0.166666666666667,0.291666666666667,0.375,0.388888888888889
"4165",0.0625,0.0625,0.166666666666667,0.25,0.318181818181818
"4166",0.115384615384615,0.0416666666666667,0.0714285714285714,0.3,0.291666666666667
"4167",0.0555555555555556,0.125,0.269230769230769,0.0555555555555556,0.65
"4168",0.136363636363636,0.0555555555555556,0.227272727272727,0.0416666666666667,0.409090909090909
"4169",0.0384615384615385,0.0714285714285714,0.375,0.136363636363636,0.535714285714286
"4170",0.05,0.03125,0.25,0.15625,NA
"4171",0.1,0.0714285714285714,0.291666666666667,0.227272727272727,0.423076923076923
"4172",0.0384615384615385,0.0454545454545455,0.3125,0.208333333333333,0.208333333333333
"4173",0.0384615384615385,0.1875,0.0625,0.166666666666667,0.321428571428571
"4174",0.0555555555555556,0.05,0.192307692307692,0.392857142857143,0.318181818181818
"4175",0.0714285714285714,0.15,0.291666666666667,0.166666666666667,0.291666666666667
"4176",0.0714285714285714,0.15,0.0416666666666667,0.15,0.208333333333333
"4177",0.0714285714285714,0.0416666666666667,0.21875,0.0555555555555556,0.25
"4178",0.131578947368421,0.05,0.227272727272727,0.15,0.611111111111111
"4179",0.1,0.0555555555555556,0.15625,0.269230769230769,NA
"4180",0.0357142857142857,0.1,0.136363636363636,0.05,0.681818181818182
"4181",0.0555555555555556,0.0454545454545455,0.0416666666666667,0.388888888888889,0.576923076923077
"4182",0.0714285714285714,0.0555555555555556,0.227272727272727,0.375,0.59375
"4183",0.0789473684210526,0.1,0.0625,0.25,NA
"4184",0.05,0.0625,0.423076923076923,0.214285714285714,0.541666666666667
"4185",0.0357142857142857,0.0714285714285714,0.0833333333333333,0.233333333333333,0.375
"4186",0.0625,0.05,0.423076923076923,0.318181818181818,0.25
"4187",0.0333333333333333,0.136363636363636,0.45,0.25,0.357142857142857
"4188",0.136363636363636,0.09375,0.5625,0.5,0.590909090909091
"4189",0.09375,0.25,0.125,0.321428571428571,0.458333333333333
"4190",0.05,0.05,0.346153846153846,0.166666666666667,0.136363636363636
"4191",0.05,0.15,0.392857142857143,0.214285714285714,0.541666666666667
"4192",0.0416666666666667,0.25,0.5,0.125,0.34375
"4193",0.05,0.136363636363636,0.25,0.590909090909091,0.28125
"4194",0.05,0.166666666666667,0.277777777777778,0.192307692307692,0.318181818181818
"4195",0.115384615384615,0.05,0.107142857142857,0.25,0.458333333333333
"4196",0.05,0.375,0.125,0.277777777777778,0.214285714285714
"4197",0.15,0.15,0.227272727272727,0.1875,0.277777777777778
"4198",0.208333333333333,0.0714285714285714,0.382352941176471,0.166666666666667,0.3125
"4199",0.05,0.05,0.25,0.205882352941176,0.35
"4200",0.136363636363636,0.0416666666666667,0.375,0.227272727272727,0.3
"4201",0.1,0.208333333333333,0.208333333333333,0.1875,0.208333333333333
"4202",0.208333333333333,0.166666666666667,0.269230769230769,0.35,0.277777777777778
"4203",0.107142857142857,0.107142857142857,0.321428571428571,0.15,0.416666666666667
"4204",0.0833333333333333,0.15,0.3,0.357142857142857,0.458333333333333
"4205",0.125,0.166666666666667,0.291666666666667,0.318181818181818,0.1875
"4206",0.0625,0.0714285714285714,0.366666666666667,0.192307692307692,0.5
"4207",0.0357142857142857,0.05,0.318181818181818,0.318181818181818,0.125
"4208",0.0714285714285714,0.107142857142857,0.277777777777778,0.366666666666667,0.15
"4209",0.05,0.05,0.3,0.3,0.357142857142857
"4210",0.136363636363636,0.0714285714285714,0.3125,0.178571428571429,0.409090909090909
"4211",0.0789473684210526,0.0625,0.15,0.5,0.277777777777778
"4212",0.05,0.05,0.136363636363636,0.107142857142857,0.423076923076923
"4213",0.0555555555555556,0.388888888888889,0.107142857142857,0.21875,0.3125
"4214",0.0357142857142857,0.05,0.0416666666666667,0.277777777777778,0.590909090909091
"4215",0.131578947368421,0.0416666666666667,0.25,0.388888888888889,NA
"4216",0.0714285714285714,0.0416666666666667,0.0333333333333333,NA,NA
"4217",0.0555555555555556,0.15,0.45,0.366666666666667,0.576923076923077
"4218",0.0555555555555556,0.0625,0.192307692307692,0.269230769230769,0.590909090909091
"4219",0.0833333333333333,0.15,0.305555555555556,0.3125,NA
"4220",0.0555555555555556,0.0454545454545455,0.34375,0.25,NA
"4221",0.0555555555555556,0.0625,0.15,0.409090909090909,0.175
"4222",0.0416666666666667,0.136363636363636,0.5,0.05,0.166666666666667
"4223",0.108695652173913,0.05,0.15625,NA,NA
"4224",0.05,0.05,0.35,0.178571428571429,0.458333333333333
"4225",0.0416666666666667,0.0555555555555556,0.0555555555555556,0.291666666666667,0.375
"4226",0.166666666666667,0.0555555555555556,0.208333333333333,0.208333333333333,0.375
"4227",0.125,0.0416666666666667,0.115384615384615,0.208333333333333,0.3125
"4228",0.1875,0.0384615384615385,0.5,0.15,0.416666666666667
"4229",0.0416666666666667,0.1,0.3125,0.227272727272727,0.269230769230769
"4230",0.1,0.0416666666666667,0.277777777777778,0.416666666666667,0.433333333333333
"4231",0.0714285714285714,0.0714285714285714,0.15625,0.178571428571429,0.409090909090909
"4232",0.09375,0.05,0.458333333333333,0.0555555555555556,0.277777777777778
"4233",0.05,0.291666666666667,0.214285714285714,0.227272727272727,0.35
"4234",0.0333333333333333,0.115384615384615,0.464285714285714,0.136363636363636,NA
"4235",0.0454545454545455,0.166666666666667,0.194444444444444,0.208333333333333,NA
"4236",0.0416666666666667,0.214285714285714,0.0625,0.178571428571429,0.375
"4237",0.0789473684210526,0.107142857142857,0.138888888888889,NA,NA
"4238",0.0555555555555556,0.0625,0.375,0.192307692307692,0.5
"4239",0.05,0.192307692307692,0.227272727272727,0.227272727272727,0.15
"4240",0.0714285714285714,0.233333333333333,0.4375,0.318181818181818,0.346153846153846
"4241",0.0555555555555556,0.178571428571429,0.25,0.3,0.5625
"4242",0.0384615384615385,0.0714285714285714,0.275,0.1,NA
"4243",0.15,0.15625,0.40625,0.166666666666667,0.416666666666667
"4244",0.0714285714285714,0.0454545454545455,0.295454545454545,0.15,0.625
"4245",0.05,0.0454545454545455,0.208333333333333,0.277777777777778,0.115384615384615
"4246",0.0384615384615385,0.0555555555555556,0.1875,0.208333333333333,0.25
"4247",0.0454545454545455,0.0454545454545455,0.15,0.346153846153846,0.611111111111111
"4248",0.0714285714285714,0.119047619047619,0.0625,0.3,0.5
"4249",0.0625,0.0357142857142857,0.1,0.4375,NA
"4250",0.0625,0.05,0.15,0.136363636363636,0.409090909090909
"4251",0.0454545454545455,0.15,0.30952380952381,0.291666666666667,NA
"4252",0.0454545454545455,0.09375,0.208333333333333,0.277777777777778,0.5
"4253",0.166666666666667,0.208333333333333,0.125,0.45,0.642857142857143
"4254",0.0555555555555556,0.107142857142857,0.05,0.55,0.136363636363636
"4255",0.0714285714285714,0.21875,0.375,0.357142857142857,0.423076923076923
"4256",0.147058823529412,0.0555555555555556,0.35,0.291666666666667,0.3125
"4257",0.0714285714285714,0.0714285714285714,0.46875,0.388888888888889,0.321428571428571
"4258",0.0384615384615385,0.1,0.346153846153846,0.291666666666667,0.346153846153846
"4259",0.115384615384615,0.227272727272727,0.35,0.0625,0.25
"4260",0.0714285714285714,0.136363636363636,0.291666666666667,0.192307692307692,0.5
"4261",0.15,0.1,0.15,0.291666666666667,0.5625
"4262",0.0294117647058824,0.192307692307692,0.291666666666667,0.227272727272727,0.5
"4263",0.0555555555555556,0.0454545454545455,0.25,0.09375,0.5
"4264",0.05,0.15625,0.3,0.178571428571429,NA
"4265",0.166666666666667,0.0625,0.346153846153846,0.208333333333333,0.5
"4266",0.05,0.1,0.166666666666667,0.15,NA
"4267",0.0882352941176471,0.0555555555555556,0.0714285714285714,0.15,0.25
"4268",0.1875,0.166666666666667,0.15,0.346153846153846,0.0833333333333333
"4269",0.1,0.0454545454545455,0.25,0.318181818181818,0.25
"4270",0.136363636363636,0.0384615384615385,0.3,0.136363636363636,NA
"4271",0.0625,0.0384615384615385,0.166666666666667,0.28125,0.5
"4272",0.05,0.0714285714285714,0.125,0.25,0.0454545454545455
"4273",0.192307692307692,0.0416666666666667,0.115384615384615,0.458333333333333,NA
"4274",0.05,0.136363636363636,0.178571428571429,0.25,0.25
"4275",0.0416666666666667,0.05,0.05,0.409090909090909,0.45
"4276",0.107142857142857,0.0714285714285714,0.107142857142857,0.269230769230769,0.0625
"4277",0.166666666666667,0.3125,0.233333333333333,0.25,0.409090909090909
"4278",0.0625,0.192307692307692,0.464285714285714,0.208333333333333,0.4375
"4279",0.0416666666666667,0.136363636363636,0.0625,0.5,0.541666666666667
"4280",0.0416666666666667,0.05,0.264705882352941,0.277777777777778,0.5
"4281",0.0882352941176471,0.0416666666666667,0.236842105263158,0.416666666666667,NA
"4282",0.05,0.05,0.375,0.34375,0.357142857142857
"4283",0.0833333333333333,0.0384615384615385,0.361111111111111,0.5,0.625
"4284",0.0384615384615385,0.0833333333333333,0.3125,0.409090909090909,0.233333333333333
"4285",0.1,0.115384615384615,0.178571428571429,0.214285714285714,0.5
"4286",0.0882352941176471,0.0714285714285714,0.409090909090909,0.323529411764706,0.166666666666667
"4287",0.0454545454545455,0.0454545454545455,0.382352941176471,0.125,NA
"4288",0.208333333333333,0.192307692307692,0.166666666666667,0.166666666666667,0.125
"4289",0.0416666666666667,0.0833333333333333,0.0555555555555556,0.277777777777778,0.441176470588235
"4290",0.125,0.0357142857142857,0.225,0.3125,NA
"4291",0.0384615384615385,0.0555555555555556,0.35,0.0555555555555556,0.178571428571429
"4292",0.0384615384615385,0.0555555555555556,0.576923076923077,0.346153846153846,0.227272727272727
"4293",0.0714285714285714,0.05,0.136363636363636,0.09375,0.5625
"4294",0.0416666666666667,0.0714285714285714,0.147058823529412,0.227272727272727,0.409090909090909
"4295",0.0714285714285714,0.09375,0.0714285714285714,0.192307692307692,0.541666666666667
"4296",0.0454545454545455,0.15,0.458333333333333,0.269230769230769,0.4375
"4297",0.0416666666666667,0.15,0.388888888888889,0.5625,0.208333333333333
"4298",0.0454545454545455,0.0454545454545455,0.535714285714286,0.0833333333333333,0.3
"4299",0.115384615384615,0.15625,0.323529411764706,0.388888888888889,NA
"4300",0.0714285714285714,0.166666666666667,0.136363636363636,0.125,0.178571428571429
"4301",0.0416666666666667,0.1,0.15,0.192307692307692,0.25
"4302",0.0357142857142857,0.0555555555555556,0.227272727272727,0.15,0.15
"4303",0.115384615384615,0.214285714285714,0.25,0.25,0.227272727272727
"4304",0.125,0.166666666666667,0.192307692307692,0.166666666666667,0.5
"4305",0.0714285714285714,0.0416666666666667,0.136363636363636,0.375,0.5
"4306",0.0357142857142857,0.0555555555555556,0.115384615384615,0.34375,NA
"4307",0.05,0.15,0.208333333333333,0.277777777777778,0.5
"4308",0.0416666666666667,0.205882352941176,0.1,0.3,NA
"4309",0.0454545454545455,0.0625,0.05,0.107142857142857,0.45
"4310",0.0625,0.147058823529412,0.208333333333333,0.388888888888889,0.318181818181818
"4311",0.0555555555555556,0.115384615384615,0.1875,0.409090909090909,0.392857142857143
"4312",0.0555555555555556,0.15,0.425,0.291666666666667,0.625
"4313",NA,NA,NA,NA,NA
"4314",0.0384615384615385,0.0416666666666667,0.125,0.1,0.4375
"4315",0.05,0.0333333333333333,0.0714285714285714,0.192307692307692,0.541666666666667
"4316",0.115384615384615,0.0714285714285714,0.4375,0.423076923076923,0.366666666666667
"4317",0.107142857142857,0.0714285714285714,0.05,0.34375,0.318181818181818
"4318",0.0454545454545455,0.0714285714285714,0.346153846153846,0.208333333333333,0.40625
"4319",0.0714285714285714,0.147058823529412,0.0714285714285714,0.25,0.416666666666667
"4320",0.0714285714285714,0.05,0.291666666666667,0.269230769230769,0.409090909090909
"4321",0.05,0.0555555555555556,0.233333333333333,0.35,0.566666666666667
"4322",0.0555555555555556,0.0294117647058824,0.208333333333333,0.208333333333333,0.5
"4323",0.115384615384615,0.136363636363636,0.0555555555555556,0.178571428571429,0.3125
"4324",0.138888888888889,0.1,0.178571428571429,0.5,0.214285714285714
"4325",0.1,0.15625,0.388888888888889,0.1875,0.3125
"4326",0.0555555555555556,0.0555555555555556,0.21875,0.115384615384615,0.214285714285714
"4327",0.05,0.125,0.323529411764706,0.357142857142857,0.3
"4328",0.1,0.15,0.25,0.166666666666667,0.4375
"4329",0.0238095238095238,0.1,0.375,0.125,NA
"4330",0.214285714285714,0.0454545454545455,0.136363636363636,0.458333333333333,0.0714285714285714
"4331",0.0555555555555556,0.1,0.25,0.35,0.375
"4332",0.136363636363636,0.05,0.318181818181818,0.227272727272727,0.45
"4333",0.166666666666667,0.0384615384615385,0.269230769230769,0.291666666666667,0.45
"4334",0.0357142857142857,0.125,0.321428571428571,0.166666666666667,0.375
"4335",0.0357142857142857,0.3125,0.277777777777778,0.25,0.458333333333333
"4336",0.125,0.115384615384615,0.136363636363636,0.318181818181818,0.4375
"4337",0.0833333333333333,0.15,0.136363636363636,0.3,0.5
"4338",0.416666666666667,0.178571428571429,0.535714285714286,0.107142857142857,0.166666666666667
"4339",0.107142857142857,0.125,0.227272727272727,0.277777777777778,0.388888888888889
"4340",0.1875,0.107142857142857,0.136363636363636,0.0833333333333333,0.40625
"4341",0.0714285714285714,0.0625,0.291666666666667,0.227272727272727,0.277777777777778
"4342",0.25,0.0454545454545455,0.15,0.166666666666667,0.357142857142857
"4343",0.15625,0.0454545454545455,0.125,0.535714285714286,0.375
"4344",0.0454545454545455,0.0416666666666667,0.214285714285714,0.25,NA
"4345",0.107142857142857,0.166666666666667,0.291666666666667,0.5625,0.1875
"4346",0.0357142857142857,0.0714285714285714,0.375,0.208333333333333,0.45
"4347",0.0714285714285714,0.0454545454545455,0.15,0.208333333333333,0.392857142857143
"4348",0.025,0.115384615384615,0.15625,0.25,NA
"4349",0.05,0.0454545454545455,0.227272727272727,0.3,0.375
"4350",0.125,0.0714285714285714,0.21875,0.3125,0.5
"4351",0.115384615384615,0.0384615384615385,0.409090909090909,0.3125,0.45
"4352",0.25,0.0714285714285714,0.0833333333333333,0.264705882352941,0.269230769230769
"4353",0.0454545454545455,0.0714285714285714,0.21875,0.291666666666667,0.25
"4354",0.0555555555555556,0.05,0.346153846153846,0.192307692307692,0.409090909090909
"4355",0.0384615384615385,0.0555555555555556,0.346153846153846,0.214285714285714,0.0714285714285714
"4356",0.0416666666666667,0.125,0.214285714285714,0.15,0.392857142857143
"4357",0.05,0.15,0.05,0.21875,0.35
"4358",0.0714285714285714,0.1,0.147058823529412,0.409090909090909,0.5
"4359",0.0555555555555556,0.115384615384615,0.25,0.136363636363636,0.5
"4360",0.05,0.0681818181818182,0.386363636363636,0.5,NA
"4361",0.0357142857142857,0.208333333333333,0.166666666666667,0.166666666666667,0.5625
"4362",0.0714285714285714,0.0714285714285714,0.25,0.392857142857143,0.318181818181818
"4363",0.0555555555555556,0.115384615384615,0.269230769230769,0.277777777777778,0.4375
"4364",0.0277777777777778,0.119047619047619,0.0454545454545455,NA,NA
"4365",0.388888888888889,0.0416666666666667,0.233333333333333,0.357142857142857,0.277777777777778
"4366",0.0384615384615385,0.0652173913043478,0.147058823529412,NA,NA
"4367",0.0714285714285714,0.0454545454545455,0.3125,0.05,NA
"4368",0.0416666666666667,0.227272727272727,0.366666666666667,0.3125,0.3125
"4369",0.0357142857142857,0.125,0.3125,0.291666666666667,0.5
"4370",0.0714285714285714,0.09375,0.192307692307692,0.227272727272727,0.318181818181818
"4371",0.318181818181818,0.125,0.291666666666667,0.25,0.0625
"4372",0.1,0.09375,0.0555555555555556,0.136363636363636,0.375
"4373",0.0384615384615385,0.0833333333333333,0.59375,0.5,NA
"4374",0.0384615384615385,0.05,0.0714285714285714,0.1,0.388888888888889
"4375",0.0384615384615385,0.05,0.25,0.214285714285714,0.291666666666667
"4376",0.0555555555555556,0.0789473684210526,0.375,0.5,NA
"4377",0.0625,0.0714285714285714,0.15625,0.0714285714285714,0.5
"4378",0.0714285714285714,0.107142857142857,0.269230769230769,0.1875,0.423076923076923
"4379",0.0416666666666667,0.0625,0.0555555555555556,0.166666666666667,0.25
"4380",0.0416666666666667,0.192307692307692,0.214285714285714,0.136363636363636,0.166666666666667
"4381",0.0454545454545455,0.0625,0.269230769230769,0.35,0.4375
"4382",0.0555555555555556,0.214285714285714,0.53125,0.458333333333333,0.5
"4383",0.166666666666667,0.0555555555555556,0.346153846153846,0.15,0.464285714285714
"4384",0.0714285714285714,0.1,0.214285714285714,0.0454545454545455,0.21875
"4385",0.0882352941176471,0.1875,0.208333333333333,0.1875,0.5625
"4386",0.15,0.0416666666666667,0.291666666666667,0.321428571428571,0.357142857142857
"4387",0.0555555555555556,0.192307692307692,0.0833333333333333,0.227272727272727,0.40625
"4388",0.05,0.0625,0.392857142857143,0.15,0.45
"4389",0.0714285714285714,0.0714285714285714,0.416666666666667,0.166666666666667,0.409090909090909
"4390",0.0833333333333333,0.05,0.208333333333333,0.541666666666667,0.346153846153846
"4391",0.15,0.0384615384615385,0.0714285714285714,0.166666666666667,0.35
"4392",0.0416666666666667,0.15,0.269230769230769,0.277777777777778,0.5
"4393",0.0714285714285714,0.0416666666666667,0.388888888888889,0.583333333333333,0.321428571428571
"4394",0.0714285714285714,0.166666666666667,0.28125,0.5,0.25
"4395",0.0384615384615385,0.0333333333333333,0.107142857142857,0.35,NA
"4396",0.0555555555555556,0.166666666666667,0.0555555555555556,0.305555555555556,0.277777777777778
"4397",0.0714285714285714,0.192307692307692,0.208333333333333,0.289473684210526,0.227272727272727
"4398",0.0454545454545455,0.1875,0.192307692307692,0.166666666666667,0.409090909090909
"4399",0.136363636363636,0.0357142857142857,0.35,0.214285714285714,0.916666666666667
"4400",0.0454545454545455,0.125,0.25,0.40625,NA
"4401",0.0714285714285714,0.0333333333333333,0.0555555555555556,0.277777777777778,0.447368421052632
"4402",0.0454545454545455,0.115384615384615,0.409090909090909,0.1875,0.35
"4403",0.166666666666667,0.0416666666666667,0.5,0.0357142857142857,0.227272727272727
"4404",0.0555555555555556,0.227272727272727,0.318181818181818,0.357142857142857,0.423076923076923
"4405",0.0555555555555556,0.166666666666667,0.25,0.318181818181818,0.291666666666667
"4406",0.05,0.09375,0.323529411764706,0.136363636363636,NA
"4407",0.05,0.125,0.277777777777778,0.291666666666667,0.318181818181818
"4408",0.0454545454545455,0.269230769230769,0.0714285714285714,0.423076923076923,0.277777777777778
"4409",0.05,0.1875,0.115384615384615,0.115384615384615,0.291666666666667
"4410",0.0555555555555556,0.125,0.388888888888889,0.15,0.318181818181818
"4411",0.0714285714285714,0.1,0.136363636363636,0.166666666666667,0.25
"4412",0.227272727272727,0.05,0.125,0.05,0.708333333333333
"4413",0.05,0.0555555555555556,0.3125,0.125,0.346153846153846
"4414",0.0416666666666667,0.0357142857142857,0.576923076923077,0.416666666666667,0.75
"4415",0.05,0.178571428571429,0.5,0.192307692307692,0.3
"4416",0.15,0.0555555555555556,0.291666666666667,0.233333333333333,0.375
"4417",0.192307692307692,0.0333333333333333,0.214285714285714,0.269230769230769,0.0714285714285714
"4418",0.0555555555555556,0.125,0.375,0.0833333333333333,0.318181818181818
"4419",0.0555555555555556,0.0714285714285714,0.3,0.269230769230769,0.25
"4420",0.0714285714285714,0.0416666666666667,0.208333333333333,0.178571428571429,0.357142857142857
"4421",0.0555555555555556,0.05,0.175,0.208333333333333,0.1
"4422",0.125,0.0454545454545455,0.5,0.269230769230769,0.35
"4423",0.0833333333333333,0.0714285714285714,0.4375,0.166666666666667,0.346153846153846
"4424",0.05,0.0555555555555556,0.3125,0.25,0.423076923076923
"4425",0.0454545454545455,0.192307692307692,0.0833333333333333,0.1875,0.321428571428571
"4426",0.0714285714285714,0.1875,0.192307692307692,0.178571428571429,0.388888888888889
"4427",0.05,0.09375,0.25,0.0833333333333333,0.5625
"4428",0.1,0.115384615384615,0.5,0.214285714285714,0.1875
"4429",0.0454545454545455,0.125,0.15625,0.136363636363636,0.5
"4430",0.0882352941176471,0.227272727272727,0.1875,0.277777777777778,0.25
"4431",0.0454545454545455,0.0454545454545455,0.214285714285714,0.0714285714285714,NA
"4432",0.05,0.125,0.392857142857143,0.35,0.416666666666667
"4433",0.0384615384615385,0.0833333333333333,0.15,0.208333333333333,0.366666666666667
"4434",0.05,0.166666666666667,0.277777777777778,0.28125,0.35
"4435",0.0555555555555556,0.107142857142857,0.25,0.115384615384615,0.55
"4436",0.05,0.0416666666666667,0.45,0.136363636363636,0.269230769230769
"4437",0.0714285714285714,0.107142857142857,0.25,0.5,0.392857142857143
"4438",0.0416666666666667,0.0416666666666667,0.375,0.357142857142857,0.35
"4439",0.192307692307692,0.107142857142857,0.166666666666667,0.55,0.5
"4440",0.0625,0.0384615384615385,0.5,0.15,0.5
"4441",0.0416666666666667,0.0384615384615385,0.35,0.0333333333333333,0.214285714285714
"4442",0.0384615384615385,0.136363636363636,0.0454545454545455,0.25,0.0625
"4443",0.0555555555555556,0.115384615384615,0.15625,0.227272727272727,0.5
"4444",0.09375,0.0714285714285714,0.423076923076923,0.166666666666667,NA
"4445",0.05,0.0555555555555556,0.227272727272727,0.25,0.361111111111111
"4446",0.03125,0.192307692307692,0.214285714285714,0.0555555555555556,0.5
"4447",0.0555555555555556,0.1,0.0714285714285714,0.25,0.392857142857143
"4448",0.0357142857142857,0.166666666666667,0.291666666666667,0.15,0.15
"4449",0.0625,0.115384615384615,0.208333333333333,0.357142857142857,0.392857142857143
"4450",0.0714285714285714,0.125,0.291666666666667,0.535714285714286,0.269230769230769
"4451",0.0384615384615385,0.166666666666667,0.35,0.178571428571429,0.3125
"4452",0.0714285714285714,0.0555555555555556,0.291666666666667,0.15,0.653846153846154
"4453",0.1,0.0714285714285714,0.15,0.05,0.1875
"4454",0.0416666666666667,0.166666666666667,0.136363636363636,0.25,0.5625
"4455",0.0714285714285714,0.1875,0.35,0.464285714285714,0.5
"4456",0.0714285714285714,0.107142857142857,0.107142857142857,0.277777777777778,0.277777777777778
"4457",0.0714285714285714,0.125,0.25,0.15,0.147058823529412
"4458",0.107142857142857,0.05,0.125,0.15,0.423076923076923
"4459",0.05,0.03125,0.392857142857143,0.25,0.4375
"4460",0.0384615384615385,0.0416666666666667,0.318181818181818,0.166666666666667,0.45
"4461",0.208333333333333,0.125,0.269230769230769,0.0833333333333333,0.166666666666667
"4462",0.136363636363636,0.0555555555555556,0.227272727272727,0.3,0.45
"4463",0.125,0.166666666666667,0.115384615384615,0.25,0.0714285714285714
"4464",0.0625,0.136363636363636,0.227272727272727,0.125,0.45
"4465",0.0454545454545455,0.0454545454545455,0.208333333333333,0.35,0.166666666666667
"4466",0.0555555555555556,0.125,0.388888888888889,0.233333333333333,0.5
"4467",0.136363636363636,0.0714285714285714,0.388888888888889,0.4375,0.388888888888889
"4468",0.0454545454545455,0.0416666666666667,0.25,0.125,0.388888888888889
"4469",0.05,0.15625,0.375,0.35,0.357142857142857
"4470",0.166666666666667,0.3,0.25,0.291666666666667,0.382352941176471
"4471",0.05,0.115384615384615,0.214285714285714,0.34375,0.277777777777778
"4472",0.136363636363636,0.0333333333333333,0.208333333333333,0.0625,0.357142857142857
"4473",0.0714285714285714,0.291666666666667,0.318181818181818,0.0555555555555556,0.208333333333333
"4474",0.0294117647058824,0.05,0.136363636363636,0.0625,0.375
"4475",0.0714285714285714,0.0357142857142857,0.227272727272727,0.25,0.416666666666667
"4476",0.0454545454545455,0.0357142857142857,0.35,0.409090909090909,0.7
"4477",0.0454545454545455,0.05,0.1875,0.227272727272727,0.388888888888889
"4478",0.0555555555555556,0.25,0.115384615384615,0.166666666666667,0.291666666666667
"4479",0.05,0.192307692307692,0.107142857142857,0.277777777777778,0.45
"4480",0.0357142857142857,0.0714285714285714,0.136363636363636,0.0416666666666667,0.35
"4481",0.09375,0.227272727272727,0.277777777777778,0.388888888888889,0.576923076923077
"4482",0.125,0.1,0.136363636363636,0.357142857142857,0.5
"4483",0.05,0.0714285714285714,0.321428571428571,0.409090909090909,0.35
"4484",0.25,0.0454545454545455,0.0625,0.321428571428571,0.388888888888889
"4485",0.107142857142857,0.15,0.25,0.0555555555555556,0.366666666666667
"4486",0.0625,0.09375,0.388888888888889,0.15,0.611111111111111
"4487",0.0454545454545455,0.136363636363636,0.0833333333333333,0.5,0.5
"4488",0.0789473684210526,0.225,0.291666666666667,NA,NA
"4489",0.05,0.0416666666666667,0.264705882352941,0.208333333333333,0.375
"4490",0.0454545454545455,0.0625,0.423076923076923,0.3,0.535714285714286
"4491",0.0625,0.0384615384615385,0.25,0.0714285714285714,0.409090909090909
"4492",0.0416666666666667,0.0714285714285714,0.318181818181818,0.46875,0.346153846153846
"4493",0.192307692307692,0.25,0.166666666666667,0.321428571428571,0.34375
"4494",0.115384615384615,0.0454545454545455,0.192307692307692,0.208333333333333,0.5
"4495",0.0416666666666667,0.05,0.291666666666667,0.214285714285714,0.708333333333333
"4496",0.0384615384615385,0.15,0.346153846153846,0.1875,0.1875
"4497",0.03125,0.0357142857142857,0.15625,0.357142857142857,0.5
"4498",0.291666666666667,0.131578947368421,0.28125,0.3,NA
"4499",0.115384615384615,0.15,0.233333333333333,0.227272727272727,0.166666666666667
"4500",0.0357142857142857,0.0454545454545455,0.0714285714285714,0.45,0.15
"4501",0.0714285714285714,0.147058823529412,0.441176470588235,0.45,NA
"4502",0.05,0.166666666666667,0.15,0.166666666666667,0.166666666666667
"4503",0.0454545454545455,0.05,0.346153846153846,0.35,0.357142857142857
"4504",0.214285714285714,0.0625,0.269230769230769,0.178571428571429,0.6875
"4505",0.0384615384615385,0.15,0.375,0.115384615384615,0.357142857142857
"4506",0.0384615384615385,0.0555555555555556,0.115384615384615,0.227272727272727,0.388888888888889
"4507",0.0555555555555556,0.136363636363636,0.166666666666667,0.125,0.423076923076923
"4508",0.0714285714285714,0.0555555555555556,0.192307692307692,0.269230769230769,0.357142857142857
"4509",NA,NA,NA,NA,NA
"4510",0.0555555555555556,0.0555555555555556,0.375,0.55,0.166666666666667
"4511",0.0555555555555556,0.03125,0.464285714285714,0.277777777777778,0.4375
"4512",0.05,0.0384615384615385,0.291666666666667,0.15,0.35
"4513",0.0416666666666667,0.15,0.34375,0.208333333333333,0.416666666666667
"4514",0.269230769230769,0.0555555555555556,0.227272727272727,0.227272727272727,0.65
"4515",0.214285714285714,0.357142857142857,0.25,0.5,0.192307692307692
"4516",0.0384615384615385,0.05,0.15,0.277777777777778,0.5
"4517",0.0416666666666667,0.208333333333333,0.3,0.366666666666667,0.125
"4518",0.115384615384615,0.0555555555555556,0.227272727272727,0.423076923076923,0.590909090909091
"4519",0.05,0.0416666666666667,0.323529411764706,0.291666666666667,0.416666666666667
"4520",0.0384615384615385,0.0714285714285714,0.1875,0.28125,0.25
"4521",0.05,0.136363636363636,0.388888888888889,0.25,0.409090909090909
"4522",0.0384615384615385,0.125,0.423076923076923,0.291666666666667,NA
"4523",0.0555555555555556,0.277777777777778,0.136363636363636,0.321428571428571,0.1
"4524",0.0833333333333333,0.0555555555555556,0.09375,0.0714285714285714,NA
"4525",0.357142857142857,0.0714285714285714,0.178571428571429,0.25,0.35
"4526",0.107142857142857,0.05,0.136363636363636,0.0555555555555556,0.785714285714286
"4527",0.0714285714285714,0.25,0.25,0.25,0.15
"4528",0.192307692307692,0.115384615384615,0.25,0.5,0.433333333333333
"4529",0.0555555555555556,0.0555555555555556,0.136363636363636,0.227272727272727,0.25
"4530",0.05,0.0384615384615385,0.184210526315789,0.388888888888889,NA
"4531",0.15,0.0714285714285714,0.441176470588235,0.3,0.3
"4532",0.0454545454545455,0.05,0.208333333333333,0.136363636363636,0.611111111111111
"4533",0.21875,0.208333333333333,0.321428571428571,0.3125,0.1875
"4534",0.125,0.269230769230769,0.55,0.15,0.45
"4535",0.166666666666667,0.25,0.0714285714285714,0.21875,0.3
"4536",0.0789473684210526,0.107142857142857,0.416666666666667,0.277777777777778,0.583333333333333
"4537",0.0384615384615385,0.0454545454545455,0.318181818181818,0.346153846153846,0.0714285714285714
"4538",0.192307692307692,0.0454545454545455,0.214285714285714,0.375,0.590909090909091
"4539",0.0555555555555556,0.35,0.366666666666667,0.178571428571429,0.8125
"4540",0.0714285714285714,0.125,0.208333333333333,0.233333333333333,0.25
"4541",0.0625,0.0454545454545455,0.15,0.208333333333333,0.05
"4542",0.125,0.208333333333333,0.208333333333333,0.0625,0.535714285714286
"4543",0.0625,0.0416666666666667,0.05,0.25,0.4375
"4544",0.136363636363636,0.136363636363636,0.291666666666667,0.1875,0.375
"4545",0.125,0.125,0.192307692307692,0.25,0.318181818181818
"4546",0.0454545454545455,0.166666666666667,0.204545454545455,0.1875,NA
"4547",0.0714285714285714,0.0555555555555556,0.15,0.15,0.541666666666667
"4548",0.0833333333333333,0.269230769230769,0.366666666666667,NA,NA
"4549",0.0384615384615385,0.0714285714285714,0.107142857142857,0.277777777777778,0.208333333333333
"4550",0.205882352941176,0.05,0.261904761904762,0.0625,NA
"4551",0.05,0.166666666666667,0.25,0.227272727272727,0.464285714285714
"4552",0.15,0.227272727272727,0.233333333333333,0.208333333333333,NA
"4553",0.0833333333333333,0.0714285714285714,0.15625,0.0882352941176471,0.409090909090909
"4554",0.0555555555555556,0.0714285714285714,0.375,0.205882352941176,0.5
"4555",0.15,0.0833333333333333,0.208333333333333,0.136363636363636,0.346153846153846
"4556",0.15,0.0357142857142857,0.09375,0.15,0.214285714285714
"4557",0.0454545454545455,0.107142857142857,0.25,0.318181818181818,0.416666666666667
"4558",0.0333333333333333,0.147058823529412,0.0384615384615385,0.166666666666667,NA
"4559",0.0238095238095238,0.05,0.270833333333333,NA,NA
"4560",0.0833333333333333,0.115384615384615,0.375,0.357142857142857,0.5
"4561",0.0454545454545455,0.0555555555555556,0.3,0.0625,0.357142857142857
"4562",0.05,0.1875,0.233333333333333,0.15,0.607142857142857
"4563",0.0625,0.0714285714285714,0.3,0.0384615384615385,0.3
"4564",0.0384615384615385,0.166666666666667,0.178571428571429,0.05,0.214285714285714
"4565",0.0416666666666667,0.0555555555555556,0.321428571428571,0.05,0.4375
"4566",0.09375,0.05,0.321428571428571,0.0625,0.5
"4567",0.166666666666667,0.0555555555555556,0.1,0.375,0.375
"4568",0.0555555555555556,0.0625,0.0416666666666667,0.318181818181818,0.05
"4569",0.125,0.0333333333333333,0.0625,0.15,0.05
"4570",0.0714285714285714,0.0714285714285714,0.321428571428571,0.423076923076923,0.227272727272727
"4571",0.136363636363636,0.136363636363636,0.361111111111111,0.115384615384615,NA
"4572",0.0416666666666667,0.166666666666667,0.458333333333333,0.35,0.25
"4573",0.125,0.214285714285714,0.346153846153846,0.269230769230769,0.375
"4574",0.166666666666667,0.291666666666667,0.214285714285714,0.264705882352941,0.4375
"4575",0.0416666666666667,0.0555555555555556,0.214285714285714,0.136363636363636,0.0625
"4576",0.0416666666666667,0.15,0.321428571428571,0.192307692307692,0.642857142857143
"4577",0.166666666666667,0.291666666666667,0.192307692307692,0.3125,0.291666666666667
"4578",0.0416666666666667,0.166666666666667,0.25,0.5625,0.4375
"4579",0.05,0.0555555555555556,0.0555555555555556,0.107142857142857,0.409090909090909
"4580",0.0789473684210526,0.107142857142857,0.0833333333333333,0.346153846153846,0.0714285714285714
"4581",0.0454545454545455,0.0357142857142857,0.25,0.4375,0.5
"4582",0.0714285714285714,0.0384615384615385,0.25,0.15625,0.375
"4583",0.0625,0.0416666666666667,0.0714285714285714,0.107142857142857,0.233333333333333
"4584",0.05,0.0625,0.277777777777778,0.392857142857143,0.388888888888889
"4585",0.0625,0.0555555555555556,0.125,0.28125,0.375
"4586",0.0416666666666667,0.0454545454545455,0.236842105263158,0.357142857142857,0.214285714285714
"4587",0.0555555555555556,0.0384615384615385,0.318181818181818,0.1875,0.35
"4588",0.0681818181818182,0.0555555555555556,0.0882352941176471,0.3,NA
"4589",0.0454545454545455,0.192307692307692,0.208333333333333,0.1875,0.611111111111111
"4590",0.0357142857142857,0.136363636363636,0.291666666666667,0.0714285714285714,0.214285714285714
"4591",0.0416666666666667,0.0714285714285714,0.590909090909091,0.136363636363636,0.3
"4592",0.05,0.138888888888889,0.291666666666667,0.192307692307692,NA
"4593",0.0416666666666667,0.1875,0.277777777777778,0.28125,0.291666666666667
"4594",0.0555555555555556,0.0714285714285714,0.269230769230769,0.346153846153846,0.28125
"4595",0.0357142857142857,0.125,0.5,0.0714285714285714,0.45
"4596",0.0416666666666667,0.0714285714285714,0.15,0.392857142857143,0.625
"4597",0.0625,0.0454545454545455,0.291666666666667,0.15,0.35
"4598",0.0454545454545455,0.166666666666667,0.3,0.21875,NA
"4599",0.136363636363636,0.269230769230769,0.40625,0.0833333333333333,0.25
"4600",0.0625,0.115384615384615,0.214285714285714,0.291666666666667,0.416666666666667
"4601",0.0294117647058824,0.0555555555555556,0.192307692307692,0.0416666666666667,NA
"4602",0.05,0.184210526315789,0.0454545454545455,0.166666666666667,0.277777777777778
"4603",0.0384615384615385,0.136363636363636,0.205882352941176,0.208333333333333,0.7
"4604",0.0384615384615385,0.0555555555555556,0.1,0.3,NA
"4605",0.0833333333333333,0.05,0.0714285714285714,0.289473684210526,0.45
"4606",0.0357142857142857,0.136363636363636,0.05,0.15,0.5
"4607",0.05,0.125,0.15,0.269230769230769,0.357142857142857
"4608",0.136363636363636,0.0333333333333333,0.136363636363636,0.227272727272727,0.388888888888889
"4609",0.166666666666667,0.0714285714285714,0.208333333333333,0.4375,0.65
"4610",0.0714285714285714,0.0416666666666667,0.375,0.25,0.5625
"4611",0.15,0.05,0.0625,0.34375,0.357142857142857
"4612",0.05,0.125,0.28125,0.4375,0.642857142857143
"4613",0.05,0.0333333333333333,0.136363636363636,0.264705882352941,0.583333333333333
"4614",0.0882352941176471,0.166666666666667,0.318181818181818,0.0714285714285714,0.357142857142857
"4615",0.0833333333333333,0.125,0.125,0.227272727272727,0.269230769230769
"4616",0.0333333333333333,0.0416666666666667,0.541666666666667,0.433333333333333,NA
"4617",0.0714285714285714,0.1875,0.166666666666667,0.5,0.5
"4618",0.0416666666666667,0.05,0.0714285714285714,0.269230769230769,0.34375
"4619",0.0357142857142857,0.131578947368421,0.115384615384615,0.0625,NA
"4620",0.0416666666666667,0.15625,0.214285714285714,0.0833333333333333,0.541666666666667
"4621",0.115384615384615,0.0714285714285714,0.184210526315789,0.192307692307692,0.416666666666667
"4622",0.0555555555555556,0.208333333333333,0.321428571428571,0.208333333333333,0.0714285714285714
"4623",0.0625,0.107142857142857,0.321428571428571,0.321428571428571,NA
"4624",0.0625,0.15,0.269230769230769,0.441176470588235,0.25
"4625",0.269230769230769,0.1,0.166666666666667,0.346153846153846,0.9
"4626",0.0555555555555556,0.0384615384615385,0.3,0.375,0.357142857142857
"4627",0.136363636363636,0.0625,0.192307692307692,0.15,0.318181818181818
"4628",0.0714285714285714,0.125,0.458333333333333,0.409090909090909,0.55
"4629",0.0416666666666667,0.15,0.05,0.423076923076923,0.833333333333333
"4630",0.05,0.0333333333333333,0.291666666666667,0.318181818181818,0.227272727272727
"4631",0.15625,0.107142857142857,0.323529411764706,0.416666666666667,0.375
"4632",0.0333333333333333,0.05,0.55,0.136363636363636,0.357142857142857
"4633",0.0416666666666667,0.136363636363636,0.136363636363636,0.291666666666667,0.55
"4634",0.0454545454545455,0.1,0.166666666666667,0.166666666666667,0.409090909090909
"4635",0.0555555555555556,0.0833333333333333,0.192307692307692,0.5625,0.5
"4636",0.0625,0.136363636363636,0.227272727272727,0.0625,0.321428571428571
"4637",0.0416666666666667,0.208333333333333,0.25,0.269230769230769,0.541666666666667
"4638",0.0357142857142857,0.0454545454545455,0.35,0.346153846153846,0.166666666666667
"4639",0.0555555555555556,0.208333333333333,0.357142857142857,0.0555555555555556,0.25
"4640",0.0714285714285714,0.125,0.35,0.227272727272727,0.25
"4641",0.0357142857142857,0.05,0.145833333333333,NA,NA
"4642",0.0882352941176471,0.05,0.357142857142857,0.115384615384615,0.277777777777778
"4643",0.0384615384615385,0.0714285714285714,0.340909090909091,0.233333333333333,NA
"4644",0.0333333333333333,0.125,0.45,0.208333333333333,0.5
"4645",0.115384615384615,0.0625,0.0625,0.25,0.653846153846154
"4646",0.0384615384615385,0.0555555555555556,0.321428571428571,0.166666666666667,0.5
"4647",0.0714285714285714,0.178571428571429,0.192307692307692,0.136363636363636,0.346153846153846
"4648",0.0555555555555556,0.0555555555555556,0.25,0.318181818181818,0.35
"4649",0.115384615384615,0.05,0.227272727272727,0.1875,0.346153846153846
"4650",0.05,0.136363636363636,0.0833333333333333,0.136363636363636,0.346153846153846
"4651",0.15625,0.03125,0.35,0.25,0.375
"4652",0.0416666666666667,0.15,0.318181818181818,0.227272727272727,0.45
"4653",0.0714285714285714,0.0555555555555556,0.233333333333333,0.409090909090909,0.55
"4654",0.0384615384615385,0.192307692307692,0.269230769230769,0.15,0.625
"4655",0.115384615384615,0.15,0.208333333333333,0.227272727272727,0.611111111111111
"4656",0.136363636363636,0.125,0.0714285714285714,0.25,0.5
"4657",0.277777777777778,0.1,0.166666666666667,0.0714285714285714,0.535714285714286
"4658",0.0555555555555556,0.125,0.375,0.318181818181818,0.375
"4659",0.115384615384615,0.0416666666666667,0.0625,0.136363636363636,0.321428571428571
"4660",0.25,0.0384615384615385,0.1875,0.318181818181818,0.5
"4661",0.0789473684210526,0.0333333333333333,0.05,0.375,0.25
"4662",0.125,0.0714285714285714,0.233333333333333,0.388888888888889,0.269230769230769
"4663",0.0384615384615385,0.0384615384615385,0.192307692307692,0.269230769230769,0.583333333333333
"4664",0.0416666666666667,0.0454545454545455,0.208333333333333,0.15,0.25
"4665",0.0555555555555556,0.0454545454545455,0.166666666666667,0.269230769230769,0.0714285714285714
"4666",0.05,0.115384615384615,0.369565217391304,0.3125,NA
"4667",0.0714285714285714,0.0454545454545455,0.346153846153846,0.192307692307692,0.5
"4668",0.115384615384615,0.0833333333333333,0.46875,0.136363636363636,0.136363636363636
"4669",0.05,0.192307692307692,0.166666666666667,0.136363636363636,0.291666666666667
"4670",0.0714285714285714,0.0555555555555556,0.323529411764706,0.269230769230769,0.357142857142857
"4671",0.178571428571429,0.0555555555555556,0.321428571428571,0.409090909090909,0.5
"4672",0.0714285714285714,0.09375,0.125,0.25,0.0454545454545455
"4673",0.15,0.0714285714285714,0.1,0.269230769230769,0.423076923076923
"4674",0.3125,0.25,0.318181818181818,0.34375,0.3125
"4675",0.131578947368421,0.0555555555555556,0.357142857142857,0.0714285714285714,0.4375
"4676",0.0416666666666667,0.03125,0.35,0.269230769230769,0.625
"4677",0.107142857142857,0.1875,0.125,0.136363636363636,0.3125
"4678",0.0454545454545455,0.0714285714285714,0.3,0.21875,0.375
"4679",0.0714285714285714,0.03125,0.166666666666667,0.25,0.388888888888889
"4680",0.0416666666666667,0.0454545454545455,0.318181818181818,0.136363636363636,0.45
"4681",0.0416666666666667,0.0416666666666667,0.3,0.416666666666667,0.3
"4682",0.0416666666666667,0.0625,0.05,0.0416666666666667,0.642857142857143
"4683",NA,NA,NA,NA,NA
"4684",0.0714285714285714,0.208333333333333,0.136363636363636,0.227272727272727,0.375
"4685",0.125,0.0714285714285714,0.277777777777778,0.346153846153846,0.227272727272727
"4686",0.115384615384615,0.3,0.388888888888889,0.291666666666667,0.5
"4687",0.0277777777777778,0.192307692307692,0.346153846153846,0.375,NA
"4688",0.138888888888889,0.166666666666667,0.0454545454545455,NA,NA
"4689",0.0384615384615385,0.125,0.205882352941176,0.357142857142857,0.5625
"4690",0.0555555555555556,0.0714285714285714,0.1875,0.166666666666667,0.416666666666667
"4691",0.0294117647058824,0.0416666666666667,0.136363636363636,0.3125,0.5
"4692",0.0416666666666667,0.184210526315789,0.208333333333333,0.318181818181818,NA
"4693",0.125,0.0454545454545455,0.318181818181818,0.208333333333333,0.611111111111111
"4694",0.0625,0.05,0.318181818181818,0.4375,0.625
"4695",0.0625,0.0714285714285714,0.366666666666667,0.227272727272727,0.34375
"4696",0.166666666666667,0.05,0.192307692307692,0.233333333333333,0.35
"4697",0.0384615384615385,0.0454545454545455,0.166666666666667,0.3125,0.388888888888889
"4698",0.0384615384615385,0.1875,0.340909090909091,0.214285714285714,NA
"4699",0.125,0.192307692307692,0.227272727272727,0.3125,0.291666666666667
"4700",0.05,0.138888888888889,0.366666666666667,0.136363636363636,NA
"4701",0.0416666666666667,0.0454545454545455,0.227272727272727,0.4375,0.357142857142857
"4702",0.0454545454545455,0.0714285714285714,0.208333333333333,0.291666666666667,0.416666666666667
"4703",0.0333333333333333,0.208333333333333,0.05,0.1875,0.25
"4704",0.0416666666666667,0.05,0.318181818181818,0.3125,0.5
"4705",0.0555555555555556,0.125,0.125,0.458333333333333,0.318181818181818
"4706",0.0294117647058824,0.0333333333333333,0.28125,0.5,NA
"4707",0.0416666666666667,0.25,0.392857142857143,0.346153846153846,0.166666666666667
"4708",0.0555555555555556,0.115384615384615,0.394736842105263,0.0625,NA
"4709",0.115384615384615,0.115384615384615,0.3125,0.192307692307692,0.541666666666667
"4710",0.125,0.1875,0.441176470588235,0.25,0.25
"4711",0.115384615384615,0.0454545454545455,0.277777777777778,0.0454545454545455,0.321428571428571
"4712",0.0555555555555556,0.0333333333333333,0.15,0.1875,0.277777777777778
"4713",0.115384615384615,0.1875,0.264705882352941,0.1875,NA
"4714",0.0714285714285714,0.166666666666667,0.21875,0.0714285714285714,0.433333333333333
"4715",0.05,0.0555555555555556,0.3,0.392857142857143,0.366666666666667
"4716",0.0555555555555556,0.25,0.09375,0.375,0.357142857142857
"4717",0.0263157894736842,0.0384615384615385,0.194444444444444,0.125,0.375
"4718",0.0416666666666667,0.0454545454545455,0.25,0.388888888888889,0.3
"4719",0.115384615384615,0.125,0.1,0.291666666666667,0.227272727272727
"4720",0.05,0.05,0.0714285714285714,0.15,0.225
"4721",0.107142857142857,0.05,0.0625,0.346153846153846,0.214285714285714
"4722",0.05,0.0625,0.0555555555555556,0.5,0.375
"4723",0.15625,0.166666666666667,0.0833333333333333,0.227272727272727,0.277777777777778
"4724",0.0882352941176471,0.166666666666667,0.208333333333333,0.166666666666667,0.277777777777778
"4725",0.125,0.0416666666666667,0.346153846153846,0.0454545454545455,0.5
"4726",0.0357142857142857,0.107142857142857,0.25,0.125,0.5
"4727",0.0357142857142857,0.05,0.35,0.136363636363636,0.0714285714285714
"4728",0.115384615384615,0.0714285714285714,0.433333333333333,0.25,0.3125
"4729",0.115384615384615,0.125,0.136363636363636,0.208333333333333,0.416666666666667
"4730",0.05,0.0555555555555556,0.0555555555555556,0.178571428571429,0.388888888888889
"4731",0.0454545454545455,0.0416666666666667,0.423076923076923,0.0714285714285714,0.576923076923077
"4732",0.0714285714285714,0.0416666666666667,0.233333333333333,0.0555555555555556,0.375
"4733",0.0416666666666667,0.269230769230769,0.25,0.25,0.388888888888889
"4734",0.0277777777777778,0.0416666666666667,0.225,0.375,0.375
"4735",0.0333333333333333,0.0454545454545455,0.282608695652174,NA,NA
"4736",0.0714285714285714,0.125,0.366666666666667,0.192307692307692,0.45
"4737",0.233333333333333,0.0714285714285714,0.1875,0.409090909090909,0.357142857142857
"4738",0.125,0.125,0.277777777777778,0.15,0.227272727272727
"4739",0.0416666666666667,0.125,0.227272727272727,0.25,0.318181818181818
"4740",0.214285714285714,0.0416666666666667,0.15,0.346153846153846,0.55
"4741",0.125,0.0357142857142857,0.214285714285714,0.0555555555555556,0.366666666666667
"4742",NA,NA,NA,NA,NA
"4743",0.0714285714285714,0.125,0.0416666666666667,0.233333333333333,0.3
"4744",0.0416666666666667,0.21875,0.357142857142857,0.0416666666666667,0.25
"4745",0.1875,0.0294117647058824,0.0555555555555556,0.277777777777778,0.166666666666667
"4746",0.0714285714285714,0.0555555555555556,0.225,0.227272727272727,0.0714285714285714
"4747",0.05,0.05,0.136363636363636,0.25,0.576923076923077
"4748",0.125,0.05,0.277777777777778,0.25,0.5
"4749",0.15,0.05,0.147058823529412,0.269230769230769,NA
"4750",0.0714285714285714,0.0357142857142857,0.204545454545455,0.75,NA
"4751",0.166666666666667,0.0714285714285714,0.375,0.3,0.458333333333333
"4752",0.15,0.125,0.3,0.05,0.458333333333333
"4753",0.0454545454545455,0.0357142857142857,0.1,NA,NA
"4754",0.0454545454545455,0.227272727272727,0.409090909090909,0.0416666666666667,0.409090909090909
"4755",0.0555555555555556,0.21875,0.392857142857143,0.192307692307692,NA
"4756",0.0555555555555556,0.0714285714285714,0.277777777777778,0.233333333333333,0.5
"4757",0.05,0.0625,0.208333333333333,0.115384615384615,0.227272727272727
"4758",0.0357142857142857,0.0555555555555556,0.15,0.318181818181818,0.5625
"4759",0.0357142857142857,0.1,0.208333333333333,0.277777777777778,NA
"4760",0.0333333333333333,0.107142857142857,0.416666666666667,0.318181818181818,0.0625
"4761",0.0454545454545455,0.166666666666667,0.208333333333333,0.34375,0.4375
"4762",0.0454545454545455,0.05,0.227272727272727,0.45,0.409090909090909
"4763",0.05,0.0555555555555556,0.0714285714285714,0.233333333333333,0.346153846153846
"4764",0.0714285714285714,0.208333333333333,0.184210526315789,0.40625,NA
"4765",0.0454545454545455,0.0714285714285714,0.5,0.125,0.0714285714285714
"4766",0.166666666666667,0.166666666666667,0.269230769230769,0.178571428571429,0.65
"4767",0.0555555555555556,0.166666666666667,0.5,0.107142857142857,NA
"4768",0.115384615384615,0.178571428571429,0.136363636363636,0.25,0.214285714285714
"4769",0.0416666666666667,0.107142857142857,0.375,0.214285714285714,NA
"4770",0.09375,0.25,0.291666666666667,0.25,0.277777777777778
"4771",0.0555555555555556,0.233333333333333,0.192307692307692,0.0454545454545455,0.409090909090909
"4772",0.05,0.125,0.318181818181818,0.409090909090909,0.45
"4773",0.0625,0.178571428571429,0.318181818181818,0.35,0.0555555555555556
"4774",0.115384615384615,0.0714285714285714,0.107142857142857,0.136363636363636,0.208333333333333
"4775",0.0555555555555556,0.0416666666666667,0.5,0.388888888888889,0.291666666666667
"4776",0.1875,0.115384615384615,0.375,0.115384615384615,0.0833333333333333
"4777",0.166666666666667,0.3125,0.28125,0.166666666666667,0.5625
"4778",0.0833333333333333,0.115384615384615,0.1,0.346153846153846,0.321428571428571
"4779",0.208333333333333,0.15625,0.1875,0.166666666666667,0.423076923076923
"4780",0.178571428571429,0.0416666666666667,0.166666666666667,0.208333333333333,0.25
"4781",0.0714285714285714,0.0555555555555556,0.269230769230769,0.291666666666667,0.346153846153846
"4782",0.03125,0.05,0.208333333333333,0.166666666666667,0.4375
"4783",0.0384615384615385,0.0714285714285714,0.5,0.166666666666667,0.269230769230769
"4784",0.0384615384615385,0.0714285714285714,0.0714285714285714,0.21875,0.409090909090909
"4785",0.136363636363636,0.0555555555555556,0.136363636363636,0.269230769230769,0.166666666666667
"4786",0.192307692307692,0.107142857142857,0.318181818181818,0.277777777777778,0.25
"4787",0.05,0.03125,0.375,0.0714285714285714,0.15
"4788",0.0416666666666667,0.0714285714285714,0.192307692307692,0.366666666666667,0.642857142857143
"4789",0.0384615384615385,0.1875,0.4375,0.205882352941176,0.214285714285714
"4790",0.0714285714285714,0.0416666666666667,0.225,0.15,0.125
"4791",0.115384615384615,0.05,0.138888888888889,0.409090909090909,0.5
"4792",0.178571428571429,0.107142857142857,0.25,0.0625,0.318181818181818
"4793",NA,NA,NA,NA,NA
"4794",0.05,0.107142857142857,0.1875,0.15,0.633333333333333
"4795",0.0625,0.3,0.147058823529412,0.375,0.45
"4796",0.0384615384615385,0.0714285714285714,0.192307692307692,0.0625,0.375
"4797",0.0384615384615385,0.05,0.35,0.318181818181818,0.7
"4798",0.125,0.205882352941176,0.0454545454545455,0.214285714285714,0.5
"4799",0.0555555555555556,0.115384615384615,0.25,0.269230769230769,0.409090909090909
"4800",0.0555555555555556,0.208333333333333,0.3125,0.05,0.423076923076923
"4801",0.115384615384615,0.125,0.107142857142857,0.166666666666667,0.214285714285714
"4802",0.115384615384615,0.192307692307692,0.275,0.3,NA
"4803",0.05,0.0714285714285714,0.15625,0.227272727272727,0.346153846153846
"4804",0.05,0.0714285714285714,0.05,0.0416666666666667,0.541666666666667
"4805",0.0555555555555556,0.0555555555555556,0.125,0.227272727272727,0.458333333333333
"4806",0.0555555555555556,0.0384615384615385,0.25,0.346153846153846,0.5
"4807",0.107142857142857,0.0555555555555556,0.3125,0.3125,0.291666666666667
"4808",0.136363636363636,0.09375,0.125,0.25,0.3125
"4809",0.125,0.0625,0.366666666666667,0.566666666666667,0.3125
"4810",0.0555555555555556,0.214285714285714,0.205882352941176,0.15,0.269230769230769
"4811",0.166666666666667,0.05,0.0714285714285714,0.15,0.590909090909091
"4812",0.05,0.09375,0.15625,0.3,0.3
"4813",0.0714285714285714,0.136363636363636,0.1875,0.227272727272727,0.323529411764706
"4814",0.0555555555555556,0.0555555555555556,0.125,0.5625,0.458333333333333
"4815",0.0333333333333333,0.05,0.233333333333333,0.318181818181818,0.5
"4816",0.1875,0.0714285714285714,0.15,0.25,0.34375
"4817",0.214285714285714,0.166666666666667,0.305555555555556,0.25,0.583333333333333
"4818",0.0555555555555556,0.138888888888889,0.35,0.45,0.5
"4819",0.0714285714285714,0.1,0.125,0.1,0.416666666666667
"4820",0.025,0.0454545454545455,0.236842105263158,0.25,NA
"4821",0.09375,0.3,0.125,0.25,0.625
"4822",0.21875,0.0714285714285714,0.192307692307692,0.178571428571429,0.375
"4823",0.107142857142857,0.0625,0.136363636363636,0.392857142857143,0.277777777777778
"4824",0.05,0.214285714285714,0.404761904761905,0.3,NA
"4825",0.0555555555555556,0.0416666666666667,0.291666666666667,0.346153846153846,0.785714285714286
"4826",0.05,0.136363636363636,0.178571428571429,0.4375,0.5
"4827",0.227272727272727,0.0277777777777778,0.357142857142857,0.25,0.166666666666667
"4828",0.0625,0.0882352941176471,0.05,NA,NA
"4829",0.136363636363636,0.227272727272727,0.192307692307692,0.45,0.3
"4830",0.0357142857142857,0.0714285714285714,0.3125,0.0416666666666667,0.291666666666667
"4831",0.136363636363636,0.166666666666667,0.277777777777778,0.318181818181818,0.291666666666667
"4832",0.0357142857142857,0.0333333333333333,0.375,0.75,NA
"4833",0.0357142857142857,0.0714285714285714,0.227272727272727,0.208333333333333,0.291666666666667
"4834",0.05,0.107142857142857,0.227272727272727,0.166666666666667,0.388888888888889
"4835",0.0555555555555556,0.05,0.09375,0.192307692307692,0.208333333333333
"4836",0.0714285714285714,0.178571428571429,0.15,0.25,0.458333333333333
"4837",0.208333333333333,0.0454545454545455,0.269230769230769,0.0714285714285714,0.0833333333333333
"4838",0.0555555555555556,0.1,0.194444444444444,0.1875,NA
"4839",0.192307692307692,0.131578947368421,0.1875,0.318181818181818,0.214285714285714
"4840",0.0625,0.0454545454545455,0.0833333333333333,0.409090909090909,0.5
"4841",0.0384615384615385,0.166666666666667,0.125,0.05,NA
"4842",0.0416666666666667,0.0555555555555556,0.136363636363636,0.15625,0.388888888888889
"4843",0.125,0.0384615384615385,0.1875,0.25,0.357142857142857
"4844",0.208333333333333,0.227272727272727,0.388888888888889,0.0454545454545455,0.45
"4845",0.0294117647058824,0.1,0.5,0.375,0.5
"4846",0.0454545454545455,0.15625,0.166666666666667,0.208333333333333,0.227272727272727
"4847",0.192307692307692,0.05,0.423076923076923,0.541666666666667,0.681818181818182
"4848",0.208333333333333,0.115384615384615,0.291666666666667,0.214285714285714,0.409090909090909
"4849",0.136363636363636,0.0416666666666667,0.205882352941176,0.3,0.611111111111111
"4850",0.0333333333333333,0.3,0.125,0.433333333333333,0.5
"4851",0.136363636363636,0.0625,0.25,0.178571428571429,0.45
"4852",0.175,0.0384615384615385,0.1,0.375,0.166666666666667
"4853",0.05,0.0454545454545455,0.205882352941176,0.0384615384615385,NA
"4854",0.0882352941176471,0.35,0.05,0.233333333333333,0.75
"4855",0.125,0.0384615384615385,0.318181818181818,0.388888888888889,NA
"4856",0.0714285714285714,0.166666666666667,0.277777777777778,0.0714285714285714,0.35
"4857",0.0714285714285714,0.0714285714285714,0.275,0.21875,NA
"4858",0.107142857142857,0.0714285714285714,0.261904761904762,0.05,NA
"4859",0.125,0.125,0.1,0.291666666666667,0.5625
"4860",0.0454545454545455,0.0714285714285714,0.136363636363636,0.166666666666667,0.392857142857143
"4861",0.05,0.0416666666666667,0.208333333333333,0.25,0.0555555555555556
"4862",0.115384615384615,0.0714285714285714,0.0833333333333333,0.277777777777778,0.25
"4863",0.166666666666667,0.0333333333333333,0.1,0.05,NA
"4864",0.166666666666667,0.166666666666667,0.416666666666667,0.136363636363636,0.458333333333333
"4865",0.107142857142857,0.233333333333333,0.0555555555555556,0.388888888888889,0.277777777777778
"4866",0.0714285714285714,0.208333333333333,0.15,0.138888888888889,0.416666666666667
"4867",0.05,0.05,0.34375,0.178571428571429,0.3
"4868",0.05,0.1875,0.5625,0.388888888888889,0.321428571428571
"4869",0.05,0.25,0.166666666666667,0.277777777777778,0.25
"4870",0.115384615384615,0.0384615384615385,0.28125,0.3125,NA
"4871",0.166666666666667,0.0714285714285714,0.15625,0.208333333333333,0.388888888888889
"4872",0.194444444444444,0.107142857142857,0.21875,0.5,NA
"4873",0.0416666666666667,0.0384615384615385,0.192307692307692,0.0714285714285714,0.25
"4874",0.125,0.166666666666667,0.277777777777778,0.1875,0.346153846153846
"4875",0.0454545454545455,0.227272727272727,0.28125,0.0454545454545455,NA
"4876",NA,NA,NA,NA,NA
"4877",0.0357142857142857,0.05,0.269230769230769,0.0555555555555556,0.0714285714285714
"4878",0.0555555555555556,0.0833333333333333,0.166666666666667,0.346153846153846,0.214285714285714
"4879",0.0384615384615385,0.166666666666667,0.25,0.208333333333333,0.388888888888889
"4880",0.166666666666667,0.136363636363636,0.318181818181818,0.15,0.541666666666667
"4881",0.0454545454545455,0.192307692307692,0.115384615384615,0.214285714285714,0.136363636363636
"4882",0.0555555555555556,0.125,0.15,0.25,0.5
"4883",0.166666666666667,0.03125,0.318181818181818,0.321428571428571,0.357142857142857
"4884",0.166666666666667,0.166666666666667,0.125,0.227272727272727,0.4375
"4885",0.0294117647058824,0.0416666666666667,0.25,0.5,0.25
"4886",0.227272727272727,0.277777777777778,0.458333333333333,0.15625,0.416666666666667
"4887",0.136363636363636,0.0454545454545455,0.15,0.25,0.576923076923077
"4888",0.0555555555555556,0.05,0.192307692307692,0.366666666666667,0.423076923076923
"4889",0.05,0.0416666666666667,0.464285714285714,0.25,0.166666666666667
"4890",0.05,0.125,0.3125,0.208333333333333,0.318181818181818
"4891",0.0555555555555556,0.107142857142857,0.1,0.25,0.375
"4892",0.128571428571429,0.09375,0.125,0.125,NA
"4893",0.166666666666667,0.107142857142857,0.35,0.409090909090909,0.166666666666667
"4894",0.15,0.1875,0.375,0.0555555555555556,0.5
"4895",0.0238095238095238,0.0454545454545455,0.233333333333333,0.375,0.416666666666667
"4896",0.0555555555555556,0.0555555555555556,0.28125,0.208333333333333,0.3125
"4897",0.0384615384615385,0.0714285714285714,0.305555555555556,0.291666666666667,0.5
"4898",0.05,0.0384615384615385,0.166666666666667,0.15,NA
"4899",0.0833333333333333,0.166666666666667,0.388888888888889,0.25,0.3
"4900",0.0714285714285714,0.1,0.0416666666666667,0.291666666666667,0.25
"4901",0.0625,0.0714285714285714,0.178571428571429,0.115384615384615,0.318181818181818
"4902",0.0357142857142857,0.0555555555555556,0.166666666666667,0.05,0.346153846153846
"4903",0.115384615384615,0.227272727272727,0.1875,0.28125,0.277777777777778
"4904",0.0357142857142857,0.0714285714285714,0.0714285714285714,0.25,0.392857142857143
"4905",0.0625,0.115384615384615,0.35,0.3125,0.46875
"4906",0.0625,0.166666666666667,0.346153846153846,0.136363636363636,0.346153846153846
"4907",0.3125,0.115384615384615,0.277777777777778,0.277777777777778,0.346153846153846
"4908",0.208333333333333,0.184210526315789,0.115384615384615,0.166666666666667,NA
"4909",0.0714285714285714,0.0625,0.25,0.1,0.611111111111111
"4910",0.0882352941176471,0.107142857142857,0.40625,0.625,0.166666666666667
"4911",0.0416666666666667,0.115384615384615,0.25,0.166666666666667,0.125
"4912",0.0714285714285714,0.0454545454545455,0.125,0.0555555555555556,0.5
"4913",0.0333333333333333,0.05,0.166666666666667,0.35,NA
"4914",0.05,0.0555555555555556,0.25,0.227272727272727,0.416666666666667
"4915",0.0882352941176471,0.107142857142857,0.25,NA,NA
"4916",0.0625,0.1,0.227272727272727,0.4375,0.55
"4917",0.05,0.0625,0.166666666666667,0.269230769230769,0.357142857142857
"4918",0.0416666666666667,0.15,0.21875,0.357142857142857,0.208333333333333
"4919",0.125,0.05,0.25,0.35,0.45
"4920",0.0454545454545455,0.136363636363636,0.0714285714285714,0.208333333333333,0.409090909090909
"4921",0.05,0.15,0.464285714285714,0.25,0.346153846153846
"4922",0.0555555555555556,0.0555555555555556,0.136363636363636,0.125,0.323529411764706
"4923",0.166666666666667,0.0416666666666667,0.125,0.1875,0.541666666666667
"4924",0.0384615384615385,0.0333333333333333,0.321428571428571,0.3,NA
"4925",0.125,0.05,0.375,0.25,0.423076923076923
"4926",0.115384615384615,0.107142857142857,0.0625,0.0625,0.25
"4927",0.0714285714285714,0.05,0.21875,0.05,0.321428571428571
"4928",0.15,0.0625,0.388888888888889,0.291666666666667,0.361111111111111
"4929",0.0555555555555556,0.0625,0.45,0.264705882352941,0.3125
"4930",0.194444444444444,0.136363636363636,0.236842105263158,0.214285714285714,NA
"4931",0.05,0.0454545454545455,0.136363636363636,0.0555555555555556,0.5
"4932",0.0714285714285714,0.0625,0.192307692307692,0.21875,0.416666666666667
"4933",0.0416666666666667,0.125,0.115384615384615,0.25,0.208333333333333
"4934",0.0555555555555556,0.291666666666667,0.388888888888889,0.433333333333333,0.318181818181818
"4935",0.0454545454545455,0.25,0.227272727272727,0.227272727272727,0.388888888888889
"4936",0.15,0.0384615384615385,0.25,0.138888888888889,0.357142857142857
"4937",0.0714285714285714,0.15625,0.208333333333333,0.25,0.35
"4938",0.0714285714285714,0.0555555555555556,0.1875,0.115384615384615,0.233333333333333
"4939",0.0714285714285714,0.0416666666666667,0.55,0.208333333333333,0.291666666666667
"4940",0.125,0.192307692307692,0.208333333333333,0.0454545454545455,0.166666666666667
"4941",0.15,0.125,0.233333333333333,0.291666666666667,0.357142857142857
"4942",0.3,0.03125,0.227272727272727,0.21875,0.3125
"4943",0.0454545454545455,0.138888888888889,0.136363636363636,0.1875,0.1875
"4944",0.0833333333333333,0.0555555555555556,0.178571428571429,0.409090909090909,NA
"4945",0.125,0.0416666666666667,0.321428571428571,0.214285714285714,0.375
"4946",0.05,0.15,0.3,0.583333333333333,0.346153846153846
"4947",0.107142857142857,0.0714285714285714,0.4375,0.178571428571429,0.45
"4948",0.0714285714285714,0.15,0.166666666666667,0.409090909090909,0.5
"4949",0.115384615384615,0.0555555555555556,0.3,0.35,0.392857142857143
"4950",0.05,0.0714285714285714,0.275,0.166666666666667,0.227272727272727
"4951",0.0416666666666667,0.125,0.208333333333333,0.25,0.214285714285714
"4952",0.0789473684210526,0.1,0.147058823529412,0.583333333333333,NA
"4953",0.0384615384615385,0.0555555555555556,0.0714285714285714,0.45,0.291666666666667
"4954",0.0625,0.0714285714285714,0.107142857142857,0.0555555555555556,0.441176470588235
"4955",0.0384615384615385,0.291666666666667,0.357142857142857,0.4375,0.5
"4956",0.136363636363636,0.0833333333333333,0.115384615384615,0.05,0.590909090909091
"4957",0.0357142857142857,0.136363636363636,0.441176470588235,0.416666666666667,0.416666666666667
"4958",0.0384615384615385,0.166666666666667,0.166666666666667,0.277777777777778,0.5
"4959",0.03125,0.15,0.227272727272727,0.277777777777778,0.277777777777778
"4960",0.09375,0.0384615384615385,0.125,0.05,NA
"4961",0.0555555555555556,0.0714285714285714,0.192307692307692,0.25,0.361111111111111
"4962",0.0714285714285714,0.147058823529412,0.269230769230769,0.35,0.3125
"4963",0.0277777777777778,0.277777777777778,0.15,0.0714285714285714,0.423076923076923
"4964",0.0714285714285714,0.05,0.0625,0.46875,0.107142857142857
"4965",0.0416666666666667,0.0277777777777778,0.125,0.0555555555555556,0.25
"4966",0.0789473684210526,0.136363636363636,0.416666666666667,0.357142857142857,0.107142857142857
"4967",0.0454545454545455,0.214285714285714,0.227272727272727,0.09375,0.25
"4968",0.0555555555555556,0.0714285714285714,0.208333333333333,0.321428571428571,0.166666666666667
"4969",0.0555555555555556,0.0454545454545455,0.107142857142857,0.214285714285714,0.269230769230769
"4970",0.0416666666666667,0.0714285714285714,0.291666666666667,0.15,0.318181818181818
"4971",0.15,0.0555555555555556,0.208333333333333,0.269230769230769,0.5625
"4972",0.0555555555555556,0.0555555555555556,0.147058823529412,0.0714285714285714,0.192307692307692
"4973",0.09375,0.107142857142857,0.0454545454545455,0.0454545454545455,0.25
"4974",0.0454545454545455,0.0714285714285714,0.178571428571429,0.388888888888889,0.357142857142857
"4975",0.05,0.277777777777778,0.3125,0.388888888888889,0.321428571428571
"4976",0.0416666666666667,0.125,0.277777777777778,0.277777777777778,0.136363636363636
"4977",0.15,0.0416666666666667,0.458333333333333,0.25,0.3125
"4978",0.1,0.15,0.107142857142857,0.214285714285714,0.208333333333333
"4979",0.0625,0.214285714285714,0.1875,0.264705882352941,0.423076923076923
"4980",0.0294117647058824,0.166666666666667,0.346153846153846,0.166666666666667,NA
"4981",0.192307692307692,0.0454545454545455,0.357142857142857,0.15625,0.25
"4982",0.0454545454545455,0.0555555555555556,0.35,0.208333333333333,0.576923076923077
"4983",0.166666666666667,0.3125,0.3,0.375,0.3125
"4984",0.0416666666666667,0.166666666666667,0.28125,0.375,0.583333333333333
"4985",0.0555555555555556,0.147058823529412,0.291666666666667,0.5,0.214285714285714
"4986",0.178571428571429,0.15,0.34375,0.3125,NA
"4987",0.09375,0.0714285714285714,0.113636363636364,0.625,NA
"4988",0.0416666666666667,0.0625,0.0454545454545455,0.318181818181818,0.388888888888889
"4989",0.03125,0.05,0.289473684210526,0.277777777777778,NA
"4990",0.0714285714285714,0.05,0.214285714285714,0.208333333333333,0.35
"4991",0.125,0.0882352941176471,0.192307692307692,0.25,NA
"4992",0.107142857142857,0.107142857142857,0.346153846153846,0.166666666666667,0.388888888888889
"4993",0.0454545454545455,0.0625,0.178571428571429,0.227272727272727,0.25
"4994",0.125,0.0384615384615385,0.159090909090909,0.416666666666667,NA
"4995",0.0416666666666667,0.214285714285714,0.388888888888889,0.236842105263158,0.45
"4996",0.0416666666666667,0.0555555555555556,0.15,0.227272727272727,0.409090909090909
"4997",0.184210526315789,0.175,0.35,NA,NA
"4998",0.115384615384615,0.178571428571429,0.05,0.3125,0.25
"4999",0.05,0.0714285714285714,0.166666666666667,0.5,0.7
"5000",0.05,0.125,0.25,0.208333333333333,0.583333333333333
