"","V1","V2","V3","V4","V5"
"1",0.956510140294578,0.965560036741824,0.797576718792978,0.832661722945956,0.938753870618626
"2",0.973837368713691,1.00090293180576,0.995053548709508,0.908482511747137,0.902416581472601
"3",0.911469869527878,0.922586807039124,0.77979394842386,0.855993432218278,0.98741275178161
"4",0.933876943509737,0.908905075338013,0.755550201435917,0.855174960508578,0.911105486274863
"5",0.978291969286085,0.891620441640566,0.872838738245722,0.881503335901743,0.799202317747302
"6",0.911821373302238,0.91610756317201,0.822310517451399,0.735187307169128,0.792599397256361
"7",0.947563970947134,0.876577763928262,0.778528813405425,0.844651422702271,0.969852590142344
"8",0.842181627969224,0.86322783264284,0.921146305128881,0.950749621909103,0.833078673135274
"9",0.939008661419824,0.956123524096798,0.860163861596306,0.747996945222702,0.821041962272688
"10",0.919022120551986,0.907973311684222,0.798064258234958,0.606371644979831,0.760811724463556
"11",0.872973918320568,0.790450959449587,0.749835015563939,0.767271147620851,0.908862040749585
"12",0.948892164821423,0.889689224939301,0.805462819347786,0.807925106331541,0.939614558718406
"13",0.934999703249163,0.876053808201431,0.912965765114791,0.945953354907774,0.89689157215447
"14",0.954890754776178,0.866721853268826,0.938972529672267,0.904490851920758,0.76468921848929
"15",0.961665525441494,0.838178314953445,0.748174231130624,0.736250057633258,0.80025560168366
"16",0.9631935547475,0.968969103853382,0.870910889486818,0.883426315701286,0.965631635989921
"17",0.891796799975239,0.877157269622032,0.905986184596779,0.888596838585153,0.987896520690656
"18",0.965759379560269,0.955482077692125,0.946879634514568,0.796558884582969,0.810171819741701
"19",0.934423062626621,0.89087658171092,0.784145968639568,0.859094274930126,0.969814434444903
"20",0.978721950127215,0.99780086726344,0.966537478826908,0.663847233688515,0.825007915399083
"21",0.964617301901403,0.90744531708321,0.873919960349402,0.944023148221375,0.870416726465923
"22",0.942017142170088,0.758532175529506,0.724593617822432,0.816734097310494,0.941341670464252
"23",0.924798366520123,0.932404842241005,0.930617742216143,0.753296434389101,0.875697319284967
"24",0.946013345243269,0.966839798245295,0.786674052772584,0.745001080461018,0.88347042087332
"25",0.911406075753834,0.931952162406297,0.927843099934777,0.713246154384043,0.862273359858749
"26",0.913324089328496,0.922185317902059,0.858528857942604,0.759978223689027,0.811535848377524
"27",0.974313338219612,0.977462870547135,0.767663368352847,0.87193881020979,0.774773818182039
"28",0.980034983318052,0.945401489118668,0.988771900580308,0.690818708857059,0.825989141153115
"29",0.868987420988273,0.81359240650109,0.671225721894607,0.761929867027113,0.852653194135991
"30",0.95801321936859,0.827952861957065,0.749268562843034,0.821643868506528,NA
"31",0.964887140551131,0.981520799503128,0.818449510841403,0.665082833055811,0.824914374642884
"32",0.977765735303131,0.940510097303491,0.853508487654796,0.685831143742954,0.837641825146333
"33",0.898695343773259,0.930653856568927,0.833122426255517,0.826650430776495,0.900530589813163
"34",0.910473736603828,0.921043600708908,0.898297651336404,0.840236807216931,0.975804983990457
"35",0.970886189343303,0.983547728944888,0.930468668630926,0.872033833844396,0.989138689878191
"36",0.976803396810289,0.988566577407725,0.768399575426978,0.835915441534185,0.948377855509258
"37",0.971218207052401,0.958684979250831,0.899492333818246,0.729034999032642,0.829048871091705
"38",0.97505246658441,0.950843140359046,0.807064672808476,0.78439877111714,0.716009435725216
"39",0.8950425690941,0.906898774039203,0.867969865683973,0.925285688018268,0.815556200278478
"40",0.900135621366194,0.912927054921553,0.854923061013831,0.741016307758977,0.880978819676961
"41",0.970094295619904,0.989864711977371,0.741646491901308,0.787201554660875,0.926080514635202
"42",0.93977434334122,0.873339545087035,0.848165168821346,0.775953735182349,0.804998676332124
"43",0.97142719492475,0.954428864790185,0.932396964086659,0.796652756042624,0.909117424692482
"44",0.962488047186535,0.789992059875725,0.862209102645927,0.792151251702709,0.908072529055816
"45",0.975384207975265,0.877952217382952,0.757817660819387,0.745337964359486,0.837808517095565
"46",0.98318260839647,0.862772007951605,0.830211502119076,0.778428163980816,0.857444928361304
"47",0.871288873123188,0.808256955425219,0.736125245102252,0.750584144477013,0.883386358719939
"48",0.947791553083279,0.960329150640292,0.736504053224218,0.830254963928823,0.948597585037096
"49",0.880295770627706,0.889301992553067,0.949239865807734,0.808519779520656,0.84598391043117
"50",0.898332895233813,0.805881578801479,0.855147354075093,0.907518864281219,0.941746180763509
"51",0.923153891263995,0.934539292323253,0.710995270909709,0.714443221717681,0.856592639458188
"52",0.978966529522981,0.867680826113766,0.894851010024471,0.881381526833803,0.899064619984507
"53",0.952521224426404,0.877038484454774,0.686104263014638,0.736179553202981,0.849128131677181
"54",0.903533508991134,0.836995139723906,0.676130549777771,0.774795675614747,0.903383485748415
"55",0.938787009684039,0.936671035723574,0.803323839278653,0.865413394614007,NA
"56",0.965649645215066,0.910622564720237,0.781357820693911,0.673374375770817,0.778037571341197
"57",0.89610598437674,0.802495460998414,0.804709683643421,0.78518896618454,0.906351035436546
"58",0.864592634328994,0.870736203389761,0.738759841201371,0.848112082228997,0.918505399577214
"59",0.970036348531318,0.92484490553319,0.96543882401408,0.637481384749088,0.759465739393822
"60",0.943095715209022,0.95502796272696,0.965307299480399,0.866127583403587,0.928316770084264
"61",0.977293778269146,0.918500407096585,0.973853235617897,0.834957628083906,0.716067304414726
"62",0.947424706215234,0.881544503027916,0.671871167953113,0.719408274706929,0.841177423752956
"63",0.972857552878186,0.900860406577765,0.749987578577214,0.808979451212624,0.792108963682895
"64",0.943691510142387,0.808406401928928,0.871764013658996,0.841310927298366,0.941267617206237
"65",0.967904413939605,0.875862131012257,0.943674692170176,0.82544031901455,0.914791449857676
"66",0.962686881524873,0.897889391234556,0.764131053828663,0.838062412506822,0.938849222878147
"67",0.912034188239478,0.893390757844312,0.859584956998973,0.906589277420875,NA
"68",0.900580730900283,0.883517771040725,0.765806478590795,0.850635891563887,0.732565553098794
"69",0.969578935841115,0.976915410452387,0.783305827773382,0.837236287240653,0.895172705103634
"70",0.898609079241718,0.882975824182647,0.662589375188026,0.748692232810389,0.852266051003712
"71",0.856492482610264,0.80006196153516,0.871440227646119,0.771792950933007,0.882829232148562
"72",0.97957592647774,0.992337031393478,0.712501970458118,0.818982314464218,0.941783444645505
"73",0.965441648857037,0.931352589747427,0.933411429436396,0.839551248155288,0.860145560582509
"74",0.910618818314621,0.917786468987433,0.989832009311689,0.796794496044895,0.947155190497335
"75",0.965126666720324,0.981993735823298,0.927657835440985,1.00372225636862,0.840584982175766
"76",0.935107192058134,0.901319459501821,0.953800845912232,0.783153544279016,0.884436550763701
"77",0.96852631767453,0.98337720902831,0.934228945633974,0.904050822412524,NA
"78",0.964029924514944,0.909916096098449,0.789309204521455,0.833257686255309,0.982645344043789
"79",0.988811299130049,0.889848211014546,0.672944281763189,0.734275631503213,0.909430493533299
"80",0.94532920585425,0.937594268020427,0.7266872331089,0.808761988445531,0.94531363269401
"81",0.945441067876918,0.943276790702514,0.786671542264451,0.730006055711273,0.877264929909667
"82",0.948093915645605,0.934721620472821,0.755536581101668,0.72805517185358,0.877544342523428
"83",0.982642531178498,0.881802294178925,0.709147089586403,0.68133578632903,0.829569527928855
"84",0.897594105955734,0.90445067315621,0.7194635230445,0.795628666429847,0.898697659947563
"85",0.982639755645319,0.837380498077441,0.725401566063172,NA,NA
"86",0.922508794718992,0.925261398148784,0.775908007890452,0.849731676311582,0.949317153823128
"87",0.917116159580667,0.919537991780108,0.712361636170302,0.80747970972471,NA
"88",0.878667275127488,0.89285803323499,0.845260735306222,0.923424713688146,0.864842468101226
"89",0.934484837525305,0.880150376386216,0.923825257758747,0.949125078679657,0.982872106700394
"90",0.967794140157858,0.95866411620156,0.954081218302927,0.734257954271372,0.801587232583479
"91",0.894513894188126,0.907506040329473,0.880999435698816,0.963403886711699,0.875704507024352
"92",0.978698470807096,0.947242742961696,0.789174281063394,0.752429111066002,0.874524907069576
"93",0.952456200045899,0.968453710640682,0.768591186048084,0.843485883287636,0.785761770821193
"94",0.917222531647844,0.811676806192097,0.801393429599863,0.891404611051108,NA
"95",0.964942949033092,0.768996753702975,0.711464019704198,0.796872064268412,0.89475152756459
"96",0.942143971563247,0.763745094069776,0.821991327226747,0.745116228641768,0.881739754981661
"97",0.966546678660628,0.704360113745436,0.752606632305844,0.848586660776369,0.892599518452887
"98",0.921212057850235,0.931692052917021,0.869169687115439,0.777148942454685,0.928271648097718
"99",0.969422183127821,0.856478242041441,0.743778330856393,0.725048827796295,0.844147190921853
"100",0.976489106806324,0.986750892407984,0.768858619495278,0.857502778771963,0.865317409638529
"101",0.97682707102179,0.985923885822736,0.89096780275247,0.765624662159556,0.883103492914677
"102",0.919303508769085,0.946103070302574,0.804974742668782,0.881587848820522,0.802726941723964
"103",0.955059581320266,0.961028676201477,0.812972474323651,0.782221409003291,0.923625212703275
"104",0.956153923143816,0.901277309320803,0.807661728477849,0.749336310520457,0.866333064709977
"105",0.97013603918323,0.993046505100782,0.803921638853103,0.67344727330017,0.833251387292659
"106",0.905843460484844,0.871842800521167,0.917317065216396,0.808294650217328,0.945976173754804
"107",0.977187580237247,0.767280716953737,0.762139299957389,0.731278932144965,NA
"108",0.962281568378011,0.971862287977484,0.804960636561875,0.836697314515821,0.882968445707876
"109",0.933892982585731,0.94055514751351,0.893451911568681,0.745371782108657,0.877790885852925
"110",0.977249013153096,0.987353945004838,0.805070750209683,0.787740432671792,NA
"111",0.889161074026861,0.90088716451669,0.679664343000932,0.769849326414163,0.897305178705879
"112",0.927165602971754,0.947781505308752,0.837887229726949,0.868541119878375,0.94596101389127
"113",0.899713930288803,0.91030112129989,0.737658600518803,0.743044275616686,0.868459499004491
"114",0.966206661715535,0.993937208220622,0.830191220528926,0.705874528704876,0.833752397531089
"115",0.979459026286949,0.824085892272112,0.876976839485755,0.704669380619362,0.80506157010372
"116",0.964661539244939,0.95833190443978,0.726168984361398,0.773326702885502,0.878959269544854
"117",0.962689280181912,0.978242421510772,0.867556844020879,0.876156435447322,0.964042076031575
"118",0.936174363524806,0.947805057426782,0.84410593359513,0.920910530737062,0.737882151298274
"119",0.949556432591801,0.968523666766306,0.78504322452896,0.847612585210022,NA
"120",0.96816465496894,0.888848474464757,0.760741918473307,0.835105173583311,0.923121853433626
"121",0.882963621002511,0.891964761576858,0.714514312131164,0.809618907604876,0.920747963028181
"122",0.899047966392282,0.912857691529752,0.9178166529144,0.86185398768482,0.822733027226133
"123",0.867061424874132,0.870470986935664,0.744068917612476,0.787168938364599,0.930933984892858
"124",0.920422853503344,0.937945842577349,0.859836551259045,0.786785058712426,0.931945884111825
"125",0.800030604758135,0.829746256854118,0.683026088375065,0.692354343451338,0.762266167663326
"126",0.968402135321268,0.908711399996987,0.802134767970544,0.662280486742123,NA
"127",0.863083740938523,0.886317377276566,0.793933059454991,0.802340555452641,0.933036305595826
"128",0.855479198431353,0.842206552410506,0.843755448134283,0.888393990358598,0.764778543224486
"129",0.938837502416836,0.849282452658347,0.877993694965445,0.912627084891612,0.951481329298984
"130",0.971134245700135,0.885953643074851,0.702219348862073,0.814610228275199,0.922529491699261
"131",0.959748444677484,0.8837897244622,0.92786433881559,0.711126638419183,0.779201593215382
"132",0.924764463655801,0.814848536165684,0.698438111518765,0.772875319585057,NA
"133",0.908789712695653,0.890917821254172,0.797987790820297,0.770143405489528,0.885522002226756
"134",0.93153833082883,0.95038366014494,0.974989331277134,0.839778297141693,0.860894181827349
"135",0.939734385258195,0.824321453602137,0.766543011118591,0.861113431253381,0.873070004465583
"136",0.937760424031877,0.833768491918845,0.898279026139751,0.728687592632728,0.860677711545343
"137",0.961094347372116,0.972601783054947,0.814420819724614,0.817242366527615,0.94225479439311
"138",0.933743471380823,0.948075618952679,0.785933997912736,0.83217343920086,0.947131344784687
"139",0.914150809335464,0.931773007131372,0.757789149525389,0.766186013838202,0.931947617786617
"140",0.940932354209422,0.908425659574769,0.74937620787663,0.72240438080872,0.854415918069241
"141",0.943953164250545,0.921659456092277,0.978301982999913,0.865283412266893,0.827000014760415
"142",0.936331947007459,0.909063426619644,0.828281967307789,0.704295899119314,0.851705674546261
"143",0.972981393429442,0.979478195369369,0.926129424220606,0.881699279226586,0.994955831468032
"144",0.925382774157119,0.93852706101598,0.902436982241358,0.767614429628618,0.891172781692079
"145",0.868053403192697,0.758005314401507,0.814658368765332,0.741210561435652,0.872227282722568
"146",0.879545203437908,0.898349639980943,0.873521424846138,0.904279668828844,0.931743920534814
"147",0.980071451420848,0.941753119820575,0.732370268795772,0.813086568537618,0.951049493466969
"148",0.896783109941765,0.887070036541289,0.639030572343113,0.732813999417585,0.868990281298882
"149",0.961107621013307,0.975458022096031,0.822090337483453,0.731222846926344,0.868493962571842
"150",0.974989288762938,0.973838321226185,0.807232849701123,0.807101301635866,0.946832797642638
"151",0.96118555897032,0.757904165320225,0.795963122681405,0.836643034423012,0.937788676759059
"152",0.90281884763844,0.82320302696832,0.686308749521679,0.787592023826247,0.902332212856605
"153",0.973275741039823,0.979871281059431,0.776154446746491,0.742120037543077,0.884423656877603
"154",0.968268680502829,0.846482156795037,0.793346933522785,0.773467377978687,NA
"155",0.972285470041123,0.671498539723599,0.755298089972639,0.79166267684858,0.819995577242841
"156",0.927852479385211,0.955769559510012,0.924377144347472,0.838212900915487,0.890744124505497
"157",0.93398862358608,0.952548992417842,0.928871309403444,0.785223839534683,0.895258558643726
"158",0.897117897662326,0.910569800240861,0.74925294947372,0.81503644842068,0.91480923102509
"159",0.935111279826579,0.938067552209621,0.850155028829053,0.844242581403043,0.969474636769647
"160",0.827896680881712,0.84342864229511,0.732458623462331,0.819951102298929,0.933836723854487
"161",0.93940728366641,0.954318654493762,0.948664258458439,0.781469282054741,0.836145388863093
"162",0.967819520872437,0.970605807599695,1.01895461365525,0.781225405449095,0.781511575737676
"163",0.969495038207258,0.961184119105763,0.769213857226823,0.849720135556344,0.96887460558216
"164",0.831103700537168,0.845709340337253,0.926497735826806,0.819376561798875,0.931300729945934
"165",0.976118630143077,0.910944341388518,0.857403901306089,0.783547758142311,0.845774494519527
"166",0.934658523492623,0.716871219771627,0.796321012677888,0.889807539063812,0.802766389966475
"167",0.944854766444494,0.894563769838784,0.837910544485447,0.725306608240069,0.81883516629073
"168",0.960503583860025,0.956909666622496,0.718717589441634,0.80791898936772,0.802498342904172
"169",0.967968146423443,0.974287451838244,0.790408726033418,0.839243741607074,0.890170056255959
"170",0.976861588948508,0.994974433710407,0.824263255255799,0.89736918296063,NA
"171",0.981771814738405,0.889244157163372,0.83513678726515,0.824572141830111,0.775613462269551
"172",0.835498094259619,0.853772271974238,0.612262125680977,0.725392834228822,NA
"173",0.941877194482621,0.919327334618949,0.876677584673553,0.925971177042211,1.00674277757702
"174",0.970820144196056,0.923505848929358,0.687035480634559,0.765725226204797,0.865921511133971
"175",0.865218493526134,0.826950162318191,0.891534704591124,0.86699129864066,0.92823981490439
"176",0.968859847464357,0.889735653618325,0.818645900540279,0.874131307089936,1.0343913265222
"177",0.965391636698289,0.928649019843004,0.978737245446514,0.908174530003643,0.859099951889311
"178",0.941919392134384,0.928656923834728,0.755860904730371,0.77463049041739,0.822402907340293
"179",0.83408497134704,0.857508518586797,0.680391153872829,0.797557500795487,0.899952299241916
"180",0.943615780819096,0.827938779141812,0.885019622228579,0.825989133250888,0.93643329993993
"181",0.923472795333207,0.937950488668557,0.749733608121759,0.802076930950953,0.936343168787799
"182",0.961615472198594,0.789785515347215,0.8545727475703,0.885385978455375,0.99194114420995
"183",0.931620255359047,0.937617455847675,0.996261903707658,1.00458258716841,0.81779068768802
"184",0.970900165943167,0.987852508946361,0.850428303996061,0.76078244031894,0.87953013356988
"185",0.958050356893312,0.972408045170127,0.844186422569593,0.806339257901492,NA
"186",0.970950201348163,0.894875688522497,0.718643297322598,0.818903732308701,0.897152869453687
"187",0.92947351072266,0.949033675698744,0.769947455908147,0.636535331283979,NA
"188",0.952047230185724,0.9709929685296,0.876329515942198,0.782284887175786,0.908390654178732
"189",0.978377912815374,0.76477388943572,0.824652766526714,0.888961148606149,1.02175146525935
"190",0.97299526114804,0.925663175634647,0.841674551730856,0.917503093428573,NA
"191",0.944345857680486,0.924893572662358,0.788917418669384,0.870436807102264,0.978909734696094
"192",0.944146745248369,0.898668420271711,0.903514971225053,0.819358612765959,NA
"193",0.965104092139945,0.763336440607071,0.759503667010886,0.849240321815058,0.724008322565844
"194",0.936991259863861,0.934951850898691,0.866498323456747,0.766812863280039,NA
"195",0.977730522945852,0.969466533171047,0.832584693867511,0.820915895359314,0.839128602475482
"196",0.978072301465006,0.958829404009545,0.844816081530242,0.781884711320512,NA
"197",0.838833158493987,0.859739445884132,0.922037598700272,0.692607117230198,0.823677781964153
"198",0.970095207745965,0.980962978361986,0.869287302954557,0.875092126444636,0.931777736493834
"199",0.934388753158778,0.855089648335545,0.849107972106028,0.702731181946456,0.850253459280155
"200",0.864147057197379,0.849907475940845,0.76408924562995,0.823024121707674,0.947246752037215
"201",0.94662803380702,0.960373765815681,0.984271437563605,0.770216048766666,0.837603991117887
"202",0.976544633939901,0.97826322629173,0.768769482565557,0.842341242066883,0.978753740845536
"203",0.95026508602224,0.95705452246272,0.744340282153873,0.856801032385113,0.897882991712877
"204",0.952657342658005,0.96616064648418,0.810529463525229,0.737025092776648,0.871189508519686
"205",0.929089634715846,0.942985817158884,0.841436907116763,0.713990045776175,0.846946750608307
"206",0.828364079806017,0.827002335254198,0.902911420482234,0.881678556374745,1.00447966736885
"207",0.944494564521844,0.733445089294881,0.819841376633552,0.867934552893638,0.904342118816434
"208",0.97812134631004,0.966119211451011,0.851728029043005,0.747447683187014,0.906470355321317
"209",0.961074441740728,0.968891124518794,0.805988270337178,NA,NA
"210",0.971418251199811,0.976423156395612,0.863417214186889,0.770231957289744,0.80956372610927
"211",0.952648595807274,0.852957104302909,0.911030251827667,0.798059762810692,0.836042696815692
"212",0.827128039487968,0.839165743904756,0.742294685948907,0.786376437795302,0.873283180845421
"213",0.982325864601688,0.950249815345706,0.808071244014316,0.86095366458134,0.913888698637149
"214",0.982281953204587,0.76360886219543,0.823746976659535,0.727305917068679,0.851590031629211
"215",0.972814242228793,0.985539255166973,0.851653085084123,0.851410682950552,NA
"216",0.961118261779523,0.778736161299928,0.719674022867472,0.720743431057848,0.774793834090712
"217",0.965958377166178,0.903991181830296,0.830829436753565,0.727455693490219,0.846523319896567
"218",0.971364099631896,0.950113769759743,0.995922415596577,0.681026291824833,0.791500071042316
"219",0.961547258115503,0.959034900527219,0.87746077946661,0.761460148279012,0.867928104402183
"220",0.926905705881949,0.948400091063667,0.86375719236046,0.690544497289687,0.847530134698374
"221",0.936932654495211,0.945913408101624,0.653074019644419,0.725611387785364,0.837351725753287
"222",0.957262874029896,0.951131555306011,0.914294357194693,0.981893964199409,NA
"223",0.95570399404929,0.874489778985045,0.794976574673161,0.708742052236789,0.847748686097321
"224",0.94232664809465,0.900660955180536,0.882411737700552,0.788998676022361,0.871045239324573
"225",0.982663288093301,0.951243602096379,0.779014156372418,0.748388678799835,0.811264854984858
"226",0.940269408500452,0.956205486010581,0.566780178067021,0.687008222764917,0.802541017078152
"227",0.917332906793846,0.940815875601081,0.815893979327465,0.825564807369523,0.87188204303197
"228",0.929245318237864,0.822132276055454,0.827618427804612,0.827691789798468,0.891521780989316
"229",0.823453078453056,0.827132262960812,0.746293319264424,0.831515391843427,NA
"230",0.971855650104398,0.780072568100223,0.68472848689971,0.759479107109682,0.853491268707247
"231",0.981393026401025,0.990206629697057,0.847768753374155,0.865476998216287,0.997280130811859
"232",0.975507239641194,0.952767569467235,0.801535343932008,0.840762853719006,NA
"233",0.967729164003863,0.798568851180862,0.676438953636918,0.795875264945839,0.909693050128057
"234",0.965008577252382,0.877843897010151,0.905680031511026,0.752397813609556,0.864785517666179
"235",0.961867418565536,0.877056144935016,0.72996409954672,0.814209799208927,0.958666879464045
"236",0.961665017496084,0.874166194537414,0.878089594592494,0.901761987439255,0.982263647755234
"237",0.9796598617449,0.986312927020618,0.677669570534451,0.783970538830356,0.875257863066873
"238",0.947568343281863,0.818165215178105,0.791983141267871,0.867714711082952,0.802033198824743
"239",0.971333543452611,0.983848473935793,0.951021957224492,0.992304990937631,1.0934723051481
"240",0.936566383711851,0.961291349255627,0.947858847208683,0.827242512028206,0.930469904072047
"241",0.925974338710942,0.947120770348625,0.760256841650144,0.753932256965367,0.899521246103844
"242",0.90348445282829,0.865568350574439,0.820918424194833,0.89181397140273,NA
"243",0.92442257859543,0.92883921223522,0.816097825851594,0.867477508487466,0.943882951279867
"244",0.949458070214783,0.966387935235509,0.749771028977103,0.807319160019447,0.792323475716312
"245",0.938218118159979,0.962583800538241,0.919977690369684,0.775219321146629,0.884044746769129
"246",0.853370556555246,0.872155447977924,0.925592319397485,0.831351599298432,0.942978673284498
"247",0.845266757705867,0.862001563360627,0.799426962358748,0.817857986461944,0.921819878133311
"248",0.951613853838027,0.867780140225445,0.868039900690149,0.748368934253435,0.809877667652954
"249",0.962593766241822,0.95867905641181,1.00809447135913,0.772300499865723,0.891789421609589
"250",0.844431421477603,0.854833518837107,0.89050692254189,0.775161031442661,0.822571238132472
"251",0.942722635329182,0.949843583184177,0.855834772646807,0.784112949989483,NA
"252",0.974255223070849,0.898687436246024,0.969956918233793,0.75749535258451,0.887123134781515
"253",0.964429663195925,0.983839622819554,0.993167350456204,0.840373640299488,0.926444564521957
"254",0.964073310172865,0.884850890519049,0.903085075442065,0.725627496462399,0.765312929908935
"255",0.972846843540001,0.931824885135563,0.911659959917287,0.680763189875603,0.813311422466435
"256",0.970296457748167,0.981209460273147,0.660117905031585,0.767228915004295,0.880941596552877
"257",0.96117258625045,0.981908176365364,0.645470437510135,0.732171405088756,0.874624725972407
"258",0.861125594508199,0.88263633004444,0.744576171406674,0.788618550388683,0.973308520512809
"259",0.974127036980991,0.985015492643728,0.734557988089982,0.821461722691428,0.827672076843315
"260",0.875259031334699,0.887675290353968,0.747625376610496,0.830505808786374,0.940988695972077
"261",0.981818149444881,0.983357597032468,0.739594159387715,0.812738399653871,0.894429921390362
"262",0.962357481730708,0.977683951241332,0.938399802955813,0.685308233106931,0.755448554007866
"263",0.972231757127929,0.884588977722749,0.76675244773118,0.848935631313809,0.775803087610678
"264",0.943636416127156,0.933793889870627,0.88134961037678,0.69320711226303,0.845953857499607
"265",0.873113813257385,0.848201219746909,0.839193937608645,0.808753262167473,0.777127113719666
"266",0.920267300444341,0.888856240794427,0.943283772047496,0.992277756303572,NA
"267",0.957400750383278,0.980338394172599,0.807950172483989,0.828897327296157,0.967571400484088
"268",0.944883966714512,0.941002978832145,0.825759378355422,0.912037345827971,1.01099325751704
"269",0.942094903484066,0.880479596434655,0.813638253254235,0.860266003695396,0.982037666676445
"270",0.974886165395109,0.986086089496702,0.769274327652568,0.895156682232066,NA
"271",0.910609008729239,0.926425787545071,0.97155786147113,0.832189890948327,0.982410505548504
"272",0.939667762121987,0.823398044848585,0.7611166940807,0.705424166576709,0.838435871486491
"273",0.941356835641714,0.818574337557408,0.746312862778165,0.793785299909914,0.782716192632467
"274",0.912418512791138,0.938134527698045,0.75947581680934,0.837302780071805,0.966705552969571
"275",0.852618387686743,0.875958949190183,0.845279999891069,0.862926173636205,NA
"276",0.952011651817445,0.972943106547205,0.83280243907745,0.902793527643076,0.936040273451298
"277",0.846916828488396,0.860527961994831,0.861084688801735,0.762761460302949,0.887616658876739
"278",0.924139885398992,0.910511068636082,0.714322983927734,0.808994149683119,0.930590830699202
"279",0.928454063255487,0.828125619765809,0.803541006571771,0.866245917497114,0.792677202453122
"280",0.930377442216528,0.948576614648175,0.893152342158062,0.772470755893148,NA
"281",0.967448369186822,0.993813502323973,0.713422106362389,0.807153614280396,0.909202521154261
"282",0.973437418215574,0.935189842487655,0.91930387994005,0.795648186442214,NA
"283",0.901176448624181,0.85950843985358,0.854566443006605,0.852786293915948,NA
"284",0.895241625085522,0.756799957568727,0.750728133350218,0.766459495146674,0.793297534486775
"285",0.830836130756083,0.86123101775296,0.908064325842388,0.872019008568694,0.824162319614183
"286",0.970729745648369,0.826600027593237,0.84728863164441,0.919599401998828,0.9938735406011
"287",0.932737224397928,0.943741959043104,0.889204314823794,0.870544647883496,0.931284991706508
"288",0.965957440063911,0.989079485805706,0.869193803149605,0.890091853932312,1.00744646492411
"289",0.947386929336188,0.918453488099392,0.819019446542838,0.709517437827654,NA
"290",0.959586649349868,0.863637125461904,0.707154995253877,0.727122972873672,0.846304105554659
"291",0.992730457253459,0.970258446616346,0.875782360927745,0.825164496137423,0.92599182189486
"292",0.889829350538613,0.910573887919943,0.803781467099644,0.857275510941167,0.977504328292727
"293",0.964714980667006,0.945242351830915,0.874171937097094,0.815659061120609,0.788319090706046
"294",0.916798882888718,0.933548481706431,0.871013967845604,0.849586437868316,0.959737087972181
"295",0.946785506376255,0.910324640135338,0.782199080709519,0.836984803978063,0.770782000271017
"296",0.965433459691795,0.980961322148468,0.75397481790156,0.70527838222849,0.850553408722961
"297",0.958779545308893,0.822771526713585,0.838103665520339,0.877764576245936,0.899918106478525
"298",0.935444534670741,0.882107988441421,0.751457241261805,0.809063245064219,0.903142761328657
"299",0.963511895611134,0.91442451035101,0.743870021287056,0.739196476311148,0.888689610178893
"300",0.973196442547061,0.869775413105054,0.805903678266164,0.708752929601528,0.872229776673412
"301",0.923983520269124,0.94276639925956,0.786153640227701,0.885523721707631,0.908091284605419
"302",0.962919224922275,0.837273407847456,0.856948339156912,0.94479198808225,1.04746365984339
"303",0.953568693500335,0.969850906740391,0.878106351501001,0.773475735862478,0.915664628514303
"304",0.91258981533194,0.895112778168723,0.873698010225249,0.679860624811712,NA
"305",0.913336960239974,0.92758935928757,0.934654239996337,0.842516742912603,0.942479470128834
"306",0.945347028240019,0.882685346349402,0.802593299168721,0.884392829721505,0.977923666152832
"307",0.872904773075646,0.785475337528653,0.84269354909526,0.747178566289169,0.768500487365214
"308",0.962774531672273,0.855071726897409,0.659377401285421,0.76760439323186,0.873455453045307
"309",0.896484164356926,0.930299575610763,0.708928645822392,0.793665372420101,0.829524101813048
"310",0.915764568138851,0.789056206932428,0.857056478249407,0.930219330030984,0.921642212978485
"311",0.920558810815935,0.8926870695694,0.792006786434878,0.816627997081,0.73766580660502
"312",0.890554000384617,0.904939154233199,0.879431924777381,0.965024212029391,NA
"313",0.948110551109463,0.791494626031271,0.781525323047768,0.849617509736972,0.965605050878064
"314",0.978701788378392,0.81926403949474,0.698184977418032,0.789206086978903,0.900568704948097
"315",0.881430120950874,0.906806594562294,0.827326856458734,0.84079957404506,0.979879400486932
"316",0.961067294809403,0.972126683497232,0.784380287573827,0.836036077197362,0.936983815990596
"317",0.956786096677012,0.969068396384629,0.665966589694741,0.777689464528163,NA
"318",0.972039762091819,0.893583381302629,0.766352743613942,0.669805132309647,0.812353109995612
"319",0.943113029307029,0.97080565272632,0.850286372548374,0.820660243157092,0.897499840145155
"320",0.900108964182481,0.907568648725009,0.855900131973734,0.696882317006605,0.84545043388389
"321",0.935221951618592,0.954037450233657,0.842372505804636,0.893510747907964,0.939785513204289
"322",0.961707547366166,0.979357611766965,0.946471387793327,0.848331276034268,0.941321814427541
"323",0.955388448340737,0.94919092320364,0.77545392590783,0.787982419595683,0.913188667606552
"324",0.95649141768728,0.955156479336567,0.785303190475985,0.789370644585956,NA
"325",0.947788635876072,0.971446318307139,0.816700263882109,0.928069544486036,0.981773111507589
"326",0.945550074922994,0.890858159508541,0.931901288131547,0.868007593795747,0.894524759849889
"327",0.924928373034269,0.937658825196829,0.823872252602219,0.719672621617576,0.85977884167513
"328",0.924503376283705,0.938780951285048,0.848357746301001,0.72353000161146,0.854433555961469
"329",0.976267994015996,0.887008666112164,0.775414383306992,0.849685239978782,0.893499411131931
"330",0.985248837221354,0.725385792235239,0.814088884636611,0.849431617197932,0.966960076865308
"331",0.97688709248822,0.921004944277612,0.725994499167235,0.742085040210947,0.828820618982179
"332",0.974101228578624,0.986785260327031,0.857246827240721,0.838254000244288,0.965852706588054
"333",0.86671009651402,0.872774933243599,0.80839610314009,0.719502222155596,0.897327588890652
"334",0.937161067215257,0.963646010852719,0.742923616419278,0.754579346430724,NA
"335",0.897354088099637,0.912121577306148,0.916369681417719,0.734676152577096,0.854636387769243
"336",0.960684362775585,0.708355503674689,0.776822603228538,0.787603375322367,0.883175023312574
"337",0.945866117348168,0.920402569789729,0.768887832780152,0.840840878742314,0.834248974110738
"338",0.898051664686519,0.810821857200533,0.707285924293631,0.791559084206814,0.824460441954888
"339",0.946945113470196,0.954294128626998,0.890869228308749,0.848678538368263,NA
"340",0.937579440374631,0.947085361407331,0.927199415731441,0.824304240548711,0.891517895034797
"341",0.871227385015902,0.818607287501699,0.754888606771748,0.820512384964903,0.957648561238507
"342",0.899500729308194,0.789845433021427,0.77694900475668,0.713406609583339,0.863072497740759
"343",0.915604234822244,0.923389990415517,0.771086193903297,0.815715774076493,0.73191166152854
"344",0.949971838335378,0.963692702495065,0.667207405703476,0.734107386404385,0.861663265553232
"345",0.897444466775557,0.706115179954175,0.77603839705385,0.76421729273774,0.86281360758404
"346",0.950643750795017,0.964384278046012,0.855336391903327,0.880399509935616,NA
"347",0.948384473549558,0.959409823575184,0.849103442811177,0.934613390718688,0.896772189755262
"348",0.901734733380897,0.777344069224222,0.799568914804987,0.747612617443985,0.83550561758244
"349",0.969762496738261,0.973086041920549,0.774893806890023,0.845377840217262,0.928407313006431
"350",0.920340900738329,0.935532511634537,0.841484997346827,0.72317872597569,0.861816396401693
"351",0.978125603353348,0.981261516054085,0.734798595575564,NA,NA
"352",0.899277216707956,0.871648672990429,0.668986979795301,0.665620231707653,0.798908923968688
"353",0.93316198891245,0.943727665618119,0.796064495254884,0.802059776422584,0.880109735863408
"354",0.982067884399914,0.991389037175695,0.821987801232368,0.79566808659981,0.823582724326046
"355",0.924504549978582,0.79901797281513,0.853629371344208,0.904331778978493,0.998078118483222
"356",0.894606665704337,0.91818753279215,0.96898655246048,0.81846660533711,0.963509003502538
"357",0.892297119943151,0.916589799092062,0.932897933497028,0.829988746214929,0.948273727546338
"358",0.881864489582023,0.894995467572384,0.77786399336497,0.83566872475772,NA
"359",0.936499062685969,0.952679042365298,0.866957883352882,0.87758653389585,0.977294631988821
"360",0.941925646354183,0.958888808113097,0.843604408808304,NA,NA
"361",0.967185141155835,0.993730456706519,0.921319237176746,0.728341015023118,0.870085661649328
"362",0.913943358565482,0.872721552487992,0.838644842561884,0.916577374588291,0.830901088596147
"363",0.943469472813314,0.857087903996776,0.912494588485381,0.970291559165761,0.802319052951368
"364",0.982555507748491,0.768708059418844,0.745695395925898,0.842669999602844,0.953823703512511
"365",0.945747676352316,0.881097138006106,0.685209544288355,0.75467588261827,0.823808154620293
"366",0.968184414476397,0.929794353454835,0.820320236893246,0.677528197511101,0.758070703805297
"367",0.960937596990346,0.787625090214567,0.794509065571863,0.867039834949151,0.960481249009297
"368",0.857366861874011,0.863585215449081,0.890405901111319,0.796898967331407,0.921519455444728
"369",0.972030445218142,0.951028272195088,0.82663354440557,0.804831033163749,0.922006719622423
"370",0.978565435414322,0.922935361033753,0.883134498196782,0.848675693983576,NA
"371",0.973279630197189,0.853796474771858,0.907526072135198,0.785343470730671,0.81144596804772
"372",0.896495533103221,0.880105515750668,0.873706879390716,0.840157583548308,0.872374018504785
"373",0.927692772935095,0.937516287265798,0.907883105257831,0.874178834614007,0.858233766221456
"374",0.860488586914267,0.827609980788142,0.826718943343799,0.849431257945469,0.866373498363985
"375",0.956038348178569,0.965434870536948,0.923858730911646,0.804753088837833,0.920536953242216
"376",0.897729662202379,0.881606742081583,0.799753206473419,0.883278686457518,0.910764026259053
"377",0.970936658349646,0.980166440616397,0.874948863645179,0.859496967913689,0.914596610542794
"378",0.881089953164343,0.894514775406304,0.695267209010667,0.799582612141858,0.759010242038785
"379",0.938146169257703,0.946151616733593,0.832154448702929,0.904196079172036,NA
"380",0.955080076011731,0.977323890316175,0.73129634475564,0.806934460551815,0.881340866524157
"381",0.962955155424929,0.95233378394252,0.897995306143728,0.905801335470116,0.963845708983067
"382",0.890162146052856,0.91279451893656,0.722585951067155,0.616697925789765,0.770259520368207
"383",0.963007743236665,0.944849627284302,1.01506985785033,0.736895570831258,0.839695570083844
"384",0.902551788172103,0.890828920375822,0.712328814910454,0.702673996418658,0.835099776268801
"385",0.96338730512246,0.864838237985975,0.924181932369485,0.72228160206412,0.857018557657282
"386",0.786379511643454,0.816754373620592,0.774504627441196,0.857070328192705,0.95557323545001
"387",0.966586141020417,0.980991727850393,0.906294210513943,0.771876319400192,0.88813534092382
"388",0.970145927388424,0.765080756065267,0.844608457649707,0.707290346050075,0.810381428621944
"389",0.971951079579108,0.983609887756124,0.824197631736529,0.811190103529494,0.934307618849808
"390",0.936766602122097,0.87151835255253,0.849830768747327,0.83706426882909,0.774060338143825
"391",0.979619928818038,0.995235563523297,0.849547170423061,0.803780246994151,NA
"392",0.89885182138098,0.90506100259624,0.905684957104235,0.909646987090645,NA
"393",0.98249167959491,0.787619205938111,0.84283871688941,0.917679357910015,0.89449582906741
"394",0.895412006305404,0.862730522464068,0.885186180933126,0.766651323572549,0.884674131763948
"395",0.97106402108768,0.905276379358509,0.948452526039505,0.798915795748041,0.921946588337345
"396",0.806455982196343,0.817926250831618,0.814295209690356,0.890369361012889,1.00257183015835
"397",0.8955073085562,0.91611831619982,0.959869429621548,0.804668501147402,0.917908655934163
"398",0.918152121456313,0.941381050476969,0.954658801822605,0.771554217391791,0.824827691125111
"399",0.973266351764035,0.987177841436139,0.966971417455997,0.708608871936919,0.822080929269499
"400",0.882732111880484,0.901297729707901,0.695641433418067,0.800890334889512,0.911324133802175
"401",0.968377277825945,0.840248057140065,0.695158830171566,0.777811158911452,0.947846659497608
"402",0.973978543770123,0.922393478226206,0.737855981458885,0.835248924763877,0.924726904817403
"403",0.943302755928993,0.949919747723843,0.726911089466256,0.813077890006753,NA
"404",0.944876515641496,0.968723932863914,0.798547289100363,0.812910075895453,0.887854843487932
"405",0.958841478441294,0.94549887010502,0.788646139247149,0.889231995883633,0.93313361454106
"406",0.94482437573672,0.869844015958175,0.774419117448504,0.878214099381295,0.815372676268394
"407",0.829340008056701,0.808010628673755,0.864164288888165,0.783003966834328,0.844451844008829
"408",0.953383913828148,0.972183973518557,0.778887969470247,0.779710111499116,0.907494996112765
"409",0.97730480834502,0.880282808709414,0.881683798485893,0.817908645455118,0.91728660585478
"410",0.941893489487862,0.917331039846534,0.769125374827894,0.835502323212161,0.876598178129704
"411",0.880436167635566,0.904180261773273,0.819801406214963,0.750292053940764,NA
"412",0.976659936897383,0.879979865053361,0.913751789847684,0.683462669350736,0.765565009647677
"413",0.934569090103404,0.952079896915849,0.778529782507164,0.794773287688114,0.84275504019237
"414",0.844079845048137,0.851707179670794,0.862442542820153,0.94504906606155,1.05328179881568
"415",0.943372800829316,0.961662052435274,0.927470078325622,0.770188481896148,NA
"416",0.954527729075701,0.899228194227986,0.953610373604662,0.758522401820569,0.872181370703881
"417",0.919958263974834,0.929477532268881,0.736437601429865,0.810588185912135,0.931387123922457
"418",0.959822172716136,0.935132653856369,0.931100023878352,0.775896485099833,0.907152539271467
"419",0.957995233972554,0.757585931157384,0.760481458178386,0.774814600583755,0.867542095405726
"420",0.923833308404964,0.86717558165063,0.947039680090474,0.926711132926093,0.889026951955321
"421",0.985266523958943,0.982504033060982,0.946512035869795,0.676667485064655,0.77322424311113
"422",0.961429198107935,0.948554173661595,0.735932516123649,0.701606070457116,0.834602492896136
"423",0.908111725449327,0.924348103521398,0.80705927504147,0.780962176439544,0.889757607174113
"424",0.974618872204704,0.97731306085319,0.988008608181704,0.89378481355946,0.966206522174945
"425",0.976309205322776,0.909734533247329,0.971561767474101,0.825830686062673,0.937369125754728
"426",0.944343184329594,0.863500261551933,0.819155824048587,0.788919703679614,0.892970748067506
"427",0.924840378089075,0.940594475844781,0.941091296115676,0.81958914627619,0.738037164797372
"428",0.962700211258069,0.80800577211844,0.730420628454952,0.794325013807206,0.779106960143382
"429",0.976681947626567,0.695518371391193,0.775348851707211,0.720566540787078,0.826359824206236
"430",0.928342385556523,0.943836561004526,0.985837598248973,0.785982931004709,0.912908715198313
"431",0.964907151212202,0.96159322042547,0.807234759215239,0.744067315463212,0.86717678516151
"432",0.906782499170484,0.929106718019266,0.8655702256846,0.759122394461986,NA
"433",0.949056836773914,0.924227392281448,0.917913276550413,0.980828928586451,0.908025845685582
"434",0.963015794136155,0.931185746061299,0.765266275787098,0.853449052588887,0.805743562162653
"435",0.972840713243386,0.911847384298521,0.716852687900925,0.787381741227667,0.786245319375791
"436",0.95265095922034,0.933689971965181,0.891057277602032,0.832226419977764,0.934289113456346
"437",0.991243581833048,0.932086090728432,0.633969107096158,NA,NA
"438",0.937874861739149,0.957225326053353,0.756813466216313,0.725470106884807,0.856555315992844
"439",0.917828623289653,0.843483087864144,0.900406934622226,0.81344303948388,NA
"440",0.935246719206727,0.950789625295529,0.81117489862021,0.748822919284408,0.874171791072908
"441",0.95961264355991,0.831991833819652,0.755336541099757,0.833839468563903,NA
"442",0.812509056714369,0.824353954700835,0.762970717843176,0.746043585304262,0.861316020896456
"443",0.934512603065346,0.93890742059147,0.778921808277499,0.833642726229853,0.959376297466017
"444",0.938842507566134,0.958108164199635,0.956123326054236,0.713014979156714,0.849584231339515
"445",0.926523325782269,0.840602723020699,0.909639968956387,0.767102092245057,0.885743725905208
"446",0.938309946303831,0.705936209020974,0.768603538788607,0.85372165703185,0.926040340158385
"447",0.969741676527326,0.986565351519188,0.901192358349715,0.858102600965089,0.975485437968409
"448",0.943717674104477,0.942719802569352,0.758112581222473,0.819704259461427,0.934551465103791
"449",0.948682931968586,0.975505349223466,0.773624645221974,0.752789908574513,0.836182649649051
"450",0.96975213451268,0.913135323636671,0.667139371857349,0.765059279559678,0.848169897505752
"451",0.972551792664962,0.923050327265673,0.83757257935156,0.749231541492667,0.911558048669807
"452",0.91779687837259,0.926481105636862,0.749627645250987,0.827094354973233,0.883856240280835
"453",0.960178251542156,0.903527842880812,0.73034364804705,0.724288205615018,0.864995145768583
"454",0.961014015987144,0.819106541902992,0.667910474844623,0.746341985706866,0.847823251551249
"455",0.960711409667374,0.986488593248789,0.701585153711336,0.780753553593553,0.913172881974295
"456",0.979955967079569,0.804233118798899,0.78477907590819,0.598797705094047,0.781240939153361
"457",0.956554085479226,0.926120800768017,0.66975487648394,0.732389638095414,0.873164929973952
"458",0.896449932693882,0.913388793455717,0.759792896718018,0.68037158746409,NA
"459",0.969329699563227,0.956943503315801,0.949314591003056,0.990424326294179,0.97032184947757
"460",0.954955114067432,0.960883054679874,1.02175448226931,0.86020074789409,0.991954876548242
"461",0.971553981321354,0.952013495876326,0.899454186400534,0.806817392950123,NA
"462",0.934026173423616,0.952614749367503,0.745857152754087,0.726962479866117,0.820909032239675
"463",0.941399196984472,0.948115801482438,0.997539712199747,0.820024240526773,0.906010519106659
"464",0.975421222355132,0.984691420812393,0.860552856439057,0.819496975836994,0.821403747857285
"465",0.960588898841464,0.892349254905344,0.714882183652181,0.81909233205048,0.920187245327783
"466",0.935691098381385,0.787263802349357,0.664952970618729,0.754109099239703,0.823928641069965
"467",0.965192876070003,0.962019614435502,0.602099147664603,0.690854414802636,0.828132945455819
"468",0.985273161815286,0.864454005083777,0.911528082166436,0.871478102074678,0.946274408195438
"469",0.97895038811838,0.93565021102722,0.868306823728423,0.792904909817274,NA
"470",0.933495646600904,0.944356513059771,0.857079829264648,0.953115987528652,0.858163990551667
"471",0.965828009515181,0.975830080203542,0.77735908248891,0.818553301716895,0.825477557039885
"472",0.962367232602429,0.942024725440011,0.807517344144102,0.892146175104831,NA
"473",0.960426308775796,0.803669092205861,0.811166005750299,0.861213877424356,0.991610528950425
"474",0.958923220807241,0.768410513725818,0.749786244520837,0.813029448828379,0.928627100002799
"475",0.895423110421568,0.859693890713102,0.806049541796632,0.771006600882485,0.810589764465085
"476",0.896690613326993,0.826203737951015,0.740418967377003,0.837845523087361,0.977525530988488
"477",0.94716778251241,0.964075662907422,0.882486137704105,0.722788198702697,0.869888032498964
"478",0.980913223812877,0.934226648912794,0.839252255305214,0.853503292854569,NA
"479",0.939295224827997,0.949741517338841,0.869823874250526,0.908939834649529,NA
"480",0.952546416376497,0.951025941565261,0.880850785952938,NA,NA
"481",0.971861567245344,0.780091628929488,0.798023120250147,0.774877692277259,0.912520706841719
"482",0.969539266398935,0.985960732610223,0.749767241470686,0.826261766866492,0.924945015285962
"483",0.896797221232063,0.915620352276888,0.81477639643283,0.86864307335907,0.918333819735011
"484",0.721179975893266,0.728287036049206,0.753795564100731,0.742843577455607,0.831748663584164
"485",0.885908389058879,0.904202279703357,0.784024319743027,0.789096510532028,0.865664076483209
"486",0.943778152724247,0.936658373116663,0.868589383122281,0.938919233255003,NA
"487",0.939187311864846,0.960816741744257,0.80556473145426,0.692676300146108,0.826554836689984
"488",0.964916722745683,0.913797662275064,0.913661425727289,0.80579311361465,0.926209991171814
"489",0.921487821868362,0.939098680472825,0.782803177753323,0.833556063533423,0.934910111635775
"490",0.944072425251288,0.954772286167773,0.660712612649422,0.699174572093198,0.832936915202019
"491",0.900278600214965,0.901176977759879,0.844649854317871,0.693941790970243,0.816711774626301
"492",0.970139044925922,0.974084300486185,0.794126556205465,0.648484400994108,0.812055856736439
"493",0.920411623952144,0.887773250731331,0.963255904597317,NA,NA
"494",0.968983103572028,0.979750900943904,0.800499471537919,0.867910564555479,0.986475956003349
"495",0.91708731766501,0.932015273330052,0.722714629249685,0.826027560983555,0.799399484125004
"496",0.947316314307816,0.94895083630432,0.877563554949757,0.964417188136051,0.885018254436942
"497",0.927380271941546,0.815325727367093,0.884195133453686,0.670042922885069,0.805046030724003
"498",0.97062367438449,0.987207468977981,0.627487944638408,0.727390633782763,NA
"499",0.971650671753737,0.989799834204383,0.691838501198052,0.784060946771023,0.878745357009296
"500",0.902994580287482,0.875256159238462,0.75532129135035,0.646492018845023,NA
"501",0.924906211113246,0.947393301569348,0.810784229804384,0.818651061787447,0.945778193228401
"502",0.946922300482851,0.895706905978476,0.967068431961558,0.875284948671666,0.890935409205295
"503",0.963731848586478,0.912419381365807,0.760442298579468,0.856310373790642,NA
"504",0.895983386088371,0.867149319315524,0.744488237638777,0.770779125824843,0.890425790281482
"505",0.968104856639443,0.908454270374532,0.818699273180195,0.8880379790947,0.964995136848235
"506",0.943210699471055,0.960764894294829,0.651431432649542,0.725692423562291,0.862509556711679
"507",0.911304201285647,0.928941421408092,0.753811499930697,0.772255054273464,0.787867724257223
"508",0.94261869053169,0.957856150440046,0.898794113292994,0.861403840777569,NA
"509",0.909591088068867,0.925044120315066,0.865653585519734,0.783342142660025,0.779995972549548
"510",0.972688514466522,0.836049148329162,0.755115053604832,0.844397086817724,0.952107679509681
"511",0.965225688381598,0.976562228090671,0.806351684505333,0.736338108826664,0.877550214547668
"512",0.960244499907284,0.912305474413429,0.816248673771603,0.875700798622423,0.811435158614208
"513",0.906329028042569,0.923946929048916,0.80014895866045,0.873303783033382,0.977693374463235
"514",0.96112598647761,0.879720573757435,0.794508481837616,0.871663886578367,0.843039553188174
"515",0.963559654024056,0.969618634402634,0.782889311760355,0.800242276569301,0.818844262164185
"516",0.947283897969923,0.966701887025768,0.786919338307432,0.879015534767107,0.833079609539126
"517",0.972847400254605,0.757071328846254,0.829131277117716,0.782026322425302,0.897560579679327
"518",0.938506714726828,0.96326728708147,0.818308113691721,0.817725327628963,0.849081293280557
"519",0.975319870419552,0.780766348687712,0.771533924873678,0.784851512823375,0.819491295898962
"520",0.898963936235207,0.839249968504973,0.79511108446416,0.864220001389173,0.874333849256239
"521",0.910632045377302,0.93339966756742,0.865975004278049,0.788859556594849,0.81645992144444
"522",0.968919393711878,0.836106911962014,0.789977331154814,0.880529240502257,0.942260576717415
"523",0.930221403909106,0.953405458784313,0.989375244249888,0.958642115459718,NA
"524",0.964181453991618,0.973344351072904,0.744677207489888,0.840035001797529,0.946337231057059
"525",0.805639723575599,0.816020661181434,0.869856329264705,0.799771623774106,NA
"526",0.981113676549159,0.955349382091879,0.651438708704614,0.745511506677022,0.854670211737807
"527",0.958260514070556,0.972732675678032,0.866563947067611,0.805370644882593,0.905488140252409
"528",0.964672063150722,0.882801203105864,0.863999051417927,0.91343315235171,1.0288779221672
"529",0.901242322124187,0.872170082698089,0.874847624271357,0.834408189419696,0.941690688432206
"530",0.940405075669871,0.857142784698906,0.775283189778534,0.676905034434927,NA
"531",0.972540164266432,0.93574711852244,0.821350438402608,0.839087536519068,0.905760944628863
"532",0.957434196385802,0.982790298340882,0.735712964618557,0.822657527762011,0.943104736889519
"533",0.968068991838339,0.903012694818475,0.712818573777452,0.789631488871577,0.817936606890761
"534",0.946138888029714,0.961891136357966,1.01620833687849,0.636807736991719,0.795738856367251
"535",0.966373119629203,0.872916252233957,0.724955417701496,0.771673908343701,0.901779137828854
"536",0.926440245198236,0.942218566869373,0.951605108566787,0.933612612395513,0.989017382007448
"537",0.947578163217421,0.899710436088176,0.882912713429546,0.764201668393262,0.873558241635636
"538",0.975754958697867,0.978225519414361,0.738149405022042,0.822667700345885,0.946134052251823
"539",0.94370397461601,0.96891234270482,0.883041928167993,0.766967367778369,0.904646260194492
"540",0.943827886889432,0.730857524433925,0.806304981317701,0.835128614485271,0.898454685412132
"541",0.891486320974589,0.906510904237089,0.979806170441962,0.786471729489564,0.814686130740013
"542",0.89194107849435,0.909903836461558,0.83426554966814,0.875586861877855,0.894792613585535
"543",0.943661846475722,0.881960696454038,0.863958266750686,0.929971980475605,NA
"544",0.954189592091465,0.957174568684129,0.735149661525101,0.846036137087312,0.912914561646006
"545",0.974432002874266,0.97841711017166,0.909667142943689,0.707625579967519,NA
"546",0.965439771716202,0.943936169499273,0.754824546466149,0.745514130882022,NA
"547",0.973227519176183,0.982912023541084,0.801984897095448,0.753485189932591,0.797078889521607
"548",0.959316409683795,0.976340451483418,0.82099279536499,0.813143771940833,0.85193321910634
"549",0.96929190698757,0.991016824595914,0.754959897444171,0.850756176471963,0.892344752378378
"550",0.988912045113829,0.796344751594153,0.839117795229804,NA,NA
"551",0.834044477539687,0.789504969528417,0.845536314622188,0.824822303265755,0.826342874391558
"552",0.927387927523326,0.93350496014805,0.974887944189194,0.785164756091571,0.900654378063719
"553",0.965909637235812,0.844381369126683,0.801127313438664,0.718187216632269,0.864886277512629
"554",0.964673425281023,0.89484686142496,0.803027153815355,0.828013728350966,0.89285358946471
"555",0.957670195539908,0.872662319515107,0.850023338747817,0.922645593745442,NA
"556",0.969558112369431,0.793495753845209,0.871302878576966,0.921502334417889,0.880774199875474
"557",0.956562760193634,0.972874988925681,0.788983995730034,0.847931375675249,0.986645826426525
"558",0.903544812407712,0.905420998942255,0.861414581447152,0.778176675228073,0.886094794538189
"559",0.90993905742679,0.936864678419686,0.965992378416065,0.706169483465103,0.830802371697853
"560",0.91884603028593,0.819772789700871,0.679725286376958,0.760281124167836,0.891214615961493
"561",0.965228171511972,0.915237458691195,0.818261694614183,0.916731415141012,0.992823969760096
"562",0.956492984208044,0.925339914867887,0.754850032559078,0.808478884879168,0.769074577949476
"563",0.846245666551623,0.86348906184594,0.768859290303821,0.830357209608554,0.943465174150309
"564",0.897395986401865,0.876657855339176,0.861696859663916,0.801752539135853,NA
"565",0.96628118908679,0.91547752477485,0.882383435733564,0.77401122887816,0.918090977709692
"566",0.975348552341922,0.894281262074278,0.868772498622696,0.963271548934453,NA
"567",0.903034842757942,0.73040715251749,0.805324968595155,0.815265335052465,0.86000365640071
"568",0.841291402072597,0.849050756139118,0.91994437512835,0.823613813454418,0.75969927128723
"569",0.9668549512351,0.897552367957837,0.844931678549013,0.90753836333261,0.885612047325221
"570",0.966827528333648,0.929794399072555,0.895963506992646,0.7908537155381,0.909726836884053
"571",0.945747829776573,0.96598463541818,0.849788824158046,0.882684127384069,0.935056278380965
"572",0.930230530247815,0.944051557681369,0.84952523635557,0.823473165574509,0.952564627428296
"573",0.924454381114199,0.939320015834778,0.755567045525177,0.748284916502552,0.901444436809903
"574",0.931338426045384,0.949136907170551,0.671216138989469,0.770813550113979,0.907097184390887
"575",0.871156127399995,0.8850580032305,0.846737780195522,0.883692509905617,0.911899491367356
"576",0.975886128928131,0.9825455985734,0.807242000903943,0.904585418594834,0.841798116128898
"577",0.886266965418803,0.855645577529042,0.799571165001153,0.860355845399669,NA
"578",0.884410759002047,0.898103217171803,0.819594335616533,0.718894146696384,NA
"579",0.934803561410513,0.946861213169547,0.923355988828851,0.706813750069027,0.841347557793012
"580",0.868427555633087,0.871429613637346,0.725060349946914,0.799941366410749,0.954885370244738
"581",0.968617513441044,0.986345598399782,0.814881233251032,0.792861990304709,0.869138351912015
"582",0.911581583760508,0.933387683011191,0.771112063258114,0.853126896072563,0.87913708870045
"583",0.980639867178572,0.989738444407235,0.804947280381014,0.86322711385909,0.974356548247128
"584",0.973288911247304,0.980587866734597,0.852275468877512,0.920127795815845,1.02566183662808
"585",0.920584796402197,0.849789550104503,0.885120548882974,0.724760565435207,NA
"586",0.982398321502675,0.821516452062875,0.830467736359942,0.697260461321566,NA
"587",0.970040563963506,0.818894391200217,0.833621621241945,0.813738022293415,NA
"588",0.817853191533708,0.812050933195172,0.78302922666949,0.845649104785196,0.741183920181211
"589",0.939247872987081,0.963890263066357,0.891470112494836,0.84168211763439,0.884897658361706
"590",0.873375709251373,0.895280729625993,0.874894796559773,0.949958273800283,0.899264018133241
"591",0.805791431812102,0.833835995461611,0.849367562585745,0.783167987754808,0.754175440919116
"592",0.904369839840919,0.925305409205337,0.766776664861039,0.745890345889756,0.854672826903167
"593",0.921104370281049,0.899416544202449,0.785206415331972,0.84987418735595,0.805771856869141
"594",0.906599297590781,0.837007188591695,0.699936839606187,0.761780909185577,NA
"595",0.846223581520188,0.863030315686242,0.912844892671944,0.918163740415193,0.879408854555801
"596",0.971787229942057,0.954647476842415,0.927295376124768,0.778167133706131,0.919520102752952
"597",0.952074142872968,0.960651093481265,0.759029279101379,NA,NA
"598",0.961184394981399,0.982439442247459,0.991328191332011,0.863405719146976,0.984016637928762
"599",0.955962713195211,0.962933467869061,0.848220203125474,0.882431407757407,0.920718261152741
"600",0.974420246623345,0.962139057402763,0.739697279647697,0.826854950153886,0.890904476752973
"601",0.953778476428118,0.927537354419161,0.981733748138157,0.775857007206482,0.892568732471291
"602",0.899943957923342,0.874952034521025,0.936289727181425,0.775236878932329,0.906230203480266
"603",0.92367431106122,0.867256481465906,0.931447506070483,0.846103964177363,0.904866440688996
"604",0.961490211626072,0.971922876899139,0.817532523478908,0.879539012979279,0.948411688288651
"605",0.961103826572684,0.983439791565605,0.781382601556183,0.870818307342218,0.914091118835524
"606",0.970656997988697,0.84881234610108,0.917938294635276,0.881136798063557,0.974981664422264
"607",0.972390929449004,0.987485818613328,0.846645429653147,0.631662419434619,0.801248288624394
"608",0.968011682861221,0.844210357466515,0.835991787352253,0.794586959556284,0.895479609887979
"609",0.848050500336751,0.864492320938801,0.932196453972141,0.704609957952747,0.793846679744153
"610",0.967365790521228,0.985231748816625,0.823435048309703,0.905450996419867,0.9418720009732
"611",0.973606731724163,0.930828344224948,0.821897956795317,0.909501117422213,0.850112238176425
"612",0.899368390134329,0.85486902311351,0.915567351550071,0.903545910995173,0.898009431890244
"613",0.897448810039152,0.917385462716933,0.841627844655373,0.756633873933065,0.883354816327587
"614",0.886377212976477,0.784520738035156,0.842165973755874,0.796261040620593,0.789089117469244
"615",0.902818376978208,0.831885345436813,0.870550172471867,0.964657626181124,NA
"616",0.897104170279994,0.916809529766498,0.732978772833645,0.800921148909282,0.829828111437501
"617",0.94254170795017,0.972476409602995,0.746935772719115,0.774440749644544,0.843001533200641
"618",0.987636778594266,0.878797750546934,0.625397975046018,0.71080040198568,0.786348280832986
"619",0.961320004733672,0.894774855790136,0.959133513668242,0.880293504339653,NA
"620",0.878146837806958,0.773610300326661,0.833943226943855,0.905815556946931,NA
"621",0.981143330689559,0.922284357360605,0.935441980341644,0.862086113976982,0.864000874136672
"622",0.980331649635038,0.908069566865119,0.924729688144957,0.679961136155122,0.820610677005781
"623",0.960170710715824,0.765237588448769,0.776070511061753,0.86839713234272,NA
"624",0.910846691934799,0.9204248451381,0.946692046540503,0.850456796786692,0.953433644164823
"625",0.880537124206653,0.898911226517928,0.759575476091057,0.810419563126977,0.849539376601503
"626",0.971298738007449,0.972209399092787,0.830331260937417,0.805481622434604,0.813426030361484
"627",0.970240189608725,0.884011139183597,0.724016461252803,0.764214563139547,0.878931883373921
"628",0.976948130851289,0.97758260996751,0.755054495753748,0.782266827525411,0.903562084331954
"629",0.97704572680033,0.830491049238445,0.807514011321863,0.845918540138893,0.832844430820849
"630",0.984547992915363,0.949644515746517,0.789700432639459,0.887474730061962,NA
"631",0.975966111776579,0.952503796291538,0.653210215136308,0.756746363888838,0.894462196505112
"632",0.975982404443599,0.983775301313027,0.865984136765186,0.805024590396466,NA
"633",0.973939407507206,0.918068432355127,0.867073094639908,0.900135981010546,0.904160478674384
"634",0.944006977188404,0.929097865717578,0.827454497447719,0.874128600270366,0.904881853950012
"635",0.954085703407916,0.941078088303516,0.739398582911606,0.847198716300097,0.84318418714952
"636",0.943815935641212,0.964214894977791,0.758808959271332,0.741599874443839,NA
"637",0.948082465462519,0.781699086086472,0.843895766395264,0.849523052713102,NA
"638",0.981630509238945,0.939557702779547,0.917544330991325,0.80114409679482,0.818805618329649
"639",0.969954725114572,0.932230946342673,0.672513818149706,0.75933015485238,0.885146377150528
"640",0.908983320045869,0.886903593887111,0.736727155670835,0.77599516401045,0.916273739102815
"641",0.903895397116502,0.919533317391717,0.705626935128398,0.657131162582771,0.824138954523443
"642",0.957851771060304,0.969139249280361,0.843440238009915,0.78377145907976,0.87835021819137
"643",0.898792339534637,0.912816622526547,0.690527847554779,0.798686758159584,0.921554958929445
"644",0.974453302922176,0.699696466640081,0.678092955137734,0.783832131990315,0.812201423876759
"645",0.90736429937989,0.930052940038693,0.773768013760194,0.826457916728901,NA
"646",0.96817090390607,0.857912574762978,0.780291197080343,0.771331822429579,NA
"647",0.947774152740682,0.952406579298837,0.891429492297443,0.7947058275314,0.861014890639181
"648",0.911109731328299,0.931455324030659,0.61899481964449,0.7040323164417,0.805028422613673
"649",0.920820675482913,0.93663468460686,0.867681569074767,0.826267383545107,0.863703922179832
"650",0.966848672384028,0.978419940138234,0.808169459644339,0.775369330820492,0.910120738795752
"651",0.936553748023695,0.835765709689958,0.891856740821199,0.931743684257438,1.0027094688056
"652",0.951128530898761,0.970068649352088,0.913329783819507,0.741019286174933,0.740139723089796
"653",0.880460646590249,0.891943472618158,0.750531269720372,0.831182713515342,0.917152637837962
"654",0.946187304478695,0.980268401405111,0.847294583168971,0.873817917608802,0.923208585304696
"655",0.918828051827994,0.931660892757158,0.865855971773401,0.712485450568929,0.860883164895887
"656",0.970580268177513,0.987006675557897,0.75041994725818,0.770815429309845,NA
"657",0.902706113779214,0.916366304516063,0.843119448110842,0.894591548831378,0.930591217639443
"658",0.977504107087065,0.954848962927286,0.918416988185327,0.796035678646196,NA
"659",0.942785346849341,0.925957105527729,0.92779743719138,0.758793494816403,0.880711825401149
"660",0.978863951874915,0.997010229497598,0.892245644955034,NA,NA
"661",0.973734159515122,0.985657170967371,0.735344525646248,0.764697584460553,0.90367854711278
"662",0.955382601034994,0.835950482268109,0.713331340904727,0.797993034437842,0.830741499105681
"663",0.860702541325111,0.881361988774548,0.882549783968695,0.836093332937596,0.91355896646884
"664",0.777592774275982,0.793928010683758,0.848427825935839,0.754175862562841,NA
"665",0.957425160996915,0.971472996293787,0.904671714674382,0.851743153317454,0.905340065919569
"666",0.950753284858499,0.954716427477214,1.02019490185498,0.794704248959557,0.904604281357801
"667",0.966693828436174,0.924895545770011,0.86679011098857,0.796272774601392,NA
"668",0.971450402543038,0.971219311660143,0.773635247243078,0.774641322207901,NA
"669",0.887725347273017,0.899025507112904,0.774445666477658,0.727315155248007,0.860805947803842
"670",0.945926986320615,0.918358982622734,0.813486463921198,0.912523775338042,0.978592244447386
"671",0.900525712087294,0.769079667203899,0.830482297783092,0.914062084352801,1.05678905385493
"672",0.965685255106205,0.906632030308853,0.751970723609979,0.698399124514183,0.806799191125819
"673",0.898238398033259,0.9142746815743,0.744660668565546,0.848388189578626,0.87053250998845
"674",0.920606821583828,0.951422122713483,0.664905469747167,0.756628595046629,0.884096989658034
"675",0.824973399085446,0.776724909440589,0.834149360737012,0.669556805087613,NA
"676",0.979575227495541,0.765909842325276,0.680449385074973,0.757768650666835,0.896034142315537
"677",0.934862205230229,0.909588229956784,0.958764236292983,0.835707034866545,0.832253757992499
"678",0.974350930862588,0.986130938496118,1.01724016225153,0.76980307074117,0.781073018853419
"679",0.972194234099331,0.987849224555471,1.0018623467814,0.880034602067399,0.841768380570077
"680",0.964916503482905,0.95994094267766,0.820189007476434,0.697370646794185,0.844361487480984
"681",0.960548907426044,0.976705599307056,0.804526343762244,0.74770752048137,NA
"682",0.977383748573945,0.961083655657698,0.739751562462681,0.712686433717773,0.861825963603929
"683",0.925136337360452,0.938594696042243,0.686839375273626,0.754993359707639,0.88680248641512
"684",0.950003627337752,0.969417874248828,0.694097796946604,0.768225304864911,0.898887202238823
"685",0.956277040634496,0.96866671941743,0.664562870340972,0.746972550948669,0.776446707843176
"686",0.977878132688845,0.981177580117843,0.8171712076069,0.764848795436051,0.848982123010767
"687",0.969443318161024,0.981515868749023,0.758777271326955,0.743851604199566,0.798262944703542
"688",0.96968029351666,0.853277562337597,0.897344188511883,0.917081666451862,1.04608779867347
"689",0.910525081328862,0.928453486353047,0.976981911807587,0.859135620155204,0.861947790475202
"690",0.960873503107236,0.979407532205481,0.77411472372435,0.8006949077356,0.906015193190337
"691",0.885934750110243,0.899968834743297,0.865679738063529,0.958987816071993,0.951171020950198
"692",0.919873485753274,0.952125193786654,0.663219528079092,0.768434669019422,0.880856881597283
"693",0.964341838928996,0.986734656452576,0.878978824193171,0.778539317156381,0.880322464708924
"694",0.962994401221906,0.817403857455584,0.887654505952933,0.774706184619338,0.906542740910875
"695",0.965946721846636,0.976456241347165,0.907120435663865,0.827398127778663,NA
"696",0.887101924304708,0.900307522374073,0.88508471352841,0.931946131894491,0.941514878930146
"697",0.864193369650292,0.881912465630583,0.736918771985932,0.819636708072387,0.949284749736853
"698",0.839040599920038,0.852469538385535,0.900946011028526,0.81587915864947,0.958269295187134
"699",0.95760854417338,0.738675104085316,0.810709737916972,0.838072964816583,NA
"700",0.913282431072271,0.933642392851706,0.663857392145199,0.746510579131243,NA
"701",0.974272910237597,0.911994379970384,0.838913304256267,0.729435337038884,0.852230039912294
"702",0.930465191496761,0.941052856266114,0.89895596363078,0.738477955412004,0.755231634902054
"703",0.846197036604926,0.864336932589564,0.888939838520904,0.892334664162095,0.930290841808116
"704",0.956936196101777,0.973200892936953,0.772520755708698,0.848618697397316,0.961866757783972
"705",0.89287454215764,0.898099910970562,0.708098142408825,0.710344511269115,0.836841369008303
"706",0.981296440895126,0.959026729735595,0.692624958743276,0.776238300763665,0.908206386054474
"707",0.871546066848261,0.886148919481646,0.966629454487779,0.726800635084893,0.809568624154141
"708",0.897937975635323,0.915652173910018,0.752434516113979,0.813333067613482,0.930471960998726
"709",0.970409126127407,0.978037018845412,0.693369274853959,0.792418193880193,0.903726576875799
"710",0.982250989212429,0.973819538945905,0.840832675722931,0.878617358680734,0.974736599907648
"711",0.949654137407938,0.83669071394695,0.803268490216211,0.684028794594341,0.758715792503734
"712",0.910904108839485,0.931544443845111,0.830549273480442,0.761291289075358,0.865013135952253
"713",0.889251660605237,0.838168177563475,0.783677842032699,0.86805132549573,0.972059225966162
"714",0.896706491452202,0.910546471705842,0.748773234530972,0.794451724941122,0.89223147729802
"715",0.970633010678785,0.973354952011075,0.941398824724137,1.00240536219332,0.827715380591741
"716",0.971700158549183,0.866660024028815,0.789002920616379,0.875384466088486,0.961107101617658
"717",0.944859364730333,0.963379063072368,0.763003163532987,0.779104129746568,0.932485454102429
"718",0.940078537322625,0.875058835716951,0.932362791990801,0.827706905353254,0.969992761720443
"719",0.971436165992571,0.983297852354835,0.845949925584402,0.660144501670509,0.781122283450145
"720",0.937840221744067,0.855410256996294,0.88521023564637,0.859410441949767,0.925127167403214
"721",0.848146067975767,0.866290085149997,0.825323118948358,0.746953050923821,0.867829936957731
"722",0.9607532971452,0.880576105574035,0.800792190696887,0.888330691153544,0.86052435995324
"723",0.970751157229614,0.942329496650023,0.995798535001353,0.97600907760783,1.06752433478264
"724",0.968766349548115,0.90624502874056,0.771936718267634,0.833570075807784,0.888747214452985
"725",0.918287983905056,0.942012755475813,0.871339100813354,0.843687806694522,0.820254493878866
"726",0.949302765218735,0.973269651128533,0.891808653998183,0.834425600482367,0.805537513816708
"727",0.94951733847942,0.804010404623907,0.831317746000421,0.833192306398485,0.849794044186319
"728",0.913629850440416,0.864380912074617,0.807592868576598,0.740613373027749,NA
"729",0.960971005889686,0.980272891861662,0.745699630514829,0.750820012356361,0.876690763474464
"730",0.974224082255952,0.918482806336732,0.776671460366444,0.694063130744292,0.792613844618324
"731",0.928932215150098,0.939269230326569,0.836790996995389,0.83377858159335,0.931615178583898
"732",0.899698196302788,0.869131339991445,0.890334793134802,0.82681583327286,0.933314909928309
"733",0.941483561467758,0.880167236410608,0.93599388093376,0.798992811934706,0.894247893520525
"734",0.981045242402779,0.984672342811915,0.794454325322684,0.860670368092786,0.97560749044458
"735",0.934508992297896,0.893735320446662,0.933847070474864,0.684815695187921,0.77589354927714
"736",0.959893939650052,0.846164679857404,0.748172180968256,0.784472025669741,0.847582948087506
"737",0.933252075369173,0.949395969303056,0.823966339153379,0.829062724533313,0.901036911229221
"738",0.959832891743992,0.863733604194063,0.759207786245847,0.740490657711054,0.778066416737342
"739",0.96166955909507,0.810675122526459,0.626109358561868,0.756977934536485,0.874456838281854
"740",0.937687816925291,0.907136886053419,0.927246098605967,0.80642410899816,0.71770888881982
"741",0.963808223583652,0.854810318263696,0.835491157039886,0.801471172457995,0.880457771753042
"742",0.971298099197031,0.959353524267884,0.66622864764705,0.767681205661843,0.897597226854637
"743",0.969895956262549,0.949239272422072,0.725582551916751,0.809694025712581,0.770730139369719
"744",0.973477082061771,0.901925331057946,0.9219650967796,0.843403338254886,0.970984006883214
"745",0.954525771386484,0.968193629832513,0.875823579387284,0.919234470542359,NA
"746",0.868008989442232,0.766169472610616,0.843724976547916,0.813689356726951,0.922633811981563
"747",0.933763061410975,0.944233716087083,0.878388574211916,0.970993910836371,0.797379394967012
"748",0.973289525406284,0.952194679635036,0.856862339043855,0.671938956998754,0.786475370603648
"749",0.979825995383539,0.992322858604546,0.818821643953951,0.912381475948046,0.841178819520764
"750",0.950446444708215,0.970602391653526,0.749909986547584,0.72066002631714,0.858653159256866
"751",0.884637886231293,0.873058314998026,0.679405727400998,0.77697154356487,NA
"752",0.897557770275555,0.876643686616575,0.840408053229853,0.804498387230908,0.912308146434848
"753",0.979980037068199,0.89111887024234,0.827566838467574,0.877248901607614,NA
"754",0.896537966036289,0.812807150355762,0.717909887000059,0.712676288741111,0.885337820280909
"755",0.989520333433483,0.913873044502225,0.882902347497398,0.826371614363167,0.716251424819887
"756",0.931275043564832,0.932060446753166,0.860640555923197,0.920663329516976,0.837109454485115
"757",0.944743884132701,0.955260584838544,0.890833685316289,0.749984199871607,0.891211770595617
"758",0.939462711658718,0.9294122963886,0.879638898594434,0.795857697280949,0.744384153829775
"759",0.941756095023714,0.966057504209601,0.809698416759324,0.812123397531009,NA
"760",0.956049303352259,0.981836680206671,0.97353054372535,0.918233531748348,0.895417252413501
"761",0.970235281707186,0.980606143767309,0.97041140396533,0.874132256350269,0.972836421339184
"762",0.889441959386192,0.914336616635305,0.865253706383415,0.737101804865528,0.783214944784127
"763",0.936462036043171,0.848797544196843,0.790641374444493,0.865630198061892,0.826283624909441
"764",0.958897627617177,0.93177186138827,0.822085760431455,0.844347981346116,0.971916463961387
"765",0.964226864628048,0.980980316282973,0.931647915481152,0.694064249967609,0.801842688835827
"766",0.909163027610316,0.876627611417275,0.801131471662845,0.666752925546234,0.85169034424044
"767",0.863763483917405,0.704262851638513,0.733190486838362,0.793803933741611,0.91139508864795
"768",0.973401110278767,0.979121730310684,0.733166783706624,0.819234477473303,0.928224736136189
"769",0.816037939471561,0.756871607732342,0.716480554146571,0.813344200800276,0.872912343848061
"770",0.968646286159497,0.981520319046174,0.935849893057003,0.733889867772218,0.834942369505701
"771",0.977780331859288,0.970947045379789,1.01406917600102,0.810354484229497,0.9134051067605
"772",0.967595178808174,0.919972197959022,0.897947417386204,0.699154038263277,0.853123502010515
"773",0.803218462811988,0.820456758782312,0.851350970575027,0.707115317278796,0.840018845188679
"774",0.966111447707523,0.886096540010364,0.698790049289843,0.807718943539945,0.870618500423507
"775",0.946624046204237,0.969023090647462,0.929836393659758,0.958335317848653,1.04227566900556
"776",0.973671096709002,0.976900251525975,0.864539585736886,0.809003469291424,0.891828149561091
"777",0.92334830218363,0.944834883827333,0.798636500266044,0.879733583173445,0.978448811877812
"778",0.921691634737231,0.77473293058549,0.840532378920162,0.903592811991593,NA
"779",0.960300546746104,0.879368020422319,0.813665721937554,0.809114485019297,0.92362749816228
"780",0.870352152506181,0.881801018234623,0.936348671121506,0.89866919633813,0.754744622490448
"781",0.967506064239117,0.877013105398311,0.841001047900518,0.686018209669487,NA
"782",0.958582607557209,0.792950695906433,0.85461332866383,0.725577818967457,0.848691980298237
"783",0.958594417207572,0.967051364007943,0.719322879268721,0.768738952730416,NA
"784",0.949544709101396,0.967412843849552,0.84507816675428,0.673292997572129,0.843710981925369
"785",0.98123487190486,0.904453910455111,0.939991392524091,0.967652519175396,1.0772400993228
"786",0.943550418989048,0.949434631679808,0.874586633259076,0.766333287035274,0.863196717465763
"787",0.96695199136505,0.942016412568206,0.734572747722727,0.799856279533767,0.888324448367745
"788",0.969812641870364,0.990418905431474,0.796268441838134,0.739798308628116,NA
"789",0.925384115524014,0.927963021752221,0.821134216142003,0.711252639339421,0.848949222971179
"790",0.953344915780554,0.940905164675813,0.674114234147824,0.755185156987783,0.772662515340484
"791",0.947583538913629,0.909881132365021,0.705419502327535,NA,NA
"792",0.964375125735314,0.959376681126356,0.740215292739101,0.777244557267623,0.906851148111874
"793",0.968064782914415,0.957189611931575,1.01593561010905,0.788995830860685,0.870301216564622
"794",0.953756893984726,0.981821345344808,0.801565019402767,0.872690108172671,0.988740684873875
"795",0.861063527654329,0.879606201996518,0.827056869772568,0.696464824219688,0.79724970971909
"796",0.905576746639758,0.895562846767007,0.834243897173916,0.81111157856374,0.926627168061931
"797",0.975760540578353,0.911236944458173,0.969154110918941,0.762571800354216,0.827716599739239
"798",0.973510209878771,0.992959601717401,0.939903954594766,0.852181254534241,0.791076643408205
"799",0.881722186868528,0.75671357993813,0.838662375084067,0.847130576273695,0.721746623871446
"800",0.945629222356219,0.914337679275349,0.972774495365916,0.851364920575979,0.895729823301844
"801",0.955330157696058,0.908010493504332,0.664349751507212,0.723260058532757,0.871999805933587
"802",0.942587331423914,0.763935470716813,0.763258485336508,0.796017724505851,0.94040414558347
"803",0.887824177381332,0.907161088887704,0.700790872638278,0.785628211098216,0.90830541706553
"804",0.976260554848208,0.980902634927921,0.742483417449813,0.725254292038571,0.852235202079255
"805",0.900263970225269,0.908979059712248,0.933984468408759,0.745819168135759,0.870627354119156
"806",0.93749072541049,0.94641877204103,0.761361778422022,0.79033909894182,0.840835741399794
"807",0.964569355104763,0.893626532396264,0.930921179171353,0.749239769159231,0.870579392181709
"808",0.920019444774949,0.88739708270046,0.795694173626684,0.73648610760383,NA
"809",0.959165152719856,0.960477520086075,0.784037177935384,0.724691825738419,0.869609470957677
"810",0.960860046297118,0.975499391982441,0.872105287383259,0.896114777741747,0.935113766310882
"811",0.948487128529007,0.966388091025429,1.03597321211212,0.856679621688767,0.935493933335818
"812",0.95789739273868,0.987284793767141,0.841896728570033,0.808229453450798,NA
"813",0.964872607470791,0.975879933429188,0.962484915897302,0.777112378612641,0.899887474655492
"814",0.985211147011676,0.968147237845838,0.885086914414718,0.705356479729154,NA
"815",0.974689882007797,0.945290645068553,0.708764369552188,0.728743488873387,0.870770891539758
"816",0.912959295810322,0.928947702709236,0.894305659719446,0.738526256090174,0.877144472203129
"817",0.963664165611993,0.909437468045265,0.623422960804972,0.738643580475852,0.836443231822242
"818",0.91307865451997,0.941431820725888,0.685515974886604,0.771934842334333,0.879745068935977
"819",0.965230859945277,0.962148120485773,0.812656249903328,0.686708576296802,0.830855040935668
"820",0.951291784904946,0.896325518195836,0.947418695555277,1.02063515965325,0.804238111464578
"821",0.901627341622384,0.898776377999928,0.850476295507264,0.666604409174288,NA
"822",0.968985515293438,0.823809534459925,0.882515471753474,0.9493504269033,NA
"823",0.812706399665642,0.773116602744639,0.820419854129065,0.67628944392563,0.782774700771145
"824",0.873135384709222,0.898542139510903,0.901976912275077,0.709004848693648,NA
"825",0.860928798856632,0.823373829053572,0.866115198657164,0.828589523384352,NA
"826",0.936666522525774,0.934248086091123,0.992875436462588,0.73023099513709,0.846549669632429
"827",0.904495456259354,0.910604754654709,0.666481769052043,0.731649844594442,0.862032890067
"828",0.981698703728947,0.893213016115761,0.912105789486221,0.750596795026552,NA
"829",0.940922194724893,0.962969622910848,0.886803873097873,0.791595097373086,0.901202588378786
"830",0.864132674186805,0.891049747623305,0.946932729426356,0.79958796038061,0.917727651393765
"831",0.964019801188413,0.716917027813869,0.791181365528287,0.800960959018643,0.922868781346432
"832",0.973649609098168,0.873558866168385,0.756900844575712,0.807345465189026,NA
"833",0.975523789151465,0.965789623495246,0.850882723501752,0.844240368261438,0.969165666182712
"834",0.928523619116558,0.951165836450074,0.73864833163466,0.714967846047106,0.881294135392199
"835",0.875861996731841,0.90315296674893,0.707897335087682,0.736236028084225,NA
"836",0.927202085092442,0.873544233068258,0.863581246221379,0.79914452067563,0.882943579392952
"837",0.919873539648049,0.928107681820622,0.759317309937555,0.767749019448563,0.885409945760454
"838",0.896618310674202,0.905747317618058,0.813734936105456,0.895149238615889,1.00042887541383
"839",0.974007965079049,0.87572534849777,0.880776787337849,0.824802603204465,NA
"840",0.978119318928635,0.998012046196833,0.753633209339811,0.818136995551837,0.926755942896003
"841",0.889473305604441,0.841798484465752,0.919923825759999,0.837627599094655,0.935795105242015
"842",0.942889586137426,0.846525548419178,0.674024466560265,0.727473867036597,0.82707550160859
"843",0.969108842204198,0.974917915698337,0.782846482731872,0.8685492937777,0.979539953041261
"844",0.961187208548388,0.86490513466564,0.917857065393174,0.722304729597854,0.860092525829869
"845",0.921086729246573,0.927822160470722,0.809306999493038,0.854270084811019,0.818021430167197
"846",0.969047625684554,0.993154276731577,0.739055907780722,0.809194130256109,0.922306588253676
"847",0.959853380472654,0.975047679660732,0.964450744165376,0.870446607718746,0.779086784578407
"848",0.974135868892198,0.934925446467147,0.736136166793936,0.841749062574213,0.865940442053706
"849",0.959713161850043,0.901984754941316,0.756863856060336,0.747856709890241,NA
"850",0.974195190552345,0.830553481053526,0.879868714788693,0.750753615910486,0.733480774960443
"851",0.980077879442387,0.836224108981081,0.895993210995866,0.813342005332628,0.882001807916123
"852",0.954553883492603,0.971267155533405,0.845789447656919,0.767825110355942,NA
"853",0.945052971490478,0.931630264193798,0.726673812032586,0.839498984627234,0.813133303656002
"854",0.938063595550953,0.866513252558452,0.91970026595972,0.70928789224826,0.83631154442853
"855",0.950133860383917,0.965185225815544,0.811014730805177,0.894130849215107,NA
"856",0.952286864663823,0.968317228468961,0.874312757355516,0.889061283815861,NA
"857",0.926642639182873,0.95203584380308,0.80774215968851,0.902038375853025,0.990873423249195
"858",0.973280345002753,0.890580370165399,0.943646532972653,0.789450766109139,0.928693492991082
"859",0.945953111359879,0.836288859418151,0.88739955073187,0.77285248913466,0.818925722538168
"860",0.863716151027316,0.871918179299177,0.803752930753281,0.841035414335603,0.949757099244059
"861",0.96113008248342,0.942779747785386,0.794057578807112,0.667752778310713,0.841844453893043
"862",0.949987243418328,0.97078231053578,0.861844460534044,0.823439600315482,0.847648135478012
"863",0.852552977354309,0.868627665108044,0.849462946657989,0.800857659033455,0.916807826713859
"864",0.949333898549299,0.934612900833356,0.874182484276221,0.972129411573358,NA
"865",0.931942667485697,0.907323775551924,0.820875531890024,0.741282938962836,0.855963002509672
"866",0.91960385564156,0.933773250672733,0.75927504532696,0.767173739338041,NA
"867",0.951949827066023,0.968668665406721,1.0279184985417,0.700042371645372,0.759393411034832
"868",0.956567640715871,0.969981666007575,0.882265733503702,0.781789820296393,0.816343253459366
"869",0.954274283086983,0.775724704927588,0.69089822169156,0.764060729410378,0.89932495853735
"870",0.963928885600807,0.964137124350883,0.854591634906479,0.778822099691336,0.920797413555179
"871",0.942532781706227,0.955424812532448,1.03302546888204,0.85304843209673,0.970720330744003
"872",0.880582042178694,0.893305217106775,0.86065678420218,0.729691017776219,0.869669130526131
"873",0.974897023156503,0.935308720881304,0.959900169652695,0.714521454822912,NA
"874",0.899696591832602,0.915652841325483,0.732765960014352,0.760921456481584,0.882450009657802
"875",0.955343365185547,0.974762837745452,0.682205386197588,0.778043535769756,0.903636543341901
"876",0.943087771001586,0.960801253984896,0.867712908017327,0.78219926754206,0.904932009611971
"877",0.949630375963603,0.936053009488699,0.796705832747258,0.826391303104876,0.763685406540506
"878",0.904065488039258,0.92280574650184,0.767916581026303,0.82806378650806,NA
"879",0.892189110456046,0.917676895950692,0.943420233205139,0.827572835688897,0.915163976741418
"880",0.832305941345212,0.824674144671715,0.71341176598848,0.816026335133692,0.789827329070272
"881",0.937710040683385,0.838572040218783,0.665478427174879,0.753221673836974,0.820241800863358
"882",0.974994903716441,0.955264982759827,0.994528155726771,0.863344651721669,0.964592702808579
"883",0.921980103558855,0.938785463097856,0.982165687545182,0.847637033308173,0.985100188596132
"884",0.963071948010717,0.963669302875091,0.664668247844331,0.76743476684235,0.894625119676971
"885",0.947947410534874,0.96580229818674,0.852792948420604,0.778059051297122,0.925552278840476
"886",0.863017505787551,0.884715781217916,0.907281510341514,0.91474205650413,1.03759129645199
"887",0.926427648008022,0.817945181605647,0.783729919994336,0.838112510587014,NA
"888",0.937221099469958,0.753810908645155,0.822957964737116,0.793660615732531,0.830492769388692
"889",0.874721359318948,0.885910724619713,0.949770811718697,0.84394028879773,0.958274977522426
"890",0.930022604944492,0.928381443400306,0.903098646923068,0.820031341387313,0.901658002445244
"891",0.962785060250109,0.899425779793674,0.717161887590233,0.814380867559308,0.936412175930635
"892",0.951974690225113,0.952138963537662,0.848158390621958,0.935245801437633,1.05487781365766
"893",0.924451056616049,0.939212484062993,0.951852268005916,0.744559520465988,0.871758983238861
"894",0.942785325638385,0.963818507868786,0.854243012816356,0.802342259052895,NA
"895",0.888625144618874,0.894999357126148,0.814987503565171,0.665198893528714,0.728947987582313
"896",0.957796375755908,0.975918277643071,0.813303087945051,0.879713404209733,0.853899181258618
"897",0.964227839691083,0.933853750862823,0.809411804740176,0.850207642589634,NA
"898",0.9632387225592,0.931980218796586,0.808508042387391,0.892343572590413,0.97913219801578
"899",0.909651983889523,0.923850248015851,0.844431181824479,0.680220071668718,0.822400397605454
"900",0.958646046513675,0.975195323350981,0.975550101288613,0.805365806531655,0.868048385175541
"901",0.806369870130536,0.838869106299406,0.724474598372883,0.748951256117541,0.900093889087279
"902",0.960630362882766,0.843471503317774,0.74384421816236,0.70873085126094,0.811579539172522
"903",0.945493573071622,0.836122251489331,0.890052471892654,0.79632431907602,0.893718559678538
"904",0.948825665162808,0.970732504561958,0.863811160399903,0.769464070004528,0.898897364989331
"905",0.942314560417382,0.943864384598757,0.820279153695343,0.906292722513483,0.957109406858261
"906",0.973627069531249,0.893002067063109,0.934273775880991,0.714481419893339,0.842978783698444
"907",0.986585950680081,0.903186448551092,0.956983540329645,0.928350215513225,NA
"908",0.967204757876598,0.973469400427591,0.806581674521683,0.827898955624757,0.955960164324909
"909",0.978218603137117,0.956177177625576,0.831333909967299,0.910953208493141,NA
"910",0.940230038343891,0.957717007049962,0.868772740117893,0.870168513255592,0.866239877335275
"911",0.94410196041249,0.942191413437658,0.748591437208926,0.820517658856575,0.935427723778164
"912",0.937335019642326,0.838302905537678,0.736132010116314,0.683962707317008,0.814608189697685
"913",0.927851059912888,0.958660085417432,0.690797554513207,0.73823439271659,0.889123156398325
"914",0.93812553235892,0.846002066775582,0.885902920624958,0.713837410535498,0.75255138649383
"915",0.971732217232083,0.973497458480572,0.807658460243372,0.792890848809103,0.834318259974808
"916",0.938579168923114,0.985894280447743,0.792531812143408,0.852130876629752,0.910906782597222
"917",0.971503338760001,0.988001104141306,0.867110605046041,0.919448040817722,0.855226141099083
"918",0.98468082114058,0.981690478157572,0.753270000795136,0.853840689048426,NA
"919",0.956525190564033,0.980728975288112,0.759189675903885,0.848651118521239,0.917941547599087
"920",0.963246551983605,0.770354530285117,0.687276905844221,0.777288660455796,0.879624926636728
"921",0.985774967356173,0.971933318819344,0.911824878064301,0.934239034104559,NA
"922",0.895001322672935,0.917278999381396,0.677184309243024,0.781027094098085,0.872591230344649
"923",0.956676193758953,0.980451088598391,0.848804558066085,0.814186274796074,0.940604712438881
"924",0.863381495533259,0.876635325134769,0.911336450536517,0.811920920961637,0.905054708480934
"925",0.918104194062114,0.94533256718038,0.736568380461266,0.828348531745013,0.830618278888124
"926",0.936113340887685,0.757635530957075,0.832611402394698,0.86569572619776,0.847815025158913
"927",0.916313684934722,0.873950245843246,0.796581685363318,0.880708879749333,0.982592818164661
"928",0.963379174772965,0.957606109113404,0.628183602148681,0.741311925808972,0.884001443173198
"929",0.828407394909895,0.830669214113764,0.779841264061365,0.802012347444213,0.872003510917674
"930",0.917518649864625,0.934197765954185,0.957282195939639,0.831418329851458,0.959942243690936
"931",0.963108835971778,0.802346707805583,0.860795825320165,0.934828387665847,0.997876593191008
"932",0.93125163921888,0.944304803362591,1.00847657283033,0.755233800670056,0.826530557840277
"933",0.963684576496695,0.977000709589593,0.900110348499507,0.909386041070736,1.04539013745263
"934",0.93336736722505,0.886945674857904,0.807302278258221,0.858344229056611,0.981867422468763
"935",0.970242043582809,0.973131302498724,0.734899291650337,0.770388064357012,0.848551077681121
"936",0.974406120992701,0.955494057236358,0.832248869827601,0.864568605175611,0.977612612692368
"937",0.977064645103419,0.958314388865003,0.765255407290438,0.83170082744712,0.911303754520387
"938",0.963672713569068,0.956656711420908,0.734343531065175,0.803763382974741,0.924234267422644
"939",0.962084460581843,0.872171637081024,0.927167800260078,0.702375981791696,0.774451028565399
"940",0.931686543025249,0.940860454859708,0.917430275192206,0.63574297066743,NA
"941",0.94757018357874,0.963152187264329,0.818178904994499,0.779947695292213,0.84015424251409
"942",0.967557739865145,0.939316038797273,0.896283684307309,0.933747128268585,1.00595956406083
"943",0.936313904806574,0.770325701383218,0.813163101287414,0.687451302330006,0.806900892919091
"944",0.976536851872045,0.990097733512131,1.02503921688388,0.79533985575538,0.873263918640387
"945",0.922625233241873,0.935353878981665,0.989918077593403,0.903143099660448,NA
"946",0.922118014563603,0.899113874565654,0.766937017993918,0.812710103269176,0.937711640448701
"947",0.977634541233612,0.765008600630842,0.725563840131111,0.779368555333543,0.89075028738034
"948",0.972033564167059,0.949767834337107,0.803165800251111,0.71751068622332,0.863065217034388
"949",0.921046935565946,0.930339505484132,0.920689490732453,0.902843982769121,1.03727563410224
"950",0.925764620439055,0.870421440007,0.663930932017046,0.76733204511192,0.883901797087052
"951",0.931223169034166,0.946001506956518,0.859445066207425,0.938240279047502,NA
"952",0.89626188380299,0.800837768686679,0.843903291234681,0.692027788819513,0.834712373350553
"953",0.9601133093525,0.926878892910634,0.709832880082241,0.815048650391519,0.875476249095611
"954",0.92796899600754,0.934045282090624,0.801343765332139,0.861980855909503,0.923709354970884
"955",0.929542456779361,0.949507252324371,0.788255216624381,0.865047885521471,NA
"956",0.949084882818452,0.916736512363977,0.858750927308543,0.773141010112408,0.882693590171964
"957",0.934428987084465,0.93999541210086,0.779705729308563,0.866726285193196,0.993802603111016
"958",0.977762485852529,0.974680208578254,0.649585040445914,0.759367724466077,0.886171784345371
"959",0.974989566149953,0.924480373207441,0.83781174885924,0.924003715300384,NA
"960",0.954301349819908,0.957409981292339,1.00798001335913,0.856868479911182,0.876435347600882
"961",0.978211731516913,0.973027846147432,0.914456879440831,0.897017100790421,0.993490968835965
"962",0.94211363400932,0.95408292320028,0.821556437538281,0.809269845009062,0.916153183098462
"963",0.952405195479261,0.969610005116128,0.806802204506578,0.716106475319711,0.856742240690902
"964",0.965977289668444,0.989768524836704,0.935578728493397,0.790099729277781,0.916921866510109
"965",0.971938222225132,0.980331107967119,0.813101787227999,0.879272123092457,0.860597811521851
"966",0.933966817610906,0.913884265764025,0.848233630170529,0.856269433500726,0.985754811126841
"967",0.945652380314125,0.927527335371896,0.854846602471494,0.929806467169109,0.869693443796966
"968",0.917609766580952,0.935861231873443,0.935585493054134,1.0089295561373,0.887760744732172
"969",0.963966178775857,0.884298736924663,0.683660057563445,0.645725348182811,0.776085750630836
"970",0.962468445515816,0.881258374445739,0.828016064707648,0.861445578253974,0.976426999273361
"971",0.82128006247857,0.846912404195489,0.770310718699509,0.707219654302331,0.854309718842432
"972",0.901093509547743,0.792163345328727,0.859184660539252,0.7764825674818,0.832499071785954
"973",0.964108547104594,0.978486970816415,1.0418787532007,0.801330424653637,0.922091213144793
"974",0.959414774263564,0.952889689407663,0.669268024031402,0.768888270507914,0.884654326917452
"975",0.966386613933719,0.962807862641298,0.967132714786535,0.827932766788417,0.942814857261905
"976",0.897899544473946,0.897231306483259,0.923758184886504,0.873380064712665,0.979058645404807
"977",0.966796718614467,0.827451571374628,0.710460889016149,0.788958766908833,0.911968332544997
"978",0.940811536524118,0.954200937123022,0.861508354477897,0.921538846124501,1.0461155339859
"979",0.93677841049526,0.933041677148022,0.920066248953787,0.848100605075576,0.90298079122353
"980",0.915497203432649,0.934146856771537,0.761014179471797,0.844672477308842,NA
"981",0.939547173696822,0.929835289074121,0.768720754277684,0.80722085691217,0.849246723785254
"982",0.978795801126698,0.798313123309428,0.873279384426043,0.76654011277972,0.8416602386732
"983",0.895251227962926,0.890035159138711,0.912041350461099,0.894553921492229,0.855250112712254
"984",0.915467005779484,0.934119316425315,0.776099322813966,0.881978132348528,0.841136182416817
"985",0.834354174482349,0.855350012455972,0.816880225484886,0.888044737307592,0.897904292592949
"986",0.966682366831144,0.972572740646091,0.76082494071469,0.816486792816849,0.872750029023207
"987",0.914298598075852,0.879768380555164,0.811238827797879,0.784839166254375,NA
"988",0.976693883088015,0.890177915957148,0.821423444160422,0.655866560415287,0.843127467260333
"989",0.940930517786926,0.90704019225889,0.960352410883791,0.825740461658333,0.895906277708651
"990",0.962044776575783,0.955321033609966,0.963505061982714,0.835148803296143,0.950125780573092
"991",0.856654442194889,0.874817827982988,0.749497267778457,0.82931592435074,0.949242573659583
"992",0.973988727658615,0.969725906830542,0.914784168210098,0.870513521091763,0.981214279293097
"993",0.942823680095814,0.955328108818309,0.706715872252752,0.757979928158442,0.854174825261378
"994",0.936586205833987,0.8453040287666,0.715101441598107,0.769161461064946,0.888250697387527
"995",0.963388011469022,0.940637924805632,0.966127810487486,0.752431465522686,0.886893307536027
"996",0.960603734481054,0.96708044292792,0.772966718061974,0.715364877601193,0.828529041191754
"997",0.862472021262357,0.700154556161848,0.779786917805718,0.857478746796236,0.977445717937935
"998",0.976943910460214,0.872572879484883,0.768310829557947,0.816149698147386,0.805252075213193
"999",0.944331438982302,0.942657046133442,0.740940776326149,0.83905201845986,0.911781531180382
"1000",0.941063017360885,0.820506352843262,0.723091990731571,0.813002800253051,0.891678949394919
"1001",0.966003869465337,0.958489037164479,0.818313085962729,0.831414505705144,0.874664178106896
"1002",0.949984349311744,0.856309969694898,0.696515481360959,0.795649239613315,0.932220039078826
"1003",0.949090065503748,0.979099408193539,0.719104861952446,0.780386787399863,0.871527974026029
"1004",0.947959088840887,0.963590246494913,0.664651879646202,0.758682890070459,0.879698140540013
"1005",0.965874784959855,0.982133590204062,0.792049185913823,0.872395592940312,0.981104385762613
"1006",0.98298719468015,0.942994981803878,0.741815499033893,0.818580209749702,0.956783598857695
"1007",0.963258560747326,0.979785614403109,0.670747813191333,0.698264707762555,0.86558590363854
"1008",0.975323749240892,0.861678806707123,0.906080001948317,0.710204787683557,0.830548017570256
"1009",0.985681800326485,0.900295308774848,0.954921126887374,0.922021307497515,0.876601653601381
"1010",0.962609403864579,0.758115906132993,0.75797611653983,0.756936742705898,0.900741053700916
"1011",0.973897832725438,0.936914265364849,0.765646434547423,0.71871899950103,0.856942263452983
"1012",0.925645105378224,0.933045260824314,1.00722407968664,0.825783829152412,0.944228107275891
"1013",0.919878955684734,0.946912009418316,0.983719494968605,0.834841428790995,0.945559264594462
"1014",0.966783841405414,0.978007982426925,0.777392663333571,0.681352607405646,0.721054525440633
"1015",0.951820958350715,0.969608030065557,0.891817760580676,0.906333912464488,0.894500196381555
"1016",0.974709811668311,0.958951764718441,0.804703858588241,0.836013040833385,0.937520907705659
"1017",0.971584741225325,0.867859786337504,0.719243955854569,0.754494323258812,0.855123389093501
"1018",0.921667104427176,0.833405499687516,0.824647035062252,0.679952900900631,0.837586307662837
"1019",0.974931716061197,0.975684713680475,0.756734862124535,0.81173684195449,0.829519935043899
"1020",0.973441468421928,0.981374149171486,1.0106683074383,0.92380671580843,1.02218957184416
"1021",0.899291117274923,0.910337957969703,0.76605945656355,0.69637022726985,0.754874690168678
"1022",0.839677592603909,0.853334473900267,0.930929498178744,0.711758503402162,0.864288334949809
"1023",0.967178296190973,0.828850286602311,0.894721080571182,0.824751526526184,0.925075753334514
"1024",0.979238293765123,0.800734723346796,0.733738035175214,0.641323055091116,0.808892247252206
"1025",0.934537958313155,0.94458979067848,0.847911637226301,0.837227938555965,0.739242896335902
"1026",0.866319149169381,0.82959288900422,0.804997995506703,0.804154423386628,0.831335760705771
"1027",0.975165870295592,0.947625183489465,0.961985118752584,0.978787280769713,1.08102233105238
"1028",0.962949640788208,0.970411075035176,0.721177575483508,0.729027921289457,0.860575481882831
"1029",0.825204463637364,0.766133516543947,0.832658941369462,0.884192015838032,0.99710090734231
"1030",0.879396548012127,0.900828780185187,0.819954774812054,0.753953664304201,0.856597312447227
"1031",0.968127259637537,0.920648772527041,0.724847171270147,0.706130117051755,0.791124086725826
"1032",0.902843708626995,0.911500157461221,0.660693321025145,0.6444262148941,0.816002096387872
"1033",0.879551851832057,0.899437106712505,0.740231890868577,0.675383817237018,0.831547346591363
"1034",0.955435516023757,0.887999848426984,0.712648631415869,0.810255977812318,0.920907072895353
"1035",0.96413616103114,0.975991342840603,0.712138585940973,0.821163315932646,0.789081949683425
"1036",0.865876940125519,0.888308999716795,0.899515185218267,0.739548747949399,0.83469458305022
"1037",0.973191280353984,0.864191093645137,0.818942850316717,0.766137505376026,0.869624846865548
"1038",0.91463872353173,0.941188897736256,0.890941838929502,0.70824218347215,0.833163819816691
"1039",0.968336036973902,0.892481558233168,0.888765647839999,0.969141037756245,0.995808887073124
"1040",0.978098328334851,0.986124427204293,0.795706130964904,0.754323862479798,0.879836521971427
"1041",0.970437170166673,0.936341352757702,0.874633438536679,0.649312813758378,0.752570873324318
"1042",0.939110131321106,0.817297862900416,0.776484985450311,0.675717698167928,0.820836169691473
"1043",0.959705506678119,0.985085090138413,0.740866151321843,0.848503295897018,0.833468883816933
"1044",0.962900633691392,0.935447275400015,0.790894432026609,0.713035002604519,0.87078967488874
"1045",0.964635617987953,0.842175806648998,0.85381599191942,0.936559961311882,0.914048581835
"1046",0.926960518554113,0.948397340528532,0.899348892395288,0.73141829120005,NA
"1047",0.979993609991337,0.913657002847296,0.813276816693905,0.871154129436093,1.00995012231865
"1048",0.962416706819409,0.788995653275679,0.852897697138636,0.92355292513058,1.01910891745253
"1049",0.902135014766929,0.814456215939906,0.832777597926476,0.919050595824469,0.808183470811989
"1050",0.944006484206298,0.965316601024336,NA,NA,NA
"1051",0.962469922544568,0.789370644449184,0.664115247592248,0.763144396939237,0.88556849548973
"1052",0.908408055327843,0.923664312306387,0.968549814803651,0.798415321140964,0.887726741919816
"1053",0.941901002155341,0.870395627176321,0.921872144382935,0.746375960882283,0.874062085814399
"1054",0.959739687139278,0.797433747801356,0.775671863236602,0.831205873301023,0.831573513997954
"1055",0.963084008978167,0.901296635211714,0.709385268071514,0.73607350467362,0.794596008169357
"1056",0.952682053056812,0.890835208325896,0.861345640241899,0.777117195311753,0.782970963427238
"1057",0.984406034281824,0.999681379434915,1.00310213447893,0.713949355939119,0.831115166725046
"1058",0.962332976957879,0.911389879947416,0.942421688999554,0.941899669674185,1.05778247088987
"1059",0.960341139438072,0.967558796040335,0.77946123223212,0.874559343975941,0.918059603765393
"1060",0.894475232483699,0.765394949415719,0.729411982499463,0.82683398983473,0.939588259758258
"1061",0.971113108252323,0.988404542475191,1.00411334637612,0.79174690167523,0.888527545083822
"1062",0.90820835199415,0.93311958636311,0.829931938743258,0.734696603485365,0.842009918148164
"1063",0.950188671663465,0.96424090333063,0.706026898513577,0.793972810053328,0.922790838866915
"1064",0.86083988267915,0.803563799660229,0.896139186226798,0.76279426292788,0.933489521558634
"1065",0.973236511490072,0.878265810012845,0.710649745266436,0.686037805272017,0.818960253472647
"1066",0.894622305979389,0.904631067019046,0.875296074672585,0.825533425090517,0.798682793356789
"1067",0.980254311434956,0.923983547559253,0.832519024492068,0.808711464150635,0.771789324517232
"1068",0.893686709234267,0.909837194289641,0.673946568755034,0.733458643045168,0.849750343494364
"1069",0.949325653298374,0.960279217822471,0.744832932210216,0.781002591210399,NA
"1070",0.963103843271931,0.979707618869246,0.78136600523117,0.767431485915605,0.873747838051056
"1071",0.974150714481778,0.877209182542134,0.749715492748699,0.694027841342642,0.875386696144968
"1072",0.973950522944074,0.838558993792771,0.757360507849989,0.762588673668106,0.893816708215316
"1073",0.960423151051042,0.924929297204089,0.766264265146969,0.759912472195331,NA
"1074",0.846176478664314,0.863407501880769,0.924932995729361,0.659608449344384,0.83301289901097
"1075",0.961284525306184,0.947651733401212,0.971035431756378,0.82383848801306,0.87547365855296
"1076",0.969440631947501,0.960060882321665,1.01813348120186,0.820102719343833,0.833955908602677
"1077",0.935979453055346,0.958167074434332,0.795976242523356,0.829039343762768,0.894208052698367
"1078",0.976011044069005,0.880661090410541,0.82590411971969,0.780339276295062,0.911262032925039
"1079",0.943526328760481,0.905565210568859,0.729282045340281,0.791192753027197,0.885621081705956
"1080",0.944876050394125,0.941200198557975,0.954214037003293,0.782866141338953,0.91456441908791
"1081",0.931382914087455,0.956073270734462,0.818275233718826,0.799952492352883,0.834812337744843
"1082",0.841637224228939,0.861623839368935,0.857060141883475,0.832415831465238,NA
"1083",0.965009572960986,0.899737304769009,0.803019732954754,0.883779181711682,0.851228223012723
"1084",0.947578514236652,0.971522582006565,0.931408959247818,0.740303687522079,0.863900730579417
"1085",0.959172054766172,0.971218291074054,0.900580033346505,0.882168120665443,0.925111954313264
"1086",0.973385993965222,0.708036348728878,0.788954413893686,0.708939312052275,0.849579722343251
"1087",0.951637990549703,0.954622328898842,0.996991291181483,0.880762995440198,0.92484234810548
"1088",0.961101402503197,0.980078007487146,0.910780497878112,0.742496263014045,0.787940147800312
"1089",0.974777788323252,0.98348317330558,0.873516230774699,0.732040911296663,0.865028889794259
"1090",0.973364090807116,0.975743324745453,0.90952678236124,0.898672037228586,NA
"1091",0.975178093539354,0.770048704906975,0.6904987878695,0.77900268862075,0.887343427537404
"1092",0.96360656144638,0.868799752593108,0.794114747885245,0.855531762065306,0.974721474803838
"1093",0.963100097771159,0.884185308637058,0.756473547241683,0.788139830592824,0.928679028606725
"1094",0.968659526080407,0.944937233414242,0.989942685447531,0.831046716835289,0.871541321604711
"1095",0.976048695053898,0.976617874048479,0.784282940544382,0.868485494275429,0.979516786063191
"1096",0.895881156276812,0.919999996740731,0.982422234551398,0.842780571414984,0.96858827309535
"1097",0.939563051405864,0.897829031861885,0.728142259677765,0.808815060324507,0.91976387683284
"1098",0.974505227684581,0.982454413059622,0.852647754011973,0.86776045004228,0.879555111378966
"1099",0.954485782336089,0.967117722856697,0.792885423061692,0.857835815044005,NA
"1100",0.941287162223586,0.863793634217863,0.766507108342331,0.769711550769481,0.837210509040567
"1101",0.898839452185989,0.920566354927185,0.914608434962188,0.681619853036018,NA
"1102",0.93887802152019,0.8459124182606,0.903069443248839,0.832302125838151,NA
"1103",0.914135987756453,0.919345374788184,0.98756816464025,0.857650279243298,0.83277817765711
"1104",0.946051455540262,0.967848684832675,0.802463833018571,0.872917661604159,0.831794708068984
"1105",0.968676897468613,0.947702090701483,0.993759995417945,0.759875618138694,0.868590714849528
"1106",0.959339661996115,0.967414854044643,0.728073024686712,0.760422269033813,0.71498419428712
"1107",0.926943896669591,0.944842028015529,0.948024867198602,0.747948560403597,0.895600520186745
"1108",0.858890597379034,0.839666159281393,0.824396309242579,0.818181771927422,NA
"1109",0.893550647116102,0.909765539579596,0.747817073354719,0.766647860608903,0.808916236952876
"1110",0.937267775591965,0.952892038860417,0.710281701022923,0.809719002912201,0.859723663655751
"1111",0.976334248927956,1.00144194152431,1.02228415154388,0.775722582419997,0.75424656928288
"1112",0.961969560578496,0.901841919737365,0.954135590712571,0.791093963778192,0.921272926508884
"1113",0.971828402580074,0.981384505661091,0.966103168388539,0.868241539801039,0.809734296702261
"1114",0.946049830952064,0.95638153016269,0.833046529014015,0.774641138073669,0.88832343694764
"1115",0.959204012921853,0.868571672473121,0.767321376327252,0.856832718543367,0.833386423812358
"1116",0.970530480660514,0.867681275542092,0.907302678317316,0.828043186535416,0.9456246286438
"1117",0.843369959625069,0.857107917512822,0.893874992123617,0.736613775152423,0.88980797964403
"1118",0.936992338562672,0.949426240429471,0.734393642376037,0.812216810130067,0.957089607137904
"1119",0.952643885593452,0.961829254023321,1.0251674077944,0.77964888410885,0.883836801489685
"1120",0.915996272875188,0.922161848929039,0.689624966424145,0.78355475880415,NA
"1121",0.962181690091399,0.925818604849045,0.89775766111301,0.855445006890463,0.811853067819514
"1122",0.985828058972675,0.811093716456131,0.879159495745363,0.888041167510583,0.935237265217074
"1123",0.974629956631557,0.898697218569255,0.76849827436254,NA,NA
"1124",0.946316961093999,0.928211466010146,0.728236942412663,0.822196251570783,0.818849877560234
"1125",0.90739415183783,0.898406025666712,0.797102543547068,0.760283431855238,0.735351850918062
"1126",0.985752729503338,0.979833696873437,0.668001213060659,0.774938796827583,0.887744378685976
"1127",0.952060826125746,0.961936730205109,0.990268558308847,0.771369318884411,0.822870773670102
"1128",0.96247648621389,0.91808341955102,0.753790804344514,0.622047985377632,0.785595139962173
"1129",0.957203512490962,0.986148940600029,0.704232911013345,0.763992569738411,0.892403878987529
"1130",0.980399671290864,0.968584035939482,1.02112857206352,0.759202348342117,0.905074371935027
"1131",0.979919546398621,0.951158998193105,0.793952760710175,0.855877671351434,0.788138398163459
"1132",0.942019522140753,0.958683939117011,0.741752593295484,0.72561669019566,0.863179219851773
"1133",0.961651541704791,0.959046569122738,0.857825247682533,0.693612779648951,0.82618666716106
"1134",0.969921167005619,0.959439251975998,0.839236206280341,0.920853762104726,0.849375779130061
"1135",0.975364624691692,0.978048685688782,0.699613579194249,0.686969759583485,0.789837642259657
"1136",0.905267149321609,0.92475007933289,0.746203049126214,0.749028444084757,0.835268176224444
"1137",0.966806752441506,0.994562559759844,0.860944044271412,0.82739486725581,0.851029233773714
"1138",0.964623178378203,0.918527774590991,0.970109668261295,0.799024403916355,0.930910651699138
"1139",0.974555726031387,0.857179828018426,0.835125068598455,0.941768144478268,0.888661411567059
"1140",0.958805669402412,0.893601568023525,0.76650536171744,0.829585971099637,0.781219674746497
"1141",0.954743054552191,0.880527969240787,0.925400082949881,0.865300018498543,1.01476917888666
"1142",0.899907353110635,0.840729906738279,0.884093448575716,0.744667422546445,0.852310277011072
"1143",0.937158932986831,0.913489460586453,0.820834295448691,0.758115482218083,0.891826550889276
"1144",0.959508601760287,0.833144074094119,0.709548530218118,0.797993080371948,0.918391040283293
"1145",0.807544067706001,0.800922534011707,0.826044045228858,0.717758693223563,0.863923314183662
"1146",0.945048683774299,0.957543655404973,0.888847452920206,0.713062448436574,NA
"1147",0.83942926005923,0.868443562032966,0.910708116049583,0.922248733372072,1.03870172278124
"1148",0.898724681483101,0.925702207804485,0.694737192065028,0.775170461713934,0.903460282159252
"1149",0.896767673739887,0.907101082327126,0.867961082485097,0.868236765558358,0.853684331347261
"1150",0.96441833692088,0.947995586015631,0.889205965594181,0.861446967857448,0.984576138607347
"1151",0.941238941200887,0.846587212887336,0.76879988160755,0.808245803904697,0.93041423566486
"1152",0.96402882887144,0.979081337938481,0.846700286178562,0.920744322755631,0.888615558062257
"1153",0.87349944168075,0.894953420587341,0.748845033559749,0.780830205194889,0.809286693424232
"1154",0.917695612016655,0.826294193388611,0.893795209959471,0.96256031918169,0.8281925223976
"1155",0.945507340574644,0.732426019926524,0.824948024607686,0.767111048088505,0.906845440542336
"1156",0.931736016567871,0.943312495415782,0.91136629167148,0.819232618219784,0.944333123840901
"1157",0.863053060640295,0.873065175725579,0.865470152199612,0.821329977912698,0.93822570008439
"1158",0.859736081055846,0.888073012848842,0.823314182574373,0.755659874361073,0.910769336069995
"1159",0.960888567208554,0.953699684686491,0.813949357121312,0.890507421595979,0.863003637493394
"1160",0.944960520176036,0.810432514993497,0.863923043346174,0.836700278904091,0.984643589367022
"1161",0.976036703152648,0.986813680369854,0.920992278299232,0.933922039267005,1.03020890575755
"1162",0.958753615494281,0.913752076460833,0.774060996027567,0.695514519537792,0.837288540050523
"1163",0.937538196663581,0.881208758442632,0.587733590226643,0.704179621272617,NA
"1164",0.848929765951978,0.866023492315278,0.771019786121627,0.749317912894736,0.848907286599011
"1165",0.96466776767158,0.908695657350447,0.742656302259563,0.829908788269035,0.941019800051491
"1166",0.972024291248878,0.91715162925842,0.774377629125878,0.598960966468756,NA
"1167",0.902162634202086,0.836849412715764,0.663693010993055,0.779229914454136,0.914494502630936
"1168",0.933813742531235,0.956437637040656,0.945971159036285,0.685422771404233,0.837902493934458
"1169",0.959787304826557,0.915334286404188,0.903118191010661,0.697173823546703,0.854498717933915
"1170",0.931924000132082,0.964093909553202,0.7687153539405,0.750739724435838,NA
"1171",0.977599642690251,0.984781519068023,0.924150906072123,0.755357989083817,0.865636688328309
"1172",0.967494603605491,0.942780242659878,0.969592616500003,0.840774353786871,0.866148123377903
"1173",0.909881949717549,0.926727818556692,0.799505732362488,0.774102234867847,0.738897996696444
"1174",0.973128562638463,0.993421662269664,0.767731103707001,0.717790951857685,0.819838641077431
"1175",0.950224042589297,0.938563523647013,0.828345092500653,0.900649842831121,0.990842670728412
"1176",0.913393864579751,0.922357557573586,0.741717294187475,0.691349214150144,0.826093169103772
"1177",0.941924516429336,0.911405311404112,0.799840654519158,0.856050931351163,0.918014757681751
"1178",0.947402774554386,0.850122434589665,0.798283548382675,0.878387918433704,0.909899093368303
"1179",0.941570227175591,0.943562603882763,1.00602279989417,0.820175465985366,0.797511839145125
"1180",0.978391438668538,0.963922288556375,0.876863223671757,0.690414696408661,0.823973838992837
"1181",0.905576793135634,0.925402509882196,0.720856481975325,0.76856355521966,0.917108539825428
"1182",0.95895087451548,0.97961402306416,0.844981217442778,0.845041510271744,0.941699075900131
"1183",0.895145649154346,0.699712699321217,0.782330558081331,0.706170770230865,0.842213973259212
"1184",0.970403515008124,0.955146625900499,0.738640710370871,0.827347508226981,NA
"1185",0.903724614945222,0.922488775765623,0.822533446747633,0.717949458719923,0.875940487470663
"1186",0.973744870755479,0.980755172927257,0.715102681223277,0.755514752518772,0.873813101204817
"1187",0.920023195195893,0.934199359538768,0.815865147578261,0.7196536973934,0.7926792081935
"1188",0.963645178206028,0.840273553971179,0.787683462675761,0.765684788670196,0.854597537833903
"1189",0.965021472987466,0.765226001635996,0.709150963458334,0.774668763054675,NA
"1190",0.983879080057424,0.958729467381912,0.862602175012105,0.893176517067411,0.879347034073424
"1191",0.983833020367499,0.836204458598133,0.73920900305811,0.76982121561342,0.836478300160681
"1192",0.906855174070218,0.928423157164798,0.968002862545698,0.894415087436558,0.921821231448866
"1193",0.981862613278598,0.912194067971195,0.841881434717678,0.856301865065726,0.965199988001961
"1194",0.967059524960483,0.90189413997869,0.96871225473804,0.843970936665354,0.95043453937612
"1195",0.922515966410162,0.946481359985016,0.853836814701922,0.874089433999366,0.829409028224532
"1196",0.879929960555071,0.906948578037594,0.947640269301809,0.817357218835923,0.887185318313727
"1197",0.796468545663333,0.816979632600843,0.880169691657455,0.79574961173689,0.893863658432039
"1198",0.933182984703816,0.894946659004219,0.963333105877102,0.814406368780328,0.90873933439693
"1199",0.927478821552589,0.94281337264878,0.88940781325155,0.807062292907225,0.930293838870465
"1200",0.894249987028466,0.916537434622188,0.917577704024624,0.663933214841708,0.761344221708386
"1201",0.9057250514875,0.922280515202886,0.750643673780546,0.841990901990199,0.956575796006268
"1202",0.979988878607234,0.927027755815454,0.995462940461076,1.02573697876426,0.879050245787719
"1203",0.974708671452647,0.97515130220999,0.952471565615746,0.93241938248706,NA
"1204",0.976279029272226,0.84932856251296,0.800740577834218,0.686751753265936,0.743086714507806
"1205",0.963578331531874,0.952583086546812,0.760289505460337,0.694927895308864,0.802361811492302
"1206",0.964239380428354,0.982825328781586,0.861099969637903,0.670276878337763,0.800550145787605
"1207",0.970844870398861,0.966569013765855,0.960276612729467,0.796544526397132,0.929506608705111
"1208",0.97017303185385,0.903626326884249,0.612451753283793,0.752792899637175,0.855722012683793
"1209",0.927182749646636,0.781530310692587,0.601650310026372,0.704577890223992,0.826829727278881
"1210",0.934362605534533,0.915750645221452,0.977801690172075,0.955787616556004,0.907012098418321
"1211",0.772511391651162,0.785630471782376,0.810599543233884,0.722619114297055,NA
"1212",0.884454218382258,0.897004234331617,0.904911547976226,0.865773088384059,0.971247847212041
"1213",0.946868048464448,0.959188010409017,0.819880045523846,0.779350448172477,0.86493181519849
"1214",0.973038179036326,0.912406920760796,0.978260752710291,0.807812221927937,0.878756487464818
"1215",0.943211405768821,0.904058550823825,0.759756586086913,0.743439413864592,0.879596862485359
"1216",0.989460036775808,0.823135382705361,0.886733179000217,0.812642154804938,0.954216403366076
"1217",0.944901949071688,0.949352881567267,0.703107066262931,0.760649172345913,0.88068173340224
"1218",0.925925183991038,0.944320017544644,0.828047706315212,0.82110526387814,0.947385441590146
"1219",0.919717361901789,0.92506472064937,0.839998276077703,0.701269342012972,0.82400128313685
"1220",0.865613781517932,0.819373518369323,0.886285999141959,0.691758018305587,0.801462891511173
"1221",0.982338392236835,0.925158183023752,0.877755540103306,0.825163652883655,0.933448854599316
"1222",0.899738398894594,0.90443334015894,0.78484606751,0.8380759948547,1.01188759125403
"1223",0.976094219868036,0.987972699371055,0.806303833752374,0.905344500718625,1.00816971837892
"1224",0.931372486841001,0.965162825364981,0.896443068247245,0.793384316038151,0.897009776901263
"1225",0.922009305457675,0.939248814102705,0.779275933533145,0.855023415955773,0.977728531084121
"1226",0.954120410166594,0.968751277436433,0.816582220397083,0.901193662629456,0.868435555044137
"1227",0.895538178751332,0.863420737487631,0.93653949383378,0.888779118881046,1.00137992619549
"1228",0.899164034264089,0.873572426778781,0.832218108714828,0.775473134919418,0.804038128427719
"1229",0.885991286979297,0.906557377675597,0.711662418695033,0.718731352946177,0.790913049629696
"1230",0.941785328984281,0.913090010036181,0.850403872092069,0.910932246959963,0.865531166728041
"1231",0.980881167173559,0.979763862385023,0.838819106682512,0.609432905886058,0.756014007202759
"1232",0.977289522835716,0.979766779810075,0.843060730741268,0.735748696307193,0.85019982041648
"1233",0.960637442692575,0.981405633947351,1.03106262563328,0.83521250141776,0.933444699639605
"1234",0.917116976872148,0.929444198845378,0.970432839912971,0.659796084679496,0.78148699467735
"1235",0.964654920230038,0.989321088136766,0.854778897624815,0.87378528403288,0.893965740277539
"1236",0.863924388932566,0.893771213220761,0.829959930374404,0.867703558261623,NA
"1237",0.904083404755386,0.787066913917366,0.761351912957861,0.859643999672681,0.910186770064563
"1238",0.925141170078844,0.954743522494686,0.945333780904488,0.988788630706359,0.889148755805318
"1239",0.966271345873299,0.989202548400181,0.806337500185014,0.867998541546079,0.758901237573466
"1240",0.967945144052523,0.978818043997194,0.73472069306765,0.816161887953607,0.793365742553961
"1241",0.947984738912301,0.854034054798093,0.826777000968646,0.845329374750392,0.787221201817819
"1242",0.959286579494564,0.791765802737785,0.860629371551143,0.684441098622907,0.826662835520855
"1243",0.975477217190902,0.989213541922836,0.797734545857335,0.777451740071343,0.901642258137125
"1244",0.941114583911308,0.877495021256843,0.801925120632652,0.778396068527918,0.882141045156292
"1245",0.86991651857289,0.884146140539446,0.742597086671363,0.668323650472454,0.799415604041785
"1246",0.89944677317276,0.875370898684488,0.908149673627928,0.821919048808216,0.718861506475187
"1247",0.890838096482122,0.908588616226735,0.756108218029328,0.76844808091523,0.893957832501231
"1248",0.911596983058471,0.923279560846697,0.822350519976538,0.731945430552505,0.81527625378266
"1249",0.951098287795639,0.968357881269922,0.84589380508496,0.917772816226998,0.902852611653069
"1250",0.94947712728504,0.88736419252006,0.784684795385613,0.878734565424649,0.97770418518725
"1251",0.968682560634977,0.932139329672393,0.75550243903499,0.730199480709135,0.854444106932822
"1252",0.902346060122654,0.881961276360293,0.893238335075987,0.812493607401108,0.935491073243758
"1253",0.960179305781706,0.989304084802321,0.816744076942816,0.876901353808877,0.859354383554336
"1254",0.96165069543395,0.931248608936843,0.728382594192559,0.798776669528963,0.940149610602916
"1255",0.968903700732906,0.93615924978088,0.895762816818449,0.723799610288814,0.85562530345213
"1256",0.887287202410454,0.908268621769565,0.969516997411811,0.766475318026929,0.905677474873377
"1257",0.978013358302104,0.952631774620709,1.02044919795072,0.781422218673459,NA
"1258",0.943083522445625,0.950157379384248,0.706210086507646,0.778048991902293,0.908281088374637
"1259",0.965441435010166,0.97565137520574,0.722169358380947,0.81509743736422,0.937594339871956
"1260",0.916796426000489,0.858356653979628,0.866755071755079,0.933982000254431,NA
"1261",0.896313016084226,0.880112407441864,0.941184918935534,0.690632782050411,NA
"1262",0.981790509071656,0.979636661351986,0.685504405134825,0.734421943105296,0.897899957946643
"1263",0.982734496049923,0.856603738797032,0.78423570162667,0.666566331015588,0.812970012097414
"1264",0.911273783214143,0.924792690616269,0.826172372553425,0.905442046822902,1.00312665574014
"1265",0.904990870236863,0.928412802334586,0.799710294845257,0.783026428949685,0.839459619499918
"1266",0.89411499351012,0.911742799930996,0.924751359982286,0.803602875282454,0.96539445720542
"1267",0.921709540561135,0.931511786884989,0.616184030426279,0.740439634500008,0.845514535377183
"1268",0.962527208853259,0.982608312721922,0.772263638161317,0.804971718208766,0.864179483979961
"1269",0.902675030524409,0.915527267327571,0.660779511840282,0.752839413809356,0.854939455035081
"1270",0.962174784933751,0.986236993044802,0.915649315492677,0.831736802118499,0.814356277174487
"1271",0.79896506969071,0.833896633843095,0.70897817698544,0.64477751459802,0.812080728022487
"1272",0.923271124445687,0.881764393441666,0.928919968679105,0.978438666264298,1.07959120851032
"1273",0.910467591436788,0.923345457228204,0.818175732641652,0.862159851141685,0.971995178750372
"1274",0.978168001972254,0.961383201895505,0.762325205349152,0.814036226188232,0.93930263490907
"1275",0.954345520506885,0.970773117788014,0.976582526580906,0.92769907858574,0.917965119330161
"1276",0.932896290069203,0.943725880902764,0.901429885611767,0.894102052698348,0.937438756166122
"1277",0.901067675669686,0.921255937404817,0.876311718222409,0.972658710594888,0.929747631761872
"1278",0.974295027209677,0.982159834494659,0.830547660637769,0.806100644095697,NA
"1279",0.883460342884257,0.903378173428629,0.83102574798869,0.845161053755242,0.875435731754723
"1280",0.957022057476235,0.936456232492421,0.991556827780586,0.77765029152529,0.797035485516985
"1281",0.915050834855947,0.943642154824345,0.960203791793606,0.966447877700305,1.05605467912198
"1282",0.962367938294015,0.911690241628068,0.838264745035036,0.701312057955566,NA
"1283",0.940191369573179,0.958254869930564,0.826149114622428,0.896363622370414,1.00767066519995
"1284",0.943274107659593,0.92477280320569,0.960761192685332,0.768695872459388,0.901048043800275
"1285",0.894508790307568,0.833837229149719,0.761846816941618,0.680558758408915,0.836942034833327
"1286",0.935039975332223,0.952509799842944,0.830699078535228,0.810304676009358,0.860749243569415
"1287",0.979761553427095,0.972481841178973,0.854712084030095,0.914720818596181,0.804499415436486
"1288",0.91981494714447,0.938788055211978,0.864750891140453,0.721438588705604,0.85021250165854
"1289",0.932471044943542,0.956941332250431,0.872054125951113,0.675500575065426,0.755477683756567
"1290",0.929151874876339,0.937659256866926,0.688305856588877,0.795537889366867,NA
"1291",0.971065748430993,0.950763693169985,0.739862689767627,0.834224248650582,0.961464073953852
"1292",0.902633164190998,0.876400254099389,0.894420979241425,0.780343104624282,0.915527117422098
"1293",0.935359793238558,0.888077459855053,0.746037718455837,NA,NA
"1294",0.952067689499136,0.962765137605951,0.948343794920964,0.876555677298945,NA
"1295",0.877176413437719,0.899346506702811,0.793089094696687,0.850039996299658,0.97938105284685
"1296",0.973408785466064,0.938113585510407,0.982018636277436,0.698441774063632,0.785035397002753
"1297",0.963016877559535,0.934548262911324,0.875017347513444,0.927491168950891,0.872229672370212
"1298",0.898194487249397,0.890571501952206,0.93432712728219,0.722566637646239,0.851775765816335
"1299",0.979255765430318,0.791868078964493,0.715540598958179,0.772100153477165,0.801590953741364
"1300",0.815277413958844,0.844739623363335,0.896975487174198,0.831628940142732,0.772894898637941
"1301",0.964106611996642,0.820762681160501,0.857533466786282,0.886107776575563,0.957047170062213
"1302",0.972215083066554,0.919943126385603,0.737298181556117,0.810314129254939,0.646087218925405
"1303",0.965388581269475,0.900465978579335,0.927419137637896,0.855542350538162,0.962800691019731
"1304",0.924535292616624,0.934691802707639,0.834022523837094,0.889129548879021,0.884780882833801
"1305",0.930519988147786,0.805428871564177,0.878484899901035,0.73051570577406,0.865078008695475
"1306",0.937030107014361,0.927499350999579,0.854076760882654,0.830138615613957,0.945819230181821
"1307",0.936162137307531,0.725430968893053,0.754594226817012,0.873282657997238,0.85828801369389
"1308",0.973154392753474,0.951699965237249,0.787900521341815,0.871164393868712,NA
"1309",0.982007277966687,0.959116974792829,1.01251283855002,0.701283932025774,NA
"1310",0.97191943316503,0.879790848284317,0.895699379204497,0.812164161367123,0.848659458130057
"1311",0.944733358561316,0.753373206657956,0.733563632827596,0.821684900404431,0.873213702252338
"1312",0.943439879522676,0.64343892756793,0.731737796258709,0.808307755981543,0.925910354370068
"1313",0.964015391923679,0.936968206157213,0.858064733805281,0.760950264290531,0.890840951530715
"1314",0.971574395084252,0.877045601677995,0.886321350344471,0.800940131830797,0.854306012373665
"1315",0.976407397742121,0.870581039368505,0.898937989631771,0.801260609694611,0.894402308931111
"1316",0.970467607741188,0.869642190068839,0.794627258240243,0.697424605597952,0.843183713759851
"1317",0.963579559656425,0.90480770416535,0.911876735541726,0.98249726929214,0.952015232871676
"1318",0.970122663392371,0.982923956458095,1.01248036009049,0.805344155952161,0.9266272392664
"1319",0.964926991833078,0.917013240497704,0.868084065820387,0.728477737702533,NA
"1320",0.988679150073344,0.885299832040504,0.727699163081316,NA,NA
"1321",0.960838695980923,0.826801351095856,0.703416697554361,0.720241526450391,0.86648899760299
"1322",0.893295735320836,0.904842882470744,0.650678657142231,0.705538589078757,0.799848045394271
"1323",0.966704624480222,0.940187967489701,0.86374622802523,0.943619892320174,0.813903409581453
"1324",0.987497496499549,0.93265588130133,0.875536521665874,NA,NA
"1325",0.884276144056109,0.897072958222722,0.923974532002605,0.794889149318761,0.846236078657071
"1326",0.961819309520846,0.982865052367606,0.635361970180627,0.735211009084647,0.881092126394416
"1327",0.963989419113996,0.899196153877723,0.729564205441969,0.829795145023924,0.864186035106191
"1328",0.976945269939733,0.951305613575081,0.848790050340749,0.72254350688942,NA
"1329",0.957878340546826,0.877787800096934,0.850462600956355,0.797760140764042,0.908336139286438
"1330",0.94683322792549,0.787667219770532,0.848798577688963,0.910973352118313,0.953162689433341
"1331",0.92924669386498,0.808740853947574,0.800597512743529,0.698158199199733,0.76459013142882
"1332",0.966974737359856,0.840804446745112,0.829409096999768,0.6621395389511,0.822222119405445
"1333",0.970623868432477,0.772085025132713,0.799526101636878,0.703108788716039,0.860733304501536
"1334",0.961683874109393,0.976029268570294,0.836022852313621,0.886289029479584,0.928476616549087
"1335",0.96419813206062,0.821946387064715,0.803307833157914,0.650065786332583,0.758306140651218
"1336",0.972891865617551,0.854708112052392,0.900559121646279,0.718211761525354,0.814116589154887
"1337",0.913762488061426,0.912211564852461,0.748901207902009,0.691011850253419,0.772368144114885
"1338",0.970436161201981,0.882715814393711,0.931718615444638,0.916974060244664,0.755394044474243
"1339",0.967165069655346,0.92444615615521,0.889184805830694,0.665171343259435,0.850719399513587
"1340",0.959091122938013,0.96845367128104,0.675684204833644,0.72343702370313,0.864156772127439
"1341",0.8827168229815,0.898071457413338,0.764359146999125,0.857473954149278,0.912030327120569
"1342",0.97607845367126,0.922568219749721,0.869212158727587,0.892808184525854,0.848764434330661
"1343",0.922041650162238,0.938553348051836,0.833691898641753,0.79537972900166,0.900209952277728
"1344",0.924330548482945,0.941090074929889,0.793922913314869,0.854949108205313,0.773781953451767
"1345",0.96337631063402,0.982787481791208,0.727203068264257,0.688053790806539,0.817807536142483
"1346",0.904394784164216,0.874293761897332,0.604325720477368,0.730446538212697,0.852571105590918
"1347",0.90274123588121,0.766348162951539,0.74140101638145,0.833526140127758,0.921657557361415
"1348",0.934786990537738,0.913385098392041,0.85903187401,0.79736830789015,0.844487963930155
"1349",0.93188771661823,0.939116500372313,0.992361264212458,0.889276230420403,0.875778667597271
"1350",0.973116124657498,0.966436287003316,0.837870944836142,0.911150888485397,0.979590443504995
"1351",0.951949358358889,0.860594288583461,0.801707635954671,0.863981735697447,0.956251783022205
"1352",0.847441768373092,0.836843883424114,0.834355685894036,0.71953902298952,NA
"1353",0.906419167383268,0.892375200857956,0.674532994144211,0.738548936210194,0.89505761347496
"1354",0.929495172155228,0.809280100895746,0.843685971131393,0.924150169516088,1.01789730155198
"1355",0.943682967509473,0.885956675528673,0.720666379303973,0.804559246910744,0.922663054314397
"1356",0.873433527624139,0.890441673731729,0.666739545699628,0.755007658914495,0.883266405058268
"1357",0.955519525740175,0.957768264982972,0.879556488672762,0.950636477868648,0.841701421746219
"1358",0.932229804346998,0.93907821612689,0.871302854691056,0.820955365465716,0.888039296464174
"1359",0.979664243072641,0.962004674724048,0.814699323764541,0.875935919260777,0.938980362653126
"1360",0.961743976105656,0.983256282862015,1.01186170688784,0.942095623902618,0.919849705775148
"1361",0.922767800152494,0.939497466507866,0.759235589154451,0.730151957124011,0.872053941087868
"1362",0.969176100020306,0.915019734660539,0.910032398493426,0.796262832212236,0.900659374427242
"1363",0.937902233410543,0.967138988176799,0.599393435253545,0.720932342916243,0.848541489782904
"1364",0.943144416400804,0.87426716726813,0.898711825734568,0.727401832221531,NA
"1365",0.901763482295118,0.915378051936204,0.835755921722733,0.823083738482702,0.860712561126204
"1366",0.86614581993004,0.86621550579474,0.812179809295379,0.863307895296753,0.858613450245703
"1367",0.960365696717638,0.870657577893837,0.701902043096808,0.785304702258239,0.819902971556136
"1368",0.958364670924242,0.792080184764172,0.756955190788478,0.842498709404252,0.928947237666787
"1369",0.881850113519238,0.899151982711112,0.775723792307294,0.758187535654879,NA
"1370",0.977785604638167,0.919175051306449,0.792460409756717,0.863646419667061,NA
"1371",0.967569572767548,0.87321649071072,0.819403996845942,0.699649978918556,0.846792098138476
"1372",0.899223281954396,0.9063545890164,0.972344058513104,0.792864203044769,0.903924288837357
"1373",0.978004759583626,0.950516464537815,0.855684095660573,0.737650505452598,0.874663842540104
"1374",0.852239265615588,0.664138530856004,0.761006901010073,0.788067809522136,0.917673942757036
"1375",0.986781392320845,0.989074562977017,0.833273259888582,0.76957304777179,0.848976830414588
"1376",0.963856990956981,0.98136782353328,0.880336013515387,0.700995072687747,0.833898128228335
"1377",0.892732886498771,0.859199714693486,0.783140028358957,0.828401553139029,0.927030446060627
"1378",0.90502084798961,0.889084454890759,0.833962239319966,0.839047252786354,0.959493244182456
"1379",0.963374621514186,0.98263850441543,1.00087177728529,0.807484320772527,0.901066551680111
"1380",0.963258814396519,0.973227511686032,0.824191341954439,0.874534296254325,0.940785639568672
"1381",0.964902272598826,0.986336691128341,1.03809711219381,0.68397794903371,0.846424580476819
"1382",0.953317285968987,0.859871366370646,0.807342389692574,0.77548639732951,0.879726958115266
"1383",0.97928019328391,0.89425599937443,0.941019418269196,0.790423322884589,NA
"1384",0.899051111066484,0.881268711589372,0.910499834502446,0.956155810250114,0.775446889110381
"1385",0.975701143604838,0.8891961291609,0.947342477777914,0.859356335281637,0.840606404209299
"1386",0.96269480697249,0.93933533743274,0.825355731182595,0.89382752937909,0.941224986085748
"1387",0.961978315872938,0.981246265514437,0.862396175377976,0.813726252955523,0.921280013193162
"1388",0.966156488027696,0.851608036880278,0.761186749883392,0.792057943029359,0.777665213707236
"1389",0.973804130062965,0.983856403257941,0.890550129980178,0.836219467217012,0.952102690054203
"1390",0.95894466647116,0.968734298277401,0.734191778150533,0.827573650147557,NA
"1391",0.961979556920822,0.875562592272316,0.944219248516805,0.77401144963521,0.850987963610862
"1392",0.88269924696648,0.895955096615385,0.868996084874699,0.650896863786277,0.844645765795481
"1393",0.969717266413994,0.988658951724408,0.783544067111406,0.824797270554808,0.942487816684029
"1394",0.965732470798396,0.965095551242175,1.03752282248373,0.839363728002657,0.960121215492785
"1395",0.969229798681933,0.95489265475689,0.755171807668291,0.834205504025602,0.948474999391203
"1396",0.852000460553997,0.877164008800781,0.848643598377325,0.849798723355963,0.819300971449394
"1397",0.965657447963335,0.906181743613774,0.662749069805397,0.7494767396372,NA
"1398",0.90461885920581,0.790122904640232,0.680363153840271,0.791789529218015,0.864778247813887
"1399",0.949113473526115,0.96885231623557,0.894140987548938,0.786998356125453,0.801476126710044
"1400",0.944703422348451,0.963290440881132,0.822332229903398,0.731391390767944,0.861678639747668
"1401",0.959180485081195,0.906864791103897,0.555100479846869,0.615929169980271,0.804774489545929
"1402",0.970160970894662,0.939865492527441,0.881725387789286,0.904483044265387,0.841611284758122
"1403",0.923934062518099,0.867432642133236,0.804401822968445,0.835914652237619,0.809419140349403
"1404",0.865317640466638,0.841873357477397,0.885820025108287,0.852921226990962,0.99769105296166
"1405",0.867655563966233,0.887661544347898,0.783483802482305,0.699750430467621,NA
"1406",0.961276140355713,0.990424457023157,0.854663969379319,0.754100628913242,0.906819043054764
"1407",0.851016219743494,0.864821202895255,0.889370018784165,0.829122201507649,0.824154482375313
"1408",0.953864671145486,0.979483364560918,0.779063133500214,0.844201656785948,0.778086199225069
"1409",0.844355673792458,0.863122623029296,0.763835814826293,0.785842531874974,0.838856907060174
"1410",0.986435620361167,0.920218827964665,0.850780700388666,0.89945320992385,0.712415001326734
"1411",0.946997899587424,0.881966745047477,0.938122031933118,0.71157932537997,0.842736590246384
"1412",0.948436775509129,0.869355809596754,0.787912610465667,NA,NA
"1413",0.966713998828248,0.906504237574111,0.961929908216694,0.839603500162188,0.829346830449732
"1414",0.96018449073364,0.992504874792236,0.715596810822663,0.758642478456983,0.866095766295382
"1415",0.944611976844738,0.876473932186024,0.802446148777699,0.746539141507088,0.784872143059034
"1416",0.889703596429798,0.903199651089744,0.88511742551615,0.895997498245435,1.00148953409704
"1417",0.968710020418152,0.978754635059322,0.901783543513253,0.680985191412254,0.834424872059748
"1418",0.960194763518574,0.894058548314489,0.755042776286855,0.771504826673028,0.899720205514834
"1419",0.959920511599981,0.833543529030791,0.906249492308095,0.886257993256381,0.98340626819643
"1420",0.988950133704547,0.812402088279221,0.873643826679777,0.787386691359027,0.873563183207507
"1421",0.9779280935079,0.987382079671288,0.753502803090688,0.689087523059389,0.823372180118644
"1422",0.911296554211071,0.925626963607257,0.775030146492071,0.87203874033198,0.933111483081352
"1423",0.969201151271591,0.959425019762193,0.818559535070574,0.820179216032962,0.806422469627909
"1424",0.869236266524098,0.881761253774266,0.95794337869141,0.825493453987203,0.89647879662561
"1425",0.943039437464383,0.973583465360347,0.857204247400976,0.731476727808253,0.812448047843995
"1426",0.933030368558256,0.948970917433346,0.796343207926666,0.863896633144784,0.981379112266805
"1427",0.913809740192694,0.923545694060402,0.713737721129062,0.736723062906301,0.851809852270278
"1428",0.970663965871291,0.948447040305005,1.00800764441857,0.945684842142666,0.954503563405959
"1429",0.950971268635641,0.955459958721132,0.763330644652575,0.761233722310364,0.78772517693993
"1430",0.975866792111074,0.865507094820397,0.749133280503801,0.771256565014046,0.860465675579884
"1431",0.944242249816206,0.941563276775181,0.910597811491061,0.647308908827665,0.809756583332701
"1432",0.878078923831565,0.903727930576068,0.657297016551588,0.716056809347746,0.824748105323261
"1433",0.931669655843742,0.942474366071396,0.81148471073458,0.795944041446221,0.807653014938211
"1434",0.888579535067043,0.881733711883593,0.652070995120681,0.76987728994307,0.85652426737457
"1435",0.95506626146456,0.952242752856721,0.751587603812853,0.847693080230745,0.961372929978312
"1436",0.974210921841571,0.914164302356019,0.965121852950508,0.953900031807567,0.976275929506852
"1437",0.977384216750745,0.987181777183971,0.770971043830666,0.795734216953063,0.917169525059725
"1438",0.954046487550975,0.92093634882595,0.806194378648442,0.878104726531782,0.927016444756161
"1439",0.952305563407169,0.972971263059192,0.946402480402175,0.872004325043924,0.813839687409075
"1440",0.972851940108225,0.848457699213935,0.919928000115501,0.795605089745144,NA
"1441",0.897346887056992,0.921131026719067,0.801082363388425,0.591695344104755,0.724045485829554
"1442",0.926258100517225,0.95428205670777,0.710016813149911,0.784563955627152,0.931452463755488
"1443",0.975574608552392,0.804099911476655,0.674421344218296,0.64823798853005,NA
"1444",0.859997247392135,0.860416466190628,0.837507119813292,0.845496497268227,0.881650974177877
"1445",0.955183779995302,0.983826120034101,0.803507708781242,0.797492258310862,0.931851179434705
"1446",0.969498007141612,0.918466001762408,0.903997609660711,0.753701894509881,0.87264792483372
"1447",0.861776216977257,0.874121032148066,0.768378891536768,0.859253572104196,0.962108396437466
"1448",0.893818310285152,0.868712614138406,0.739377557929615,0.827556419622101,0.848708466581764
"1449",0.961898780789443,0.97320556295168,0.820757098685577,0.724789730760806,0.807529708816536
"1450",0.946497605786939,0.959644885183162,0.806018654738405,0.797368784767724,0.80980022831602
"1451",0.913140425684233,0.926985404720897,0.830688061698845,0.869310534017977,0.971264077482979
"1452",0.954271381260203,0.976554577113474,1.03402444233046,0.890267436645317,0.863672794861567
"1453",0.946712358933817,0.859474157295859,0.837005257599277,0.76654379570339,0.888252835451726
"1454",0.938550774301568,0.889087309010924,0.882282091696747,0.787521612627587,0.896157425223786
"1455",0.900596768355449,0.866511483544332,0.768462238339392,0.817167882673013,0.925796420292782
"1456",0.979358949458652,0.976137477896977,0.825615616140328,0.901749547103619,NA
"1457",0.970260763075948,0.986797343427853,0.724008754240617,0.679028664336852,0.826296698113766
"1458",0.930158720854602,0.934959319351853,0.657621815162188,0.760725493584659,0.873862317012483
"1459",0.938885021388279,0.953583592714501,1.00882434525063,0.876604924869007,0.980925703273925
"1460",0.865276000930834,0.801755560762189,0.854703831238509,0.803119180333843,0.849510536225703
"1461",0.950652493259824,0.964544216471785,0.845025581993432,0.71243368147851,0.848280466242153
"1462",0.953543440479614,0.970299678300734,0.926892934672184,0.772423549367098,0.866044536416304
"1463",0.851702758095126,0.877707060583858,0.862096096416006,0.935514238162117,0.794956538472358
"1464",0.972466707575107,0.977762914342028,0.778555933839604,0.873014545938527,0.990407713123137
"1465",0.956555122122065,0.955391758816919,0.770144264520027,0.841193577157946,0.952566279120823
"1466",0.976995092495883,0.972803569940787,0.858389195461299,0.902530818626704,0.912831785542531
"1467",0.944752448942396,0.765994733208376,0.82592533111684,0.806045419564246,0.845038191505741
"1468",0.899091420393196,0.819765934077421,0.711403836869906,0.769436871633023,0.916412484096321
"1469",0.962257253726848,0.96607439105053,0.785448892459098,0.771776061094661,0.898775021580312
"1470",0.964950765553816,0.980771173036962,0.800076482840391,0.696633801882643,0.850165936419135
"1471",0.944214533135685,0.953253993132494,0.774623287337684,NA,NA
"1472",0.979747168182348,0.811166296437091,0.900329903050521,0.769290248904544,0.903031047307054
"1473",0.965715110801537,0.964223047527426,0.700756691680424,0.773106225394358,0.86000312918212
"1474",0.927913696530458,0.942485837505079,0.89111027318757,0.657625340709186,0.783295282455109
"1475",0.915157274843331,0.922622338782322,0.837443869177687,0.770442273243218,0.902957711620721
"1476",0.944577836696755,0.959276441725383,0.753483564422466,0.854506443186306,0.970106994950378
"1477",0.966279534501925,0.97246734163563,0.844888194746038,0.796373883499874,0.936795033745568
"1478",0.962168662001868,0.895400097701376,0.919536226990991,0.79097904120257,0.897974156417429
"1479",0.973099188346159,0.891415823497856,0.666283615834733,0.769397671125804,0.819663069112291
"1480",0.973889437081915,0.952373819757451,0.829821258673013,0.883753855984214,0.966423742129429
"1481",0.954446791722893,0.908519024105569,0.89162113116865,0.949039900522903,1.02175316454734
"1482",0.92651759322569,0.946766106785852,0.707218770162926,0.787230616779566,0.920479679871897
"1483",0.979206153627765,0.977786367455004,0.859358855386633,0.790538489610333,0.901460902033037
"1484",0.96997077439625,0.983457496137813,0.726978271238928,0.720402954909144,0.853057891494052
"1485",0.928447671778724,0.927573131813621,0.835869892245885,0.671566486635652,0.83307315041359
"1486",0.937141948922698,0.911293777869535,0.806972789130236,0.899858049037361,1.00883369836536
"1487",0.874787726438066,0.892614766691675,0.943106172065868,0.729084694720103,0.869485380359057
"1488",0.923432559061078,0.942860213479812,0.858739772513066,0.734224441615899,0.873117756953753
"1489",0.901529230260061,0.879622058970878,0.808090244223401,0.762880996048335,0.924822298495432
"1490",0.927863071729314,0.940233526013326,0.799161602351546,0.799392749640599,0.912259721985516
"1491",0.982905484300251,0.928840146081089,0.695184819323972,NA,NA
"1492",0.964094680379887,0.881999868992864,0.936096078600473,0.848402684622574,0.911243915504527
"1493",0.975032623670839,0.921739054233655,0.736114049686527,0.817107138780911,0.922923807204946
"1494",0.926745010846362,0.926098650506944,0.929314524886275,0.73686710381985,0.874176892645532
"1495",0.962296044609,0.914628162511059,0.90124336018331,0.956051186651938,1.07236143130842
"1496",0.852130210357815,0.737817925054947,0.782326557688016,0.843756404497885,0.945380675273144
"1497",0.869450548383966,0.880506479857698,0.806048201312794,0.850983583911749,0.861053005903392
"1498",0.952847530017733,0.971990185991386,0.618889019566387,0.730124279773481,0.811045201547688
"1499",0.89166520081729,0.903347266230759,0.92548884172214,0.859544815693169,NA
"1500",0.980725340062027,0.844475750001791,0.900921088599851,0.749728898933379,NA
"1501",0.980702252474468,0.956775525395082,0.945893190226528,0.670804632713241,0.79003513631451
"1502",0.972505265910921,0.838937443481089,0.812261400009201,0.89605839213247,0.786992674132519
"1503",0.955387145167376,0.97527418463852,0.941036143124818,0.86809151504562,0.982117785441563
"1504",0.973390496137418,0.85070258590356,0.746681208411337,0.797406423485419,0.934181934639511
"1505",0.954615826134919,0.972440466196265,0.774388943675708,0.700105675533767,0.84739246827911
"1506",0.915466046685238,0.81343298462843,0.815009298179378,0.793425229880709,NA
"1507",0.865168989889734,0.877394439404876,0.845541176092625,0.806531535653356,0.848170193313131
"1508",0.933896110783659,0.885146945214963,0.82423250185295,0.756553593878836,0.872300804515763
"1509",0.960678181029219,0.988434922502492,0.712246271538927,0.791264807767001,0.950228544582888
"1510",0.964795711896882,0.904939436985613,0.822699465951142,0.883945472638471,0.954965429813299
"1511",0.934651250191671,0.950729826117495,0.833433639870265,0.89391485439628,0.834253579025936
"1512",0.964301214880711,0.978940826090921,0.729832762409611,0.823909418531689,0.904658028553637
"1513",0.978238792181178,0.771305597309937,0.675538628470809,0.675484785005758,0.832622507734454
"1514",0.971837243866129,0.884988376621708,0.80693609702178,0.725494245164351,0.842231756512046
"1515",0.974389828720597,0.970982432131732,0.75838641587645,0.762119520481722,0.827364612395439
"1516",0.98159927742825,0.972037458457321,0.759878432664573,0.856409451074565,0.867642208745758
"1517",0.898775882247772,0.904967068516766,0.977652184332125,0.780493473710134,0.905485068257372
"1518",0.908871717297636,0.918450457985148,0.868296017862076,0.742835491949564,0.823188308769351
"1519",0.954386855013031,0.960663650342434,0.859698061459512,0.859988392312534,NA
"1520",0.977344735466323,0.94551745981984,0.734290335663998,0.862765504799403,0.928983836377642
"1521",0.974943212642118,0.88165661168762,0.754924537603815,0.804697604972707,0.906639545137912
"1522",0.979544967694991,0.988522674449774,0.754452642207672,0.867524326603518,NA
"1523",0.965965899050301,0.97970425666703,1.00587188235163,0.805504665675422,0.888152560183288
"1524",0.977505438386368,0.9628414700604,0.924805918594167,0.874939613961021,0.856259612969939
"1525",0.974169696659577,0.980303101122877,0.824535300184966,0.813920998691849,0.73082674283686
"1526",0.978679152118465,0.975626257494234,0.716961522762581,0.798585467971093,NA
"1527",0.947106232854353,0.95822083711342,0.669189952040576,0.784516169984389,0.89719072235875
"1528",0.97006075192338,0.991075420890369,0.750215106609574,0.807412728767846,NA
"1529",0.874678618014752,0.880140390848568,0.8129922089737,0.820004570253529,0.897257018340392
"1530",0.968642841681671,0.984193344142354,0.798744552365127,0.872069057643344,0.935618449730153
"1531",0.907159169467128,0.936221042600814,0.795369243627126,0.839264244363759,0.965923848729222
"1532",0.975155134996073,0.852223616287416,0.803010154589013,0.747443018576626,0.899674648103207
"1533",0.941760368489655,0.958607082481469,0.969545438144441,0.868303518646399,0.986546870408055
"1534",0.979413191047767,0.911027819544648,0.803914172351953,0.867734096088459,0.93206334461202
"1535",0.971999819621552,0.984422923684758,0.870948583503838,0.785869905155718,0.870990493180109
"1536",0.959138964619097,0.966906560071079,0.795601859856483,0.799604023716115,0.903767258013414
"1537",0.9725055125126,0.98933091087713,0.9942008363546,0.872007663679551,0.946181571348342
"1538",0.956338319039255,0.975036687432146,1.01709361435266,0.83783201560468,0.957567067912465
"1539",0.990001343253457,0.916117876320698,0.695362960598252,NA,NA
"1540",0.928091186216479,0.94951878027946,1.00236549958029,0.944411618055681,0.979448018182363
"1541",0.892609021070633,0.9132585647887,0.806023807747875,0.887148294241489,0.990836769881091
"1542",0.938345584036329,0.955086851179019,0.834824353559584,0.764668253880252,0.78371011653982
"1543",0.969972738471967,0.761972677337655,0.763321209430188,0.740330670550587,0.837564569021029
"1544",0.960738438094276,0.876328304293759,0.844997650626582,0.788198169601671,0.841744894595362
"1545",0.955525143298864,0.834724326019956,0.845912426228844,0.716439896466132,NA
"1546",0.946112151721584,0.937066210411971,0.887087668513884,0.886576735051222,1.01282508284515
"1547",0.958853523186974,0.970235929666875,0.837207377610672,0.929945028166745,0.959685901667465
"1548",0.960491320126684,0.931281677027551,0.856345685223455,0.783248472481291,0.915749415738023
"1549",0.967085304804272,0.879224675831713,0.888251364028787,0.71639728509243,0.822600879282227
"1550",0.960033076007525,0.815220495515382,0.664999506755742,0.722971799681403,NA
"1551",0.929223545540172,0.920247719476287,0.765118412977639,0.831608017197954,0.744572976054273
"1552",0.969488434753782,0.978017303314473,0.841509124182215,0.798596838152113,0.925762650520324
"1553",0.945340329184066,0.931951312069306,0.818302007439322,0.873993041934115,NA
"1554",0.966320105626556,0.981716146685093,0.760460275593026,0.763253986190322,NA
"1555",0.92630578876542,0.943099209778794,0.764334655637172,0.826427521044157,0.889130712997518
"1556",0.871509554481821,0.822255590413712,0.882282722569706,0.943411994670366,0.842859338727085
"1557",0.971001244296729,0.83294472876704,0.760498681372211,0.773983143709012,0.90270871358578
"1558",0.961443695747262,0.940870243809837,0.785274588803895,0.715890425085965,0.836151924409799
"1559",0.942758995142739,0.960405451042773,0.873580109268109,NA,NA
"1560",0.86456010885764,0.78423487873239,0.854380042004918,0.786487474325708,0.878331080879676
"1561",0.966126753695051,0.987306616008571,0.893810666548505,0.893198098171869,0.990096451706553
"1562",0.895158919315627,0.915300621875666,0.967127814845679,0.816251828659725,NA
"1563",0.964907181727489,0.876899463869526,0.879492572938044,0.861234754480722,0.945233975760954
"1564",0.974803469552179,0.911861352816384,0.816977839841805,0.738743065349659,NA
"1565",0.941624033050443,0.959000328019639,0.892789010356513,0.673336803591804,0.776957151475086
"1566",0.913593529155874,0.930327838040309,0.826738195364448,0.85066117138979,0.964183599262094
"1567",0.970670256213715,0.986970478080302,0.888416505955404,0.768410161133602,0.91333680108176
"1568",0.809926437887944,0.818704711354748,0.738411572490729,0.74855641108802,0.903871491597773
"1569",0.963994813569255,0.883864943585808,0.805176755383584,0.7474709558629,0.875479933257893
"1570",0.868598556395372,0.78506068328411,0.823075188547899,0.834728744111576,0.94639792732146
"1571",0.964710956625566,0.892868763855946,0.713252462042893,0.763246283316496,NA
"1572",0.910870439290404,0.928929021092813,0.737585300865769,0.795124931696172,0.84370379713484
"1573",0.856265552490873,0.875566698065833,0.774384486706446,0.785268757732322,NA
"1574",0.889182598476427,0.883856795691583,0.767586244264138,0.681077084117159,0.772806381409857
"1575",0.987141050005033,0.859811007821653,0.855983763304927,NA,NA
"1576",0.950791387378159,0.96751954510242,0.8898828108059,0.814344064160731,0.831202746735295
"1577",0.926465143785791,0.938166416282771,0.87072219699011,0.772137256481141,0.822653349785511
"1578",0.899419131826827,0.914595356473691,0.67921247145415,0.760523691009593,0.889396424731595
"1579",0.95182313122825,0.908031242931838,0.757385981473587,0.782761334924555,0.76502059617895
"1580",0.984109903148553,0.906242608937897,0.73510082602154,0.759224406979493,0.831463495494474
"1581",0.979020155875212,0.911409167479272,0.960071825042886,0.697106949807909,0.804531169247266
"1582",0.960570526976174,0.861551134884281,0.856633728874866,0.712759044168898,NA
"1583",0.97219771935245,0.983428854842698,0.76230442137862,0.702072779717153,0.853635568749583
"1584",0.976703572368349,0.929587748350304,0.813712155159528,0.898495120314973,0.994082376427865
"1585",0.927478409638144,0.957892505753733,0.931037432972616,0.898577523800022,0.850621289674191
"1586",0.896297838921628,0.908667117003973,0.853659303077352,0.806197957564245,0.914218077421955
"1587",0.896996714653935,0.871964852495331,0.730434698611763,0.794033595589504,0.920397275137089
"1588",0.963608065929867,0.867421122371643,0.802823363702087,0.851992479674041,0.876528985406506
"1589",0.824277229049746,0.851564100803344,0.760885242957857,0.770525062395451,0.885524257587586
"1590",0.96148986099975,0.974123778010792,0.889208549432912,0.936008312557398,NA
"1591",0.958616698724945,0.876566007753575,0.766805773225491,0.843751459190725,0.96038287399083
"1592",0.965320048793034,0.829966642140132,0.573688195071044,0.658795015626875,0.819592647864673
"1593",0.965772605606705,0.88884560537923,0.706417637297424,0.789869168642074,0.881048601983395
"1594",0.972763353358194,0.885099233995255,0.668106682003987,0.763660771916568,0.847097356000002
"1595",0.954710424576761,0.97160475926293,0.869713304242408,0.849592859809048,0.878455939507185
"1596",0.961738311150198,0.795151673165944,0.864923667514112,0.684290920026453,NA
"1597",0.89799688258769,0.875627211179902,0.799484662276215,0.883751044348751,0.792840753351087
"1598",0.920645972751409,0.940634036139786,0.884275695689037,0.827580065121154,0.879258852583089
"1599",0.944122107715909,0.866836214441086,0.729648114780097,0.765457415611081,0.789004627440149
"1600",0.904974041225096,0.913848895035456,0.964530244623552,0.972946584513681,0.946034276757173
"1601",0.968325865854168,0.975018140814674,0.899779792960103,0.761716027389498,0.878304559619835
"1602",0.89353544128789,0.910463321287928,0.785036408377307,0.885616840635871,0.986294325101509
"1603",0.96601887729963,0.839496294161725,0.895967826101439,0.737423438895574,0.885642730859418
"1604",0.975332905787517,0.986468493078239,0.795834399005761,0.80381953952295,0.844907779190179
"1605",0.947181352891733,0.87856047682692,0.689690517743509,0.787739545228309,0.895281204704719
"1606",0.981045607454265,0.962225718551833,0.788322299255537,0.859876514724292,0.900046964598124
"1607",0.96240491292899,0.9055288367179,0.719274348954954,0.780543056902853,0.855096632624875
"1608",0.984683618241598,0.83327142682388,0.765282563524621,0.814999676860726,NA
"1609",0.966336146214194,0.959428528480703,0.699410583523212,0.738055647534103,0.853973904851748
"1610",0.961032358951943,0.96833066767369,0.866608664369781,0.793717708399282,0.843451330016626
"1611",0.964405895007578,0.868547532498074,0.746587631070356,0.835447050858135,0.877632320791929
"1612",0.89492406535847,0.909239122408975,0.969324213363161,0.890535966432506,0.979584651817944
"1613",0.828435275662905,0.847929287672178,0.924890868091974,0.678500430015243,0.883317745417651
"1614",0.962918381115885,0.972495316993621,0.842305886245964,0.760221932529512,0.850217424255423
"1615",0.988627582365428,0.993910790763772,0.861780478139969,0.8681184445216,0.857661954247901
"1616",0.967095371871091,0.890410480187721,0.805148200389115,0.782899425805785,0.801508554679748
"1617",0.931224465422779,0.942670675879877,0.870217612404004,0.741275801831212,NA
"1618",0.957015613934456,0.845440018193407,0.85565769569108,0.740072226879083,0.849837799095482
"1619",0.939347581167421,0.889844634197274,0.758753760171782,0.789337162355111,0.908487221950043
"1620",0.946251316474403,0.769099800374325,0.7519932978708,0.802854189693153,0.858265283480222
"1621",0.944307252133124,0.961110459042379,0.848456786834839,0.723000801441523,0.860382647411847
"1622",0.958741439376947,0.976098881043873,0.71064103011033,0.713890168533315,NA
"1623",0.943157809206547,0.960229011201474,0.876445930866944,0.69123730284261,0.833438679507077
"1624",0.958192996685087,0.932028572590475,0.785408017073753,0.873286676523676,0.957044730257349
"1625",0.931693272747449,0.950230260681637,0.811356205594989,0.84581426196148,0.899597300845215
"1626",0.978144179472944,0.989107399141134,0.759954299314992,0.819869173331841,0.7823647194081
"1627",0.974274551915492,0.881869814442747,0.892638960842698,0.894221932112952,0.953461781718247
"1628",0.970220118979766,0.975948810298686,0.746769392536618,0.764990627917306,0.868511994200686
"1629",0.971646221027048,0.976620309338603,0.782972587355311,0.836400481577217,0.864887206339942
"1630",0.892688203850698,0.926784547549004,0.831428983868901,0.835360869507661,0.94213250522648
"1631",0.902510899839915,0.914181532315293,0.796175212675541,0.850242594499956,0.898177631902933
"1632",0.988894158759919,0.998401818263586,1.01527700024402,1.00536881833024,NA
"1633",0.963381388640836,0.88107801574177,0.840257108703779,0.897054488701714,0.906790035033722
"1634",0.943272794203598,0.837424180941087,0.770148603544562,0.873284432882799,0.987397965938676
"1635",0.983486434972815,0.938806468694885,0.911370528001599,0.901235999942958,1.01118835785056
"1636",0.964033771771877,0.973499701194204,0.730571865482343,0.801784076477851,0.934722446876157
"1637",0.971655040199345,0.878692532063295,0.762227790980389,0.65237487184352,0.790002967497546
"1638",0.960264033124379,0.929843823995632,0.992490477823761,0.775862744641686,0.873935798630804
"1639",0.966077517346472,0.910596941264363,0.665885647535135,0.702002351454268,0.812961527690425
"1640",0.986760227995502,0.879860085398406,0.846377089851498,0.727719912429433,0.834231571454716
"1641",0.742043002621779,0.748352679801741,0.831998355609875,0.897370027851709,0.85050443140173
"1642",0.97688846586367,0.882093649092372,0.733574758963435,0.797531516035821,0.859938355691712
"1643",0.966688961734717,0.990170138027651,0.787570165835817,0.733142290743836,0.848623512429988
"1644",0.945949097204642,0.859964105977816,0.927490837421794,0.726798731052443,0.810567730588136
"1645",0.956561968048172,0.910573621602719,0.779529847928018,0.800040734778657,0.830226425385313
"1646",0.957394360462162,0.810434554820692,0.750160511126186,0.834774012362672,0.990580337891141
"1647",0.96581890263646,0.95894213760561,0.725652292742019,0.787604226825066,0.82654937097825
"1648",0.940721249031477,0.954746574077299,0.752728275473806,0.746224767466934,0.877649377758851
"1649",0.976280269654606,0.94930102468731,0.88406528551321,0.698412714231686,NA
"1650",0.964837451774472,0.887235011248676,0.956081860886929,0.847842061071896,0.882101862984371
"1651",0.952355422620633,0.972939927288211,0.97716237620291,0.787401780149751,NA
"1652",0.928736701212755,0.930648730342471,0.867565712230932,0.926225925473429,1.00930209554195
"1653",0.973189686738163,0.982326238679024,0.752007516026114,0.824778374220664,0.824365144197114
"1654",0.947449329093682,0.9221184170969,0.909417244270027,0.693081144820498,0.778981014865466
"1655",0.946071430423779,0.914878239557173,0.706960703454584,0.738886804397974,NA
"1656",0.913656941995215,0.920173803211241,NA,NA,NA
"1657",0.955676794371798,0.975725523231571,0.85242980646998,0.828817167641665,0.955717832487886
"1658",0.966456671694225,0.923504145022359,0.716107136056759,0.705141756400904,0.855262745657592
"1659",0.977033566970258,0.966672216149322,0.91982592833605,0.752283203114423,0.889882861319034
"1660",0.919451118476388,0.857889637338678,0.753418014175185,0.838793336282416,NA
"1661",0.974386434304838,0.942490762036501,0.860429647424751,0.791670987360949,NA
"1662",0.896257760844415,0.909289172872695,0.787176555860452,0.706108445003323,NA
"1663",0.963108374264877,0.980789630588866,0.898646921111291,0.902654869446039,1.01993813156434
"1664",0.973924273653779,0.961909779070673,0.754994662688058,0.640028344417329,0.791578855744082
"1665",0.941692917367848,0.952556781614041,0.734985576595416,0.750781510571133,0.778397796003428
"1666",0.966743410838795,0.963895016746602,0.698446881094622,0.775512180483708,0.895448349917615
"1667",0.925070160732083,0.83272893477037,0.861627431477997,0.928239920016842,NA
"1668",0.979881634431927,0.871763146290356,0.848616901212056,0.899159084389235,NA
"1669",0.94749755601371,0.924649987134645,0.931064494256886,0.823113449259768,0.837325313836487
"1670",0.924916799415334,0.939357344488876,0.76117541119872,0.826608536446327,0.826877588735207
"1671",0.964899353068558,0.810415512173821,0.768924025365837,0.776875864589113,0.892355684671386
"1672",0.880863710303949,0.877007225755584,0.861393737935129,0.889882259605948,0.936429300540182
"1673",0.973529161244866,0.765510406968935,0.772044138206944,0.806213681067273,0.816368010686222
"1674",0.920603346445719,0.942695000086775,0.75978197324547,0.804243153445305,0.932897944850664
"1675",0.94227368257431,0.947737193743754,0.845183032521708,0.77183661543479,0.910830185280966
"1676",0.949212230010207,0.939841432271905,0.872568877147216,0.726102839116545,0.836287951269677
"1677",0.846413617178836,0.869010480198142,0.678648023014887,0.765391534325714,0.885322956125471
"1678",0.977927633056512,0.838829578501151,0.79333805166102,0.669609874069693,0.767016984568241
"1679",0.945413580391936,0.871346973425443,0.928671264771786,0.906260348581723,0.896067268803813
"1680",0.921780099804946,0.936084357793412,0.75369088619641,0.830261126072088,NA
"1681",0.910368744758863,0.92526525178696,0.749580961172464,0.837833137715805,0.863178237611933
"1682",0.963575181501885,0.895137912888212,0.952671001782773,0.828154676792616,0.883158273983446
"1683",0.936724220164828,0.872876715154347,0.913182625704786,0.97981262257585,0.912598360418034
"1684",0.930773641353813,0.826817839485045,0.806758815179643,0.848444995588957,0.955377678516377
"1685",0.942429991337897,0.717471673664831,0.769054143819668,0.837203261517548,0.950828685894212
"1686",0.939014578946655,0.958608216846518,0.82518658881488,0.709004446192907,0.820476747386563
"1687",0.961428924278835,0.843527798758644,0.708394208837368,0.815343813177342,0.806617970238378
"1688",0.968539109579158,0.943616291956366,0.849633980834681,0.775861130802838,0.856797105883774
"1689",0.889880474673791,0.912571925090203,0.831026427221854,0.890754111510092,1.00880087268506
"1690",0.947936018645459,0.970449365691389,1.02301947981534,0.88299003385512,0.914218163546518
"1691",0.964860980340832,0.836359262811384,0.878807026129938,0.735318685476777,0.865535497859095
"1692",0.971614319320418,0.98582812044122,0.847796143701023,0.687636327892621,0.828446302732043
"1693",0.944798733803653,0.845223953729227,0.855856843371793,0.821239941465278,0.911009978640123
"1694",0.966966868889028,0.839717131781425,0.782585821902735,0.873060951295472,0.97104667047335
"1695",0.972326594904323,0.87058491497067,0.864813780477605,0.842070235685606,0.95396781725358
"1696",0.89810081396573,0.910478118392611,0.657287967729854,0.645559111467673,NA
"1697",0.873136357249658,0.88752527954911,0.853407337043759,0.865084411830186,0.879165339680034
"1698",0.961218584874973,0.902218354375576,0.873237572995604,0.893674930735645,NA
"1699",0.908777019185766,0.933251492010822,0.882426706715127,0.700388447592234,0.869878208147918
"1700",0.940452420332699,0.967719593643661,0.949156835949845,0.734686775523663,0.822753095851252
"1701",0.956851029534477,0.883750475104194,0.818208290099398,0.765056955534802,0.875253073990158
"1702",0.875944420380113,0.902248780308901,0.932404288312657,0.728271629775668,0.833529516997835
"1703",0.90824065556765,0.921762985387614,0.825582920953404,0.794761336379418,0.9282924622544
"1704",0.86643582842167,0.74554510551315,0.718636342800026,0.770444203729469,0.880761888988275
"1705",0.914768778679952,0.932329562984735,1.00632959841066,0.722721739986307,0.860529237779326
"1706",0.870618154307697,0.869005929572726,0.789343183920301,0.793337159634045,0.915030682932799
"1707",0.940201127651788,0.85655689125215,0.760656124586227,0.839412520817029,0.900444891559542
"1708",0.882164150445609,0.901844147290584,0.939169265480523,0.715637566833685,0.869352284819011
"1709",0.964030526542597,0.861056027657412,0.898731231487548,0.764551243974712,0.818579096935028
"1710",0.940276072958829,0.95532122626949,0.782917864318028,0.784739167640762,0.759088976716776
"1711",0.958420973779532,0.980043821311917,0.737300348964935,0.84531340733306,0.942766796736822
"1712",0.978460724990902,0.988335421373058,0.853394751045752,0.857254068898394,0.955164241886217
"1713",0.940285217515632,0.933637665335611,0.862979465434062,0.859533882488301,NA
"1714",0.98948492479994,0.981553159737871,0.928026482964275,NA,NA
"1715",0.905665980419303,0.863516061900393,0.800602900386549,0.810897713039726,NA
"1716",0.974414082882312,0.863627125037667,0.82938667988433,0.682875449722872,0.822071592167856
"1717",0.982599866280217,0.960251411918707,0.866904168994642,0.753948663791765,NA
"1718",0.954289871853339,0.972878079284105,0.928661327496491,0.763660087406501,0.804131385238854
"1719",0.915226852286794,0.870012235236096,0.848016585072114,0.710897431620877,0.805486288623251
"1720",0.944987997485431,0.89862004327444,0.771659501141799,0.838258760981725,0.887466579302311
"1721",0.92193484783881,0.794376953503249,0.853477128474973,0.541847688269647,NA
"1722",0.965374773254167,0.913030929208167,0.721870216096937,0.812528980782145,0.892513897578589
"1723",0.970204136610107,0.988436176119276,0.856729157405962,0.952341623452164,NA
"1724",0.901844138373184,0.904221344344806,0.827750024596147,0.643144482646776,NA
"1725",0.919862568000168,0.927417946730788,0.810637385154368,0.874332721200455,0.799348441107502
"1726",0.952779956057203,0.938546905121313,0.858219033107098,0.879889873680528,0.853428669632575
"1727",0.941673351567853,0.874492098696188,0.802619186154807,0.734615606000206,0.889252307341105
"1728",0.964728138851828,0.948733181120822,0.767921791932568,0.803511759858054,0.847357375152496
"1729",0.897214975885782,0.723033815130611,0.748833230418566,0.803915741982441,0.951562531138972
"1730",0.956265585534167,0.979835287042057,0.798842455913446,0.798954629510888,0.831493351829847
"1731",0.920267457911581,0.9365129389438,0.902837147082853,0.873349432198015,0.903246093169236
"1732",0.972835950419669,0.985171736781776,0.888492945049095,0.738379712972498,0.853078182738786
"1733",0.944573434899998,0.878146864043263,0.924938315736918,0.804711211846945,NA
"1734",0.953707676406319,0.912699207426683,0.977000414692712,0.75766070642932,0.888028718223442
"1735",0.962186341184543,0.798313301578484,0.835256308308465,0.8275222501044,0.891735400118521
"1736",0.975505994700732,0.918014530931794,0.781044114038992,0.898816601765627,0.949998655554359
"1737",0.983159471065736,0.934881166376931,0.904692176374754,0.735727867822516,NA
"1738",0.935366923981493,0.958591580375934,0.792112055832989,0.758965914276002,0.763733510161264
"1739",0.901072830109378,0.88518888337085,0.766770094568939,0.82116276917598,0.819746036936539
"1740",0.922531090455068,0.934012347070711,0.913303202426374,0.866112155485299,0.785912194113687
"1741",0.972875218795556,0.841817449056136,0.741274056362153,0.811017298187463,0.88957182234864
"1742",0.908685807236551,0.917931312437182,0.804266816059142,0.863719072146627,NA
"1743",0.9414314161425,0.973177904590876,0.70850087646013,0.765548403398089,0.914597979328623
"1744",0.950859602053691,0.870197577462181,0.814557535449335,0.787693083750472,0.890305605893308
"1745",0.884983378895965,0.905956120895524,0.969650768107305,0.771009165290886,0.886645993160888
"1746",0.948235906849261,0.956619851279966,0.713237345491569,0.78703886365091,0.846309285972541
"1747",0.923322174442291,0.852066671223201,0.841815300297304,0.888747979495031,1.03492701411486
"1748",0.820622640994967,0.832217345862727,0.611864217378173,0.688257425416455,0.860952810277913
"1749",0.976243206984755,0.893443886022013,0.941663760432875,0.754312277663404,0.847310226513511
"1750",0.862634837960764,0.876521718782835,0.765548187478768,0.793393301716683,0.847394804756276
"1751",0.943578572217891,0.95434956048039,0.932249822724868,0.662993182246331,0.824003917583623
"1752",0.971205994291187,0.978835298948967,0.821165776308191,0.813725303240701,0.927443747102942
"1753",0.930691970606235,0.950613595504713,0.786576611544017,0.890151516681404,0.984276093953356
"1754",0.966474484512584,0.980725333524074,0.860572440688366,0.842634990310078,0.759981483325436
"1755",0.971868855348575,0.960648542091958,0.839193059674695,0.910526821718114,0.880998789733951
"1756",0.960839462913062,0.916724793267055,1.00485029749559,0.832309419785004,0.961224901701039
"1757",0.959078438066961,0.949768827491337,0.763761400579489,0.773643989134116,0.911699851767518
"1758",0.942617789504464,0.936561323024182,0.791080857442151,0.799801483892308,0.909543022403114
"1759",0.978025359715067,0.984376639073651,0.777148236196885,0.711451713615633,0.760693797871567
"1760",0.922744072706633,0.931213821158564,0.802089266892781,0.862126699504147,0.882744081875266
"1761",0.988182677180692,0.997822349983778,0.774211073823518,0.772567021657684,0.916292733074873
"1762",0.969454430665318,0.983678021049957,0.733302026360865,0.780458557682504,0.868217678673091
"1763",0.952266287133844,0.876360183724702,0.847194055069571,0.73742947790351,0.857811521512883
"1764",0.927167949687824,0.937898203450299,0.81447077684476,0.804449094579196,NA
"1765",0.970455804109166,0.846703031565254,0.809063626070411,0.866545099388433,0.968075067250856
"1766",0.867900434063949,0.734485326699956,0.799137569203152,0.885444238243379,0.983238656586778
"1767",0.92321854355614,0.928421242039416,0.8525273375421,0.838853950442397,0.813855291809708
"1768",0.900530473080484,0.903583884023979,0.802237299103728,0.772999933366071,0.906588319997604
"1769",0.891596356110755,0.919253612042738,0.774069900711785,0.787904014782843,0.880463534788781
"1770",0.854806121077374,0.778677525617949,0.626704487282342,0.731310608904127,0.853330464625644
"1771",0.975733878537643,0.903981352200304,0.938577344146746,1.03720377336809,0.865250158454554
"1772",0.974378059592282,0.95540588468829,0.794397898825678,0.810406279604276,0.938856524064529
"1773",0.942108478272502,0.886914352768156,0.844491156948425,0.805605334762379,0.855713473990162
"1774",0.911497405798889,0.923630942820145,0.60693375780047,0.63893793862244,0.732213706236705
"1775",0.959588238589583,0.969935453990677,0.876140506777553,0.779037157845948,NA
"1776",0.978808924371011,0.829513117550348,0.724746557295386,0.806017236592334,0.830348883225663
"1777",0.716633229830357,0.737815969876291,0.722366883546613,0.782347675635861,0.886101442419692
"1778",0.949121896078727,0.880134501852009,0.895683405368272,0.789431916940763,0.824526319771794
"1779",0.979548165099182,0.833066979810898,0.718673098991267,0.809159437309935,0.884033256904147
"1780",0.924626373818959,0.940167576036118,0.991238273417095,0.776937668059316,0.776519929924044
"1781",0.965600989503107,0.870007105120396,0.641089453700122,0.708243547349491,0.749765050652834
"1782",0.963388743226007,0.827718106611024,0.888088163615031,0.783739265643392,0.895756874818969
"1783",0.966576443885594,0.883399106106718,0.855112615289592,0.666801510243174,0.83146950788655
"1784",0.963340604388103,0.921369506548391,0.746708543555312,0.700475272061675,0.840110555737012
"1785",0.939781672381927,0.962684013046429,0.758593409961726,0.826864384366022,0.956718174790397
"1786",0.966696973398998,0.920632905857191,0.83353540954412,0.799952764734054,NA
"1787",0.904177623334733,0.88286970756736,0.824116791586663,0.875260014086371,0.980411371596333
"1788",0.956366168284117,0.77789354871155,0.835547640417467,0.924400870642857,1.00747400281684
"1789",0.968568048708306,0.877324134437125,0.819921361919452,0.793517106116263,0.929464596582466
"1790",0.95883546122817,0.815019584652674,0.827073435308504,0.807379540165762,0.886049004290135
"1791",0.94977622062538,0.912437071028811,0.702559351639236,0.787405510082507,0.917949239237754
"1792",0.868931551735064,0.893534961893683,0.893232804380688,0.69657477978185,0.780164293225942
"1793",0.896646789537948,0.923262973144727,0.832752480590963,0.850014471637497,0.903417126975021
"1794",0.971334460254418,0.954502900698105,0.825899496342703,0.776426102755052,0.87904188904051
"1795",0.952257411676553,0.801310823101841,0.852449358883623,0.774927634623958,0.821573409274477
"1796",0.91221220455561,0.9337630155744,0.988380787801457,0.825800462654898,0.880740744011285
"1797",0.947019546355826,0.833090322336369,0.846634027741273,0.892886682858115,0.911780757388624
"1798",0.961036866591635,0.828200504747179,0.696091806368235,0.701162371796568,0.828334334795507
"1799",0.973497756385354,0.88911329890087,0.92077770616086,0.921091548794485,0.926057281799205
"1800",0.870024820784402,0.885764296018634,0.936939078629439,0.773763700486412,0.888626623440669
"1801",0.97701570401964,0.98997059397374,0.850453202981078,0.842415498545281,0.82533326543288
"1802",0.87237006437433,0.887053313438529,0.763167038205546,0.783043696156258,0.912902774680153
"1803",0.9634558818714,0.934206623654623,1.00403132076311,0.722889606327378,0.843697623413281
"1804",0.987746935999801,0.890198488548768,0.756665506646092,0.783700847441992,NA
"1805",0.928558675340898,0.940012686848505,0.820673398367386,0.769792300058338,0.902632767090601
"1806",0.900985230722865,0.923630955959988,0.77078646214484,0.884701842365964,0.983823171962007
"1807",0.963909193722027,0.812354035087653,0.879879774236119,0.663575429646207,0.803138922701932
"1808",0.91828247941347,0.922619907074604,0.804435700215148,0.834573018286084,0.900535547078262
"1809",0.973412373506724,0.956927954293966,0.734294191223911,0.824592864197306,NA
"1810",0.904857314533633,0.930492929853017,0.68313840061897,0.689835149235481,0.837311239649904
"1811",0.941785104775073,0.949798957874392,1.0006253801717,0.835550094438153,NA
"1812",0.933905021906466,0.880267107124245,0.852233010442017,0.700847977167234,0.833581525065119
"1813",0.926171320691919,0.936857463853,0.839736777433911,0.900942832520184,1.02883143123247
"1814",0.966743264124348,0.989100167315553,0.845758243207354,0.872461714539393,0.877515081961533
"1815",0.871474494866795,0.88748892015158,0.789397816148766,0.86123340778003,0.978572809875834
"1816",0.827664027183931,0.840981581094633,0.869854313183702,0.758498994404168,0.858080746648975
"1817",0.842722314840561,0.856113189258103,0.771068016494273,0.85313941989209,0.948858839442304
"1818",0.921565868870869,0.937023230955051,0.887698283256677,0.735150706016315,NA
"1819",0.975284068500154,0.970586078840903,0.849581540542999,0.915489956788738,1.01838086087811
"1820",0.941531381513727,0.963690935372243,0.814968643271198,0.785541240050241,0.919809559462885
"1821",0.979804815231264,0.980316198363305,0.783244475091837,0.870057603463127,0.995055398209496
"1822",0.96405757621105,0.896212652771088,0.782713108767315,0.755563958319978,0.827014445612295
"1823",0.984683263429024,0.980210228652231,0.809162829399917,0.888654876453418,0.953531968205812
"1824",0.914579837106464,0.919393326770223,0.847438444154333,0.933469898118425,1.04443148298976
"1825",0.93387538029355,0.958927654433273,0.800458266818966,0.766233746836737,0.864193683407547
"1826",0.959948682481148,0.954005278075472,0.891448448341641,0.955283149385904,0.792054639986149
"1827",0.907548101347726,0.926582059585264,0.93464153471492,0.6598359194951,0.749536464523586
"1828",0.977973157983058,0.972865199001248,0.774121671191501,0.611283957875084,0.773841944918938
"1829",0.80823790621447,0.825837427987407,0.742454117927203,0.827256458136379,0.939800695449223
"1830",0.976530319531245,0.983170951205117,0.908249982214695,0.730882082805415,0.832035609810763
"1831",0.9626510013159,0.98302060818263,0.888939433244281,0.879855653265575,0.997871696216027
"1832",0.941228393501116,0.878930926114858,0.659140118247391,0.750027282744064,0.766332967877714
"1833",0.869391376223303,0.882825234792878,0.801943920697908,0.872538674534877,NA
"1834",0.977295872261191,0.806475181085284,0.884470458630215,0.846731160646021,0.881195196314331
"1835",0.914353978619581,0.920833523190802,0.75383074767729,0.811290000177935,0.928191180371246
"1836",0.94121456000198,0.964509854517136,0.811175420013207,0.803050852102494,0.855565990620735
"1837",0.94716085344659,0.950373894011971,0.811234346310662,0.860475183177692,NA
"1838",0.91742382295657,0.937477427651214,0.634640352580505,0.724191818584356,0.798771752441429
"1839",0.97669182483228,0.994020729669277,0.955311407498491,0.832748148358038,0.883396789912916
"1840",0.900607407963821,0.836577806786032,0.738998109440583,0.684607353740681,0.850198172670444
"1841",0.965267555516152,0.790855811357576,0.814193507006108,0.697290594744163,0.76618545406864
"1842",0.957826594853862,0.928711068487345,0.889318984768005,0.728241595376471,0.850065893411259
"1843",0.866249490526188,0.742469457934549,0.817645010429626,0.86043597551776,0.919232997143084
"1844",0.892430730714296,0.901348523659431,0.863903476574802,0.693106943907835,0.813403346755379
"1845",0.972263397841957,0.992773730487684,1.0282487131604,0.820980298459739,0.855570818028814
"1846",0.968752651505933,0.986163091467789,0.699143529332559,0.789608710735087,0.893589302028997
"1847",0.939469954907717,0.965631003972976,0.961326030954926,NA,NA
"1848",0.955597206180671,0.978340619405846,1.0431397539232,0.649885941063612,0.811552487725447
"1849",0.944206690093896,0.796739517852375,0.754955921549795,0.808394967489824,0.926381855419534
"1850",0.967727531255462,0.88008285623331,0.809290812274173,0.835571916012768,0.804591574306986
"1851",0.859908338654515,0.862500021364153,0.878278141411558,0.794330838575617,0.909869916719106
"1852",0.963921396782536,0.931902361382993,0.727418786937687,0.79661114036678,0.899133890609952
"1853",0.817830468872981,0.828098049902537,0.839427930345953,0.905451155902929,0.780790655575021
"1854",0.974694383308376,0.974239721210179,0.757543948823415,0.750248034033558,0.883308214521916
"1855",0.974356120770294,0.867918936135937,0.799762206600931,0.792856247731133,0.890743766720365
"1856",0.963294021873786,0.765421403650582,0.732865515906486,0.814194709679661,0.925842619785428
"1857",0.962688167141421,0.832237391288125,0.755936378796404,0.821809599521481,0.876475530861251
"1858",0.967997464657915,0.980524485264096,0.898714108611307,0.917978980689657,0.94483433352131
"1859",0.957960551789421,0.915558902527681,0.805763468971963,0.792890349842127,0.9037065713869
"1860",0.960654992315764,0.848014905351323,0.84598699467718,0.92892871265824,0.830283312236023
"1861",0.851066457082843,0.874653392960328,0.717935726176779,0.76994790612639,NA
"1862",0.924612287393778,0.92969631871715,0.941817721333502,0.855930724436329,0.967169692329691
"1863",0.958854525888049,0.888171238236779,0.93759167407438,0.779371307033662,0.938164906112844
"1864",0.981154557710487,0.989711846782075,0.939925452828428,0.789300136574021,0.918236075676219
"1865",0.965365665646924,0.935467728251849,0.857892686904821,0.854349904517484,0.939577779298988
"1866",0.958101483625522,0.97087179826583,0.797471313248568,0.863047159941498,0.984736153320119
"1867",0.944838105466867,0.967207521609193,1.01662246713169,0.742240404862427,0.87062028208006
"1868",0.870994922833035,0.846923099820153,0.823251589643975,0.885561985650182,NA
"1869",0.980954223811174,0.840278223237315,0.774427057937154,0.696166110042401,NA
"1870",0.87839462649627,0.876929526274143,0.640134932183793,0.757598097874409,0.876246960508297
"1871",0.954213792741179,0.953725759950397,0.71861182993253,0.798549727203508,0.928492343657084
"1872",0.983068330108406,0.902168795360622,0.831385515534462,0.884341482629136,0.954808882323819
"1873",0.823732133861791,0.839864472187832,0.862714925186997,0.796970211795875,0.919079589824791
"1874",0.828791500775116,0.792488652788652,0.866918574303291,0.87692710510537,0.983981378471662
"1875",0.91687929773826,0.939399354221895,0.84399374698715,0.754800962133045,0.871925193819931
"1876",0.818779209765455,0.830618021620729,0.85971095296364,0.875183693706014,0.889046273411437
"1877",0.962963419077662,0.874868047203453,0.930785227999508,0.818054557494658,0.845752934333314
"1878",0.922871443164271,0.935454371645599,0.717036816828563,0.715007716417757,NA
"1879",0.958748013561695,0.957691500952294,0.938273345094393,0.74477879977247,0.791621720174404
"1880",0.970763132128415,0.980313698822503,0.863830204721182,0.654751027860297,0.815708560296492
"1881",0.905199896779031,0.84758302900527,0.809333319224849,0.88605306726928,0.989843913126013
"1882",0.843255749623097,0.857882771139071,0.873971742186151,0.859337123447054,0.958568634988792
"1883",0.956049267702639,0.971625679793658,0.690523248994988,0.728526435708682,0.821525348807448
"1884",0.902300641042912,0.824444950256765,0.878239597833626,0.938960002764659,0.836861095136154
"1885",0.966938781933774,0.878733115193752,0.613740912656554,0.729710992569367,0.832450687187356
"1886",0.93581863405351,0.949352089930326,0.763940164889284,0.856700480331888,NA
"1887",0.895443365819408,0.9100983938937,0.956189434099155,0.804063461960219,0.913633695749325
"1888",0.954620626612331,0.978366895927692,0.780837714643282,0.83146815864314,0.765421636623735
"1889",0.981493703609395,0.879531177073492,0.913319895397979,0.742133447674016,NA
"1890",0.914031946418536,0.933518215917904,0.783566636203225,0.810198895041218,0.820479599152095
"1891",0.95731895371614,0.905727422216976,0.976440830179135,0.590868918096447,0.736082413966356
"1892",0.954329142235366,0.967810938341858,0.819678629429752,0.797282263858801,0.87436715799319
"1893",0.985449005481852,0.9933821619239,0.851757407489581,0.874966506308341,NA
"1894",0.907267432374067,0.866343312048472,0.806386049609582,0.864357330353447,0.972296955506805
"1895",0.90251504543357,0.763669428611584,0.687817019640615,0.765203215418045,0.894617641726752
"1896",0.964397974277463,0.982000960389505,0.779723474609905,0.776764681347442,0.819737384814461
"1897",0.973406861697209,0.951759802179241,0.841268245860748,0.936278838005803,NA
"1898",0.93924154517025,0.910480416175967,0.754170805311915,0.832496470641525,0.946494064176611
"1899",0.916659985956783,0.934486213470937,0.982860697643016,1.0104052537608,NA
"1900",0.894750871903113,0.882098323980767,0.795169262064456,0.745898399213474,0.862854433121636
"1901",0.967119496256468,0.964293453150209,0.782003275359637,0.793198077297819,0.925893769546882
"1902",0.965939199442894,0.908238290527587,0.743485854561069,0.792061892482913,0.917140066961001
"1903",0.96038312492842,0.901364901484283,0.752292833933388,0.668326362706763,0.812078255277118
"1904",0.882624542570502,0.897216210466837,0.793732410409206,0.686206683430786,0.812165273611029
"1905",0.944525909506129,0.959988599853744,0.899076752510019,0.882680220168104,0.814412078361623
"1906",0.958427632784467,0.972368305986445,0.839392193611761,0.887870263651771,0.870460542557016
"1907",0.964571868383723,0.961294352097015,0.817588024033833,0.783599310417069,0.935976439727783
"1908",0.864923807691531,0.899741874677192,0.682579596425498,0.667955268419557,0.800690827402719
"1909",0.926727045462785,0.933492710502523,0.77360612979675,0.841173000838814,0.956428399012587
"1910",0.943831609537339,0.955764547002873,0.806463343668634,0.844901727343679,NA
"1911",0.868152231850404,0.846730418228397,0.815869272382792,0.782279322763071,0.812920167550381
"1912",0.948128276896692,0.899675733265424,0.836420361055004,0.831496397272801,0.969509441561044
"1913",0.850372715615937,0.86433359224233,0.797771021286038,0.743976515256927,0.881444869662365
"1914",0.912113051041264,0.925645995084584,0.686056992372352,0.761970198684917,0.891308932704297
"1915",0.830167094277552,0.849943949763905,0.812266403090414,0.858160692059978,0.944876529186895
"1916",0.96112980177223,0.938320790484873,0.791832724273307,0.827077284718331,0.934757290265177
"1917",0.967615815580687,0.986819239390223,0.863949559079467,0.715486742146621,0.858871265967585
"1918",0.865742670975613,0.814075025704643,0.632262125527994,0.687999548302403,0.840034858290842
"1919",0.791508237582164,0.740483356563574,0.827938205444169,0.908357473323162,0.923295618804913
"1920",0.944025339556116,0.965728448312965,0.75470195789747,0.693086154705694,0.821514693171693
"1921",0.860872508258512,0.877427679917482,0.69342783557187,0.737956365272901,0.859952033755081
"1922",0.960625713204067,0.974689135710167,0.728005661579741,0.803478186323458,NA
"1923",0.973356267844609,0.99230629939385,0.819947176340694,0.891323991898039,1.01891541445873
"1924",0.956891669093086,0.877358383438717,0.766624226400837,0.684979307654829,0.83169210427195
"1925",0.945565756491907,0.970369616009402,0.73573946525713,0.74369709888523,0.892630449954897
"1926",0.978998417470281,0.907548453708614,0.814436499628256,NA,NA
"1927",0.843287790614823,0.867253439380226,0.734410468766054,0.795799992658448,NA
"1928",0.950905056614357,0.969484709909347,0.754477898158912,0.769268249956841,0.843687407367649
"1929",0.973380771244509,0.935713395033575,0.739923946455756,NA,NA
"1930",0.938462474827762,0.956786778385696,0.941721463360901,0.821501976828455,0.943498528381257
"1931",0.95863090769581,0.873852668510378,0.876242803647469,0.936114645821755,1.04331863873974
"1932",0.957171870879464,0.93753490876184,0.790281477665791,0.793061199319693,0.93128857529279
"1933",0.963459160587481,0.878901256692815,0.627361342919359,0.724388565107312,0.816113385320178
"1934",0.979987986138009,0.880592860756456,0.817131249535382,0.785249723535601,NA
"1935",0.966193716206987,0.937540685472246,0.705694148550586,0.854145092408191,0.895021555149941
"1936",0.985549048724305,0.981309256404307,0.905869690086947,0.762923361319188,0.840263816837642
"1937",0.922523432962944,0.928291662527149,0.814594880806753,0.879884545508163,1.01437118891901
"1938",0.939077801565166,0.862383303611919,0.75019597246614,0.79428067910813,0.925224214625159
"1939",0.898805159514775,0.920218646312211,0.89848688138831,0.856111974619895,0.981391103306024
"1940",0.939600289621999,0.848138164413522,0.836198643672625,0.925929685748267,0.876812689264011
"1941",0.860683813084179,0.789747547842541,0.812864588252856,0.748628716729458,0.885343120627864
"1942",0.963486349804596,0.911209384457406,0.875888943980443,0.935576280697881,NA
"1943",0.945509446350395,0.87530741227116,0.757456004719306,0.765084236165241,0.81514916215151
"1944",0.971847086863103,0.901275160291504,0.786467938701334,0.823323709951999,0.880101042269308
"1945",0.943869750926473,0.921247574276414,0.860828079744267,0.861281888384819,0.937881417952603
"1946",0.897877665543377,0.846304331755136,0.681638535071782,0.7431089891972,0.87420032074738
"1947",0.973101845191422,0.950188515627722,0.829574427629928,0.831798770744331,0.796147303034324
"1948",0.860992290235412,0.878026749987039,0.838927341700916,0.809927059878298,0.91257629376856
"1949",0.879893239308737,0.90134263966787,0.799743649875471,0.879978320178138,0.919102633187449
"1950",0.970974879144195,0.911818799886477,0.839268185612254,0.867583172617788,0.826079367367098
"1951",0.965425111781429,0.83678107599658,0.759540246373342,0.852023643552467,0.751937862726884
"1952",0.965260967265326,0.938662385801218,0.75638174616727,0.838259776737212,0.959711148129147
"1953",0.93346685372431,0.89688807504791,0.827798613274034,0.774114092799227,0.903898413071222
"1954",0.95224398059073,0.865147183465869,0.857270896299729,NA,NA
"1955",0.979637297159693,0.972528497446084,0.739945095665435,0.797065691873963,0.933391420182539
"1956",0.896064562890312,0.913838289751373,0.80877704838671,0.72229349930511,NA
"1957",0.952078787690049,0.965175962450578,0.901842748835452,0.802972532330489,0.931618343496198
"1958",0.935150050063395,0.95350975134112,0.872602469123863,0.801813398293874,0.931777335946635
"1959",0.961878636807934,0.942563269272798,0.883662709862423,0.682686187655207,0.805550249596909
"1960",0.863292979378556,0.824725165227057,0.781830003339605,0.818121484362973,NA
"1961",0.910829448941164,0.918264690253226,0.839809972594541,0.809363748116172,0.935977619276912
"1962",0.906962047987147,0.918448279965475,0.962587913534271,0.663515634355186,0.816144464666375
"1963",0.975842131359916,0.996336285634843,0.980405276483617,0.73574336251568,0.847469378592027
"1964",0.965610374435303,0.992404426942121,0.823499170752152,0.875331422532983,0.856081968418714
"1965",0.969241859843089,0.964332903134548,0.687634802891331,0.761214275908421,0.898412480624159
"1966",0.967114078522229,0.980045431145514,0.96497982013716,0.767244976602899,0.895829685559736
"1967",0.923685378844535,0.941634454807246,0.803907279245335,0.745319787266053,0.878736785307906
"1968",0.966242820371315,0.874235639092735,0.743998196631128,0.735156937828677,0.866663889752933
"1969",0.968975934453358,0.987561199416182,0.805058371258695,0.853986677531808,0.794979544997713
"1970",0.960167355977797,0.82376806851402,0.743096326986904,0.815815948207378,0.840033444553458
"1971",0.970375093212464,0.929336250070614,0.948226192370447,0.916808362556466,0.858937262210844
"1972",0.972341659530242,0.940907344111887,0.658896325375093,0.735035431695649,0.763766909962064
"1973",0.960828793688107,0.92060796943857,0.889406787164372,0.689436381257644,0.809695229963897
"1974",0.966267893462185,0.969906784346675,0.74710973130193,0.842765804302452,0.800135748118173
"1975",0.913769986661636,0.824682987802985,0.694358750990683,NA,NA
"1976",0.966166093891441,0.955931397965695,0.80110406420173,0.877040674093378,0.984780797994976
"1977",0.914875341710312,0.934972761719685,0.791104570714028,0.872926122431485,0.840344093564539
"1978",0.938178628776499,0.933057754481092,0.991992893494658,0.692103796534016,0.84871342877467
"1979",0.961830325783995,0.881623695848447,0.929115951402212,1.00211467447625,0.855153328610978
"1980",0.969316333232879,0.862968055501561,0.935685199917013,0.888646282414419,0.853320458376486
"1981",0.967646096505466,0.912673016632943,0.802198171342097,0.906074251480423,0.976744719724082
"1982",0.846124921767556,0.861791364957892,0.90495090005125,0.77509116366126,0.858556795697341
"1983",0.909621378330286,0.922432744340938,0.837093788966291,0.587393819069093,0.750403256109066
"1984",0.959296334399019,0.875371412051554,0.828047070725694,0.762619111080363,0.858486893113144
"1985",0.946285689543309,0.950223179026334,0.749126057923659,0.693373279461184,0.829226655973312
"1986",0.941960829393824,0.781850447529627,0.775277762378505,0.855258527079307,0.853553567302914
"1987",0.940665801095741,0.834081842185777,0.872361363689498,0.773986529975309,0.876311733488537
"1988",0.91805788671656,0.933594376959328,0.910051747746553,0.839605361629245,0.918960468684081
"1989",0.959513044187769,0.916810827593447,0.862997862533285,0.85649641992113,0.942139740873859
"1990",0.967328144315441,0.853001372465052,0.917758582203733,0.855557418892192,0.953766507289916
"1991",0.91537016113933,0.845089414046174,0.7747248885917,0.807545389078306,0.944011368740233
"1992",0.961550521505724,0.761328402303208,0.808180722123517,0.892952426843791,0.856406311878327
"1993",0.952543755172641,0.966021225958298,1.0254315939097,0.916249652873379,0.833070399782366
"1994",0.95763124067029,0.768498071092585,0.765440401515839,0.813149385342774,0.922357991565595
"1995",0.934224796468019,0.951348613095583,0.792232949502458,0.818865495216741,0.763619690115279
"1996",0.972755121072183,0.88090704511087,0.886450615179068,0.823267727707275,0.829806218770488
"1997",0.958559745796183,0.954466383449926,0.737181969174558,0.746119198619961,0.87129225733536
"1998",0.959573824878568,0.887460698991341,0.835701886917727,0.837164725875864,0.95454536024913
"1999",0.961219636916908,0.815739605901059,0.883359222072468,0.737844023692974,0.88179129555135
"2000",0.961391072260076,0.979217211936977,0.885466450547152,NA,NA
"2001",0.881299872676158,0.897391999540904,0.836809684215189,0.739013944070681,0.839989675956874
"2002",0.858751172444359,0.787200707184158,0.678521672264295,0.782656014421748,0.833858417002238
"2003",0.781119627192416,0.792555236460609,0.853624767646555,0.735519276621774,0.842188388713247
"2004",0.947196330699097,0.905993548009766,0.812259102719164,0.80503559820681,0.872872540668724
"2005",0.966526784576224,0.976660745136004,0.885070188363617,0.713001799977973,0.85460312541498
"2006",0.960354696775334,0.893859578127409,0.768248972493512,0.817648363377041,0.919457718403806
"2007",0.888647132848801,0.902048356335557,0.683230483110297,0.750244071433199,0.795077568796838
"2008",0.867922232877569,0.877102219170817,0.855854863182537,0.699488221826274,0.846591627803627
"2009",0.906109605564798,0.927491938297416,0.802636034888813,0.89810935616619,0.979512306947253
"2010",0.957720068102219,0.930249578489709,0.845818375833972,0.859462655959185,0.858908027454642
"2011",0.962283840215307,0.860025830767826,0.932550650684037,0.816853231894786,0.855738802322065
"2012",0.959071328389812,0.969524443585315,0.889760067134085,0.913006989536059,1.00002120972257
"2013",0.904890016345242,0.926507385281211,0.583947905428313,0.691184078846651,0.824292902857927
"2014",0.901648841131986,0.778851535237778,0.761086659569836,0.725142926740247,0.823562684940381
"2015",0.96222303170482,0.772477043319615,0.661766900791267,0.747967999629431,0.877820078878115
"2016",0.986287783930148,0.985522525079296,0.869846376234108,0.936900678960861,0.868133490646993
"2017",0.928256259375753,0.944541788206849,0.800487252708277,0.750910134528269,0.889106704013411
"2018",0.937739596432615,0.947818258260966,0.833511834155482,0.918060983382777,0.889915261125549
"2019",0.968716870557332,0.847058290312873,0.759260999203633,0.819142417401691,0.948677388806182
"2020",0.945831149010944,0.958438764084718,1.01798911777511,0.906918088616815,0.886840334088045
"2021",0.986498484336856,0.98654672797312,0.995823117704124,0.891671763270333,NA
"2022",0.857298409331251,0.879529961483691,0.938182302982671,0.746003453955483,0.874990307863622
"2023",0.942952203470398,0.930767639172837,0.810334317520294,0.696563141272384,0.766899659139674
"2024",0.926573073865105,0.930666031770014,0.854751831926509,0.892047384901016,0.81312908892361
"2025",0.966831901579219,0.868832510721408,0.931910547668868,0.755076457915538,0.901138538682185
"2026",0.892000087890695,0.924794867022481,0.669318975167052,0.763555710621767,0.879292164800576
"2027",0.922108880011716,0.945409541620513,0.788914190999965,0.72926796803596,0.803205511953796
"2028",0.901397296655462,0.930114073241123,0.903331087694304,0.802806736669645,NA
"2029",0.951753361919143,0.981826397494983,0.959142384751484,0.8862312578604,0.896637658139316
"2030",0.940976031909605,0.873037908733889,0.846673863893606,NA,NA
"2031",0.981357219675606,0.947828009390846,0.81797288503086,0.872174361200215,0.973499193674348
"2032",0.961780270689645,0.840024549006287,0.729328736918717,0.798041045828422,0.944188374203748
"2033",0.901345106215312,0.923183964807905,0.938508031169443,0.869686724831653,NA
"2034",0.860679841929826,0.847700008315791,0.768967374746464,0.830346897753496,0.976533752996235
"2035",0.848968140206344,0.865926777332795,0.893464437658239,0.835936561283758,0.944149153848539
"2036",0.950470688333906,0.876477393270124,0.728052369472611,0.821609060385138,0.86955117076819
"2037",0.947017853433703,0.942781985489466,0.862036010908334,0.722011427595621,0.720167578043089
"2038",0.972561736487541,0.931755376324035,0.795290301004791,0.843692243463731,0.966408154949926
"2039",0.961548253585078,0.846882953942971,0.811145655395543,0.728705767051058,0.846100255502402
"2040",0.969538613199155,0.895258591654264,0.769876680598664,0.857519135575516,0.81998264121999
"2041",0.824800437135213,0.786128772569893,0.751355465205489,0.825485745479847,0.898882029370637
"2042",0.964442854908116,0.986935454070359,0.744440472506233,0.825904374526186,0.83118282355596
"2043",0.971779876472551,0.988035424074898,0.860789399620469,0.77569947908137,0.735891258596673
"2044",0.98128596800278,0.93126842767354,0.907339898336553,0.964788828058284,1.07908013154878
"2045",0.81402470522051,0.835310021381519,0.783532917160828,0.857073598920445,0.89752640573741
"2046",0.924693758768916,0.826802927290832,0.776591699813658,0.729505891094786,NA
"2047",0.961851816355596,0.956138140116308,0.78894663767278,0.855442468995486,0.920345840151077
"2048",0.966129207934474,0.812130893596471,0.869722792206377,0.802255486778235,0.899637100583801
"2049",0.942947270163762,0.961411076167016,0.838409602655498,0.800161959556656,0.814387562725731
"2050",0.956625129751821,0.96725604827994,1.01170594867674,0.717623717707451,0.776823180922874
"2051",0.968357593604982,0.982894895886559,1.01876296149463,0.851551477405809,0.967218286375672
"2052",0.919329685967227,0.928703395415117,0.912878673478081,0.812267090782327,NA
"2053",0.927064410556961,0.940644764822711,0.911017875974699,0.914118078345233,0.903879035563029
"2054",0.956899949372118,0.827818343882116,0.862374064285211,0.858317910806571,0.796451772891057
"2055",0.960751625617313,0.978566219124622,0.754721801141313,0.811930598325305,0.927158717646557
"2056",0.919193647891415,0.873437192315201,0.646423482529582,0.708037141081395,0.830223048178642
"2057",0.783478548059205,0.796652078432366,0.748335091353461,0.796148774267298,0.906045185863666
"2058",0.969842608455142,0.875146902152823,0.759723605890714,0.783470622897313,0.916808444839927
"2059",0.941771995987742,0.920161946741414,0.863397536043031,0.851156662531219,0.88038973192856
"2060",0.97586734245704,0.982377037112709,0.784788110009678,0.875680347850414,0.920229845644454
"2061",0.928841895903343,0.94533058996256,0.826680331223492,0.921623447624193,0.923737071808096
"2062",0.941297119016505,0.829091917305295,0.892632956806763,0.724616421689166,0.841483025988767
"2063",0.898233061786119,0.823262896605744,0.901695229643431,0.872307063893438,0.845314762254883
"2064",0.938450384762247,0.917542749555161,0.934822382375375,0.876544427398808,0.978644010904594
"2065",0.837758506607935,0.867599677575616,0.761128662271455,0.82895790924482,NA
"2066",0.871896825800669,0.877904062157559,0.745789923424872,0.80452675685111,0.835365508439962
"2067",0.977145340240223,0.882103668721432,0.924082413345478,0.955986663408539,1.04735286294806
"2068",0.978815029233251,0.96899207531729,0.84739822155097,0.860634617551533,0.929716013051211
"2069",0.918722673748258,0.922374468127522,0.989332440929959,0.808373126612658,0.925533236105772
"2070",0.933750059647055,0.950015945819585,0.683119256214264,0.766242513262845,0.904520227869808
"2071",0.975995010019786,0.96503647791561,0.842471009595479,0.646589107210717,0.805753008286262
"2072",0.959109870652374,0.963124419101211,0.699913068711923,0.777721086166516,0.91491935865902
"2073",0.981352445355911,0.992318158429991,0.839151426687628,NA,NA
"2074",0.975945591044352,0.872378259495425,0.836149095333283,0.889966769686836,0.960478994736689
"2075",0.960549235849555,0.82977486235439,0.911073682799499,0.841124672120078,0.8475591469373
"2076",0.894137832161683,0.912751360064015,0.670869665017862,0.666626994880007,NA
"2077",0.962358784264882,0.981678134779489,0.784518254690636,0.85520187097049,0.798959796280853
"2078",0.967283720657907,0.98695641497448,0.819972184176861,0.77411636843755,0.910322952854388
"2079",0.8990693401106,0.931069673676844,0.933702912617082,NA,NA
"2080",0.965692891535402,0.869214198423297,0.841651650752999,0.912150770877517,1.0229846408199
"2081",0.974615122125301,0.94738932167102,0.778546273929201,0.878079380885815,NA
"2082",0.927766673516293,0.920765566398634,0.986572596809922,0.718135710861126,0.832634218699733
"2083",0.943290571247893,0.963560633811293,0.766163276836839,0.752413094275229,0.890898582587111
"2084",0.97570360542937,0.95309788570928,0.992008529314874,0.714770104487172,0.830532279234462
"2085",0.972157406699547,0.982412608666977,0.740055958830841,0.779604882974544,NA
"2086",0.969287420781399,0.829291661331407,0.805999614555897,0.865461659861231,0.990145521239305
"2087",0.93826627045457,0.946453854317861,0.799020115789958,0.657414136630777,0.902219941783323
"2088",0.973819357474239,0.989649180179802,0.740918201298886,0.76285619757656,0.862915439700756
"2089",0.961204137787017,0.904359323198318,0.745538385142469,0.68935996867448,0.818780221102149
"2090",0.96713243194847,0.930703994127656,0.899821749672756,0.82639027673632,0.936360842927437
"2091",0.922803072804248,0.924666030127949,0.745985886284666,0.794370121015696,0.890148969893648
"2092",0.980736660051562,0.723846439199346,0.786818406995259,0.737159316163744,0.856450962985455
"2093",0.96057944120708,0.980257865809117,0.894163439052316,0.694107907368178,0.764132115372012
"2094",0.858555042472067,0.87110487634453,0.804865006078236,0.724123654863476,0.860606028195654
"2095",0.946655815884446,0.966698112798934,0.872122900028249,0.691298635047174,0.82626109554426
"2096",0.978235783265576,0.96641046779615,0.812756522592569,0.888703595540685,0.837315497399723
"2097",0.983422657469171,0.955138958054342,0.806616336306628,0.750486500380135,0.87708225361328
"2098",0.910792808581186,0.930077954710191,0.930074943521251,0.810173203506342,0.96101721646527
"2099",0.951751599361124,0.97311622297902,0.762705171123053,0.693404565406053,0.784581580604474
"2100",0.965118439047515,0.992431706720454,0.895633740309315,0.821870689629101,0.912595526970747
"2101",0.875286193985005,0.903947633481667,0.898271343100365,0.944751236026349,1.01607987279318
"2102",0.973702541418057,0.917544408467026,0.687116443937441,0.744654643896438,0.870519526819684
"2103",0.899087950972023,0.910261369557386,0.737675972965566,0.766414374564249,0.893655791748379
"2104",0.962418684768299,0.972780313366722,0.822954730380067,0.909819483869064,0.853846267811267
"2105",0.925385963656832,0.943008743312139,0.796770029881254,0.831831159770702,0.951799373672745
"2106",0.921590154646397,0.951962887312284,0.738212594036581,0.715060449274696,0.83453764038311
"2107",0.875041916197366,0.790710462313648,0.81408129269216,0.798326261083594,0.860298726943061
"2108",0.858292979268997,0.875910236737753,0.71879342550229,0.809132215067298,0.77630530845553
"2109",0.961052877774496,0.941749982099923,0.712382368064759,0.788225333067353,0.750927411216171
"2110",0.898036495942834,0.914382309692574,0.860284481421778,0.821916702666709,0.929411662453691
"2111",0.81463780527405,0.833246122787587,0.759502771091801,0.70583538904185,0.825066147137856
"2112",0.970647068099287,0.91478466679893,0.754764103635032,0.843125201327354,0.76098808020801
"2113",0.872196583476746,0.822465286578811,0.837382574704649,0.850689381973916,0.968469913063294
"2114",0.976262346668325,0.900849817590948,0.77265363406054,0.847993999204001,NA
"2115",0.97342389956958,0.975149157217642,0.589691807131672,0.690310650561793,0.819391206791614
"2116",0.906119696838856,0.876388543759445,0.786306066776357,0.719281153216013,0.782547087009334
"2117",0.974328332484147,0.969327289000893,1.01984640584339,NA,NA
"2118",0.918416303437575,0.929170524097667,0.770779879491824,0.763473724550923,0.889317956889059
"2119",0.946561299672168,0.819335559647957,0.65450353210429,0.727538607367466,0.812054925179279
"2120",0.96519916270709,0.943250406199754,0.787802936182722,0.903353646002848,NA
"2121",0.964381936111683,0.921130805691412,0.873316503951811,0.724187722498701,0.857768304076445
"2122",0.811460552514322,0.824069848097044,0.697708615760407,0.678457657311018,0.815056391951279
"2123",0.895711163393703,0.908440707674723,0.68304884937761,0.733701458043843,0.847806100195758
"2124",0.963417566029397,0.779343664030847,0.848651311580066,0.821760472842628,0.74305954973465
"2125",0.946663147480596,0.82666453920224,0.896754462730649,0.873307151675535,0.987477696463498
"2126",0.888031326524222,0.886172103910039,0.694553875491887,0.803050579542083,0.914639693604287
"2127",0.922202329703957,0.944232446686904,0.769064232507619,0.851548411518067,0.930056923796652
"2128",0.947987422775905,0.831450328333411,0.732977198763101,0.746449357020574,0.882112149613612
"2129",0.959108697917759,0.97795655497608,0.942330502625493,0.784224677579441,0.894163322209205
"2130",0.978063632185913,0.918396969484676,0.742211631622204,0.82064073572163,0.875067849151623
"2131",0.975837008142324,0.981883939677045,0.949140656702533,0.832142279531809,0.863744045523181
"2132",0.963416026265451,0.974312500094022,0.849489149826492,0.906519525770838,0.926833233704839
"2133",0.920229002036111,0.934522907874427,0.969822065448274,0.761547440758895,0.855974139064922
"2134",0.865924102694411,0.886953773628926,0.879041167023531,NA,NA
"2135",0.964317922875491,0.955688219146597,0.837118313039631,0.778800455337828,0.885973110237003
"2136",0.972289236846766,0.870460707781257,0.903579911401165,0.685390287347037,0.80752761990638
"2137",0.924211708049908,0.933573232165085,0.632103123663827,0.727262877231415,NA
"2138",0.961313058093479,0.958663583683284,0.703077002938152,0.782476871104472,0.834456438725558
"2139",0.988014055335005,0.976300183009031,0.787821784350734,0.851698145078825,0.909772553905205
"2140",0.866551383722699,0.886145858429396,0.941691977939289,0.918517685883005,0.976266179478729
"2141",0.958577873002188,0.932696195294277,0.890116664209667,0.788342205286987,0.887923617023435
"2142",0.970698168989231,0.955486364294192,0.914922640859212,0.798690894948845,0.922090483363256
"2143",0.878092316784801,0.897819124717101,0.74788697931704,0.814767869011491,0.928234783408953
"2144",0.869453465830974,0.696787050390796,0.682996776815975,0.751910004119421,0.854798981983682
"2145",0.956033985785834,0.976722691267475,1.00481500137501,0.748007370962539,0.883236312399409
"2146",0.942439326883761,0.868524944886858,0.804568612825986,0.89095861244605,NA
"2147",0.942752932096013,0.765767236259998,0.707199303578017,0.793709387021244,0.896882229579957
"2148",0.958440830939341,0.844875608505826,0.898196894313832,0.966205204100761,1.05877381671093
"2149",0.924011513522132,0.912018351228349,0.708528851423071,NA,NA
"2150",0.868381110183322,0.874402383593224,0.762383995817291,0.770640602884219,0.900305809171089
"2151",0.803728388829448,0.823325154384596,0.901830694652146,0.862012738030669,0.92831896631332
"2152",0.94509518947935,0.963536405006402,0.909497321012669,0.771762828996811,0.921047322491953
"2153",0.965267215848013,0.968000704107639,0.749083018454328,0.836747946984422,0.861227645438511
"2154",0.895312225664334,0.857807548153147,0.90763248075152,0.875818740517053,0.787733984275928
"2155",0.952764046935233,0.969727769703686,0.900660375654657,0.825796394045374,0.883224843379998
"2156",0.942452885330525,0.866288869790938,0.688859698219265,0.694249383708786,0.75258027027701
"2157",0.982019851054622,0.984666458225778,0.715128249168124,0.803121935113705,0.909113140195272
"2158",0.952082535260069,0.77803152964873,0.741411594217907,0.811085819380348,0.933829180026256
"2159",0.982321463331264,0.995043184482095,0.822016546747488,0.847942472319538,NA
"2160",0.971470859349177,0.988462967077718,0.79718810238654,0.853052088813985,0.988790934300165
"2161",0.985157943165855,0.955497633698533,0.738216250686918,0.667085307194438,0.8069404962171
"2162",0.976971079067708,0.855282600814417,0.918461973790971,0.786673829853316,NA
"2163",0.941417572040005,0.910193679639548,0.868655914874084,0.735810172413883,NA
"2164",0.975099990509717,0.970955003749785,0.928434630653851,0.75506228146739,NA
"2165",0.964263970440319,0.99298866250367,0.806364375850215,0.90126132157886,0.940197007850529
"2166",0.961424854812443,0.90273652618786,0.690113112250686,0.744454853055108,0.855107719185782
"2167",0.948462651682703,0.936685135957523,0.787751289773004,0.870238592468322,0.796592149416399
"2168",0.967609974627842,0.978094651528865,0.842411611891039,0.667316203370798,0.804893512066271
"2169",0.965117117617597,0.967833508386659,0.828680369251513,0.902811431606052,0.844642897748501
"2170",0.985653252154469,0.747049973046028,0.825381050836659,0.678300722760688,0.816637533906352
"2171",0.972756353912294,0.951879734728543,0.910446356575699,0.83872175465045,0.960014440283323
"2172",0.975832123795109,0.95507343165045,0.889113259614875,0.686418310670221,0.850936929466458
"2173",0.96492472676931,0.9865405197218,0.776541905732003,0.813609984753601,0.91811022099614
"2174",0.920627111004528,0.948785104296058,0.839331561262362,0.690271696116458,0.811835167602779
"2175",0.970921207371063,0.844421387232286,0.781327759643674,0.839046789138229,0.903530287455801
"2176",0.887971325280465,0.873397728433818,0.743841686024162,0.808261438511008,0.851008999979632
"2177",0.952572887060327,0.972404067490592,0.892941311923736,0.724020927606885,0.861236970037444
"2178",0.946003242353364,0.797235392561607,0.842418297519857,0.821558356793033,NA
"2179",0.912259942108401,0.929725274839456,0.634937382808019,NA,NA
"2180",0.894621319988072,0.839354977762547,0.900846542409281,0.670849494943413,0.851159540389597
"2181",0.95959881886078,0.885384025411827,0.929405291881603,0.950319196392822,0.845719891030607
"2182",0.959433954110847,0.873473900536155,0.931461131812216,0.941730124197865,0.778894512879101
"2183",0.954434574424254,0.9705721040569,1.03099438797888,0.812739374776611,0.793356633269274
"2184",0.96675615929392,0.962311335278777,0.727251746039682,0.749950575975666,0.890878002990625
"2185",0.950901590308369,0.966733055451768,0.926434804557038,0.890981409977998,0.775306438102269
"2186",0.820284369697804,0.828251194293957,0.88068983532847,0.835573383813023,0.961909205498216
"2187",0.877072164625872,0.896835553900494,0.939677270629067,0.798169420238374,0.786990795844149
"2188",0.860324256932636,0.874118604111768,0.864963988688818,0.913395694773818,0.968758015142313
"2189",0.894959480070896,0.909334227918862,0.946575745055784,0.774987514232186,0.890193423267707
"2190",0.955469940247557,0.86815429940585,0.792164886221822,0.877091676625486,0.872938469423322
"2191",0.961258985030346,0.935544422560492,0.803949734391223,0.621060767562115,0.799857121816387
"2192",0.965768104904767,0.968982465399317,1.00572810124973,0.943169801809795,0.967750297814722
"2193",0.913929877143398,0.88260044954231,0.771976152906428,NA,NA
"2194",0.929502454777282,0.837837352940613,0.781006322241388,0.807160344284436,0.915509221577962
"2195",0.92894450297792,0.908975578097952,0.722218858429035,0.808802572992265,NA
"2196",0.869479283809044,0.882106287065141,0.828970896710992,0.902280088926624,0.91016565418627
"2197",0.937643361036302,0.923973656997906,0.809382669907079,0.881218820517452,1.00914758891957
"2198",0.93804609191032,0.905657473964754,0.732335469689184,0.843867528913103,0.763798157781921
"2199",0.977241132545534,0.984773873654435,0.812395746138207,0.841134917934286,0.905837630725517
"2200",0.96933812616838,0.983813555717068,NA,NA,NA
"2201",0.96899015080515,0.972004580158441,0.848091713094027,0.822679618910868,0.948092746641885
"2202",0.891781200646855,0.903759999126882,0.871626102451949,0.737916223423513,0.782746323364842
"2203",0.869575246364694,0.672764958360771,0.716451901248595,0.744733813614145,0.763427896803394
"2204",0.957923408512424,0.971771504969385,0.931224033286283,0.726169703769721,0.805387131789094
"2205",0.982975815599917,0.807217922285338,0.867821254438059,NA,NA
"2206",0.933871393865137,0.892168814170794,0.664841969920665,0.741560407373802,NA
"2207",0.92663559255893,0.938923642117461,0.726653838123515,0.789676856292815,NA
"2208",0.983819086630665,1.00396819221871,0.726124176384003,0.752553514905962,0.902445325733616
"2209",0.867890037050794,0.767178689762864,0.800880292918917,0.786837667201949,0.885277292083768
"2210",0.95949497707829,0.958692643030501,0.874013703121658,0.768899531317832,NA
"2211",0.943159625595067,0.967812113082736,0.823216806352702,0.880479789031444,0.733875594111855
"2212",0.945260571778989,0.944046628305121,1.02559938533525,0.875556740823437,0.994134030216195
"2213",0.971089076869359,0.98375653136982,0.875953772939245,0.904026264294778,1.02023988723964
"2214",0.958227612236467,0.947493741750191,0.87880886565961,0.943481441186466,1.01212250867959
"2215",0.953306866837341,0.96478576225136,0.784781570605917,0.77935787379152,0.888519992688085
"2216",0.851697645120142,0.840480603963548,0.688801713901749,0.768300135758296,NA
"2217",0.928930184998414,0.951886042859002,0.900426765554043,0.768792180568382,NA
"2218",0.945671867450006,0.957340118258267,0.854077113390015,0.791689070053585,0.849604851381417
"2219",0.922542485069936,0.91609544930136,0.904196554649012,0.80402617275878,0.952212490528924
"2220",0.876853489575097,0.893977491861688,0.878099670036004,0.785233793562215,0.919032724231535
"2221",0.926997249805176,0.947842510199958,0.809739128461649,0.874428301002427,1.00142231227963
"2222",0.985765438114595,0.977147244205922,0.733139159547175,0.787180554425678,0.928135613306383
"2223",0.988190339246308,0.985891990179023,0.922381337233867,0.895585220277603,NA
"2224",0.885626646992307,0.913291361685255,0.818503410984537,0.819529184753471,0.847964754842652
"2225",0.941690363816966,0.930812127813081,0.875672005369793,0.940267816878138,0.83659971362965
"2226",0.968595748713314,0.883531924565182,0.809337137720999,0.758241201773966,0.879205830516924
"2227",0.96433888030513,0.968322217079781,0.635751606883369,0.75274844239456,0.876016535174842
"2228",0.971880636913549,0.917998135475557,0.957008481944936,0.791066842904143,NA
"2229",0.972716146435543,0.981065670102585,0.840417233829044,0.89100333476836,0.821193044890591
"2230",0.973775011439296,0.901394041846714,0.91066117415674,0.969548139834748,0.880168974542663
"2231",0.946011109665484,0.929459384096336,0.889933004615103,0.844419646549817,0.876263874785194
"2232",0.953759149985779,0.970122724283027,0.762407411229292,0.838711227410736,0.960553384895817
"2233",0.990205620676149,0.906503979607181,0.802074141289158,0.826748355194674,NA
"2234",0.900667082070029,0.917129449689713,0.910205367827756,0.869435141746516,0.974927961743902
"2235",0.967065152852576,0.984707367456366,0.842267237095803,0.909799357650054,0.88221693482288
"2236",0.856828764386659,0.881913485226039,0.936282472674985,0.852321772078138,0.847230480623709
"2237",0.957543711130152,0.979515674999065,0.855366278273154,0.915893725330736,NA
"2238",0.963085157196037,0.907675666474655,0.925863231783528,0.76864327968698,0.896272331422661
"2239",0.96383294966591,0.814071877448947,0.859915259119395,0.697278345998755,0.766742147424931
"2240",0.974657377438852,0.904610576100592,0.953114862358354,0.997788635008922,0.842816448299623
"2241",0.975654113373189,0.778404019400228,0.806320258880549,0.67722157862753,0.791458117620627
"2242",0.969138769973459,0.881726984560905,0.859136021992412,0.803631037191904,0.78232210272847
"2243",0.876428828880819,0.896163133249308,0.89529913863672,0.904061161137243,0.925914659388948
"2244",0.963299097358214,0.984746203405496,0.828263664111706,0.835817934375727,0.958535146622007
"2245",0.970723334558313,0.90975904981335,0.722297137954412,0.804505189314635,NA
"2246",0.861486033689748,0.847216311857255,0.76466849459213,0.84569459817692,0.935717136956727
"2247",0.856863737642575,0.874278394274213,0.718630148492877,0.804142515036708,0.879682382183464
"2248",0.954882195874283,0.958454894247861,0.718818453900982,0.773555460143257,0.872635690023761
"2249",0.894937404244766,0.872681222745164,0.859903092301936,0.71982405082046,0.853581056818705
"2250",0.966923811883654,0.942607078284576,0.86876419969764,0.939237718081068,0.92954460821781
"2251",0.917009729313268,0.926347791861705,0.798420316962705,0.763755398420537,NA
"2252",0.961075365836906,0.792406441858808,0.707636311186054,0.793073919511566,0.81107171239347
"2253",0.960463137187464,0.886921228402549,0.842019548609482,0.836282256506051,0.934126900200951
"2254",0.882464749306725,0.894236135375404,0.802168073985201,0.8782227469708,0.818897772826413
"2255",0.962628151440936,0.927812906985313,0.837422789755977,0.63401575261599,0.741220814350269
"2256",0.861046520710386,0.814371169115127,0.869875752890432,0.736525145033058,0.859046297110453
"2257",0.864175777098684,0.881298787618086,0.820777529304252,0.706942745827673,0.824222821692218
"2258",0.949576634282606,0.875651003804146,0.775089196898939,0.743589245732301,0.881935404593874
"2259",0.959294166197412,0.956273803835099,0.943797877760575,0.995730391388752,1.09616908908169
"2260",0.964107645943663,0.981141273794683,0.900005809065124,0.699420534688893,0.821273083603586
"2261",0.971484040811719,0.849552273977206,0.820823064376342,0.754125716846794,0.8850837295584
"2262",0.981822376618005,0.921975045635312,0.821243740753382,0.779847908776781,NA
"2263",0.914858182141172,0.923400708695941,0.808281478979696,0.826404172689161,0.968972524553311
"2264",0.902245995256161,0.934133996534244,0.855381567690403,0.89556290185218,1.0216643947252
"2265",0.884761532977865,0.899732598085488,0.80708780606349,0.798493858704152,0.896175432102138
"2266",0.946061936680742,0.957381623580371,0.950467506150976,0.794092581640036,0.924223850993522
"2267",0.968303917870522,0.854027001757017,0.832370656512929,0.700027629825312,0.850572946804644
"2268",0.859568355992932,0.765630253806139,0.827350636626463,0.89124945074082,1.00889651540443
"2269",0.890753574458375,0.875182191705167,0.940658845553104,0.735993996761779,0.858257680757759
"2270",0.971607175070856,0.806661394183463,0.777655826088055,0.751493502703276,0.88813926507077
"2271",0.894462520447147,0.913558386555647,0.795106690529683,0.835506875981251,NA
"2272",0.945780185504597,0.964608460720748,0.87068435161102,0.744244436926335,0.865645620106949
"2273",0.967770304722265,0.992788285373313,0.764249963902324,0.647166086976915,0.759930177316817
"2274",0.982461378265384,0.898795891922724,0.830509875368323,0.788327198694695,0.917012245205071
"2275",0.96365822420434,0.935649053095097,0.931933175764786,0.896877662455294,1.01733414574363
"2276",0.871563188271324,0.881209295844104,0.76551054958318,0.785795601889004,NA
"2277",0.946934509458478,0.830470369212623,0.875324097641919,0.922364933078257,0.976070743186926
"2278",0.890930914213445,0.895587798398256,0.832714665895751,0.717314074921755,0.850234834093882
"2279",0.969401988837041,0.95786979932179,0.739077118917674,0.816602742885424,NA
"2280",0.977087215756645,0.925281651490568,0.755685309978191,0.798289297366535,NA
"2281",0.976893515293153,0.704475591325767,0.720603743301119,0.736099586998482,0.881933080921417
"2282",0.976074935797177,0.992594671252958,0.809742731618941,0.839221274632068,0.849617578828248
"2283",0.899437725571724,0.837177340219539,0.899543898012913,0.689029306296595,0.821559382241031
"2284",0.899265098772118,0.844928409080396,0.805285453084544,0.674831393788957,0.820286877158913
"2285",0.967993560168596,0.799379813939594,0.841892763181545,0.846252918331433,0.97814185278331
"2286",0.960640818171247,0.782011270824751,0.736222014076947,0.795666749863015,0.903986626580971
"2287",0.974401196284795,0.904971566064096,0.850749194283106,0.879512077988197,0.979684365430186
"2288",0.955246750045322,0.98075770733,0.787340129445796,0.822281746215175,0.830916489860707
"2289",0.822998959873089,0.83260187901885,0.78446869164296,0.79382487374852,NA
"2290",0.981419485197998,0.822639396998113,0.779418175599984,0.700080782914467,NA
"2291",0.960634467380472,0.969974860668258,0.797378178610457,0.859430602508065,0.82946369631596
"2292",0.967942069100853,0.9483115876185,0.923236575541585,0.820881304442385,0.916532266373406
"2293",0.960425237368707,0.955817126341835,0.842924649298965,0.80714375819138,0.937814801573528
"2294",0.98296927476394,0.86331070737191,0.751318123328317,0.726021599474715,0.840125702046469
"2295",0.866405199318267,0.872370782369413,0.807440146249461,0.716844363698229,0.846749766719368
"2296",0.944803858232894,0.879006247854507,0.938545689345875,0.803031835791576,0.945257041359851
"2297",0.972249153350129,0.995867565996251,0.762206848784518,0.699674175254869,0.814782340882772
"2298",0.967346692141609,0.950662179192181,0.971893075692158,0.798171144502564,0.908211769181326
"2299",0.973861705135078,0.878608085754638,0.777300033294864,0.866257872805441,0.890829794480919
"2300",0.943607003162307,0.873553117047747,0.932944067473911,0.856398823014545,0.971671982023248
"2301",0.988535044237345,0.991094075609302,0.983287879946718,0.702266001977148,0.808641949464916
"2302",0.932458164522341,0.90766722419886,0.811277133844476,0.820622101796318,0.949609834764591
"2303",0.947382532599198,0.87720062193499,0.841759637534431,0.770274437328686,NA
"2304",0.87574618186444,0.898815981774012,0.948886889919952,0.823877064293815,0.941095367574391
"2305",0.970697389191803,0.986471857802305,0.727654693733904,0.752483402843749,0.901255397002328
"2306",0.977211355852602,0.8340357761599,0.890328434337769,0.78186237062286,0.946552215444288
"2307",0.940431663536639,0.929696443553481,0.701773571289462,0.698814092854306,0.758612246080289
"2308",0.956843515468247,0.980876347697438,0.848736749893071,0.836206546897363,0.878875060481287
"2309",0.970966759438145,0.893337862902769,0.732128362957586,0.821066263349475,0.930365088537626
"2310",0.877799326833169,0.870307864350348,0.907707611170792,1.00915957808467,NA
"2311",0.898801158883003,0.912304444724223,0.90135978334637,0.881143396342085,1.01472140003414
"2312",0.880674555822735,0.904142779855112,0.845207596040702,0.803623470671525,0.815338338767342
"2313",0.903567857638756,0.84907216500669,0.715932541480763,0.801071812073394,0.920428774727657
"2314",0.887068846551926,0.904766439607636,0.855369194935307,0.724874227410618,0.852221345085259
"2315",0.900430795984979,0.88669566176991,0.942883610260101,0.911448668102539,1.04782715508884
"2316",0.964998598942586,0.956338871845686,1.00825079012133,0.881272583948456,0.87532725997637
"2317",0.973328929984963,0.952577842436338,0.84558544078448,0.92287886328542,0.835226493945762
"2318",0.974914177831388,0.837800768802429,0.816857808814974,0.788544869413308,0.846820164828347
"2319",0.940573228552664,0.890686064090123,0.786137287640446,0.867972452888365,0.993338135949754
"2320",0.933938671118652,0.948169643385572,0.593773250615728,0.711251468313074,NA
"2321",0.967570560447664,0.980767760053323,0.887733068657074,0.769994233735801,0.861202216484323
"2322",0.924903562005636,0.940165774721277,0.877699300365601,NA,NA
"2323",0.964976390601964,0.904977915832234,0.806918955258918,0.742316464920403,0.801258880105104
"2324",0.963316487715614,0.92263871058514,0.669492340640891,0.743395357732792,0.897351125809655
"2325",0.972412509718923,0.90884915320412,0.785756438488531,0.792044765949856,0.846903730539248
"2326",0.947337446613828,0.957512258955528,0.764350087467587,0.715254818251083,NA
"2327",0.963511234542925,0.910649545689872,0.796445416925658,0.715767724709936,0.863332582657777
"2328",0.920643898303271,0.937221237260839,0.993950208080677,0.92505538452225,0.878290769230139
"2329",0.962165172869539,0.908376021482391,0.830092107285956,0.718036728108375,0.847922081484526
"2330",0.836081900986948,0.85380371750693,0.92209486260596,0.880994165278017,0.888753259011204
"2331",0.965106959484775,0.895028627672767,0.765431792916251,0.740880656524105,0.898913417143478
"2332",0.965208521584798,0.908430933405911,0.80902269398141,0.663833950092476,0.827162697684253
"2333",0.96491742095143,0.983635692110616,0.966953259364248,0.750253727194063,0.885605448923214
"2334",0.974299825571918,0.985267888362605,0.868924448332102,0.783801058730342,0.89303857509652
"2335",0.963486203474116,0.94737382912982,0.867640611186615,NA,NA
"2336",0.983554349524283,0.969584792142761,0.869689408123237,0.9179198099218,0.925140682944302
"2337",0.899393037013449,0.924478912313773,0.978623726673299,0.864413362961008,0.838609625840403
"2338",0.954065696020265,0.976275007836685,0.841604214443345,0.897506372246823,0.949439550724097
"2339",0.967937113146752,0.985321711305385,0.859560275708878,0.831248215813067,0.816620172005731
"2340",0.855524880590046,0.864503559128335,0.844867116161409,0.908888989584697,1.01777472982625
"2341",0.929832381030705,0.945428597691886,0.682093577209426,0.78435290106322,0.914433212434062
"2342",0.971178125234194,0.915539785827223,0.93740561539078,0.82986214175895,0.884065296575827
"2343",0.951927231058129,0.97640693348426,1.0262902299821,0.937340045571783,0.944127304391857
"2344",0.98592877091469,0.951188170534528,0.92739681599621,0.797469803638351,NA
"2345",0.944662011886696,0.912971547641019,0.763472985402835,0.660697675108368,0.801396328539083
"2346",0.895812084781223,0.835300939947939,0.697812896413392,0.78168775169973,0.853383728624973
"2347",0.823901449361973,0.856895730552228,0.85218636964832,0.70163289753855,0.863280184381543
"2348",0.964031901054066,0.890660456824513,0.951475400995208,1.01777340878746,0.9634166007084
"2349",0.931064929753413,0.949698109235965,0.811585721706935,0.800884224310255,0.907100846773188
"2350",0.963577852521184,0.955188850969791,0.885691462892637,0.726549159803766,0.864236703837189
"2351",0.933548190319131,0.952003229892759,0.828813284423667,0.815593563135461,0.94878037040481
"2352",0.975891810771349,0.994509866690535,0.855058781483218,0.922072802095585,0.883252982331187
"2353",0.865598214171031,0.874547298204481,0.80861073781418,0.881200603497896,1.00206602524552
"2354",0.976348714745156,0.92018302575423,0.863785098584638,0.766598267207064,0.854679413966687
"2355",0.958771367833409,0.840735555055443,0.775097759358501,0.806945352745653,0.936948696353481
"2356",0.964029871067325,0.907152280988451,0.840786702470419,NA,NA
"2357",0.913144804897511,0.939568003639042,0.842406096295867,0.889760327084408,NA
"2358",0.959869755642384,0.845712910480037,0.878308436395346,0.753254205862548,0.855230375934445
"2359",0.976769480908217,0.979534301402152,0.763902663919627,0.834398428206589,0.931852688840929
"2360",0.975310428229897,0.957070874415542,0.886019654486728,0.822758047679225,0.893962062900415
"2361",0.964275996353453,0.986084074746654,0.869765788570715,0.829988465861356,0.875918658150655
"2362",0.955026783022882,0.842125129509708,0.747315366265194,0.776868397876358,0.805484953856232
"2363",0.942657894468813,0.935018282503953,0.846069263640545,0.821150851588717,0.884638852307187
"2364",0.933094344094638,0.954520005152054,0.999265135119518,NA,NA
"2365",0.927236696238584,0.916238269059815,0.838952949054966,0.859085797463228,NA
"2366",0.8660171641985,0.880799868387484,0.672986472838365,0.774490488859552,0.806685391784944
"2367",0.939894941818443,0.925057541545708,0.96948868445215,0.749533323949248,0.835670237530923
"2368",0.892487498692688,0.869864856630944,0.92859546629699,0.851092480454754,0.965756622293756
"2369",0.949799973352546,0.951470800604571,0.81644986576573,0.858703054720775,0.967657608128362
"2370",0.914002337992896,0.938113177411305,0.85655691067154,0.744467172230522,0.743598031117305
"2371",0.981954870793107,0.972669372569716,0.875639454638649,NA,NA
"2372",0.970681697033247,0.981095412063601,0.836081825083079,0.753639497557783,0.825838559209665
"2373",0.978065628773911,0.966248765490126,0.936841377083296,0.819607912519266,0.936451178191903
"2374",0.965621423535669,0.893843638549558,0.961189221471323,0.914135270340603,1.00827715265674
"2375",0.854162433224007,0.861063762404451,0.758242060100172,0.68755641517589,0.837188889416308
"2376",0.882333445827834,0.893222324729285,0.963825084615205,0.84145037260868,0.969313744293892
"2377",0.973363932968639,0.936689892603319,0.650502411822523,0.605982037889994,0.782760242720511
"2378",0.946315716026861,0.918436939210047,0.726653279983014,0.797095532478699,0.94247531896013
"2379",0.90762717508693,0.926699638480821,0.97398217291899,0.890994443153947,0.799685609310878
"2380",0.97926248463996,0.871427482088391,0.836849765010512,0.658800790278816,0.81186019589637
"2381",0.981621837451598,0.949718839122905,0.85231455618834,0.859501130357036,0.942238530151457
"2382",0.939555785481038,0.847690066113542,0.802741317071381,0.766976715547718,0.839881406442528
"2383",0.962027108390863,0.87657871722649,0.863792459666284,0.829086142643792,0.968509725407557
"2384",0.967383644259334,0.976929385308302,0.88615350947902,0.868117237669923,0.864005017131248
"2385",0.949045950972828,0.961684166941649,0.798324006971659,0.752131931348951,0.818701298530516
"2386",0.898823387471838,0.877461790965829,0.712418313506566,0.802708341049954,0.913592501603333
"2387",0.943156245511008,0.965985262819435,0.798243885619386,0.877980986881013,0.978328411504747
"2388",0.952686477508004,0.979397598123798,0.909179454628435,0.893019106917205,1.00726637603937
"2389",0.972484172827358,0.917866799380823,0.925914940033049,0.810625331477434,0.807622753128973
"2390",0.958665999121178,0.983994526368367,0.745539911804698,0.815740107929649,0.923393276505577
"2391",0.959435748339053,0.978778662251959,0.925568339708926,0.842354297723345,NA
"2392",0.944233024830365,0.920474314525603,0.9044242539413,0.857493590508286,0.941135809043169
"2393",0.95002886532879,0.945646118524538,0.681806348873637,0.751735405308892,NA
"2394",0.937828991126075,0.947104910478146,0.658765982193261,0.643684071459019,0.806996848853181
"2395",0.974569825902732,0.808347358232997,0.852185077086167,0.931836394850006,NA
"2396",0.972274999330992,0.988172064126188,1.01893675614544,0.882763031639406,0.818652608840559
"2397",0.865638192358675,0.890400808056632,0.82122102813307,0.841391930804967,0.947969936476368
"2398",0.979801817794031,0.974290517102824,0.688276591822193,0.700766423724815,0.847711115982692
"2399",0.94228656650927,0.937443732196278,0.701259596158813,0.77322340266208,NA
"2400",0.942167702607979,0.966558412980844,0.923311801575469,0.841225174902516,0.774810352470288
"2401",0.858767700029261,0.881793115420435,0.808396383912581,0.847343819749473,0.945304911168293
"2402",0.977703268876851,0.979646260798091,0.803109396763605,0.86051816039098,NA
"2403",0.974139185769463,0.847284235020722,0.888649643338533,0.743555365919135,0.80341404192807
"2404",0.96195038793785,0.981323135872872,0.780104002625662,0.772348980733831,0.835918086168347
"2405",0.939275613907357,0.889882308311492,0.864955148609535,0.791962473993558,0.906186250923028
"2406",0.964743318848987,0.969408110657837,0.846224794697036,0.722121284723115,0.844742193625845
"2407",0.928380726384513,0.94599873174107,0.798636947316386,0.872387518118071,0.837789269315286
"2408",0.90266230184049,0.906235320160009,0.729740482611658,0.822858949014032,0.94290785584576
"2409",0.967467194838321,0.856151947003962,0.901442620717606,0.789940788589153,0.906754029066518
"2410",0.956463842631069,0.9622380136042,0.676087913538257,0.757659937954778,0.869977952887965
"2411",0.842940262240097,0.694810151948688,0.631314364943411,0.657860002354408,0.823099771992767
"2412",0.956955203091294,0.967627507620359,0.908698380929853,0.952214206755413,1.04645091588845
"2413",0.96497448823873,0.937322450081768,0.884975546736266,0.735598350394217,0.869876587661942
"2414",0.961032486565277,0.930575954258599,0.604599097613069,0.694138486641981,0.851661476576823
"2415",0.967924516631024,0.983829551794293,0.885267489619954,0.816833074759808,0.799134694685475
"2416",0.914654761153102,0.912875816980031,0.877639923051763,0.657588745696173,0.782222891293698
"2417",0.880998513935507,0.903049276703822,0.837406116317181,0.893865579547452,0.988002722700173
"2418",0.956263456712357,0.901495477747632,0.774781093112271,0.866332844348033,0.988349190409321
"2419",0.929628666933267,0.936116053669685,0.708798097831783,0.668891560678309,0.809248839229882
"2420",0.93788803474057,0.952150082993297,0.768448180926614,0.857581106833109,0.933317858170959
"2421",0.972675885728917,0.981826417637338,0.840786888930918,0.796893573474332,0.930440662367067
"2422",0.959650354742986,0.698819447246571,0.630484143224061,0.743063221208275,0.828282024997444
"2423",0.898832511263343,0.915474375554515,0.896840440144337,0.675596215086378,0.799834884869361
"2424",0.977485451174082,0.914286613735117,0.768014967321369,0.703588753920739,0.839511109856769
"2425",0.966767095366729,0.675577051353296,0.736857113480313,0.811766099027128,0.850260027587511
"2426",0.961818082668769,0.878969140956501,0.859134206193666,0.905679682621323,0.883124473867742
"2427",0.940368906637908,0.877437095458958,0.891564195055627,0.787945435951555,0.85556150095705
"2428",0.976537850731742,0.993134454175494,0.868929203842707,0.91914239391438,0.979176770934881
"2429",0.953209057726277,0.882070264819717,0.889695659683369,0.828133329842833,0.920161993076103
"2430",0.894905490331615,0.832632283521699,0.85158772862097,0.931091872426549,1.06123661457141
"2431",0.961159144328359,0.87669400884544,0.908058374187611,0.767837456718384,0.920609554293484
"2432",0.957955198133733,0.976573277186082,0.808630993938107,0.826242251036766,NA
"2433",0.903441164978379,0.844604752730158,0.798106641337705,0.826814404393614,NA
"2434",0.945285723585531,0.947142861197548,0.81621206596846,0.81493383945273,0.92819017195453
"2435",0.931886960493583,0.845222441085317,0.787036123459378,0.868252445318534,0.812087363120806
"2436",0.878657994982594,0.898133019748012,0.881145311795121,0.725463590410772,NA
"2437",0.957395151716868,0.974604477322979,0.923849289336029,0.837362605725027,0.958824631651519
"2438",0.894939107890424,0.922961266775001,0.878158621639478,0.680797323468358,0.863133925250984
"2439",0.964862012564893,0.882457699571964,0.89430910590333,0.795821023793724,0.888241623795845
"2440",0.963411416338246,0.88835833458247,0.734022833304356,0.801077388906964,NA
"2441",0.942892021428025,0.902098229345254,0.91865459819796,0.841757620563877,0.955603995346635
"2442",0.938379334194736,0.95441536358729,0.809808761240708,0.693852758361348,0.84763754362248
"2443",0.972850655046143,0.971169639685805,0.787754110338052,0.79980288720211,0.899766727762703
"2444",0.96281151448105,0.970307980810972,0.982313624093552,0.802141249195195,0.831238416160565
"2445",0.964573270917891,0.979536997763256,0.777681917032653,0.73883486860589,0.813470366469257
"2446",0.851237779603325,0.864607943520823,0.91244265459764,0.991800511218396,0.802280811924751
"2447",0.932212202206248,0.946960368568967,0.841054659255064,0.812685487132082,0.908240796018662
"2448",0.941955827230017,0.962628571782718,0.968355460957763,0.904953128702259,0.862295102797303
"2449",0.932483504923763,0.909799114180981,0.77276763508252,0.73089274096611,0.841673931015696
"2450",0.961947908684847,0.978046402140633,0.820492332176224,0.889505723468415,0.823695808342536
"2451",0.935156816603523,0.868987830443474,0.80567107219896,0.680722017073635,0.823393533420648
"2452",0.975029673430523,0.990032842287918,0.761988753795855,0.850441913984861,0.969681214721588
"2453",0.941191587562703,0.954349004816964,0.809512902140054,0.890096425753941,1.03042111613154
"2454",0.969755893205021,0.958473959758203,0.757537690897835,0.676774310651644,0.781382035873183
"2455",0.976794815060729,0.960309344506926,0.87728800872762,0.755366069619799,NA
"2456",0.933553213272814,0.947929814421543,0.894720664084814,0.881920854298041,0.906004300224724
"2457",0.970292653141869,0.889528441386823,0.831613176327129,0.790013484331306,0.928265388280625
"2458",0.958447208747766,0.960343788626933,0.884629503307166,0.821532041006434,0.922853132558613
"2459",0.943443854924423,0.76642440164048,0.829016073809238,0.855691464313357,0.982547490453443
"2460",0.900006435790794,0.901700184597495,0.787759922299263,0.787054963896252,NA
"2461",0.958691749163331,0.969962748980323,0.772797338816356,0.708218976058083,0.848950138255281
"2462",0.968576044830174,0.832255819908551,0.844027025077604,0.932068979992508,0.986848106674947
"2463",0.945033817346799,0.982353521328438,0.850011015024139,0.828157759391321,0.882102936616804
"2464",0.97450686450682,0.973985747274043,0.817956814092013,0.757559964055569,0.876802498966543
"2465",0.902401335005346,0.883613999130616,0.836813123889609,0.740478342705917,NA
"2466",0.977222502819661,0.959497523046483,0.806172493322609,0.828924397605559,0.944416589923657
"2467",0.961216720506868,0.875616315568305,0.736614935992053,0.807992018818551,0.929260436194415
"2468",0.937998796426477,0.953383067423627,0.972065534424109,0.724218426238548,NA
"2469",0.959547469027362,0.891146505222701,0.734924200216642,0.829925585420826,0.814269043597274
"2470",0.839458061271563,0.858429754342616,0.838863971752531,0.89702779132795,0.823141542708698
"2471",0.942222468128173,0.95123621321575,0.743159178673505,0.692613904421268,0.767158471266031
"2472",0.913173861561368,0.938644518318333,0.725703644069098,0.80319024717232,0.936341242313957
"2473",0.975251258656683,0.988042448002244,0.824657281317294,0.752091768841215,0.920430389062063
"2474",0.959765607620885,0.914715617858007,0.684985195381311,0.733356240624496,0.913786990386545
"2475",0.87565724435012,0.879397152133399,0.771466111586176,0.863491885263633,0.839676292224473
"2476",0.957634635624531,0.760012074845871,0.707482768414354,0.776443083577577,0.902520836908552
"2477",0.973811128822823,0.977654366030481,0.816548278552883,0.717734033700113,NA
"2478",0.97267609850028,0.792842801598001,0.679058423454526,0.748011481776274,0.883824633654644
"2479",0.940464395997966,0.877759481948928,0.885470795900258,0.919716846706396,0.839987632410341
"2480",0.964377468187,0.756662059021548,0.839949635979138,0.880812393400699,1.01241274380737
"2481",0.891368031559595,0.913868428649436,0.962355233692325,0.693021878666392,NA
"2482",0.887728801632,0.899551246146762,0.980166670364182,0.718885196771006,0.90761951868402
"2483",0.920879655584848,0.885190088098942,0.661178343986454,0.754372331562148,NA
"2484",0.920278230652075,0.925888232311779,0.678443647247353,0.782172039556233,0.876177797451761
"2485",0.97249560399416,0.978293613884624,0.792762347517981,0.848953538062638,NA
"2486",0.954173679553077,0.970381144924033,NA,NA,NA
"2487",0.961626322880732,0.97128288373061,0.798150323107747,0.786135260447933,0.897398700464287
"2488",0.823902095842315,0.846889629492413,0.831301836361764,0.759468603420528,0.889625705091965
"2489",0.940687223844894,0.954183131151889,0.865576472205746,0.835127325502401,0.84029805641714
"2490",0.939081887167787,0.875754790819301,0.923736331723119,0.856090336291431,0.986304344229535
"2491",0.890447895250485,0.913959568316233,0.950621952029522,0.862896304077391,0.897283483413132
"2492",0.861202532365412,0.869206640375265,0.904285065944427,0.829198189605846,0.924745220251725
"2493",0.965816536141957,0.985601152177948,0.919782449269197,0.690016103957855,0.803817345540447
"2494",0.974121072700866,0.986645791815196,0.723868809173196,0.805374454208882,NA
"2495",0.949894905829216,0.962121823063946,0.780913595372303,0.82535845850753,NA
"2496",0.878974347052567,0.897309073078191,0.728406929022757,0.814852103277419,0.940276599726602
"2497",0.96780053853029,0.921949467444684,0.902638141030128,0.899145048542161,NA
"2498",0.930331980700592,0.943978589563952,0.743551775871036,0.721365358361752,0.856139928117181
"2499",0.869795573982725,0.883106694934518,0.757104859016671,0.83772814399747,NA
"2500",0.979341701993307,0.864664055334669,0.804899252305874,0.874944719794176,0.948711351778779
"2501",0.977366103750792,0.86247169956101,0.839484623924369,0.877167693075848,0.907988348286331
"2502",0.885258823249537,0.893863849966791,0.77845945489524,0.828690586157419,0.929205067494905
"2503",0.94794924752341,0.965017745376525,0.948798994038224,0.696483296130591,0.626871885168155
"2504",0.974700132189055,0.885337672995495,0.879900836742156,0.944420824914769,0.938190460296973
"2505",0.98366719753961,0.995239475618658,0.899837749912282,0.763313862948542,0.899415089240369
"2506",0.973260851334375,0.915975774565771,0.965984974222582,0.809173385065059,0.811255564620302
"2507",0.967696024006196,0.976627949494603,0.777755973554971,0.867922512098939,0.964382511834644
"2508",0.926291032427602,0.903445952174474,0.95664089677979,0.721419890099367,0.86653170939335
"2509",0.953199214404012,0.967482493218113,0.70117254703352,0.774999136305033,0.895256198142429
"2510",0.951033677420986,0.95099394662002,0.717823719818253,0.760114977822077,0.906122888188542
"2511",0.962837942107583,0.933610537306738,0.833679842399103,0.807058416038719,0.881207266382637
"2512",0.978175486402506,0.986006873803811,0.795906513083534,0.881019636917474,0.957508055547712
"2513",0.934268687516432,0.892027546679461,0.90394466343888,0.813278999800739,0.930270198199956
"2514",0.963589089006077,0.936902569000082,0.769804033631267,0.871137551740058,0.800352199614523
"2515",0.976470867143408,0.937340557262018,0.860935174138286,0.920741054598319,NA
"2516",0.969496153550573,0.882185145655733,0.753099761945193,0.839036420051968,0.796936393196985
"2517",0.939840295296134,0.879063007521249,0.936697325993689,0.758601198069745,0.875706765547767
"2518",0.967083858422438,0.932895683224309,0.888213140897333,0.743474294433801,NA
"2519",0.915918210941584,0.933640810766455,0.69887661509824,0.799934116066836,0.862546035231949
"2520",0.951282891118988,0.969517085809437,0.850399743184416,0.870402162057741,0.87773487042162
"2521",0.903873916794671,0.91671737529719,0.844464093120698,0.848273219855713,NA
"2522",0.905059275494525,0.931972596683869,0.851893970220206,0.915597814987238,1.02936860860816
"2523",0.94543583264484,0.933519614260126,0.661399928119818,0.73079218073015,0.889046742598107
"2524",0.860579553125153,0.838881787715253,0.851710738077521,0.931292072639711,0.83814842689011
"2525",0.901705157323767,0.909630157202812,0.802847870517165,0.752607279372996,0.834401796118344
"2526",0.887220045117496,0.907932717211717,0.724613003223339,0.807855870429464,0.875445695763486
"2527",0.963630106144672,0.972906296751328,0.786402394484378,0.83482133613276,0.829242762041545
"2528",0.948993053249192,0.937840496641992,0.908241680665015,0.724709754089861,0.843091851337035
"2529",0.959878804687253,0.976550806131298,0.729117752434477,0.781395347877226,0.921900955447884
"2530",0.920780876921061,0.872604224580754,0.807584251521471,NA,NA
"2531",0.924440086918792,0.941887635469303,0.703013419587479,0.786001861893151,0.808833867876992
"2532",0.950099085067924,0.97288329568507,0.779872648758113,0.743081941438367,0.864293473042848
"2533",0.935788529418966,0.88510869920757,0.916294925521598,0.75065645172231,0.887286648508316
"2534",0.938264300841089,0.782166015282064,0.802761173892584,0.892235770477996,0.888132631582155
"2535",0.922037247313724,0.875437094317771,0.931390446027318,0.848619151084363,0.831629102882329
"2536",0.95187441450906,0.975832100632277,0.89267179925827,0.796172100979772,0.845958203749124
"2537",0.958864673964339,0.948663551582426,0.650928361008979,0.732212150949199,0.858756249305036
"2538",0.848854246901098,0.86618585946756,0.932466672264556,0.851433065713622,0.787178630801472
"2539",0.914467985707147,0.922608985074595,0.743074639840635,0.819564588267195,0.954076387883497
"2540",0.960731703526286,0.908375943666941,0.848064870021671,0.749086632052333,0.867791700344367
"2541",0.975290760712673,0.955303541905021,0.91124071760349,0.833799196545873,0.953747066883282
"2542",0.970834723950325,0.991929721418731,0.813195240180773,0.874112130032465,NA
"2543",0.963897029562579,0.853888998349766,0.748286868944236,0.823838444444295,0.958583906191758
"2544",0.874864384797869,0.876142904692647,0.755939918679492,0.673566020211296,NA
"2545",0.864683364929549,0.798275423642581,0.733131334914873,0.785509678625852,0.848593144091845
"2546",0.973428218860775,0.805376233771114,0.851569686185291,0.764637818980727,0.896736365852368
"2547",0.93586266363129,0.801423392837973,0.866035296744181,0.852263621552097,0.881335040639213
"2548",0.882043689258097,0.906169145333982,0.856635255426517,0.781887206957211,0.897132914429178
"2549",0.964871607533862,0.794037662961808,0.741183605025711,0.827107494643476,0.950988588315057
"2550",0.945040832194686,0.889865097737871,0.728561942598372,0.744258317306071,0.876349756617425
"2551",0.867591000240264,0.783177957439584,0.793024276874853,0.834334500906747,0.769349808865682
"2552",0.932433137605615,0.945547870654247,0.766402855400646,0.688741953991278,0.801765246652978
"2553",0.948169115281968,0.965748455159878,0.815161343985713,0.744034603865796,0.893919812118028
"2554",0.968355868151415,0.935619804587761,0.78050182111299,0.86425167311918,0.762918729574785
"2555",0.962794513881035,0.970611106336662,0.763486869951528,0.829632372389818,0.838954358090762
"2556",0.89216328547802,0.905947554548583,0.938737992968892,0.822735026331697,0.963344894939859
"2557",0.924803498987843,0.943709597656083,0.930084343128721,0.753938676751858,0.887120820067742
"2558",0.797989232255141,0.815247089293951,0.709076145974389,0.77811015792125,0.892451127908371
"2559",0.947051268447205,0.897730917937407,0.924450190664107,0.632209851991575,NA
"2560",0.93580430094849,0.951533123163092,0.829303061834959,0.827392087451108,0.825718591339602
"2561",0.972439578064587,0.97847139098134,0.884764150122909,0.883215801084359,0.907487478432002
"2562",0.946565207215821,0.90625729102324,0.878516186017624,0.837884000156493,0.897176172753577
"2563",0.952362834393763,0.950172276977738,0.946440792476795,0.771568384448341,0.897694323830974
"2564",0.934746605678919,0.956179231541034,0.971296275214314,0.734710163822944,0.863610169723858
"2565",0.959233079853252,0.901867916129349,0.729517748042326,0.841699110143259,0.769026126263829
"2566",0.913817696408599,0.91299463905591,0.720291449557489,0.690831094471947,NA
"2567",0.918326323733408,0.947613346559273,0.823151640715432,0.791744984027782,0.89206940565539
"2568",0.918773005873403,0.926585501301635,0.894102597883398,0.765335652149439,NA
"2569",0.93804439405265,0.902722974343539,0.951082026460434,0.71181629983816,0.869003219349571
"2570",0.894351392859016,0.907944606990251,0.966633766268473,0.713730488453388,0.834971143665517
"2571",0.952289963902211,0.908978337597741,0.821879811532202,0.91623414955166,0.930294621256134
"2572",0.891021421132862,0.868830972566282,0.835697900996467,0.819650095887553,0.802059634121201
"2573",0.876686973703113,0.879055796917411,0.774810609008229,0.880761607814833,0.984141400847231
"2574",0.896380886057825,0.829208162222507,0.736013693476056,0.736107289640839,0.88477644782609
"2575",0.951155507133064,0.967095765515498,0.917539658476431,0.770669476129883,0.864312709372481
"2576",0.889264346466287,0.846574784147461,0.743722494032012,0.747245765105639,NA
"2577",0.956805041021938,0.968268593498647,0.705390643556183,0.731603066249346,0.873457037536618
"2578",0.823931703764184,0.7907626435109,0.850674602580354,0.804692050241863,0.93401781419504
"2579",0.97378133412034,0.978592238273955,0.720390469457362,0.806024407809598,0.929043200246832
"2580",0.937570820960171,0.910152890760173,0.652427033209752,0.729613510394849,0.875251252698575
"2581",0.911396508158632,0.93048526328603,0.854270180119749,0.90914957995293,0.882359429588291
"2582",0.876636957440209,0.886807831949309,0.798352712818474,0.733486325914269,0.861078346887753
"2583",0.940582315582318,0.873852067437749,0.844055574507457,0.901637053964033,0.93250726083977
"2584",0.977905260974575,0.871889927997075,0.7242303443979,0.645669651118385,0.802434146468571
"2585",0.947269957740221,0.96444245310077,0.996014059187808,0.782749033741746,0.862693561197672
"2586",0.935699597498611,0.907500496773227,0.803733022690769,0.811441881900512,0.946147255847189
"2587",0.978193489840339,0.883550250571931,0.843290025123441,0.888418223106391,0.843469673640716
"2588",0.923188015940658,0.895969091049454,0.96051788552993,NA,NA
"2589",0.96122407866043,0.956354300999906,0.750566505386955,0.825936447566124,0.952462161789597
"2590",0.950908066865066,0.957600548388033,1.01623510969289,0.883769237205329,0.79616964469745
"2591",0.984144116333276,0.950129151994031,0.762251844253696,0.837183841270564,0.959277241693953
"2592",0.975387762225219,0.971489453958507,0.838163562627228,0.709216934322003,0.861941891536462
"2593",0.916050356194041,0.925812802249831,0.926525623400788,0.882343257126103,0.871931104953855
"2594",0.973723339844875,0.948700876268265,1.00597084916798,0.978368502020777,1.09143846460684
"2595",0.931279824957221,0.933492981755589,0.817806066725033,0.783892401688414,0.900368435209371
"2596",0.838553455001212,0.857362172598631,0.890869046917472,0.957043946507885,0.76858070700899
"2597",0.959677112482195,0.971978009877453,0.821941557490064,0.883862730148234,0.986506972065536
"2598",0.96991144535965,0.980242901219135,0.833323157949443,NA,NA
"2599",0.873177170116495,0.879643111247788,0.88196170008914,0.932341811443185,0.867351271427546
"2600",0.972878457978054,0.969892960598152,0.756048866324342,0.860426692663734,0.901509264921262
"2601",0.968722990306469,0.967409937368543,0.828183448565037,0.88350438809751,0.924997692838839
"2602",0.918097995703131,0.902523247312723,0.805651136385416,0.787000305074162,0.903698207114438
"2603",0.980762452642856,0.840840034591433,0.772184624256104,0.856002948814992,0.963868754126044
"2604",0.971873525217473,0.957794325619593,0.71767685535883,0.766193202342651,0.907725606785111
"2605",0.940526025521355,0.944367443950634,0.940078527051504,0.83376677055335,0.927281639970219
"2606",0.975678850009828,0.693316433837713,0.705256130771418,0.740456095507957,0.730929352770436
"2607",0.920587443174739,0.930935381966004,0.624853285604376,0.674853445649863,0.874407880344846
"2608",0.969477904558447,0.980078223629448,1.04809177929092,0.84516583362695,0.959784639693849
"2609",0.946073456786774,0.869428944440929,0.767653381601076,NA,NA
"2610",0.879113039196496,0.891741083407308,0.818220736658451,0.899763725612852,0.878317556943491
"2611",0.946225086318994,0.964257897393708,0.822901003228379,0.753281770930624,NA
"2612",0.942153659557963,0.680879986533901,0.757349802032366,0.761954568312324,0.88454176016108
"2613",0.929777459532049,0.945120360252945,0.963299631997215,0.804498116522007,0.913768168031899
"2614",0.979666856773214,0.98284891960552,0.780290793957544,0.874506295763884,0.989127296733869
"2615",0.979607560635523,0.826797597377186,0.807092230033162,0.887206533172233,NA
"2616",0.970800923199774,0.924258236721123,0.839852355793359,0.75801914603027,NA
"2617",0.922875460651226,0.864281599393501,0.751445189580903,0.697208165875109,0.835902946771346
"2618",0.954200308174962,0.963567274096822,0.73997842330211,0.673833419991126,0.805521544649606
"2619",0.977700541305394,0.917475842600499,0.703436973507856,0.746850852846714,0.868236386905582
"2620",0.979677444539784,0.916814461798557,0.963993027965075,0.70046114454282,0.837803901357889
"2621",0.868306589065969,0.885629022975034,0.90858858974892,0.718175249401543,0.765670179415857
"2622",0.9747113660779,0.978203671239945,0.842036673859252,0.668113729617934,0.822797420129557
"2623",0.970096573770808,0.877155466184212,0.759426174347543,0.842414528131616,0.921855824942816
"2624",0.901062367509012,0.917951784791766,0.85261982587217,0.913125521959506,NA
"2625",0.795086640880518,0.815285839722032,0.764261289466908,0.681131366512989,0.836848512310816
"2626",0.960344693676737,0.957436353189367,0.8838251253863,0.770297070403477,0.894300003123986
"2627",0.941378070219581,0.93446077845651,0.731552221321826,0.736886462612312,0.880860413364128
"2628",0.949409048333638,0.972038283438875,1.02102846033158,0.683196036556551,0.786713078811604
"2629",0.875385093920464,0.899252385033864,0.738957130447355,0.8090586970236,0.934580140368589
"2630",0.9580101854956,0.925458231145999,0.888702420684491,0.946127025521409,0.925474175009953
"2631",0.964370136232469,0.970609658304323,0.73642342315303,0.816640804859654,0.841069907080084
"2632",0.922290028692796,0.819407984609851,0.865509018864609,0.730455807623542,0.879778100274895
"2633",0.872379001064873,0.892064568005261,0.777433537694621,0.913119163560875,NA
"2634",0.948611816761871,0.857487384482119,0.747223476124649,0.740021100396559,0.911412153559279
"2635",0.902739606731723,0.909639398906043,0.906737340284007,0.783741415909344,0.909714343337175
"2636",0.963974033651787,0.960815808269558,0.755067048811756,0.840657944887759,0.98271965558631
"2637",0.90296747880001,0.911381855636241,0.703178142495683,0.817765061502154,0.91612008446936
"2638",0.96683708940177,0.947659748827734,0.607532661591055,0.71739125145387,0.846114602836105
"2639",0.932948643537871,0.95162197385837,0.814376800470706,0.725274732949951,0.854660122167344
"2640",0.969535209475343,0.908172938094663,0.949615421766162,0.847424523643975,NA
"2641",0.945994859364428,0.962202955887974,0.69510828893752,0.762440636074191,0.829287726382281
"2642",0.816159693466675,0.839593630214298,0.843918005097116,0.816992353366197,0.918041411676062
"2643",0.861555625941766,0.836897545007625,0.852311285344045,0.953685842810484,NA
"2644",0.941613788285629,0.952286651140065,0.676629890111736,0.682682770928284,0.823397781903911
"2645",0.945656673138835,0.916110359974147,0.836652926476979,0.906201767822914,1.029581025952
"2646",0.959746596512071,0.97666388189982,0.944889949077018,0.798313872446515,0.908312281124022
"2647",0.946570672816892,0.914494409684294,0.919761724789412,0.868088632632722,NA
"2648",0.954663456814327,0.980051172611264,0.81480766116073,0.882739419785047,0.845182040647952
"2649",0.973325332031271,0.871675312675327,0.688076063550291,0.784846476706781,0.908826525696341
"2650",0.865165016464985,0.783504142558337,0.858781973274149,0.822468614203722,0.932512416403934
"2651",0.951099101475307,0.965290264867605,0.881706051605186,0.775266895581741,0.860447712337159
"2652",0.885163762314905,0.898990010623397,0.851973177625014,0.898208082345063,NA
"2653",0.831209006380115,0.84268684445318,0.759599586781598,0.86475042408647,0.98824448416712
"2654",0.972556928442648,0.908601879404224,0.798933412914822,0.74375383686462,NA
"2655",0.962537684449807,0.850027006978116,0.895178485457698,0.689987003901774,0.835038954928829
"2656",0.969747159869447,0.992518027198004,0.882129477565092,0.923208289860968,NA
"2657",0.930930590388108,0.936493832277843,0.896963600299178,0.768753613904964,0.850146403021146
"2658",0.94306089622328,0.848303227682039,0.836568135262498,0.90958025145508,0.892313292163006
"2659",0.940676561107208,0.858194336074414,0.869789424223191,0.802518113693607,0.890326453522639
"2660",0.976230357826463,0.993869164905984,0.938376714401419,0.830717624446865,0.800919748774433
"2661",0.966362271168188,0.979061152906347,0.818298840952322,0.699199762819125,0.820298384027512
"2662",0.908340672071959,0.917478426493537,0.874231858330028,0.914061074322568,0.876948425414882
"2663",0.906153251023889,0.87831497026044,0.64218523998463,0.733987147515309,0.811587425519025
"2664",0.980814717434942,0.762682749469461,0.830622678211153,0.746132024159267,0.845343009271149
"2665",0.961290077661272,0.979603059088902,0.835497349077664,0.884300865127593,0.873980961377026
"2666",0.978384475133717,0.857704584378998,0.854865729965137,0.790545589129149,0.896883195159051
"2667",0.958213192559954,0.922879667812684,0.745424823842633,0.83248095444081,0.903116030740642
"2668",0.948693844436653,0.907237890386044,0.860080509796638,0.724484443643734,0.855140048865535
"2669",0.91074767100952,0.92818715687851,0.977130860483551,0.766873382668058,0.849222953980329
"2670",0.892019628057102,0.912053439113818,0.938551110192629,0.794307136248892,0.943497317414158
"2671",0.960243439880365,0.968620222286318,0.918883882442534,0.809691838683288,0.758739909834863
"2672",0.869927331455621,0.845952853267402,0.912317018534876,0.93598971831742,0.810774738241919
"2673",0.933785166622521,0.925899830278585,0.889634074840046,0.821740855500542,0.956622346362998
"2674",0.965322305427852,0.881358578590556,0.766545181832476,0.6949300440385,0.839279200564056
"2675",0.8949811031855,0.890997654417789,0.785110690851274,0.856712879288396,0.936716695047222
"2676",0.971978652643042,0.961706890414227,0.771362133161639,0.835191538974482,0.933988791290567
"2677",0.95957587304894,0.911033449628007,0.764698193124836,0.758748644031182,0.778046426474293
"2678",0.829907487859657,0.846282195211753,0.903780431680255,0.754718327028521,0.788841621643966
"2679",0.963804137212639,0.980782570587024,0.763843328291956,0.799454429331199,0.917410484707171
"2680",0.924824095446289,0.762524643580106,0.843712562127868,0.886099861388218,0.779605119946833
"2681",0.962784324452299,0.920648906023951,0.778119716056688,0.765307254440987,0.891510641431062
"2682",0.968255600623406,0.79963964784355,0.863287029442152,0.732320836880959,0.798444330016274
"2683",0.98924554828396,0.961427724690749,0.840082322905616,0.771047941169415,NA
"2684",0.96100848549961,0.949957380051282,0.825145756887304,0.906617844767937,NA
"2685",0.963221501246502,0.956434544972985,0.785719787806512,0.720667919191329,0.856103757109313
"2686",0.951249260019404,0.979373425333476,0.77548198511951,0.862962335797256,0.955186130030051
"2687",0.961324074426775,0.977505656211515,0.686086264695005,0.762585463954793,0.870437111154478
"2688",0.93572771857993,0.875239884397061,0.732565138141051,0.759035323180805,0.875440625131305
"2689",0.855411113566879,0.801912219388085,0.797248207631971,0.8591773949341,0.801667816358258
"2690",0.970687098973759,0.894018514455971,0.749267475475489,0.844648983914798,0.938777166111554
"2691",0.87421402544066,0.895206223569765,0.625076769763197,0.733874118248582,0.816122137358563
"2692",0.966153793492556,0.901676424350705,0.902974046885777,0.848178855125901,0.905296045508025
"2693",0.886939032969843,0.834378541459295,0.681406605835549,0.755674852199575,0.815179172020294
"2694",0.959443418778798,0.965909207091166,0.631677231984206,0.741898400319962,0.866986112369527
"2695",0.921473373612607,0.789624588714505,0.748719647210819,0.786952952540102,0.805100589490359
"2696",0.957735429487566,0.96480910884005,0.871476129881252,0.759333243315108,0.87368389834487
"2697",0.895049861070058,0.902925754214244,0.629774416511892,0.677927837028217,0.82065035295208
"2698",0.961552132561632,0.976629022345461,0.934334396873461,0.925485761702971,0.917921601118959
"2699",0.832209276185871,0.804686963562422,0.835873287902839,0.910273873354536,NA
"2700",0.970524887337242,0.95626313068073,0.969820253125804,0.676403512519713,0.855520108934648
"2701",0.974092586106223,0.946128497976116,0.916475253064429,0.757012853028366,0.903466957180751
"2702",0.866686878581273,0.816426148275832,0.753354260406822,0.826601235344307,0.917027496591462
"2703",0.871999013163584,0.833888859420701,0.72793066067839,0.8257357861415,0.863252386881004
"2704",0.885616321724507,0.90322158444493,0.820670200756067,0.731014925721359,0.859799214972359
"2705",0.981245697467817,0.891072011538753,0.758664206500849,0.876815255265929,0.977632216042653
"2706",0.938114970165207,0.957832064899264,0.797452803682268,0.840096405078752,0.98575492232732
"2707",0.985505577986689,0.861594317330551,0.926387383943299,0.882501728952789,1.00477998157068
"2708",0.964191522346794,0.981994968587431,0.814270773578609,0.90460486069842,0.92547551508458
"2709",0.969961224456983,0.840141344767154,0.795637848708744,0.794091786129411,0.926257515922429
"2710",0.904617224723233,0.794427601765278,0.844842934987679,0.763483449735441,0.806945936413566
"2711",0.962526919090141,0.981201027285931,0.949929071618074,0.841176484191509,NA
"2712",0.937462148123987,0.945664325667597,0.836832514736329,0.680972327645187,NA
"2713",0.934121043511182,0.887998536445502,0.88822380093784,0.913021947090274,0.836743066817793
"2714",0.972121638919853,0.952589618374291,0.831869238364493,0.819571262195275,0.790969337657428
"2715",0.968946126035097,0.980515236097867,1.04448103006059,0.784214667729956,0.923786781400527
"2716",0.956609025129855,0.919322442540106,0.724239995201738,0.743656361965579,0.878326497142032
"2717",0.978121889554961,0.93325098668221,0.767508605274244,0.702687582349009,0.792234077568518
"2718",0.955415752412537,0.971834992516361,0.777152766522901,0.822603722636728,0.820666711257756
"2719",0.958818294996801,0.978820489262009,0.859112073460188,0.810743445129804,0.855822740276703
"2720",0.969998586555232,0.912973611670679,0.72217185116585,0.724698779710809,0.840149425780252
"2721",0.908706940493146,0.926457762019322,0.950311798812659,0.743597906173525,0.861467193388673
"2722",0.973805271237323,0.83308364368177,0.806540421701708,0.715213735149608,0.863586100731629
"2723",0.923447504548381,0.942234066634834,0.715240975895561,0.75781820081737,0.865804508164984
"2724",0.920246159457082,0.893082903040096,0.777455919947473,0.835296427179967,0.95032717330847
"2725",0.978960430537662,0.982813369133609,0.998212984755701,0.732352886285309,0.861448201743793
"2726",0.8250394326525,0.807300797455472,0.795089434062347,0.866580711209487,0.828126184373129
"2727",0.914499756622687,0.903883026796596,0.809487965106504,0.674721624479214,NA
"2728",0.931162663530015,0.954875168594764,0.696473150721406,0.704806639845949,NA
"2729",0.975397145590158,0.912301855917939,0.715108026657908,0.802255208521058,0.921123934306755
"2730",0.941965956708388,0.960249121363572,0.747534303070533,0.850201416798395,0.852201595463584
"2731",0.956944812161328,0.911562292920939,0.745906335566909,0.804271012901205,0.950649643053176
"2732",0.883509185114009,0.886591327961816,0.813135195021672,0.753261531416161,NA
"2733",0.918337055050473,0.928546837701493,0.749000062438033,0.832452548109995,0.848571674590936
"2734",0.965064310632079,0.926933576845683,0.873112247423171,0.790444734865676,NA
"2735",0.979582429531175,0.890264616607918,0.850250815046469,0.748630331817694,NA
"2736",0.940558643395858,0.921194388457915,0.821597015910951,0.818567487218317,0.796441866859006
"2737",0.956945250263634,0.844038602516906,0.694592749606196,0.729082945973823,NA
"2738",0.956471077194315,0.959631985200698,0.962454045227634,0.795424148770327,0.899741786756112
"2739",0.962487798191859,0.957077550540321,0.865398034927869,0.815560033173938,0.820524346965012
"2740",0.964258223726609,0.804978712007527,0.795174929359814,0.897388687204513,0.867881825129567
"2741",0.962947937960155,0.9359771656995,0.952031825198638,0.714353781634523,0.810851945424787
"2742",0.837943715782704,0.858266836396441,0.833369520536011,0.785514727557274,0.916742429104582
"2743",0.962846085625922,0.97541293315104,0.729949505852383,0.797014099025901,0.919922286205832
"2744",0.902013612982848,0.915457211483257,0.866263803045201,0.79173457861116,0.903356983643403
"2745",0.979589382824701,0.883401930049307,0.806526731670606,0.809303214624918,0.961631880689021
"2746",0.960978810582376,0.981146984737364,0.948309027328015,1.01388817642382,0.850889635694169
"2747",0.971745550848391,0.988707840728638,0.861867155895602,0.816754881521191,0.902215531682575
"2748",0.94233856991144,0.903549962153528,0.940652786905734,0.732146462541913,0.891298567485304
"2749",0.964739143399521,0.774848674602095,0.83530037316007,0.88427488530093,0.982689869076081
"2750",0.962328274966955,0.971441601622631,0.815416889319848,0.76888182558278,0.756321091923459
"2751",0.902640498420873,0.834523128290819,0.898877109543701,0.819854263745155,0.924688950993498
"2752",0.964599456047573,0.928133417092206,0.860732758579549,0.768496861060393,NA
"2753",0.919330262505772,0.931490969015422,0.857312084807334,0.857054905113922,0.956726207809134
"2754",0.94584060974703,0.956028013807633,0.780521987970463,0.706646090562829,0.873160121293634
"2755",0.869083110078389,0.803085574013036,0.823894251184027,0.746987909075919,0.864502081797898
"2756",0.937842473222719,0.946925182258608,0.689634313415491,0.754997423080265,0.895451232327567
"2757",0.946317865949391,0.935232914789433,0.768192823660321,0.814657567812257,0.769893276268395
"2758",0.98715991134353,0.869264387603295,0.828835613691081,NA,NA
"2759",0.973707342132487,0.891595384975696,0.724407857906068,0.78106824399996,0.913726153344914
"2760",0.841672798507853,0.847236055355518,0.834229824613315,0.703847039812566,0.853571862724823
"2761",0.957372752410193,0.961421564722438,0.755283079043363,0.848270240337763,NA
"2762",0.929015419500641,0.932854280521553,0.756336369643961,0.757523566285859,0.8981836160944
"2763",0.897094855431047,0.916146154508856,0.972047004633967,0.681739800760306,0.798450254988763
"2764",0.963777820449098,0.882205704199424,0.721845497970266,0.801218199007505,0.921182661060943
"2765",0.935823829864804,0.945161080733355,0.872431896815264,0.674749801265872,0.837561773891753
"2766",0.91779063841798,0.830027002427904,0.892072995899837,0.833735652740238,NA
"2767",0.782266448434244,0.794488831576174,0.853099750059729,0.779851344212779,0.893322733618745
"2768",0.96004639290048,0.893593774698972,0.813464790259396,0.786829966474669,NA
"2769",0.991048534627097,0.968928667519767,0.842417536818839,0.762344201752234,0.79221093726774
"2770",0.872771950709231,0.795497705736232,0.606916505361219,0.696172628447174,0.833076244962801
"2771",0.959554861818666,0.780233977456553,0.852990774686868,0.937479234102529,1.03130093572798
"2772",0.930383213570147,0.876337084680133,0.838943699492647,0.78043109349702,0.915137336153691
"2773",0.858558444167962,0.869843108424183,0.912509795895202,0.78181710589116,0.779171716063353
"2774",0.89117145544601,0.907309404455679,0.792786447698822,0.876552353857075,0.84638067160546
"2775",0.959697185494186,0.960182287232629,0.800627241034688,0.832252441123942,0.917265581544127
"2776",0.960670238054018,0.892500462193795,0.901895561808824,0.679022619699857,0.809388201669241
"2777",0.957531053715703,0.910541454091846,0.818523190776058,0.813089575921406,0.924267186173243
"2778",0.965398988357702,0.879187405098489,0.700746882224627,0.79349121847813,0.936831207619703
"2779",0.990524826141861,0.780397097352327,0.709140267306191,0.613111601743609,NA
"2780",0.960054384357592,0.982552827280163,0.689607820979731,0.740087915734418,0.850058111382676
"2781",0.945698052101174,0.956033818822007,0.963219751096371,0.790106396225274,0.934573921870005
"2782",0.976331042505823,0.99228125199162,0.820109176157488,0.876789501731852,0.823981547267317
"2783",0.9621130174261,0.830727118512318,0.898382631351909,0.952878442160278,1.02782458072331
"2784",0.95940303564042,0.965832888216965,0.814639602291036,0.686092184272437,0.82063993684054
"2785",0.971993445001178,0.841710927571413,0.890581388795546,0.655433608731568,0.797884406063297
"2786",0.92620564097336,0.941807343911505,0.917769225742939,0.9049190229447,NA
"2787",0.892390138939984,0.903488814594368,0.938044834890512,1.0294422664403,NA
"2788",0.962495202773914,0.83550717404952,0.730762048013087,0.821719729993627,0.886759093410552
"2789",0.940183857400262,0.951691149299675,0.670619237062499,0.788058590757009,0.796961240910689
"2790",0.970176997186285,0.989190734164329,0.809102819308341,0.859243231037726,NA
"2791",0.923141616824771,0.942782060762055,0.939678656967602,0.840790216367112,0.935188714845873
"2792",0.940450397176571,0.951180090555069,0.842447318719588,0.799062598907512,0.867884684352502
"2793",0.840958491180965,0.85842901543457,0.751389867608082,0.653843158247887,0.831815935740043
"2794",0.929441485538364,0.942929072408477,0.955538781888506,0.840631697617468,0.974165703819635
"2795",0.948973492599729,0.967386315039418,0.709109015088171,0.794105529735415,0.895328340003455
"2796",0.943229677494783,0.79215043262676,0.803025482476268,0.826456422958005,0.932669463363672
"2797",0.865060066616981,0.878960518520473,0.895412507796014,0.810949770453711,NA
"2798",0.897844837560489,0.908160986099017,0.831595238165952,0.910711185159256,0.887816907711089
"2799",0.963811728927066,0.884473666332536,0.942870117732387,0.833484193188002,0.971191906672985
"2800",0.965697657963309,0.972343762961456,0.878441029933599,0.742544349347829,NA
"2801",0.895315655208353,0.890622732985833,0.826512055421493,0.760883396300565,0.829138057522967
"2802",0.966071742467971,0.937728099908897,0.902009364035378,0.820354360487791,0.927795588058152
"2803",0.921468844685912,0.920709088806993,0.768673122732489,0.846003439948922,0.756836080169571
"2804",0.962123138385601,0.929529684840329,0.857582710780011,0.910878741239011,NA
"2805",0.962933458313947,0.888886090269864,0.807432640845557,0.687974369440366,0.833682880090697
"2806",0.928033177839541,0.938341235817419,0.786357485855143,0.856992221158198,0.962142835466255
"2807",0.970474028304957,0.958200551386865,0.821519218154032,0.844867313957365,0.943610521808409
"2808",0.919482923623948,0.934522512986074,0.892221258771148,0.807233977358154,0.96334925403783
"2809",0.946642299614828,0.91407406885087,0.757174190408191,0.724864201770004,0.858521514854048
"2810",0.966482359118111,0.960722299443635,0.818802388846195,0.884972181428783,0.878898628838018
"2811",0.867935849252536,0.838132198304639,0.879129473564277,0.829547626867804,NA
"2812",0.98790975238105,0.817493386244216,0.874524951449541,NA,NA
"2813",0.940778730221062,0.936568021210016,0.7514823664571,0.817748133662893,0.910154386543398
"2814",0.963610895663333,0.946392603278499,0.722609585113567,0.786109020654574,0.930236476292
"2815",0.958337550119108,0.985226529375346,0.805188319076278,0.734966586931156,0.874210201143183
"2816",0.979316438831641,0.896817098438969,0.753378483527704,0.850777613364883,0.954512437152228
"2817",0.926759020981574,0.948603824658111,0.720714428452936,0.831040468949988,0.953382960082018
"2818",0.979798930364844,0.988507268644053,1.01533629560482,0.903164341094739,0.879039175431245
"2819",0.960377085485576,0.884539911491332,0.940673818531367,0.649232248911236,0.842735421923932
"2820",0.864784349844844,0.819214978519098,0.880816202966924,0.755773520857888,0.901996879964457
"2821",0.984850662179738,0.895300266865042,0.921068627225411,0.654799823877738,NA
"2822",0.947152124111202,0.958027246208966,0.669858492998786,0.742248726071086,NA
"2823",0.917880070084133,0.926962609915562,0.900077715132247,0.720810442309216,0.857794906555327
"2824",0.960850810303638,0.981008977628227,0.820006908029608,0.76758944840961,0.892631778495302
"2825",0.958895668035448,0.915893941652852,0.968827093089181,1.00872518707438,0.788373876475206
"2826",0.853104199047353,0.836537708304218,0.891172438110925,0.872659068578097,0.962083932789075
"2827",0.876821059591243,0.900679327320606,0.770284736143154,0.829818731744776,0.844438049384749
"2828",0.965437635719839,0.989581396595377,0.748850078894618,0.853504430249498,0.963726642075372
"2829",0.935705526045119,0.952886356202396,0.678084767077507,0.758213958496902,0.91951366929227
"2830",0.937369684565378,0.850899288754527,0.822287286974937,0.822464389463882,0.915447843278309
"2831",0.975769240513783,0.864691540035557,0.811158194888576,0.669307902030129,0.839090912130147
"2832",0.969980181457159,0.955518305097486,0.706065459288329,0.741902764658501,0.868427047801691
"2833",0.960314492180032,0.949948837037576,0.837184541044392,0.748694344852495,0.847293651446703
"2834",0.809128647185489,0.821115199221864,0.863579954984914,0.84054897195996,0.965855366622022
"2835",0.960495178384897,0.940745571477937,0.997667813655214,0.748528424301554,0.856660253889948
"2836",0.949862838393322,0.956901500007664,0.82796370732176,0.902452841074285,1.02611186189014
"2837",0.921354584055115,0.870302535549224,0.849557422543799,0.732232495026918,0.889296917046647
"2838",0.983472403667859,0.960940995182544,0.843284818539271,0.824313337330822,0.944246318943318
"2839",0.974388405082925,0.980583025930224,0.962161640672741,0.813677849286148,0.884774563552052
"2840",0.935678834162804,0.957916128159278,0.793490970634582,0.867268401887594,0.977476484226207
"2841",0.96288029890789,0.759698307155456,0.674476729892428,0.768115129807798,0.848804696329691
"2842",0.943430256611982,0.908166909411893,0.943630961795954,0.699308422557769,0.817429818030016
"2843",0.902822902691731,0.923265337277017,0.670290435955969,0.766478223145124,0.922903257380769
"2844",0.977180224035301,0.883520630379157,0.776579939066112,0.853293577811131,0.960465041121182
"2845",0.952930449904811,0.966265250368835,0.973815787982864,0.761875136745649,0.855709985559369
"2846",0.939732587213523,0.962337685527045,0.657862009267474,0.762577127174996,0.859954713958941
"2847",0.823809754626493,0.850782507433649,0.745664725153213,0.808130614375952,0.942501218664705
"2848",0.936325125378079,0.857115324120827,0.902921256052795,NA,NA
"2849",0.926192048762325,0.934858611191116,0.783998123809956,0.801775095049219,0.913411412878786
"2850",0.916482304431403,0.926781089754464,0.983326649453672,0.787707975956069,0.937786947792791
"2851",0.963051277114443,0.930932947418982,0.784780483762719,0.777989936699484,0.885649455101346
"2852",0.970304833573687,0.745006694110569,0.790171307865003,0.7719282598421,0.917905135771395
"2853",0.962495039586141,0.788177636582101,0.714402266201215,0.814759187345263,0.907941201727257
"2854",0.94602631889707,0.894769516413486,0.708951437038848,0.802898861626742,0.878783054223671
"2855",0.964126374053566,0.983419615581024,0.795067591126533,0.906744888855593,0.850444152449276
"2856",0.961313127455352,0.905522770989826,0.951149804690935,0.777157712458249,0.919751444907932
"2857",0.965399725626519,0.880416445544366,0.806537149839867,0.879096366860391,0.91031135344813
"2858",0.95617187063243,0.978185707913979,0.790524034951915,0.798070827984977,0.935856177970566
"2859",0.859759688081669,0.865264685209978,0.761111061359368,0.74415905231608,0.8716697824947
"2860",0.970072895944231,0.914819189370049,0.838037004111743,0.718493785330781,0.832086109517461
"2861",0.931123029213799,0.942600790747343,0.751201439491409,0.849497332901073,NA
"2862",0.902006183093447,0.916962835999422,0.835387239540524,0.841985779559193,0.832558387228414
"2863",0.959758541957853,0.838575722980625,0.692410115322212,0.763458098675284,0.901065975210014
"2864",0.863914152977471,0.842342855369687,0.898297623321065,0.773058516784427,0.698554620016912
"2865",0.94892003388217,0.880640916173261,0.789046916260425,0.748425991624109,NA
"2866",0.948053859655746,0.971711571100966,0.969074468460397,1.03900398556225,0.842275469144143
"2867",0.911335988650229,0.92813343722254,0.790334829682998,0.85581331145945,0.997258583791777
"2868",0.973848812486976,0.899536211007925,0.895605204237422,0.949889569334887,NA
"2869",0.961591591988035,0.932804635057447,0.893762396007587,0.959285753153846,0.807904019878486
"2870",0.885701454744774,0.908051195557312,0.970133965931374,0.793937923305126,0.819103928366495
"2871",0.986130809964395,0.832374721771084,0.745037879257589,0.710329837163719,0.821218940297952
"2872",0.919208833499096,0.941285797780571,0.785794329312162,0.865452419734704,0.867113459539251
"2873",0.971467766218284,0.980058924010277,0.731279568407103,0.840597188699783,0.908678447717425
"2874",0.959446982118253,0.978523481344924,1.01826988438223,0.796446664717549,0.909025202541223
"2875",0.934147455509015,0.958089847579906,0.85006101929671,0.847915750654292,0.889416135625534
"2876",0.943207196255851,0.902639558004484,0.731455773295741,0.671443790622848,0.772162267635048
"2877",0.917818318737655,0.88319132646982,0.804311491700519,0.834400476228682,0.915851553220534
"2878",0.982706536825108,0.967227012236021,0.889977492284136,0.768696076619036,NA
"2879",0.891383013348375,0.908435029002476,0.92697782838348,0.906900053825177,0.937871024709851
"2880",0.919138117099957,0.938815483167101,0.790024188601607,NA,NA
"2881",0.881214222492267,0.895923860966623,0.798930437185937,0.686794669885958,0.853182346973568
"2882",0.968166857759685,0.989943421435122,0.746590796365185,0.753239262423441,0.883035435800322
"2883",0.954978063877002,0.970930435383041,0.700447921334254,0.713859037253568,0.840854330121937
"2884",0.953160728625455,0.96376667671875,0.849267746816899,0.783325519975726,NA
"2885",0.894464116352522,0.909628755443121,0.918356458411796,0.591481935576597,0.775080180119246
"2886",0.867443974283701,0.844099085319204,0.88149800528363,0.8358900297942,0.911129271072229
"2887",0.903761839427471,0.845507693184828,0.905966489547127,0.617739041696147,0.770712459181005
"2888",0.868537183783832,0.80771468812418,0.737479954308531,0.773858045739477,0.898283122379108
"2889",0.874784923727858,0.874011930529482,0.914658058890997,0.867609008018533,0.976976988999649
"2890",0.917112081129656,0.797820079805565,0.822104789627426,0.902894095597271,0.752581644318694
"2891",0.981448970390241,0.919650622874319,0.746376995220044,0.842660888317572,0.927320374413673
"2892",0.896675940415572,0.90515576611735,0.840456921041409,0.786561002628418,0.899945812127613
"2893",0.965210947730693,0.986092520132879,0.908245371028744,0.857483093809023,0.893834099375914
"2894",0.93660231174262,0.936923899812913,0.910619528759842,NA,NA
"2895",0.884925085033864,0.902433301140693,0.876858872133592,0.700144425456904,NA
"2896",0.966966534825283,0.768321388697499,0.714744423461383,0.819037655500135,NA
"2897",0.946477880902572,0.957305451436814,0.832501665772958,0.926618195852611,0.990377561378959
"2898",0.881359519202817,0.896556981016296,0.878089768629543,0.947144650300639,0.928346556684308
"2899",0.900622656258389,0.926786304995187,0.84244509043094,0.84649635839833,0.957034206897293
"2900",0.914299357860055,0.924810717816312,0.978695808390399,0.759904913869122,0.878065630409549
"2901",0.973688908482191,0.981567671289553,0.614567525615301,0.736303006130397,0.859742436733238
"2902",0.945032819993968,0.913359557965726,0.71004547482329,0.810699674100742,0.846197717410424
"2903",0.973705058766792,0.9650166087334,0.730250926174872,0.762953765187618,0.831382595760609
"2904",0.899844544592075,0.918301696667024,0.809878431275356,0.861867051231126,0.993680898758163
"2905",0.908086924929708,0.874512037874987,0.951793745868255,0.875615917182623,0.941748915190344
"2906",0.954931600328984,0.972231849469331,0.743506426115451,0.769925382700879,0.834344237356778
"2907",0.976516886982498,0.990611752089339,0.744130600288516,0.748824598289306,NA
"2908",0.928494990478678,0.94303791759771,0.859245008975811,0.757449984378189,0.915484618043416
"2909",0.954731540764405,0.918454861558448,0.841681901769856,0.879305671398291,1.00391254848657
"2910",0.866810626501969,0.873687848022511,0.844909974981912,0.899447539566186,0.904631965894302
"2911",0.966347080986385,0.938242853152509,0.85225999681141,0.800306673116609,0.879581511041982
"2912",0.932454852443674,0.952827442441293,0.788227526661871,0.796380274605741,0.876749821039854
"2913",0.931528973353024,0.935758853055887,0.640580858965985,0.741131580802691,0.878403956121154
"2914",0.965138463358598,0.911933564481529,0.861286549453209,0.768569721232958,0.863999153494373
"2915",0.907018833009701,0.876765165310106,0.860638920560636,0.714706422369287,0.834262509941463
"2916",0.964868441280278,0.981520668806353,0.740002490138834,0.790390213860404,0.944871792541782
"2917",0.934034121754361,0.950436701309949,0.833905729401964,0.831060293641682,0.886132939278955
"2918",0.919763547464035,0.93841927869879,0.807390659924057,0.822515452050978,0.803042639775177
"2919",0.927890138885593,0.940762518760258,1.01491498389106,0.817252580789747,0.939922760674024
"2920",0.964343389447678,0.918281751489746,0.777592545524843,0.856205909024689,0.83407094853129
"2921",0.969852673787493,0.979699270586352,0.773389184777819,0.831489471724867,0.954712889418291
"2922",0.978414907806316,0.966797571703731,0.789173824922417,0.881155147184924,NA
"2923",0.954223951606695,0.963918740323657,0.854027694496543,0.826448603966969,0.948109869901208
"2924",0.910757120803506,0.843942568031817,0.713076623420426,0.778001635781268,0.787868206642966
"2925",0.966930178758061,0.980454480352302,0.849802687817084,0.664339526420046,0.750950387726119
"2926",0.896267601766616,0.831363659916571,0.729095378637137,0.7688296600893,0.918499887956416
"2927",0.943471234182917,0.929783841797937,0.819690927260899,0.740761075555588,0.860238367663397
"2928",0.981880763364633,0.977944513920559,0.993486452931011,0.8798357558335,0.991745434623287
"2929",0.941226558027558,0.953142862159678,0.864539249939024,0.784681122008094,NA
"2930",0.971465769949216,0.88241067777899,0.756943101714603,0.717950662476741,0.84048778995663
"2931",0.974363549884654,0.975330200762117,0.720519457242991,0.695722329951515,0.833124241491206
"2932",0.899277216480311,0.916787570096619,0.868152512976452,0.775233276410469,0.919801671807996
"2933",0.857188654707667,0.879454038808502,0.753606865480506,0.852881036025009,0.975096240985565
"2934",0.941006983852993,0.920401976259092,0.729979951082759,0.815938785884542,0.910424805485596
"2935",0.917058289317285,0.837421577526017,0.840244230566441,0.832046642224195,NA
"2936",0.935227684560556,0.958633162766588,0.756355478106921,0.802731776885201,0.829102892104122
"2937",0.966030665090775,0.729552491411828,0.765221376741199,0.785768181377867,0.820230810659384
"2938",0.963590766335362,0.981408548157681,0.992386714203351,0.825049740776756,0.806955558654767
"2939",0.89250831477141,0.916122282573386,0.725551054669661,0.807346911903307,0.922385323452454
"2940",0.933157526094045,0.899804692691256,0.710154358856065,0.695136708895211,0.790412134108149
"2941",0.925714553293491,0.932703546861471,0.983249950727059,0.822989161857505,0.885739595175776
"2942",0.944435442109704,0.958261326800946,0.960771495668184,0.821315279991035,0.907030935266617
"2943",0.942365022329609,0.810825783316125,0.68414921331737,0.688735531961907,0.814624633986784
"2944",0.946404035945747,0.916496928529777,0.822027762106248,0.855164931161495,0.98112643226548
"2945",0.961293086046572,0.93172507787487,0.997661552501215,0.795830532361738,0.924140740787786
"2946",0.989206584273091,0.825902632884363,0.87242223513041,0.827839607886655,0.922454894385944
"2947",0.976224003773483,0.986418196806879,0.741272440065005,0.733970130725159,0.851914508947055
"2948",0.983914293369572,0.803576130036346,0.809068583655592,0.894066968681932,0.986951875399166
"2949",0.970473748984202,0.969083911436599,0.717993542540991,0.782674819449211,0.923821628231319
"2950",0.911502127697462,0.924833383156641,0.86376054614569,0.67236654283479,NA
"2951",0.966870013285097,0.889025506231391,0.812129111740441,0.865997782635214,0.984662393767605
"2952",0.966800231966329,0.906539770580865,0.6087160062608,0.710461055365122,NA
"2953",0.957326822614988,0.908388677944442,0.907218275980231,0.660845355138769,NA
"2954",0.898170758409926,0.875812325176857,0.864224624390849,0.65482496325328,0.787645020231221
"2955",0.958043286056873,0.98099706560665,0.93954242221453,0.83367143679129,0.948634410829991
"2956",0.943092713341298,0.933780268026129,0.846123078522816,0.716052454790125,0.789648695727879
"2957",0.967351984446309,0.980670052331383,0.741993600838666,0.849746686280215,0.915018055324189
"2958",0.964209119031962,0.978760207176513,0.807578426377959,0.703163281657828,0.827506222385061
"2959",0.976815880359614,0.93535167955218,0.829691609320367,0.846213631451015,0.943302305145279
"2960",0.907072404942276,0.933425121850281,0.70053292118953,0.810375824683832,NA
"2961",0.942829716429457,0.959589294445402,1.00472474823865,0.929005653952827,0.9156636718203
"2962",0.91403842903759,0.935389314213784,0.636127689561764,0.715574029560203,0.844363521542345
"2963",0.974222161201404,0.955811720382288,0.732935907126151,0.733413266126728,0.872593937604921
"2964",0.92803703278086,0.933648265546056,0.961670117313439,0.712880326058833,NA
"2965",0.957919637470104,0.816910553586003,0.78764159702079,0.75272424994947,NA
"2966",0.858754751017242,0.87772971523627,0.657772292072824,0.671811742088472,0.812707155726032
"2967",0.853541269969556,0.868970271406213,0.913618385827965,0.769423475086932,0.866933086909517
"2968",0.964857295952272,0.980662153383361,0.727733103738014,0.791139135770283,0.89583961878569
"2969",0.967095656984841,0.919166834852657,0.799229170312612,0.879901285512373,0.887172102876442
"2970",0.976100169696621,0.794035029202046,0.83744161466455,0.775041961313419,0.899056807421141
"2971",0.981949339488071,0.909421293800583,0.815353829174754,0.875382422819665,0.990506627002243
"2972",0.935184310366633,0.950893921606916,0.845985997295531,0.702192918512143,NA
"2973",0.983991450964137,0.937771580169908,0.715674957622978,NA,NA
"2974",0.953741101157111,0.963044281098956,0.894400959250607,0.831934236778996,0.885805040560568
"2975",0.9068073653826,0.911964786128781,0.863227142113676,0.783650331286291,0.899347420206868
"2976",0.889467796243055,0.894308876012988,0.921210739923847,0.816100301506619,0.938370491748301
"2977",0.965012393254101,0.872931854006528,0.659545072824772,0.71883212858673,NA
"2978",0.974384670853593,0.826175242693878,0.842596176989613,0.787031182513612,0.906534084563216
"2979",0.903028842352107,0.910349845298771,0.787126445565335,0.878769096972379,0.980246783756344
"2980",0.9729467908053,0.972803946490023,0.820236674657366,0.779608872037029,0.932222955366787
"2981",0.91776824358677,0.928347267185904,0.972349068884242,1.0051154466851,NA
"2982",0.961362999468695,0.838091398650791,0.902074047805983,0.74728540184179,0.871791459733137
"2983",0.981027191793795,0.938041083690544,0.971011240239782,0.72473886753389,0.881601220217949
"2984",0.957141248719872,0.901707507423399,0.859136862825798,0.814329867527636,0.943027643388459
"2985",0.860689297592492,0.751142375235519,0.733160544287061,0.811189773378228,0.849208851186804
"2986",0.978706582733327,0.982832941190811,0.776747499385284,0.764883036746994,0.880548991993039
"2987",0.857030260010681,0.801582716857499,0.86962167903062,0.784072398682054,0.932312140903451
"2988",0.928466611110409,0.944154847172772,0.838401146730804,0.795716234407902,0.829321754365843
"2989",0.943967148205712,0.967618181031658,0.855983262915924,0.753457593670982,0.778635586327494
"2990",0.978353952809771,0.986698092546589,0.799182062039161,0.840630422015871,0.966615769286641
"2991",0.980197628917944,0.896125678373123,0.76918221569471,0.842592008592272,NA
"2992",0.936516062056232,0.930073162275184,0.86329409246145,NA,NA
"2993",0.96131639406076,0.876172882434544,0.920521487060438,0.794000708360681,0.917306351029737
"2994",0.968195651625742,0.98236126803255,0.859630642820959,0.90241038832074,1.00783468995833
"2995",0.918768334997042,0.930201044927336,0.93527058303912,0.873208482192932,0.887408142797637
"2996",0.980244045394373,0.944965437742084,0.94744239548434,0.689505301470141,0.811598380702491
"2997",0.901778078952785,0.920758717887846,0.961182600466155,0.698924549645916,0.83480509677179
"2998",0.983981376278985,0.977343986019693,0.822919960443128,0.752566185035442,0.924384504534196
"2999",0.900773755214478,0.921021018268074,0.950323562318444,0.729188786490506,0.869525709770872
"3000",0.982098486608907,0.945801835034438,0.802699230720395,0.858719643217713,0.885729890899065
"3001",0.959791892372176,0.965510212393194,0.673452112231089,0.759036084836399,0.906833970703379
"3002",0.975627929590199,0.860216907799592,0.942263137760171,0.897324505463783,0.779281263354971
"3003",0.962783466292025,0.906299656254098,0.873939420593843,0.723703195920601,0.83183779885056
"3004",0.985739007459351,0.987622473059254,0.734299502072824,0.767804300839945,NA
"3005",0.917027231408556,0.88619351654011,0.798477143826657,0.86658461664037,0.967366544345084
"3006",0.963150036369736,0.799868929783837,0.775555992894868,0.849121230506892,0.868130747992095
"3007",0.956877714586531,0.878128670316119,0.781243216351385,0.709152833427346,0.707379036378405
"3008",0.898392358084025,0.918258697625492,0.921480871716311,0.954471492007614,0.889378019592272
"3009",0.902416745422162,0.901533306087711,0.774295181140684,0.84273151388096,0.944124515789669
"3010",0.943890097631378,0.890262206079839,0.882809419948319,0.821088289268596,0.864422466789159
"3011",0.982303892380016,0.884740953305986,0.945162271928223,1.01730825433192,0.878932296023995
"3012",0.942344724256332,0.962429564365564,0.79531079430016,0.859041390821684,NA
"3013",0.974231131581491,0.862073513055711,0.893361905816025,0.742472710256199,0.901078060580608
"3014",0.983398602429172,0.981793292283423,1.00593454600334,0.829217840119089,0.937030371272571
"3015",0.919600104741846,0.932513220819889,0.74732165769973,0.82994840115,0.821840654033428
"3016",0.942820567572875,0.928223241576532,0.725226121725887,0.826441973661874,0.938271459175491
"3017",0.978178943656556,0.801511963516077,0.813923259610117,NA,NA
"3018",0.969878543158937,0.954972411961122,0.725405808795644,0.749198930924311,NA
"3019",0.978214721580162,0.826611046855938,0.790286493615177,0.855259740839001,0.908278636170442
"3020",0.935179778214251,0.951815753927068,0.857945596988396,0.821291944434069,NA
"3021",0.87977789210837,0.911847041034237,0.764325606448246,0.818390438031928,0.85404977862929
"3022",0.93543433115629,0.951692766910997,0.759958050463069,0.822303599102774,0.972280470503284
"3023",0.964833757769247,0.975578313056639,0.759655792764397,0.784192729341215,0.897635238088793
"3024",0.962702250910218,0.968873383390971,0.87529610231172,0.751867213860954,0.863271676858417
"3025",0.978169188912986,0.937366345341848,0.737937448761191,0.77198908867148,NA
"3026",0.942230544630438,0.952995433365965,0.813303312810874,0.872752393866723,0.903222037285985
"3027",0.950801980159599,0.927424603267369,0.872820003608031,NA,NA
"3028",0.971575049054387,0.867405762113835,0.884368644776531,0.722367910010947,0.815138488859869
"3029",0.963650624972031,0.918961924558425,0.916464695818791,0.693105068179692,0.785960819839662
"3030",0.958777499151057,0.974420324128988,0.855211418580165,0.914563095517793,0.804682800187423
"3031",0.971830437089477,1.00058799344685,0.674500894252319,0.707746836053548,0.869561517953541
"3032",0.940563434079016,0.913427076104641,0.728915704321853,0.782039297998213,0.853931364334998
"3033",0.891506032347694,0.91276931812434,0.719732046052494,0.789934963083947,0.874261606605738
"3034",0.954406815824123,0.961610086872002,0.924722818767108,0.881241165738349,NA
"3035",0.926112905872184,0.940947040269081,0.649757991141725,0.727552857293027,NA
"3036",0.871569065064952,0.883235506944676,0.929036237286664,0.875917314673491,1.00825751600059
"3037",0.971960619920538,0.975823212684038,0.716881788038004,0.792187145757856,0.936452614969506
"3038",0.972490232277157,0.989202948109567,0.771195867859699,0.826047685178613,0.978613822057401
"3039",0.951358556104084,0.983804299183999,0.881419798625447,0.802489984522682,0.881436133960956
"3040",0.824563701669005,0.711172753339444,0.794976161210235,0.85189364425979,0.892131818793985
"3041",0.858523633010322,0.786126443056278,0.824331498459706,0.733383443174511,0.85527771621653
"3042",0.930423200443234,0.948780208626726,0.700806276452415,0.686730322537009,0.818484011716185
"3043",0.885592947366786,0.893721913129439,0.755817708730333,0.858077130916831,0.866484327057284
"3044",0.979131062005454,0.919624843698858,0.730398736701231,0.807065186848213,0.829386218770344
"3045",0.950147958652938,0.974316804698051,0.787536345027359,0.801492270971137,0.822483595465926
"3046",0.890410655654186,0.848139291088799,0.80971707714709,0.902091289138467,0.835198018665166
"3047",0.824590298790323,0.775373781297473,0.696660814320234,0.723002195846462,0.862505789691469
"3048",0.949539251285871,0.971801105198425,0.841068706852882,0.814273742886665,0.934106219998704
"3049",0.963580015666777,0.958077510319089,0.744756644422881,0.813246686627468,0.892629172864003
"3050",0.944093582422948,0.945792403092402,0.93503624798448,0.661649086196646,0.795101143951167
"3051",0.971769342248468,0.842532452304824,0.888410877657372,0.710003227277986,NA
"3052",0.935631879157596,0.913889341997684,0.787804237060431,0.838414519608954,0.961372198739746
"3053",0.943889407975811,0.962475121979182,0.86604350820883,0.843173712832653,0.949925701897254
"3054",0.893618488696249,0.899322426387738,0.85884886428714,0.933677116485266,0.992031076520633
"3055",0.981766163480136,0.955169918778826,0.779684835705641,0.79696002429859,0.851480185391228
"3056",0.968624425694351,0.937892263205184,0.767126024903096,0.714438043887889,NA
"3057",0.978433300226585,0.885356615422294,0.896376936419877,NA,NA
"3058",0.945638985594046,0.912730157754654,0.765322593652545,0.768416492873799,0.869232867516903
"3059",0.937518880402439,0.948335799050392,0.723662782299759,0.803398173128456,0.900797726456505
"3060",0.900183909991033,0.899443721698378,0.820868577692172,0.876855277345233,1.00495334695138
"3061",0.867044187677362,0.795825691232567,0.753545003954751,0.754292381089624,0.874296690946399
"3062",0.979609287485926,0.950237897206438,0.851922869225966,0.764269889593785,0.816139560796939
"3063",0.962051782102234,0.896522907679183,0.878505526951474,0.743168001244408,0.904269762204035
"3064",0.973705934169779,0.908305436607521,0.815288010828489,0.739839264561285,0.869418673550908
"3065",0.874754404630811,0.815107430070521,0.878502952522019,0.868676748208803,0.827211925179618
"3066",0.922428314911005,0.934678571773713,0.855839205507686,0.684946206700164,0.855944309987508
"3067",0.963522608058381,0.974382549104911,0.869580537967811,0.798739420024692,0.825908566216939
"3068",0.966001187331162,0.864546820182525,0.759283711803072,0.834248045569222,0.894452972674585
"3069",0.969967635446864,0.983103350640876,0.990386008702535,0.751896480809048,0.871331896098565
"3070",0.967142005547027,0.990762995341825,0.782639808917508,0.85687063891942,NA
"3071",0.962793223754203,0.982067374988569,0.888851726520581,0.752110450949266,0.897157112992597
"3072",0.88030712853201,0.902536587763633,0.882940680105037,0.950718419421588,1.05246418981817
"3073",0.967232290064765,0.96505861643357,0.806953305407491,0.70506456045896,0.836036081287262
"3074",0.908893273227292,0.933956404260578,0.893739870012681,0.682609897502167,0.891165934179491
"3075",0.896875626406529,0.825106453069289,0.818910979261726,0.859863373536582,0.938651998810663
"3076",0.980075168215728,0.956546572302452,0.744073692060076,0.703605756583759,0.844360514384395
"3077",0.97940873867582,0.872293375572588,0.893174467458901,0.707460716435978,0.795971382051192
"3078",0.914164563249525,0.8356040751527,0.669960132560736,0.785748236983246,NA
"3079",0.975781803091258,0.810523121245274,0.882619183112223,0.774562920230163,0.862293496754036
"3080",0.809478244990036,0.8143269778254,0.761768877631462,0.732974447617768,0.871738379207314
"3081",0.97049396568871,0.974517364982934,0.986250247967396,0.683872493973805,0.840674053843083
"3082",0.959746700301897,0.921643012377984,0.722802135469828,0.725579390536289,0.888121816195158
"3083",0.907737744664318,0.928613802707175,0.779585677444769,0.861155278108403,0.947509501793182
"3084",0.929951474063213,0.941672073466384,0.817975663352982,0.845174697226972,0.864288784493809
"3085",0.980974796206807,0.96166295413343,0.840862811318786,0.733783509231195,0.897498574530473
"3086",0.962559870269935,0.977140741103163,0.817462344540479,0.731674414318125,0.881764556176604
"3087",0.921180747838665,0.943400249478381,0.883911281165903,0.959969713365963,NA
"3088",0.865945262994876,0.83249766864326,0.783315516661712,0.79076054155532,0.825762452929772
"3089",0.968434021204007,0.971673462415592,0.873705194154934,0.912404080304713,0.989704304802285
"3090",0.966408179284543,0.985124842386638,0.869163761899458,0.743269645694411,0.890725432900218
"3091",0.909690799489077,0.922201793516767,0.96044137273006,0.786192691523065,NA
"3092",0.964051710988989,0.924919179662395,0.656502944967198,0.751695126795369,0.860387713128815
"3093",0.937096170710263,0.955873001977434,0.771636124751822,0.753535138091445,0.88451644405669
"3094",0.977973425161072,0.963419075051669,0.703571680935474,0.739675502998497,0.851405546202913
"3095",0.974662524954281,0.85737822812239,0.764161612660816,0.845479510674636,0.927303695782634
"3096",0.960716210501636,0.89915650158648,0.944037545562633,1.02991167190432,0.951615724882865
"3097",0.946379992999798,0.96415692902221,0.956074145890182,1.02968905394086,NA
"3098",0.951315395263733,0.963494480543802,0.780114392885821,0.8256542227508,0.900119151125839
"3099",0.898999284068572,0.831003192715147,0.910905711524213,0.756670108833923,0.869864831010653
"3100",0.942217113474986,0.953758511062471,0.927213451546236,0.817067492536368,0.812304282518258
"3101",0.943914799330957,0.846689505268793,0.813325224516353,0.894689441612816,0.836239480592709
"3102",0.966235816496633,0.967057023698953,0.950583891072334,0.835824833700227,0.892125091014123
"3103",0.939740682022761,0.907520165144607,0.84759471942478,0.916857058558078,0.870920148510108
"3104",0.966759554728506,0.926784840181848,0.994102817075083,0.670633367844137,0.760562557676781
"3105",0.939129172150217,0.912987789408085,0.745339988386004,0.808957520195293,0.93456331071191
"3106",0.972499560677875,0.926388208723863,0.827820271502401,0.693573893042032,0.860962767178891
"3107",0.943489546201286,0.772071162206866,0.699071999622168,0.775420674427671,0.966411556709588
"3108",0.905433843766292,0.879090256943809,0.924169793576693,0.810333498651364,0.793142084338213
"3109",0.921769419874085,0.827291140762337,0.724334001014202,0.759141057837843,0.859868054131685
"3110",0.931711726197433,0.956476390369466,0.743346915621063,0.820596193595556,0.821986076676784
"3111",0.788713689334043,0.816296392079197,0.854395247533499,0.778065249855824,0.904624311313108
"3112",0.902769406957142,0.918224961599445,0.966591639392487,0.835915295071932,0.894327680998884
"3113",0.886842090003759,0.840534476244402,0.735396982102907,0.806189509962193,0.93960555717651
"3114",0.918280859509785,0.928633711848681,0.830628074185743,0.803260012810468,0.932308154575171
"3115",0.961731280090652,0.946661740855675,0.819742407391464,0.859038989342463,0.931758450059659
"3116",0.973750711104127,0.879453049549153,0.881859208621352,0.757083740143529,0.903221136530425
"3117",0.974524987822453,0.97822813155958,0.892949665350469,0.896530724211557,0.859958607585083
"3118",0.89591350872066,0.912549351026447,0.980089971128202,0.928421044869664,0.988333643166462
"3119",0.978395841784169,0.986162354192039,0.759458058096499,0.851971577250756,0.925299431447581
"3120",0.963360902356585,0.784000073098525,0.748307236230343,0.847499573354153,0.896276340715567
"3121",0.863020663821554,0.748842558347101,0.824515896699472,0.815722494941644,0.861102937145535
"3122",0.985324298127965,0.884004559617377,0.878752169219161,0.945382313150096,NA
"3123",0.979354365438579,0.947400996280864,0.866165849334214,NA,NA
"3124",0.911014435576226,0.904694108761604,0.911871402658158,0.82415990662389,NA
"3125",0.826815101627714,0.838674087293815,0.70919241885521,0.790033178674482,0.900093485861737
"3126",0.960001010875471,0.96678987527155,0.788160486200646,0.813143839009014,0.933284404046032
"3127",0.895861445499633,0.784252415751817,0.84355142649137,0.800555177963117,0.851632922370525
"3128",0.892087328283696,0.834809839492631,0.836971867246001,0.86627629736528,0.891009148958559
"3129",0.97422823430739,0.880639801842292,0.68986817793172,0.796077560911911,0.889863827330563
"3130",0.867658294328387,0.874808559860843,0.753227348488447,0.838899326846442,0.874927149019326
"3131",0.982402186221246,0.944293325558526,0.996514798087999,0.865252014637167,0.857505451455763
"3132",0.919061092121076,0.933229642681041,0.802737002084612,0.674686621648376,0.846852987762353
"3133",0.971987479247288,0.974643739593713,0.74410172908491,0.823360894287578,0.894112598858496
"3134",0.927307746143974,0.937506661905336,0.948306713528639,1.03440491164244,0.775905297096164
"3135",0.933731595156056,0.942871890829644,0.744505699392343,0.668062076694054,0.821320179745965
"3136",0.930636897718683,0.845507314680857,0.905937882757772,0.788160323702967,NA
"3137",0.906141392673817,0.910417396237605,0.807452017746859,0.818780024680796,NA
"3138",0.845828896301697,0.855735486756225,0.871741268877391,0.676384620855866,0.779379899586589
"3139",0.847252810764944,0.861106074422502,0.912982846914282,0.930199385207039,0.974932158888951
"3140",0.975567036730798,0.942193551376536,0.840838854125576,0.730970584209418,0.839343147515889
"3141",0.973217661267541,0.975695022846747,0.892082573878659,0.81229498336339,0.9358077170748
"3142",0.850893705351635,0.85510294733612,0.86213718653643,0.809965690071568,0.853806369293215
"3143",0.975750312108057,0.871833899626688,0.923443358571921,0.752165243246702,0.876780242748375
"3144",0.966697042909419,0.976744817104036,0.782047250665284,0.727919686310459,0.832187141760997
"3145",0.977282625522176,0.959221670711728,0.75850601655796,0.814200750054608,0.817448749737749
"3146",0.902165275453702,0.913668496263689,0.948950383312466,0.88066779580226,0.81444685623605
"3147",0.942062247076655,0.908922639357237,0.918698046086817,0.849457844576279,0.986073525693483
"3148",0.913052294533572,0.939724981496857,0.963675727850083,0.728712405512716,NA
"3149",0.954318162528493,0.936674536964475,0.926857128682318,0.808936139674528,NA
"3150",0.980930598329618,0.847788609729638,0.840377862955808,0.719583087794795,0.865722599563143
"3151",0.827862595311363,0.852270104158268,0.822096226409699,0.80080975506455,NA
"3152",0.960274425078408,0.937672393650488,0.92463078412404,0.67089904967255,0.815144204069071
"3153",0.946857339832728,0.833941301420404,0.833563381254947,0.828315356277135,0.914929176710401
"3154",0.967234696204116,0.991909310597959,0.948482372907473,0.831387435629917,0.880969021492772
"3155",0.94423119938522,0.949665677767024,1.00821933747064,0.844566431257561,0.880252749276687
"3156",0.934180111914645,0.797260390375181,0.84338727563029,0.699577677404848,0.838862621143063
"3157",0.973173183028905,0.845592662297634,0.899970620999284,0.812005078453358,0.800075974168031
"3158",0.961490498246153,0.975641455536634,0.777956349385742,0.86981412092082,0.817410986651665
"3159",0.964328024999706,0.877618013672834,0.783706736963748,0.86538856586952,0.960790466367567
"3160",0.945628684917706,0.912586273696075,0.960810322692817,0.896602985864868,0.951750886175879
"3161",0.982897252363726,0.871825397408151,0.804802107584471,0.914290998735029,1.00222493082819
"3162",0.88179103302177,0.893288658371826,0.754493018989997,0.84035672817505,0.95314315303315
"3163",0.97886702145089,0.966940911671882,0.745538009577983,0.79668565867139,0.919397614141221
"3164",0.887081285867144,0.903323699999147,0.906773179271484,0.822907774882031,0.862623095229343
"3165",0.944531143798278,0.909439533777914,0.879862674329832,0.777884616682749,0.907425556426662
"3166",0.923031768703563,0.933871292851538,0.772266132386242,0.855781425425209,0.905044276858514
"3167",0.824732435133256,0.838187494119685,0.911716114728529,0.82645761495718,0.948284308690935
"3168",0.937967217232041,0.947847970239656,0.818499074875226,0.785829239209191,0.923407616792526
"3169",0.961721657798632,0.837931093711455,0.834612456559469,0.804214591363867,0.862185906591869
"3170",0.862061134463316,0.862324461772244,0.869958352518422,0.876012308147106,0.915894398206482
"3171",0.964041150490655,0.845640618064703,0.879255166268011,0.727728323307599,0.86022985704228
"3172",0.970997640170026,0.804709847888719,0.722774847235816,0.795758488957002,0.930948602049865
"3173",0.976290220769284,0.844157681095722,0.799754027990321,0.775547153108138,0.881454712235673
"3174",0.846046550940509,0.858471729030558,0.831862565402732,0.887901373086512,1.02425921490435
"3175",0.911037206675697,0.929222583487646,0.805364010821162,0.890819507048655,1.00022284863084
"3176",0.952122907506987,0.931994368278576,0.802659825342581,0.885141734430457,1.00844848302097
"3177",0.973322085386378,0.819322189066105,0.745023683875736,0.730824052365875,0.819335275948087
"3178",0.895125834084339,0.87118568707409,0.797930484142883,0.667515382263297,0.807857269049103
"3179",0.846248462615341,0.859298065517012,0.914527509855761,0.896906368006873,0.9332595471663
"3180",0.922257293458542,0.86039483775359,0.922684047944611,0.731951902008012,0.851920967877026
"3181",0.977587713009282,0.952583570490798,0.723892079297873,0.799530594609123,0.891877238933352
"3182",0.970469729894105,0.877649744765156,0.830908483701217,0.776900438667768,0.806331880940814
"3183",0.97472316386638,0.819237613663555,0.784042562208772,0.833016253528338,0.870418651129288
"3184",0.824230813327422,0.759791469227541,0.681639220458449,0.755362436630146,0.891692705182477
"3185",0.974956551968639,0.989889568992572,0.829271581534554,0.842735716327713,0.796576969022195
"3186",0.853422912372051,0.880173073095079,0.861226620918879,0.758164056391417,0.894999726426714
"3187",0.878153407483973,0.901743196436289,0.821196461259959,0.852312934614948,0.950968593656906
"3188",0.968706090451696,0.983283591935888,0.749079089362982,0.784996902863845,NA
"3189",0.964223996060952,0.982777297988835,0.859946889951576,0.743443440036526,0.831597940481681
"3190",0.956261007321493,0.787327684785278,0.776383848174655,0.801059494828413,NA
"3191",0.942251933419775,0.922897905736501,0.987264657639554,0.787334026800803,0.908549034926427
"3192",0.965017304836483,0.781380670837625,0.84575824307621,0.915311636879199,0.912987443879051
"3193",0.976180128149487,0.955654842408518,0.736968397735067,0.72619191043587,0.868140968571063
"3194",0.929816552659602,0.932954048411695,0.781238250366022,0.75866200391344,0.866841844411373
"3195",0.961318094638775,0.907012695049455,0.627256606260799,0.734594376854941,0.879660640983078
"3196",0.975022996355441,0.967096975484345,0.763935423700555,0.802523112933543,0.929143734825134
"3197",0.955296719733471,0.960783269390982,0.757994966571437,0.791036257547528,0.889124489251
"3198",0.970189722748907,0.955079399851528,1.0144659502395,0.806260308682215,0.787625581386523
"3199",0.972865251158197,0.982322342466803,1.03321935152105,0.747462384673198,0.834769206343809
"3200",0.907129468698568,0.915092678498543,0.722086415653675,0.785303330370252,0.923910200337673
"3201",0.941005227617537,0.952239448051619,0.664209914397766,0.714726344409867,NA
"3202",0.901683083806075,0.908327886780536,0.809065966072526,0.860172607365929,0.978886576550981
"3203",0.89485004046055,0.911102144449341,0.913379766140365,0.657717741850632,0.817423020705524
"3204",0.899843366597658,0.924469353281543,0.759000241040583,0.770054179394115,0.872957565758502
"3205",0.874179335290783,0.876856174177366,0.872527302331295,0.838172244475098,0.7863979808829
"3206",0.888940792793335,0.899580605039643,0.866347817169432,0.88566996721567,0.761944519305624
"3207",0.954943747539429,0.978901029570061,0.806163812096333,0.889497827549918,0.903366672097417
"3208",0.922453260169852,0.933131022384717,0.797047805055347,0.804750153750624,0.932867481300494
"3209",0.943495035114552,0.915380073071005,0.811666165801842,0.859157383286157,0.926991448829486
"3210",0.9715419151814,0.97210128885501,0.678879770579621,0.755042969290074,0.902964320605897
"3211",0.983042617244482,0.976504041635068,0.921072036958167,0.876409665014014,0.963583270222219
"3212",0.902626621783674,0.795601821674321,0.825191618393687,0.880281508119311,0.920259952806121
"3213",0.977265366847858,0.965799986465516,0.880976088874896,0.756583655443178,0.878883796055996
"3214",0.930436720412219,0.941086686968928,0.719123018282686,0.778530510714449,0.745810095790383
"3215",0.924986228240469,0.94082492393264,0.996561941690966,0.832806431632999,0.956612895409605
"3216",0.964959242074599,0.972870588958143,0.775834444063894,0.792507182139969,0.894992273259236
"3217",0.94046958349597,0.958869988100967,0.697615081018914,0.783800673949921,0.922232425245362
"3218",0.92020842485514,0.9479099114188,0.833740025167899,0.812616893817213,0.773818724289638
"3219",0.82118135885465,0.783827742641971,0.856998395035019,0.787700306710405,0.81518424439045
"3220",0.982423724440163,0.932779793009551,0.794953959209251,0.87655387478456,NA
"3221",0.974460137956896,0.948114449257277,0.894475355938442,NA,NA
"3222",0.967147532685269,0.850672900186017,0.728748991258647,0.78807107080186,0.898961042086533
"3223",0.949139908784225,0.966621083991244,0.716643255996633,0.707910901429247,NA
"3224",0.982178963345324,0.784013257995586,0.857639781020163,0.795428121939426,0.793052591121433
"3225",0.97705150021137,0.953274404431933,0.852973053782906,0.734001021390639,0.836169897415564
"3226",0.866042541481053,0.884715939031474,0.728480276835073,0.7990398620729,0.790427259257472
"3227",0.980338728232735,0.982716347883004,0.880502778007756,0.782261056087334,0.908639754031585
"3228",0.966843494639873,0.920446365016958,0.934697710847047,0.805491173386313,NA
"3229",0.906261355128148,0.906717194669797,0.835997496113212,0.623972275310265,0.776570414737658
"3230",0.981083392611122,0.98287411016973,1.02167877498933,0.73968705052951,0.889372598922732
"3231",0.955846170254442,0.958910088306589,0.748847522785036,0.775160816997261,NA
"3232",0.964304113882929,0.959323875777725,0.780972536111412,NA,NA
"3233",0.893762245715233,0.879461640523775,0.929053283358103,0.807038868319437,0.879147383237263
"3234",0.963448869894406,0.985211118111309,0.970348522599672,0.84143686463737,0.952852678064721
"3235",0.923534665600084,0.892340357128904,0.763150980311811,0.833770461985668,0.913139564246629
"3236",0.91995896894294,0.842773224589187,0.690850408193843,0.787754565668887,0.892314654598976
"3237",0.959948981008585,0.979508457137378,0.683024666354407,0.715532547668588,0.840637090508047
"3238",0.972006471935698,0.988265229107063,0.744067171856191,0.787043868846015,0.769640987517528
"3239",0.889664817101532,0.902026580027057,0.832228040922089,0.785104040749593,0.930089875567146
"3240",0.79746675692916,0.814075443206049,0.861096395625726,0.789574080925946,0.887058390301443
"3241",0.976485408207771,0.921873090673306,0.84576357785236,0.785860662724061,NA
"3242",0.896359992326965,0.914953621288239,0.780948790069938,0.853883068026778,0.955189230933134
"3243",0.962447333061717,0.800027044128616,0.711468799435097,0.761250623527214,0.85255307199472
"3244",0.94403149483952,0.95674565625954,0.733695201000154,0.722587429571459,0.880368918584379
"3245",0.87793001790909,0.896580205172798,0.64357786445196,0.716774037305021,0.872602059203468
"3246",0.946654246729735,0.958027841620558,0.819979619786704,0.892424277517472,0.884360562120306
"3247",0.941816175331201,0.927412585383948,0.805865331265789,0.79283094446698,0.948630696245531
"3248",0.970862591473718,0.909513178341689,0.898137594860259,0.859875582855749,0.97680538139175
"3249",0.968491034023455,0.889088799764938,0.8967567706805,0.648084448626703,0.805501442181661
"3250",0.9694680275571,0.955369895288865,0.852242648320194,0.78859272226868,0.874771288632255
"3251",0.954124526271622,0.972085102883026,0.855617841460784,0.837079744411416,0.79713112466099
"3252",0.966146058494076,0.929487904348739,0.747820353710115,0.835797860420449,0.936733123363632
"3253",0.97308816101363,0.810583290632588,0.804825462671903,0.823005146573189,NA
"3254",0.801448839079468,0.816881746972904,0.687838406559414,0.744619256530965,0.870361235379994
"3255",0.873464724196639,0.882257074920252,0.740057420402947,0.807273322115641,0.873096590090592
"3256",0.96548476749445,0.84230222873904,0.896979181276815,0.671625886893232,0.824934300285222
"3257",0.898968695462107,0.830251360689052,0.74003373338501,0.768531222944253,0.871417883841701
"3258",0.93505247445804,0.827987204487243,0.676036508315486,0.781299121194146,0.905323070248592
"3259",0.93187251314715,0.954408952689818,0.929189637109229,0.813285233676165,0.895074326334687
"3260",0.9332942178865,0.953321875049962,0.795973513755292,0.817344005925907,0.806539602867586
"3261",0.955119522450432,0.974857291829931,NA,NA,NA
"3262",0.894347191856797,0.825269882812684,0.871718826083745,0.959534720089747,0.941352568411822
"3263",0.960000897175597,0.95264527887868,0.976675673042895,0.738142601403645,0.860677236469035
"3264",0.960805866553175,0.832770113690397,0.798376767569425,0.763102553050152,0.899114556198323
"3265",0.959136227569508,0.696363409749114,0.755129344866384,0.74501794006121,0.889488520084969
"3266",0.968532636675369,0.902965857002396,0.776131190733939,0.78429453312401,0.806995367025266
"3267",0.900086228974454,0.890554362841138,0.870113747701322,0.734932412881556,0.794253886716877
"3268",0.962388070374468,0.95806871059392,0.643010779820007,0.719615781024024,0.819001053186749
"3269",0.95634789695829,0.874524298967469,0.714654099524979,0.789167535273316,0.7725943479233
"3270",0.942607773492485,0.938781433821155,0.867838172317026,0.826565211910875,NA
"3271",0.8245438678159,0.833323645248597,0.74703612719064,0.707464082078902,0.878388068223057
"3272",0.952671221305794,0.950002048565531,0.875325208302447,0.704870699386446,0.837306916111108
"3273",0.939906456450576,0.85444603327172,0.911134877432986,NA,NA
"3274",0.889298106134387,0.89748148009811,0.730386593662277,0.817933847197725,0.890670444878402
"3275",0.960794767974597,0.831904812873402,0.832905564160719,0.788233841930982,NA
"3276",0.963452524726299,0.982273264783151,0.807246429733404,0.838988176116673,0.956569549447724
"3277",0.931449329595932,0.942236064300022,0.825258433565359,0.758661906925451,0.905245504964099
"3278",0.935846502172083,0.951852123419878,0.89043397231015,0.940976603124954,0.934923874515627
"3279",0.901256437673786,0.922751034016173,0.8589272042546,0.838327025800387,0.814524918577144
"3280",0.926843689151753,0.9478568993129,0.939404568991649,0.940705357009368,0.992788330776818
"3281",0.959142284731659,0.917735207296472,0.760510311340413,0.695935763793856,NA
"3282",0.813803646112612,0.845226213760773,0.671674868863443,0.791965815055546,0.902377830943727
"3283",0.968502596860372,0.983479014884733,0.946078376644814,1.02732577982663,0.969002433050934
"3284",0.982576778463034,0.962030334773731,0.906951257298272,0.917630411522724,NA
"3285",0.866435698632743,0.833926424483514,0.907483228262593,0.818469652301056,0.9167591806942
"3286",0.923246034246511,0.949394206230834,0.886382120136508,0.988278326323548,0.886047881129187
"3287",0.825612294115266,0.837330046668531,0.754854825823307,0.81176910075386,0.923930382291474
"3288",0.937084699296458,0.941835083285603,0.806558568139743,0.88087519987132,0.952223508559073
"3289",0.925185090137962,0.919275368856419,0.946989068720687,0.810397345184448,0.888936798710675
"3290",0.936905790471342,0.950594388549999,0.8431164364808,0.752018293336709,0.886961438412884
"3291",0.929472776577547,0.942218396447725,0.75500584245598,0.807879967657297,0.907213785308171
"3292",0.886009426504213,0.906021953270583,0.766065170201519,0.858197365436498,0.736720582824237
"3293",0.95231155468469,0.960095011954703,0.754146383834198,0.846638329051309,0.771356914900213
"3294",0.95962261380372,0.97640670038807,0.906465673787772,0.660999586809455,0.78557026787271
"3295",0.934242663696335,0.959052828076013,0.806520243921523,0.834033681225047,0.963027497595892
"3296",0.932962450775011,0.944661226424272,0.869053231566696,0.752428174152762,0.848409830966955
"3297",0.941604356892822,0.905461654256942,0.64627987330046,0.717549227519001,0.847931090595489
"3298",0.865307685964612,0.852769715493809,0.910322687367629,0.840712302187973,0.954166114289514
"3299",0.971495490948816,0.974132473624087,0.849410821224985,0.832906305599542,0.944116400459855
"3300",0.964070825521284,0.975965167863157,0.842168578464165,0.917085655169106,0.803080696987022
"3301",0.959124266670274,0.975692909183884,0.884391825321399,0.949678890726329,0.859619268882514
"3302",0.931855749345825,0.919519869396461,0.83780022962564,0.72840262527457,0.898616249610954
"3303",0.892989308377727,0.894754376883056,0.85062167901398,NA,NA
"3304",0.878393716400247,0.860517695475469,0.730326994278537,0.728094977002775,0.879443701074576
"3305",0.898981326171153,0.918698704477816,0.941650303187801,0.896033509428771,0.901444623198593
"3306",0.970538548809524,0.969160131348076,0.779612285323404,0.841985244822117,0.744761857644232
"3307",0.984048108634065,0.860480013421266,0.813904868621321,NA,NA
"3308",0.95894517419165,0.785256001924077,0.81778585363529,0.842656628342862,0.896620463122619
"3309",0.954073941025598,0.970570578779309,0.811740243488091,0.812289272940392,0.94720198511919
"3310",0.916898239792077,0.941493446232377,0.665308839858949,0.778652910124981,NA
"3311",0.966545275875683,0.808818177678443,0.786620169743817,0.77220790772266,NA
"3312",0.971738066617913,0.777887181424911,0.851868424464818,0.932515216023163,1.03306392023089
"3313",0.971690723281448,0.876768511677488,0.73791898766296,0.802167031069566,0.900346644606006
"3314",0.941276681875217,0.957373309036847,0.735164376488122,0.828244599634879,0.899297968543875
"3315",0.92800112809854,0.951706630868124,0.990409576119763,0.673862692064071,0.825576985257724
"3316",0.84097010413767,0.847741605337587,0.902437819564567,0.984875867896515,NA
"3317",0.944699776743028,0.921391219032736,0.726976584365397,NA,NA
"3318",0.905158841330066,0.91319169275955,0.970529271650486,0.781673485213438,NA
"3319",0.943757434995054,0.949765812179887,0.842625949510984,0.761607099567918,0.894354854325287
"3320",0.935103383772414,0.917743237258539,0.973543195189487,0.726227506317828,0.758881793972989
"3321",0.97418572760423,0.990512258800077,0.655318812095109,0.720819956556257,0.863173002031083
"3322",0.960278260322488,0.901572317046621,0.695908584080673,0.709669508590959,0.841384818404326
"3323",0.955706127655612,0.950648064473694,0.813396695818927,0.696468642922387,NA
"3324",0.936606693740969,0.825268216075548,0.89730203886344,0.878305958290146,NA
"3325",0.962092974522017,0.887967469509838,0.738787040029783,0.815030335205974,0.757092977658806
"3326",0.941883360969393,0.908571711357047,0.813952032735907,0.899859774599747,0.991181651755131
"3327",0.965412398032965,0.967234857018082,0.821662012346705,0.780429699105558,0.894598572034729
"3328",0.941576506218972,0.961098921025185,0.822911019667098,0.744516256143429,0.858660624183348
"3329",0.97611763279306,0.880608012071715,0.885620678036484,0.78830607105732,0.884698232538341
"3330",0.961603620107639,0.887182604824567,0.852220544584295,0.871480404588036,0.897850635917595
"3331",0.960849961866725,0.891440344514538,0.902771876294812,0.761506398757787,0.793200620875168
"3332",0.94757058142047,0.932880840262817,0.87606361080868,0.883382551867532,NA
"3333",0.969835066953485,0.97663298287647,0.819460214269394,0.720530001401887,0.860297863667901
"3334",0.965937467799203,0.988497324006067,0.956992008718573,0.726405900134007,0.868130450868473
"3335",0.968024469307283,0.893929945094526,0.950550889026517,0.798514077816254,0.837820978408799
"3336",0.98108464092625,0.988615811394138,0.6781168549768,0.762413752001811,NA
"3337",0.920347752560562,0.927652055166099,0.802099799273328,0.75124670806155,0.761566653221564
"3338",0.938371263376792,0.950230837221758,0.785525482456527,0.719964963839661,0.85159965894497
"3339",0.902964711441498,0.797151759377543,0.855243471825248,0.792946880371389,0.799767581790745
"3340",0.988880818246406,0.911868452042814,0.875077974583664,NA,NA
"3341",0.897489668359244,0.907361792760498,0.735439720308985,0.801218566555643,0.908405035526753
"3342",0.963270353368277,0.830652609158737,0.879085241877656,0.786974309743902,0.914016483389625
"3343",0.953811585733872,0.971258364152451,0.763163237127104,0.832096283110936,0.96892644603559
"3344",0.919966360694471,0.933672436396918,1.0100255208348,0.834120272057055,0.889148756173898
"3345",0.963838425188424,0.915784497046291,0.823270326503126,0.807253500487162,0.916322064472808
"3346",0.931727714619479,0.948052802544066,0.705403252035193,0.767468498907098,0.907826612419529
"3347",0.949377614142211,0.972549638709321,0.78372664511634,0.755966169218713,0.896999840093602
"3348",0.946272118773258,0.825424510234183,0.759857324109213,0.841283880602807,0.966701493751725
"3349",0.96663697969299,0.861386376779282,0.77082355731303,NA,NA
"3350",0.960175494487839,0.929044025367378,0.91398649373793,0.838409182848351,0.925276848818909
"3351",0.967122794768358,0.980182667587886,0.82252697767307,0.760406520912307,NA
"3352",0.947881163451455,0.941341251765135,0.874852866534801,0.713975661368432,NA
"3353",0.817811479642585,0.823985989933665,0.68455916605975,0.792902076958087,0.910174040877613
"3354",0.85878767989089,0.835143656471483,0.757534067586006,0.720014274618732,0.854923003513115
"3355",0.957594281729526,0.958856997759168,0.884516976433623,0.686343107943379,0.76094652509534
"3356",0.958391498871252,0.903107278103055,0.942429137513397,0.799726248928381,0.940983105002162
"3357",0.957952729169436,0.957276765904265,0.712743731396404,0.781102135360149,0.921035463123243
"3358",0.964118200802595,0.977734845188714,0.913496342388266,0.72246846988431,0.861489987205016
"3359",0.884378995765604,0.90340372059344,0.757277054774813,0.705385212602716,0.829930325793792
"3360",0.88427354657337,0.895252083976174,0.91037384838148,0.985983640029896,0.849544656761442
"3361",0.943816866474837,0.968962565316568,0.719069711431208,0.705833193077003,NA
"3362",0.928677300169152,0.938382701381864,0.809380010597187,0.895026190192598,0.889672128221218
"3363",0.908975038770055,0.919108642273764,0.858514585588036,0.804146090615741,0.899392154225815
"3364",0.977373715874384,0.945412914093821,0.71308798152993,0.791794741352037,0.833439477997752
"3365",0.957973497039446,0.974190512159489,0.926592780957552,0.79681707720928,NA
"3366",0.956974179719329,0.862496534136637,0.794992884202131,0.783887221149054,0.896493856424061
"3367",0.942602611022077,0.9518914772342,0.844236774081043,0.91429842450653,NA
"3368",0.983922656703645,0.817702915590519,0.820866333647817,0.87490762630786,0.951151139115581
"3369",0.867330340498821,0.886973637897947,0.928680437533259,0.938620138707936,1.03448075296274
"3370",0.855765154963238,0.88996366082598,0.753763417914793,0.83691892901879,0.801021610011385
"3371",0.94004161646928,0.874818214837303,0.935692523184692,0.8216795682257,0.951099989503594
"3372",0.932554850900638,0.880979608692545,0.857666088051494,0.760456469416887,NA
"3373",0.952742227883148,0.964849146717013,0.962607378554535,0.804504533914899,0.938030585288545
"3374",0.939914003491966,0.843787553400268,0.720210985538862,0.726050162153261,0.831436703784385
"3375",0.957897548743542,0.977482367440937,0.911059480616519,NA,NA
"3376",0.921371491197884,0.913967983252574,0.978589358260311,0.800229177114531,0.873793905176093
"3377",0.870512018274856,0.865699815865434,0.861861573270207,0.755975087366577,0.910332855217267
"3378",0.899890723721258,0.825910123037455,0.724114651657406,0.752062684159484,0.84959649294648
"3379",0.976679081508764,0.990102089564041,0.894787520941216,0.888128122630245,0.970981197288103
"3380",0.971608551874634,0.985985534069706,0.76895872287304,0.773240422888893,NA
"3381",0.966382622702587,0.925557543148262,0.683949170650204,0.76672269573928,0.89409003464578
"3382",0.979484045034479,0.977209156105454,0.839228881078927,0.892234838037235,0.880225667658246
"3383",0.966201761637095,0.977675237152614,0.968742851326775,0.819894800490589,0.897550453763675
"3384",0.971904432724026,0.932221137550571,0.859608804691295,0.704226776610952,NA
"3385",0.96149938906094,0.968248637314582,0.856186687041836,0.696874853833184,0.808958716539974
"3386",0.920035021535934,0.941071747378133,0.898842462969377,0.740092714845413,0.878470649591239
"3387",0.951597054400334,0.849996096101554,0.838815582829555,0.841611126369107,0.9108273869387
"3388",0.915552543204179,0.84742180245638,0.764224095734723,0.854431297038865,0.957166022537177
"3389",0.907687708269062,0.931525753806206,0.731357490365519,0.770894144211963,0.89621587142898
"3390",0.953064688278847,0.977841980625287,0.873677209897017,0.689874944695569,0.822927418573825
"3391",0.815974539050728,0.830509525898719,0.882536478310615,0.734592986614113,0.879699373630646
"3392",0.862341039539682,0.696753267493688,0.7475683118655,0.818747036017973,0.934502437967037
"3393",0.972174000988616,0.943393976268006,1.0025159226535,0.824710752108899,0.858369752129308
"3394",0.847102500975518,0.876320143081075,0.920591769000803,0.728136803588891,NA
"3395",0.905293488289302,0.850458567802776,0.790982572075448,0.879734224068894,NA
"3396",0.955781006952585,0.975402590874367,0.710965689576577,0.789797330203144,0.910906716628326
"3397",0.845081670526393,0.859106496105858,0.743414480426636,0.845403526520623,NA
"3398",0.926521065904606,0.94445418330154,0.963574432057978,0.758634427303771,0.880581118475917
"3399",0.950890881491396,0.952327751684155,0.754451314440398,0.834014145017715,0.939599609306612
"3400",0.933264722893539,0.857443830424209,0.926337101387876,0.855781604211298,0.979409270946022
"3401",0.944972631805283,0.961675709282501,0.867719897353347,0.722064045840775,0.861209616793949
"3402",0.976938638084304,0.988138195136685,0.6209595939243,0.703338828178849,0.833320553123904
"3403",0.921789849613813,0.937666254306782,0.769078806594242,0.697614624464365,0.758375236206079
"3404",0.924421076359703,0.929100311785523,0.753610820318903,0.819291869389378,0.841708276782831
"3405",0.970570148711767,0.987246823338217,0.647513452751488,0.739325057082966,0.863810358905903
"3406",0.93264448402201,0.948084862935976,0.928369193639132,0.706846714958072,0.842697270165963
"3407",0.966408822626405,0.98360084248053,0.773351756926056,0.794318158230543,NA
"3408",0.960661241779743,0.801081855729924,0.739638008441482,0.797325172374513,0.934536724248213
"3409",0.988497885917364,0.996379669991974,0.785737539432725,0.870163790529748,NA
"3410",0.968454069688633,0.859470764313637,0.809209119118883,0.818999566219232,0.796977001818539
"3411",0.927136119520824,0.951706889352348,0.918778439413768,0.837369229558395,0.947781460755958
"3412",0.869302147406337,0.848044291995815,0.828478608983348,0.734006925100119,0.837524891185412
"3413",0.969789837345005,0.984455563589724,0.846820870948744,0.727395852533962,0.873464995387193
"3414",0.944960517352925,0.95534482271589,0.797352609758535,0.841543808314279,NA
"3415",0.968814816865051,0.842393174926436,0.918968751311753,0.666362759209856,0.81139999122805
"3416",0.949729687918738,0.959350793956283,0.859294027469644,0.929966753961292,1.03362698370684
"3417",0.975938099498959,0.990411207690244,0.883817300597427,0.84062324462585,NA
"3418",0.865246309256041,0.854836931330499,0.911820816202268,0.9449301426853,0.769191777701861
"3419",0.922630959987906,0.930039595727519,0.861798146603941,0.788403078873943,0.925598446290892
"3420",0.963271040774787,0.888496619019357,0.809457547867508,0.86045080836008,0.958255432497284
"3421",0.975027477204621,0.96249070450207,0.907769761069025,0.843668284296143,0.895601036809709
"3422",0.963777928671265,0.958074444819449,0.989673585388392,0.82021474960778,0.942237563600048
"3423",0.970870353381015,0.868279903552668,0.705529985938447,0.787812511788139,0.924651199640078
"3424",0.955669667748402,0.973540907444738,0.824048756902834,0.88170725466213,0.995335995868365
"3425",0.953770464113098,0.975807969961654,0.748295932867686,0.81090097025976,0.739867790008059
"3426",0.957346429820196,0.915104842271007,0.971874276618158,0.787643584457078,0.855579269770298
"3427",0.939689824559829,0.804162048754602,0.809498334907353,0.853428350328667,0.836018542683146
"3428",0.944737087288369,0.963687562858603,1.02345504549705,0.766557703537116,0.867629855021155
"3429",0.971435380339211,0.831295662983284,0.73550449602241,0.778644052430023,0.939581203661776
"3430",0.978933472837447,0.982772841895245,0.875743553597717,0.882520365059233,1.01129668354647
"3431",0.901724376015153,0.910508853914657,0.915045864528103,1.00789328955083,NA
"3432",0.970327925755681,0.824296005744445,0.808145571542573,0.676053390169306,0.743527939473759
"3433",0.929880312058377,0.946428159123397,0.749163041998632,0.82775810495047,0.918940821913092
"3434",0.944557276310725,0.721899138306442,0.781117421872499,0.837245619928608,0.826551624742522
"3435",0.919031634172779,0.935831269584797,0.751145206017769,0.703740447643487,0.852120409512712
"3436",0.886850878868388,0.894757130005567,0.882266496152217,0.83631858232197,0.939499945397747
"3437",0.936254431214015,0.948990963956244,0.749352690014217,0.791895216932004,0.914250563176463
"3438",0.766972046483459,0.799616110403191,0.86142552586521,0.791084663379984,0.889918534534558
"3439",0.970488369849549,0.88344734954717,0.908249581486332,0.872689445728701,0.795172607711417
"3440",0.831793082864485,0.849079301209946,0.743593028771668,0.702233235777114,0.87383278979912
"3441",0.915354765636771,0.774218951138026,0.731274345356812,0.796104983281338,0.890516277625661
"3442",0.920722383324695,0.87093459741225,0.895441202462563,0.751928538321934,0.872771032251602
"3443",0.943680989841765,0.960441021521827,0.975951818896072,0.91267041487565,0.897357693928547
"3444",0.89320122517769,0.835550239473776,0.69297677647656,0.711870226680742,NA
"3445",0.859323012032702,0.87573040947641,0.919475978337983,0.907761498390755,0.955661298009908
"3446",0.967230859876339,0.981081444486345,0.861351198402787,0.768789782351271,0.920491346481746
"3447",0.927098753526415,0.932942322995708,0.99376905900686,0.890036646082982,0.876714327619405
"3448",0.981111026644737,0.880954440432334,0.785759768114403,0.765622305504742,NA
"3449",0.874848375481587,0.867168125334062,0.762995827913496,0.761797537294704,0.889785306305724
"3450",0.890295821703832,0.772796121460179,0.746371127156226,0.708199120597491,0.831746773688462
"3451",0.866850241150889,0.888234220024436,0.665886097313778,0.677411718208762,0.845358650595447
"3452",0.95998457579288,0.884958306190679,0.94687631704935,0.861668524329135,0.978033392481814
"3453",0.96408525416161,0.89792404834263,0.777886065632111,0.777921504720441,0.900325322462114
"3454",0.947735545571368,0.897399239171993,0.963928009073245,0.953271837272699,0.905751794951526
"3455",0.873393468476336,0.844467527465368,0.691969263083706,0.761311354959454,0.799424259973987
"3456",0.974957849365012,0.960193816953088,0.817508573007696,0.90643850925097,0.966075126053593
"3457",0.903042152406193,0.91649110020323,0.753757303995934,0.828219323877248,0.959666320524386
"3458",0.974624713797034,0.972215091892142,0.730761377778556,0.818793815463395,0.933373823780406
"3459",0.951070302967885,0.94931425789375,0.802232682326052,0.822102996496292,0.949779641538159
"3460",0.955523542104484,0.969031114116667,0.909299244745987,0.602584554051845,0.783337289849957
"3461",0.920614478378319,0.82518494483028,0.771946949683115,0.783981722625229,0.928113872978753
"3462",0.978125675534805,0.817018941159774,0.803374179235941,0.771494082819171,0.801143507043074
"3463",0.907590918753125,0.928353905219347,0.718974535874045,0.780460217933798,0.914553724255367
"3464",0.972564814980049,0.879914219455922,0.82462725185068,0.89264160605413,0.785520662156593
"3465",0.912217355117662,0.688987853737704,0.729786867385341,0.829581855037981,0.916376180458501
"3466",0.869907898421097,0.901836269443983,0.952693858307354,0.998368455550457,1.04565978168173
"3467",0.967087504092744,0.982750286516479,0.917262609555316,0.791998794904437,0.892112094189135
"3468",0.977286669623724,0.893390442107075,0.821717706562739,0.814688807920224,0.950989606930465
"3469",0.973926557434882,0.992090664393503,0.939389567773351,0.93583483325159,NA
"3470",0.922547031801154,0.938111064554954,0.781606687575124,0.813587088330467,0.879215430487706
"3471",0.970692944479716,0.975225921277515,0.832434478852912,0.773995856496641,0.898578353773708
"3472",0.950117727615783,0.976354005470613,1.027472897326,0.832324433610732,0.807312290325738
"3473",0.888866566859247,0.906929263413856,0.97390132637713,0.820463994731097,0.934389410835455
"3474",0.957622529250647,0.956931800988971,0.722293917979409,0.755797611816802,0.895449654754583
"3475",0.962511852621137,0.920347206300364,0.97569400325775,0.93818886349766,0.850067545154133
"3476",0.903436333667948,0.900169336596224,0.741882698873075,0.691275140962983,0.847045076150458
"3477",0.975556258825369,0.974105644247186,0.853229824310951,0.789205937421026,0.906021473012952
"3478",0.973801430061415,0.878134328371881,0.678206023654026,0.681174379767386,0.822958177722703
"3479",0.967658102379771,0.982525637495475,0.928507380808327,0.701961816061281,0.846866891797734
"3480",0.926650746869824,0.940721966671248,0.816827946488356,0.750479653723332,NA
"3481",0.944753495164149,0.831766570742854,0.897307131144914,0.808936468459628,0.921552604941602
"3482",0.838813583591929,0.856465117544892,0.864121312918197,0.754481967793428,0.887221799006842
"3483",0.980846864950881,0.995918701822766,0.938050024815091,0.879207809303889,0.922327483479282
"3484",0.862867222725446,0.848858295734061,0.646380606956307,0.737517461204908,0.859810791913473
"3485",0.968034544036439,0.97115342108406,0.827402999253733,0.828561853175833,NA
"3486",0.962267135809843,0.979127738531041,0.865354559724724,0.858608737029011,0.781039295001638
"3487",0.970301951504472,0.879361148440754,0.870682821475884,0.775275130196691,0.890114666017379
"3488",0.965029085424571,0.974423023623938,0.761148693659329,0.852009702936657,0.77629355202147
"3489",0.963524328141325,0.885428375449425,0.801184665340011,0.839462588462169,0.917012101403708
"3490",0.865089807581094,0.886276503140976,0.82567481907273,0.861760614364448,0.948375946256646
"3491",0.944939063669815,0.886223078753211,0.81984820643316,0.72003728686793,0.861552817969478
"3492",0.960953783317735,0.978041024020897,0.730777417097618,0.796150742573055,0.939225755744009
"3493",0.934478870979695,0.869303663552982,0.842196751946587,0.671434398805474,0.819505159849577
"3494",0.903323702231741,0.925120216234775,0.734561705040142,0.797934577451411,0.748656287023581
"3495",0.842227311602808,0.857708709772118,0.760556032546613,0.825017566302403,0.823241733237871
"3496",0.907236011433846,0.929262546068756,0.737817451847683,0.727402772884819,0.892225331687597
"3497",0.916372671979055,0.851763061025302,0.925094231658855,0.824945783716727,0.90598421931897
"3498",0.974637313478592,0.982045650447899,0.796190852386557,0.8047000506108,0.934784533853353
"3499",0.916327924918274,0.840479535455958,0.754118610727754,0.831920195324618,0.90856269666074
"3500",0.954808960397864,0.972299327593427,0.787713960894016,0.819174290941488,0.929744593371378
"3501",0.978743965351047,0.989588511027195,0.915077211280945,0.861532513039463,0.926801779895717
"3502",0.927135462244925,0.941279179161462,0.786511120603881,0.764848209194133,0.839129510942155
"3503",0.954832137420062,0.964966278614738,0.864874942672412,0.797208804970087,0.927655960266139
"3504",0.94002722650436,0.861240624880496,0.744958008604277,0.831412648104473,0.861842107983329
"3505",0.962823255999876,0.921179651354044,0.888931350184825,0.906460154650998,0.840209224284152
"3506",0.983422418583997,0.94615415044265,0.885198687283055,0.872242454912335,NA
"3507",0.97528639952112,0.786155505144226,0.741925515971409,0.754774119190308,0.901333653031058
"3508",0.899510296276104,0.913686969706488,0.86794238963305,0.937100399058696,0.830016437105749
"3509",0.888042969765645,0.897013917217832,0.880352043998967,0.829790580900881,0.951691224027399
"3510",0.887496196155119,0.903492946632212,0.827212012861177,0.684378759566636,0.809429071517378
"3511",0.986188109121526,0.964022663527006,0.583302203434273,0.676342845168895,0.813210846957775
"3512",0.885092438089178,0.896627622060832,0.960187336342136,0.782974469831056,0.914294954905352
"3513",0.950725512133409,0.946391582186573,0.907650829551322,0.833554942416445,NA
"3514",0.866156164353908,0.864461166473192,0.910667696176286,0.819148587334601,0.924378493673104
"3515",0.962124127918764,0.857510717852181,0.908144473956759,0.836264499563316,0.950728127911226
"3516",0.908018808266785,0.84624390986514,0.90200725547745,0.766550135871746,0.894353646378227
"3517",0.933758018247381,0.776851769714541,0.64634596444607,0.717886203129712,0.857335141059044
"3518",0.861240922692539,0.881139909533825,0.714122749818873,0.793389623272035,0.901458637658152
"3519",0.94310627832186,0.886706294977891,0.709427755144787,0.74568461032786,0.883268484330852
"3520",0.960850636409616,0.842352908546036,0.861562458856059,0.746369711236675,0.89598851309507
"3521",0.930754503435695,0.944341224434309,0.792256078915219,0.872232085193403,0.778749087111485
"3522",0.862151454743866,0.885699841683512,0.822930171439085,0.883663269516053,NA
"3523",0.942924932514999,0.680599657179056,0.656595661112512,0.720256356495761,0.856414220910241
"3524",0.947038842667193,0.961459191420632,0.780882597398334,0.707324251633448,0.862273671076776
"3525",0.919738043417818,0.858955690410092,0.924458171142519,0.78878055189432,0.875087216600486
"3526",0.974703600726744,0.989997775903828,0.700643676027347,0.783348915436578,0.916389518188844
"3527",0.961534331008186,0.897374274887541,0.971451167585876,1.00113143312398,0.869164232342134
"3528",0.982132639074887,0.989324263935838,0.880442892522925,0.942573937139061,NA
"3529",0.942792588553245,0.971195149325787,0.984168063171291,0.815257645242918,0.807328053965605
"3530",0.910446531634557,0.910889947537928,0.811258262251138,0.829280828100399,0.970815897893853
"3531",0.982249223248012,0.951158213723173,0.914054037326882,0.727554322937599,NA
"3532",0.957174147504954,0.913723526823897,0.978934569472497,0.8626060571571,0.954894685185159
"3533",0.894438959192088,0.915154794921428,0.780451616081557,0.84454474318163,0.97061125050345
"3534",0.949781936456248,0.970410109900825,0.903213401639522,0.797476686329677,0.899169395720143
"3535",0.875846798545611,0.684489303012241,0.76562840154061,0.710693371716306,0.827158458592003
"3536",0.939972966217786,0.896962572626647,0.696338480765609,0.80959211833748,0.910983502630236
"3537",0.982231433114791,0.889505358541603,0.743243336493996,NA,NA
"3538",0.974734955261233,0.966615238637993,0.976469975941818,0.837645836858272,0.839570667473691
"3539",0.892218761524231,0.916449387138383,0.964383593516447,0.742440001768601,0.854604736997433
"3540",0.846645819870584,0.866690223559157,0.77702622077786,0.829392569444368,0.964777668859475
"3541",0.973814885776977,0.957116956295947,0.999755964876289,0.779334554045719,0.895958363270525
"3542",0.962130298227132,0.966451371530734,0.833369409293853,0.902949091010479,0.943426900989814
"3543",0.963220300265287,0.82721737789575,0.888847017427517,0.862727873965012,0.89316641626466
"3544",0.970043478446712,0.976359819642852,0.855250952174674,0.632108976146627,0.788203726871558
"3545",0.955676235179944,0.826791839176672,0.818413916221534,0.837484466308245,NA
"3546",0.968182121478401,0.862761294322459,0.917358076536678,0.721796210410407,0.765949677883334
"3547",0.963399855771523,0.88633864912964,0.951739759469414,0.807106645033789,0.751955734081741
"3548",0.822730550371984,0.848537451903823,0.900660602821093,0.65678894871493,0.779142555874005
"3549",0.968756296244829,0.953803417367885,0.8006914050866,0.877218078538365,0.816346019924283
"3550",0.884644086140936,0.90139178638646,0.759866528489065,0.851400272928995,0.945373015219023
"3551",0.879365640449197,0.776469537465133,0.847011340673521,0.72212558815846,0.799824702063263
"3552",0.977331873518841,0.802109061466673,0.853610342745653,0.900254109717742,0.971250486276559
"3553",0.963006116885422,0.982415809541499,0.704510549618323,0.780750576283723,0.818111867289146
"3554",0.926973323338175,0.782449938306285,0.696898608074095,0.771019769451359,0.832509426930174
"3555",0.949581227832289,0.885553390459669,0.759777595059866,0.850120119208984,0.958387951322549
"3556",0.89511829431337,0.905288964389947,0.808757399687322,0.697281856537828,0.825026840180289
"3557",0.973433565127084,0.949838316847329,0.834564626709927,0.832176402162008,0.948870461709502
"3558",0.93274982061389,0.914143377553015,0.829074317667348,0.869926635789807,0.699752986050169
"3559",0.928648795165653,0.950267419269598,0.841581872317735,0.822990813617493,0.781425483785161
"3560",0.891430413248708,0.906043088630865,0.773405607479645,0.779390346137329,NA
"3561",0.960066391183706,0.846241220086985,0.885321416329207,0.775242281839773,0.813620966719553
"3562",0.929871086098993,0.930850514688294,0.80545945437694,0.796804085743524,0.909548514888332
"3563",0.943042666993724,0.953073861064866,0.750945009378421,0.790543365683561,NA
"3564",0.974117246163897,0.899417898385173,0.878406640045478,0.862043926829322,0.940040254404724
"3565",0.935512125311701,0.949050547052313,0.829577582885135,0.91273668235686,1.03624591444059
"3566",0.959147015581442,0.955550238028694,0.829027016921342,0.838238662195157,0.839301619215945
"3567",0.96783701891395,0.972918560513345,0.810974560693346,0.776996363460673,0.921895922658739
"3568",0.950281316939178,0.968414811450102,0.953335783446591,0.789498171464538,0.925146213379211
"3569",0.968223907036653,0.963038563978578,0.826439119559106,0.882881295438781,0.846829624100455
"3570",0.960985918501402,0.974412551253352,0.718759281517968,0.81529396827917,0.939934268120573
"3571",0.97389785033119,0.932862145008074,0.968745991264322,0.763655816837514,0.815928440228886
"3572",0.89505188033326,0.91137549227453,0.721484612377265,NA,NA
"3573",0.899505583696838,0.840302224624874,0.675619444426322,0.764324184878925,0.867182587413202
"3574",0.982664986867933,0.97214463347001,0.808312427072516,0.898665430159789,0.910815578122449
"3575",0.904998785096525,0.91801558278522,0.664394263381177,0.76202838201218,0.893374628590639
"3576",0.966030583889469,0.981471912696008,0.820957240823845,0.718279542689755,0.820927104763077
"3577",0.934819181267735,0.863995146410956,0.650311982428692,0.730983924748475,0.8694790242471
"3578",0.907912179912733,0.930075567336922,0.977204005713483,0.84565136299652,0.876543056713493
"3579",0.955070425944809,0.971716381489541,0.761411361415958,0.846413012467343,0.931524054217992
"3580",0.933308318518156,0.895195985060504,0.884188783802597,0.919359671146955,NA
"3581",0.961185120786232,0.744610674398383,0.812139554919519,0.719050173502969,0.779875111716776
"3582",0.901987171441898,0.93383047162541,0.845344435351983,0.837423174446933,NA
"3583",0.922940612844912,0.909350955179835,0.834908064666565,0.851785095795549,0.787023615060368
"3584",0.943225853738514,0.945075373559091,0.859874926580052,0.671094202528828,NA
"3585",0.960741301705217,0.955783529621788,0.720816428711679,0.783966107514964,0.887499757419048
"3586",0.92257375116825,0.934270118309507,0.895148919497683,0.86813430509107,0.972251198083092
"3587",0.987222483626022,0.888218421491961,0.963103933354053,0.778138020134435,0.886284780715189
"3588",0.967600095440549,0.830062507344296,0.794838889930984,0.862372449004985,0.90289012363041
"3589",0.882418515939246,0.897736309778751,0.887079380757026,0.799386004801367,0.92199391277932
"3590",0.974137869171858,0.984171390730097,0.796385465586093,0.892554161303079,0.989749500332482
"3591",0.900564430333149,0.926224993891232,0.832363349665585,0.83435018784703,0.9499127666568
"3592",0.963389271687429,0.980409528145611,0.780160375684908,0.831602189345992,0.949366001780796
"3593",0.881261636139741,0.897038311099331,0.805262109394518,0.830453262663894,0.943204880091168
"3594",0.978375386458929,0.947589542066837,1.01459490674015,0.699873867362833,0.865740042948018
"3595",0.92266081138404,0.934118359131965,0.701501005953356,0.790833256390844,0.896823011125598
"3596",0.922952986766432,0.933688000904288,0.639200549747381,0.687031277214481,0.820903308452675
"3597",0.861963039297331,0.88637169159647,0.832053140914079,0.888371439008318,1.00299283710229
"3598",0.963850656307779,0.835649855382319,0.822754848670818,0.755156131776904,0.907665386593828
"3599",0.959922265059114,0.928024306081754,0.98336682153902,0.792857183553553,0.870707129608463
"3600",0.939570529279121,0.953465900730749,0.86678099666174,0.88689891139342,0.906328649436337
"3601",0.913449991639118,0.929453134881117,0.84150357511263,0.852166921861543,0.963423866806508
"3602",0.964007998067422,0.852860538681107,0.834753201919829,0.753453429250221,0.887750717588998
"3603",0.988754768414842,0.887912636741439,0.852635081223522,0.775522091530657,NA
"3604",0.954965956629,0.875836738554308,0.817734076829259,0.757872824733716,0.866638524341303
"3605",0.969371514615125,0.990347437408976,0.662360420507401,0.751677620384611,0.882535242906028
"3606",0.901497646482681,0.866266265166154,0.637329602339796,0.763404378630815,NA
"3607",0.971150801522166,0.968642657903433,1.02610576056116,0.752928882330337,0.891302601517465
"3608",0.898648851823422,0.898126512097822,0.803885919328624,0.750313200054464,NA
"3609",0.958597650963028,0.825691451971379,0.785644643043461,0.732745171467075,0.878039899293804
"3610",0.938290173568909,0.818607343130694,0.861862328191366,0.818021050964446,0.927922545074941
"3611",0.947341246972954,0.966940634301735,0.868920634975841,0.834790285898909,0.939671682344242
"3612",0.865894900771097,0.848781954756827,0.895758058912937,0.778386889745084,0.903646029392384
"3613",0.969592720582381,0.958716086273961,0.791978121680269,0.824169015404495,0.941981866809197
"3614",0.980904615476077,0.917302977184019,0.87780018227994,0.947695657066343,1.05809471406656
"3615",0.957907748455066,0.984182178944775,0.747257901447202,NA,NA
"3616",0.897107372717916,0.921427033175815,0.662702078747797,0.766948249595693,0.880532596113655
"3617",0.942687913076933,0.874840892716891,0.743314137196794,0.762379327889214,0.890064028923905
"3618",0.960661121028622,0.884684547283641,0.698314933692199,0.785360829758181,0.853614187347901
"3619",0.975166136882859,0.897333815975791,0.761003875299361,0.837065314325906,NA
"3620",0.968029009090583,0.983431152870983,0.908138455546431,0.710443285135646,0.808180672214997
"3621",0.963187629933236,0.971551989302293,0.804206413141148,0.838530036733855,NA
"3622",0.91865822185234,0.936060226206733,0.822584961692799,0.739536873402874,0.833129626692932
"3623",0.970541467408548,0.976782575139707,0.875787767093975,0.925179806045181,1.03051297971562
"3624",0.911572339395691,0.90985797215119,0.91589202987221,0.982095392403725,0.977920150394713
"3625",0.923325033110824,0.880396084583935,0.772587269885286,0.759411113986562,0.869914929387731
"3626",0.972410089706827,0.97749943500231,0.80444245294367,0.855817925397434,0.986915895199448
"3627",0.978467454654076,0.773015143336926,0.797357446404122,0.821533351246594,0.93565847816103
"3628",0.965614855508996,0.960939380067286,0.786208535207263,0.850268146299122,0.963740952573845
"3629",0.971182167735426,0.907195476240499,0.812396514624748,0.909734741801745,0.901535066600403
"3630",0.867440598723168,0.799198724818962,0.74410373383933,0.807340178440139,0.925958183726074
"3631",0.946384860212266,0.965724811337625,0.809097601042133,NA,NA
"3632",0.970335198801971,0.988549409685206,0.872695693990324,0.63516992747327,NA
"3633",0.978398907679179,0.975022819203639,0.889891079235473,0.76690173238563,0.848710825215107
"3634",0.976265561496196,0.962125479459945,0.963725165731754,0.911830911034277,0.835470984483882
"3635",0.96151887259191,0.814666269804357,0.650775510412286,0.725013921408609,0.878105920543827
"3636",0.815686997338464,0.83361358491823,0.898761945558463,0.810969316099334,0.832531610166409
"3637",0.970645168023677,0.985415739901281,1.04584511351608,0.850778861427535,0.970164928412699
"3638",0.888331115403792,0.878865348285824,0.82738696874704,0.824184674683952,0.82852984706483
"3639",0.961949313187887,0.979228066011058,0.681834227837657,0.755877021767245,0.869659265284513
"3640",0.947583898638768,0.966904844059792,0.810685157059721,0.82768832310396,0.729928981655996
"3641",0.974614474218614,0.986722870494211,0.716340604077077,0.810413030119583,NA
"3642",0.947992843721139,0.931137427472752,0.864951929649632,0.820645808231853,0.897304306573338
"3643",0.89148067580884,0.903915037713025,0.952835879827111,0.824835871877514,0.883597743837951
"3644",0.971589683986193,0.879192928856112,0.766312694894705,0.837790772652961,0.759986413500193
"3645",0.975769780767734,0.987312685057413,0.849126905124407,0.829321677697713,0.934832705145788
"3646",0.971445578458263,0.875308717592874,0.703301531944115,0.753810530609116,0.79375720256828
"3647",0.930549221651864,0.942234604442997,0.734716973069679,0.801835618216972,0.929570034205134
"3648",0.945855250309907,0.967255796279985,1.01984848459387,0.740906121576043,0.881485488972486
"3649",0.868772888906,0.882977769906399,0.918626388432701,0.824137016636823,0.88251608760769
"3650",0.880516370920614,0.901361294071762,0.826263974488684,0.912323727959324,0.949129433831327
"3651",0.987079209002778,0.842585630101962,0.907467646923185,NA,NA
"3652",0.911576275513399,0.932523393857835,0.87538826063972,0.787924458891854,0.843921678530977
"3653",0.9196789281975,0.822417940489732,0.869700750307123,0.830707196248474,NA
"3654",0.965170447117922,0.983734759657753,0.81347938704988,0.765296631441067,0.876284459482865
"3655",0.903326708802206,0.754310542370517,0.74122183036332,0.761082577460245,0.876327365899714
"3656",0.971547864012787,0.936504228281131,0.663957522236246,0.727418771476032,0.863516072873009
"3657",0.949150385598364,0.894559966722342,0.760849081783174,0.854649021485902,0.904066361193428
"3658",0.954169881321226,0.977308522112647,0.863476825233626,0.95012945287395,0.859162631636833
"3659",0.972203277689532,0.954368561054559,0.843186569445484,0.768773397979219,0.806767364221972
"3660",0.918303413214527,0.819910263850423,0.874580447232123,0.886789074648529,0.856144641716289
"3661",0.979265747887533,0.868550242212109,0.859937053531212,0.637273885669357,0.802204305938982
"3662",0.832544306189732,0.827306711385881,0.765863175319928,0.824624173577839,NA
"3663",0.955595306709062,0.981840044711668,1.03889430686841,0.800478055868307,0.821276165604494
"3664",0.968058439356784,0.974006154233114,0.826729430571262,0.800514327990209,0.91791257378127
"3665",0.960654045648134,0.780720309366479,0.753281488094443,0.829977310097528,0.955728515573342
"3666",0.958722531405896,0.9087615394789,0.823201250537662,0.875479884409848,0.926681838650595
"3667",0.973350782310472,0.965684581599048,0.896644130907073,0.951035529965082,0.977288718884679
"3668",0.973366964086049,0.981656973175841,0.837935354790619,0.852576642984395,0.951364653310721
"3669",0.968156748040495,0.759852329098393,0.746104684792464,0.831954910823762,0.930051040010891
"3670",0.95059879065234,0.850455509052316,0.783233380305038,0.883529673231068,0.826760782941194
"3671",0.880968514095873,0.899542161021371,0.904175259347308,0.82512101925842,0.833627439296649
"3672",0.962738537872084,0.97172852011429,0.731302392028828,0.808091986748792,0.942034297824701
"3673",0.958745119331973,0.947489291806126,0.715711304947744,0.780747074609939,0.780403274620432
"3674",0.988433260193066,0.822598654366596,0.669167660699977,0.754756057664663,NA
"3675",0.876596467066057,0.896435025202307,0.839551445317764,0.796072428070017,0.773469619786314
"3676",0.905696397243391,0.925584073945783,0.84332740256858,0.928888831381778,0.798192237598575
"3677",0.971390276388945,0.91450887804034,0.720302795939133,0.798426185771512,NA
"3678",0.903417891429216,0.797619411730929,0.655423621210662,0.723961539920499,0.901979611668081
"3679",0.97066001699868,0.915195397442971,0.888876636726883,0.895281174911524,0.887676911401309
"3680",0.962851540458876,0.966161204041554,1.013801718976,0.814327536435547,0.920996647451721
"3681",0.907861533176671,0.927106775853257,0.770979626062521,0.808907981350319,0.837695560069957
"3682",0.896495763165399,0.881152717254104,0.899496461760254,0.789536917200512,NA
"3683",0.971801906963302,0.990953216891248,0.765354332924964,0.839295263297716,NA
"3684",0.887319551730782,0.899468853164555,0.959747222021597,0.746088049143693,0.873194247616214
"3685",0.941196142435481,0.963003867722961,0.740949030214148,0.754443815670812,0.778664034106071
"3686",0.94007643115004,0.899851812931439,0.807763031827641,0.883587050482811,0.829702026885033
"3687",0.950565357125489,0.745502696044648,0.707461081403071,0.735955171586619,0.853010867555281
"3688",0.942187635946269,0.956125427049552,0.983786513118735,0.89408305018617,0.772972017766376
"3689",0.960762843248895,0.854126036652448,0.699577585768809,0.737438571235691,0.880087519088933
"3690",0.924097160789968,0.886355470413623,0.826923662495675,0.708320517711598,0.779163961577479
"3691",0.938669305773065,0.916321038036529,0.930453382363584,0.794168603394256,NA
"3692",0.860815249917664,0.881108629450247,0.725960172837666,0.784021206174625,NA
"3693",0.938758183024368,0.812854050686663,0.681582033166589,0.78218987977565,0.8929516463467
"3694",0.934448564672402,0.92250372005423,0.932529533991761,0.770109128435006,NA
"3695",0.935957678156144,0.951843302304425,0.740178298884402,0.790712783167638,0.908695991342579
"3696",0.975657327667916,0.917718109497057,0.943643896927155,0.789806622841112,NA
"3697",0.980397416830523,0.942776028740806,0.907208802058508,0.659505244562954,NA
"3698",0.939511815716238,0.956451222285566,0.813373940562603,0.729012914404809,0.767030775197501
"3699",0.89054313409364,0.899577134220577,0.724506728240151,0.705625476616226,0.829327411506028
"3700",0.973109424878157,0.981155230473801,1.02804720959924,0.832921951880686,0.936588282230688
"3701",0.955962251924089,0.96849809353214,0.789577959128702,0.768808641835633,0.904975744906531
"3702",0.97002678499418,0.910903068286345,0.978255546568517,0.780843742259099,0.884653714936107
"3703",0.981891176307439,0.93230222523941,0.884998935360452,0.860178629359624,1.01531063385682
"3704",0.86662172960478,0.887179382447943,0.708620791030885,0.751754719722755,0.881668742730085
"3705",0.964709845426708,0.955127505181462,0.802250195419163,0.827344115733123,0.927312009019527
"3706",0.966953767962292,0.990963863640373,0.906357063779406,0.786517238522253,0.764998193078082
"3707",0.964923740770298,0.962499998013459,0.813212062197774,0.839799549519382,0.869173237858552
"3708",0.883289650824366,0.897728144131201,0.904488098303367,0.785472909923453,0.905498932374835
"3709",0.958656658680185,0.950445561174454,0.721939441139222,0.797274561260048,0.907815382381662
"3710",0.963956888521753,0.897563138456517,0.941718039962227,0.820997236677108,0.950815558549453
"3711",0.920220797830235,0.944377530308437,0.963689426689319,0.707774944792786,0.844370319685408
"3712",0.881640782787037,0.905558879047739,0.951249008277864,0.685323180513324,0.839681830561889
"3713",0.938418369466824,0.92965602019689,0.679909120183123,0.780846058645587,0.890472335615722
"3714",0.974304970713131,0.883763691731245,0.752713592957673,0.856817860486999,0.960668481249145
"3715",0.951330503683694,0.921044956165882,0.791958789525851,0.819721669035957,0.829453851151426
"3716",0.964202656602777,0.963594311495778,0.748293217890354,0.819972171408158,0.938857610180143
"3717",0.973758527061328,0.768697941268834,0.826704591697577,0.81826286270342,0.844211200531887
"3718",0.904037642408268,0.926898203540487,0.947585626270251,0.780123260579889,0.806963533949371
"3719",0.96398391750669,0.988956883517552,0.8052456491512,0.762065889619258,0.872711496253752
"3720",0.948867145905098,0.868684950829582,0.811454066322732,0.880050322289613,0.99375275716862
"3721",0.965622175471021,0.989932144371798,0.819393227102256,0.664482560606149,0.795479672710519
"3722",0.974704281188372,0.992872242027693,0.788892625773307,0.783563094080227,0.878521450247048
"3723",0.928717275619811,0.937500780709582,0.778680386013593,0.864347026087399,0.974303579018775
"3724",0.916425604567758,0.934624917009289,0.977850018348624,0.893966611638655,1.00161440959239
"3725",0.97376801900736,0.917597542775867,0.970660696782183,0.827942702605125,0.955578949882226
"3726",0.973886626979881,0.877961854463953,0.867021635385188,0.747859989872692,0.900126919550822
"3727",0.896464044537833,0.750365473739138,0.804022631863992,0.784041458046837,0.915329926534841
"3728",0.850723089221466,0.831771066809751,0.746887333966471,0.81423875950295,0.941286960626506
"3729",0.833523518874071,0.851450327566176,0.784338819184012,0.848301586457297,0.916678279776998
"3730",0.949803197361282,0.955768948312804,0.869389835009567,0.947134988907379,NA
"3731",0.98244634916365,0.912760608153272,0.813585317233928,0.732598095674175,NA
"3732",0.974204610486417,0.954417038700775,0.811337769037927,0.912008345919957,NA
"3733",0.926379352652351,0.771525876533455,0.825410508830554,0.822676251610343,NA
"3734",0.973089738127877,0.933129949710559,0.767441654129733,0.73792038194924,0.83796187155416
"3735",0.854118693863448,0.768164715909452,0.824406096319772,0.833300326623479,0.811119517966603
"3736",0.955969311416867,0.914635363350921,0.822452509032901,0.869471445705585,0.924404363852602
"3737",0.943706449378497,0.773800723938073,0.716709796703671,0.809009308013927,0.940056186776036
"3738",0.851790531856664,0.836347179093528,0.809769324506724,0.680471532034098,0.828220302531223
"3739",0.874085872186716,0.79448516318782,0.826348255426919,0.753971085573975,0.853950275876773
"3740",0.936836397711056,0.897596643700127,0.795530786626221,0.746584793020244,0.81731362141083
"3741",0.883689743707221,0.897736027105372,0.895508940303825,0.823786406983447,0.933014653502143
"3742",0.935151344850507,0.863472020758513,0.696914734404114,0.737574985593503,0.876186806801536
"3743",0.962123762702106,0.817026133872122,0.858471166701618,0.93379428133749,0.847200117950128
"3744",0.918764776077482,0.928547988700731,0.91405254568102,0.823732372470786,0.970460927439266
"3745",0.952471264124084,0.976452918942684,0.7070552048191,0.771561368838223,0.931277656153365
"3746",0.969126968559787,0.903136711851075,0.824958699553103,0.755852943142642,0.886814545807334
"3747",0.949301780238471,0.911778420716164,0.718154653766427,NA,NA
"3748",0.94856943154512,0.920086426220837,0.868519024489348,0.690957402570889,0.84491743913122
"3749",0.956918882816588,0.976954670163264,0.85333686328918,0.90837362309857,0.983627768111701
"3750",0.915410777909796,0.928226221699648,0.836459121241963,0.910695360631705,1.02402255761331
"3751",0.930516136661142,0.80041630237747,0.867908768286581,0.942840359363561,0.862689600646578
"3752",0.924541993675724,0.935710637035013,0.962582917611772,0.8726284862265,0.908844865230504
"3753",0.939074427943577,0.880779897072883,0.86855671440378,0.944309011254806,0.823549868173002
"3754",0.93139435760949,0.951085324658069,0.868520255409835,0.812542156868323,0.944949329516208
"3755",0.898692945416571,0.883013211578388,0.689790841319205,0.761139705649103,0.830906976847738
"3756",0.81698928580378,0.833767766931837,0.828697413031671,0.784183052477346,0.878043013335495
"3757",0.923135366448253,0.876712276041186,0.948040153287148,NA,NA
"3758",0.890890818997123,0.904519833390254,0.897617401571659,0.757283750127271,0.88024534945345
"3759",0.827701922032448,0.826140820959263,0.782516307142716,0.799166424765528,0.786159779942547
"3760",0.967329450412502,0.890736350520367,0.82745146627913,0.785424570982661,0.929204673522239
"3761",0.934841070903402,0.900706145877272,0.852756340187368,0.861428686682664,0.869940150078938
"3762",0.945673791667578,0.949309030872378,0.826627054947738,0.71549656265941,NA
"3763",0.965799475469796,0.983818068337375,0.812414673455034,0.8291203172675,0.854771789654621
"3764",0.97318353409845,0.984297672139992,0.78129507811223,0.689356899987367,0.840608336165237
"3765",0.896100941500739,0.908074234195227,0.796487407633024,0.794586776898239,NA
"3766",0.965059649677737,0.892309714961185,0.794842855020457,0.89743613193094,0.826306055592648
"3767",0.983612893249585,0.999946233432306,0.981655149615887,0.959886161192357,0.939609543587977
"3768",0.966518084448553,0.870861918848707,0.644444333609505,0.729670675045903,0.8593043807766
"3769",0.907818972786319,0.932293167830361,0.888815694486179,0.845021143404437,0.828146657950111
"3770",0.982561349602656,0.99031455322064,0.696787663689158,0.786668897521958,0.920819826909387
"3771",0.899781096159763,0.913206148425884,0.736491021498657,0.827174489305165,0.919362991435296
"3772",0.933393942038034,0.864046116366623,0.925689987186838,0.738376678358457,0.877624498544973
"3773",0.951508425350098,0.965641097082519,0.848400048169468,0.785870217045098,0.68232165101925
"3774",0.862227281092337,0.875194716732314,0.887243667259829,0.847656909146484,0.904069393907139
"3775",0.871599417478714,0.746193718645705,0.819082260009618,0.862749870943763,0.985123071322442
"3776",0.930600604688849,0.922261259448113,0.767590277412362,0.859098913502502,0.895809232556159
"3777",0.964487684281365,0.884776260759442,0.733876945925893,0.814493278222816,0.916208736800529
"3778",0.916561876310814,0.943237736406496,0.7875277141345,0.733881851896428,0.877497885457528
"3779",0.963813882815763,0.976063137168538,0.676729076273505,0.753871500845501,0.860257079776974
"3780",0.842289446040383,0.85875855340813,0.739655736144908,0.824891103098035,0.928053449271462
"3781",0.946598091758712,0.924388146116776,0.84578955834602,0.714010478157954,0.818791808076387
"3782",0.97721139779892,0.849204000520726,0.805171833321202,0.771123536854948,NA
"3783",0.884121020418181,0.901915682322517,0.816063913100446,0.626347125823075,0.769796981058512
"3784",0.940455650219704,0.908512981031245,0.84894831060468,0.919845083810159,1.04712110531687
"3785",0.862960715426259,0.871725464912205,0.871976757485095,0.93392034718342,0.764778995805738
"3786",0.940413760009968,0.837619745977325,0.679636085598302,0.767933828054144,0.837282521583884
"3787",0.974620313609836,0.920134348028298,0.827859703498534,0.708221133933834,0.871729639830193
"3788",0.923515989929307,0.944761904860906,0.978091167147553,0.953154320419606,0.957978333314236
"3789",0.866792061587116,0.883632810797418,0.938569582165297,0.846365209891252,0.963703879132088
"3790",0.902474432908375,0.921685134269269,0.882214675851493,0.746573316929156,0.855087363965661
"3791",0.912515543958447,0.927902396485622,0.931715796524037,0.893294724671738,0.95418106620874
"3792",0.952646403208853,0.931958532110579,0.762941639608667,0.802925852429751,0.905109787119913
"3793",0.86389907888162,0.817664833300575,0.874337327540185,0.951055918195676,0.930025555700349
"3794",0.98549014505649,0.97634320359141,0.863884864962963,0.739831884262636,NA
"3795",0.855592491578517,0.880618400061531,0.770816364251691,0.724199256492395,0.803148997960936
"3796",0.973698215882649,0.951444105066905,0.785162814225205,0.750205144501277,0.88308544681658
"3797",0.926323807463036,0.949224588724146,0.932742801227659,0.84199623487981,0.85328085940804
"3798",0.913449987569926,0.917654069360561,0.841943347582429,0.792969802739577,0.922026997758485
"3799",0.941030720059723,0.920018307450237,0.816470700936176,0.875540884165693,0.789492045182525
"3800",0.980975241293114,0.990012172535482,0.877965121692899,0.829679230891554,0.964849700812906
"3801",0.920768298411903,0.929791580674276,0.804540288975794,0.756543874492694,NA
"3802",0.940665277074913,0.950051686334585,0.875009153590868,0.958345168604904,0.875919134821205
"3803",0.975579306800421,0.951280461100955,0.859528281912002,0.78885805699906,0.895718535793828
"3804",0.902080890956153,0.923714059367925,0.931970849295882,0.802419658415924,0.77124024646396
"3805",0.94091634487922,0.919304748844887,0.978167382343665,0.835749537209557,0.894448301489876
"3806",0.896608239868611,0.903841617429785,0.742849857020935,0.7173614385609,0.840293825587729
"3807",0.843670786495564,0.867326186271957,0.849669166637004,0.759718599992286,0.911727648182299
"3808",0.965205295787637,0.89017961183765,0.943838004543252,0.863040298581135,0.822254742517379
"3809",0.88782060748672,0.89326485249266,0.840731997611921,0.862173554347916,0.9239029634271
"3810",0.957276136208839,0.949257967912053,0.878818300037223,NA,NA
"3811",0.942524532820634,0.831477263803836,0.869215600529808,0.736940257200195,NA
"3812",0.867867764874941,0.886971014840206,0.692730829674219,0.785327566067571,0.877922539187873
"3813",0.972385939106111,0.909382677794153,0.929608402799145,0.703946371639309,0.801163969327529
"3814",0.97075683706674,0.954471521377395,0.773462947744016,0.800548659242281,0.818798610180039
"3815",0.904405242930827,0.918753705773632,0.86385431032391,0.932075560148455,0.885988462671224
"3816",0.985056788051228,0.870195951883761,0.81588206072528,0.734097394843812,0.81459249039379
"3817",0.962322591704187,0.954845219269638,0.916988280097657,NA,NA
"3818",0.897512283539379,0.77341772894363,0.790054920246553,0.875072729977552,0.907612700180832
"3819",0.973469575576334,0.963136214855309,0.848282732816056,0.792760635834884,0.775340053697771
"3820",0.964143552744571,0.976713716514226,0.769717796061452,0.849810423036957,0.949611057731956
"3821",0.975835544000074,0.99360329907804,1.00037256177726,0.847775953125812,NA
"3822",0.962149385640599,0.954744863099947,0.855987110654525,0.915874292290793,0.855894335625102
"3823",0.902563544481568,0.920797990952574,0.971397007236985,0.767528377320271,0.887211171307182
"3824",0.847189042978894,0.872308324494987,0.634176157560671,0.762665007730889,0.899846031460598
"3825",0.970460742149738,0.949491635163886,0.931230084747666,0.819195090987131,NA
"3826",0.977919534148369,0.88064579311734,0.868119475654489,0.936633168641712,NA
"3827",0.865174663026927,0.882548216483216,0.955741913763635,0.761481360402556,0.845962053444276
"3828",0.970229406969724,0.96809425626904,0.694773430103978,0.789716744250368,0.884671543930052
"3829",0.863546254795629,0.89150828695474,0.877365419083764,0.874467851461194,0.9973758752757
"3830",0.949655343883092,0.836157081401973,0.915597049867986,0.80438078521918,0.826466088200322
"3831",0.971643872177287,0.903152564751519,0.942233405337489,0.781999643982634,0.907585487971331
"3832",0.965679889481128,0.980853367393142,0.926428288172192,0.732069248016467,0.853051559208804
"3833",0.946406613772543,0.963432699814528,0.898691903927845,0.781841269126017,NA
"3834",0.841607782365323,0.865010903779406,0.826657198717354,0.792398559806714,0.83996359793636
"3835",0.962572519505474,0.887365971127329,0.774956947037182,0.743321487089362,0.784168948647316
"3836",0.982598600287931,0.976498453520362,0.724019399411583,0.794386099954314,NA
"3837",0.963841289927875,0.92004630551388,0.905044035558309,0.778299835771252,0.859663477847079
"3838",0.966534465362403,0.925319553078443,0.926086052561383,0.586144687591595,0.760979768188722
"3839",0.766047536447876,0.766619438722026,0.837996631331742,0.775614450633491,0.884825500445113
"3840",0.964303615561274,0.889121819191457,0.942253866143258,0.734895041774839,0.890437933537208
"3841",0.894875931695719,0.909148933275618,0.776989231092468,0.779863299441589,0.908327347129277
"3842",0.958801282678938,0.799958153276293,0.810746758862959,0.721188479108276,0.870471333004197
"3843",0.965140513336417,0.932604245291845,0.770756807216853,0.716466578501054,0.839649310554349
"3844",0.959682639219553,0.963950977744925,0.819018643750722,0.794223949746276,0.80579768798402
"3845",0.825403640177298,0.83704599686261,0.855159651374192,0.659072543524968,0.862092526848136
"3846",0.868253272676702,0.875274550832728,0.77188582667153,0.857885934065073,0.978660470501654
"3847",0.950545721492155,0.971677657813602,0.84497201368029,0.903782433917797,1.04226098410697
"3848",0.868600722275831,0.860187650164098,0.876572330168952,0.782185443026947,0.922317970617802
"3849",0.969135102896308,0.970864065998063,0.83182611558949,0.797371830409009,0.855933194712865
"3850",0.880325319975602,0.907665221987379,0.816989704890371,0.793999343072909,0.827520043670457
"3851",0.883976281760132,0.902404597370572,0.887515731341126,0.832482104513481,0.836035718048832
"3852",0.926836935206588,0.94256384649988,0.984943006049499,0.79451961434149,0.864314373712993
"3853",0.983324781969738,0.837370429026604,0.896914340100061,0.912422065000858,0.770104568503936
"3854",0.901167644977052,0.920287111531665,0.874995651361751,NA,NA
"3855",0.97916798926473,0.866926993328192,0.832827870736599,0.910403538855333,0.960110686869927
"3856",0.836008918728928,0.845456595351143,0.901692689943975,0.758382321821129,0.807692424320603
"3857",0.941691276043036,0.91109938063685,0.824955417648503,0.896171861126079,0.910243420272439
"3858",0.893889818286811,0.910354900668874,0.752934714373292,0.77448455338023,0.898835837903528
"3859",0.928818319515139,0.947488811093396,0.966351276871096,0.791970673964636,0.854668221613605
"3860",0.977251950140347,0.850518529598604,0.814209170926477,0.801050342381775,0.714963571317553
"3861",0.983531820583798,0.994961592303096,0.902742965446991,0.815342280507867,0.866397434675117
"3862",0.935183755713433,0.954144068883273,0.818712257185611,0.837736182312341,NA
"3863",0.951027321912391,0.913657014442495,0.825708809301559,0.819703583075372,0.951293612474253
"3864",0.906665479099947,0.867895393032867,0.738489506330566,0.786121426391327,0.881266025335967
"3865",0.944785965698404,0.908757280398084,0.817444374389878,0.719296943491555,0.823643689281132
"3866",0.94683584932044,0.95835735387281,0.821541877884864,0.727564764415315,NA
"3867",0.920109202484619,0.890052404414951,0.864309859842175,0.934518364874582,0.762968443477861
"3868",0.96451636385082,0.978207291322016,0.797467879624237,0.731268178508214,0.846657677928599
"3869",0.948820862396768,0.973719577124248,0.738444812987769,0.765766096320777,0.883475159718581
"3870",0.769252708004336,0.744364772623588,0.8215179445871,0.786903718442567,0.819505023446683
"3871",0.971502317092108,0.783706067104132,0.787264030730141,0.830900745887656,0.954119497088381
"3872",0.9749553942635,0.845005308907175,0.736662061926428,0.713780475773389,0.876136570385017
"3873",0.900404726902573,0.911542450514234,0.747648180517874,0.774125455503083,0.94642308870842
"3874",0.943439278134194,0.93374247485942,0.898403695036377,0.722727951798212,0.836881149269997
"3875",0.907594570651175,0.918112212469796,0.78055724811917,0.855823508512054,0.979233363780907
"3876",0.965336593979821,0.820747657170146,0.698314933931492,0.675172829285441,0.80553702888557
"3877",0.928079717875106,0.943414284385989,0.708968165340781,0.787021158689819,0.89119161907506
"3878",0.93199490634559,0.721475987926467,0.715708817085669,0.83171814092749,NA
"3879",0.904559962664207,0.916688846339845,0.865316086917285,0.863372102501193,0.936140636559045
"3880",0.970862995060619,0.869582606233647,0.878027330254526,NA,NA
"3881",0.961670809516277,0.977953421013461,0.706254449026013,0.81110959281651,0.870882114659719
"3882",0.972290524172505,0.873205617256887,0.637101359004593,0.703659574892549,0.812736131079656
"3883",0.890398558304165,0.906459271670591,0.885102704015284,0.910712391655525,0.76463999405653
"3884",0.928939705339295,0.945341623323633,0.821380706527363,0.693537659171168,0.815058928327787
"3885",0.841172392408469,0.852336126929851,0.638562907550358,0.725454401174347,0.850778262044916
"3886",0.973794758443357,0.979847137392597,0.817918326630445,0.901244568165129,NA
"3887",0.937611549465757,0.786643417404971,0.733258078964819,0.805500377271386,0.749944043088208
"3888",0.964996590080972,0.971705739209625,0.678976775884728,0.747222822514979,0.884027922269379
"3889",0.966467942797366,0.98130790852524,0.623311259400862,0.708516283685522,0.853277423696637
"3890",0.951222535731944,0.94937577487594,0.875708074128542,0.96122140994174,1.0535763647539
"3891",0.958349035114166,0.891554490771398,0.941726292826512,0.710861046045923,0.859194942123894
"3892",0.963671945938837,0.914188838061645,0.671302459970744,0.748762060661529,NA
"3893",0.912376366926867,0.925583662107675,0.700622052701543,0.808953843144728,NA
"3894",0.914605356189332,0.939893189427365,0.787856719931451,0.77779515647311,0.856339598586527
"3895",0.901466043381168,0.910499363014392,0.991767844947998,0.742893405167113,0.87836216044637
"3896",0.971139722835198,0.961832282877047,0.809164769222455,0.792145233650964,0.811916541550005
"3897",0.921138551002771,0.929616178217963,0.942207111566178,0.790675556366552,0.928008806469902
"3898",0.961206588383285,0.969158286525563,0.87212551377526,0.951076216240107,NA
"3899",0.826226064927317,0.789672888125394,0.684148725619612,0.76247873159769,0.90306443225414
"3900",0.960028408428956,0.890615550998517,0.871863116252451,0.763896970794316,NA
"3901",0.860500876694915,0.764188398687082,0.738086355073596,0.735485524601421,NA
"3902",0.962286845608898,0.979661080985507,0.998507313620723,0.807078309022219,0.932749115468084
"3903",0.942347316792547,0.943132466822298,0.988576817748892,0.988277488370128,0.942081654853621
"3904",0.955592913301734,0.981765894672035,0.831298423519738,0.903140327681023,0.811657806097858
"3905",0.909701417509321,0.919786343492564,0.722001278211072,0.798014327149911,NA
"3906",0.938729468081286,0.794320652287271,0.78801132481568,0.859559592654057,0.936624133801697
"3907",0.896606153338931,0.927593441570486,0.72140402467824,0.734376961399059,0.884463985045758
"3908",0.87411289704806,0.887392764064849,0.911898713247881,0.766439854076053,0.879335295672975
"3909",0.849502853909217,0.857791619650013,0.813899250254127,0.735521185594122,0.88286705040399
"3910",0.875255652725124,0.897325350377593,0.837226458361755,0.839910856482545,NA
"3911",0.962533761058578,0.928801014497021,0.970701286233061,0.780340639791006,0.832669741028353
"3912",0.930317363966233,0.935894456207038,0.700723183763792,0.785008575617428,0.900936639623784
"3913",0.96463365984062,0.984061257769307,0.93098611922947,NA,NA
"3914",0.973186177676472,0.901588599215384,0.941951195783239,0.892360695673697,0.927459340035781
"3915",0.942318785693143,0.926009724584973,0.801829120178748,0.847942198487136,0.961445903127286
"3916",0.963550236894501,0.946097793479944,0.792328138049386,0.824031645535017,0.849833293785171
"3917",0.939083827823521,0.928327195331514,0.747501984797948,0.775378884043557,0.756207642808899
"3918",0.974803363444226,0.890847429888243,0.742944746526529,0.807958633103631,0.946915786985079
"3919",0.918515857752883,0.932115670391206,0.696538592551404,0.812280698414616,0.84327184051948
"3920",0.976539433132598,0.766148690261729,0.760979282846113,0.758038814714371,0.812590295584282
"3921",0.948631557767539,0.959083620196753,0.98032659473435,0.773417890239753,0.887094695768686
"3922",0.976918486260429,0.926618160997207,0.888619086892081,0.961027026090749,1.03516020006308
"3923",0.948718391852355,0.980323179476748,0.944085251517622,0.870440057439991,0.923847882263435
"3924",0.97240965141206,0.988930757344385,0.888824345675794,0.918524116326712,0.919234981381974
"3925",0.947208633069705,0.960488613896215,0.874331133946989,0.859802435340793,0.966819193593818
"3926",0.963740939631302,0.978241577865868,0.751438671802393,0.834648530476242,0.933459002972319
"3927",0.965697410546083,0.987452231260832,0.79465322680336,0.873754198489146,0.903353293346095
"3928",0.966903224896481,0.875123912323586,0.743148154521285,0.769608186292648,0.887627413093576
"3929",0.927760596375392,0.943032268557589,0.779695162190311,0.799680532744147,0.930269874593593
"3930",0.957129837630616,0.97715455330833,0.65032201839067,NA,NA
"3931",0.965202371867343,0.972195275267083,0.700631339578505,0.780707656674031,0.877789937514
"3932",0.921472485263976,0.953057040768895,0.821913262255001,0.759493377909927,0.878770889507692
"3933",0.975191053478744,0.905073273328081,0.900380421804934,0.659361707906578,NA
"3934",0.924890267235016,0.882440462573481,0.831129095350287,0.921873503654999,0.762185567343274
"3935",0.962097216730012,0.969437275292937,0.720069369877445,0.832598197884148,0.931610453850459
"3936",0.865490089962173,0.862282780798406,0.73269376188744,0.729884619910584,0.825072547126419
"3937",0.90327451743233,0.867544795229296,0.912463785164839,0.832938500427776,0.94392054840113
"3938",0.9611262227212,0.865129455081465,0.927537971989108,0.658322620973446,0.814501425061241
"3939",0.927404726077789,0.945673386271318,NA,NA,NA
"3940",0.962241756479288,0.950754441949716,0.844211604710435,0.759876809372581,0.902146454838693
"3941",0.984332362441798,0.982364927869165,0.708274711205867,0.769525426777562,NA
"3942",0.970339078292341,0.984099478952282,0.821933618288466,0.794793358326735,0.922811698063299
"3943",0.960059778478317,0.973511626081628,0.949152042318566,0.687623552958062,0.814036421767675
"3944",0.96411449121987,0.863415687171842,0.717844340043975,0.762318631317808,0.7816520927772
"3945",0.967131912160533,0.889668368902909,0.748160977031728,0.759835927380336,0.88139234573264
"3946",0.962110668257587,0.915198723093698,0.855293498041261,0.810397575248059,0.928802376685056
"3947",0.96162669360952,0.91028138912138,0.743822299003429,0.796668983768124,0.916604920699662
"3948",0.946000111499749,0.925649055213156,0.847560426107697,0.761516165187581,0.914163980236081
"3949",0.917347780695309,0.907429808097676,0.775792347965224,0.854178091479611,0.956421606538948
"3950",0.856217399964326,0.878152734626389,0.933603402979291,0.944526577220607,1.04658976791137
"3951",0.945329424752751,0.935547710065262,0.713510026865649,0.80111054425672,0.906733485474436
"3952",0.91319024634669,0.929285535184864,0.770283824103544,0.862344080047938,0.966392802428858
"3953",0.950011165440298,0.963983124273368,0.938011153130676,0.700276363723401,NA
"3954",0.890324780515724,0.915241740319766,0.907813586497229,0.992470632404191,0.814892502305618
"3955",0.899442038511664,0.915258906132616,0.725347436180516,0.804736511953687,0.925362120265257
"3956",0.963314399828664,0.889377063674112,0.63517391611584,0.714758944585505,0.814355927032312
"3957",0.974508714280766,0.814315039073692,0.775951522810928,0.852555587720757,0.957327205449944
"3958",0.965293316965934,0.918054511633335,0.859370571980107,0.685407616387089,0.791309577661426
"3959",0.983615005456045,0.945002114409541,0.985091936631865,0.745477814612109,0.889513787979249
"3960",0.882270230306334,0.906710523681053,0.776209506861948,0.850005973030377,0.954517754882068
"3961",0.866694454518248,0.81962866854472,0.785156677242174,0.870486058909579,0.837398832677721
"3962",0.946704174473325,0.964526296399055,0.852274605487729,0.743684849687601,0.826045040146306
"3963",0.933017285080461,0.820538641277424,0.778291449890572,0.849123349916248,0.86970255007142
"3964",0.973809133758789,0.911323694119739,0.959111340088923,0.936305021705085,NA
"3965",0.792298332621527,0.811578461280245,0.859182330231641,0.948054253965869,0.864734394889155
"3966",0.9479518525155,0.849243910982053,0.691944278523483,0.734821470441269,0.865835977457978
"3967",0.927948741776999,0.941168765761616,0.896125457810157,0.880238561048675,0.870678171915733
"3968",0.909592979517572,0.900643800003877,0.769225263343507,0.891353392495067,0.893445848446525
"3969",0.883447322568349,0.896505968774239,0.951340951295256,0.904409119128174,0.81805115175867
"3970",0.977424949717677,0.993782537610149,0.750601361339195,0.838722474089675,0.810615803893771
"3971",0.961324858212565,0.922982563394211,0.782552873654254,0.844461965689782,NA
"3972",0.917825424162979,0.873069042995318,0.860155220808422,0.870645153547239,0.76176517867282
"3973",0.86961316987302,0.888734350723018,0.934113016434884,0.872339376292094,0.853516749871728
"3974",0.937265634641619,0.941849743485814,0.742227223484169,0.760667742487826,0.907588046416512
"3975",0.975830988403695,0.887574496369923,0.707535865679737,0.775378419430475,0.926582410748988
"3976",0.951927023438496,0.980460712403686,0.83262527747961,0.698400584129522,0.764494538536038
"3977",0.946943639395118,0.84459933909737,0.752774284164238,0.834106862075053,0.883022108729824
"3978",0.874551190062302,0.794354951199583,0.855440610306132,0.79536866463255,0.899561699373966
"3979",0.944224341876087,0.828754837282939,0.864572518877903,0.93126170637676,NA
"3980",0.902733499749718,0.918719864919427,0.814413282156831,0.722890515091786,0.797542084878778
"3981",0.936131926854526,0.946584616041961,0.853428918292266,0.877041669795419,0.952203730130249
"3982",0.89524223705689,0.914586198496977,0.842356126256328,0.880129280093954,0.906662915663756
"3983",0.972445888593446,0.928261646064368,0.855631861249357,0.868424410545941,0.99039792363108
"3984",0.942563884369589,0.960467910906972,0.784808568631184,0.866019713929469,0.827161094094917
"3985",0.898134614008568,0.899153451916122,0.833814449674375,0.894043821608851,0.90980499651235
"3986",0.952714135322354,0.960397348678045,0.815359359333265,0.709040911192436,0.866163881234412
"3987",0.955268669431159,0.911098791401684,0.768351543433277,0.832393040170442,0.963355916914056
"3988",0.916870362889766,0.944642508184242,0.952425304049212,0.774668635500611,0.887389483869957
"3989",0.971417681768251,0.982304588469409,0.904862180526533,0.762870678534069,0.879783658538377
"3990",0.967032830163173,0.802615086359243,0.843751079364481,0.776862936390708,0.811667595965064
"3991",0.962504899943764,0.964840847788013,0.894840708521755,0.82665587541204,0.940824138432184
"3992",0.95626601825639,0.980761822012232,0.758606978935049,0.800238823268083,0.934756627198119
"3993",0.980811770393965,0.978966128503578,0.842055747714075,0.882254775975349,NA
"3994",0.960207326150819,0.914905629117371,0.785178087593596,0.720141743174951,0.826211387629711
"3995",0.9325741026263,0.943222254845932,0.865084360453916,0.770474567297349,0.868970976907439
"3996",0.963582492520821,0.9044858049812,0.785858888118454,0.862586985236724,NA
"3997",0.962354853128749,0.973038439342935,0.793887447466112,NA,NA
"3998",0.964525998601324,0.973294370590859,0.638620752678473,0.737713982485611,0.858536440537085
"3999",0.873264121128628,0.877022494829936,0.937536895808624,0.796845508505033,0.83585943773545
"4000",0.957971219450372,0.945608187460009,0.925556414795354,0.715182589178047,0.858892502669464
"4001",0.968670984631632,0.884349091577347,0.761375948244252,0.834816947037695,0.941167903480186
"4002",0.915818136739386,0.830278133813463,0.770203581982438,0.686269120017448,0.803292336618294
"4003",0.95881876096943,0.942786620063525,0.907823742387234,0.765559787699384,0.87379953133149
"4004",0.935015013526383,0.953401137456637,0.729263945077463,0.75202460808603,0.904957089879353
"4005",0.988920687186469,0.927961722180772,0.841144492366148,0.70554911716836,0.849596710621289
"4006",0.913468550638363,0.934432232300431,0.852314913041559,0.669822322808569,0.80741133679714
"4007",0.956787117161329,0.956336622706925,0.883091092169283,0.784703619785622,0.852073472600249
"4008",0.947996627569658,0.948532221330324,1.00394023315705,0.824121048927007,0.95565451547768
"4009",0.824340097415416,0.827134658264023,0.818099776555024,0.708218748973527,0.837255930533507
"4010",0.966801208726787,0.717276456108292,0.801568294239311,0.871065308373236,0.926690437092056
"4011",0.96904430400014,0.892512274446738,0.825447598259552,0.706108515197216,0.834050523531977
"4012",0.928214674118954,0.876809356654271,0.799993537378608,0.707554048274527,0.879059815796349
"4013",0.96457439539202,0.786524122873527,0.769258378807952,0.720521744255327,NA
"4014",0.956096779989993,0.954128038653986,0.883043582054586,NA,NA
"4015",0.948080976201724,0.951244525885968,0.812121325341836,0.795047299445631,0.952954208800068
"4016",0.941863532756251,0.953112629874394,0.736400818047415,0.678650532595212,0.794425199136694
"4017",0.966803843217806,0.982641611566877,0.935876051333118,0.862834802566059,0.837363057230992
"4018",0.976226146034387,0.894657767194475,0.892455461313157,0.790458779673163,0.760400336879509
"4019",0.876735977393278,0.899478409443021,0.830163302747353,0.928214575870339,1.02008771627985
"4020",0.956353363373675,0.977732800626385,0.770659457886796,0.810470781089402,0.927303213364364
"4021",0.971260309057939,0.987376008205146,0.957908338254835,0.855723798057704,0.952406022711607
"4022",0.959980244269339,0.944132577177377,0.961550058148158,0.787526681760058,0.902707540684242
"4023",0.982906826587106,0.824794119551099,0.765795314305442,0.668909381233343,0.795646864253039
"4024",0.85827586081896,0.880127991235603,0.791310635329339,0.784830832749083,0.921426123660625
"4025",0.954389339088325,0.958088155707118,0.761985265679926,0.784151457501366,0.868713231075448
"4026",0.976706250298941,0.979645726137566,0.788859910012428,0.848190254480569,0.912640686247286
"4027",0.978270747675927,0.963684097207626,0.789376606270384,0.716800741803213,0.863192607741836
"4028",0.906590833834103,0.928516518751881,0.758429971704452,0.750045300866157,0.856638110374828
"4029",0.963902223157776,0.834815775963837,0.82533217964603,0.731128859070594,0.806310465125879
"4030",0.941344840936482,0.950361847982437,0.731238919785726,NA,NA
"4031",0.975865087798078,0.997537906704507,0.7880554099492,0.870663625755416,0.849274471907566
"4032",0.944493738134838,0.957224186235959,0.841172228541006,0.758537894042137,0.887628267445066
"4033",0.968575748892673,0.978535301261288,0.772982135684642,0.836781033450962,0.907294190500492
"4034",0.921203690895332,0.934658016093698,0.908407755764164,0.989958206485458,NA
"4035",0.950920477814465,0.965318466272772,0.680202713614807,0.712944670625729,0.774649425781397
"4036",0.962445707301175,0.977644065208439,0.835441413727278,0.893102664766445,0.987256967405943
"4037",0.805309459121708,0.827515218458492,0.684836474919652,0.799507447697755,0.893215649309444
"4038",0.853895258718791,0.844063207048896,0.694617885348073,0.777557004554587,0.914003773089265
"4039",0.975380672146529,0.981611120722022,0.756425055808501,0.833614881488583,0.844692562691266
"4040",0.961959291070936,0.981993540162479,0.672721605165674,0.743281011963196,0.821796441457931
"4041",0.89637882494349,0.86270440120497,0.891913215534504,0.726503043253784,0.599335321832354
"4042",0.98031095331473,0.767156493044409,0.81027081786543,0.814903126026012,0.890122028125659
"4043",0.921942529513009,0.927641874991314,0.83859213486508,0.752450987766657,0.868893929906214
"4044",0.906579905120248,0.924962730307894,0.709067361403511,0.786492875620833,0.901535084663015
"4045",0.989137186875017,0.83967628865854,0.884371845400391,0.843916831639036,NA
"4046",0.879669178026578,0.893177683375735,0.742906258188056,0.677052461641712,0.767341929965081
"4047",0.96513070523833,0.919672599985839,0.888025921191899,0.832049163230318,0.776506147379212
"4048",0.917895996957277,0.926846723491965,0.831195252000517,0.915471221388049,0.926713071076338
"4049",0.961913814545601,0.91534734542093,0.789391819518541,0.773649163204163,0.916161812413416
"4050",0.912532347936384,0.928367129611716,0.816943987547917,0.781797186899133,0.895123792131268
"4051",0.918004019955922,0.936431045740493,0.879289488897613,0.774655834895308,0.886775520721706
"4052",0.897769780316542,0.87622204236139,0.841707285014075,0.716955083967263,0.835415275525766
"4053",0.963601904009885,0.76419905867932,0.706746905205864,0.758603874552672,0.851621340606941
"4054",0.969308631345706,0.955858205266735,0.906858071614272,0.705301368357678,0.854238279720769
"4055",0.965646331861944,0.969781576811773,0.841501639226327,0.843102120276685,0.820315591266189
"4056",0.944253934660992,0.963695959503074,0.853971029126869,0.798905262848929,NA
"4057",0.978844337482216,0.866286217170143,0.898991768123698,0.949121145233105,0.90293915014132
"4058",0.925717969143472,0.935760574651135,1.00006859466044,0.877174598941416,0.913314699630051
"4059",0.845939310296312,0.801542941785085,0.855431975006712,0.910057800988037,NA
"4060",0.966390198693308,0.82322249248702,0.807162663499555,0.806704259430079,NA
"4061",0.965438661054087,0.962044922002903,0.81205558813025,0.706478846637139,0.863698615672207
"4062",0.958384942160084,0.885951394315101,0.935064384309959,0.892348013834149,0.823414483584193
"4063",0.967514429800793,0.981098217222311,0.770139318498026,0.856500552224574,0.956053520988516
"4064",0.964487173615302,0.927492138895581,0.774676107990308,0.830402524769201,0.832280325888521
"4065",0.886078079273004,0.81424091011419,0.876952032043859,0.782288998097642,0.902376850295705
"4066",0.909237916773272,0.916288858102624,0.792305417910788,0.818441276244218,0.821538440215827
"4067",0.954481953479547,0.976099260252749,0.892308108884407,0.951069231409209,NA
"4068",0.972234883818854,0.840053627816771,0.876664922051241,0.748994776779076,0.886633131223099
"4069",0.837152478761463,0.860997696954002,0.909942126858863,0.741348249218999,0.875032867721566
"4070",0.966905654229183,0.900568506569088,0.760157267447229,0.83646812306129,0.922628258165868
"4071",0.971990099057048,0.985296507251102,0.912502564047836,0.768863185865256,0.853516428497409
"4072",0.927127917426095,0.914558778915602,0.725294999672671,0.660010321453522,0.820621105853764
"4073",0.97341668792705,0.98168531752474,1.02777509710008,0.910410349589164,1.01526891750341
"4074",0.961922597687899,0.969494214913027,0.980595927304232,0.801836544205017,0.875177021339746
"4075",0.974073193740396,0.6999333574264,0.597123875492683,0.718732286782758,0.810727280854488
"4076",0.860171042499014,0.744593918187909,0.818551542948459,0.905646003188746,0.984374740596758
"4077",0.840841373755763,0.858727238995047,0.921497076694879,0.7371908046803,NA
"4078",0.964543456658647,0.955245125177636,0.853129793485289,0.927461077360887,NA
"4079",0.948487136439177,0.963237367175545,1.0179378020834,0.741006321102461,0.875595766352566
"4080",0.914396234154168,0.927605766602505,0.739382863455412,0.809798897327843,0.927803745636802
"4081",0.982236365381208,0.957086674949659,0.805393355072376,0.863928788330716,0.893697764962641
"4082",0.936827346074489,0.936859726003583,0.976301765734939,0.763363762366196,0.848463963358999
"4083",0.963977971068676,0.756837460665386,0.683933843718657,0.773707915256671,NA
"4084",0.939158291980146,0.953018375288876,0.892303896897368,0.915693713900888,0.868245480848167
"4085",0.949531665528852,0.955013782542649,0.768298030344994,0.850674287544039,NA
"4086",0.938919528021355,0.960095283308124,0.78985266764846,0.662071042445141,0.84135033747037
"4087",0.930938568662455,0.946369761456921,0.813671827087768,0.885508758700518,0.872021251584134
"4088",0.888961514389117,0.908602972885826,0.945279393321,0.823381175907494,0.829822473743459
"4089",0.962895309305491,0.952183853406431,1.00721895315886,0.883045472682365,0.947740322056783
"4090",0.939639882025946,0.943896742235782,0.763785762474123,0.818115953299321,0.85149751517311
"4091",0.901364953021086,0.875628641316358,0.903079718689242,0.951591995516952,0.768713988074088
"4092",0.974635150864827,0.815230789429952,0.693261783526397,0.781550380875498,0.910094797709004
"4093",0.97429171234628,0.987760544061267,1.01287734196276,0.806741884871909,0.921098810098374
"4094",0.976528788599636,0.991996490622258,0.72457978970554,0.762194923278594,NA
"4095",0.888842080458304,0.897721539413231,0.816240526674022,0.717517198630225,0.8522286196228
"4096",0.899587020592844,0.930012435457101,0.763313041917761,0.803656953469564,0.852485543147884
"4097",0.977412943274978,0.875554131615665,0.742282017199015,0.681234178855471,0.822133175420389
"4098",0.962052052832741,0.758596908338146,0.830053850219124,0.898444111279161,0.949662965314351
"4099",0.856122881876202,0.87027227186355,0.821733706423493,0.877133081280766,0.846811213879064
"4100",0.942636964869595,0.909055461768966,0.854766951766532,0.793062257280939,0.864269726340316
"4101",0.94250427295089,0.970835298664092,0.85385010029793,0.86186853876817,0.910474152085921
"4102",0.961807553402186,0.973592283727082,0.84421172720695,0.749130982170416,0.875280445840498
"4103",0.963929265803618,0.965584952050484,0.828227555783835,0.900530570065265,0.975823877323754
"4104",0.862573607250185,0.834703997671135,0.808796904417513,0.869855535759094,0.82477558837009
"4105",0.947268606603972,0.967727892853077,0.900354118510562,0.679992290351726,0.813989494906689
"4106",0.922932217316016,0.921108075743764,0.82989234226736,0.797461237231546,NA
"4107",0.914015070431903,0.850666460177169,0.847074929667059,0.759721346526029,0.767425061635153
"4108",0.976926023911507,0.902430036680758,0.806277048268567,NA,NA
"4109",0.960717514765562,0.986085375939054,0.725402537800848,0.81888754922554,0.900968794779093
"4110",0.899111334395555,0.81254494701213,0.870557029442824,0.868577625441865,0.976801380134788
"4111",0.95621954617732,0.799717299068884,0.855687734900252,0.924459508414492,1.03649360997807
"4112",0.944123840094239,0.954419136718191,0.742865717444101,0.823340201128027,0.927213770535664
"4113",0.95894474492878,0.893771089431547,0.944509651777009,0.759002646169329,0.798520588335157
"4114",0.964522213679394,0.833630470878556,0.89499416740389,0.793257547325087,0.900319068653691
"4115",0.963933801852013,0.803178880573619,0.877893147474061,0.925632674637951,0.861818148285554
"4116",0.92500033600134,0.917307499889124,0.817785876559056,0.873262780119847,0.793157985308285
"4117",0.969692973757174,0.995421614723924,0.830596864164381,0.918161241605376,1.00654333522771
"4118",0.861574714200636,0.755255385358367,0.757171257670479,0.836538573424563,0.846106731196906
"4119",0.973621705044363,0.975319246886208,0.776383250391372,0.782700597462852,0.951300371944323
"4120",0.96883620194599,0.992192600163606,0.897890929519887,0.97869346071598,0.92014471728784
"4121",0.972018423870421,0.990714306948779,0.90947845497989,0.701692392808274,0.819161249479595
"4122",0.892571350613934,0.903768239850793,0.823781817640524,0.747317512628427,0.867786446237892
"4123",0.907337064922779,0.923395198779668,0.808887449123032,0.707213293017362,0.853327459100144
"4124",0.880490658206244,0.828852815778161,0.754962317270634,0.804306421652958,0.92059762731575
"4125",0.968876945653344,0.969014522059093,0.694170900957973,0.738118556605751,0.900469866916213
"4126",0.936573207466218,0.843695678623017,0.808543495620613,0.674464621634713,0.797089577485195
"4127",0.937205878782798,0.857648597334329,0.794361491566871,0.878091068480382,0.967856420970942
"4128",0.967238121104031,0.910351750990722,0.816476381165005,0.894524116734838,0.999705133544507
"4129",0.976380210169682,0.780395289017615,0.82631434082866,0.873731245006125,0.830789238986749
"4130",0.972319930266398,0.759100860372605,0.720959563175175,0.760608650914317,0.843037656422084
"4131",0.969556756594201,0.951915998868131,0.74148549457233,0.753523464552638,NA
"4132",0.920487848671623,0.93207745955579,0.813916632509952,0.884076901005625,NA
"4133",0.972185934585129,0.913643785610739,0.694571060385207,0.716176872949991,0.833763407424204
"4134",0.958801554348352,0.766689163112773,0.667376720048205,0.727576739128444,0.790900270072481
"4135",0.907816487814283,0.918308624437424,0.918493617419404,0.81494257328878,0.823967062592638
"4136",0.973735516811579,0.989897556181434,0.78159755559865,0.845556487137664,0.904454352062019
"4137",0.905253589806944,0.928849922441114,0.845055085746923,0.870942291623615,0.768379263033995
"4138",0.963473533377254,0.965608642784941,0.841143573060238,0.844920306082782,0.945858137248313
"4139",0.861968968865766,0.758662666875179,0.784996515485779,0.870098790852159,0.99117638292533
"4140",0.915588998898395,0.902024226384369,0.896441200716543,0.96744774827539,1.06293175445191
"4141",0.962214515365095,0.980510948253118,0.686670240840747,0.79463680755343,0.777603368454079
"4142",0.886005985933916,0.912121244615911,0.934181671335575,0.683839242004894,0.805367369928098
"4143",0.896655115606878,0.896552455953053,0.787586636954604,0.752187948347351,0.866837373861534
"4144",0.944220744031027,0.909404893477925,0.703551041185132,0.779643302081237,0.903501327138388
"4145",0.965467076940371,0.98538313215195,0.938020962433274,0.965488616921167,0.912010810740853
"4146",0.817350184852309,0.843207317400852,0.925423747590094,0.949037654177152,0.895418249941739
"4147",0.961943797562237,0.879753128541314,0.948150864309169,0.828565588334148,0.945709171164377
"4148",0.899597158362267,0.92030836495265,0.925719438749216,0.838249506724387,0.963677780822116
"4149",0.894043645253094,0.905039591251492,0.760157680169328,0.867550979660118,0.979932084018595
"4150",0.980633222636969,0.837131576896319,0.892228079292043,0.761636334154855,0.868067443897602
"4151",0.901029976745793,0.82850501918539,0.886744003296112,0.842897008872838,NA
"4152",0.912926590766535,0.930520494569585,0.697820349180865,0.597689095289312,0.786220413447385
"4153",0.905180493962398,0.833217827242113,0.90599325803547,0.785884696143303,0.913360097978519
"4154",0.96397981297207,0.966538054404569,0.867753319796905,0.707590757016802,0.872029634288071
"4155",0.926457880938653,0.935444280382029,0.869353790048535,0.853763499607967,0.987478461944396
"4156",0.959993985378597,0.939178183486052,0.880962752032845,0.86052389952346,NA
"4157",0.913072521791339,0.921084052930597,0.814347738992019,0.839999066920764,0.862225911326458
"4158",0.909179820720262,0.925772123967295,0.903923591677477,0.717102303674196,NA
"4159",0.772082719687766,0.724726200610653,0.797646230512853,0.778197743279037,0.844628423948068
"4160",0.905877993570842,0.915880600878337,0.977383255773389,0.678463365251378,0.81641650668384
"4161",0.937804850014173,0.958960676294539,0.791251962342703,0.853168617562241,0.936472871787717
"4162",0.960507140098586,0.966770090650898,0.813787328658406,0.71383081504455,0.851123025293208
"4163",0.960813208316897,0.877626318952306,0.921307702974462,0.80804749870476,0.800323951046852
"4164",0.93385459548259,0.951501930868849,0.999635388533807,0.78537826708083,0.935096714111206
"4165",0.97928543838633,0.969943227938256,0.982501246026993,0.824456007948767,0.898829356750172
"4166",0.975939335610263,0.834806671133463,0.806059544994626,0.770310598243489,0.883661904631048
"4167",0.903374038314048,0.923543694641447,0.714667363984758,0.792862936177024,0.919238931127816
"4168",0.937118867387353,0.953716101042837,0.719484114503175,0.834553569094234,0.863504388782788
"4169",0.948587498316525,0.897431390984739,0.827854108232688,0.795223177098602,NA
"4170",0.96421530578792,0.855055285744242,0.738550053004764,0.687498146226339,0.873643809265055
"4171",0.910883890593254,0.935067096883757,0.704023948257522,0.772960628051544,NA
"4172",0.942380977985073,0.955889805167009,0.852158964829585,0.894395624838223,0.859947292634826
"4173",0.962976908063654,0.966960452305221,0.91797049129684,0.83036179887569,0.90942213139916
"4174",0.960600495293447,0.940820552151969,0.952280802883462,0.872692715217326,0.974355399081174
"4175",0.93566040911795,0.842598836927689,0.811975052936928,0.798139047370557,0.935269952903433
"4176",0.968588818175293,0.944018892053137,0.885409141024843,0.777206020189675,0.852757439032529
"4177",0.966770129039957,0.950023862029738,0.862916698355676,0.727622893132338,0.876194478678541
"4178",0.961733090744304,0.906004565850672,0.949699538964669,0.822250468388964,0.941118608593226
"4179",0.941901493176013,0.934167821737096,0.766981786221166,0.752025569172638,0.861871413639708
"4180",0.944249420212679,0.957151846230504,0.839854121173216,0.819949329219692,0.889684008246603
"4181",0.977361334260448,0.977423553586861,0.844822547520722,0.822679619535134,0.798009095598442
"4182",0.894988222885142,0.908681409191501,0.723952003670357,0.791501407346805,0.911311066765823
"4183",0.974617323287903,0.824135065306949,0.730558746766158,0.825136466980536,0.957130459452243
"4184",0.943487020033254,0.961614401997466,0.874613632021169,0.949361514686854,0.919150595030969
"4185",0.86510751522634,0.884445185388703,0.894868630895675,0.8062387123245,0.903626827993013
"4186",0.948176635984641,0.96765094016514,0.841097906926537,0.915737368915817,0.940746409572198
"4187",0.97959925817133,0.903213607424855,0.872162008008562,0.782006249388016,0.912119675694298
"4188",0.961286712920845,0.97611798493447,0.790085007445182,0.686355640707425,0.785080717456067
"4189",0.93837481171829,0.951036011338262,0.676142361830107,0.696353050510288,0.829933610337625
"4190",0.861092410175817,0.888402342574546,0.960873608249971,1.01513697083807,0.978266941379294
"4191",0.92933831456568,0.944549303638543,0.788723544300769,0.731999384893204,0.862678497351058
"4192",0.952809657418159,0.772852864158085,0.764138065944736,0.82661893685203,0.928320843296204
"4193",0.974028998198974,0.990220006391295,0.826769258624486,0.661654341830746,NA
"4194",0.963775072663923,0.97768603399943,0.906855506954235,0.84958283355227,0.873343816090506
"4195",0.968072635859347,0.996353784100323,0.778160614700227,0.84039789583398,0.956343806640218
"4196",0.980558096124604,0.983167257872278,0.912728147253044,0.950163852222058,1.04622322502664
"4197",0.98035202323997,0.892856340322813,0.771370362177455,0.700507670335424,0.83034066377157
"4198",0.953537731330942,0.90534028647397,0.782207972685794,0.822374936321918,0.784395713385535
"4199",0.97094730454402,0.913940874124573,0.880636677639745,0.821589558652918,0.832649252210113
"4200",0.959005066243886,0.978468641248059,0.774268838335188,0.80768233552976,0.828348345293397
"4201",0.933945737426964,0.947742109581725,0.883341389282995,0.737065764769018,0.852461953319339
"4202",0.874005975504553,0.841434568964101,0.888040765764822,0.71492893704405,0.886757315453804
"4203",0.839691489725679,0.856322712815892,0.629311022807875,0.740483323455388,0.842025119364073
"4204",0.969506313494729,0.879923601017875,0.940067549235622,0.899919695005725,0.822310397689089
"4205",0.9712967670225,0.990169076212946,0.8403307694485,0.769857081590391,0.886714053961574
"4206",0.975392395587296,0.980266788490503,0.916132712275735,0.705906802361677,0.811476027541181
"4207",0.970088333593081,0.74563168984553,0.825271435318262,0.887221701828398,0.923936383355303
"4208",0.893138131514916,0.879395300371156,0.820134047944893,0.83730379741295,0.768937720731082
"4209",0.961366695790867,0.855680573686731,0.806417017259812,0.816931222814489,0.898928177431524
"4210",0.955628870359432,0.970248321763663,1.03367177073809,0.731711972285103,0.891450440013091
"4211",0.945845173509834,0.960878218770988,0.866231090911444,0.83908437003811,0.8587247078732
"4212",0.936523760186082,0.895885283211928,0.770725248838351,0.71511982751018,0.872104721028541
"4213",0.97023363767308,0.753976076034574,0.759795575492501,0.851240695652688,0.961383086105288
"4214",0.977530453663718,0.97766611148376,0.829309779997715,0.708811012727701,0.844026806477316
"4215",0.954469035910889,0.967047810526817,0.785418363748106,0.846166175989321,0.934125287333831
"4216",0.921014416332261,0.935288214697103,1.0015569371783,0.780177395219046,0.905718581397491
"4217",0.957064054321921,0.958517493419509,0.781281717980615,0.866197285561214,0.826335443458486
"4218",0.946756731521283,0.963687366374843,0.837144576919579,0.901659765733581,0.78510466243853
"4219",0.928796417837767,0.742662119034568,0.740939384424029,0.80010960538943,0.917575693830641
"4220",0.896536729982372,0.912282159499824,0.872602957810108,0.936029866447541,1.02549583534893
"4221",0.97434203373751,0.880472103683991,0.951188161016279,0.888739491906282,0.995724452186699
"4222",0.939456905978982,0.839971752072239,0.706150242974854,0.82240321716865,0.913656111186847
"4223",0.921110361683894,0.932886291996212,0.680960011342178,0.768469175443685,0.915938362486894
"4224",0.945874544793426,0.932703471207588,0.694345021556022,0.788782550837105,0.642014008958973
"4225",0.868972705446985,0.883726667348339,0.809235469214233,0.767809818214598,0.905759683321059
"4226",0.967106597559773,0.832524507933292,0.893210768423359,0.794107104702784,0.922704425445319
"4227",0.980310509191951,0.958042943392646,0.672366754196762,0.696586529218819,0.872461429582766
"4228",0.948629501515586,0.947344637317292,0.760253516125389,0.758259222752735,NA
"4229",0.956175909329559,0.972430890016698,0.840155554995583,0.816600950226931,0.938817695469003
"4230",0.970976728444082,0.97359725507266,0.809226244032038,0.756187005035887,0.905318642124712
"4231",0.898682751482734,0.891527140210437,0.847419756245667,0.866794099187353,0.796418446052577
"4232",0.934494775878709,0.946430297661087,0.805960309641391,0.88045751674908,0.83066205923236
"4233",0.888434692594928,0.898472600654393,0.778942362632317,0.801885600046896,0.921131554424681
"4234",0.923023632436706,0.936783945651319,0.997296440559809,0.898394548679444,0.842742385871756
"4235",0.96116066578162,0.972093715955376,0.874786287949267,0.917025031812563,0.862213178321759
"4236",0.920141678913808,0.938787809334936,0.714560960493966,0.74807531933982,0.846996342981455
"4237",0.914912110294641,0.872613210616354,0.943446149781806,0.774630514694941,0.90543021091718
"4238",0.963308465955453,0.838059389222488,0.804727939102889,0.820589011502283,NA
"4239",0.857215851157097,0.880710154893231,0.72878415780529,0.733722639399255,0.88777100942089
"4240",0.896198866111679,0.905388864905626,0.765260840421136,0.728699229312776,0.895394734369941
"4241",0.935080378777435,0.897768007258028,0.70216127478936,0.659697926047461,0.821013659867951
"4242",0.896640273699493,0.913723669280758,0.797144991932349,0.786362015154362,0.911488046857218
"4243",0.963220823765934,0.966953616770942,0.828025337995447,0.907993610031728,0.946808509577968
"4244",0.895063147719136,0.915308067367245,0.7742409691169,0.777509004600588,0.875681880127131
"4245",0.945981490255983,0.943253943945902,0.699025823698875,0.761086299357972,NA
"4246",0.895404579154278,0.796141915425657,0.88210974558438,0.751028220228559,0.766762626919631
"4247",0.968566704148311,0.983044904198405,0.724498759189762,0.663146828005594,0.741316559229146
"4248",0.892323992258275,0.909282426795199,0.903404044798282,0.81772498904893,0.846016700463678
"4249",0.968738765256443,0.974097851949018,0.918724681589958,0.773581589974725,0.891129248728184
"4250",0.960973493484916,0.956602606956729,0.76236667224481,0.717962651362109,0.832225419814684
"4251",0.921246478609436,0.942759013949297,0.850232961692661,0.906329280152229,1.04682993598697
"4252",0.863432974523587,0.829983307049926,0.902360281783805,0.791331093918119,0.907753264052531
"4253",0.929435993335619,0.946943383616588,0.886987273151381,0.778128217821901,0.929100994129687
"4254",0.908349509211174,0.882280495385577,0.847892156847568,0.79414280558948,0.860687916427858
"4255",0.923219857709496,0.940832961998289,0.952415012165567,0.745320875026434,0.879486610918163
"4256",0.981931387802328,0.702641925628471,0.751933348270025,0.682200433630207,NA
"4257",0.963468109350007,0.910536889209231,0.937944560579476,0.841507635078193,0.871115985051776
"4258",0.981264799722924,0.908983440195573,0.869632848199666,0.830551757157895,0.95685529036911
"4259",0.886097448102768,0.810524959377292,0.893260046881194,0.743907727970754,0.739744119603672
"4260",0.943787530511424,0.954537334712586,0.940058741410476,0.757427936339531,NA
"4261",0.974842596503692,0.996116039569031,0.770471046614176,0.847864748159039,0.9035621210661
"4262",0.896646651080366,0.910752769645126,0.807874718445293,0.863435379750271,0.995227103572113
"4263",0.907106191657878,0.93114509211657,0.839216049555577,0.724637426828822,NA
"4264",0.92135857085022,0.938377405956988,0.870705991847745,0.760051536999584,0.842406902233548
"4265",0.984010002088091,0.98509576823561,0.817061303465864,0.849527723807307,0.940030763870688
"4266",0.946802977169448,0.912519010794252,0.807712758478785,0.875093154817529,0.84575940347372
"4267",0.837804752093196,0.819082824645659,0.687649733714001,0.745290451196598,0.928241491930685
"4268",0.949765648945042,0.945384947946339,0.708784286895916,0.755675320449626,0.826592238510498
"4269",0.974731679426543,0.856474784444698,0.871912413290265,0.648121298875945,NA
"4270",0.960845860475385,0.958122040056422,0.893168754345565,0.768104254631664,NA
"4271",0.971990418463381,0.960011771438524,1.01088641352783,0.775589530352622,0.881705852822359
"4272",0.938733137688741,0.958524206761907,0.782481613168043,0.873773087450519,0.93050934542796
"4273",0.967458705811824,0.932203039921752,0.930959346256217,0.958894233704863,1.03276214749143
"4274",0.917809631656937,0.878853223632326,0.898941891087107,0.778571543779588,0.894073564501511
"4275",0.986246206701957,0.964710676736568,0.729090032750839,0.797629211489005,0.884101951414598
"4276",0.911915962232912,0.844354717196767,0.726955035008765,0.743692486335775,NA
"4277",0.96779047104341,0.802946990141896,0.798207095890655,0.868596837091736,0.914682150422591
"4278",0.822172805491817,0.791616056898101,0.840807001233899,0.93868435794006,NA
"4279",0.945519216920169,0.921834915397118,0.918235541118399,0.839565448681243,0.921080131346909
"4280",0.959287184828317,0.976022033674498,0.871840087659983,0.645876529250316,0.787829806330351
"4281",0.977857496242063,0.9158674575776,0.891307885567676,0.713269129891375,0.888385799099599
"4282",0.962687936710368,0.82890755756074,0.845611753904847,0.868053008409227,0.911048794502739
"4283",0.969135372299934,0.982470806765148,0.88393074058216,0.871240389327435,0.963913348321963
"4284",0.924441248607505,0.944154055764832,0.819552790982194,0.736884117731305,0.911903777956467
"4285",0.959488131672054,0.916729870187747,0.703233291138213,0.819171363912453,0.907433920582798
"4286",0.971514798630467,0.976740350527502,0.854919563298658,0.851261208044872,0.965826603458332
"4287",0.974362999684393,0.985216818444568,0.891467547884963,0.927979058052034,0.995262879871242
"4288",0.93177841164768,0.944158200953315,0.820307681951971,0.804215670330955,NA
"4289",0.965658616157085,0.977522524120401,0.851101304671243,0.800656256065134,0.833099603790504
"4290",0.821543431814027,0.83069694698624,0.823198994454124,0.75720283074816,0.890570888769506
"4291",0.967294994187711,0.984465865708692,0.655967381971176,0.737255599538665,0.877849919911118
"4292",0.893949234829565,0.834550983269921,0.722271845346935,0.807829184864319,0.842196269061147
"4293",0.948374021844325,0.966357149422913,0.855992118852217,0.71037778624489,0.840954247722333
"4294",0.960994405524874,0.817651437609803,0.78752879971686,0.820030834502508,0.8891153695143
"4295",0.901185270744988,0.917700592279027,0.70300613135636,0.799900562348756,0.894295458715531
"4296",0.945661651291,0.800430037388432,0.862261454429,0.762131869674721,0.904905695314201
"4297",0.96590196798336,0.9833528053793,0.778415406095563,0.835863375724468,NA
"4298",0.968058451615291,0.914250646903656,0.770167212795461,NA,NA
"4299",0.967628022123991,0.885347598846876,0.698992832283101,0.786403279828273,0.77335009729898
"4300",0.957031726147812,0.916601440038602,0.823562711495447,0.709277171160477,0.872954069181233
"4301",0.934675950421905,0.946213385749435,0.955777468916269,0.846418557647868,0.982056812346836
"4302",0.94154842229694,0.778491219577943,0.734544559883772,0.807483761892879,0.873560019006882
"4303",0.972430531152121,0.876982977520012,0.933267068126251,0.698348674084497,0.8436003213094
"4304",0.945004162572493,0.865620346380915,0.810276706315356,0.728755362747915,0.8041386171591
"4305",0.945287272282481,0.832773081725974,0.89432451299156,0.707896244727413,0.77012225407502
"4306",0.940303369665119,0.953904543421641,0.76970953191416,0.700386897685423,0.78372596873852
"4307",0.918462846156499,0.933473359366629,0.91100030443394,0.942122138866316,0.933253470590322
"4308",0.957862616938048,0.87628378000419,0.723680125317292,0.785732940854264,0.923639744755257
"4309",0.93454179724962,0.874505323691873,0.798808096831108,0.847755627296208,0.939744231580272
"4310",0.969333668749957,0.838833502378681,0.821662895931311,0.785525237663625,0.887802889878785
"4311",0.965773990329096,0.93435510395698,0.982141575949938,0.685653159360066,0.807083209404281
"4312",0.92010814591662,0.929893669194077,0.90349778197261,0.975477803017397,0.831277859802699
"4313",0.979423591831314,0.917252203132556,0.879019810058155,0.93849429962422,0.822507015095991
"4314",0.941934312836507,0.94672757996592,0.793915337597118,0.681619087386008,0.807890308420796
"4315",0.943138160269295,0.892652674826504,0.67355434936721,0.789568752349051,0.912942908071077
"4316",0.964753679150336,0.950502731578118,0.919830816199746,0.754175370294609,0.88556887617066
"4317",0.987337951566026,0.881921758069583,0.852774494971064,0.717058890367798,0.847319376940576
"4318",0.848137764602166,0.860092867289567,0.710867901532274,0.800171836293096,0.863155776023731
"4319",0.920794366610171,0.935298750851982,0.696806611489026,0.796935838939651,NA
"4320",0.931152157004126,0.727520115035903,0.804549750668021,0.696701753484791,NA
"4321",0.966473236786023,0.695592200520232,0.650288167237003,0.747893571231922,0.854986524926524
"4322",0.93374395462771,0.95681243430518,0.850471696613459,0.857061220311676,0.903613857459405
"4323",0.928627834703685,0.95730766175981,0.868274991908621,0.691558987327839,0.765277330451278
"4324",0.931170443396449,0.949706817901891,0.765155466672509,0.854002625228177,0.788735414941878
"4325",0.968387334551326,0.936028830316962,0.842511130326995,0.778932870890567,0.877882042225805
"4326",0.908550241523532,0.926115445296696,0.884138579941676,0.888997277290093,0.772108720007878
"4327",0.976019431578764,0.889893530058491,0.70942795844254,0.762238642321901,0.824838897223845
"4328",0.934657763158403,0.861114523498832,0.801990105004874,0.860759318261628,0.855970308890353
"4329",0.972185897598973,0.884586130660137,0.823370252177858,0.735342454151587,0.90163091308931
"4330",0.900692103096518,0.914867166050292,0.751335013221593,0.823008577677947,0.932187896194492
"4331",0.989142723309821,0.975414167921905,0.918771952134429,0.695352721432139,0.798575480716681
"4332",0.949028219652461,0.965042737937695,0.765721768128659,0.851202300275175,NA
"4333",0.946739230291366,0.802736482060673,0.867513841680011,0.944735046704834,1.02133036860924
"4334",0.974022376516169,0.969370915631282,0.909201605665603,1.0082243775944,NA
"4335",0.860614065369214,0.880774971740856,0.812125053978911,0.841313332109164,0.943981142128379
"4336",0.968514591917295,0.986405892991653,1.03035894422263,0.935952167765259,0.964358002311375
"4337",0.966308061630522,0.892405209463492,0.956719000627662,0.770960958827539,0.900390351155753
"4338",0.945640041311837,0.972878881670692,0.8738454021061,0.966743946558308,NA
"4339",0.923419245898491,0.940978215338924,0.786898691587013,0.778261282753703,NA
"4340",0.97520764911172,0.888812249256408,0.925742719085951,0.699728933863588,0.811167336552052
"4341",0.937616138416074,0.951881620335903,0.674028287988072,0.729539582130244,0.882778518403574
"4342",0.905684080701506,0.922337434883992,0.92898683022758,0.725020452134084,0.866210931940872
"4343",0.959868723957913,0.977306663804374,0.764199702834654,0.847730183265849,NA
"4344",0.900874229140801,0.718228671403451,0.779941812397815,0.782238176685076,0.834686166897813
"4345",0.956864917892201,0.97189195734982,0.823236485905886,0.904156052608272,0.971154325747922
"4346",0.949254426036898,0.888553372548988,0.748884809272848,0.7005569005598,0.840182014527926
"4347",0.946102041763111,0.905736863131781,0.907820019680115,0.782458566952956,0.924792789193179
"4348",0.959767705398239,0.981682938598551,0.866040387482083,0.907484159028452,0.944581224860606
"4349",0.947748165421634,0.864009007674353,0.775389736019336,0.710328841088496,0.866618614171886
"4350",0.981701416833732,0.806962313134267,0.861454729306556,0.740084206032147,NA
"4351",0.93729148047096,0.920536783474356,0.981417037913143,0.980271266675021,0.895062928739266
"4352",0.966028129698291,0.939474350067669,0.893882478022292,0.806840793550704,0.914995519076464
"4353",0.965245205066366,0.895706132402415,0.957858923418084,0.71103411511267,0.878554554486668
"4354",0.98394794945571,0.882566521095734,0.943837234658286,0.897529671936446,0.91089897939301
"4355",0.954002578094816,0.84227266423284,0.899498113680317,0.798506045454688,0.814843072284018
"4356",0.930302716273233,0.907264809058987,0.748385808846764,0.665464406033645,NA
"4357",0.868147484194745,0.888394328408563,0.801308407615304,0.879521780171419,0.951572564905778
"4358",0.964690907996039,0.978410635182468,0.767969655948556,0.7470680346595,0.890948181276634
"4359",0.942896197538233,0.935625504021155,0.819762385736731,0.901334804733911,0.877431286597122
"4360",0.958346692009818,0.80916261684576,0.784255107780115,0.805824320207836,0.938772562782624
"4361",0.951975097899696,0.97137943128842,0.900061164770853,0.783091508035248,0.874320812323203
"4362",0.9095210674443,0.928522310050462,0.819515975268252,0.811011202441391,0.909872040833021
"4363",0.959966918561342,0.976737098593461,0.800129125308218,0.790228935314762,NA
"4364",0.93712737638674,0.853595132244178,0.911269919541954,NA,NA
"4365",0.928806930838595,0.955390594128421,0.873393227788512,0.81330313880184,0.924085418242759
"4366",0.95187513856006,0.87279880369265,0.827154076238987,NA,NA
"4367",0.96029927793532,0.96162415390755,0.908778166242658,0.880155196598296,NA
"4368",0.964510906688903,0.980232004016169,0.870547225704367,0.847293870799108,0.955984811546768
"4369",0.980589137678598,0.963289897399235,0.959185667307099,0.82458279859765,0.959574387647411
"4370",0.902773423245235,0.766206550028552,0.77566863718622,0.740306383189827,0.862237726609037
"4371",0.80446359458323,0.778182627191821,0.718271456288856,0.816960988278886,0.909819773687194
"4372",0.972363406039985,0.945584649363074,0.912311914535785,0.649187278080993,0.793001152996303
"4373",0.973099675769856,0.990308963483097,0.917674456230909,0.896019608292854,0.916479146000325
"4374",0.934617267224588,0.936342127364043,0.912807662971704,0.671524516063812,0.744253183245463
"4375",0.934528808152762,0.950197369829439,0.993023410884471,0.823316941934598,0.847358989685208
"4376",0.834802290221504,0.840087662886354,0.747708834569011,0.759791681287134,0.899398010081892
"4377",0.967964073792466,0.928130594992776,0.924744795210064,0.826355170252842,0.941147986761256
"4378",0.978104514619815,0.79428266154991,0.832852679567287,0.914090269034418,0.992499197029719
"4379",0.972036777645695,0.916217705276645,0.984433473506813,0.692780661275747,0.843772350901448
"4380",0.961847412289416,0.771100235817495,0.846552991649921,0.874412497265905,0.789878863836701
"4381",0.835967963269254,0.85999419417837,0.877574493144642,0.901218252557244,NA
"4382",0.906415616200257,0.927144336187442,0.980919467543939,0.77789882240186,0.921760073945518
"4383",0.94482073277003,0.947784463184123,0.999145658733133,0.791552504816734,0.889807965016561
"4384",0.966162136545352,0.889092600668383,0.907069889709177,0.861620397509721,0.881800150277608
"4385",0.943158560372471,0.948240741478128,0.759087245646514,0.648134882550952,0.806811446504125
"4386",0.948795564461998,0.947804857872287,1.00997255067514,0.777025814111644,0.88358103660163
"4387",0.965529026609976,0.896805327959769,0.961548092618665,0.780803424368942,0.860326446195288
"4388",0.935417275222577,0.947790049165607,0.76522968506623,0.84942977245837,NA
"4389",0.974517279624185,0.962431602343044,0.855111745937107,0.930349601009958,1.02364536203895
"4390",0.963495220233644,0.881530983044403,0.884029145626649,0.818301701507817,0.959145199577517
"4391",0.901406770585742,0.913668272961331,0.891204870731209,0.880310629447203,0.963893597742229
"4392",0.921235627175859,0.871823419004701,0.815082539055086,0.74012364699823,NA
"4393",0.884569793759478,0.903281379248576,0.934149604001481,0.972468634616814,1.11867644378741
"4394",0.973648670166995,0.953043648321749,0.794648907390109,0.819112443625034,NA
"4395",0.965669541148569,0.956383565936216,0.762489047175645,0.724789241084998,0.863402229054961
"4396",0.960351450555749,0.690123501852251,0.730232775135857,0.817393759162596,0.828625175606576
"4397",0.934627819628689,0.950357638485078,0.7573423702665,0.823254886840193,0.769232778041641
"4398",0.971237261899206,0.96012946825092,0.878936532447438,0.882440721238773,0.92656194003429
"4399",0.980002751417379,0.96802125942289,0.758740052180588,0.823392733855592,0.78316132194682
"4400",0.978108877138226,0.988463602284514,0.946167007632067,0.802128165495036,0.903537927151766
"4401",0.854564617440427,0.875448743026909,0.731156177409866,0.831186366837016,0.954233808545122
"4402",0.872038808917867,0.733237361006457,0.72541851061548,0.754090883425975,0.725603310775032
"4403",0.971036216038164,0.846432366190086,0.911699759349747,0.877131921857973,0.982813871386717
"4404",0.985093952393546,0.899883506532698,0.814485178335911,0.696516907313827,0.84772037232475
"4405",0.892167379707722,0.905467242486695,0.885909561838569,0.797397438214119,0.717847073425759
"4406",0.973725809218145,0.905537480955604,0.885976947067406,0.866434135176861,0.844654421191077
"4407",0.956316276471521,0.913184691737594,0.823461321639678,0.808580584868856,0.926897026720908
"4408",0.945945228547669,0.947211421296202,0.995964648646393,0.656251260923477,0.813375120249399
"4409",0.859468239255117,0.877012876701824,0.930353472111526,0.671441264396151,0.817102258796106
"4410",0.974346116600298,0.876572312649172,0.755312069393827,0.744205687776701,0.846124407087382
"4411",0.964274280520431,0.740519174132031,0.797560966521405,0.871563554345212,0.805555704294821
"4412",0.895049700326418,0.84977563196469,0.855738474097927,0.751076048645644,0.900196663019566
"4413",0.969750103217773,0.985289959666915,0.895905896524627,0.773686650312105,0.899708092525309
"4414",0.928475951525797,0.915941045998,0.987302740814145,0.959140944375414,NA
"4415",0.962242831250885,0.876097464083643,0.921912862576978,0.712459539303025,0.841618694111576
"4416",0.894079155989873,0.873605092335972,0.77634545649789,0.814013301895311,0.843370044052307
"4417",0.973339793199853,0.880783157686138,0.84639894240983,0.648509264836549,0.839341822172193
"4418",0.933837580482765,0.967633553150558,0.851010929781153,0.807215894351913,0.84175528206533
"4419",0.947776242857576,0.969089590035136,0.83469543829395,0.788802894940959,0.888200323238113
"4420",0.983893793095849,0.7791462897387,0.849235828705168,0.70011299397541,0.823597766909088
"4421",0.94330538448647,0.952806650567126,0.914055531023534,0.767750082330163,0.896454185108997
"4422",0.973518200642392,0.915347189448181,0.797997576942745,0.845795119100577,0.908763389104592
"4423",0.871542732886232,0.891462706227612,0.739114431575734,0.787475359817079,0.853267541635531
"4424",0.874965818973581,0.894230962421862,0.937518452336872,0.91033728404805,0.878371072863825
"4425",0.962764892044521,0.960567623885065,0.749157481133025,0.825349559679939,0.902578113947192
"4426",0.963969092091274,0.958089846865386,0.830664413694067,0.774989096728397,0.847203958312812
"4427",0.972936139693047,0.958166989869678,0.888945209452474,0.76053001695396,0.888795587119659
"4428",0.963441042409842,0.954778302229871,0.773688976306006,0.836537316579516,0.841377704626339
"4429",0.966440526354022,0.801812371582069,0.771170749359926,0.776278938630033,NA
"4430",0.950841247890354,0.955713410220292,0.610876305416016,0.70986989159763,0.859929521190959
"4431",0.900848611020714,0.82154185212772,0.723693947205731,0.744973450037635,0.879432924333783
"4432",0.923641171768135,0.903944702427339,0.83442679223428,0.67536213633712,0.803850800304038
"4433",0.869114302274293,0.882197628944862,0.65857459899927,0.688587263589852,0.78424309832354
"4434",0.952315965063697,0.970999952799178,1.04559575336881,0.915661516229737,0.894105184921685
"4435",0.96189313933292,0.981839518096457,0.869353463247961,0.73962556292112,0.79888417537271
"4436",0.989889729027837,0.983233776564888,0.787950013139507,0.861647442202333,0.867745313482752
"4437",0.926358737062217,0.952979857391831,0.950186829493794,0.792799156101661,0.875745949508119
"4438",0.984615000207425,0.930781155095718,0.998507146593318,NA,NA
"4439",0.970919332013492,0.968120579043991,0.911954866677726,0.716287842516815,0.829373682069598
"4440",0.956424292832589,0.966242308549317,0.880199407642718,0.798584547139384,0.915823125947294
"4441",0.955535166654792,0.920909497120518,0.961775014921658,0.75193180901179,0.917242500594502
"4442",0.967236997584096,0.98716916381324,0.876787578158918,0.974490607002282,NA
"4443",0.98202867590947,0.988073891222102,0.930622377061777,0.798348799513816,0.917101957788045
"4444",0.928338948530125,0.768008630655789,0.742766331668365,0.673508835548927,NA
"4445",0.912941714698652,0.931368393601096,0.754765717993138,0.808483993294539,0.886643239119875
"4446",0.919344106571794,0.930588932823548,0.782325885213029,0.822271205941861,NA
"4447",0.961266604163096,0.932955116764257,0.987534363169278,0.654798243346088,0.795808806792454
"4448",0.830232346335496,0.834194912518937,0.726671323969061,0.829239861519068,0.905650874134158
"4449",0.951839754076739,0.966045683011259,0.739157205823628,0.806635707387093,0.806377284791018
"4450",0.922609951542839,0.944398481774443,0.747661576693827,0.730681721139344,0.868877160533655
"4451",0.960504515845008,0.866542385157008,0.809575443838864,0.892551789493864,0.980678757412745
"4452",0.970864597936067,0.98351377135655,0.77248761541499,0.761040207248484,NA
"4453",0.945677283587588,0.951318370568796,0.825959577374409,0.824092751019506,0.922218250208918
"4454",0.896453407947138,0.905436841372199,0.948312229581644,0.694855114983877,0.811596893652949
"4455",0.979883779660067,0.881345872184794,0.866950818388988,0.789900776997303,0.909144563021691
"4456",0.967599042197713,0.98117201618251,0.848903106667321,0.809706538757067,0.81745984511686
"4457",0.980288851047071,0.919561692350469,0.693466854367269,0.815093437904343,0.892436827280677
"4458",0.969798614043871,0.877671705821382,0.755296741954972,0.828559848483195,0.902423731702011
"4459",0.972178331060487,0.91775360441448,0.897395973960881,0.88742535285235,0.864147995942159
"4460",0.920282633449197,0.936937501467121,0.769825066017288,0.65208667137597,0.71747282927503
"4461",0.910811556229941,0.814530641854594,0.797551849858211,0.720574504850779,NA
"4462",0.977805867282288,0.884914577520388,0.875036550404655,0.767576289322932,0.892572639213176
"4463",0.932124081544681,0.952742166505109,0.810606811463791,0.778906642428081,0.860715649811781
"4464",0.942029110502404,0.873508236932997,0.850174020529742,0.911517368220038,0.905470621699398
"4465",0.971288494652991,0.979638292858879,0.804887498890456,0.819729324402352,NA
"4466",0.834214734338314,0.868352160816044,0.881232937941247,0.826319953843379,0.891744017096756
"4467",0.972539378113288,0.964164526004917,0.769610065761662,0.845871279483832,0.977553985577413
"4468",0.938045666483395,0.876270577825115,0.756639613007964,0.764530960632939,0.817422087323358
"4469",0.893790098725494,0.909933590285938,0.759765563676636,0.786596018411736,NA
"4470",0.977781020886767,0.82285855923155,0.822043199799675,0.846189838969396,0.954175084677792
"4471",0.938887735478547,0.905883429313739,0.93514536198405,0.783468828926591,0.911701526187863
"4472",0.90491009002205,0.846947387702661,0.680468861356778,0.808571453798182,0.877484128564178
"4473",0.958679821791477,0.978302332247183,0.797496162538716,0.844405185654368,0.817819307608489
"4474",0.941574696094013,0.901544685313586,0.748210800015861,0.854418061778811,0.965946612940636
"4475",0.978015269938187,0.977515699806674,0.804689429294482,0.826219483137535,NA
"4476",0.963601223899483,0.964277907330186,1.01912024730365,0.843636699498404,0.895454645019172
"4477",0.972384830422992,0.832194871836237,0.74316807432712,0.783395491815885,0.810679400361254
"4478",0.942568518425073,0.947481807087029,0.677479194015386,0.740848376534534,0.878765296893536
"4479",0.955418290376283,0.839728796396485,0.788797922383257,0.775922966584282,0.901810903788678
"4480",0.964770769949885,0.8762272580252,0.71950501837073,0.766930159091258,0.90309162713831
"4481",0.987366613403859,0.974022963933416,0.869014454918041,0.68358133806076,0.832138247185256
"4482",0.973520005274583,0.987178873950215,1.04575402030383,0.733057728361284,0.892661296177364
"4483",0.942876356033272,0.901093862034113,0.903565307362531,0.915774341154382,1.0353357605548
"4484",0.965448508283032,0.98002657484602,0.882360603970222,0.944227318680152,0.982489254428854
"4485",0.982943842085683,0.926470507119524,0.839114309780644,0.789099593006445,0.763997520920693
"4486",0.972075375948816,0.793520295637954,0.86149033996063,0.887993043029604,0.946753527269532
"4487",0.968271314257874,0.971263777263462,0.710755804729234,0.815160471435984,0.937426470645742
"4488",0.760437029983536,0.748119427957773,0.734648142281139,0.757012208531604,0.89468167855978
"4489",0.977651832279117,0.982653731333323,0.852704737076993,0.792692868674138,NA
"4490",0.982050725462358,0.992864723727854,0.713695345331355,0.7927221844945,NA
"4491",0.889334465804353,0.906502161502658,0.882355132447018,0.822701032056991,0.959329471714491
"4492",0.977784926950966,0.985238952353519,0.774321871516027,0.770669081564016,0.888820847761557
"4493",0.961965212352386,0.884788984483206,0.959404779606134,0.714134282550636,0.856465394220308
"4494",0.961155661908623,0.9632470943135,0.787964414637698,0.86089226352589,0.841429105013972
"4495",0.909851261330223,0.920180990364041,0.79436404290251,0.868424964205499,0.807774805085682
"4496",0.803428927744964,0.794293368376114,0.730809508502675,0.787104620006823,0.890273592686957
"4497",0.864199219737019,0.841563812971443,0.810384578280722,0.697049972271573,0.7929952386465
"4498",0.972312894417979,0.98611945439618,0.82722031448617,0.890652707470555,0.861504269133841
"4499",0.961866937044577,0.888290156113082,0.843924514754636,0.866676843817599,0.871436851776279
"4500",0.944800494744309,0.954947917849151,0.947023210869323,0.896007755895429,0.779962822868943
"4501",0.980912698121666,0.906996940991964,0.745069131671357,0.79835285220577,0.901445833754721
"4502",0.960295876044504,0.877399295226282,0.902714768832956,0.838598181061576,0.885975380285268
"4503",0.960537398388913,0.977950756375521,0.812390485751958,0.79530484756166,0.942018434378385
"4504",0.964911890514868,0.955414786447722,0.918540417810464,0.725153899396823,0.87541959871526
"4505",0.975799679250328,0.9482794004555,0.897552742481094,0.954069075224169,1.0567639335513
"4506",0.915236440219753,0.933957845620176,0.89435994940307,0.782411915441144,0.899399907958716
"4507",0.964252442465623,0.833359485985302,0.890250102288426,0.801928667308952,NA
"4508",0.963366497957324,0.985689552458844,0.820234015413674,0.853201097227979,0.849789605365027
"4509",0.984631410181044,0.990754607706925,0.887488731750958,0.653101902289949,0.803944846626269
"4510",0.898852736514903,0.919224445373216,0.759624382812726,0.827294902252341,0.928521899150544
"4511",0.974736117845048,0.990178909894864,0.682493863471014,0.79291957438152,0.832409702246311
"4512",0.925906405419671,0.941854457082672,0.996403063740592,0.719764018019927,0.837998525309919
"4513",0.974063338564302,0.977931635574937,1.03157789693902,0.789540241065984,0.831315002616815
"4514",0.971447410354748,0.914461700606644,0.846172371271805,0.765678854051558,0.939876762424351
"4515",0.922510295514423,0.848133554320836,0.830496158324953,0.91010857029446,NA
"4516",0.890775154299143,0.907999510421682,0.959708357544506,0.752558026070074,0.853577744847839
"4517",0.935208185210092,0.95590432657576,0.78015080597404,0.889171954309681,0.813976116300145
"4518",0.871513907411617,0.877283061284089,0.892454486540452,0.804560224970695,0.926240706506563
"4519",0.889463239792212,0.869981795701915,0.714738565243837,0.7587062429812,0.839599833594275
"4520",0.939863245160588,0.878762158173227,0.78201370618199,0.86034373482494,0.986566625134669
"4521",0.868824372631246,0.869997682759864,0.93761466081849,0.992161994196676,0.964697165693972
"4522",0.920584719643657,0.805214564005644,0.868826340823459,0.928703866231466,1.04908723094218
"4523",0.961945783276864,0.869250050719893,0.685434196280857,0.755782937056359,0.885560552524702
"4524",0.97290369330075,0.905475938273685,0.796204812975464,0.784136481128258,0.917234318899162
"4525",0.904957142332483,0.926041369379555,0.987338814549836,0.88041456518624,0.849304569390735
"4526",0.980376940307215,1.00273592913164,0.925930950846127,0.781238209885954,NA
"4527",0.921283630961715,0.935100413825424,0.883949717678794,0.947806144846451,NA
"4528",0.9532064572019,0.887428493139559,0.58271794195079,0.665761557237432,0.830781453859354
"4529",0.92881847987463,0.943598494520381,1.00006080652758,0.861088683529598,0.911337995861595
"4530",0.866092266729027,0.855533447949508,0.880096590643152,0.939356820125061,0.810497383587674
"4531",0.961490584211007,0.860093083744286,0.924412529714265,0.852844542278724,NA
"4532",0.938455442838883,0.952704209248165,0.718434403640796,0.805184857838933,NA
"4533",0.865498247500529,0.875322644642258,0.800122232707694,0.842629162212289,0.968991396979947
"4534",0.936725962844815,0.957390150002763,0.802630242773296,0.701466534722773,0.816071499192319
"4535",0.884404103335035,0.909195836871752,0.813355020118677,0.875350045227327,0.957676010094231
"4536",0.930691581602629,0.871879064380585,0.7981813757009,0.790655662316763,0.905295407956857
"4537",0.972505969650573,0.861323733261007,0.764122239285053,NA,NA
"4538",0.969468453173329,0.968300194876877,0.749411754068423,0.705314149188666,0.838194925693712
"4539",0.966340621793977,0.933371105146429,0.875891933615515,0.760370506547903,0.845689482741158
"4540",0.83330773704704,0.84338043959594,0.917131507735488,0.764691820943923,0.877296969601294
"4541",0.948789702060033,0.95337168764082,0.810996952124384,0.847009890952531,0.872376605152777
"4542",0.865419902007736,0.868482716732878,0.721150251824955,0.786991446100303,0.927466807199754
"4543",0.944208295786676,0.969207899158332,0.885356344386352,0.981220247585989,NA
"4544",0.981276360836763,0.982606619818058,0.725050992265864,0.813449386701724,0.877088104852407
"4545",0.956208649732347,0.974718205781195,0.875649545139307,0.864485852440627,0.966102623282738
"4546",0.933167963850257,0.702012206690361,0.736273470083598,0.788212008295541,0.918689151116885
"4547",0.9618537168663,0.983885970403171,0.738820385890833,0.815498948581447,0.935494182643266
"4548",0.971670809749758,0.972556572902239,0.903118939554413,0.862961401105843,0.991138639936329
"4549",0.891110894754985,0.88041556078711,0.779549987232124,0.771383085351531,0.873417815480748
"4550",0.968190593236596,0.783859084033627,0.765144215890304,0.780341004229475,0.907567730604583
"4551",0.902034080521067,0.919040008875008,0.798098465627869,0.651027965514463,NA
"4552",0.938121677205017,0.900238369679209,0.822787203145156,0.75578808003777,0.876738424453059
"4553",0.90650539947891,0.913745471352896,0.884532334934365,0.880816373876606,0.975486381387559
"4554",0.976034632868006,0.899954773033873,0.721762823494132,0.742797317257554,0.789133890456651
"4555",0.96216183184564,0.909929145371597,0.953844811278205,0.762653888440141,0.839636238594787
"4556",0.933029258285114,0.940056615787925,0.738903592894731,0.635671150308065,NA
"4557",0.94402567254665,0.944821150917727,0.853787092027668,0.814531237657313,0.948493562684706
"4558",0.967939707648904,0.804910490720735,0.804073598713195,0.844205819869201,NA
"4559",0.966849945561175,0.838147456787619,0.859661221480138,0.728959806053934,0.863185668821206
"4560",0.920814517032303,0.938066673649456,0.740422850909633,0.796498265550769,NA
"4561",0.919035795133877,0.790186162812206,0.837925384943905,0.846185277453861,NA
"4562",0.960209022598521,0.948497920324108,0.736124767989504,0.754743139119293,0.920177475454009
"4563",0.966072248937675,0.954856714450144,0.626388295530138,0.713553346276577,0.84220979642057
"4564",0.972023043787419,0.947668152014953,0.807278563866969,0.811685449895835,0.833899819347519
"4565",0.818264670900211,0.830271248890365,0.669826855381575,0.744863151828168,0.834358139783137
"4566",0.969334081709042,0.988625733253345,0.707612653562828,0.821103447644194,0.891327894254
"4567",0.96852680148062,0.960969185879131,0.850518842952768,0.92467867426216,0.854249109442137
"4568",0.897172765725099,0.866127334389599,0.930105188933963,0.82427762936869,0.841323786672126
"4569",0.942779440856978,0.867838675273078,0.663968083749958,0.729928550299386,0.825093318360156
"4570",0.963480965212164,0.917896037411296,0.710112858586372,0.727463859339753,0.903946881536319
"4571",0.958846298074901,0.955391665630326,0.849890966253613,0.8015057287657,0.831029763067513
"4572",0.957641964840922,0.91256166600942,0.847644531497501,0.903047948418014,NA
"4573",0.924839844944393,0.936868623852861,0.9648839174523,0.847989594847286,0.93979859582786
"4574",0.897801228737569,0.707240513809479,0.794819725878085,0.848313592017937,0.871687453317313
"4575",0.967059984941495,0.971927542058257,0.822562497359476,0.6717008878476,NA
"4576",0.870966486078766,0.89851047421352,0.879275593151751,0.823677520020621,0.781757508995065
"4577",0.966556525987804,0.913740097220266,0.892239494531793,0.801165458636566,0.85212583698417
"4578",0.944990542155465,0.958212271688421,0.926118410503068,0.930568299190911,0.845753475850296
"4579",0.965462977442161,0.918588949160203,0.710327888111781,0.734818198112707,NA
"4580",0.906531848099314,0.918754677666135,0.729021156057086,0.726737488022352,NA
"4581",0.962435605958579,0.954545202222273,1.0004647765729,0.768123996650754,0.917827629224009
"4582",0.915494363987336,0.799249968964345,0.734223093197763,NA,NA
"4583",0.96709586415352,0.974788510069307,0.726756841253572,0.841751926698478,0.92217697757514
"4584",0.908945594688791,0.931499010442637,0.734439852821305,0.816685571390885,0.910482107607053
"4585",0.968123545406349,0.974174398215968,0.755164432999901,0.759092876786261,0.886827546544596
"4586",0.927859267252703,0.94982571309625,0.868950344768217,0.891708208360535,NA
"4587",0.982374420642983,0.700600931131853,0.660053547923652,0.749155175265396,0.785983471615367
"4588",0.968610646506435,0.966366414328,0.809240131657293,0.871643935158763,0.876206358678082
"4589",0.933767772828242,0.950155228176174,0.759552719946407,0.847705395241814,0.879973997805492
"4590",0.884356270388711,0.88450313681295,0.802173542016123,0.654481177989982,0.791389529569622
"4591",0.962840304134291,0.798109378335369,0.865046653886561,0.834555380286338,0.965604066770147
"4592",0.845020285906152,0.869421108261743,0.743792422878621,0.825467241974382,0.838937422035538
"4593",0.972128131170564,0.97793383011147,0.931779602081837,0.700537544007189,0.802847064873041
"4594",0.967510461261879,0.894731060143797,0.900238043992488,0.745666491402336,0.882387262022814
"4595",0.964098588417278,0.975364644608426,0.935799577655712,0.83496509109915,0.848050821208546
"4596",0.957272787555471,0.888186487386389,0.69324393527871,0.786069899709735,0.902947558976813
"4597",0.948171073286004,0.896357679231949,0.927623877011738,0.8157961312799,0.897681297770241
"4598",0.966949967100788,0.940122291427019,0.737319071893708,0.837597463834211,0.814350867729639
"4599",0.967165741755634,0.960559776658938,0.778066472275895,0.830939381328384,0.88053289061672
"4600",0.970185614314084,0.984755915669532,1.0215333932424,0.819329285116244,0.933227023969726
"4601",0.980887304975415,0.982658209675551,0.768690060533882,0.824435673531411,0.944617193009252
"4602",0.938045247889559,0.949979367864567,0.965463394263162,0.752258710056776,0.86371908344672
"4603",0.969029836734571,0.901338306604691,0.856819123747764,0.934028818233443,1.00477171351551
"4604",0.955795284214852,0.967032709034256,0.859928027561406,0.925071434658289,0.916067423342213
"4605",0.869638244248064,0.879254167895406,0.794896793168881,0.876972602882658,0.973361783460047
"4606",0.942281249855819,0.96325157348208,0.952627390128836,0.683830007617978,0.81457756237235
"4607",0.973672856961772,0.926615475012602,0.848407656556008,0.877257842722405,NA
"4608",0.896120729465434,0.905543334726677,0.949912388927539,0.679470854808356,0.813937611812736
"4609",0.951162736348429,0.967109859987269,0.833713984643697,0.78083066980018,0.854567587822259
"4610",0.961685640059599,0.972686608216033,0.751458103114852,0.758299127229923,0.862395792586837
"4611",0.968245706184553,0.909667388721052,0.964690993496707,0.737160470293111,0.847801004347968
"4612",0.866324534580865,0.758315804826225,0.816772285174882,0.833487009771096,0.775262935881731
"4613",0.939377832075339,0.890466899151569,0.87079128097847,0.856412642516217,0.979210396424083
"4614",0.996189988836234,0.977050352812964,0.771520432436354,0.819246533945627,NA
"4615",0.931141422310908,0.95215347075939,0.964580547716822,0.786347776444857,0.92152056792068
"4616",0.944479928684418,0.877597756701009,0.846293344254007,0.774456088092503,0.890505529071486
"4617",0.917402925653509,0.937791628300335,0.75616688174313,0.831885469952456,0.944451460092947
"4618",0.973270308125624,0.907042938907667,0.68394129606752,0.758502310937886,NA
"4619",0.978906047564759,0.943053352236754,0.801979024853372,NA,NA
"4620",0.964853383467186,0.975910609868206,0.732474706152935,0.800169864560225,0.821141484436758
"4621",0.973899644481962,0.844355021642304,0.829392354085018,0.773449922913384,0.876416067500419
"4622",0.960931535548188,0.945141856755872,0.7978185187756,0.748239488687333,0.850398477686272
"4623",0.973317842260617,0.859083370021711,0.913369830081204,0.699805227022778,0.878628283514727
"4624",0.972718763212206,0.966410158730894,0.775748244263011,0.766674794822336,0.888205558354836
"4625",0.960986252767851,0.844243610441969,0.72593802963727,0.809230507337727,NA
"4626",0.972485420596515,0.875485141442796,0.875331429699723,0.766693105775933,0.898496791425937
"4627",0.967907688204371,0.972200469420321,0.79682160266752,0.781651511636804,0.902088396143363
"4628",0.950295527220654,0.862463970759577,0.789069099304972,0.879785408828498,0.992847661557763
"4629",0.97890751653355,0.994419590058202,0.768847204396004,0.804445556175406,NA
"4630",0.965157864754796,0.961985058303423,0.871890399295857,0.861420531227908,0.916509704912204
"4631",0.873524578910644,0.736473550380102,0.807665372996261,0.729868102770086,0.849971124963438
"4632",0.954590815518272,0.971524832612742,0.884115464362747,0.935003102934889,1.00670617613219
"4633",0.954514759597749,0.871960876582456,0.860557605556571,0.83023293789408,0.837706994086349
"4634",0.977523016947085,0.968519639566887,0.780665845857256,0.87430147321541,NA
"4635",0.974127961484352,0.932577426686289,0.702799025935841,0.782357811033927,0.895811086790947
"4636",0.87943141868176,0.888669059576603,0.791912646043188,0.889079945620247,0.925553007643374
"4637",0.96002630553704,0.966313665040868,0.81437322290316,0.888400140589836,0.761561710705675
"4638",0.981635838021642,0.85022529424651,0.737030140010659,0.757019268858393,NA
"4639",0.971961612038321,0.982030677672182,0.769795721282241,0.830830113503728,0.906156393388516
"4640",0.912506982300984,0.9208285793153,0.811828425272623,0.887364504189005,NA
"4641",0.963903976885827,0.923628814422171,0.737974462708589,0.834708453674755,NA
"4642",0.897600802087815,0.923890158554802,0.776610392894799,0.762813365415507,0.905135185828921
"4643",0.962337265991094,0.950099002847759,0.734093177369236,0.800312000373708,0.945172430846425
"4644",0.904010838363104,0.913267542928962,0.790753553236044,0.878157579166864,0.945987531653896
"4645",0.96771757804877,0.983966750256085,0.75519743566762,0.845436108746151,0.930592979328132
"4646",0.861647750631456,0.886240760379388,0.81549159505897,0.839072913967766,0.815307919753794
"4647",0.974387113527418,0.88682121066204,0.774494573696722,0.846549122299789,0.932172118146965
"4648",0.928385112499082,0.947157431214174,0.790806837451513,0.771083847586179,0.838178411563687
"4649",0.960441418199787,0.879101025931939,0.720813520189671,0.761968254112038,0.892495370895171
"4650",0.892731002919784,0.910146606646161,0.972987685868868,0.809685194394997,0.883832895171674
"4651",0.921794385984666,0.905716343052362,0.909834892787643,0.974869327835191,0.848041517284998
"4652",0.968909590121359,0.91642814304386,0.979488925168552,0.738820556864968,0.862366572195112
"4653",0.851131881813358,0.863311058116896,0.893364921068576,0.808059598082491,0.722887738481489
"4654",0.880815557767809,0.890347604463203,0.861100871686086,0.774543119556988,0.80497246160602
"4655",0.889961013319202,0.908375364028681,0.766335245730165,NA,NA
"4656",0.958971644591905,0.874813018432467,0.845755444797141,0.853316611594643,NA
"4657",0.977626467441136,0.910476813649016,0.945365601922279,0.833677206681226,0.993192717056285
"4658",0.982993910973239,0.975242105752305,0.924009903086559,0.73451473482371,NA
"4659",0.977220969866937,0.983381534382327,0.836455081877731,0.83496800009814,0.927198716381982
"4660",0.964171927818414,0.946671114590217,0.816136728757337,0.839062843318475,NA
"4661",0.962612967212477,0.974985127138769,0.879224940107204,0.752849826587489,0.897966320162658
"4662",0.940484651712969,0.867608349283229,0.750427037969898,0.750801582377777,0.804395676778846
"4663",0.915106214535034,0.932598305315405,0.760897330181878,0.856872083803374,0.953339063517389
"4664",0.774014366923796,0.819600115019046,0.849813192614193,0.816075093677045,0.895379384746269
"4665",0.967072873732412,0.95729327694308,0.74829295677256,0.816886250269139,0.922233230968467
"4666",0.811222147616077,0.816043335660156,0.821417780888525,0.779749779092571,0.902618520793846
"4667",0.966047114708419,0.989981028610636,0.849027929621937,0.789589499200976,0.910089719512028
"4668",0.979616593183351,0.990512558442978,0.790757216104187,0.799570459072608,NA
"4669",0.9620178071686,0.984164317641731,0.84133518167695,0.872732083501916,0.760230428110987
"4670",0.887071646736911,0.842598802499358,0.906838608293439,0.778700025469332,0.911112688868307
"4671",0.975210629215939,0.975522652754858,0.888979180882838,0.928589811882245,1.0186320192059
"4672",0.967783754336997,0.982559087790359,0.895935676318848,NA,NA
"4673",0.971817696908449,0.969327850054364,0.770356079316458,0.770099603695352,0.801077628727244
"4674",0.827070221557532,0.849614204308858,0.906708235386212,0.845723533838536,0.956674089205391
"4675",0.939808732043831,0.90705834277061,0.791535326378197,0.718047527703281,NA
"4676",0.978241690842443,0.916907484256156,0.854776987063411,0.830509626169725,0.948052287613248
"4677",0.883979983287859,0.904664828307112,0.946657344808123,0.773129058615571,0.824339939425048
"4678",0.966805975835346,0.870475651321047,0.778760870917367,0.701157863774665,0.842587830271158
"4679",0.936394630389052,0.946634145016144,0.858799394689614,0.83204111264135,0.932942797924543
"4680",0.864491707709462,0.819875444060748,0.875026843026322,0.665102138404278,0.829076277594182
"4681",0.942935725688487,0.880399192267841,0.772496524675753,0.661116514938014,0.823181201340806
"4682",0.929255336411014,0.942726873904343,0.942558704822929,0.810052593621991,0.91975051187424
"4683",0.891496570202331,0.911788735189725,0.866836917281209,0.810391785302976,NA
"4684",0.9621382071896,0.984598637216854,0.867763977467018,0.770886133003575,0.894844077707235
"4685",0.916598154271293,0.906726456574972,0.749007052854426,0.838371992990561,NA
"4686",0.949072825105923,0.968932756110197,0.877298089145062,0.775326187606021,0.932245312895167
"4687",0.969377696406366,0.872185744894567,0.924880818765525,0.839860462080645,0.93792028273357
"4688",0.981825404995653,0.950308952181798,0.899770143588986,0.83322520565785,0.824048133277277
"4689",0.936499310850524,0.877626335638832,0.694863855129733,0.717645089837568,0.839166217529314
"4690",0.903413537350516,0.876986142345705,0.941298715878828,0.734792452678104,0.855255276995758
"4691",0.926591512213021,0.94503776652544,0.720705942278757,0.780752439609362,0.891266284735101
"4692",0.93984061557508,0.915580001281812,0.832061961548606,0.737520141195043,NA
"4693",0.984043535620275,0.804893253510724,0.875201321801162,0.976535135636807,NA
"4694",0.900926727379948,0.91975494606601,0.913181115568306,0.906401961057778,0.875907257222535
"4695",0.922988619753232,0.94153952573321,0.795134363833323,0.724458344753271,0.864444608377165
"4696",0.921100261524165,0.907890685555914,0.670117161908724,0.730985712556245,0.896656383134568
"4697",0.97405979995284,0.992190667639911,0.898587029593376,0.780503965132283,0.882497630465687
"4698",0.977490446210271,0.974798637168365,0.850263315255238,0.928898141549438,NA
"4699",0.964376652474658,0.851616953397495,0.804542509501209,0.86515612415911,0.866141340443596
"4700",0.866288464310804,0.895855597650922,0.84277953873188,0.748427672416239,NA
"4701",0.96137015974057,0.746426815283686,0.750676616027771,0.778671076018546,0.888697874599229
"4702",0.856719660508617,0.877157477682552,0.815605248743429,0.673195216830594,0.802318186688691
"4703",0.962807429642184,0.965251720696185,0.755467111438656,0.725532516945264,0.859935408706352
"4704",0.962623773891853,0.97935777633115,0.937103803528644,0.72317447656775,0.86001911837013
"4705",0.897998827594363,0.906308679007277,0.898334025007761,0.970590254404148,1.06080379478591
"4706",0.945084972110234,0.911276303476299,0.736738915224446,0.817276968062904,0.923662270877138
"4707",0.976344123814228,0.961729227195188,0.846448737190521,0.905121420200826,0.930100506776334
"4708",0.987174631188002,0.82034328102363,0.768011004813049,0.787784281998816,0.915389411454553
"4709",0.944100726163964,0.910951017759016,0.817639438328201,0.750138091521868,0.898019116298076
"4710",0.939507877253131,0.839431441423427,0.746433038194531,0.822091469181942,NA
"4711",0.981283784519912,0.890511434564836,0.874250347971849,0.88702527879859,NA
"4712",0.971592879925994,0.910361946798277,0.854028792981149,0.826259558310741,0.946486126449203
"4713",0.939823254822259,0.882186667729597,0.754878801309409,0.75299180903741,0.874304138125427
"4714",0.948396143288002,0.950289752715379,0.891777229905807,0.755243115723647,0.927547522482335
"4715",0.978933496798708,0.816804256054065,0.879332601792102,0.780576543709473,0.910819816619749
"4716",0.949409706395568,0.966125542529169,0.912693662230985,0.975479956083287,1.01420898223827
"4717",0.963730727967444,0.943381088779748,0.834922223194704,0.861403974264137,0.875041447632562
"4718",0.960949439126402,0.803823689892052,0.858021115295704,0.658302242464765,0.774564281343255
"4719",0.975805648047951,0.940343001370666,0.884352303121614,0.803185658204821,NA
"4720",0.963108609640689,0.932296165860449,0.882936346217908,0.75233949472742,0.82756534052782
"4721",0.869223863880796,0.772848457800876,0.776087611513077,0.824066841001525,0.941350397200187
"4722",0.920041984243806,0.940346134382459,0.882664727678892,0.792545863986691,0.812526643371533
"4723",0.932587207509793,0.953021280657733,0.86858492944076,0.79178822998653,0.895044146190555
"4724",0.945275725266435,0.875346930372631,0.915257610443615,0.788633964855725,0.788273973801455
"4725",0.871599107344953,0.886063988906716,0.698248200309479,0.796893643290255,NA
"4726",0.98316647090253,0.876004242314848,0.793567704725268,0.751013618748198,NA
"4727",0.89446372038264,0.911531627945731,0.904434464755596,0.836576451530995,0.903292404745835
"4728",0.963932157441566,0.832239047813597,0.784633751869533,0.667887152803299,0.818375630465067
"4729",0.965948376595771,0.86207493195003,0.784804552517882,0.798962701111147,NA
"4730",0.943400522232082,0.954662973486337,0.792893470115639,0.816788541461146,0.955622343389509
"4731",0.900786203102532,0.879509826013347,0.76428797535799,0.859658051389758,0.972451861827081
"4732",0.919565646575486,0.936800594166257,0.875195139715998,0.896192096508568,0.808645479830527
"4733",0.946009283469834,0.916214317849195,0.885696211905813,0.761502469472054,0.7962739691667
"4734",0.954656323104016,0.907612985039639,0.968778083846982,0.840193937628074,0.978684833573804
"4735",0.918462126276307,0.945450086132755,0.87708910567054,0.78195117549234,0.842049336950616
"4736",0.861815416031975,0.814008572146137,0.840096357549472,0.692336208075221,0.818986876180837
"4737",0.971390690284423,0.979488771069527,0.592564087468292,0.674461249976117,0.818543245165221
"4738",0.972661322346916,0.951231267193306,0.839763961120229,0.852847993957201,0.909921435176893
"4739",0.959576266653649,0.888572049230707,0.826023912371305,0.908122967670734,0.898644739382468
"4740",0.932782093846343,0.960208932074185,0.830883117221276,0.785275226593106,NA
"4741",0.940397963558877,0.837718568304881,0.807396640863274,0.677330930539868,0.793392278065837
"4742",0.966271764964145,0.981887287943975,0.974547627808047,0.71307103879466,0.837293649994737
"4743",0.96870657165073,0.916420835850493,0.772983517718073,0.797843899469008,0.912218694200479
"4744",0.854434120576877,0.874683269758502,0.852166140653417,NA,NA
"4745",0.981441936200157,0.88565822690952,0.803389240704362,0.792085788881744,0.870634662145611
"4746",0.927702497519909,0.850848008192477,0.911255152445088,0.739201734771011,0.885067541668706
"4747",0.938739782918492,0.824493895778319,0.814901479209174,0.759601416077471,0.861456005456574
"4748",0.945339999802193,0.964152394465286,0.76589235476395,0.872496419804559,0.945569823201836
"4749",0.980841917022263,0.879015873057923,0.935947240178367,1.00448317501693,0.75999997430877
"4750",0.974542645021927,0.916944370244932,0.738000153156048,0.743099367820729,0.862756309249978
"4751",0.973139089679917,0.880775176764694,0.8261645531571,0.882066659254787,0.943636327781721
"4752",0.859540603492849,0.850473437255308,0.736463541326064,0.741908456559778,0.868819206158508
"4753",0.972612518762495,0.962285726005222,0.687300890020688,0.694890602391381,0.825031123450756
"4754",0.907104148221423,0.925452535265743,0.920909652046564,0.776514673671443,0.843047681981749
"4755",0.835248623779867,0.860511582876991,0.923363153895185,0.694117302090162,0.771978418023505
"4756",0.966420717932444,0.909760991533885,0.654955721522533,0.691534040330099,0.847722997570519
"4757",0.947877431539844,0.96232070808741,0.960850349116782,0.930076573046208,1.01708250386204
"4758",0.929966182511539,0.957613164540719,0.700030365055232,0.668353982161671,0.86732362619202
"4759",0.938202965258875,0.942034472032249,0.707723282987922,0.754906575453027,0.887068415619544
"4760",0.867854610567389,0.869075173479638,0.800298214823271,0.824590887239092,0.932557137230081
"4761",0.960964790155206,0.76212467730756,0.824533179292717,0.786694178129367,0.807580213960215
"4762",0.882551310751358,0.894218036561331,0.665687077196873,0.742237862081914,0.850599647158498
"4763",0.942737649889818,0.815094500275962,0.87769869560381,0.787092523960834,0.895988992704113
"4764",0.943695120386832,0.890317782885349,0.926414714612992,0.860967193029332,0.835913710811604
"4765",0.966516900364344,0.941003255149668,0.798766275600543,0.831187232855534,0.953762601928382
"4766",0.919151685784083,0.939706557894351,0.895252124316974,0.820741506638648,0.903859635487201
"4767",0.965476675237897,0.890769833938993,0.944336503686347,NA,NA
"4768",0.918701972980663,0.75280956734028,0.812761215329783,0.906453592078881,NA
"4769",0.829554988384887,0.840752836270043,0.747778703178805,0.820612591950859,0.925411886179474
"4770",0.970260354643675,0.847023211951909,0.881672205750038,0.803262331734691,NA
"4771",0.937936571708122,0.845887413303709,0.720467787027146,0.735954928438549,NA
"4772",0.963896621941923,0.93943859025781,0.921773786171588,0.784058788718832,0.903782504167145
"4773",0.967602728296383,0.88390068555457,0.884296731642591,0.948540841103062,0.868762581003799
"4774",0.938325343224404,0.83794332473626,0.89780087197474,0.800173295313636,0.83485521630033
"4775",0.945320606153952,0.952736652739963,1.01265399175264,0.829792696550535,0.954330025127821
"4776",0.879470984459218,0.896289289961368,0.810838172537717,0.681411096290628,0.788002051614376
"4777",0.910516808927142,0.93306661848495,0.989354747000636,0.888310174548822,1.02734991217784
"4778",0.922450786341741,0.938057234521892,0.785452810923611,0.854677709087298,0.953650441963965
"4779",0.920759790887577,0.935207945907405,0.763985980930526,NA,NA
"4780",0.912280519262903,0.92074716944151,0.990546337133532,1.05385145472,1.03065235476876
"4781",0.957557694073826,0.909478139387794,0.805619835446565,0.896956686894975,1.00265969875973
"4782",0.948825650837803,0.96888772908889,0.772437437855221,0.800359015337961,0.928453387319261
"4783",0.972674926492085,0.991986780475019,0.749132212606887,0.779831829834949,NA
"4784",0.96244270736826,0.911788899166801,0.855669381126433,0.882308207831496,0.981747557006436
"4785",0.956260755121935,0.821695213985214,0.76089970095448,0.704004953620485,0.867048053531945
"4786",0.971913370966204,0.989771017084781,0.751408342696398,0.804793368603389,0.822419567712771
"4787",0.89251081073772,0.910484954895522,0.779219505809607,0.842131093500481,0.944681152187591
"4788",0.940064044247368,0.881916313993652,0.859220181789966,0.87372295487594,0.996829049218458
"4789",0.954924802790097,0.863960977469499,0.827549960226933,0.790308276178297,0.90555914168048
"4790",0.961680615062537,0.966649453283941,0.865769314631174,0.812357171138956,0.911915408909133
"4791",0.86894387325204,0.884032628832187,0.824318343968099,0.723382920092261,0.839657512457104
"4792",0.932780125820044,0.953683665227548,0.860737737927758,0.871227173958052,0.898993638009577
"4793",0.948198490661275,0.950725738046499,0.780043706482923,0.842529187732346,0.967615674532677
"4794",0.922339621042812,0.934611552120646,0.847260982151035,NA,NA
"4795",0.971697081730198,0.751528375942873,0.813567808486504,0.881386720652518,0.986947194698159
"4796",0.957588437211255,0.900342326643929,0.757437137277068,0.754911420774789,NA
"4797",0.962176950758536,0.951219539423755,0.830324521271019,0.881783310346828,0.95043148406743
"4798",0.878148065659382,0.901866264242034,0.756928372764098,0.793160684092455,0.782839693164637
"4799",0.951840761307823,0.96690679274079,0.880356406560156,0.84157329003606,0.921430669671822
"4800",0.965600073702259,0.896942195072468,0.615523647546016,0.670323981997365,0.829923296404634
"4801",0.899837914302392,0.910636439765382,0.776829631055627,0.87059317013434,0.966768453736071
"4802",0.97680991924042,0.857383872418277,0.700888720947484,0.770523963422539,0.821922415138526
"4803",0.941363411810411,0.937331294474217,0.838088673269067,0.763461005689585,0.787005703288691
"4804",0.980404178737158,0.94116074917576,0.692559829051901,0.732857124900571,0.881694298408869
"4805",0.959126032858835,0.899407619293486,0.832315258071864,0.850400955112713,0.96553823385546
"4806",0.951197498894267,0.950746957494926,0.948620608721521,0.673755118532343,0.827153281629291
"4807",0.98647940051919,0.981087052759909,0.920556712684482,0.882912317657519,0.904250311414221
"4808",0.97721058749443,0.829275048441575,0.784492581960594,0.819125580153981,0.92905720440661
"4809",0.886781804508384,0.884672361216387,NA,NA,NA
"4810",0.96796504058631,0.936064263076283,0.996724525514097,0.806128478202278,0.806395630287293
"4811",0.967914527626007,0.920041934502672,0.854115629133491,0.685126385574739,0.808079938518142
"4812",0.90710477733168,0.92970715380147,0.805915775716422,0.88458854424676,0.764724508187761
"4813",0.97272236400439,0.989326449160588,0.845013859816393,0.932736664374771,0.904162697011147
"4814",0.97176827350555,0.990198096387654,0.76637292269415,0.769799756436862,0.871401116862957
"4815",0.918471550777246,0.928346364726482,0.853194507044807,0.838732534707387,0.897368478544878
"4816",0.967662630563023,0.981708794191776,0.911260568521872,0.805354557536296,0.929066812383766
"4817",0.972869634161091,0.984526198731641,0.841669301405441,0.799577130762526,0.857638987415683
"4818",0.890155890600439,0.905384916648355,0.75794399815549,0.837905184083672,NA
"4819",0.973186835577805,0.956721591653639,0.781891044034513,0.807769481007381,0.872885810648265
"4820",0.938636375735482,0.868542537410898,0.81188952222981,0.737626076442326,NA
"4821",0.97970505301969,0.803504118267218,0.831018351254692,0.799947690824371,0.897782487212653
"4822",0.943763156987414,0.953337158938617,0.719094017237076,0.805105251568459,0.931098067062956
"4823",0.914597166959077,0.945073093322956,0.951568533182108,0.955308157677244,NA
"4824",0.913713320077039,0.93082265542017,0.807809323802845,0.685840380515515,0.853579181172041
"4825",0.964930546309914,0.982524657346154,0.790886124116225,0.848757871986384,0.966529466290502
"4826",0.976224348981709,0.984627485105458,1.04438770103325,0.889610435901563,1.00934916736442
"4827",0.937968556590079,0.930333648770597,0.797615875030403,0.879685053155784,0.942247908231656
"4828",0.916468535220853,0.92700462371413,0.955660273996237,0.821401001983451,0.933190849538189
"4829",0.962459361990785,0.897151054013905,0.798256079720709,0.879535871870704,0.98085914884041
"4830",0.922621985521786,0.838478086143052,0.887213222805448,0.949088739420804,0.822888159007567
"4831",0.873184410397923,0.889832829043873,0.900346877243071,0.89720464879449,NA
"4832",0.896690559266502,0.726458449420512,0.798880882565261,0.862366955892709,0.987280355535914
"4833",0.962638260939968,0.864216798368126,0.848931491877116,0.880846807501071,NA
"4834",0.94267633187746,0.846682218030683,0.831256904943124,0.719848829219388,0.800231970167896
"4835",0.915745789615643,0.839159554468688,0.735118038078912,0.742648847981897,0.884960813585934
"4836",0.945383206435332,0.965450736355965,0.725301629914067,0.799421449414856,0.793794547259363
"4837",0.941208106887489,0.874949824665374,0.815964853062364,0.861667567293493,0.899482610713904
"4838",0.87637217496902,0.900864368618188,0.829428158677618,0.885319147894712,0.977835658790235
"4839",0.964757523065249,0.976223101882925,1.03348019232825,0.915408621410848,0.778824880613875
"4840",0.947031048026145,0.906531660441152,0.794936428839239,0.863637021115658,0.914854986274874
"4841",0.946889153901196,0.89014353148433,0.875040266434365,0.964800160628265,NA
"4842",0.866419551792411,0.855843570953356,0.905600356586073,0.928571956586335,0.759355288077015
"4843",0.962602901002588,0.975753304833699,0.897048410927325,0.838575346584878,0.940878032268001
"4844",0.940772309516646,0.856574085513752,0.887014834130423,0.751493723282907,0.818364083431688
"4845",0.83569167580112,0.846547449707545,0.770682185014175,0.856074181398854,0.921851005800428
"4846",0.962626525704451,0.978812089191211,0.765086788240475,0.72312291135865,0.870169515066744
"4847",0.961220426751945,0.966743588043011,0.813442538556162,0.778024440046808,0.816842131075081
"4848",0.861697664057918,0.87595518002636,0.731175995289285,0.804374206533957,0.938812706106649
"4849",0.987122276212701,0.918084565742639,0.936581360449806,0.920213793422685,1.09859738823571
"4850",0.969464149815639,0.948491774514893,1.00218419305097,0.76827594394106,0.830177050832086
"4851",0.930117828137441,0.946609531539649,0.844822490517061,0.703105860265739,0.752229356724406
"4852",0.964786706805931,0.968509205247792,0.813640209850332,0.903215369017141,0.8143215042103
"4853",0.972640562737663,0.859074599472122,0.829225742453422,0.648121123433242,0.779221425233144
"4854",0.978332572716259,0.910160444694898,0.906160843304403,0.729298076203444,0.866871792786017
"4855",0.965853046524892,0.926857268956307,0.678711378205848,0.786684999746874,0.889560819561715
"4856",0.977172465092836,0.988454880734628,0.832073797777627,0.890689932842292,0.912738470402316
"4857",0.920675954128832,0.947257910170297,0.947162462428958,0.709247197817756,0.855119996583598
"4858",0.976702067859467,0.883263108244909,0.864830197513635,0.759197210500819,0.840170680967298
"4859",0.921776238437173,0.929311974588089,0.752990348692606,0.78631954573714,0.906385070990776
"4860",0.970591410433247,0.927994035294969,0.951560369570608,0.833453229654783,0.911230740299912
"4861",0.928856307243214,0.951449235887213,0.871973963606198,0.931653326674254,NA
"4862",0.973627224107511,0.994002470138583,0.919295476446057,0.977177222821925,1.07623580957657
"4863",0.901951552779807,0.915103208435059,0.599933870226423,0.712458059867725,0.772423352530957
"4864",0.93059121691904,0.946166785835028,0.875222709774064,0.773520134363655,0.876422182471063
"4865",0.978548762080983,0.889928055401558,0.696158624797459,0.735703410044346,0.855448788493842
"4866",0.973921330080859,0.994669688709242,0.87933152315593,0.836996370590975,NA
"4867",0.910551893861851,0.918219826065137,0.756504999229883,0.816037650930084,0.877416046673513
"4868",0.959785496470413,0.957990553397808,0.741443619842509,0.831680661052457,0.918824839519752
"4869",0.974523928200482,0.97207287032218,1.03188463460685,0.783217560442023,0.901251387974742
"4870",0.96364971063046,0.877439911238195,0.745261901148136,0.767163748997286,0.867866498942723
"4871",0.975330905920386,0.951748458673887,0.768349005572318,0.851170603105857,0.794073209628296
"4872",0.956221514363449,0.968349911600106,0.971240778945,1.00732684308583,0.805118758952329
"4873",0.946834064698246,0.849616058765726,0.824567928980862,0.703970443652868,0.783327762201808
"4874",0.957834523353254,0.85681205316881,0.914576857186891,0.771958763363673,0.9053835200261
"4875",0.829376297505177,0.846248584488806,0.80422617756324,0.897698167442885,1.00033362444855
"4876",0.899121407120586,0.914408210004517,0.655686747363662,0.768373007304029,0.87847662521145
"4877",0.975116255256395,0.987714612602646,0.936207040693324,0.822212799071325,0.914074858674676
"4878",0.872144442361562,0.884685495304738,0.830163557013286,0.900215838279144,0.910025760191486
"4879",0.955890012895375,0.927494429900931,0.90763663349981,0.956163877035018,1.01943182705131
"4880",0.944939003149346,0.901246052751475,0.804200237449273,0.870987155500558,0.990291124477225
"4881",0.937022557168068,0.959665079417611,0.751341180454837,0.752216177771433,0.75764820726266
"4882",0.98566766658356,0.929293112986418,0.973881347458152,0.85435350463195,NA
"4883",0.942780462910046,0.946637806355434,1.00004832564697,0.952624466598529,0.914789413968689
"4884",0.971183500735212,0.987628209167152,1.03915632617209,0.739558799495,0.890236393681912
"4885",0.971874465688398,0.906017488827848,0.750249197781953,0.82542937105127,0.899572568690139
"4886",0.971622874360625,0.745674059413967,0.785581482347432,0.814561961187276,0.929170977562372
"4887",0.968542998333808,0.978841829134296,0.834079762345612,0.90617511048252,0.834247892141075
"4888",0.96372587081495,0.898881239984615,0.789203049881269,0.680100150615385,NA
"4889",0.929378090327159,0.944576873642854,0.879046237973085,0.696997518721568,0.833518154253521
"4890",0.951145854325235,0.917878679110901,0.767186049120977,0.688589032295892,0.831608358461296
"4891",0.8171561897135,0.842812179237635,0.835336544678478,0.714308310307892,0.785185003212653
"4892",0.975809845444143,0.906500285468473,0.883853815087558,0.913305767563417,1.04009820088699
"4893",0.961157239880004,0.764326448853177,0.833278240979884,0.8064570053116,0.77018274800843
"4894",0.958808545809737,0.985194967116025,0.897226843684791,0.88133533685507,0.985614427190012
"4895",0.908368755960395,0.906536577117939,0.990368187463065,0.77795088736773,0.847005624831646
"4896",0.929238443336189,0.952605749601531,0.677952885847651,0.725597731832443,0.854263882112293
"4897",0.969865609433179,0.99127373181565,0.858270929845488,0.835576260660589,0.914986704502822
"4898",0.967299378499256,0.982670028085218,0.753429212266142,0.799907192589275,0.878305977161863
"4899",0.959913009014142,0.955227766410443,0.733843920181118,0.790784928652731,0.906839325252779
"4900",0.955387836112259,0.769841869016321,0.659924188417613,NA,NA
"4901",0.931900179935149,0.948226469988072,0.876756162786652,0.806115434094287,0.880552991031482
"4902",0.959828902715721,0.918032489972903,0.863194794993615,0.741414562616833,0.867432190249041
"4903",0.94533739800003,0.964440552444691,0.979693742507624,0.759312393159361,NA
"4904",0.973493752924895,0.884526307617911,0.75981567833876,0.849648259961668,0.941730808357136
"4905",0.857076448792338,0.845658796813199,0.913522351996087,0.799709091034399,0.922854750634333
"4906",0.860278521756507,0.772215294377804,0.8495045221613,0.898901770084468,1.00735109956587
"4907",0.773137529839819,0.798399208589974,0.870270908972913,0.946693045670924,NA
"4908",0.900214950049592,0.77695653103809,0.845322566198472,0.776916827101334,0.829225052474763
"4909",0.978086049501198,0.881580609937805,0.757936942608944,0.805657227167207,0.936237951269571
"4910",0.944735979658744,0.966743948354753,0.833178870496667,0.926848510630515,0.986089610697294
"4911",0.953411715364019,0.984735505875888,0.668673655576901,0.761131485040234,0.883527561705424
"4912",0.889749126741127,0.909465725630614,0.83459213307321,0.751463932890356,0.777183377436244
"4913",0.968281287094215,0.829585665200769,0.796536389663321,0.89188085187819,0.910625846221051
"4914",0.962996187407933,0.993883773082986,0.782131555615694,0.880689180255934,0.867223497288943
"4915",0.978117471208462,0.930638307676568,0.887361108598529,0.714654314228647,NA
"4916",0.972770106211011,0.990705437552216,0.802237491862346,0.737590100160049,0.822733029759806
"4917",0.945447518757488,0.952174119850438,0.938425887947455,0.866068099024172,0.894829253778373
"4918",0.970683567997966,0.789114049285106,0.755004238279196,0.833969946166422,0.860582504663076
"4919",0.942091764307083,0.970641692709481,0.873563371027179,0.694326864343449,NA
"4920",0.975185207684265,0.996272239982935,0.920195850631675,0.865907115378923,1.00273129880874
"4921",0.938768338396184,0.840458828323747,0.893527824586944,0.901801877730891,0.880057763135732
"4922",0.935357108395116,0.875911664145187,0.853595116959414,0.805022753027449,NA
"4923",0.939685141207653,0.87581601663956,0.850615203080431,0.734785473342949,0.784757957129308
"4924",0.974882526473384,0.930020263302878,0.567057899314873,0.655781228668031,0.831501805750073
"4925",0.925689130123364,0.935635683519116,0.869859106860058,0.70331316751715,0.846600317189221
"4926",0.964136618721494,0.981580993809582,0.599057018928777,0.695689874603431,0.862718138162358
"4927",0.88881108186468,0.908088687443521,0.694993560223865,0.778574442319147,0.737945384005855
"4928",0.98196197921409,0.990421289248447,0.733061767747856,0.792535461266089,0.916326183893777
"4929",0.895705479975908,0.921707751000054,0.795236256041146,0.797298780537737,0.853197332235674
"4930",0.975566886199745,0.755876165873477,0.733122786994872,0.750037991712792,0.864941178059167
"4931",0.902850285416642,0.913150263933533,0.884467607497228,0.722202204570696,0.858330793548664
"4932",0.972073564814704,0.945745402896218,0.889839951778358,0.845271908924234,0.964915268847426
"4933",0.94415059120172,0.94503078178039,1.00914884285976,0.735667864632147,0.805136719267215
"4934",0.933919986628095,0.942337654897029,0.798166478819109,0.83653573200749,0.95410207805177
"4935",0.958951605676749,0.884189649393646,0.869790428769626,0.697900838081151,0.814695812927443
"4936",0.971861153670153,0.913827150511705,0.759927309428142,0.836574090876879,0.857305840517994
"4937",0.90741402144541,0.921912244667155,0.904148643523337,0.766428201588468,NA
"4938",0.961325597583,0.899155239571597,0.660635660869963,0.763111850447904,0.89799493318907
"4939",0.948433364159038,0.874659676076842,0.7299496753985,0.809508743995136,0.831186334194972
"4940",0.98079451914191,0.987588796190501,0.779319035403665,0.788040695106456,0.892931748162463
"4941",0.979379422780075,0.969184302764479,0.733798058631675,0.814274321803264,0.852431847973165
"4942",0.983806833181281,0.842726314647201,0.813498190993312,0.777901977825869,0.942507646692946
"4943",0.851904431014016,0.747433349426589,0.744528279192634,0.806638125759049,0.888327051367958
"4944",0.975483418507995,0.981762942616689,0.930797725757367,0.561073809987666,0.714208017666021
"4945",0.970434469875282,0.988938482967541,0.830685321384802,0.824437957945032,0.938493843213664
"4946",0.957970719753459,0.966408921610543,0.84461576695115,0.897038205514062,0.809180737194539
"4947",0.942788249853292,0.956330144489241,0.708529372818132,0.73018387139168,0.871210073160909
"4948",0.917390849841278,0.869980399257691,0.858993300040577,0.670764277915733,0.823909960693457
"4949",0.946602275843933,0.878120845233688,0.872134012966165,0.791201499585739,0.887588113089989
"4950",0.965220961365303,0.974621586934402,0.801935590144685,0.736608637757363,0.748198754111215
"4951",0.963116424862833,0.953620645839063,0.99136857190918,0.774814638492684,0.907253310267828
"4952",0.878622946608301,0.887502842642757,0.769197040444022,0.619199243728133,0.770394672705883
"4953",0.962612799259833,0.985851253994972,1.03076066137189,0.830208057055506,0.769552048051561
"4954",0.881984232468206,0.898431013584637,0.952179614108726,0.848115193575659,0.858403025754943
"4955",0.952632344703587,0.939383007439417,1.00503147384727,0.726382538416716,0.783504489317464
"4956",0.889945623639152,0.894610331323833,0.736602420776604,0.798852562585455,0.918897957878933
"4957",0.760595666018097,0.779147867248299,0.790261807066544,0.838009419972295,0.87734441412104
"4958",0.961780566520885,0.825625228826334,0.886356217310458,0.937920607916505,0.861628165409275
"4959",0.900979705236562,0.798710085915005,0.855128203167701,0.92453848063041,NA
"4960",0.859402138299813,0.867088607366431,0.77995385983749,0.83561791434895,0.937279852295244
"4961",0.960274521612427,0.969082064549451,0.82218049931551,0.670805651604628,NA
"4962",0.922906691237325,0.932125476143389,0.912976511173392,0.986235156619672,1.01149383693783
"4963",0.964752274421071,0.982055368957158,0.765620997330914,0.846593646672366,0.949335172902963
"4964",0.946889072732737,0.963524429322093,0.841724518970858,NA,NA
"4965",0.957627517942166,0.975145769292966,0.836942823378768,0.833232504815709,NA
"4966",0.932966732431721,0.957532732608221,0.806567112376568,0.819909070170413,0.899468158028947
"4967",0.970079585320459,0.985667999808897,0.868973102102247,0.743263497921478,0.744563906363365
"4968",0.916352013865369,0.921794557250836,0.885185079407388,0.818981030337729,0.860668721764711
"4969",0.929248671293413,0.953437615709099,0.819173767962078,0.881434321659225,0.97662741008466
"4970",0.913132153641267,0.935199104350407,0.729473524339443,0.784017123809459,0.88826612092568
"4971",0.939858498128608,0.923077713667495,0.913805056207379,0.764745248563414,0.899937615084107
"4972",0.945381186791981,0.967819344919264,0.75910207765305,0.83330062055864,0.957138921721562
"4973",0.868414081879612,0.836786650872003,0.866253830850875,0.702640503777353,0.826271243693483
"4974",0.885189829693082,0.900774002923304,0.783334542404637,NA,NA
"4975",0.897475037868661,0.863965067962903,0.867419451395514,0.855560584141179,0.948713651758236
"4976",0.955626108190624,0.888919540294214,0.756410003788795,0.777877434925402,NA
"4977",0.979618488014935,0.961962014401344,0.87583461172875,0.842891488300554,NA
"4978",0.941206378761337,0.866620370855606,0.937571447105077,0.813145331638788,0.863519154008689
"4979",0.88353661249413,0.896232864307736,0.738227822186956,0.802356710449057,0.913156162408167
"4980",0.946331314526027,0.893018832062957,0.691237508234242,NA,NA
