"","V1","V2","V3","V4","V5"
"1",0.0671515151515152,0.0671515151515152,0.571141414141414,0.571141414141414,NA
"2",0.0557373737373737,0.0557373737373737,0.332656565656566,0.332656565656566,0.632646464646465
"3",0.0515959595959596,0.0515959595959596,0.495737373737374,0.497222222222222,0.497222222222222
"4",0.0606969696969697,0.0606969696969697,0.396969696969697,0.457383838383838,NA
"5",0.0822525252525253,0.229252525252525,0.496323232323232,0.498131313131313,0.498131313131313
"6",0.106545454545455,0.106545454545455,0.474505050505051,0.474505050505051,0.606070707070707
"7",0.0617979797979798,0.105808080808081,0.34979797979798,0.433929292929293,0.433959595959596
"8",0.10879797979798,0.108838383838384,0.322424242424242,0.409131313131313,0.646777777777778
"9",0.18010101010101,0.18010101010101,0.321656565656566,0.471636363636364,NA
"10",0.0742727272727273,0.079030303030303,0.079030303030303,0.395515151515152,0.442242424242424
"11",0.12349494949495,0.12349494949495,0.352484848484849,0.649828282828283,0.649828282828283
"12",0.039949494949495,0.0484040404040404,0.50959595959596,0.50959595959596,0.76130303030303
"13",0.106545454545455,0.174040404040404,0.477262626262626,0.477262626262626,0.57230303030303
"14",0.067989898989899,0.067989898989899,0.396818181818182,0.44330303030303,0.44330303030303
"15",0.0467676767676768,0.223141414141414,0.453777777777778,0.453777777777778,NA
"16",0.043989898989899,0.0916262626262626,0.395575757575758,0.395575757575758,0.520636363636364
"17",0.151858585858586,0.301636363636364,0.414282828282828,0.42449494949495,0.424505050505051
"18",0.0618989898989899,0.196656565656566,0.361353535353535,0.522242424242424,0.522242424242424
"19",0.077959595959596,0.077959595959596,0.470919191919192,0.471707070707071,0.471707070707071
"20",0.0511818181818182,0.0922424242424243,0.561737373737374,0.561737373737374,0.561737373737374
"21",0.0480606060606061,0.162494949494949,0.307141414141414,0.307141414141414,0.307141414141414
"22",0.0491111111111111,0.131858585858586,0.276535353535354,0.276535353535354,0.429737373737374
"23",0.0817272727272727,0.289828282828283,0.289828282828283,0.539969696969697,0.539969696969697
"24",0.0590909090909091,0.0590909090909091,0.265272727272727,0.265272727272727,0.47459595959596
"25",0.111070707070707,0.111070707070707,0.265313131313131,0.265313131313131,0.376626262626263
"26",0.0472121212121212,0.156888888888889,0.369151515151515,0.369262626262626,NA
"27",0.048,0.0781111111111111,0.352666666666667,0.50679797979798,0.599979797979798
"28",0.0571313131313131,0.194232323232323,0.297888888888889,0.362191919191919,0.362191919191919
"29",0.158616161616162,0.196848484848485,0.437737373737374,0.437737373737374,0.437737373737374
"30",0.0833737373737374,0.0833737373737374,0.150909090909091,0.408666666666667,0.408666666666667
"31",0.166,0.166444444444444,0.19559595959596,0.633606060606061,NA
"32",0.0813030303030303,0.200838383838384,0.481030303030303,0.481060606060606,NA
"33",0.0523333333333333,0.143383838383838,0.257757575757576,0.50730303030303,0.618868686868687
"34",0.0598383838383838,0.104484848484848,0.424030303030303,0.424030303030303,0.506262626262626
"35",0.0529191919191919,0.133040404040404,0.61689898989899,0.61689898989899,NA
"36",0.0488080808080808,0.0488080808080808,0.335272727272727,0.335272727272727,0.335272727272727
"37",0.0573232323232323,0.216414141414141,0.410010101010101,0.410010101010101,0.410626262626263
"38",0.0726464646464647,0.0726464646464647,0.294929292929293,0.58269696969697,0.583626262626263
"39",0.051010101010101,0.17279797979798,0.372414141414141,0.372646464646465,NA
"40",0.170545454545455,0.170979797979798,0.405525252525253,0.406080808080808,0.406080808080808
"41",0.102878787878788,0.102878787878788,0.47259595959596,NA,NA
"42",0.0316868686868687,0.0443737373737374,0.485222222222222,0.522757575757576,0.522757575757576
"43",0.0921111111111111,0.0921111111111111,0.374373737373737,0.374373737373737,0.812606060606061
"44",0.0506161616161616,0.176919191919192,0.20059595959596,0.20059595959596,0.288080808080808
"45",0.120161616161616,0.319444444444444,0.326666666666667,0.461686868686869,0.461686868686869
"46",0.0630808080808081,0.0793838383838384,0.298282828282828,0.298282828282828,0.425434343434343
"47",0.0482525252525253,0.0783939393939394,0.428959595959596,0.50610101010101,0.582979797979798
"48",0.0434747474747475,0.242060606060606,0.242060606060606,0.307141414141414,0.307141414141414
"49",0.0811212121212121,0.0811212121212121,0.579151515151515,0.579151515151515,0.579151515151515
"50",0.0407070707070707,0.142707070707071,0.419343434343434,0.419343434343434,0.420909090909091
"51",0.0457575757575758,0.210484848484848,0.294818181818182,0.298474747474748,NA
"52",0.106313131313131,0.10659595959596,0.381989898989899,0.460121212121212,0.462232323232323
"53",0.0657979797979798,0.103373737373737,0.351484848484849,0.732929292929293,0.752868686868687
"54",0.0766868686868687,0.140626262626263,0.410121212121212,0.47979797979798,NA
"55",0.0565858585858586,0.156111111111111,0.472575757575758,0.472575757575758,0.472575757575758
"56",0.0738888888888889,0.0738888888888889,0.452949494949495,0.452949494949495,0.452959595959596
"57",0.0558484848484849,0.192555555555556,0.392818181818182,0.392818181818182,0.392818181818182
"58",0.0384949494949495,0.168393939393939,0.312636363636364,0.494505050505051,0.494555555555556
"59",0.0716767676767677,0.0716767676767677,0.32740404040404,0.388656565656566,0.388656565656566
"60",0.0907474747474748,0.144121212121212,0.439272727272727,0.439272727272727,0.439272727272727
"61",0.0511414141414141,0.212878787878788,0.222151515151515,0.448222222222222,0.448222222222222
"62",0.0454848484848485,0.322373737373737,0.367707070707071,0.367707070707071,0.369
"63",0.0389090909090909,0.0415555555555556,0.360353535353535,0.39489898989899,NA
"64",0.0433636363636364,0.129020202020202,0.466575757575758,0.496282828282828,0.522505050505051
"65",0.0616868686868687,0.175272727272727,0.43669696969697,0.642121212121212,0.642121212121212
"66",0.127777777777778,0.139040404040404,0.501060606060606,0.543323232323232,0.62640404040404
"67",0.0855353535353535,0.105020202020202,0.310626262626263,0.310626262626263,0.313646464646465
"68",0.0446565656565657,0.14810101010101,0.514808080808081,0.552282828282828,0.552282828282828
"69",0.0568383838383838,0.0568383838383838,0.0784444444444445,0.350808080808081,0.468787878787879
"70",0.0558383838383838,0.0558383838383838,0.423939393939394,0.428151515151515,0.428151515151515
"71",0.0804646464646465,0.0804646464646465,0.599454545454545,0.599454545454545,0.599454545454545
"72",0.12310101010101,0.123232323232323,0.452484848484849,0.462929292929293,0.586
"73",0.0474242424242424,0.144787878787879,0.363858585858586,0.486636363636364,NA
"74",0.0451616161616162,0.126232323232323,0.492636363636364,0.492636363636364,0.492636363636364
"75",0.0942727272727273,0.0942828282828283,0.343434343434343,0.344767676767677,0.344767676767677
"76",0.177868686868687,0.30320202020202,0.390222222222222,0.390222222222222,0.40520202020202
"77",0.0812727272727273,0.133767676767677,0.456484848484849,0.456484848484849,0.457545454545455
"78",0.0768585858585859,0.214363636363636,0.374676767676768,0.374676767676768,0.374676767676768
"79",0.0475959595959596,0.0826363636363636,0.494212121212121,0.494212121212121,0.494363636363636
"80",0.0751717171717172,0.0751717171717172,0.452676767676768,0.452676767676768,0.597555555555556
"81",0.0418282828282828,0.0574949494949495,0.179080808080808,0.498747474747475,0.58159595959596
"82",0.0487979797979798,0.0487979797979798,0.377272727272727,0.377272727272727,NA
"83",0.048020202020202,0.232313131313131,0.322858585858586,0.322858585858586,0.81540404040404
"84",0.0512626262626263,0.139050505050505,0.142969696969697,NA,NA
"85",0.137767676767677,0.137767676767677,0.407808080808081,0.407808080808081,0.407808080808081
"86",0.112545454545455,0.112545454545455,0.195434343434343,0.389888888888889,0.389888888888889
"87",0.0756969696969697,0.277848484848485,0.391383838383838,0.391383838383838,0.590090909090909
"88",0.0714747474747475,0.123626262626263,0.395545454545455,0.395545454545455,0.466888888888889
"89",0.0568787878787879,0.171292929292929,0.405929292929293,0.405949494949495,0.408868686868687
"90",0.0475555555555556,0.0682626262626263,0.369949494949495,0.369949494949495,0.413646464646465
"91",0.0651919191919192,0.0651919191919192,0.445606060606061,0.445606060606061,0.458282828282828
"92",0.0384848484848485,0.137848484848485,0.268969696969697,0.390919191919192,0.390919191919192
"93",0.0567474747474748,0.090959595959596,0.343434343434343,0.343454545454545,0.343454545454545
"94",0.0542828282828283,0.0542828282828283,0.359111111111111,0.385373737373737,NA
"95",0.0680808080808081,0.0680808080808081,0.356939393939394,0.47359595959596,NA
"96",0.0621616161616162,0.285070707070707,0.285979797979798,0.285979797979798,0.443646464646465
"97",0.128,0.139070707070707,0.397565656565657,0.397565656565657,NA
"98",0.210353535353535,0.238525252525253,0.238606060606061,0.591848484848485,0.701060606060606
"99",0.0918383838383838,0.0918383838383838,0.368626262626263,0.562808080808081,NA
"100",0.0602929292929293,0.0758686868686869,0.299969696969697,0.299969696969697,0.503777777777778
"101",0.0460606060606061,0.0460606060606061,0.416636363636364,0.42849494949495,0.42849494949495
"102",0.0368181818181818,0.103656565656566,0.34849494949495,0.535515151515152,0.535515151515152
"103",0.0681414141414141,0.0681414141414141,0.319787878787879,0.319787878787879,0.431919191919192
"104",0.0476666666666667,0.221333333333333,0.415939393939394,0.415939393939394,0.415939393939394
"105",0.0413636363636364,0.0883232323232323,0.326030303030303,0.350838383838384,0.647292929292929
"106",0.0490606060606061,0.0490606060606061,0.433818181818182,0.486919191919192,0.489232323232323
"107",0.148373737373737,0.221808080808081,0.455858585858586,0.561414141414141,0.563090909090909
"108",0.0477777777777778,0.0686161616161616,0.43179797979798,0.509525252525253,0.621171717171717
"109",0.0606565656565657,0.0606565656565657,0.338676767676768,0.338676767676768,0.338676767676768
"110",0.0578080808080808,0.0578080808080808,0.283070707070707,0.416141414141414,0.416141414141414
"111",0.0555858585858586,0.0555858585858586,0.367434343434343,0.472242424242424,NA
"112",0.158131313131313,0.158131313131313,0.364767676767677,0.367555555555556,NA
"113",0.0523535353535354,0.0523535353535354,0.260747474747475,0.297020202020202,0.297020202020202
"114",0.0501717171717172,0.212959595959596,0.573424242424243,0.573424242424243,0.649161616161616
"115",0.0567474747474748,0.282909090909091,0.418989898989899,0.418989898989899,0.418989898989899
"116",0.0554848484848485,0.171131313131313,0.37920202020202,0.526454545454546,0.529565656565657
"117",0.159757575757576,0.159757575757576,0.243888888888889,0.243888888888889,0.474030303030303
"118",0.146888888888889,0.146888888888889,0.45730303030303,0.624191919191919,0.627171717171717
"119",0.0391818181818182,0.0521919191919192,0.383232323232323,0.383232323232323,0.383232323232323
"120",0.0588989898989899,0.0955555555555556,0.414626262626263,0.414626262626263,0.414626262626263
"121",0.0787474747474748,0.198393939393939,0.25820202020202,0.357818181818182,0.357868686868687
"122",0.0361717171717172,0.174141414141414,0.277242424242424,0.277242424242424,0.619393939393939
"123",0.0540606060606061,0.110383838383838,0.538636363636364,0.638070707070707,0.638070707070707
"124",0.0759393939393939,0.0759393939393939,0.380585858585859,0.433393939393939,0.433393939393939
"125",0.0372525252525253,0.191848484848485,0.583090909090909,0.583090909090909,0.583090909090909
"126",0.170636363636364,0.191535353535354,0.403131313131313,0.40369696969697,0.615171717171717
"127",0.0385454545454545,0.0502626262626263,0.275838383838384,0.275838383838384,0.359060606060606
"128",0.0588484848484849,0.102161616161616,0.249666666666667,0.321060606060606,0.349616161616162
"129",0.0336565656565657,0.196575757575758,0.457040404040404,0.460575757575758,NA
"130",0.0805151515151515,0.242909090909091,0.324161616161616,0.42010101010101,0.587414141414141
"131",0.0642727272727273,0.215989898989899,0.332313131313131,0.334242424242424,NA
"132",0.0568787878787879,0.131424242424242,0.328181818181818,0.375838383838384,0.375838383838384
"133",0.0521616161616162,0.187030303030303,0.449858585858586,0.449858585858586,0.449858585858586
"134",0.0673737373737374,0.22130303030303,0.400585858585859,0.400585858585859,0.400666666666667
"135",0.0382929292929293,0.054010101010101,0.250313131313131,0.464727272727273,0.466818181818182
"136",0.161050505050505,0.161050505050505,0.465474747474748,0.465474747474748,0.474232323232323
"137",0.0629292929292929,0.0792929292929293,0.402484848484849,0.510878787878788,0.601242424242424
"138",0.0844343434343434,0.0844343434343434,0.351575757575758,0.351575757575758,0.351575757575758
"139",0.0431111111111111,0.0578383838383838,0.394979797979798,0.452777777777778,NA
"140",0.125,0.149191919191919,0.338060606060606,0.360383838383838,0.587808080808081
"141",0.0499393939393939,0.0499393939393939,0.313575757575758,0.460919191919192,0.463464646464647
"142",0.126040404040404,0.126040404040404,0.137010101010101,0.445191919191919,0.445191919191919
"143",0.062,0.062,0.541070707070707,0.740676767676768,0.740676767676768
"144",0.0890606060606061,0.0890606060606061,0.488020202020202,0.488020202020202,0.510616161616162
"145",0.0687171717171717,0.130343434343434,0.239252525252525,0.239252525252525,0.300959595959596
"146",0.0630808080808081,0.164040404040404,0.216979797979798,0.373222222222222,0.38220202020202
"147",0.0968989898989899,0.0986464646464646,0.416636363636364,0.416636363636364,0.416636363636364
"148",0.156888888888889,0.194686868686869,0.476727272727273,0.476727272727273,0.48289898989899
"149",0.0485454545454546,0.078989898989899,0.390686868686869,0.390686868686869,0.437828282828283
"150",0.0832222222222222,0.0832222222222222,0.262484848484848,0.312343434343434,NA
"151",0.0524646464646465,0.126070707070707,0.358161616161616,0.358161616161616,0.358171717171717
"152",0.0682929292929293,0.140818181818182,0.323505050505051,0.323505050505051,0.752555555555556
"153",0.209808080808081,0.253626262626263,0.498626262626263,0.502939393939394,0.502939393939394
"154",0.131878787878788,0.234828282828283,0.535777777777778,0.535777777777778,0.620727272727273
"155",0.103929292929293,0.153353535353535,0.393626262626263,0.393626262626263,0.393626262626263
"156",0.0454444444444444,0.0863333333333333,0.411535353535354,0.411535353535354,NA
"157",0.055979797979798,0.0776060606060606,0.293040404040404,0.293040404040404,0.323616161616162
"158",0.0598383838383838,0.138939393939394,0.387636363636364,0.387636363636364,0.387636363636364
"159",0.0645252525252525,0.0645252525252525,0.473121212121212,0.473121212121212,0.643141414141414
"160",0.0429090909090909,0.0913232323232323,0.250717171717172,0.409222222222222,0.622474747474748
"161",0.050959595959596,0.0657070707070707,0.342535353535354,0.342535353535354,0.432757575757576
"162",0.0595353535353535,0.0595353535353535,0.409181818181818,0.499,0.609454545454545
"163",0.0479292929292929,0.0574949494949495,0.495878787878788,0.495878787878788,0.495909090909091
"164",0.0535757575757576,0.0535757575757576,0.232838383838384,0.232838383838384,0.438161616161616
"165",0.0466565656565657,0.0466565656565657,0.441949494949495,0.441949494949495,0.471727272727273
"166",0.170242424242424,0.209121212121212,0.216343434343434,0.317161616161616,0.567111111111111
"167",0.0558787878787879,0.11849494949495,0.378717171717172,0.478676767676768,NA
"168",0.117666666666667,0.127060606060606,0.351919191919192,0.352727272727273,0.352727272727273
"169",0.068949494949495,0.125010101010101,0.382525252525253,0.612363636363636,0.614707070707071
"170",0.167818181818182,0.250707070707071,0.40579797979798,0.408161616161616,0.408161616161616
"171",0.0761919191919192,0.142262626262626,0.413020202020202,0.45859595959596,0.45859595959596
"172",0.139171717171717,0.139171717171717,0.437060606060606,0.437060606060606,0.500878787878788
"173",0.0312525252525253,0.0617979797979798,0.27689898989899,0.277191919191919,0.315313131313131
"174",0.0532929292929293,0.0736363636363636,0.393828282828283,0.393828282828283,0.578010101010101
"175",0.0746868686868687,0.139070707070707,0.425313131313131,0.425313131313131,0.466474747474748
"176",0.121242424242424,0.297525252525253,0.398838383838384,0.398838383838384,0.555818181818182
"177",0.0784747474747475,0.15379797979798,0.35779797979798,0.518727272727273,0.518727272727273
"178",0.0574949494949495,0.0574949494949495,0.470353535353535,0.50789898989899,0.50789898989899
"179",0.0485252525252525,0.0815454545454545,0.434505050505051,0.490252525252525,NA
"180",0.044,0.201020202020202,0.303525252525253,0.303525252525253,0.303525252525253
"181",0.0768080808080808,0.0768080808080808,0.513727272727273,0.516818181818182,0.551080808080808
"182",0.185727272727273,0.185727272727273,0.501020202020202,0.501020202020202,0.501020202020202
"183",0.0532020202020202,0.0532020202020202,0.457868686868687,0.457868686868687,0.457868686868687
"184",0.052020202020202,0.112585858585859,0.457060606060606,0.457060606060606,0.457060606060606
"185",0.057020202020202,0.175484848484848,0.488242424242424,0.491484848484849,0.491484848484849
"186",0.0557171717171717,0.0682828282828283,0.357464646464646,0.729454545454545,0.779434343434343
"187",0.122818181818182,0.144222222222222,0.485242424242424,0.485242424242424,0.55889898989899
"188",0.0714747474747475,0.176161616161616,0.487383838383838,0.487383838383838,0.487939393939394
"189",0.138808080808081,0.138848484848485,0.240080808080808,0.446,0.446
"190",0.101515151515152,0.101515151515152,0.277161616161616,0.417727272727273,0.417727272727273
"191",0.0610909090909091,0.104686868686869,0.253818181818182,0.283171717171717,0.754414141414141
"192",0.15340404040404,0.190545454545455,0.559424242424242,0.559424242424242,0.559424242424242
"193",0.0523737373737374,0.0523737373737374,0.241989898989899,0.241989898989899,0.504505050505051
"194",0.060949494949495,0.060949494949495,0.381171717171717,0.394969696969697,0.394969696969697
"195",0.140383838383838,0.148111111111111,0.368474747474748,0.368505050505051,NA
"196",0.0607979797979798,0.0607979797979798,0.431181818181818,0.446818181818182,0.454151515151515
"197",0.0498181818181818,0.0498181818181818,0.251424242424242,0.251424242424242,NA
"198",0.096020202020202,0.096020202020202,0.312979797979798,0.361353535353535,0.361353535353535
"199",0.0684343434343434,0.0804848484848485,0.279828282828283,0.317737373737374,0.52920202020202
"200",0.0610909090909091,0.0610909090909091,0.274090909090909,0.298727272727273,0.665444444444445
"201",0.103,0.160969696969697,0.160969696969697,0.539868686868687,0.631737373737374
"202",0.0489090909090909,0.126292929292929,0.294121212121212,0.294141414141414,0.294141414141414
"203",0.115050505050505,0.115050505050505,0.115050505050505,0.115050505050505,0.327030303030303
"204",0.0400707070707071,0.158838383838384,0.418818181818182,NA,NA
"205",0.0424242424242424,0.173090909090909,0.256353535353535,0.555686868686869,0.596676767676768
"206",0.0554949494949495,0.0554949494949495,0.500565656565657,0.650060606060606,0.682212121212121
"207",0.0483939393939394,0.142848484848485,0.22110101010101,0.332636363636364,0.332636363636364
"208",0.0560606060606061,0.0775858585858586,0.155727272727273,0.283676767676768,0.505606060606061
"209",0.0467777777777778,0.0467777777777778,0.286838383838384,0.288030303030303,0.295969696969697
"210",0.0443535353535354,0.0443535353535354,0.543040404040404,0.543040404040404,0.543040404040404
"211",0.0811616161616162,0.0811616161616162,0.417787878787879,0.417787878787879,NA
"212",0.0534444444444444,0.0534444444444444,0.45730303030303,0.45730303030303,0.45730303030303
"213",0.0475050505050505,0.0475050505050505,0.343808080808081,0.567656565656566,NA
"214",0.0875454545454546,0.148555555555556,0.469565656565657,NA,NA
"215",0.0731919191919192,0.116868686868687,0.42069696969697,0.48410101010101,0.48410101010101
"216",0.049969696969697,0.135080808080808,0.498282828282828,0.498282828282828,NA
"217",0.0748585858585859,0.0748585858585859,0.0758282828282828,0.505323232323232,0.505323232323232
"218",0.0650707070707071,0.19649494949495,0.432626262626263,0.43810101010101,0.43810101010101
"219",0.0485252525252525,0.115060606060606,0.333515151515152,0.451080808080808,NA
"220",0.0988686868686869,0.0988686868686869,0.333474747474747,0.343424242424242,0.619969696969697
"221",0.0473838383838384,0.0764747474747475,0.409121212121212,0.409212121212121,0.409212121212121
"222",0.0434444444444444,0.0752828282828283,0.251232323232323,0.320525252525253,0.498535353535354
"223",0.0556363636363636,0.0556363636363636,0.221040404040404,0.286747474747475,0.28689898989899
"224",0.0776060606060606,0.155464646464646,0.255545454545455,0.323737373737374,0.612555555555556
"225",0.0637676767676768,0.0637676767676768,0.19420202020202,0.19420202020202,0.499474747474748
"226",0.184868686868687,0.185121212121212,0.441161616161616,0.556666666666667,0.556666666666667
"227",0.0746969696969697,0.196080808080808,0.40779797979798,0.40779797979798,NA
"228",0.0472020202020202,0.142353535353535,0.43959595959596,0.43959595959596,0.439606060606061
"229",0.0933535353535354,0.0933535353535354,0.23189898989899,0.639141414141414,0.639141414141414
"230",0.138838383838384,0.151989898989899,0.376212121212121,0.376212121212121,0.552545454545455
"231",0.079010101010101,0.122020202020202,0.389818181818182,0.412454545454545,0.412454545454545
"232",0.0593232323232323,0.116313131313131,0.486616161616162,0.489505050505051,0.512363636363636
"233",0.0625959595959596,0.0625959595959596,0.35630303030303,0.381585858585859,0.689919191919192
"234",0.0567878787878788,0.0695050505050505,0.380848484848485,0.398030303030303,0.415353535353535
"235",0.0538080808080808,0.124282828282828,0.443313131313131,0.508232323232323,0.508232323232323
"236",0.131060606060606,0.23979797979798,0.350656565656566,0.694393939393939,0.69440404040404
"237",0.107434343434343,0.107434343434343,0.531616161616162,0.531616161616162,0.531616161616162
"238",0.108111111111111,0.108111111111111,0.516353535353535,0.516353535353535,0.516353535353535
"239",0.113252525252525,0.113252525252525,0.27989898989899,0.340707070707071,0.340707070707071
"240",0.146090909090909,0.146090909090909,0.318757575757576,0.422848484848485,0.423838383838384
"241",0.0397373737373737,0.206323232323232,0.249313131313131,0.530242424242424,0.543181818181818
"242",0.0572020202020202,0.218050505050505,0.487222222222222,0.487222222222222,0.487222222222222
"243",0.0783131313131313,0.0785656565656566,0.388616161616162,0.500282828282828,0.500282828282828
"244",0.042040404040404,0.150464646464646,0.458515151515152,0.458515151515152,0.611060606060606
"245",0.0505050505050505,0.311727272727273,0.311727272727273,0.311868686868687,0.394909090909091
"246",0.0474545454545455,0.14269696969697,0.361686868686869,0.361686868686869,0.508909090909091
"247",0.15869696969697,0.175525252525253,0.472828282828283,0.571888888888889,0.716131313131313
"248",0.0524040404040404,0.247616161616162,0.42820202020202,0.42820202020202,0.546323232323232
"249",0.0521212121212121,0.375606060606061,0.376585858585859,0.376585858585859,0.376585858585859
"250",0.048989898989899,0.137171717171717,0.532424242424242,0.629393939393939,0.750979797979798
"251",0.0497272727272727,0.0584545454545455,0.361383838383838,0.381323232323232,0.381323232323232
"252",0.0571212121212121,0.0571212121212121,0.357232323232323,0.357232323232323,0.369929292929293
"253",0.047010101010101,0.0605959595959596,0.289,0.289040404040404,0.289040404040404
"254",0.199929292929293,0.199929292929293,0.484161616161616,0.484161616161616,0.484161616161616
"255",0.0699292929292929,0.0699292929292929,0.344767676767677,0.346444444444444,0.501919191919192
"256",0.0511818181818182,0.0511818181818182,0.385939393939394,0.393616161616162,0.468787878787879
"257",0.0847171717171717,0.0847171717171717,0.430949494949495,0.430949494949495,0.613919191919192
"258",0.0432222222222222,0.17759595959596,0.45740404040404,0.45740404040404,0.45740404040404
"259",0.155141414141414,0.155141414141414,0.433030303030303,0.433030303030303,0.433454545454545
"260",0.0577979797979798,0.144717171717172,0.196767676767677,0.412767676767677,0.452020202020202
"261",0.110080808080808,0.110090909090909,0.338515151515152,0.338515151515152,0.505969696969697
"262",0.159060606060606,0.288656565656566,0.358747474747475,0.376464646464647,0.376464646464647
"263",0.0610808080808081,0.140929292929293,0.266010101010101,0.274858585858586,0.68620202020202
"264",0.0514141414141414,0.083989898989899,0.14969696969697,0.36220202020202,0.36220202020202
"265",0.0512323232323232,0.076979797979798,0.418373737373737,0.418373737373737,0.418373737373737
"266",0.0515151515151515,0.098989898989899,0.15359595959596,0.153606060606061,NA
"267",0.0544848484848485,0.142353535353535,0.311191919191919,0.311191919191919,0.312
"268",0.0714848484848485,0.0714848484848485,0.374343434343434,0.379535353535354,0.517020202020202
"269",0.0512525252525253,0.0512525252525253,0.348929292929293,0.348929292929293,0.395666666666667
"270",0.0806262626262626,0.0806969696969697,0.188828282828283,0.512050505050505,0.512050505050505
"271",0.181505050505051,0.181505050505051,0.415,0.415,0.461272727272727
"272",0.200333333333333,0.391646464646465,0.393777777777778,0.393777777777778,0.618818181818182
"273",0.0553232323232323,0.0609090909090909,0.183676767676768,0.454838383838384,0.465333333333333
"274",0.0601515151515152,0.0601515151515152,0.35859595959596,0.387888888888889,0.513020202020202
"275",0.113131313131313,0.113131313131313,0.197171717171717,0.197171717171717,0.399737373737374
"276",0.0584949494949495,0.0865454545454546,0.251050505050505,0.705121212121212,NA
"277",0.0566868686868687,0.157141414141414,0.346444444444444,0.346444444444444,0.347989898989899
"278",0.0952929292929293,0.0952929292929293,0.25489898989899,0.37949494949495,0.504333333333333
"279",0.0721212121212121,0.0722121212121212,0.363989898989899,NA,NA
"280",0.0427373737373737,0.240959595959596,0.425484848484849,0.425484848484849,0.511949494949495
"281",0.250535353535354,0.26449494949495,0.541020202020202,0.541020202020202,0.541020202020202
"282",0.126707070707071,0.148858585858586,0.27430303030303,0.27430303030303,0.27430303030303
"283",0.117848484848485,0.227424242424242,0.249656565656566,0.479656565656566,0.479656565656566
"284",0.0563434343434343,0.0939090909090909,0.37289898989899,0.37289898989899,0.547181818181818
"285",0.0787979797979798,0.0809393939393939,0.346757575757576,0.346757575757576,0.389575757575758
"286",0.0474444444444444,0.198555555555556,0.424848484848485,0.425989898989899,NA
"287",0.052989898989899,0.19559595959596,0.531939393939394,0.531939393939394,0.531939393939394
"288",0.118393939393939,0.181393939393939,0.348838383838384,0.414808080808081,0.414808080808081
"289",0.0935656565656566,0.0935656565656566,0.347252525252525,0.452979797979798,0.452979797979798
"290",0.137777777777778,0.139939393939394,0.284313131313131,0.404363636363636,0.404363636363636
"291",0.0569393939393939,0.122737373737374,0.122737373737374,0.428979797979798,0.428979797979798
"292",0.0596060606060606,0.0596060606060606,0.283575757575758,0.283575757575758,0.663909090909091
"293",0.0442323232323232,0.258131313131313,0.278090909090909,0.278090909090909,0.278090909090909
"294",0.0364141414141414,0.0455555555555556,0.500979797979798,0.590646464646465,0.590646464646465
"295",0.0440505050505051,0.219313131313131,0.355030303030303,0.414181818181818,0.469262626262626
"296",0.12940404040404,0.140616161616162,0.25410101010101,0.31679797979798,0.50420202020202
"297",0.0742323232323232,0.290343434343434,0.300232323232323,0.309262626262626,0.548616161616162
"298",0.0556666666666667,0.100707070707071,0.147010101010101,0.147010101010101,0.395878787878788
"299",0.107616161616162,0.109121212121212,0.425737373737374,0.613767676767677,0.652737373737374
"300",0.0600707070707071,0.0668080808080808,0.310676767676768,0.310676767676768,0.315313131313131
"301",0.0697373737373737,0.12289898989899,0.343333333333333,0.343959595959596,0.448141414141414
"302",0.0403737373737374,0.0430505050505051,0.452535353535354,0.479868686868687,NA
"303",0.0541414141414141,0.224606060606061,0.418282828282828,0.645393939393939,0.645393939393939
"304",0.0708181818181818,0.108020202020202,0.418666666666667,0.435929292929293,0.435929292929293
"305",0.0544444444444444,0.0724646464646465,0.415010101010101,0.415010101010101,0.565757575757576
"306",0.0633131313131313,0.144464646464646,0.458949494949495,0.596191919191919,0.596191919191919
"307",0.0376868686868687,0.156363636363636,0.450555555555556,0.450555555555556,0.450555555555556
"308",0.142818181818182,0.163818181818182,0.315090909090909,0.315727272727273,0.315727272727273
"309",0.0763939393939394,0.112757575757576,0.212878787878788,0.234656565656566,0.235777777777778
"310",0.0576969696969697,0.0576969696969697,0.118636363636364,0.280363636363636,0.653373737373737
"311",0.0580707070707071,0.15969696969697,0.361161616161616,0.456323232323232,0.456323232323232
"312",0.0390808080808081,0.0767171717171717,0.378686868686869,0.437383838383838,0.470747474747475
"313",0.199646464646465,0.261555555555556,0.509383838383838,0.509383838383838,0.509383838383838
"314",0.0398787878787879,0.048989898989899,0.330151515151515,0.331454545454546,NA
"315",0.0451818181818182,0.0568686868686869,0.376636363636364,0.376636363636364,0.447868686868687
"316",0.162909090909091,0.162909090909091,0.549626262626263,0.549626262626263,0.647141414141414
"317",0.0558484848484849,0.19759595959596,0.377666666666667,0.377666666666667,0.377666666666667
"318",0.118141414141414,0.211030303030303,0.419686868686869,0.419686868686869,0.790545454545455
"319",0.0604848484848485,0.0760606060606061,0.323989898989899,0.323989898989899,NA
"320",0.118626262626263,0.118626262626263,0.343848484848485,0.543393939393939,NA
"321",0.0441616161616162,0.0441616161616162,0.445939393939394,0.445939393939394,NA
"322",0.0581010101010101,0.175989898989899,0.502575757575758,0.502575757575758,0.502575757575758
"323",0.0552323232323232,0.0552323232323232,0.408313131313131,0.525282828282828,NA
"324",0.0454848484848485,0.0454848484848485,0.329808080808081,0.329808080808081,0.330919191919192
"325",0.0772727272727273,0.154848484848485,0.369868686868687,0.369868686868687,0.369868686868687
"326",0.0877373737373737,0.0899191919191919,0.391666666666667,NA,NA
"327",0.0550808080808081,0.119434343434343,0.350191919191919,0.702606060606061,0.702606060606061
"328",0.11979797979798,0.11979797979798,0.399606060606061,0.399606060606061,0.499020202020202
"329",0.0505555555555556,0.125292929292929,0.508787878787879,0.508787878787879,0.604636363636364
"330",0.042989898989899,0.0660404040404041,0.37720202020202,0.37720202020202,0.555313131313131
"331",0.111171717171717,0.111171717171717,0.284545454545455,0.284545454545455,0.551707070707071
"332",0.0431313131313131,0.14049494949495,0.457959595959596,0.457959595959596,0.457959595959596
"333",NA,NA,NA,NA,NA
"334",0.0527676767676768,0.107515151515152,0.304767676767677,0.304767676767677,0.68120202020202
"335",0.0976262626262626,0.0994343434343434,0.364484848484849,0.390525252525253,0.393262626262626
"336",0.103030303030303,0.103030303030303,0.385191919191919,0.385191919191919,0.403676767676768
"337",0.0782424242424243,0.185444444444444,0.464767676767677,0.464767676767677,NA
"338",0.0374242424242424,0.138747474747475,0.381050505050505,0.381050505050505,0.503131313131313
"339",0.0615353535353535,0.157808080808081,0.510131313131313,0.510131313131313,0.599747474747475
"340",0.136888888888889,0.188313131313131,0.247535353535354,0.51830303030303,NA
"341",0.20040404040404,0.20040404040404,0.389161616161616,0.396020202020202,0.396020202020202
"342",0.0510505050505051,0.0554747474747475,0.279,0.279,0.279
"343",0.142767676767677,0.142767676767677,0.37169696969697,0.405292929292929,0.675717171717172
"344",0.152010101010101,0.210090909090909,0.423686868686869,0.457212121212121,0.500747474747475
"345",0.0507272727272727,0.0885555555555556,0.289151515151515,0.348616161616162,0.348616161616162
"346",0.196323232323232,0.196353535353535,0.199424242424242,0.388616161616162,0.499323232323232
"347",0.0633333333333333,0.0633333333333333,0.294545454545455,0.294545454545455,0.294545454545455
"348",0.0764949494949495,0.25330303030303,0.371161616161616,0.371484848484849,0.509565656565657
"349",0.0605252525252525,0.196949494949495,0.342333333333333,0.342333333333333,0.790565656565657
"350",0.0469393939393939,0.161212121212121,0.297111111111111,0.344979797979798,0.344979797979798
"351",0.133525252525253,0.145060606060606,0.346606060606061,0.346606060606061,0.346606060606061
"352",0.0625252525252525,0.215141414141414,0.497090909090909,0.497090909090909,0.497090909090909
"353",0.0708585858585859,0.0708585858585859,0.303010101010101,0.303020202020202,0.427525252525253
"354",0.112414141414141,0.112414141414141,0.460515151515152,0.574070707070707,0.574070707070707
"355",0.108929292929293,0.108989898989899,0.434959595959596,0.473020202020202,0.473020202020202
"356",0.0576262626262626,0.0706868686868687,0.365555555555556,0.365555555555556,0.596838383838384
"357",0.0684444444444444,0.0684444444444444,0.493111111111111,0.493111111111111,0.493111111111111
"358",0.0385656565656566,0.0463434343434343,0.297424242424242,0.517292929292929,NA
"359",0.117646464646465,0.19410101010101,0.540282828282828,0.540363636363636,0.542121212121212
"360",0.0692424242424242,0.15769696969697,0.257727272727273,0.269242424242424,0.269242424242424
"361",0.129222222222222,0.129222222222222,0.424848484848485,0.424848484848485,0.425444444444444
"362",0.0455353535353535,0.0917272727272727,0.357585858585859,0.470111111111111,0.470111111111111
"363",0.192,0.192,0.347939393939394,0.453232323232323,0.453232323232323
"364",0.0432929292929293,0.111989898989899,0.517474747474748,0.517474747474748,0.518575757575758
"365",0.116323232323232,0.248393939393939,0.382939393939394,0.382939393939394,0.382939393939394
"366",0.0593535353535354,0.215080808080808,0.327171717171717,0.327171717171717,0.500848484848485
"367",0.0426767676767677,0.109616161616162,0.288171717171717,0.288171717171717,0.288171717171717
"368",0.123414141414141,0.132878787878788,0.445868686868687,0.445868686868687,0.459515151515152
"369",0.122616161616162,0.122626262626263,0.630444444444444,NA,NA
"370",0.0716262626262626,0.0716262626262626,0.380747474747475,0.380747474747475,0.380747474747475
"371",0.145767676767677,0.150777777777778,0.322656565656566,0.363111111111111,0.421545454545455
"372",0.0723535353535354,0.0723535353535354,0.165515151515152,NA,NA
"373",0.0951010101010101,0.0951010101010101,0.427555555555556,0.44769696969697,0.508686868686869
"374",0.0850606060606061,0.0850606060606061,0.390818181818182,0.390818181818182,0.390888888888889
"375",0.121121212121212,0.121121212121212,0.231444444444444,0.436414141414141,0.505050505050505
"376",0.0517676767676768,0.0517676767676768,0.371585858585859,0.371585858585859,0.411787878787879
"377",0.0719393939393939,0.0719393939393939,0.429252525252525,0.429333333333333,NA
"378",0.145959595959596,0.145959595959596,0.502989898989899,0.502989898989899,0.502989898989899
"379",0.0781616161616162,0.173323232323232,0.323474747474748,0.328676767676768,0.368787878787879
"380",0.0563535353535354,0.112989898989899,0.312464646464647,0.312464646464647,0.31269696969697
"381",0.0474343434343434,0.12110101010101,0.438646464646465,0.438646464646465,NA
"382",NA,NA,NA,NA,NA
"383",0.0555252525252525,0.0555252525252525,0.368030303030303,0.465232323232323,0.610888888888889
"384",0.13879797979798,0.13879797979798,0.510606060606061,0.561555555555556,0.561555555555556
"385",0.0461111111111111,0.0858080808080808,0.231191919191919,0.232676767676768,0.232676767676768
"386",0.0572828282828283,0.209616161616162,0.323717171717172,0.323717171717172,0.323717171717172
"387",0.0515656565656566,0.131838383838384,0.377222222222222,0.427232323232323,NA
"388",0.106989898989899,0.185919191919192,0.391252525252525,0.407838383838384,NA
"389",0.0484848484848485,0.105858585858586,0.317323232323232,0.351535353535354,0.351656565656566
"390",0.13920202020202,0.13920202020202,0.139909090909091,0.253989898989899,NA
"391",0.0491212121212121,0.126121212121212,0.332323232323232,0.332323232323232,0.332323232323232
"392",0.0613333333333333,0.155717171717172,0.256333333333333,0.504040404040404,0.504040404040404
"393",0.0332020202020202,0.13420202020202,0.37979797979798,0.37979797979798,NA
"394",0.14189898989899,0.193292929292929,0.487757575757576,0.487757575757576,0.65469696969697
"395",0.123949494949495,0.123949494949495,0.31669696969697,0.341555555555556,0.343565656565657
"396",0.0429090909090909,0.286606060606061,0.286606060606061,0.398242424242424,0.585565656565657
"397",0.152282828282828,0.152282828282828,0.393424242424242,0.393424242424242,0.393424242424242
"398",0.106949494949495,0.106949494949495,0.392747474747475,0.474777777777778,NA
"399",0.129717171717172,0.129717171717172,0.17230303030303,0.50520202020202,0.616464646464646
"400",0.061040404040404,0.111848484848485,0.342171717171717,0.370151515151515,NA
"401",0.188656565656566,0.196616161616162,0.348222222222222,0.594252525252525,0.594252525252525
"402",0.0764040404040404,0.0764040404040404,0.407464646464646,0.407464646464646,0.407464646464646
"403",0.0506262626262626,0.16069696969697,0.446313131313131,0.526676767676768,NA
"404",0.112151515151515,0.112838383838384,0.371808080808081,0.371808080808081,0.499707070707071
"405",0.0784040404040404,0.0784040404040404,0.395959595959596,0.400535353535354,NA
"406",0.0398686868686869,0.109939393939394,0.362040404040404,NA,NA
"407",0.0771616161616162,0.0771616161616162,0.377121212121212,0.377121212121212,0.382141414141414
"408",0.0780909090909091,0.253656565656566,0.348959595959596,0.351818181818182,0.351818181818182
"409",0.0756767676767677,0.0756767676767677,0.46030303030303,0.493616161616162,NA
"410",0.0511414141414141,0.0678787878787879,0.293747474747475,0.426868686868687,NA
"411",0.0620909090909091,0.29169696969697,0.292121212121212,0.292121212121212,0.292121212121212
"412",0.0793434343434344,0.163515151515152,0.257818181818182,0.430626262626263,0.430626262626263
"413",0.0557373737373737,0.0766464646464647,0.351141414141414,0.351141414141414,0.351141414141414
"414",0.065989898989899,0.12769696969697,0.294626262626263,0.294626262626263,0.294626262626263
"415",0.056010101010101,0.112070707070707,0.499818181818182,0.548454545454546,NA
"416",0.0464242424242424,0.144969696969697,0.480282828282828,0.480282828282828,0.480282828282828
"417",0.0733030303030303,0.0733030303030303,0.389989898989899,0.390373737373737,0.390373737373737
"418",0.0678686868686869,0.141121212121212,0.304767676767677,0.379828282828283,0.755161616161616
"419",0.078959595959596,0.15889898989899,0.529040404040404,0.529040404040404,0.577151515151515
"420",0.0875353535353535,0.0919393939393939,0.319010101010101,0.556929292929293,0.556929292929293
"421",0.0872828282828283,0.0872828282828283,0.365161616161616,0.50330303030303,0.513777777777778
"422",0.0613131313131313,0.143929292929293,0.378030303030303,0.436373737373737,NA
"423",0.158484848484849,0.158484848484849,0.299969696969697,0.299969696969697,0.299969696969697
"424",0.0416767676767677,0.0918282828282828,0.634313131313131,0.656272727272727,0.656272727272727
"425",0.0764848484848485,0.232858585858586,0.343505050505051,0.343505050505051,0.506878787878788
"426",0.107828282828283,0.10810101010101,0.387070707070707,0.387070707070707,0.387070707070707
"427",0.124959595959596,0.183676767676768,0.207464646464646,0.207464646464646,0.606464646464646
"428",0.0784848484848485,0.0904747474747475,0.414838383838384,0.520292929292929,0.520292929292929
"429",0.0731919191919192,0.110767676767677,0.229020202020202,0.422575757575758,0.423787878787879
"430",0.114373737373737,0.114373737373737,0.398414141414141,0.448090909090909,NA
"431",0.0571414141414141,0.0571414141414141,0.41949494949495,0.419525252525253,NA
"432",0.105252525252525,0.10549494949495,0.461383838383838,0.461383838383838,0.505545454545455
"433",0.0568484848484849,0.0624040404040404,0.294606060606061,0.318727272727273,0.461989898989899
"434",0.0431919191919192,0.0431919191919192,0.312868686868687,0.539646464646465,0.541666666666667
"435",0.0657676767676768,0.239929292929293,0.331383838383838,0.331383838383838,0.331383838383838
"436",0.0602020202020202,0.128545454545455,0.303555555555556,0.303555555555556,0.502424242424242
"437",0.048949494949495,0.0790808080808081,0.329222222222222,0.329222222222222,0.329222222222222
"438",0.11220202020202,0.133777777777778,0.343646464646465,0.343646464646465,0.343646464646465
"439",0.0596868686868687,0.189515151515152,0.342,0.365070707070707,0.591919191919192
"440",NA,NA,NA,NA,NA
"441",0.056959595959596,0.056959595959596,0.193848484848485,0.376868686868687,NA
"442",0.0475454545454546,0.0889393939393939,0.414121212121212,0.646161616161616,0.646161616161616
"443",0.115282828282828,0.115282828282828,0.29559595959596,0.29559595959596,0.323636363636364
"444",0.0847070707070707,0.0847070707070707,0.570222222222222,0.570222222222222,0.570222222222222
"445",0.0682121212121212,0.0682121212121212,0.434828282828283,0.555737373737374,0.555737373737374
"446",0.0815050505050505,0.259,0.444020202020202,0.444040404040404,0.444080808080808
"447",0.138737373737374,0.138737373737374,0.496222222222222,0.496222222222222,0.609818181818182
"448",0.0557070707070707,0.171171717171717,0.304838383838384,0.553090909090909,0.553090909090909
"449",0.0427474747474747,0.070030303030303,0.449555555555556,0.449555555555556,0.509434343434343
"450",0.0469090909090909,0.0550606060606061,0.393767676767677,0.573080808080808,0.573080808080808
"451",0.0636666666666667,0.0721111111111111,0.262808080808081,0.274767676767677,0.274767676767677
"452",0.154535353535354,0.154535353535354,0.437858585858586,0.437858585858586,0.437858585858586
"453",0.0351111111111111,0.0474949494949495,0.322212121212121,0.332414141414141,NA
"454",0.0580505050505051,0.187979797979798,0.396111111111111,0.396111111111111,0.396111111111111
"455",0.0946666666666667,0.163686868686869,0.335969696969697,NA,NA
"456",0.0512424242424242,0.0512424242424242,0.445363636363636,0.562505050505051,0.562505050505051
"457",0.131717171717172,0.131717171717172,0.205989898989899,0.205989898989899,0.360646464646465
"458",0.0954949494949495,0.0954949494949495,0.301232323232323,0.347040404040404,0.611454545454545
"459",0.107616161616162,0.270727272727273,0.270727272727273,0.393161616161616,0.393161616161616
"460",0.0400505050505051,0.0538181818181818,0.36459595959596,0.36459595959596,NA
"461",0.048,0.0517575757575758,0.307939393939394,0.307939393939394,0.331060606060606
"462",0.0443737373737374,0.0633939393939394,0.339323232323232,0.443919191919192,NA
"463",0.0593737373737374,0.0821111111111111,0.314878787878788,0.314878787878788,NA
"464",0.0661111111111111,0.0661111111111111,0.320353535353535,0.394323232323232,NA
"465",0.0447070707070707,0.0726363636363636,0.367565656565657,0.367565656565657,0.407060606060606
"466",0.0448888888888889,0.0618383838383838,0.357111111111111,0.357111111111111,0.506545454545455
"467",0.0522929292929293,0.0522929292929293,0.154353535353535,0.505828282828283,0.630535353535354
"468",0.0473838383838384,0.0473838383838384,0.391353535353535,0.391353535353535,0.452151515151515
"469",0.062989898989899,0.138474747474747,0.465222222222222,0.498272727272727,0.525020202020202
"470",0.0635151515151515,0.0635151515151515,0.375888888888889,0.506464646464647,0.506464646464647
"471",0.055949494949495,0.055949494949495,0.553080808080808,0.553080808080808,0.553080808080808
"472",0.0514747474747475,0.131020202020202,0.486262626262626,0.486262626262626,0.486262626262626
"473",0.0561313131313131,0.305,0.412565656565657,0.412565656565657,NA
"474",0.106414141414141,0.156888888888889,0.356606060606061,0.381626262626263,0.58320202020202
"475",0.0523131313131313,0.0568686868686869,0.353535353535354,0.508181818181818,0.632707070707071
"476",0.0663434343434343,0.0663434343434343,0.359,0.361030303030303,0.361030303030303
"477",0.131191919191919,0.214989898989899,0.357252525252525,0.42140404040404,0.42140404040404
"478",0.0462323232323232,0.0462323232323232,0.329515151515152,0.329515151515152,0.408585858585859
"479",0.119565656565657,0.211828282828283,0.352626262626263,0.622505050505051,0.622505050505051
"480",0.0702323232323232,0.193989898989899,0.350848484848485,0.363878787878788,0.363878787878788
"481",0.0533838383838384,0.382424242424242,0.382424242424242,0.382424242424242,0.382454545454545
"482",0.0668383838383838,0.283909090909091,0.336070707070707,0.483707070707071,0.483707070707071
"483",0.0910505050505051,0.0910505050505051,0.617060606060606,0.621181818181818,NA
"484",0.0913636363636364,0.0913636363636364,0.160050505050505,0.160050505050505,0.499979797979798
"485",0.0545151515151515,0.0545151515151515,0.280040404040404,0.280040404040404,0.545787878787879
"486",0.0392020202020202,0.051,0.290252525252525,NA,NA
"487",0.0933030303030303,0.0948888888888889,0.29349494949495,0.293676767676768,0.390282828282828
"488",0.0967575757575758,0.0974545454545455,0.46220202020202,0.46220202020202,0.46220202020202
"489",0.0492222222222222,0.139343434343434,0.201141414141414,0.315656565656566,NA
"490",0.0483333333333333,0.0726868686868687,0.320989898989899,0.325030303030303,0.503686868686869
"491",0.077959595959596,0.172454545454545,0.303,0.303181818181818,0.380434343434343
"492",0.150141414141414,0.150141414141414,0.250838383838384,0.265939393939394,0.265939393939394
"493",0.0594444444444445,0.0594444444444445,0.34259595959596,0.465161616161616,0.465171717171717
"494",0.105191919191919,0.219262626262626,0.398181818181818,0.447414141414141,0.455919191919192
"495",0.0891616161616162,0.0891616161616162,0.485525252525253,0.485525252525253,0.486252525252525
"496",0.0486565656565657,0.136656565656566,0.445333333333333,0.733515151515152,0.822626262626263
"497",0.063949494949495,0.177585858585859,0.633040404040404,0.633040404040404,0.633040404040404
"498",0.0937070707070707,0.0937070707070707,0.349888888888889,0.415393939393939,0.590323232323232
"499",0.0484040404040404,0.0626262626262626,0.397676767676768,0.499252525252525,0.499363636363636
"500",0.0501313131313131,0.0501313131313131,0.319353535353535,0.421,0.421
"501",0.0923939393939394,0.0923939393939394,0.433343434343434,0.711282828282828,0.711282828282828
"502",0.0925858585858586,0.0927878787878788,0.415686868686869,0.415686868686869,0.415686868686869
"503",0.0544949494949495,0.156626262626263,0.168393939393939,0.263010101010101,0.561626262626263
"504",0.0446060606060606,0.0778989898989899,0.0778989898989899,0.328454545454545,0.451272727272727
"505",0.0979191919191919,0.126050505050505,0.126050505050505,0.126050505050505,0.302626262626263
"506",0.153353535353535,0.182191919191919,0.502646464646465,0.555111111111111,0.555111111111111
"507",0.0473939393939394,0.059969696969697,0.624686868686869,0.624686868686869,0.624686868686869
"508",0.097949494949495,0.097949494949495,0.268121212121212,0.42530303030303,NA
"509",0.0938181818181818,0.0938181818181818,0.335343434343434,0.335343434343434,0.394020202020202
"510",0.0505353535353535,0.0505353535353535,0.274434343434343,0.279676767676768,0.441888888888889
"511",0.0885252525252525,0.0885252525252525,0.365646464646465,0.366060606060606,0.366060606060606
"512",0.0471919191919192,0.0551515151515152,0.32649494949495,0.32649494949495,0.412373737373737
"513",0.0811313131313131,0.111919191919192,0.393666666666667,0.393666666666667,0.516707070707071
"514",0.13440404040404,0.159757575757576,0.394949494949495,0.394949494949495,0.394949494949495
"515",0.0473838383838384,0.0766060606060606,0.366454545454545,0.366454545454545,0.366454545454545
"516",0.167313131313131,0.167606060606061,0.454424242424242,0.454424242424242,0.454424242424242
"517",0.0788181818181818,0.25540404040404,0.379979797979798,0.479606060606061,0.479606060606061
"518",0.0771616161616162,0.0771616161616162,0.316131313131313,0.316151515151515,0.505585858585859
"519",0.0505050505050505,0.0505050505050505,0.186363636363636,0.35759595959596,0.424878787878788
"520",0.0603636363636364,0.0603636363636364,0.478727272727273,0.554646464646465,NA
"521",0.0983333333333333,0.0988282828282828,0.219686868686869,0.219686868686869,0.547878787878788
"522",0.0434141414141414,0.066939393939394,0.450666666666667,0.450808080808081,0.450808080808081
"523",0.0500707070707071,0.0500707070707071,0.219515151515152,0.514030303030303,0.514030303030303
"524",0.0966161616161616,0.0985353535353535,0.213828282828283,0.213828282828283,0.66030303030303
"525",0.076040404040404,0.136565656565657,0.281232323232323,0.688010101010101,0.688010101010101
"526",0.0433232323232323,0.0501414141414141,0.471848484848485,0.471848484848485,NA
"527",0.0531717171717172,0.0531717171717172,0.286454545454545,0.288979797979798,0.288979797979798
"528",0.222272727272727,0.232979797979798,0.557414141414141,0.606727272727273,0.678717171717172
"529",0.0794444444444445,0.0794444444444445,0.317585858585859,0.317585858585859,0.553313131313131
"530",0.0551717171717172,0.0551717171717172,0.344222222222222,0.344222222222222,0.344222222222222
"531",0.111676767676768,0.111676767676768,0.428242424242424,0.428464646464646,0.428464646464646
"532",0.0921414141414141,0.0925757575757576,0.495656565656566,0.495656565656566,0.693858585858586
"533",0.162686868686869,0.20810101010101,0.382454545454545,0.385818181818182,0.385818181818182
"534",0.105727272727273,0.193343434343434,0.25579797979798,0.38579797979798,0.38579797979798
"535",0.0506060606060606,0.10430303030303,0.366393939393939,0.366393939393939,0.366393939393939
"536",0.058969696969697,0.0813131313131313,0.567868686868687,0.612393939393939,0.612393939393939
"537",0.0513939393939394,0.0557979797979798,0.47779797979798,0.47779797979798,0.47779797979798
"538",0.149232323232323,0.248363636363636,0.37610101010101,0.37610101010101,0.497575757575758
"539",0.0525252525252525,0.0525252525252525,0.335191919191919,0.338737373737374,0.613868686868687
"540",0.0455656565656566,0.0792020202020202,0.49369696969697,0.49369696969697,0.49369696969697
"541",0.111515151515152,0.21769696969697,0.475242424242424,0.475242424242424,0.475242424242424
"542",0.110686868686869,0.152979797979798,0.604575757575758,0.604575757575758,NA
"543",0.0983737373737374,0.0983737373737374,0.466454545454546,0.466454545454546,0.466454545454546
"544",0.0467373737373737,0.0757777777777778,0.278565656565657,0.278565656565657,0.279373737373737
"545",0.054989898989899,0.054989898989899,0.390272727272727,0.47330303030303,0.473747474747475
"546",0.0367373737373737,0.129818181818182,0.39969696969697,0.43689898989899,NA
"547",0.0538686868686869,0.11089898989899,0.325767676767677,0.574919191919192,NA
"548",0.0613434343434343,0.0613434343434343,0.323131313131313,0.469232323232323,0.505121212121212
"549",0.0676161616161616,0.0676161616161616,0.46510101010101,0.46510101010101,0.49530303030303
"550",0.137414141414141,0.187585858585859,0.501424242424242,0.501424242424242,0.501424242424242
"551",0.0404545454545455,0.143020202020202,0.484010101010101,0.498464646464646,NA
"552",0.0494848484848485,0.118151515151515,0.612030303030303,0.681575757575758,0.697505050505051
"553",0.0398888888888889,0.0398888888888889,0.395414141414141,0.545616161616162,NA
"554",0.0588686868686869,0.229272727272727,0.240212121212121,0.240212121212121,0.240484848484848
"555",0.0791515151515152,0.0792020202020202,0.22559595959596,0.310818181818182,0.320575757575758
"556",0.0773131313131313,0.0773131313131313,0.163878787878788,0.163878787878788,0.349292929292929
"557",0.112959595959596,0.112959595959596,0.323959595959596,0.323959595959596,0.323959595959596
"558",0.0534444444444444,0.0534444444444444,0.238777777777778,0.422585858585859,0.513757575757576
"559",0.138828282828283,0.252111111111111,0.591606060606061,0.591606060606061,0.591606060606061
"560",0.062020202020202,0.154666666666667,0.474292929292929,0.474373737373737,0.538676767676768
"561",0.117050505050505,0.250626262626263,0.369939393939394,0.369939393939394,0.423171717171717
"562",0.0348181818181818,0.138666666666667,0.531151515151515,0.645828282828283,0.645828282828283
"563",0.118232323232323,0.118232323232323,0.447777777777778,0.447777777777778,0.447777777777778
"564",0.164878787878788,0.164878787878788,0.244909090909091,0.244909090909091,0.618151515151515
"565",0.0661313131313131,0.110585858585859,0.322474747474748,0.322474747474748,0.323282828282828
"566",0.141676767676768,0.183242424242424,0.183242424242424,0.400717171717172,0.400737373737374
"567",0.0536767676767677,0.241767676767677,0.60549494949495,0.605525252525253,0.605525252525253
"568",0.0434141414141414,0.128454545454545,0.336818181818182,0.336818181818182,0.336818181818182
"569",0.108414141414141,0.159535353535354,0.318393939393939,0.318393939393939,0.428777777777778
"570",0.0597575757575758,0.168848484848485,0.268686868686869,0.304616161616162,0.30649494949495
"571",0.0438888888888889,0.167868686868687,0.228686868686869,0.602373737373737,NA
"572",0.0521616161616162,0.0903434343434344,0.208868686868687,0.208868686868687,0.47259595959596
"573",0.0316767676767677,0.0543838383838384,0.484212121212121,NA,NA
"574",0.0502323232323232,0.237707070707071,0.386747474747475,0.427808080808081,NA
"575",0.153585858585859,0.153585858585859,0.366747474747475,0.367020202020202,0.367020202020202
"576",0.0681616161616162,0.0681616161616162,0.287232323232323,0.304848484848485,0.304848484848485
"577",0.142424242424242,0.163494949494949,0.414444444444445,0.415464646464646,0.921888888888889
"578",0.0602828282828283,0.209626262626263,0.503575757575758,0.503575757575758,0.72610101010101
"579",0.0553737373737374,0.0767878787878788,0.421030303030303,0.426838383838384,0.426838383838384
"580",0.046959595959596,0.081989898989899,0.497484848484849,0.497484848484849,0.497484848484849
"581",0.0636161616161616,0.113555555555556,0.360868686868687,0.36089898989899,0.36089898989899
"582",0.0641919191919192,0.0641919191919192,0.482747474747475,0.484313131313131,0.484313131313131
"583",0.146313131313131,0.146313131313131,0.29579797979798,0.29579797979798,0.511989898989899
"584",0.146969696969697,0.146969696969697,0.504585858585859,0.698787878787879,0.698787878787879
"585",0.0522424242424242,0.104242424242424,0.331838383838384,0.406161616161616,0.406161616161616
"586",0.055010101010101,0.286363636363636,0.340707070707071,0.340717171717172,0.340717171717172
"587",0.066010101010101,0.066010101010101,0.40769696969697,0.44079797979798,0.44079797979798
"588",0.0386565656565657,0.0750505050505051,0.538777777777778,NA,NA
"589",0.117858585858586,0.117858585858586,0.424212121212121,0.424212121212121,0.431828282828283
"590",0.0665454545454545,0.189666666666667,0.271515151515152,0.503656565656566,0.503656565656566
"591",0.0638080808080808,0.0710606060606061,0.367323232323232,0.556606060606061,0.556606060606061
"592",0.111878787878788,0.141111111111111,0.440949494949495,0.503565656565657,0.776242424242424
"593",0.135939393939394,0.135939393939394,0.350737373737374,0.560939393939394,0.574646464646465
"594",0.0485959595959596,0.163787878787879,0.39169696969697,0.396444444444444,NA
"595",0.0365757575757576,0.15530303030303,0.433080808080808,0.433080808080808,NA
"596",0.0577272727272727,0.0577272727272727,0.326171717171717,0.389343434343434,0.389343434343434
"597",0.0338080808080808,0.0771818181818182,0.456606060606061,0.456606060606061,0.456626262626263
"598",0.0742222222222222,0.207949494949495,0.40289898989899,0.418777777777778,0.45910101010101
"599",0.076020202020202,0.213020202020202,0.356787878787879,0.356787878787879,0.683616161616162
"600",0.0501010101010101,0.0599090909090909,0.254494949494949,0.254494949494949,0.254494949494949
"601",0.0818282828282828,0.0818282828282828,0.414181818181818,0.414181818181818,0.414181818181818
"602",0.0515050505050505,0.0515050505050505,0.196808080808081,0.503353535353535,0.552858585858586
"603",0.115626262626263,0.115626262626263,0.354343434343434,0.503838383838384,0.553878787878788
"604",0.0483232323232323,0.0483232323232323,0.318969696969697,0.461626262626263,0.465505050505051
"605",0.0523131313131313,0.0523131313131313,0.348636363636364,0.348636363636364,NA
"606",0.0531717171717172,0.109242424242424,0.328323232323232,0.328323232323232,0.328323232323232
"607",0.0800606060606061,0.0800606060606061,0.445989898989899,0.509131313131313,0.509131313131313
"608",0.0651111111111111,0.0651111111111111,0.41540404040404,0.535808080808081,0.535808080808081
"609",0.117979797979798,0.251373737373737,0.431757575757576,0.431757575757576,0.501020202020202
"610",0.147505050505051,0.147505050505051,0.239444444444444,0.239444444444444,NA
"611",0.205808080808081,0.206080808080808,0.335535353535354,0.335585858585859,0.880121212121212
"612",0.101515151515152,0.102070707070707,0.285757575757576,0.325939393939394,0.445727272727273
"613",0.0543535353535354,0.189606060606061,0.189606060606061,0.36610101010101,0.36610101010101
"614",0.096979797979798,0.0988484848484849,0.37130303030303,0.37130303030303,0.37130303030303
"615",0.0448888888888889,0.199272727272727,0.396767676767677,0.448444444444444,0.448444444444444
"616",0.154676767676768,0.154676767676768,0.350111111111111,0.410252525252525,0.503666666666667
"617",0.0510707070707071,0.0510707070707071,0.354070707070707,0.355353535353535,0.355353535353535
"618",0.105454545454545,0.105454545454545,0.491808080808081,0.491808080808081,0.491808080808081
"619",0.171030303030303,0.254111111111111,0.336464646464646,0.336464646464646,0.693020202020202
"620",0.0446767676767677,0.0560909090909091,0.394383838383838,0.484353535353535,0.491747474747475
"621",0.084949494949495,0.084949494949495,0.366838383838384,0.366838383838384,0.366838383838384
"622",0.166090909090909,0.166090909090909,0.327070707070707,0.327070707070707,0.328080808080808
"623",0.170080808080808,0.170080808080808,0.369161616161616,0.460565656565657,0.592808080808081
"624",0.0872121212121212,0.0872121212121212,0.479353535353535,0.486656565656566,0.486656565656566
"625",0.0963434343434344,0.0963434343434344,0.233656565656566,0.505424242424242,0.505424242424242
"626",0.112272727272727,0.112272727272727,0.11269696969697,0.505555555555556,0.505555555555556
"627",0.117131313131313,0.117131313131313,0.326777777777778,0.408030303030303,0.408030303030303
"628",0.0746868686868687,0.0746868686868687,0.216040404040404,0.423909090909091,0.423909090909091
"629",0.0690909090909091,0.0690909090909091,0.434070707070707,0.434070707070707,NA
"630",0.147777777777778,0.147777777777778,0.36710101010101,0.367707070707071,NA
"631",0.167858585858586,0.167858585858586,0.436969696969697,0.436969696969697,0.443505050505051
"632",0.0537171717171717,0.412292929292929,0.414535353535354,0.494727272727273,0.512414141414141
"633",0.0923838383838384,0.0923838383838384,0.235656565656566,0.235787878787879,0.235787878787879
"634",0.0476363636363636,0.140979797979798,0.332121212121212,0.332121212121212,0.332121212121212
"635",0.0507171717171717,0.154464646464646,0.503090909090909,0.503090909090909,0.503090909090909
"636",0.172282828282828,0.172282828282828,0.349383838383838,0.374717171717172,0.449020202020202
"637",0.0597070707070707,0.0866666666666667,0.272969696969697,0.498343434343434,0.498343434343434
"638",0.0452727272727273,0.0452727272727273,0.287242424242424,0.287252525252525,0.312777777777778
"639",0.0603535353535354,0.0603535353535354,0.0603535353535354,0.417636363636364,0.472353535353535
"640",0.133434343434343,0.301737373737374,0.438242424242424,0.438242424242424,0.438252525252525
"641",0.116444444444444,0.136626262626263,0.249131313131313,0.435050505050505,0.435050505050505
"642",0.0918686868686869,0.0918686868686869,0.458737373737374,0.540939393939394,0.540939393939394
"643",0.0421818181818182,0.234111111111111,0.339505050505051,0.345151515151515,0.570424242424243
"644",0.109868686868687,0.109868686868687,0.590292929292929,0.590292929292929,0.592474747474747
"645",0.0444747474747475,0.0639393939393939,0.350181818181818,0.350181818181818,0.350181818181818
"646",0.103171717171717,0.103171717171717,0.419414141414141,0.419414141414141,0.493646464646465
"647",0.037010101010101,0.228959595959596,0.424949494949495,0.498505050505051,0.498505050505051
"648",0.0622929292929293,0.0623838383838384,0.31659595959596,NA,NA
"649",0.0720707070707071,0.122626262626263,0.12269696969697,0.350242424242424,0.635010101010101
"650",0.0827272727272727,0.147939393939394,0.361131313131313,0.361131313131313,0.512959595959596
"651",0.11479797979798,0.11479797979798,0.334171717171717,0.334171717171717,0.334171717171717
"652",0.0557474747474748,0.067959595959596,0.369626262626263,0.369676767676768,0.815929292929293
"653",0.0784242424242424,0.107242424242424,0.456414141414141,0.479818181818182,0.600505050505051
"654",0.0661313131313131,0.0661313131313131,0.543151515151515,0.596454545454545,0.596454545454545
"655",0.123383838383838,0.158757575757576,0.321707070707071,0.321707070707071,0.399343434343434
"656",0.0612525252525253,0.143080808080808,0.49969696969697,0.499868686868687,0.544767676767677
"657",0.0386060606060606,0.119535353535354,0.542363636363636,0.542363636363636,NA
"658",0.110050505050505,0.252373737373737,0.377606060606061,0.513878787878788,NA
"659",0.0543939393939394,0.281545454545455,0.393030303030303,0.46269696969697,0.571434343434344
"660",0.0970606060606061,0.0970606060606061,0.377060606060606,0.377060606060606,0.380656565656566
"661",0.169030303030303,0.169030303030303,0.288232323232323,0.327030303030303,0.327030303030303
"662",0.0670909090909091,0.148111111111111,0.328333333333333,0.33589898989899,0.402444444444444
"663",0.0527979797979798,0.0527979797979798,0.376080808080808,0.376080808080808,NA
"664",0.0550707070707071,0.104080808080808,0.34930303030303,0.358676767676768,0.38130303030303
"665",0.0543232323232323,0.0747777777777778,0.462767676767677,0.462767676767677,0.462767676767677
"666",0.0539090909090909,0.103545454545455,0.312777777777778,0.596939393939394,NA
"667",0.110606060606061,0.110606060606061,0.336666666666667,0.336666666666667,0.336666666666667
"668",0.0577474747474747,0.125353535353535,0.456313131313131,0.494878787878788,0.500151515151515
"669",0.057969696969697,0.0958989898989899,0.155767676767677,0.155767676767677,0.697181818181818
"670",0.0428787878787879,0.0926767676767677,0.46849494949495,0.470888888888889,NA
"671",0.0766969696969697,0.102131313131313,0.358828282828283,0.358828282828283,0.598939393939394
"672",0.0542222222222222,0.0542222222222222,0.502919191919192,0.519575757575758,0.536242424242424
"673",0.0547373737373737,0.170141414141414,0.488555555555556,0.488555555555556,NA
"674",0.0387575757575758,0.0550505050505051,0.416242424242424,0.447949494949495,0.447949494949495
"675",0.104868686868687,0.105080808080808,0.332292929292929,0.332333333333333,0.570858585858586
"676",0.151313131313131,0.151313131313131,0.386333333333333,0.386333333333333,0.386333333333333
"677",0.0376161616161616,0.077969696969697,0.431434343434343,0.431434343434343,0.553090909090909
"678",0.0504242424242424,0.0504242424242424,0.25930303030303,0.419010101010101,0.560313131313131
"679",0.064979797979798,0.064979797979798,0.382424242424242,0.382424242424242,0.689919191919192
"680",0.0715252525252525,0.0715252525252525,0.489212121212121,0.489212121212121,0.508282828282828
"681",0.0444343434343434,0.0891414141414141,0.457535353535354,0.459414141414141,0.459414141414141
"682",0.0755656565656566,0.0755656565656566,0.0755656565656566,0.350414141414141,0.393343434343434
"683",0.115151515151515,0.164383838383838,0.343616161616162,0.558262626262626,0.631565656565657
"684",0.0555252525252525,0.0555252525252525,0.464070707070707,0.464070707070707,0.587282828282828
"685",0.162353535353535,0.162353535353535,0.377383838383838,0.377383838383838,0.570282828282828
"686",0.0895656565656566,0.273616161616162,0.424838383838384,0.424838383838384,0.427
"687",0.0492222222222222,0.0536666666666667,0.323575757575758,0.323575757575758,0.324464646464647
"688",0.0728989898989899,0.0729191919191919,0.430383838383838,0.488131313131313,0.488131313131313
"689",0.119515151515152,0.211616161616162,0.304323232323232,0.304323232323232,0.537484848484849
"690",0.203777777777778,0.263111111111111,0.373878787878788,0.376757575757576,0.376757575757576
"691",0.0829292929292929,0.0830505050505051,0.501787878787879,0.501787878787879,0.50210101010101
"692",0.0552626262626263,0.0607575757575758,0.428010101010101,0.609343434343434,0.609343434343434
"693",0.0488888888888889,0.212747474747475,0.393616161616162,0.393616161616162,0.707393939393939
"694",0.0533232323232323,0.057979797979798,0.538050505050505,0.538050505050505,0.560181818181818
"695",0.0565252525252525,0.0565252525252525,0.324707070707071,0.43420202020202,0.434222222222222
"696",0.0404242424242424,0.0702222222222222,0.353232323232323,0.535626262626263,0.535626262626263
"697",0.0881515151515152,0.198808080808081,0.345676767676768,0.346959595959596,NA
"698",0.0467272727272727,0.0672323232323232,0.501313131313131,0.533232323232323,0.533232323232323
"699",0.0557979797979798,0.0886666666666667,0.363,0.363,0.363030303030303
"700",0.069969696969697,0.297868686868687,0.402727272727273,0.402727272727273,0.402727272727273
"701",0.0702020202020202,0.0702020202020202,0.391090909090909,0.391090909090909,0.391090909090909
"702",0.112070707070707,0.112070707070707,0.429555555555556,0.429555555555556,0.559707070707071
"703",0.0412424242424242,0.139666666666667,0.282808080808081,0.282808080808081,NA
"704",0.0748383838383838,0.0967979797979798,0.408474747474747,0.408474747474747,0.408474747474747
"705",0.0573333333333333,0.100666666666667,0.329606060606061,0.329606060606061,0.329606060606061
"706",0.0415050505050505,0.0415050505050505,0.420878787878788,0.502242424242424,NA
"707",0.0477676767676768,0.112575757575758,0.281080808080808,0.281080808080808,0.281080808080808
"708",0.0831717171717172,0.0832727272727273,0.506545454545455,0.506545454545455,0.506545454545455
"709",0.116424242424242,0.188656565656566,0.344010101010101,0.344010101010101,0.344010101010101
"710",0.113161616161616,0.121353535353535,0.557929292929293,0.643878787878788,0.643878787878788
"711",0.109959595959596,0.194262626262626,0.278919191919192,0.278919191919192,0.278959595959596
"712",0.0984040404040404,0.0984040404040404,0.537535353535354,0.537535353535354,0.53759595959596
"713",0.0848282828282828,0.137525252525253,0.280929292929293,0.347919191919192,0.503525252525253
"714",0.0473131313131313,0.134525252525253,0.527959595959596,0.527959595959596,0.527959595959596
"715",0.0521010101010101,0.0521010101010101,0.57549494949495,0.575515151515152,0.575515151515152
"716",0.0918989898989899,0.222545454545455,0.39669696969697,0.39669696969697,0.613989898989899
"717",0.0565353535353535,0.0691010101010101,0.438828282828283,0.438828282828283,0.463050505050505
"718",0.0462121212121212,0.323292929292929,0.454727272727273,0.460080808080808,0.460959595959596
"719",0.184252525252525,0.214333333333333,0.462282828282828,0.462282828282828,0.462282828282828
"720",0.115949494949495,0.115949494949495,0.379707070707071,0.479626262626263,NA
"721",0.0513737373737374,0.0513737373737374,0.391737373737374,0.443686868686869,0.443686868686869
"722",0.130111111111111,0.130111111111111,0.497464646464646,0.505414141414141,0.702313131313131
"723",0.0463232323232323,0.138343434343434,0.214464646464646,0.318262626262626,0.609454545454545
"724",0.0726161616161616,0.33240404040404,0.419010101010101,0.419010101010101,0.451838383838384
"725",0.0522727272727273,0.0567373737373737,0.350181818181818,0.350181818181818,0.350181818181818
"726",0.0848181818181818,0.0848181818181818,0.333262626262626,0.333262626262626,0.333262626262626
"727",0.118353535353535,0.118353535353535,0.40759595959596,0.40759595959596,NA
"728",0.0429191919191919,0.0973737373737374,0.190333333333333,0.436242424242424,0.436242424242424
"729",0.125181818181818,0.178707070707071,0.404565656565657,0.404565656565657,0.404565656565657
"730",0.0541414141414141,0.196727272727273,0.589757575757576,0.589757575757576,NA
"731",0.0518282828282828,0.0518282828282828,0.423676767676768,0.491323232323232,NA
"732",0.112343434343434,0.130383838383838,0.482070707070707,0.482070707070707,0.482070707070707
"733",0.0353232323232323,0.0763232323232323,0.350949494949495,0.709181818181818,0.773444444444444
"734",0.0573636363636364,0.0573636363636364,0.373484848484849,0.392444444444444,0.392444444444444
"735",0.0461111111111111,0.0747373737373737,0.459666666666667,0.68720202020202,0.68720202020202
"736",0.0606161616161616,0.213030303030303,0.430737373737374,0.430737373737374,0.504757575757576
"737",0.0436767676767677,0.253282828282828,0.359727272727273,0.50320202020202,0.565737373737374
"738",0.13649494949495,0.13649494949495,0.418474747474747,0.418474747474747,NA
"739",0.0537676767676768,0.0537676767676768,0.287313131313131,0.294121212121212,0.297515151515152
"740",0.118525252525253,0.118525252525253,0.406565656565657,0.408161616161616,0.408161616161616
"741",0.053969696969697,0.151666666666667,0.382121212121212,0.438919191919192,0.561979797979798
"742",0.0443636363636364,0.136606060606061,0.302010101010101,0.302070707070707,0.448848484848485
"743",0.0808888888888889,0.0808888888888889,0.382969696969697,0.382969696969697,0.535141414141414
"744",0.119848484848485,0.119848484848485,0.388818181818182,0.388818181818182,0.517848484848485
"745",0.134363636363636,0.134363636363636,0.350060606060606,0.437454545454545,0.513636363636364
"746",0.120555555555556,0.137212121212121,0.137212121212121,0.435979797979798,0.435979797979798
"747",0.0573333333333333,0.0573333333333333,0.292212121212121,0.292212121212121,0.301717171717172
"748",0.145787878787879,0.146181818181818,0.202232323232323,NA,NA
"749",0.153060606060606,0.190555555555556,0.408,0.408,0.454929292929293
"750",0.0548585858585859,0.0758383838383838,0.383010101010101,0.383010101010101,0.383010101010101
"751",0.0391919191919192,0.30489898989899,0.307171717171717,0.307171717171717,0.307171717171717
"752",0.0588181818181818,0.0588181818181818,0.443464646464647,0.443464646464647,0.443464646464647
"753",0.0523737373737374,0.0640707070707071,0.291252525252525,0.497555555555556,0.501767676767677
"754",0.039969696969697,0.0739090909090909,0.368707070707071,0.667010101010101,0.667010101010101
"755",0.0632929292929293,0.203151515151515,0.50869696969697,0.50869696969697,0.50869696969697
"756",0.105707070707071,0.105737373737374,0.445626262626263,0.445686868686869,0.567151515151515
"757",0.0563030303030303,0.121707070707071,0.288343434343434,0.451242424242424,0.453656565656566
"758",0.0455555555555556,0.22589898989899,0.257969696969697,0.257969696969697,0.319737373737374
"759",0.0586565656565657,0.141828282828283,0.542343434343434,0.542343434343434,NA
"760",0.0493030303030303,0.0578686868686869,0.38230303030303,0.382535353535354,NA
"761",0.126373737373737,0.128191919191919,0.371959595959596,0.381868686868687,0.381868686868687
"762",0.0566060606060606,0.131121212121212,0.408525252525253,0.410767676767677,0.792727272727273
"763",0.106646464646465,0.143656565656566,0.557515151515152,0.607454545454545,0.608060606060606
"764",0.0604545454545455,0.0604545454545455,0.307010101010101,0.307010101010101,0.307010101010101
"765",0.0745353535353535,0.111575757575758,0.408545454545455,0.408545454545455,0.414383838383838
"766",0.106727272727273,0.106727272727273,0.393979797979798,0.393979797979798,0.393979797979798
"767",0.0447777777777778,0.170545454545455,0.353737373737374,0.353737373737374,0.452020202020202
"768",0.0478686868686869,0.0688686868686869,0.298131313131313,0.423555555555556,0.423555555555556
"769",0.0770909090909091,0.0771212121212121,0.293616161616162,0.655434343434343,NA
"770",0.0622424242424242,0.156484848484849,0.432585858585859,0.445868686868687,0.459080808080808
"771",0.0452424242424242,0.052989898989899,0.300636363636364,0.499333333333333,0.610737373737374
"772",0.0575252525252525,0.063020202020202,0.350484848484849,0.416171717171717,0.656585858585859
"773",0.0814141414141414,0.146717171717172,0.448646464646465,0.448646464646465,0.448646464646465
"774",0.0548989898989899,0.140424242424242,0.392828282828283,0.433868686868687,0.433868686868687
"775",0.075040404040404,0.075040404040404,0.269363636363636,0.456888888888889,0.565545454545455
"776",0.0906060606060606,0.175676767676768,0.368141414141414,0.480646464646465,0.480646464646465
"777",0.0857676767676768,0.0857676767676768,0.346606060606061,0.346606060606061,0.622222222222222
"778",0.0543737373737374,0.0543737373737374,0.327020202020202,0.327020202020202,0.561848484848485
"779",0.0596666666666667,0.169020202020202,0.544575757575758,0.544575757575758,0.544575757575758
"780",0.0932929292929293,0.112,0.464050505050505,NA,NA
"781",0.0694949494949495,0.0694949494949495,0.256080808080808,0.525191919191919,0.527111111111111
"782",0.0421818181818182,0.150090909090909,0.150090909090909,0.150090909090909,NA
"783",0.154222222222222,0.154222222222222,0.256434343434343,0.256434343434343,0.273555555555556
"784",0.243777777777778,0.246535353535354,0.364010101010101,0.364010101010101,0.505111111111111
"785",0.0631818181818182,0.256343434343434,0.373080808080808,0.373616161616162,0.504959595959596
"786",0.111161616161616,0.111161616161616,0.34369696969697,0.343707070707071,0.450626262626263
"787",0.0618383838383838,0.121616161616162,0.278292929292929,0.278292929292929,0.287181818181818
"788",0.0499191919191919,0.0646161616161616,0.475040404040404,0.475040404040404,NA
"789",0.208262626262626,0.208262626262626,0.355080808080808,0.355080808080808,0.623818181818182
"790",0.060020202020202,0.060020202020202,0.569232323232323,0.569232323232323,0.578767676767677
"791",0.0555252525252525,0.0766767676767677,0.314838383838384,0.314838383838384,NA
"792",0.173454545454545,0.185333333333333,0.366010101010101,0.366010101010101,0.398363636363636
"793",0.0680505050505051,0.0680505050505051,0.542676767676768,0.56059595959596,0.585878787878788
"794",0.087020202020202,0.087020202020202,0.320313131313131,0.5,0.505737373737374
"795",0.0557070707070707,0.0557070707070707,0.242323232323232,0.242323232323232,0.545474747474748
"796",0.0885555555555556,0.0912020202020202,0.29020202020202,0.434020202020202,NA
"797",0.0740808080808081,0.148222222222222,0.41689898989899,0.426929292929293,0.426929292929293
"798",0.0695252525252525,0.12130303030303,0.318444444444444,0.390474747474748,0.390474747474748
"799",0.0660505050505051,0.102434343434343,0.399676767676768,0.399676767676768,0.399676767676768
"800",0.0600505050505051,0.193818181818182,0.283939393939394,0.314161616161616,NA
"801",0.0583535353535354,0.0583535353535354,0.410565656565657,0.455010101010101,0.504333333333333
"802",0.0681717171717172,0.0681717171717172,0.400848484848485,0.549161616161616,0.549575757575758
"803",0.098969696969697,0.098969696969697,0.199878787878788,0.333888888888889,0.695626262626263
"804",0.111141414141414,0.111161616161616,0.344343434343434,0.344343434343434,0.430606060606061
"805",0.0475353535353535,0.0614141414141414,0.527585858585859,0.527585858585859,0.691848484848485
"806",0.0461616161616162,0.0534040404040404,0.454292929292929,0.454292929292929,0.577818181818182
"807",0.0741919191919192,0.0758181818181818,0.28940404040404,0.324242424242424,0.324242424242424
"808",0.0486666666666667,0.0626262626262626,0.186070707070707,0.199888888888889,0.314868686868687
"809",0.108535353535354,0.108535353535354,0.108646464646465,0.372959595959596,0.375242424242424
"810",0.0503232323232323,0.25869696969697,0.363474747474748,0.363474747474748,0.363474747474748
"811",0.0506363636363636,0.11789898989899,0.298535353535354,0.301929292929293,0.497919191919192
"812",0.0663434343434343,0.0834949494949495,0.300111111111111,0.305616161616162,0.358393939393939
"813",0.102969696969697,0.103181818181818,0.393292929292929,0.618565656565657,0.618565656565657
"814",0.115646464646465,0.115646464646465,0.374050505050505,0.374050505050505,NA
"815",0.0561212121212121,0.172717171717172,0.48269696969697,0.48269696969697,0.511444444444444
"816",0.0457070707070707,0.0457070707070707,0.361848484848485,0.361848484848485,0.390535353535354
"817",0.0822525252525253,0.0822525252525253,0.338080808080808,0.375262626262626,NA
"818",0.0609090909090909,0.255676767676768,0.557818181818182,0.557818181818182,0.792
"819",0.0631515151515152,0.0631515151515152,0.278040404040404,0.600141414141414,0.600141414141414
"820",0.108141414141414,0.108141414141414,0.336474747474747,0.336474747474747,0.474040404040404
"821",0.0540707070707071,0.0540707070707071,0.400121212121212,0.400121212121212,0.40169696969697
"822",0.0456767676767677,0.0814747474747475,0.0815454545454545,0.17020202020202,0.414787878787879
"823",0.0608484848484849,0.0887373737373737,0.419767676767677,0.419767676767677,0.419767676767677
"824",0.0596969696969697,0.0596969696969697,0.309585858585859,0.309585858585859,0.309585858585859
"825",0.142707070707071,0.159868686868687,0.383161616161616,0.383161616161616,0.425444444444444
"826",0.173353535353535,0.173353535353535,0.228111111111111,0.420838383838384,0.422030303030303
"827",0.174333333333333,0.21540404040404,0.373626262626263,0.373636363636364,NA
"828",0.113363636363636,0.131191919191919,0.368484848484849,0.370020202020202,0.930363636363636
"829",0.100777777777778,0.100949494949495,0.340646464646465,0.340838383838384,0.340838383838384
"830",0.114686868686869,0.114686868686869,0.174444444444444,0.38410101010101,0.38410101010101
"831",0.0875656565656566,0.14830303030303,0.280313131313131,0.731404040404041,NA
"832",0.111707070707071,0.278818181818182,0.309787878787879,0.309787878787879,0.309787878787879
"833",0.0985050505050505,0.0985050505050505,0.378555555555556,0.448666666666667,0.448666666666667
"834",0.102515151515152,0.102515151515152,0.354333333333333,0.562111111111111,0.562111111111111
"835",0.0476767676767677,0.0476767676767677,0.372040404040404,0.372040404040404,0.372060606060606
"836",0.0506060606060606,0.22969696969697,0.319858585858586,0.428676767676768,0.428676767676768
"837",0.0847777777777778,0.0847777777777778,0.323343434343434,0.323343434343434,0.709989898989899
"838",0.100171717171717,0.120353535353535,0.358131313131313,0.358131313131313,0.377717171717172
"839",0.0643737373737374,0.0813434343434344,0.331171717171717,0.331171717171717,0.331171717171717
"840",0.0714242424242424,0.0744646464646465,0.465777777777778,0.465777777777778,0.471070707070707
"841",0.0678686868686869,0.0767373737373737,0.493868686868687,0.493868686868687,0.505050505050505
"842",0.0581111111111111,0.0581111111111111,0.283252525252525,0.572232323232323,0.727545454545455
"843",0.155181818181818,0.315242424242424,0.317939393939394,0.317939393939394,0.317939393939394
"844",0.111707070707071,0.183020202020202,0.300989898989899,0.300989898989899,0.300989898989899
"845",0.109444444444444,0.109444444444444,0.261727272727273,0.596080808080808,NA
"846",0.212505050505051,0.212505050505051,0.378888888888889,0.378888888888889,0.548343434343434
"847",0.131272727272727,0.131272727272727,0.329878787878788,0.329878787878788,0.555525252525253
"848",0.055989898989899,0.0613737373737374,0.450848484848485,0.49640404040404,0.50649494949495
"849",0.0543131313131313,0.182525252525253,0.475333333333333,0.475333333333333,0.504323232323232
"850",0.0502626262626263,0.103717171717172,0.42249494949495,0.42249494949495,0.627060606060606
"851",0.0515959595959596,0.0515959595959596,0.398585858585859,0.398585858585859,0.398585858585859
"852",0.0759191919191919,0.153686868686869,0.480030303030303,0.480040404040404,0.480040404040404
"853",0.109030303030303,0.167212121212121,0.421414141414141,0.422676767676768,0.449989898989899
"854",0.0910909090909091,0.174565656565657,0.397606060606061,0.399040404040404,0.620121212121212
"855",0.138656565656566,0.342767676767677,0.342767676767677,0.342767676767677,0.501141414141414
"856",0.190323232323232,0.190323232323232,0.428292929292929,0.428454545454545,0.428454545454545
"857",0.0476161616161616,0.0476161616161616,0.406252525252525,0.431747474747475,0.431747474747475
"858",0.0593232323232323,0.10289898989899,0.464121212121212,0.464121212121212,0.514666666666667
"859",0.0753030303030303,0.0753030303030303,0.325959595959596,0.373878787878788,0.457515151515152
"860",0.0505252525252525,0.115727272727273,0.28759595959596,0.591818181818182,0.657949494949495
"861",0.0995252525252525,0.14249494949495,0.377232323232323,0.377232323232323,0.377232323232323
"862",0.0424949494949495,0.0524242424242424,0.429535353535354,0.429535353535354,NA
"863",0.057,0.106222222222222,0.349171717171717,0.443252525252525,NA
"864",0.21940404040404,0.21940404040404,0.394141414141414,0.394141414141414,0.394141414141414
"865",0.0478989898989899,0.0563434343434343,0.381070707070707,0.392080808080808,0.392131313131313
"866",0.0785353535353535,0.175020202020202,0.328686868686869,0.491868686868687,0.491868686868687
"867",0.158111111111111,0.175151515151515,0.455393939393939,0.455393939393939,0.455393939393939
"868",0.141949494949495,0.193090909090909,0.292525252525253,0.293454545454545,0.754565656565657
"869",0.0611515151515152,0.0611515151515152,0.416171717171717,0.416171717171717,0.416171717171717
"870",0.0574848484848485,0.0574848484848485,0.290373737373737,0.390575757575758,0.393181818181818
"871",0.0437777777777778,0.0587878787878788,0.504737373737374,0.631949494949495,0.631949494949495
"872",0.06,0.06,0.372212121212121,0.372212121212121,0.513747474747475
"873",0.119121212121212,0.119121212121212,0.354272727272727,0.363565656565657,0.75949494949495
"874",0.0486161616161616,0.240777777777778,0.240777777777778,0.448141414141414,0.509454545454545
"875",0.0345151515151515,0.0783333333333333,0.23240404040404,0.351606060606061,0.351606060606061
"876",0.0755151515151515,0.0755151515151515,0.32920202020202,0.419818181818182,0.419818181818182
"877",0.0766060606060606,0.156171717171717,0.383424242424242,0.383424242424242,0.543525252525253
"878",0.0596464646464646,0.0596464646464646,0.436707070707071,0.436888888888889,0.444969696969697
"879",0.15530303030303,0.15530303030303,0.385848484848485,0.385848484848485,0.45640404040404
"880",0.075020202020202,0.0779191919191919,NA,NA,NA
"881",0.0813535353535354,0.0814646464646465,0.289878787878788,0.637121212121212,0.637121212121212
"882",0.0545757575757576,0.118636363636364,0.514131313131313,0.514131313131313,0.514131313131313
"883",0.0553838383838384,0.189878787878788,0.347434343434343,0.458050505050505,0.458050505050505
"884",0.0896363636363636,0.142929292929293,0.364232323232323,0.368474747474748,0.46530303030303
"885",0.0472525252525253,0.216929292929293,0.450545454545455,0.450545454545455,0.578464646464646
"886",0.0555757575757576,0.131121212121212,0.31069696969697,0.31069696969697,0.31069696969697
"887",0.0634949494949495,0.0634949494949495,0.108222222222222,0.32410101010101,0.562252525252525
"888",0.0770909090909091,0.0770909090909091,0.505090909090909,0.540848484848485,0.796373737373737
"889",0.0896666666666667,0.0896666666666667,0.262767676767677,0.274585858585859,0.589272727272727
"890",0.0872626262626263,0.0872626262626263,0.349909090909091,0.349909090909091,0.447848484848485
"891",0.0595151515151515,0.102060606060606,0.27549494949495,0.49749494949495,0.546313131313131
"892",0.0451313131313131,0.195313131313131,0.437313131313131,0.451454545454545,0.451454545454545
"893",0.0515353535353535,0.163565656565657,0.26569696969697,0.317666666666667,0.317808080808081
"894",0.0496161616161616,0.0593434343434344,0.339616161616162,0.339616161616162,0.505777777777778
"895",0.215111111111111,0.408686868686869,0.408686868686869,0.499757575757576,0.531575757575758
"896",0.123585858585859,0.123585858585859,0.216747474747475,0.218444444444444,0.353484848484849
"897",0.0530808080808081,0.137858585858586,0.151212121212121,0.351171717171717,0.46630303030303
"898",0.0738787878787879,0.0738787878787879,0.523666666666667,0.523666666666667,0.555383838383838
"899",0.0501313131313131,0.0649393939393939,0.548515151515152,0.548525252525253,0.564181818181818
"900",0.0617373737373737,0.0617373737373737,0.349989898989899,0.370353535353535,0.441565656565657
"901",0.0552424242424242,0.0607070707070707,0.16120202020202,0.213333333333333,0.41459595959596
"902",0.0546161616161616,0.0754040404040404,0.47720202020202,0.47720202020202,0.47720202020202
"903",0.056959595959596,0.120575757575758,0.409444444444444,0.409444444444444,0.409444444444444
"904",0.0607272727272727,0.252343434343434,0.326212121212121,0.328979797979798,0.328979797979798
"905",0.0597171717171717,0.0597171717171717,0.374454545454545,0.374454545454545,0.374454545454545
"906",0.171131313131313,0.232222222222222,0.255474747474748,0.368060606060606,0.402828282828283
"907",0.0633939393939394,0.0797878787878788,0.354989898989899,0.380707070707071,0.405121212121212
"908",0.086030303030303,0.086030303030303,0.473414141414141,0.476252525252525,0.476252525252525
"909",0.150787878787879,0.193454545454545,0.292080808080808,0.318888888888889,0.318888888888889
"910",0.047010101010101,0.047010101010101,0.515434343434343,0.535969696969697,NA
"911",0.0421717171717172,0.0732323232323232,0.303555555555556,0.303555555555556,0.303555555555556
"912",0.0606161616161616,0.076040404040404,0.383292929292929,0.383292929292929,0.383292929292929
"913",0.0548080808080808,0.0548080808080808,0.170868686868687,0.334666666666667,NA
"914",0.048989898989899,0.048989898989899,0.367616161616162,0.367686868686869,0.424232323232323
"915",0.0430606060606061,0.0695959595959596,0.460424242424242,0.694373737373737,0.697
"916",0.0793838383838384,0.173959595959596,0.373565656565657,0.477747474747475,0.477747474747475
"917",0.0452424242424242,0.232141414141414,0.404111111111111,NA,NA
"918",0.0772121212121212,0.131333333333333,0.381282828282828,0.381282828282828,0.507393939393939
"919",0.0927575757575758,0.0927575757575758,0.313717171717172,0.417707070707071,0.571444444444445
"920",0.131787878787879,0.131787878787879,0.353292929292929,0.399070707070707,0.399070707070707
"921",0.0842121212121212,0.136666666666667,0.247565656565657,0.247565656565657,0.298525252525253
"922",0.0363939393939394,0.0747777777777778,0.511313131313131,0.511313131313131,0.541606060606061
"923",0.0581919191919192,0.198080808080808,0.361050505050505,0.438525252525253,0.439141414141414
"924",0.101030303030303,0.101030303030303,0.289929292929293,0.376272727272727,0.439505050505051
"925",0.0469090909090909,0.0674343434343434,0.460737373737374,0.460737373737374,NA
"926",0.064949494949495,0.117757575757576,0.237212121212121,0.237212121212121,0.237212121212121
"927",0.0985555555555556,0.0985555555555556,0.397979797979798,0.602424242424243,0.602505050505051
"928",0.0628080808080808,0.105535353535354,0.322676767676768,0.574212121212121,0.574212121212121
"929",0.0683838383838384,0.0683838383838384,0.336919191919192,0.336919191919192,0.336919191919192
"930",0.112939393939394,0.112939393939394,0.507444444444444,0.507444444444444,0.507717171717172
"931",0.184353535353535,0.184353535353535,0.324474747474748,0.39940404040404,0.39940404040404
"932",0.0595959595959596,0.220737373737374,0.404676767676768,0.530565656565657,NA
"933",0.119555555555556,0.16059595959596,0.409808080808081,0.409808080808081,NA
"934",0.0677070707070707,0.111828282828283,0.422272727272727,0.422272727272727,0.422272727272727
"935",0.0470505050505051,0.382242424242424,0.386818181818182,0.386818181818182,0.388111111111111
"936",0.0578181818181818,0.216050505050505,0.445565656565657,0.445565656565657,0.445565656565657
"937",0.0621212121212121,0.0621515151515152,0.574838383838384,0.732444444444444,NA
"938",0.122363636363636,0.240141414141414,0.240141414141414,0.354727272727273,0.383767676767677
"939",0.0434848484848485,0.112434343434343,0.353717171717172,0.484,NA
"940",0.0619393939393939,0.217838383838384,0.335747474747475,0.335767676767677,0.425757575757576
"941",0.0490505050505051,0.0490505050505051,0.237232323232323,0.237232323232323,0.352070707070707
"942",0.0674040404040404,0.119555555555556,0.350959595959596,0.37369696969697,0.425535353535354
"943",0.0598787878787879,0.118828282828283,0.291161616161616,0.291161616161616,0.291161616161616
"944",0.0782929292929293,0.0782929292929293,0.343252525252525,0.343252525252525,0.553252525252525
"945",0.0590707070707071,0.138969696969697,0.377646464646465,0.492222222222222,0.510707070707071
"946",0.0620505050505051,0.25720202020202,0.353171717171717,0.468949494949495,0.468949494949495
"947",0.0792929292929293,0.0795959595959596,0.190565656565657,0.335444444444444,0.335444444444444
"948",0.0387272727272727,0.0671616161616162,0.50420202020202,0.510525252525253,0.511676767676768
"949",0.0606060606060606,0.0762828282828283,0.279979797979798,0.279979797979798,0.45340404040404
"950",0.110424242424242,0.121242424242424,0.279010101010101,0.279010101010101,0.353707070707071
"951",0.0704949494949495,0.0704949494949495,0.418646464646465,0.418646464646465,0.418646464646465
"952",0.10820202020202,0.10820202020202,0.453,0.625131313131313,0.764282828282828
"953",0.132050505050505,0.134373737373737,0.422585858585859,0.430808080808081,0.430808080808081
"954",0.13410101010101,0.260565656565657,0.431818181818182,0.431818181818182,0.431818181818182
"955",0.0394545454545455,0.259666666666667,0.491606060606061,0.491606060606061,0.512424242424242
"956",0.0746464646464647,0.188767676767677,0.541393939393939,0.541393939393939,0.578323232323232
"957",0.0612828282828283,0.0612828282828283,0.458090909090909,0.458090909090909,0.649656565656566
"958",NA,NA,NA,NA,NA
"959",0.0846161616161616,0.0884545454545455,0.314222222222222,0.460808080808081,0.690252525252525
"960",0.0452828282828283,0.156838383838384,0.34379797979798,0.403424242424242,NA
"961",0.168929292929293,0.185454545454545,0.479818181818182,0.479818181818182,0.479828282828283
"962",0.0572828282828283,0.0572828282828283,0.256070707070707,0.262969696969697,0.263323232323232
"963",0.0500505050505051,0.0597777777777778,0.443535353535354,0.443535353535354,0.443535353535354
"964",0.111666666666667,0.111666666666667,0.485565656565657,0.487989898989899,0.487989898989899
"965",0.0461616161616162,0.229919191919192,0.425717171717172,0.649424242424242,0.649424242424242
"966",0.106545454545455,0.284848484848485,0.314313131313131,0.314313131313131,0.656090909090909
"967",0.182292929292929,0.182292929292929,0.325040404040404,0.469585858585859,0.469585858585859
"968",0.0426060606060606,0.0643030303030303,0.30159595959596,0.636242424242424,NA
"969",0.0435555555555556,0.290646464646465,0.47010101010101,0.470121212121212,0.470121212121212
"970",0.0662323232323232,0.0674343434343434,0.355434343434343,NA,NA
"971",0.0294040404040404,0.0673030303030303,0.412212121212121,0.446505050505051,NA
"972",0.0927878787878788,0.0928989898989899,0.242424242424242,0.24259595959596,0.24259595959596
"973",0.10989898989899,0.109939393939394,0.452484848484849,0.46069696969697,0.465989898989899
"974",0.137666666666667,0.137666666666667,0.430535353535354,0.430555555555556,0.430555555555556
"975",0.244727272727273,0.245222222222222,0.397656565656566,0.397656565656566,0.505181818181818
"976",0.0567979797979798,0.0625050505050505,0.377575757575758,0.377575757575758,0.377575757575758
"977",0.0456161616161616,0.0781010101010101,0.420171717171717,0.420171717171717,0.428373737373737
"978",0.0793737373737374,0.133383838383838,0.38540404040404,0.38540404040404,0.39359595959596
"979",0.056989898989899,0.144868686868687,0.410747474747475,0.411353535353535,0.561989898989899
"980",0.108272727272727,0.108292929292929,0.441727272727273,0.57530303030303,0.57530303030303
"981",0.0463030303030303,0.0757373737373737,0.0757373737373737,0.387060606060606,0.387060606060606
"982",0.045020202020202,0.143727272727273,0.48630303030303,0.490141414141414,0.490141414141414
"983",0.056010101010101,0.121050505050505,0.436090909090909,0.436090909090909,0.581171717171717
"984",0.0745454545454546,0.092959595959596,0.257353535353535,0.443737373737374,0.443737373737374
"985",0.0507474747474747,0.119,0.392727272727273,0.392727272727273,0.439858585858586
"986",0.0444747474747475,0.0521212121212121,0.276080808080808,0.27610101010101,0.27610101010101
"987",0.130191919191919,0.130191919191919,0.413575757575758,0.413575757575758,0.413575757575758
"988",0.0608080808080808,0.194464646464646,0.292868686868687,0.439737373737374,0.439777777777778
"989",0.091030303030303,0.0913939393939394,0.274373737373737,0.432414141414141,0.432414141414141
"990",0.104434343434343,0.104434343434343,0.328909090909091,0.339353535353535,0.339353535353535
"991",0.140191919191919,0.140191919191919,0.259535353535354,0.566565656565657,0.566565656565657
"992",0.0483030303030303,0.0483030303030303,0.351676767676768,0.385323232323232,NA
"993",0.0745454545454546,0.0745454545454546,0.46020202020202,0.46020202020202,0.46020202020202
"994",0.0993535353535354,0.0993535353535354,0.321838383838384,0.321838383838384,NA
"995",0.0618282828282828,0.156121212121212,0.404868686868687,0.404868686868687,0.506373737373737
"996",0.0723737373737374,0.0733636363636364,0.227929292929293,0.227929292929293,0.501626262626263
"997",0.0450808080808081,0.206929292929293,0.342080808080808,0.342080808080808,0.52379797979798
"998",0.119,0.181393939393939,0.338121212121212,0.338121212121212,0.435949494949495
"999",0.0535151515151515,0.0535151515151515,0.228070707070707,0.270343434343434,0.450232323232323
"1000",0.111,0.111,0.358131313131313,0.478636363636364,0.478636363636364
"1001",0.113343434343434,0.113343434343434,0.296191919191919,0.296191919191919,0.296191919191919
"1002",0.0504545454545455,0.0755757575757576,0.466545454545455,0.489969696969697,0.539838383838384
"1003",0.0772929292929293,0.176393939393939,0.345616161616162,NA,NA
"1004",0.0895050505050505,0.143676767676768,0.354414141414141,0.404414141414141,0.404414141414141
"1005",NA,NA,NA,NA,NA
"1006",0.057040404040404,0.10640404040404,0.295575757575758,0.479515151515152,NA
"1007",0.0616464646464647,0.172626262626263,0.665575757575758,0.665575757575758,0.665575757575758
"1008",0.0682525252525253,0.076989898989899,0.284686868686869,0.438929292929293,0.460060606060606
"1009",0.125292929292929,0.165717171717172,0.270040404040404,0.275060606060606,0.436969696969697
"1010",0.0472121212121212,0.0472121212121212,0.241181818181818,0.518818181818182,0.518818181818182
"1011",0.109505050505051,0.109505050505051,0.294353535353535,0.294353535353535,0.32430303030303
"1012",0.0617474747474748,0.17010101010101,0.377313131313131,0.377313131313131,0.377393939393939
"1013",0.112969696969697,0.142191919191919,0.422737373737374,0.516050505050505,0.51620202020202
"1014",0.0459090909090909,0.0744242424242424,0.384242424242424,0.384242424242424,0.384262626262626
"1015",0.048020202020202,0.101111111111111,0.155454545454545,0.499585858585859,NA
"1016",0.131070707070707,0.131070707070707,0.474515151515152,0.47459595959596,0.604111111111111
"1017",0.0506161616161616,0.0651717171717172,0.534787878787879,0.597121212121212,0.657333333333333
"1018",0.150727272727273,0.162323232323232,0.218373737373737,0.218373737373737,0.506676767676768
"1019",0.0650707070707071,0.116858585858586,0.402959595959596,0.40940404040404,0.40940404040404
"1020",0.0963030303030303,0.0963030303030303,0.0963030303030303,0.305545454545455,0.573525252525253
"1021",0.0681515151515152,0.125494949494949,0.493727272727273,NA,NA
"1022",0.0770505050505051,0.173838383838384,0.408242424242424,0.408242424242424,0.408242424242424
"1023",0.0447171717171717,0.0484141414141414,0.270292929292929,0.270292929292929,0.43469696969697
"1024",0.0626767676767677,0.173505050505051,0.316747474747475,0.328616161616162,0.757888888888889
"1025",0.0618585858585859,0.112919191919192,0.390858585858586,0.390858585858586,NA
"1026",0.0607474747474748,0.128555555555556,0.30969696969697,0.311262626262626,0.687909090909091
"1027",0.0447878787878788,0.0577878787878788,0.226787878787879,0.291050505050505,0.653484848484849
"1028",0.0566868686868687,0.206666666666667,0.249222222222222,0.250111111111111,NA
"1029",0.123212121212121,0.123212121212121,0.502383838383838,0.598939393939394,0.648181818181818
"1030",0.0554949494949495,0.0554949494949495,0.269525252525253,0.274828282828283,0.531575757575758
"1031",0.0856767676767677,0.0856767676767677,0.386585858585859,0.386585858585859,0.386585858585859
"1032",0.0717474747474748,0.0810606060606061,0.556222222222222,0.556222222222222,0.565464646464647
"1033",0.0394848484848485,0.13710101010101,0.416292929292929,0.416292929292929,0.561575757575758
"1034",0.106818181818182,0.106818181818182,0.488919191919192,0.488919191919192,0.488919191919192
"1035",0.0632020202020202,0.201505050505051,0.201505050505051,0.201505050505051,0.427313131313131
"1036",0.0472929292929293,0.103515151515152,0.419767676767677,0.434040404040404,0.57859595959596
"1037",0.0448989898989899,0.132505050505051,0.244434343434343,0.254939393939394,NA
"1038",0.0585555555555556,0.0585555555555556,0.502585858585859,0.57549494949495,0.57549494949495
"1039",0.213181818181818,0.296505050505051,0.393818181818182,0.474111111111111,0.648070707070707
"1040",0.11789898989899,0.117959595959596,0.289636363636364,0.387848484848485,NA
"1041",0.0459191919191919,0.0493030303030303,0.362777777777778,0.362777777777778,0.427575757575758
"1042",0.134353535353535,0.300555555555556,0.325585858585859,0.368555555555556,0.36869696969697
"1043",0.0482929292929293,0.125464646464646,0.327141414141414,0.327141414141414,0.347818181818182
"1044",0.109555555555556,0.109555555555556,0.390383838383838,0.399808080808081,0.399808080808081
"1045",0.0808282828282828,0.0808282828282828,0.350848484848485,0.350848484848485,0.395888888888889
"1046",0.0450505050505051,0.0482525252525253,0.507545454545455,0.61359595959596,0.619969696969697
"1047",0.0325353535353535,0.085959595959596,0.400666666666667,NA,NA
"1048",0.19489898989899,0.288141414141414,0.288323232323232,0.288323232323232,0.38149494949495
"1049",0.0909292929292929,0.0909292929292929,0.324282828282828,0.463989898989899,0.567555555555556
"1050",0.0524343434343434,0.0907676767676768,0.327565656565657,0.391050505050505,0.422282828282828
"1051",0.166121212121212,0.166121212121212,0.457383838383838,0.457383838383838,0.657484848484849
"1052",0.104515151515152,0.104515151515152,0.45369696969697,0.45369696969697,0.45369696969697
"1053",0.091040404040404,0.091040404040404,0.45330303030303,0.45330303030303,0.45330303030303
"1054",0.19720202020202,0.19720202020202,0.276787878787879,0.276787878787879,NA
"1055",0.0484343434343434,0.147292929292929,0.404070707070707,0.577242424242424,0.827838383838384
"1056",0.0696262626262626,0.0696262626262626,0.309707070707071,0.309707070707071,0.309707070707071
"1057",0.0412525252525253,0.0675858585858586,0.377676767676768,0.674727272727273,NA
"1058",0.0792929292929293,0.158535353535354,0.287535353535354,0.406020202020202,0.406020202020202
"1059",0.167969696969697,0.251343434343434,0.348727272727273,0.348727272727273,0.562838383838384
"1060",0.054969696969697,0.075989898989899,0.282929292929293,0.323747474747475,0.412080808080808
"1061",0.148808080808081,0.148808080808081,0.416505050505051,0.421191919191919,0.421191919191919
"1062",0.0741919191919192,0.118727272727273,0.36949494949495,0.372363636363636,0.585212121212121
"1063",0.0435555555555556,0.0468888888888889,0.372747474747475,0.379070707070707,0.390767676767677
"1064",0.0604646464646465,0.119080808080808,0.321090909090909,0.321090909090909,0.321090909090909
"1065",0.0768585858585859,0.125020202020202,0.445656565656566,0.561525252525253,NA
"1066",0.0769191919191919,0.251222222222222,0.251222222222222,0.252393939393939,0.252393939393939
"1067",0.101454545454545,0.101626262626263,0.494686868686869,0.494686868686869,0.494686868686869
"1068",0.0452121212121212,0.0452121212121212,0.297020202020202,0.297020202020202,NA
"1069",0.0737777777777778,0.0737777777777778,0.44930303030303,0.449414141414141,0.515393939393939
"1070",0.0744545454545455,0.0744545454545455,0.438020202020202,0.438020202020202,NA
"1071",0.0971919191919192,0.254191919191919,0.254565656565657,0.254565656565657,0.410979797979798
"1072",0.0944646464646465,0.0944646464646465,0.378626262626263,0.378626262626263,NA
"1073",0.0554848484848485,0.111838383838384,0.134989898989899,0.134989898989899,0.587535353535354
"1074",0.0587676767676768,0.13369696969697,0.159121212121212,0.506060606060606,0.506060606060606
"1075",0.0574343434343434,0.167030303030303,0.405929292929293,0.503656565656566,0.503656565656566
"1076",0.0504848484848485,0.133131313131313,0.387575757575758,0.38769696969697,0.38769696969697
"1077",0.0645454545454545,0.0645454545454545,0.427616161616162,0.427616161616162,0.434131313131313
"1078",0.0594949494949495,0.151545454545455,0.171151515151515,0.412333333333333,0.461787878787879
"1079",0.0647272727272727,0.166222222222222,0.457575757575758,0.469050505050505,0.469050505050505
"1080",0.102919191919192,0.102969696969697,0.379141414141414,0.379141414141414,0.381070707070707
"1081",0.040969696969697,0.0709393939393939,0.343707070707071,0.343707070707071,NA
"1082",0.0507474747474747,0.219414141414141,0.371434343434343,0.371505050505051,0.40159595959596
"1083",0.230535353535354,0.230535353535354,0.57269696969697,0.57269696969697,0.57269696969697
"1084",0.102181818181818,0.126464646464646,0.451757575757576,0.452575757575758,NA
"1085",0.0697878787878788,0.17059595959596,0.583353535353535,NA,NA
"1086",0.0815757575757576,0.084010101010101,0.278313131313131,0.278313131313131,0.385848484848485
"1087",0.0663939393939394,0.0933838383838384,0.504090909090909,0.55710101010101,0.55710101010101
"1088",0.0606969696969697,0.0763333333333333,0.239989898989899,0.239989898989899,0.256020202020202
"1089",0.119909090909091,0.129434343434343,0.472606060606061,0.472606060606061,NA
"1090",0.121747474747475,0.121747474747475,0.550484848484849,0.550484848484849,0.550484848484849
"1091",0.137818181818182,0.137818181818182,0.491,0.491,0.491050505050505
"1092",0.0534646464646465,0.0534646464646465,0.35440404040404,0.511323232323232,0.511979797979798
"1093",0.0436565656565657,0.281363636363636,0.281363636363636,0.281363636363636,0.316929292929293
"1094",0.0565252525252525,0.112666666666667,0.437808080808081,0.437808080808081,0.437808080808081
"1095",0.0552525252525253,0.0676868686868687,0.372808080808081,0.554575757575758,0.554575757575758
"1096",0.0468181818181818,0.0548282828282828,0.268454545454546,0.268454545454546,0.469717171717172
"1097",0.0792727272727273,0.104747474747475,0.435686868686869,0.435686868686869,0.435858585858586
"1098",0.17330303030303,0.17330303030303,0.374282828282828,0.374282828282828,0.397969696969697
"1099",0.0486868686868687,0.208515151515152,0.242818181818182,0.242818181818182,0.276737373737374
"1100",0.0742424242424242,0.110545454545455,0.418242424242424,0.418242424242424,0.418242424242424
"1101",0.0547070707070707,0.0547070707070707,0.327686868686869,0.327686868686869,0.334727272727273
"1102",0.15369696969697,0.15369696969697,0.385131313131313,0.385131313131313,0.642030303030303
"1103",0.201454545454545,0.201454545454545,0.389040404040404,0.389040404040404,0.389040404040404
"1104",0.0390606060606061,0.142212121212121,0.462535353535354,0.462535353535354,0.510545454545455
"1105",0.0812929292929293,0.148616161616162,0.425292929292929,0.425292929292929,NA
"1106",0.0451616161616162,0.0486969696969697,0.292545454545455,0.292545454545455,0.292545454545455
"1107",0.0594545454545455,0.118111111111111,0.277929292929293,0.341222222222222,0.506343434343434
"1108",0.195747474747475,0.195747474747475,0.345515151515152,0.576212121212121,0.576212121212121
"1109",0.0867878787878788,0.0867878787878788,0.319525252525253,0.351191919191919,0.612939393939394
"1110",0.0483838383838384,0.0623434343434343,0.284777777777778,0.284777777777778,0.28530303030303
"1111",0.097020202020202,0.097020202020202,0.423515151515152,0.445474747474748,0.503878787878788
"1112",0.0636363636363636,0.0709393939393939,0.217171717171717,0.384434343434343,0.384656565656566
"1113",0.0462020202020202,0.0498585858585859,0.444858585858586,0.444858585858586,0.693313131313131
"1114",0.0884747474747475,0.130090909090909,0.37930303030303,0.412717171717172,NA
"1115",0.038010101010101,0.0590707070707071,0.480929292929293,0.480929292929293,0.566888888888889
"1116",0.0715050505050505,0.286868686868687,0.447060606060606,0.447060606060606,0.466939393939394
"1117",0.115343434343434,0.115343434343434,0.25730303030303,0.466808080808081,0.952050505050505
"1118",0.0448181818181818,0.0448181818181818,0.318808080808081,0.443525252525253,0.458
"1119",0.0560505050505051,0.0560505050505051,0.384121212121212,0.485858585858586,0.485858585858586
"1120",0.0493131313131313,0.058030303030303,0.326909090909091,0.337727272727273,NA
"1121",0.0668989898989899,0.0668989898989899,0.328050505050505,0.328050505050505,0.456242424242424
"1122",0.131222222222222,0.318585858585859,0.355070707070707,0.402262626262626,0.616989898989899
"1123",0.145545454545455,0.145545454545455,0.379212121212121,0.379212121212121,0.379212121212121
"1124",0.0907979797979798,0.0907979797979798,0.399707070707071,0.43779797979798,0.437808080808081
"1125",0.0697171717171717,0.0697171717171717,0.326464646464647,0.377353535353535,0.439626262626263
"1126",0.0354747474747475,0.0586969696969697,0.459090909090909,0.500545454545455,0.519969696969697
"1127",0.0460606060606061,0.158919191919192,0.40649494949495,0.40649494949495,0.40649494949495
"1128",0.0731212121212121,0.0731212121212121,0.27759595959596,0.361676767676768,0.361676767676768
"1129",0.110111111111111,0.110111111111111,0.298454545454545,0.298454545454545,0.406777777777778
"1130",0.126727272727273,0.187424242424242,0.368232323232323,0.388858585858586,0.388858585858586
"1131",0.107969696969697,0.107969696969697,0.432090909090909,0.432090909090909,0.505323232323232
"1132",0.0567575757575758,0.0567575757575758,0.397080808080808,0.443535353535354,0.595979797979798
"1133",0.0380606060606061,0.216606060606061,0.310353535353535,0.507636363636364,0.51349494949495
"1134",0.129848484848485,0.341878787878788,0.341878787878788,0.39320202020202,0.39320202020202
"1135",0.103282828282828,0.103282828282828,0.386949494949495,0.387151515151515,0.387151515151515
"1136",0.140545454545455,0.140545454545455,0.308888888888889,0.308888888888889,0.308888888888889
"1137",0.0595252525252525,0.198020202020202,0.210070707070707,0.39459595959596,0.39459595959596
"1138",0.0474343434343434,0.077,0.225818181818182,0.27869696969697,0.27869696969697
"1139",0.0501717171717172,0.273818181818182,0.452232323232323,0.452232323232323,0.706777777777778
"1140",0.190747474747475,0.214373737373737,0.291656565656566,0.291656565656566,0.351070707070707
"1141",0.0541818181818182,0.058949494949495,0.32789898989899,0.32789898989899,0.328161616161616
"1142",0.0662929292929293,0.0744343434343434,0.149555555555556,0.270141414141414,0.436767676767677
"1143",0.0387979797979798,0.0387979797979798,0.397939393939394,0.397939393939394,0.397939393939394
"1144",0.159484848484849,0.159484848484849,0.378191919191919,0.547161616161616,0.655656565656566
"1145",0.0344040404040404,0.0744949494949495,0.287242424242424,0.287242424242424,0.287242424242424
"1146",0.0672323232323232,0.0672323232323232,0.19740404040404,0.439424242424242,0.631444444444444
"1147",0.0601515151515152,0.0601515151515152,0.232676767676768,0.404434343434343,0.405080808080808
"1148",0.0568888888888889,0.113474747474747,0.301737373737374,0.301878787878788,0.301878787878788
"1149",0.150333333333333,0.150333333333333,0.466707070707071,0.613505050505051,0.613505050505051
"1150",0.0451212121212121,0.222343434343434,0.350111111111111,0.350131313131313,0.350131313131313
"1151",0.0543737373737374,0.150646464646465,0.551959595959596,0.594282828282828,NA
"1152",0.149272727272727,0.149272727272727,0.468565656565657,0.619636363636364,0.619636363636364
"1153",0.0757272727272727,0.086,0.519333333333333,0.519333333333333,0.745818181818182
"1154",0.0474343434343434,0.147434343434343,0.40910101010101,0.40910101010101,NA
"1155",0.0884444444444445,0.255020202020202,0.326969696969697,0.357343434343434,0.631050505050505
"1156",0.15649494949495,0.289505050505051,0.353383838383838,0.353383838383838,NA
"1157",0.0587979797979798,0.0718282828282828,0.449141414141414,0.449141414141414,0.449141414141414
"1158",0.135757575757576,0.135757575757576,0.436575757575758,0.436575757575758,0.457161616161616
"1159",0.0596666666666667,0.0751313131313131,0.416363636363636,0.416363636363636,0.416434343434343
"1160",0.052040404040404,0.192272727272727,0.489636363636364,0.489636363636364,0.501555555555556
"1161",0.0581010101010101,0.102727272727273,0.321262626262626,0.322656565656566,NA
"1162",0.162363636363636,0.162363636363636,0.318161616161616,0.570080808080808,0.570080808080808
"1163",0.163676767676768,0.163676767676768,0.28220202020202,0.384363636363636,0.384363636363636
"1164",0.0754747474747475,0.192333333333333,0.418121212121212,0.451333333333333,0.507989898989899
"1165",0.0845555555555556,0.0845555555555556,0.33910101010101,0.33910101010101,0.589838383838384
"1166",0.0528787878787879,0.0528787878787879,0.286717171717172,0.286717171717172,NA
"1167",0.0652525252525253,0.0652525252525253,0.356262626262626,0.356262626262626,0.547121212121212
"1168",0.112040404040404,0.120454545454545,0.17169696969697,0.298828282828283,0.298828282828283
"1169",0.0817878787878788,0.0818181818181818,0.614464646464646,0.638515151515152,0.638656565656566
"1170",0.0571616161616162,0.106979797979798,0.468585858585859,0.468585858585859,0.468656565656566
"1171",0.0623535353535354,0.0788484848484848,0.403373737373737,0.403373737373737,0.548757575757576
"1172",0.0810909090909091,0.0814646464646465,0.378010101010101,0.393020202020202,0.393020202020202
"1173",0.0474949494949495,0.34240404040404,0.346383838383838,0.346383838383838,NA
"1174",0.0842121212121212,0.0842121212121212,0.441636363636364,0.441636363636364,0.441828282828283
"1175",0.236555555555556,0.239606060606061,0.503636363636364,0.519161616161616,0.519161616161616
"1176",0.0773535353535354,0.121070707070707,0.232626262626263,0.305717171717172,0.305717171717172
"1177",0.0377878787878788,0.137575757575758,0.22769696969697,0.389787878787879,0.389787878787879
"1178",0.0478585858585859,0.0561414141414141,0.340343434343434,0.340343434343434,0.340343434343434
"1179",0.100131313131313,0.100131313131313,0.337777777777778,0.337777777777778,0.381777777777778
"1180",0.0618181818181818,0.0618181818181818,0.423949494949495,0.481989898989899,0.481989898989899
"1181",0.0789292929292929,0.15669696969697,0.428979797979798,0.464181818181818,0.555949494949495
"1182",0.199,0.216131313131313,0.216131313131313,0.507141414141414,0.557050505050505
"1183",0.0577272727272727,0.0577272727272727,0.373808080808081,0.385272727272727,0.385272727272727
"1184",0.0782727272727273,0.0782727272727273,0.508777777777778,0.60430303030303,NA
"1185",0.0517676767676768,0.0517676767676768,0.484626262626263,0.506555555555556,0.584090909090909
"1186",0.0403636363636364,0.0661717171717172,0.470838383838384,0.470838383838384,0.470838383838384
"1187",0.0537171717171717,0.0537171717171717,0.464505050505051,0.466050505050505,NA
"1188",0.0763838383838384,0.195333333333333,0.231616161616162,0.231616161616162,0.320242424242424
"1189",0.0555555555555556,0.19849494949495,0.334232323232323,0.334232323232323,0.337868686868687
"1190",0.0580808080808081,0.0580808080808081,0.304646464646465,0.46410101010101,0.589333333333333
"1191",0.0738585858585859,0.324171717171717,0.324171717171717,0.390242424242424,0.437131313131313
"1192",0.0480606060606061,0.184666666666667,0.456939393939394,0.505060606060606,0.505060606060606
"1193",0.0603939393939394,0.0603939393939394,0.258181818181818,0.258181818181818,0.258181818181818
"1194",0.152292929292929,0.152292929292929,0.530212121212121,0.530212121212121,0.530212121212121
"1195",0.0881717171717172,0.316525252525253,0.463232323232323,0.531858585858586,0.532242424242424
"1196",0.0528484848484849,0.0528484848484849,0.484878787878788,0.484878787878788,0.484878787878788
"1197",0.0476868686868687,0.213333333333333,0.354262626262626,0.415353535353535,0.571131313131313
"1198",0.0429292929292929,0.0702525252525253,0.363171717171717,0.363171717171717,0.791939393939394
"1199",0.138070707070707,0.138070707070707,0.470161616161616,0.470161616161616,0.470161616161616
"1200",0.047010101010101,0.112040404040404,0.415646464646465,0.498353535353535,0.519636363636364
"1201",0.0626161616161616,0.0626161616161616,0.345252525252525,0.347343434343434,0.50259595959596
"1202",0.0600808080808081,0.180969696969697,0.446272727272727,0.451313131313131,NA
"1203",0.0611818181818182,0.233757575757576,0.431727272727273,0.432414141414141,0.794767676767677
"1204",0.0703131313131313,0.0703131313131313,0.446424242424242,0.446424242424242,0.468121212121212
"1205",0.0417777777777778,0.161717171717172,0.377020202020202,0.377020202020202,NA
"1206",0.0533939393939394,0.0637070707070707,0.585686868686869,0.633949494949495,0.659212121212121
"1207",0.130787878787879,0.153656565656566,0.526090909090909,0.612434343434343,NA
"1208",0.114353535353535,0.134272727272727,0.429757575757576,0.493929292929293,0.619747474747475
"1209",0.0561616161616162,0.0561616161616162,0.325777777777778,0.343555555555556,NA
"1210",0.0596262626262626,0.0596262626262626,0.569636363636364,0.569636363636364,0.569858585858586
"1211",0.0465555555555556,0.167909090909091,0.288555555555556,0.288555555555556,0.497272727272727
"1212",0.0497070707070707,0.0497070707070707,0.262969696969697,0.262969696969697,0.353939393939394
"1213",0.0478484848484849,0.315393939393939,0.324868686868687,0.324868686868687,0.324888888888889
"1214",0.031010101010101,0.0587575757575758,0.195515151515152,0.441040404040404,NA
"1215",0.0531414141414141,0.175222222222222,0.429161616161616,0.429161616161616,0.452777777777778
"1216",0.047040404040404,0.0761515151515152,0.403343434343434,0.403343434343434,0.403343434343434
"1217",0.0477777777777778,0.0775353535353535,0.462,0.481646464646465,0.481646464646465
"1218",0.237515151515152,0.237515151515152,0.333808080808081,0.333808080808081,0.333808080808081
"1219",0.142121212121212,0.142121212121212,0.534626262626263,0.534838383838384,0.557505050505051
"1220",0.0465858585858586,0.171010101010101,0.577525252525253,0.577525252525253,0.653565656565657
"1221",0.041020202020202,0.210515151515152,0.319525252525253,0.500393939393939,0.500393939393939
"1222",0.0926868686868687,0.171020202020202,0.173353535353535,NA,NA
"1223",0.0812020202020202,0.134010101010101,0.498,0.498,0.498
"1224",0.0408989898989899,0.0752727272727273,0.401777777777778,0.401777777777778,0.401777777777778
"1225",0.0523838383838384,0.0625454545454546,0.394272727272727,0.394272727272727,0.459949494949495
"1226",0.0577979797979798,0.177050505050505,0.407464646464646,0.407464646464646,0.511757575757576
"1227",0.0564343434343434,0.120515151515152,0.626353535353535,0.626353535353535,0.626828282828283
"1228",0.0676363636363636,0.129787878787879,0.171383838383838,0.472787878787879,0.472787878787879
"1229",0.158575757575758,0.223767676767677,0.424767676767677,0.426040404040404,0.426040404040404
"1230",0.172010101010101,0.232838383838384,0.423575757575758,0.423575757575758,0.436020202020202
"1231",0.0991818181818182,0.0997272727272727,0.381818181818182,0.507323232323232,0.821212121212121
"1232",0.176171717171717,0.327323232323232,0.327323232323232,0.327323232323232,NA
"1233",0.0958080808080808,0.0958080808080808,0.359777777777778,0.359777777777778,0.408929292929293
"1234",0.209252525252525,0.209252525252525,0.327636363636364,0.327979797979798,0.358767676767677
"1235",0.054010101010101,0.128252525252525,0.324666666666667,0.324666666666667,0.324666666666667
"1236",0.0602020202020202,0.221141414141414,0.238858585858586,0.238858585858586,0.500676767676768
"1237",0.0789494949494949,0.0876363636363636,NA,NA,NA
"1238",0.160616161616162,0.160777777777778,0.393262626262626,0.393414141414141,0.635383838383838
"1239",0.0421414141414141,0.0619191919191919,0.489848484848485,0.490646464646465,0.490646464646465
"1240",0.119707070707071,0.273717171717172,0.377787878787879,0.37810101010101,0.441969696969697
"1241",0.0767474747474748,0.232484848484849,0.359333333333333,0.359333333333333,0.359333333333333
"1242",0.0453131313131313,0.314717171717172,0.450272727272727,0.454383838383838,0.704484848484848
"1243",0.0881414141414141,0.0881515151515152,0.295787878787879,0.395979797979798,0.444535353535354
"1244",0.0473131313131313,0.0473131313131313,0.384676767676768,0.384676767676768,0.618434343434343
"1245",0.121888888888889,0.198050505050505,0.258,0.429464646464646,0.838515151515152
"1246",0.0502323232323232,0.218282828282828,0.288636363636364,0.455868686868687,0.455868686868687
"1247",0.103121212121212,0.127686868686869,0.400353535353535,0.520767676767677,0.520767676767677
"1248",0.0593030303030303,0.15930303030303,0.360333333333333,0.360333333333333,0.508111111111111
"1249",0.116828282828283,0.116828282828283,0.362656565656566,0.362656565656566,0.387878787878788
"1250",0.042989898989899,0.042989898989899,0.489626262626263,0.517545454545455,NA
"1251",0.0323737373737374,0.0614848484848485,0.340393939393939,0.340393939393939,NA
"1252",0.0393232323232323,0.130565656565657,0.155575757575758,0.617070707070707,0.617070707070707
"1253",0.127030303030303,0.138181818181818,0.245919191919192,0.245919191919192,0.245919191919192
"1254",0.0624848484848485,0.195434343434343,0.195434343434343,0.458808080808081,0.593393939393939
"1255",0.0777575757575758,0.121868686868687,0.318080808080808,0.438919191919192,0.463959595959596
"1256",0.0494848484848485,0.0745454545454546,0.483616161616162,0.483616161616162,0.483616161616162
"1257",0.042959595959596,0.0747171717171717,0.216868686868687,0.311959595959596,NA
"1258",0.228313131313131,0.228313131313131,0.342828282828283,0.342828282828283,0.342828282828283
"1259",0.044949494949495,0.044949494949495,0.431919191919192,0.431919191919192,0.431919191919192
"1260",0.108575757575758,0.328383838383838,0.529373737373737,0.529373737373737,0.529373737373737
"1261",0.0667979797979798,0.0667979797979798,0.361131313131313,0.361131313131313,0.361131313131313
"1262",0.0383737373737374,0.0597878787878788,0.528939393939394,0.528939393939394,NA
"1263",0.04,0.0694545454545455,0.357161616161616,0.357181818181818,0.443787878787879
"1264",0.0485353535353535,0.0527272727272727,0.279252525252525,0.436686868686869,0.553080808080808
"1265",0.208707070707071,0.227606060606061,0.652505050505051,0.747434343434343,0.747434343434343
"1266",0.109737373737374,0.120050505050505,0.500838383838384,0.510959595959596,0.556616161616162
"1267",0.0686565656565657,0.25569696969697,0.357252525252525,0.357252525252525,0.357252525252525
"1268",0.098020202020202,0.098020202020202,0.517181818181818,0.517181818181818,0.517181818181818
"1269",0.0581111111111111,0.165151515151515,0.579161616161616,0.579161616161616,0.638181818181818
"1270",0.0486060606060606,0.113828282828283,0.449434343434343,0.480585858585859,0.480585858585859
"1271",0.0522525252525253,0.0569393939393939,0.462363636363636,0.462363636363636,0.462363636363636
"1272",0.0963636363636364,0.0963636363636364,0.346040404040404,0.388040404040404,0.620636363636364
"1273",0.0941313131313131,0.0941313131313131,0.296747474747475,0.742242424242424,0.826060606060606
"1274",0.202545454545455,0.202545454545455,0.343535353535354,0.343535353535354,0.343535353535354
"1275",0.0526767676767677,0.12310101010101,0.389383838383838,0.389383838383838,0.510515151515152
"1276",0.0296060606060606,0.0450707070707071,0.303393939393939,NA,NA
"1277",0.0571919191919192,0.323323232323232,0.363323232323232,0.363323232323232,0.364888888888889
"1278",0.0556363636363636,0.0769393939393939,0.228969696969697,0.379989898989899,0.379989898989899
"1279",0.0984747474747475,0.0984747474747475,0.461242424242424,0.557888888888889,0.557888888888889
"1280",0.0597171717171717,0.127959595959596,0.376767676767677,0.460959595959596,0.460959595959596
"1281",0.0652929292929293,0.0652929292929293,0.35310101010101,0.35310101010101,0.353626262626263
"1282",0.0647272727272727,0.0647272727272727,0.324484848484848,0.639909090909091,0.639909090909091
"1283",0.0730707070707071,0.0953131313131313,0.468666666666667,0.468666666666667,0.684505050505051
"1284",0.0716767676767677,0.0716767676767677,0.405282828282828,0.444060606060606,NA
"1285",0.0313535353535354,0.062979797979798,0.580535353535354,0.580535353535354,NA
"1286",0.0915656565656566,0.221747474747475,0.402262626262626,0.402282828282828,NA
"1287",0.100323232323232,0.100323232323232,0.354666666666667,0.354666666666667,0.503616161616162
"1288",0.069,0.087989898989899,0.374606060606061,0.374606060606061,0.374606060606061
"1289",0.166393939393939,0.21059595959596,0.21059595959596,0.21059595959596,0.21059595959596
"1290",0.059010101010101,0.102909090909091,0.322606060606061,0.378050505050505,NA
"1291",0.0596060606060606,0.118060606060606,0.408747474747475,0.408747474747475,0.408767676767677
"1292",0.0487070707070707,0.0572222222222222,0.470686868686869,0.470686868686869,0.630252525252525
"1293",0.156424242424242,0.220989898989899,0.354424242424242,0.354424242424242,0.595585858585859
"1294",0.0537373737373737,0.108292929292929,0.405939393939394,0.405939393939394,0.405939393939394
"1295",0.135939393939394,0.148111111111111,0.264313131313131,0.369070707070707,0.369070707070707
"1296",0.0543232323232323,0.251787878787879,0.342252525252525,0.342252525252525,0.342252525252525
"1297",0.102262626262626,0.102262626262626,0.391939393939394,0.391939393939394,0.391939393939394
"1298",0.0677676767676768,0.0677676767676768,0.391080808080808,0.391080808080808,0.39110101010101
"1299",0.0821414141414142,0.125050505050505,0.44049494949495,0.685777777777778,NA
"1300",0.0350808080808081,0.0713131313131313,0.154767676767677,0.199909090909091,0.199909090909091
"1301",0.0434949494949495,0.0546363636363636,0.414818181818182,0.434939393939394,0.711707070707071
"1302",0.0765353535353535,0.0777878787878788,0.349010101010101,0.349020202020202,0.349020202020202
"1303",0.106919191919192,0.222919191919192,0.300292929292929,0.41910101010101,0.41910101010101
"1304",0.0577575757575758,0.0633434343434344,0.259222222222222,0.399555555555556,0.552030303030303
"1305",0.0525353535353535,0.0643636363636364,0.36010101010101,0.36010101010101,0.36010101010101
"1306",0.0678484848484849,0.0767070707070707,0.348222222222222,0.482030303030303,NA
"1307",0.0591111111111111,0.0591111111111111,0.364070707070707,0.364070707070707,0.500484848484849
"1308",0.0582323232323232,0.209737373737374,0.251535353535354,0.42710101010101,0.42710101010101
"1309",0.0527575757575758,0.0527575757575758,0.509161616161616,0.598878787878788,0.610868686868687
"1310",0.0374343434343434,0.054969696969697,0.33679797979798,0.53279797979798,NA
"1311",0.11030303030303,0.11030303030303,0.335111111111111,0.335111111111111,0.335151515151515
"1312",0.106575757575758,0.106575757575758,0.415585858585859,0.415585858585859,NA
"1313",0.0883535353535354,0.0883535353535354,0.518121212121212,0.738868686868687,0.738868686868687
"1314",0.0538888888888889,0.159393939393939,0.313565656565657,0.411434343434343,0.413676767676768
"1315",0.0441818181818182,0.184070707070707,0.366939393939394,0.689515151515152,0.689515151515152
"1316",0.0633939393939394,0.0795858585858586,0.382363636363636,0.622343434343434,0.622343434343434
"1317",0.0653636363636364,0.0653636363636364,0.447121212121212,0.506272727272727,0.506272727272727
"1318",0.0448989898989899,0.0780505050505051,0.289818181818182,0.289818181818182,0.289818181818182
"1319",0.0549191919191919,0.075989898989899,0.381151515151515,0.456373737373737,0.50649494949495
"1320",0.0459191919191919,0.107848484848485,0.444313131313131,0.444323232323232,0.444323232323232
"1321",0.068959595959596,0.0698181818181818,0.616454545454545,0.616454545454545,NA
"1322",0.0876262626262626,0.0876262626262626,0.36679797979798,0.367838383838384,0.367838383838384
"1323",0.0676666666666667,0.273343434343434,0.273343434343434,0.453292929292929,0.503323232323232
"1324",0.0618282828282828,0.141757575757576,0.333333333333333,0.333333333333333,0.333333333333333
"1325",0.128707070707071,0.128707070707071,0.401929292929293,0.402111111111111,0.440161616161616
"1326",0.0751212121212121,0.20949494949495,0.321111111111111,0.321111111111111,0.328323232323232
"1327",0.0391515151515152,0.059010101010101,0.440848484848485,0.440848484848485,0.716
"1328",0.060030303030303,0.0658989898989899,0.236737373737374,0.400505050505051,0.41830303030303
"1329",0.0835252525252525,0.089040404040404,0.450171717171717,0.450171717171717,0.450171717171717
"1330",0.0538080808080808,0.158626262626263,0.428929292929293,0.428929292929293,0.500070707070707
"1331",0.0438585858585859,0.0438585858585859,0.286717171717172,0.286717171717172,0.296939393939394
"1332",0.045979797979798,0.168070707070707,0.419323232323232,0.419323232323232,0.610070707070707
"1333",0.0469292929292929,0.0469292929292929,0.369585858585859,0.511010101010101,0.637646464646465
"1334",0.0506565656565657,0.0506565656565657,0.374838383838384,0.374848484848485,0.582262626262626
"1335",0.337535353535354,0.337535353535354,0.348969696969697,0.348969696969697,0.348969696969697
"1336",0.0944646464646465,0.107818181818182,0.236939393939394,0.360828282828283,0.449585858585859
"1337",0.0581313131313131,0.10159595959596,0.418131313131313,0.430474747474748,0.430474747474748
"1338",0.189373737373737,0.236858585858586,0.535393939393939,0.535606060606061,0.59030303030303
"1339",0.139,0.271565656565657,0.289737373737374,0.289737373737374,0.289737373737374
"1340",0.0802323232323232,0.0802323232323232,0.42779797979798,0.449646464646465,0.449646464646465
"1341",0.0517272727272727,0.0993636363636364,0.220272727272727,0.262,0.262
"1342",0.159494949494949,0.197676767676768,0.381323232323232,0.381323232323232,0.381323232323232
"1343",0.0570808080808081,0.0864242424242424,0.481818181818182,0.48789898989899,0.48789898989899
"1344",0.0905858585858586,0.155939393939394,0.274666666666667,0.468727272727273,0.587646464646465
"1345",0.131242424242424,0.131242424242424,0.432212121212121,0.438272727272727,0.438272727272727
"1346",0.128666666666667,0.160525252525253,0.373030303030303,0.379505050505051,NA
"1347",0.152606060606061,0.164656565656566,0.401535353535354,0.401535353535354,0.401535353535354
"1348",0.100111111111111,0.100949494949495,0.468555555555556,0.529505050505051,0.529505050505051
"1349",0.0356565656565657,0.104969696969697,0.328242424242424,0.596353535353535,NA
"1350",0.0475959595959596,0.0475959595959596,0.319161616161616,0.33389898989899,0.33389898989899
"1351",0.140787878787879,0.140787878787879,0.330848484848485,0.330848484848485,0.330848484848485
"1352",0.0365858585858586,0.17820202020202,0.17820202020202,0.17820202020202,0.419181818181818
"1353",0.0550808080808081,0.152565656565657,0.357878787878788,0.357888888888889,0.508191919191919
"1354",0.0558282828282828,0.0558282828282828,0.586050505050505,0.587353535353535,0.598686868686869
"1355",0.146929292929293,0.146929292929293,0.483191919191919,0.483191919191919,0.483191919191919
"1356",0.101989898989899,0.152959595959596,0.351525252525253,0.351525252525253,0.396555555555556
"1357",0.102030303030303,0.102252525252525,0.302636363636364,0.303575757575758,0.39369696969697
"1358",0.0432626262626263,0.055949494949495,0.467353535353535,0.467353535353535,0.467353535353535
"1359",0.0445959595959596,0.0477575757575758,0.535757575757576,0.535757575757576,0.551212121212121
"1360",0.0571010101010101,0.135222222222222,0.275232323232323,0.276010101010101,0.276010101010101
"1361",0.120909090909091,0.120909090909091,0.366545454545455,0.366666666666667,0.366666666666667
"1362",0.115323232323232,0.116020202020202,0.253353535353535,0.347212121212121,0.347212121212121
"1363",0.0920505050505051,0.0920505050505051,0.0920505050505051,0.517515151515152,NA
"1364",0.129737373737374,0.129737373737374,0.271060606060606,0.271060606060606,0.271060606060606
"1365",0.132606060606061,0.144141414141414,0.466191919191919,0.466191919191919,0.466191919191919
"1366",0.0602121212121212,0.211464646464646,0.388666666666667,0.388666666666667,0.54489898989899
"1367",0.128949494949495,0.153868686868687,0.253757575757576,0.424979797979798,0.426232323232323
"1368",0.0571818181818182,0.0571818181818182,0.400666666666667,0.408535353535354,0.617010101010101
"1369",0.169909090909091,0.237606060606061,0.251131313131313,0.251131313131313,0.251131313131313
"1370",0.0562121212121212,0.0562121212121212,0.367272727272727,0.580808080808081,0.638747474747475
"1371",0.0598383838383838,0.0598383838383838,0.16849494949495,0.369010101010101,0.552333333333333
"1372",0.0523434343434343,0.120080808080808,0.465777777777778,0.465929292929293,0.465929292929293
"1373",0.0542323232323232,0.0595858585858586,0.459333333333333,0.497525252525253,0.497525252525253
"1374",0.0452525252525253,0.116525252525253,0.548323232323232,0.548373737373737,NA
"1375",0.0560808080808081,0.0616262626262626,0.296757575757576,0.296909090909091,0.296909090909091
"1376",0.0598080808080808,0.0598080808080808,0.501222222222222,0.501222222222222,0.501222222222222
"1377",0.188717171717172,0.188717171717172,0.391191919191919,0.391191919191919,0.391191919191919
"1378",0.0438888888888889,0.119636363636364,0.212030303030303,0.583141414141414,0.583141414141414
"1379",0.0547979797979798,0.153080808080808,0.383626262626263,0.383626262626263,0.383626262626263
"1380",0.0581717171717172,0.0581717171717172,0.389777777777778,0.389777777777778,0.40130303030303
"1381",0.057979797979798,0.290666666666667,0.356464646464646,0.356464646464646,0.388343434343434
"1382",0.218838383838384,0.218838383838384,0.547575757575758,0.547575757575758,0.547575757575758
"1383",0.0655353535353535,0.0655353535353535,0.537565656565657,0.537565656565657,0.617262626262626
"1384",0.168383838383838,0.168383838383838,0.401666666666667,0.401666666666667,0.584909090909091
"1385",0.0681919191919192,0.0681919191919192,0.253616161616162,0.467989898989899,0.467989898989899
"1386",0.102757575757576,0.138707070707071,0.377020202020202,0.495959595959596,0.509444444444444
"1387",0.0507171717171717,0.0605757575757576,0.19149494949495,0.384020202020202,0.384020202020202
"1388",0.0861212121212121,0.0861212121212121,0.285161616161616,0.285161616161616,0.327888888888889
"1389",0.0493939393939394,0.132353535353535,0.23479797979798,0.596909090909091,0.617555555555556
"1390",0.0552525252525253,0.0552525252525253,0.379171717171717,0.379424242424242,0.45649494949495
"1391",0.105818181818182,0.105818181818182,0.307393939393939,0.367040404040404,NA
"1392",0.161050505050505,0.161050505050505,0.510050505050505,0.510050505050505,NA
"1393",0.0807070707070707,0.158636363636364,0.418555555555556,0.473010101010101,0.544373737373737
"1394",0.0925252525252525,0.229313131313131,0.229313131313131,0.375757575757576,0.376242424242424
"1395",0.0423434343434343,0.0423434343434343,0.59579797979798,0.59579797979798,0.596252525252525
"1396",0.0552020202020202,0.104424242424242,0.50379797979798,0.546080808080808,0.646929292929293
"1397",0.0618989898989899,0.0990909090909091,0.421777777777778,0.421777777777778,0.449161616161616
"1398",0.0806565656565657,0.165343434343434,0.437959595959596,0.437959595959596,0.437959595959596
"1399",0.121444444444444,0.121444444444444,0.45159595959596,0.460343434343434,0.510171717171717
"1400",0.0472323232323232,0.0472323232323232,0.256424242424242,0.632262626262626,0.632262626262626
"1401",0.0417171717171717,0.177545454545455,0.334050505050505,0.493969696969697,0.493969696969697
"1402",0.0472929292929293,0.19710101010101,0.371939393939394,0.371939393939394,NA
"1403",0.0676161616161616,0.172292929292929,0.233111111111111,0.557525252525253,0.657909090909091
"1404",0.172646464646465,0.172646464646465,0.310515151515152,0.316464646464647,0.316464646464647
"1405",0.0617272727272727,0.0617272727272727,0.409434343434343,0.420242424242424,0.506989898989899
"1406",0.185989898989899,0.185989898989899,0.270565656565657,0.270565656565657,0.323626262626263
"1407",0.0603333333333333,0.0603333333333333,0.457707070707071,0.457707070707071,NA
"1408",0.0969090909090909,0.0969090909090909,0.278888888888889,0.278888888888889,0.410888888888889
"1409",0.0421515151515152,0.0447070707070707,0.466838383838384,0.469818181818182,NA
"1410",0.090969696969697,0.090969696969697,0.433888888888889,0.433888888888889,0.433888888888889
"1411",0.0557575757575758,0.0613232323232323,0.46069696969697,0.46069696969697,0.46069696969697
"1412",0.0418484848484849,0.173979797979798,0.458939393939394,0.573868686868687,0.573868686868687
"1413",0.132828282828283,0.134666666666667,0.315242424242424,0.315242424242424,0.509505050505051
"1414",0.079989898989899,0.079989898989899,0.341818181818182,0.341818181818182,0.505707070707071
"1415",0.0768888888888889,0.0768888888888889,0.397828282828283,0.399191919191919,0.399191919191919
"1416",0.0650909090909091,0.0650909090909091,0.359363636363636,0.515191919191919,0.515191919191919
"1417",0.129717171717172,0.129717171717172,0.491535353535354,0.493141414141414,0.576111111111111
"1418",0.128222222222222,0.128222222222222,0.353171717171717,0.353181818181818,0.353181818181818
"1419",0.088010101010101,0.088010101010101,0.224262626262626,0.42269696969697,0.444313131313131
"1420",0.0427878787878788,0.0427878787878788,0.450919191919192,0.451020202020202,0.511919191919192
"1421",0.102858585858586,0.102858585858586,0.228737373737374,0.283484848484849,0.421
"1422",0.125868686868687,0.12610101010101,0.217717171717172,0.312656565656566,0.312656565656566
"1423",0.0654242424242424,0.0654444444444444,0.206131313131313,NA,NA
"1424",0.0422828282828283,0.300949494949495,0.392080808080808,0.413020202020202,0.540333333333333
"1425",0.0650606060606061,0.197353535353535,0.252444444444444,0.546343434343434,NA
"1426",0.171090909090909,0.18920202020202,0.552242424242424,NA,NA
"1427",0.047040404040404,0.0591212121212121,0.327232323232323,0.401474747474747,0.757121212121212
"1428",0.130787878787879,0.130787878787879,0.470242424242424,0.470242424242424,0.470242424242424
"1429",0.0622525252525253,0.131909090909091,0.317828282828283,0.348505050505051,0.348505050505051
"1430",0.086030303030303,0.169666666666667,0.387080808080808,0.387080808080808,0.551272727272727
"1431",0.0608787878787879,0.0608787878787879,0.406131313131313,0.406131313131313,0.406131313131313
"1432",0.105464646464646,0.130474747474747,0.212636363636364,0.212636363636364,0.323040404040404
"1433",0.0754343434343434,0.211525252525253,0.348111111111111,0.348111111111111,0.348111111111111
"1434",0.0441919191919192,0.221616161616162,0.34030303030303,0.340323232323232,0.340323232323232
"1435",0.0913838383838384,0.0913838383838384,0.454454545454545,0.455747474747475,0.455747474747475
"1436",0.0480707070707071,0.0480707070707071,0.358262626262626,0.358262626262626,0.358262626262626
"1437",0.114828282828283,0.114828282828283,0.237616161616162,0.420474747474748,0.420474747474748
"1438",0.0467272727272727,0.0643535353535354,0.257424242424242,0.402848484848485,0.402848484848485
"1439",0.0563434343434343,0.156040404040404,0.501979797979798,0.501979797979798,0.501979797979798
"1440",0.132525252525253,0.133181818181818,0.416171717171717,0.416171717171717,0.875040404040404
"1441",0.0486565656565657,0.114242424242424,0.462242424242424,0.46430303030303,0.709858585858586
"1442",0.0773939393939394,0.0773939393939394,0.281818181818182,0.281818181818182,0.382030303030303
"1443",0.0724444444444445,0.147747474747475,0.404272727272727,0.404272727272727,0.744212121212121
"1444",0.093,0.093,0.429444444444444,0.686383838383838,0.836585858585859
"1445",0.146232323232323,0.203959595959596,0.451808080808081,0.451808080808081,0.451808080808081
"1446",0.0588282828282828,0.239959595959596,0.242282828282828,0.242282828282828,0.37269696969697
"1447",0.0574040404040404,0.144383838383838,0.432050505050505,0.432050505050505,0.432050505050505
"1448",0.0793030303030303,0.0868989898989899,0.397858585858586,0.534171717171717,NA
"1449",0.0786464646464647,0.134383838383838,0.475777777777778,0.475777777777778,NA
"1450",0.0538484848484849,0.251111111111111,0.592606060606061,0.592606060606061,0.592606060606061
"1451",0.0550707070707071,0.0550707070707071,0.256383838383838,0.536393939393939,0.536393939393939
"1452",0.103313131313131,0.103525252525253,0.217242424242424,0.51630303030303,0.51630303030303
"1453",0.063,0.115121212121212,0.277727272727273,0.277727272727273,0.746828282828283
"1454",0.0432626262626263,0.0544444444444444,0.326808080808081,0.326808080808081,0.326808080808081
"1455",0.0803535353535354,0.0803535353535354,0.350737373737374,0.350737373737374,0.71959595959596
"1456",0.0524040404040404,0.0626666666666667,0.257040404040404,0.257040404040404,0.257040404040404
"1457",0.205575757575758,0.209747474747475,0.319737373737374,0.366848484848485,0.366848484848485
"1458",0.195909090909091,0.253787878787879,0.315919191919192,0.447040404040404,0.568888888888889
"1459",0.071979797979798,0.071979797979798,0.326191919191919,0.372474747474748,0.399757575757576
"1460",0.0605959595959596,0.0673636363636364,0.447909090909091,0.447939393939394,NA
"1461",0.170040404040404,0.170040404040404,0.397050505050505,0.397050505050505,0.40559595959596
"1462",0.0486161616161616,0.215212121212121,0.257010101010101,0.566868686868687,0.566868686868687
"1463",0.0522020202020202,0.381161616161616,0.436606060606061,0.436646464646465,NA
"1464",0.128707070707071,0.359121212121212,0.502464646464647,0.543828282828283,0.593252525252525
"1465",0.0576060606060606,0.0795656565656566,0.22759595959596,0.227707070707071,NA
"1466",0.0842121212121212,0.0842424242424242,0.466545454545455,0.503585858585859,0.565464646464647
"1467",0.0264848484848485,0.121232323232323,0.251424242424242,NA,NA
"1468",0.0503333333333333,0.060020202020202,0.251747474747475,0.313343434343434,0.313343434343434
"1469",0.0774848484848485,0.0775757575757576,0.423505050505051,0.423787878787879,0.423787878787879
"1470",0.0718686868686869,0.0718686868686869,0.350464646464646,0.411909090909091,0.414262626262626
"1471",0.0553939393939394,0.0553939393939394,0.346323232323232,0.361141414141414,0.361141414141414
"1472",0.120929292929293,0.120929292929293,0.39610101010101,0.757989898989899,0.924464646464647
"1473",0.13920202020202,0.142828282828283,0.345565656565657,0.354848484848485,NA
"1474",0.0494545454545455,0.0494545454545455,0.477383838383838,0.477383838383838,0.477383838383838
"1475",0.157151515151515,0.157151515151515,0.278262626262626,0.315151515151515,0.315151515151515
"1476",0.234858585858586,0.365515151515152,0.366525252525253,0.366525252525253,0.366525252525253
"1477",0.0515555555555556,0.0685858585858586,0.25820202020202,0.25869696969697,0.618757575757576
"1478",0.0586464646464646,0.0586464646464646,0.456757575757576,0.456757575757576,0.458636363636364
"1479",0.0803636363636364,0.108767676767677,0.297131313131313,0.383121212121212,0.430727272727273
"1480",0.0454949494949495,0.166565656565657,0.443222222222222,0.443222222222222,0.449737373737374
"1481",0.0488080808080808,0.0631313131313131,0.257575757575758,0.470959595959596,0.514686868686869
"1482",0.142454545454545,0.192060606060606,0.216545454545455,0.216545454545455,0.216545454545455
"1483",0.107828282828283,0.107828282828283,0.504929292929293,NA,NA
"1484",0.0465555555555556,0.0465555555555556,0.322636363636364,0.322636363636364,0.500050505050505
"1485",0.0441616161616162,0.110888888888889,0.376313131313131,0.55449494949495,0.569232323232323
"1486",0.0603232323232323,0.0603232323232323,0.405454545454546,0.441878787878788,0.502828282828283
"1487",0.175191919191919,0.242434343434343,0.447656565656566,0.447656565656566,0.62269696969697
"1488",0.0473636363636364,0.128272727272727,0.278717171717172,0.419666666666667,0.419666666666667
"1489",0.126131313131313,0.126131313131313,0.394232323232323,0.394232323232323,0.394232323232323
"1490",0.115828282828283,0.115828282828283,0.347141414141414,0.347141414141414,0.349030303030303
"1491",0.113626262626263,0.113626262626263,0.376191919191919,0.558737373737374,0.562868686868687
"1492",0.0726060606060606,0.136,0.372424242424242,0.378757575757576,0.378757575757576
"1493",0.0608787878787879,0.0608787878787879,0.405090909090909,0.405090909090909,0.405090909090909
"1494",0.0578989898989899,0.165454545454545,0.372919191919192,0.431787878787879,0.72
"1495",0.0644747474747475,0.0644747474747475,0.267959595959596,0.267959595959596,0.363606060606061
"1496",0.0805252525252525,0.300747474747475,0.531121212121212,0.531121212121212,0.531121212121212
"1497",0.0772323232323232,0.0772323232323232,0.361111111111111,0.361111111111111,0.513767676767677
"1498",0.10359595959596,0.128353535353535,0.42389898989899,0.477414141414141,NA
"1499",0.0581010101010101,0.0581010101010101,0.409484848484849,0.428131313131313,NA
"1500",0.0413838383838384,0.0413838383838384,0.405141414141414,NA,NA
"1501",0.0554242424242424,0.0554242424242424,0.291191919191919,0.291191919191919,0.452636363636364
"1502",0.115323232323232,0.115323232323232,0.367535353535354,0.394686868686869,0.394686868686869
"1503",0.0871515151515152,0.0871515151515152,0.316535353535354,0.316565656565657,0.316565656565657
"1504",0.134030303030303,0.177222222222222,0.352515151515152,0.361979797979798,0.377343434343434
"1505",0.0576666666666667,0.0576666666666667,0.427424242424242,0.427424242424242,0.462141414141414
"1506",0.0494949494949495,0.158575757575758,0.332757575757576,0.332757575757576,NA
"1507",0.150414141414141,0.150414141414141,0.475686868686869,0.477808080808081,0.718717171717172
"1508",0.196585858585859,0.202232323232323,0.434161616161616,0.623272727272727,0.729949494949495
"1509",0.044979797979798,0.099949494949495,0.437373737373737,0.437373737373737,NA
"1510",0.190828282828283,0.190828282828283,0.344363636363636,0.344363636363636,0.460181818181818
"1511",0.0486969696969697,0.15269696969697,0.326505050505051,0.514888888888889,0.514888888888889
"1512",0.0460909090909091,0.143565656565657,0.248434343434343,0.372828282828283,NA
"1513",0.0556666666666667,0.105707070707071,0.32610101010101,0.32610101010101,0.396646464646465
"1514",0.110909090909091,0.110909090909091,0.416212121212121,0.416212121212121,0.416212121212121
"1515",0.0841313131313131,0.11349494949495,0.413232323232323,0.413232323232323,0.413232323232323
"1516",0.0338787878787879,0.0894848484848485,0.504535353535354,0.504535353535354,0.504535353535354
"1517",0.0428787878787879,0.318848484848485,0.459,0.590949494949495,0.643141414141414
"1518",0.0528787878787879,0.137828282828283,0.395323232323232,0.395323232323232,0.397737373737374
"1519",0.11320202020202,0.198848484848485,0.226111111111111,0.226191919191919,NA
"1520",0.0658888888888889,0.0834747474747475,0.162808080808081,0.345464646464646,NA
"1521",0.0683636363636364,0.0776666666666667,0.431181818181818,0.431181818181818,0.431181818181818
"1522",0.0557171717171717,0.19659595959596,0.337707070707071,0.337707070707071,0.337707070707071
"1523",0.132464646464646,0.132464646464646,0.258333333333333,0.524505050505051,0.529343434343434
"1524",0.154808080808081,0.232181818181818,0.373434343434343,0.373434343434343,0.373434343434343
"1525",0.0608282828282828,0.140010101010101,0.495070707070707,0.499,0.499
"1526",0.212828282828283,0.212828282828283,0.480464646464646,0.480464646464646,0.647929292929293
"1527",0.0578484848484849,0.329545454545455,0.354909090909091,0.354949494949495,0.354949494949495
"1528",0.0718989898989899,0.0718989898989899,0.322414141414141,0.519383838383838,0.519383838383838
"1529",0.0506666666666667,0.0506666666666667,0.279474747474747,0.395464646464647,0.712212121212121
"1530",0.141919191919192,0.155808080808081,0.268626262626263,0.268626262626263,0.268626262626263
"1531",0.0918686868686869,0.0918686868686869,0.433232323232323,0.433232323232323,NA
"1532",0.0337575757575758,0.0337575757575758,0.425282828282828,0.43149494949495,NA
"1533",0.0565151515151515,0.0565151515151515,0.504979797979798,0.505,NA
"1534",0.183474747474747,0.184474747474747,0.302343434343434,0.468343434343434,0.726393939393939
"1535",0.055949494949495,0.0607979797979798,0.434959595959596,0.434959595959596,0.434959595959596
"1536",0.0515959595959596,0.137929292929293,0.498949494949495,0.534666666666667,NA
"1537",0.0593535353535354,0.158666666666667,0.470606060606061,0.470606060606061,0.470606060606061
"1538",0.050010101010101,0.250272727272727,0.349262626262626,0.357090909090909,0.465393939393939
"1539",0.0471111111111111,0.169333333333333,0.315939393939394,0.315939393939394,0.348717171717172
"1540",0.0558686868686869,0.0771414141414141,0.376474747474748,0.458989898989899,0.562121212121212
"1541",0.138020202020202,0.138020202020202,0.375242424242424,0.375242424242424,0.394727272727273
"1542",0.0441313131313131,0.129111111111111,0.266747474747475,0.266747474747475,0.267606060606061
"1543",0.0531313131313131,0.193919191919192,0.345919191919192,0.351181818181818,0.45930303030303
"1544",0.101020202020202,0.198121212121212,0.498222222222222,0.513636363636364,0.513636363636364
"1545",0.146111111111111,0.146111111111111,0.240161616161616,0.285929292929293,0.285929292929293
"1546",0.0501414141414141,0.0501414141414141,0.485212121212121,0.485222222222222,0.485222222222222
"1547",0.0452222222222222,0.273949494949495,0.45910101010101,0.45910101010101,0.466363636363636
"1548",0.104040404040404,0.104040404040404,0.420737373737374,0.466707070707071,0.466707070707071
"1549",0.0606565656565657,0.0606565656565657,0.588161616161616,0.588686868686869,0.588686868686869
"1550",0.120292929292929,0.132909090909091,0.234414141414141,NA,NA
"1551",0.149818181818182,0.192252525252525,0.390727272727273,0.400030303030303,0.422484848484849
"1552",0.174131313131313,0.174131313131313,0.325787878787879,0.595626262626263,0.595626262626263
"1553",0.0757878787878788,0.0976767676767677,0.469050505050505,0.469050505050505,0.544767676767677
"1554",0.0540606060606061,0.0540606060606061,0.228080808080808,0.531282828282828,0.531282828282828
"1555",0.0945454545454546,0.0945454545454546,0.325262626262626,0.506717171717172,0.757080808080808
"1556",0.0606161616161616,0.139444444444444,0.169555555555556,0.42540404040404,0.42540404040404
"1557",0.0545757575757576,0.291535353535354,0.349010101010101,0.488171717171717,0.488171717171717
"1558",0.0426767676767677,0.153151515151515,0.615676767676768,0.615676767676768,0.615676767676768
"1559",NA,NA,NA,NA,NA
"1560",0.0546767676767677,0.0546767676767677,0.464545454545455,0.464545454545455,0.464545454545455
"1561",0.0638686868686869,0.0710808080808081,0.363676767676768,0.363676767676768,0.519575757575758
"1562",0.0526060606060606,0.0791717171717172,0.515878787878788,0.515878787878788,0.634131313131313
"1563",0.0987575757575758,0.112090909090909,0.49110101010101,0.500161616161616,0.500161616161616
"1564",0.0832626262626263,0.0838888888888889,0.365606060606061,0.484121212121212,0.484323232323232
"1565",0.0423232323232323,0.073979797979798,0.360565656565657,0.360565656565657,0.394111111111111
"1566",0.0473131313131313,0.0678585858585859,0.291565656565657,0.291919191919192,0.291919191919192
"1567",0.071040404040404,0.071040404040404,0.321030303030303,0.372262626262626,0.373747474747475
"1568",0.158575757575758,0.158575757575758,0.430010101010101,0.430010101010101,0.430010101010101
"1569",0.108525252525253,0.108525252525253,0.390777777777778,0.586969696969697,0.586969696969697
"1570",0.0488585858585859,0.156191919191919,0.51969696969697,NA,NA
"1571",0.0573131313131313,0.100111111111111,0.214757575757576,0.315737373737374,NA
"1572",0.054969696969697,0.211484848484848,0.303030303030303,0.497555555555556,0.497555555555556
"1573",0.056030303030303,0.0776969696969697,0.379606060606061,0.442888888888889,0.447343434343434
"1574",0.0774040404040404,0.100141414141414,0.242545454545455,0.242545454545455,NA
"1575",0.0678787878787879,0.181979797979798,0.314777777777778,0.466525252525253,0.501949494949495
"1576",0.0838181818181818,0.0838181818181818,0.285141414141414,0.38230303030303,0.389333333333333
"1577",0.0446363636363636,0.0641818181818182,0.354262626262626,0.354262626262626,NA
"1578",0.0479090909090909,0.0563131313131313,0.324050505050505,0.324050505050505,NA
"1579",0.0504141414141414,0.0504141414141414,0.429222222222222,0.429222222222222,0.429222222222222
"1580",0.0645151515151515,0.115535353535354,0.50149494949495,0.50149494949495,0.522080808080808
"1581",0.0602222222222222,0.0602222222222222,0.142686868686869,0.325505050505051,0.367111111111111
"1582",0.103929292929293,0.103929292929293,0.294434343434343,0.294434343434343,NA
"1583",0.112535353535354,0.112535353535354,0.201878787878788,0.201878787878788,0.392222222222222
"1584",0.0441616161616162,0.0441616161616162,0.455424242424242,0.455484848484849,0.787626262626263
"1585",0.0531616161616162,0.0531616161616162,0.379787878787879,0.426707070707071,NA
"1586",0.0835858585858586,0.0835858585858586,0.41130303030303,0.460838383838384,0.460838383838384
"1587",0.0475454545454546,0.0475454545454546,0.323868686868687,0.323868686868687,0.323868686868687
"1588",0.0635252525252525,0.0635252525252525,0.396171717171717,0.401838383838384,0.401838383838384
"1589",0.0527878787878788,0.136626262626263,0.365686868686869,0.365686868686869,0.365686868686869
"1590",0.0592323232323232,0.158656565656566,0.312868686868687,0.553191919191919,0.553191919191919
"1591",0.0927070707070707,0.170434343434343,0.491333333333333,0.491333333333333,NA
"1592",0.0581818181818182,0.0640707070707071,0.456161616161616,0.458252525252525,0.512242424242424
"1593",0.0992323232323232,0.0992323232323232,0.529141414141414,0.529141414141414,0.529141414141414
"1594",0.109363636363636,0.109363636363636,0.398070707070707,0.597717171717172,NA
"1595",0.0438888888888889,0.230464646464646,0.455777777777778,0.457858585858586,0.750717171717172
"1596",0.0971010101010101,0.0972424242424243,0.509222222222222,0.509222222222222,0.557373737373737
"1597",0.0481818181818182,0.120828282828283,0.503575757575758,0.605242424242424,0.605242424242424
"1598",0.0774545454545455,0.131262626262626,0.438484848484849,0.438484848484849,0.438484848484849
"1599",0.0414949494949495,0.087979797979798,0.278929292929293,0.303818181818182,0.304454545454545
"1600",0.0418989898989899,0.231666666666667,0.254484848484848,0.360979797979798,0.453717171717172
"1601",0.0603737373737374,0.169505050505051,0.346191919191919,0.346242424242424,0.348292929292929
"1602",0.0916767676767677,0.0931919191919192,0.559505050505051,0.559505050505051,NA
"1603",0.0571414141414141,0.0698484848484849,0.0789393939393939,0.581040404040404,0.581040404040404
"1604",0.260272727272727,0.260272727272727,0.531767676767677,0.532949494949495,0.532949494949495
"1605",0.067010101010101,0.152818181818182,0.252454545454545,0.46579797979798,0.502343434343434
"1606",0.0797171717171717,0.258656565656566,0.327121212121212,0.365232323232323,0.365232323232323
"1607",0.0485353535353535,0.0485353535353535,0.419616161616162,0.419616161616162,0.419616161616162
"1608",0.0585555555555556,0.0651414141414142,0.592878787878788,0.592959595959596,0.592959595959596
"1609",0.0484343434343434,0.29869696969697,0.382171717171717,0.389454545454545,0.465505050505051
"1610",0.157434343434343,0.192353535353535,0.245878787878788,0.245878787878788,0.608252525252525
"1611",0.135969696969697,0.330959595959596,0.387373737373737,0.521,0.521
"1612",0.0552020202020202,0.0552020202020202,0.394818181818182,0.464555555555556,0.597454545454545
"1613",0.0602626262626263,0.0602626262626263,0.439444444444444,0.439444444444444,0.439444444444444
"1614",0.0591313131313131,0.126606060606061,0.277454545454545,0.38310101010101,0.560929292929293
"1615",0.224464646464646,0.224464646464646,0.224464646464646,0.353131313131313,0.934444444444445
"1616",0.156747474747475,0.173444444444444,0.400191919191919,0.508030303030303,0.584505050505051
"1617",0.123242424242424,0.123242424242424,0.439717171717172,0.439717171717172,NA
"1618",0.0693232323232323,0.100434343434343,0.488676767676768,0.488676767676768,0.488676767676768
"1619",0.140707070707071,0.178777777777778,0.181131313131313,0.181131313131313,0.412777777777778
"1620",0.0537979797979798,0.0537979797979798,0.137565656565657,0.432858585858586,0.466787878787879
"1621",0.048010101010101,0.048010101010101,0.536575757575758,0.536575757575758,0.536575757575758
"1622",0.106030303030303,0.106030303030303,0.28840404040404,0.28840404040404,0.425161616161616
"1623",0.088,0.088,0.30040404040404,0.30040404040404,0.653030303030303
"1624",0.111808080808081,0.111808080808081,0.23949494949495,0.23949494949495,0.312343434343434
"1625",0.0401818181818182,0.0656969696969697,0.286838383838384,0.287191919191919,0.381424242424242
"1626",0.118191919191919,0.189,0.500242424242424,0.500242424242424,0.500242424242424
"1627",0.0401212121212121,0.259212121212121,0.453686868686869,0.453686868686869,0.453686868686869
"1628",0.133242424242424,0.133242424242424,0.480525252525253,0.480525252525253,0.51089898989899
"1629",0.0575454545454546,0.180555555555556,0.46049494949495,0.529313131313131,0.529888888888889
"1630",0.162707070707071,0.196121212121212,0.519353535353535,0.519353535353535,0.519353535353535
"1631",0.0692929292929293,0.273515151515152,0.354565656565657,0.354565656565657,0.354565656565657
"1632",0.060959595959596,0.060959595959596,0.196666666666667,0.407222222222222,0.407222222222222
"1633",0.0495151515151515,0.0581515151515152,0.399626262626263,0.514747474747475,0.514747474747475
"1634",0.0941313131313131,0.0941313131313131,0.347919191919192,0.440717171717172,0.440717171717172
"1635",0.0548080808080808,0.250222222222222,0.325232323232323,0.330848484848485,0.330848484848485
"1636",0.0606666666666667,0.0606666666666667,0.0947878787878788,0.306,0.308424242424242
"1637",0.0475959595959596,0.0611919191919192,0.357393939393939,0.357393939393939,NA
"1638",0.0643838383838384,0.289757575757576,0.289757575757576,0.324909090909091,0.421454545454545
"1639",0.105474747474747,0.20420202020202,0.20420202020202,0.22789898989899,0.421515151515152
"1640",0.0851414141414141,0.0851414141414141,0.273090909090909,0.417585858585859,NA
"1641",0.0888080808080808,0.0888080808080808,0.374848484848485,0.498949494949495,0.498949494949495
"1642",0.0501212121212121,0.0601212121212121,0.400575757575758,0.400575757575758,0.400575757575758
"1643",0.06,0.06,0.346020202020202,0.40810101010101,0.463777777777778
"1644",0.0915050505050505,0.0915050505050505,0.308606060606061,0.308606060606061,0.82120202020202
"1645",0.0682626262626263,0.193525252525253,0.409454545454546,0.410666666666667,0.410666666666667
"1646",0.130181818181818,0.146222222222222,0.406676767676768,0.409232323232323,NA
"1647",0.076979797979798,0.076979797979798,0.318272727272727,0.446939393939394,0.599575757575758
"1648",0.138828282828283,0.138828282828283,0.411535353535354,0.411535353535354,0.412151515151515
"1649",0.0416868686868687,0.126151515151515,0.171757575757576,0.171757575757576,0.415878787878788
"1650",0.0589393939393939,0.0589393939393939,0.394181818181818,0.469535353535354,0.469535353535354
"1651",0.0602828282828283,0.0602828282828283,0.368959595959596,0.368959595959596,0.368959595959596
"1652",0.0548383838383838,0.0548383838383838,0.350525252525253,0.350525252525253,0.421616161616162
"1653",0.0438585858585859,0.0603636363636364,0.541292929292929,0.547323232323232,NA
"1654",0.056949494949495,0.137121212121212,0.538525252525253,0.538525252525253,0.538525252525253
"1655",0.0548484848484849,0.0601919191919192,0.425888888888889,0.507121212121212,0.507121212121212
"1656",0.061979797979798,0.234474747474748,0.423818181818182,0.42440404040404,0.570747474747475
"1657",0.0455858585858586,0.307444444444444,0.348191919191919,0.348191919191919,0.348191919191919
"1658",0.108979797979798,0.208030303030303,0.422111111111111,0.422111111111111,NA
"1659",0.0897272727272727,0.0897272727272727,0.296656565656566,0.435737373737374,0.501383838383838
"1660",0.0544949494949495,0.0754747474747475,0.288464646464646,0.288464646464646,0.462888888888889
"1661",0.0594848484848485,0.0757373737373737,0.381333333333333,0.501626262626263,NA
"1662",0.0941212121212121,0.0942020202020202,0.384626262626263,0.393050505050505,0.454949494949495
"1663",0.102626262626263,0.102626262626263,0.402828282828283,0.402828282828283,NA
"1664",0.0787474747474748,0.0787474747474748,0.401555555555556,0.401555555555556,NA
"1665",0.050030303030303,0.104676767676768,0.366090909090909,0.483393939393939,NA
"1666",0.0590909090909091,0.0590909090909091,0.370636363636364,0.373555555555556,0.373555555555556
"1667",0.0391313131313131,0.0391313131313131,0.324818181818182,0.426111111111111,NA
"1668",0.173626262626263,0.173626262626263,0.371626262626263,0.371989898989899,0.39940404040404
"1669",0.0517777777777778,0.0618787878787879,0.498151515151515,0.498838383838384,0.498838383838384
"1670",0.0764141414141414,0.214555555555556,0.427878787878788,0.427878787878788,0.427878787878788
"1671",0.0450808080808081,0.0450808080808081,0.405838383838384,0.405838383838384,0.447707070707071
"1672",0.0998484848484849,0.173161616161616,0.214414141414141,0.412808080808081,0.412808080808081
"1673",0.0372626262626263,0.13030303030303,0.334090909090909,0.335141414141414,0.335141414141414
"1674",0.0455252525252525,0.114656565656566,0.621989898989899,0.621989898989899,0.660242424242424
"1675",0.0726363636363636,0.0726969696969697,0.0732424242424242,0.344626262626263,0.354565656565657
"1676",0.0785454545454546,0.202020202020202,0.204777777777778,0.375828282828283,0.375828282828283
"1677",0.101222222222222,0.101222222222222,0.214222222222222,0.214222222222222,0.252525252525253
"1678",0.153878787878788,0.153878787878788,0.547393939393939,0.560868686868687,0.560868686868687
"1679",0.0387373737373737,0.194494949494949,0.194555555555556,0.194555555555556,0.50689898989899
"1680",0.0585151515151515,0.0585151515151515,0.345939393939394,0.345939393939394,0.345939393939394
"1681",0.083989898989899,0.083989898989899,0.476434343434343,0.476434343434343,0.476434343434343
"1682",0.139141414141414,0.195242424242424,0.419434343434343,0.419434343434343,0.419434343434343
"1683",0.0504949494949495,0.0618383838383838,0.472818181818182,0.472818181818182,0.472818181818182
"1684",0.0367878787878788,0.0923535353535354,0.428161616161616,0.428161616161616,0.428161616161616
"1685",0.0981414141414142,0.129242424242424,0.231151515151515,0.231151515151515,NA
"1686",0.0506565656565657,0.0506565656565657,0.324686868686869,0.466373737373737,0.467020202020202
"1687",0.177141414141414,0.177141414141414,0.45830303030303,0.517484848484849,0.517484848484849
"1688",0.0477979797979798,0.0517070707070707,0.422424242424242,0.422424242424242,0.50569696969697
"1689",0.159666666666667,0.159666666666667,0.327919191919192,0.543,0.543
"1690",0.0541515151515152,0.0541515151515152,0.337343434343434,0.430262626262626,NA
"1691",0.0783838383838384,0.350818181818182,0.450737373737374,0.450737373737374,NA
"1692",0.0554040404040404,0.0677373737373737,0.230565656565657,0.280777777777778,0.593545454545455
"1693",0.053959595959596,0.0793232323232323,0.482050505050505,0.495757575757576,NA
"1694",0.121151515151515,0.172646464646465,0.318494949494949,0.436575757575758,0.436575757575758
"1695",0.0538383838383838,0.0538383838383838,0.472828282828283,0.472828282828283,NA
"1696",0.105040404040404,0.105040404040404,0.174464646464646,0.338565656565657,0.338565656565657
"1697",0.0532424242424242,0.0532424242424242,0.401828282828283,0.423181818181818,0.423181818181818
"1698",0.128777777777778,0.222111111111111,0.282929292929293,0.282929292929293,0.301333333333333
"1699",0.0582323232323232,0.153787878787879,0.345525252525253,0.345525252525253,0.555969696969697
"1700",0.0955050505050505,0.0955050505050505,0.419686868686869,0.419686868686869,0.42149494949495
"1701",0.0480606060606061,0.173616161616162,0.558535353535354,0.558535353535354,0.558535353535354
"1702",0.0583131313131313,0.0583131313131313,0.355363636363636,0.355363636363636,0.554737373737374
"1703",0.0451919191919192,0.137121212121212,0.249181818181818,0.447333333333333,0.457949494949495
"1704",0.0478080808080808,0.0776969696969697,0.38179797979798,0.635646464646465,0.635646464646465
"1705",0.0601616161616162,0.0601616161616162,0.529707070707071,0.529707070707071,0.530090909090909
"1706",0.0596767676767677,0.0596767676767677,0.262464646464647,0.305090909090909,0.578191919191919
"1707",0.0684444444444444,0.0684444444444444,0.384858585858586,0.384858585858586,0.384858585858586
"1708",0.0753131313131313,0.0753131313131313,0.328151515151515,0.328151515151515,0.384090909090909
"1709",0.0762727272727273,0.0762727272727273,0.239888888888889,0.239888888888889,0.239909090909091
"1710",0.0620505050505051,0.0620505050505051,0.461252525252525,0.461252525252525,0.461252525252525
"1711",0.0800404040404041,0.187383838383838,0.38089898989899,0.38089898989899,0.38089898989899
"1712",0.0763939393939394,0.214717171717172,0.391333333333333,0.407666666666667,0.407666666666667
"1713",0.0353131313131313,0.242454545454545,0.275,0.450838383838384,0.543010101010101
"1714",0.0456969696969697,0.0737272727272727,0.389828282828283,0.389828282828283,0.389828282828283
"1715",0.131929292929293,0.157393939393939,0.414808080808081,0.414808080808081,0.414808080808081
"1716",0.226040404040404,0.226040404040404,0.374818181818182,0.374818181818182,0.374818181818182
"1717",0.0546262626262626,0.0878080808080808,0.322686868686869,0.421757575757576,0.421757575757576
"1718",0.0806262626262626,0.0806262626262626,0.310636363636364,0.310636363636364,0.310636363636364
"1719",0.0625353535353535,0.079010101010101,0.368515151515152,0.36920202020202,0.36920202020202
"1720",0.0552727272727273,0.312212121212121,0.519343434343434,0.532111111111111,0.532111111111111
"1721",0.0687070707070707,0.171474747474748,0.414363636363636,0.414363636363636,0.414363636363636
"1722",0.0813838383838384,0.0813838383838384,0.381444444444444,0.381444444444444,NA
"1723",0.0393737373737374,0.0448080808080808,0.46869696969697,0.645888888888889,0.645888888888889
"1724",0.0425858585858586,0.0588484848484849,0.497656565656566,0.541878787878788,0.607070707070707
"1725",0.0401414141414141,0.142373737373737,0.371868686868687,0.447868686868687,NA
"1726",0.0755959595959596,0.0757272727272727,0.464252525252525,0.464262626262626,NA
"1727",0.120737373737374,0.120737373737374,0.122434343434343,0.369666666666667,0.369666666666667
"1728",0.181161616161616,0.190191919191919,0.286191919191919,NA,NA
"1729",0.0700505050505051,0.145262626262626,0.346868686868687,0.346868686868687,0.54189898989899
"1730",0.0434141414141414,0.0710505050505051,0.346474747474747,0.592080808080808,NA
"1731",0.0436565656565657,0.0605050505050505,0.356141414141414,0.389080808080808,0.391020202020202
"1732",0.105,0.105010101010101,0.455181818181818,0.455191919191919,0.476151515151515
"1733",0.0403131313131313,0.0527474747474748,0.215383838383838,0.447070707070707,0.447070707070707
"1734",0.0571212121212121,0.134313131313131,0.423545454545455,0.566050505050505,0.566050505050505
"1735",0.0575454545454546,0.122737373737374,0.25779797979798,0.326090909090909,0.543040404040404
"1736",0.135424242424242,0.268434343434343,0.51830303030303,0.549939393939394,NA
"1737",0.054040404040404,0.194848484848485,0.283979797979798,0.485282828282828,0.535505050505051
"1738",0.0564343434343434,0.171888888888889,0.219616161616162,0.232070707070707,NA
"1739",0.0437575757575758,0.141020202020202,0.553979797979798,0.553979797979798,0.655969696969697
"1740",0.0451818181818182,0.180484848484848,0.458282828282828,0.458282828282828,NA
"1741",0.0528989898989899,0.125222222222222,0.356080808080808,0.356080808080808,0.780242424242424
"1742",0.0314343434343434,0.0516969696969697,0.438454545454545,NA,NA
"1743",0.153212121212121,0.153212121212121,0.252858585858586,0.353232323232323,0.41240404040404
"1744",0.0411313131313131,0.135757575757576,0.405888888888889,NA,NA
"1745",0.0532222222222222,0.0584949494949495,0.320191919191919,0.348323232323232,0.578959595959596
"1746",0.0695757575757576,0.0695757575757576,0.349131313131313,0.380909090909091,0.388010101010101
"1747",0.0544040404040404,0.169828282828283,0.253090909090909,0.461626262626263,0.614383838383838
"1748",0.0898989898989899,0.0898989898989899,0.462141414141414,0.569646464646465,NA
"1749",0.0801111111111111,0.0928383838383838,0.362,0.362282828282828,0.505222222222222
"1750",0.114818181818182,0.115727272727273,0.277272727272727,0.580343434343434,NA
"1751",0.0571010101010101,0.0629292929292929,0.364090909090909,0.364090909090909,0.506363636363636
"1752",0.0556666666666667,0.220262626262626,0.477949494949495,0.570090909090909,0.631626262626263
"1753",0.058949494949495,0.180050505050505,0.41820202020202,0.41820202020202,0.41820202020202
"1754",0.100252525252525,0.100252525252525,0.454212121212121,0.454212121212121,0.845555555555556
"1755",0.0448585858585859,0.101959595959596,0.375222222222222,0.381363636363636,0.419121212121212
"1756",0.102373737373737,0.102373737373737,0.220020202020202,0.220020202020202,0.220020202020202
"1757",0.113828282828283,0.113828282828283,0.418787878787879,0.418787878787879,0.418787878787879
"1758",0.183686868686869,0.183686868686869,0.404111111111111,0.404111111111111,0.404111111111111
"1759",0.0792929292929293,0.11779797979798,0.11779797979798,0.295252525252525,0.295252525252525
"1760",0.0973131313131313,0.0973131313131313,0.439737373737374,0.439737373737374,0.439737373737374
"1761",0.184383838383838,0.185565656565657,0.419252525252525,0.419252525252525,0.419252525252525
"1762",0.0597676767676768,0.0597676767676768,0.586111111111111,0.595424242424243,0.595424242424243
"1763",0.0532121212121212,0.168616161616162,0.365777777777778,0.365777777777778,0.365777777777778
"1764",0.0753333333333333,0.129717171717172,0.458757575757576,0.458757575757576,0.538252525252525
"1765",0.105212121212121,0.112787878787879,0.426808080808081,NA,NA
"1766",0.0465757575757576,0.197090909090909,0.253121212121212,0.299656565656566,0.632575757575758
"1767",0.0433333333333333,0.110818181818182,0.444828282828283,0.445,0.445
"1768",0.0753737373737374,0.153,0.283373737373737,0.283373737373737,0.283373737373737
"1769",0.0448181818181818,0.121878787878788,0.286787878787879,0.286787878787879,0.286787878787879
"1770",0.146757575757576,0.146757575757576,0.336393939393939,0.336858585858586,0.336858585858586
"1771",0.0951111111111111,0.14940404040404,0.423686868686869,0.423686868686869,NA
"1772",0.117808080808081,0.117808080808081,0.276646464646465,0.289383838383838,0.354313131313131
"1773",0.051989898989899,0.0565252525252525,0.185070707070707,0.185070707070707,0.394838383838384
"1774",0.0748686868686869,0.136434343434343,0.417484848484849,0.44079797979798,NA
"1775",0.0578383838383838,0.0578383838383838,0.472272727272727,0.510272727272727,0.559030303030303
"1776",0.048030303030303,0.0517878787878788,0.276939393939394,0.481363636363636,0.481656565656566
"1777",0.144555555555556,0.273040404040404,0.408121212121212,0.408121212121212,0.411282828282828
"1778",0.111060606060606,0.111060606060606,0.454535353535354,0.741525252525253,0.741525252525253
"1779",0.0564848484848485,0.172070707070707,0.313151515151515,0.313151515151515,0.38049494949495
"1780",0.0408484848484848,0.0985757575757576,0.0985757575757576,0.374272727272727,0.374272727272727
"1781",0.0870707070707071,0.0870707070707071,0.460929292929293,0.46249494949495,0.649717171717172
"1782",0.136919191919192,0.136919191919192,0.384121212121212,0.387272727272727,0.652686868686869
"1783",0.0404444444444444,0.0793838383838384,0.421747474747475,0.421747474747475,0.421747474747475
"1784",0.045010101010101,0.0514141414141414,0.497545454545455,0.512585858585859,0.534090909090909
"1785",0.0760707070707071,0.151767676767677,0.45589898989899,0.45589898989899,0.45589898989899
"1786",0.0852727272727273,0.0852727272727273,0.300616161616162,0.432606060606061,0.544919191919192
"1787",0.0728181818181818,0.170656565656566,0.32559595959596,0.456171717171717,0.458575757575758
"1788",0.0623232323232323,0.284717171717172,0.444090909090909,0.506717171717172,0.506717171717172
"1789",0.0556969696969697,0.0772929292929293,0.473666666666667,0.473666666666667,0.474292929292929
"1790",0.049,0.049,0.423111111111111,0.50249494949495,NA
"1791",0.0435454545454545,0.0435454545454545,0.300030303030303,0.301373737373737,0.51389898989899
"1792",0.0450909090909091,0.123979797979798,0.312666666666667,0.312666666666667,0.489929292929293
"1793",0.0541818181818182,0.253464646464647,0.350292929292929,0.384282828282828,0.384282828282828
"1794",0.0625050505050505,0.198848484848485,0.483141414141414,0.487191919191919,NA
"1795",0.0520606060606061,0.217111111111111,0.342737373737374,0.342818181818182,0.561727272727273
"1796",0.0386868686868687,0.0670707070707071,0.359525252525253,0.359525252525253,0.359525252525253
"1797",0.0560505050505051,0.153010101010101,0.214393939393939,0.481030303030303,NA
"1798",0.0748282828282828,0.0748282828282828,0.484575757575758,0.484575757575758,NA
"1799",0.0545656565656566,0.128575757575758,0.608212121212121,0.608212121212121,0.61810101010101
"1800",0.0865757575757576,0.215343434343434,0.306979797979798,0.306979797979798,0.306979797979798
"1801",0.0486060606060606,0.0486060606060606,0.402656565656566,0.402818181818182,0.402818181818182
"1802",0.0701212121212121,0.214707070707071,0.352181818181818,0.464454545454546,0.57240404040404
"1803",0.0524040404040404,0.0524040404040404,0.264191919191919,0.264191919191919,0.264191919191919
"1804",0.0515151515151515,0.0515151515151515,0.282585858585859,0.605505050505051,NA
"1805",0.0524747474747475,0.0524747474747475,0.590656565656566,0.590656565656566,0.590919191919192
"1806",0.229030303030303,0.229030303030303,0.295212121212121,0.295212121212121,0.307373737373737
"1807",0.0816969696969697,0.0816969696969697,0.500636363636364,0.500636363636364,0.500636363636364
"1808",0.0997272727272727,0.108434343434343,0.324717171717172,0.325292929292929,0.383151515151515
"1809",0.059030303030303,0.0743737373737374,0.275818181818182,0.275818181818182,0.284949494949495
"1810",0.119727272727273,0.119727272727273,0.452616161616162,0.452616161616162,0.58530303030303
"1811",0.0528787878787879,0.0528787878787879,0.477464646464646,0.477464646464646,0.485828282828283
"1812",0.0781212121212121,0.0788282828282828,0.329525252525253,0.532434343434343,NA
"1813",0.0511818181818182,0.191111111111111,0.47189898989899,0.47189898989899,NA
"1814",0.0549393939393939,0.0549393939393939,0.354575757575758,0.388565656565657,0.388565656565657
"1815",0.273242424242424,0.350393939393939,0.567191919191919,0.567191919191919,0.567191919191919
"1816",0.0834848484848485,0.0834848484848485,0.255171717171717,0.672545454545455,0.672545454545455
"1817",0.0596868686868687,0.168606060606061,0.355838383838384,0.356111111111111,0.356111111111111
"1818",0.0793636363636364,0.0793636363636364,0.477949494949495,0.477949494949495,0.586383838383838
"1819",0.0577474747474747,0.0828787878787879,0.526777777777778,0.526777777777778,0.526777777777778
"1820",0.0505151515151515,0.0760707070707071,0.453767676767677,0.453767676767677,0.907959595959596
"1821",0.109252525252525,0.10940404040404,0.487333333333333,0.487333333333333,0.487333333333333
"1822",0.0559393939393939,0.0559393939393939,0.365191919191919,0.596777777777778,0.596777777777778
"1823",0.0753535353535354,0.0914848484848485,0.0934040404040404,0.268747474747475,0.392515151515152
"1824",0.0703333333333333,0.0703939393939394,0.393292929292929,0.394363636363636,0.507787878787879
"1825",0.059989898989899,0.119383838383838,0.29510101010101,0.567686868686869,0.568121212121212
"1826",0.0922222222222222,0.0922222222222222,0.308363636363636,0.840242424242424,0.840242424242424
"1827",0.125191919191919,0.149232323232323,0.396191919191919,0.397414141414141,0.397414141414141
"1828",0.145626262626263,0.370878787878788,0.390676767676768,0.42989898989899,NA
"1829",0.12989898989899,0.12989898989899,0.450636363636364,0.465676767676768,0.519888888888889
"1830",0.0597979797979798,0.140171717171717,0.419909090909091,0.419909090909091,0.554818181818182
"1831",0.0532323232323232,0.129080808080808,0.34879797979798,0.360181818181818,0.360181818181818
"1832",0.138222222222222,0.138252525252525,0.242727272727273,0.242727272727273,0.472171717171717
"1833",0.0536767676767677,0.111858585858586,0.471848484848485,0.504666666666667,NA
"1834",0.139606060606061,0.139606060606061,0.356080808080808,0.356080808080808,0.41759595959596
"1835",0.0576363636363636,0.0576363636363636,0.316767676767677,0.469181818181818,0.469181818181818
"1836",0.0435353535353535,0.108272727272727,0.28359595959596,0.28359595959596,0.638878787878788
"1837",0.0786565656565657,0.175272727272727,0.372383838383838,0.372383838383838,0.372383838383838
"1838",0.173323232323232,0.173323232323232,0.467989898989899,0.559848484848485,0.696949494949495
"1839",0.0807171717171717,0.0807171717171717,0.444171717171717,0.444171717171717,0.45179797979798
"1840",0.13359595959596,0.13359595959596,0.56730303030303,0.577676767676768,NA
"1841",0.0462020202020202,0.0957272727272727,0.299505050505051,0.304747474747475,NA
"1842",0.0618282828282828,0.0684747474747475,0.214727272727273,0.465333333333333,0.584171717171717
"1843",0.0774343434343434,0.172121212121212,0.207606060606061,0.207606060606061,0.616292929292929
"1844",0.0567979797979798,0.0567979797979798,0.310666666666667,0.317929292929293,0.319131313131313
"1845",0.0534848484848485,0.0534848484848485,0.451727272727273,0.451727272727273,0.459868686868687
"1846",0.155919191919192,0.155919191919192,0.425777777777778,0.425777777777778,0.586040404040404
"1847",0.0443636363636364,0.141333333333333,0.484343434343434,0.485282828282828,0.506020202020202
"1848",0.0527575757575758,0.0727777777777778,0.27149494949495,0.456262626262626,0.462888888888889
"1849",0.0512222222222222,0.0512222222222222,0.455424242424242,0.455424242424242,0.455424242424242
"1850",0.0513030303030303,0.0513030303030303,0.275060606060606,0.294808080808081,NA
"1851",0.131040404040404,0.131040404040404,0.285707070707071,0.285707070707071,0.285707070707071
"1852",0.0816767676767677,0.0816767676767677,0.462909090909091,0.527626262626263,0.530484848484849
"1853",0.069959595959596,0.131939393939394,0.321686868686869,0.321686868686869,0.583969696969697
"1854",0.0526161616161616,0.0572121212121212,0.414767676767677,0.580262626262626,NA
"1855",0.0541515151515152,0.138222222222222,0.167919191919192,0.270414141414141,0.449828282828283
"1856",0.121161616161616,0.121161616161616,0.445939393939394,0.445939393939394,NA
"1857",0.0751212121212121,0.118949494949495,0.294616161616162,0.310222222222222,0.310222222222222
"1858",0.0448989898989899,0.215171717171717,0.413060606060606,0.413060606060606,0.413060606060606
"1859",0.0568181818181818,0.0785656565656566,0.353131313131313,0.370272727272727,0.593747474747475
"1860",0.0564343434343434,0.120989898989899,0.457616161616162,0.464272727272727,0.464272727272727
"1861",0.156737373737374,0.156737373737374,0.512171717171717,0.512171717171717,0.512171717171717
"1862",0.11589898989899,0.11589898989899,0.453606060606061,0.453606060606061,0.731484848484849
"1863",0.0439292929292929,0.221858585858586,0.340777777777778,0.340777777777778,0.340777777777778
"1864",0.0472222222222222,0.119858585858586,0.41969696969697,0.41969696969697,NA
"1865",0.222050505050505,0.427353535353535,0.45740404040404,0.45740404040404,0.45740404040404
"1866",0.038979797979798,0.112111111111111,0.506343434343434,0.506343434343434,0.757333333333333
"1867",0.144252525252525,0.144252525252525,0.49459595959596,0.49459595959596,0.49459595959596
"1868",0.0446868686868687,0.0562727272727273,0.382616161616162,0.539969696969697,0.539969696969697
"1869",0.115161616161616,0.115161616161616,0.457858585858586,0.458010101010101,0.458010101010101
"1870",0.10349494949495,0.10349494949495,0.62769696969697,0.62769696969697,0.62769696969697
"1871",0.0591313131313131,0.0591313131313131,0.384787878787879,0.577939393939394,0.641252525252525
"1872",0.0380707070707071,0.0524545454545455,0.220515151515152,0.234747474747475,0.396474747474748
"1873",0.14630303030303,0.14630303030303,0.487484848484849,0.487484848484849,0.487484848484849
"1874",0.0488282828282828,0.24959595959596,0.263474747474747,0.354333333333333,0.35459595959596
"1875",0.10740404040404,0.10740404040404,0.419626262626263,0.419626262626263,0.419626262626263
"1876",0.0982626262626263,0.0982626262626263,0.0982626262626263,0.379474747474748,0.604111111111111
"1877",0.0579090909090909,0.132878787878788,0.361434343434343,0.391838383838384,0.392060606060606
"1878",0.0373333333333333,0.212878787878788,0.467454545454546,0.467454545454546,0.467454545454546
"1879",0.099939393939394,0.099939393939394,0.506131313131313,0.538959595959596,0.538959595959596
"1880",0.112222222222222,0.113979797979798,0.274919191919192,0.274919191919192,0.510666666666667
"1881",0.056010101010101,0.234060606060606,0.445989898989899,0.445989898989899,0.598989898989899
"1882",0.058030303030303,0.070989898989899,0.213353535353535,0.213353535353535,0.213353535353535
"1883",0.0464242424242424,0.143555555555556,0.356010101010101,0.356010101010101,0.35969696969697
"1884",0.0906060606060606,0.194979797979798,0.427515151515152,0.427515151515152,0.429727272727273
"1885",0.119626262626263,0.119626262626263,0.457686868686869,0.459858585858586,0.46
"1886",0.048989898989899,0.144464646464646,0.446121212121212,0.492262626262626,NA
"1887",0.105090909090909,0.105090909090909,0.326484848484848,0.326484848484848,0.400585858585859
"1888",0.12420202020202,0.12420202020202,0.231737373737374,0.41389898989899,0.567767676767677
"1889",0.0488080808080808,0.0488080808080808,0.0748585858585859,0.350030303030303,0.454161616161616
"1890",0.0456868686868687,0.172252525252525,0.492424242424242,0.543393939393939,NA
"1891",0.0543232323232323,0.0543232323232323,0.353949494949495,0.354131313131313,0.425393939393939
"1892",0.0584545454545455,0.146878787878788,0.397252525252525,0.397252525252525,NA
"1893",0.0731313131313131,0.109232323232323,0.480737373737374,0.480737373737374,0.480737373737374
"1894",0.0949090909090909,0.174909090909091,0.289181818181818,0.289181818181818,0.289181818181818
"1895",0.0699090909090909,0.195707070707071,0.465262626262626,0.467929292929293,0.467929292929293
"1896",0.0554646464646465,0.0554646464646465,0.425888888888889,0.502505050505051,0.752626262626263
"1897",0.105646464646465,0.105646464646465,0.11910101010101,0.415262626262626,0.415262626262626
"1898",0.0556565656565657,0.0556565656565657,0.44440404040404,0.44440404040404,0.583323232323232
"1899",0.0656868686868687,0.117494949494949,0.612323232323232,0.612323232323232,0.612323232323232
"1900",0.121393939393939,0.121393939393939,0.488626262626263,0.519131313131313,0.519131313131313
"1901",0.0477070707070707,0.141313131313131,0.544777777777778,0.544777777777778,0.555808080808081
"1902",0.100444444444444,0.100444444444444,0.418010101010101,0.418010101010101,0.507555555555556
"1903",0.0478585858585859,0.0777373737373737,0.399464646464647,0.458434343434343,0.458434343434343
"1904",0.134313131313131,0.325454545454545,0.442565656565657,0.442565656565657,0.443383838383838
"1905",0.0353737373737374,0.077,0.281111111111111,0.281111111111111,0.281111111111111
"1906",0.0525757575757576,0.0525757575757576,0.306262626262626,0.306262626262626,0.395989898989899
"1907",0.126252525252525,0.126252525252525,0.180919191919192,0.223565656565657,0.223565656565657
"1908",0.136686868686869,0.136747474747475,0.312909090909091,0.312909090909091,0.312909090909091
"1909",0.0547070707070707,0.153515151515152,0.337555555555556,0.337555555555556,0.337555555555556
"1910",0.0962020202020202,0.0962020202020202,0.477151515151515,0.477151515151515,0.477606060606061
"1911",0.0426464646464646,0.167070707070707,0.343414141414141,0.354989898989899,0.354989898989899
"1912",0.0583030303030303,0.0583030303030303,0.495919191919192,0.495919191919192,0.495919191919192
"1913",0.0632323232323232,0.0632323232323232,0.503525252525253,0.548959595959596,0.548959595959596
"1914",0.25379797979798,0.378949494949495,0.392222222222222,0.39489898989899,0.39489898989899
"1915",0.0925050505050505,0.0925050505050505,0.286808080808081,0.417626262626263,0.417626262626263
"1916",0.0540909090909091,0.0540909090909091,0.562353535353535,0.562414141414141,0.562414141414141
"1917",0.0866060606060606,0.0866060606060606,0.236333333333333,0.236333333333333,0.546333333333333
"1918",0.126747474747475,0.126747474747475,0.376878787878788,0.586010101010101,0.586010101010101
"1919",0.0648585858585859,0.0672121212121212,0.328060606060606,0.488424242424242,NA
"1920",0.0561414141414141,0.0617272727272727,0.325383838383838,0.325383838383838,0.325383838383838
"1921",0.0746464646464647,0.0746464646464647,0.151565656565657,0.322252525252525,0.40710101010101
"1922",0.0766363636363636,0.0766868686868687,0.298727272727273,0.615020202020202,0.615020202020202
"1923",0.143222222222222,0.143222222222222,0.486424242424242,0.506414141414141,0.506414141414141
"1924",0.0557373737373737,0.141,0.453717171717172,0.503626262626263,0.539282828282828
"1925",0.152272727272727,0.201656565656566,0.398525252525253,0.554232323232323,NA
"1926",0.0626363636363636,0.0626363636363636,0.095979797979798,0.095979797979798,0.711939393939394
"1927",0.156131313131313,0.156131313131313,0.319717171717172,0.319717171717172,0.654242424242424
"1928",0.0998484848484849,0.0998484848484849,0.522070707070707,0.522070707070707,0.606949494949495
"1929",0.0592323232323232,0.0651919191919192,0.437848484848485,0.438454545454545,0.758353535353535
"1930",0.127777777777778,0.30120202020202,0.30120202020202,0.402707070707071,0.402707070707071
"1931",0.0534040404040404,0.0653232323232323,0.406828282828283,0.406828282828283,0.406828282828283
"1932",0.0568282828282828,0.0568282828282828,0.373171717171717,0.373171717171717,0.373171717171717
"1933",0.037949494949495,0.0540707070707071,0.281313131313131,0.601959595959596,0.605131313131313
"1934",0.0612626262626263,0.256080808080808,0.381434343434343,0.571020202020202,0.571515151515152
"1935",0.0451414141414141,0.122090909090909,0.31559595959596,0.31559595959596,0.31559595959596
"1936",0.0770909090909091,0.0770909090909091,0.57459595959596,0.584353535353535,0.584353535353535
"1937",0.130494949494949,0.130575757575758,0.355616161616162,0.401282828282828,0.449555555555556
"1938",0.042020202020202,0.0600606060606061,0.0600606060606061,0.527373737373737,0.527373737373737
"1939",0.126010101010101,0.126010101010101,0.262767676767677,0.262767676767677,0.654242424242424
"1940",0.0567777777777778,0.0567777777777778,0.299989898989899,0.449646464646465,0.449646464646465
"1941",0.0475858585858586,0.154636363636364,0.332393939393939,0.332393939393939,0.332393939393939
"1942",0.0561414141414141,0.0561414141414141,0.475545454545455,0.592525252525253,0.592525252525253
"1943",0.0622121212121212,0.0622121212121212,0.418585858585859,0.418585858585859,0.418585858585859
"1944",0.0541313131313131,0.127565656565657,0.514525252525253,0.514525252525253,0.514525252525253
"1945",0.0543131313131313,0.0543131313131313,0.270989898989899,0.574353535353535,0.574353535353535
"1946",0.0434949494949495,0.0862121212121212,0.199838383838384,0.199838383838384,0.599959595959596
"1947",0.0624848484848485,0.17269696969697,0.38020202020202,0.38020202020202,0.38020202020202
"1948",0.0536969696969697,0.0536969696969697,0.0802828282828283,0.310949494949495,0.362585858585859
"1949",0.046969696969697,0.191525252525253,0.396080808080808,0.396080808080808,NA
"1950",0.165424242424242,0.165424242424242,0.510666666666667,0.510666666666667,0.510666666666667
"1951",0.0568888888888889,0.106939393939394,0.195909090909091,0.414828282828283,0.711434343434344
"1952",0.0823838383838384,0.0823838383838384,0.392020202020202,0.392020202020202,0.392191919191919
"1953",0.12240404040404,0.12240404040404,0.414444444444445,0.500030303030303,0.511333333333333
"1954",0.109181818181818,0.228464646464646,0.263767676767677,0.263767676767677,0.263767676767677
"1955",0.122777777777778,0.122777777777778,0.583151515151515,0.583151515151515,NA
"1956",0.0435050505050505,0.169858585858586,0.320616161616162,0.502040404040404,0.700959595959596
"1957",0.0574343434343434,0.223858585858586,0.242444444444444,0.478373737373737,0.478373737373737
"1958",0.132050505050505,0.179565656565657,0.179565656565657,0.300535353535354,0.468292929292929
"1959",0.0651212121212121,0.122454545454545,0.300262626262626,0.337515151515152,NA
"1960",0.0532020202020202,0.125686868686869,0.39489898989899,0.39489898989899,0.395575757575758
"1961",0.174929292929293,0.185212121212121,0.30620202020202,NA,NA
"1962",0.0498787878787879,0.0808787878787879,0.411444444444445,0.411444444444445,0.437141414141414
"1963",0.0594242424242424,0.0594242424242424,0.454232323232323,0.62030303030303,0.626686868686869
"1964",0.0372828282828283,0.129484848484849,0.306565656565657,0.306565656565657,0.306565656565657
"1965",0.20149494949495,0.202343434343434,0.27379797979798,0.31759595959596,0.31759595959596
"1966",0.174464646464646,0.174484848484848,0.408969696969697,0.446878787878788,0.446878787878788
"1967",0.126474747474747,0.126474747474747,0.303959595959596,0.364282828282828,0.442888888888889
"1968",0.0326969696969697,0.199434343434343,0.502616161616162,0.57069696969697,0.57069696969697
"1969",0.0528181818181818,0.0528181818181818,0.375858585858586,0.375858585858586,0.375858585858586
"1970",0.0583838383838384,0.186808080808081,0.377525252525253,0.377525252525253,0.592555555555556
"1971",0.0455454545454545,0.25110101010101,0.25110101010101,0.538414141414141,0.564585858585859
"1972",0.140222222222222,0.17940404040404,0.239464646464646,0.239464646464646,0.505575757575758
"1973",0.0767676767676768,0.0801717171717172,0.220868686868687,0.227393939393939,0.500464646464647
"1974",0.0791111111111111,0.238252525252525,0.618,0.618,0.618
"1975",0.0996666666666667,0.0996666666666667,0.396010101010101,0.475131313131313,0.475131313131313
"1976",0.0876161616161616,0.089989898989899,0.321505050505051,0.431252525252525,0.431252525252525
"1977",0.0547777777777778,0.0547777777777778,0.377252525252525,0.377252525252525,0.377252525252525
"1978",0.0498686868686869,0.0585555555555556,0.266434343434343,0.266434343434343,0.391515151515152
"1979",0.0736969696969697,0.0736969696969697,0.373818181818182,0.373818181818182,0.590919191919192
"1980",0.0608080808080808,0.0608080808080808,0.297606060606061,0.498222222222222,0.519626262626263
"1981",0.108656565656566,0.108656565656566,0.28930303030303,0.28930303030303,0.353888888888889
"1982",0.145151515151515,0.145151515151515,0.242555555555556,0.244818181818182,0.244818181818182
"1983",0.0807575757575758,0.0807575757575758,0.535323232323232,0.535323232323232,0.535323232323232
"1984",0.0438989898989899,0.169464646464646,0.292333333333333,0.296010101010101,0.437454545454545
"1985",0.114919191919192,0.175959595959596,0.396383838383838,0.396383838383838,0.396383838383838
"1986",0.0374343434343434,0.0776666666666667,0.542060606060606,0.542060606060606,0.542060606060606
"1987",0.130262626262626,0.141272727272727,0.382444444444444,0.39989898989899,NA
"1988",0.0394343434343434,0.138121212121212,0.167707070707071,0.34810101010101,0.438909090909091
"1989",0.0654747474747475,0.140909090909091,0.379666666666667,0.384747474747475,0.384747474747475
"1990",0.109232323232323,0.151717171717172,0.42349494949495,0.42349494949495,0.594929292929293
"1991",0.0557272727272727,0.089020202020202,0.568747474747475,0.568747474747475,0.690343434343434
"1992",0.119363636363636,0.190636363636364,0.440545454545455,0.599919191919192,0.601848484848485
"1993",0.185939393939394,0.185939393939394,0.373222222222222,0.373222222222222,0.373222222222222
"1994",0.0551616161616162,0.104242424242424,0.252737373737374,0.466393939393939,0.466393939393939
"1995",0.128979797979798,0.170313131313131,0.431171717171717,0.47649494949495,NA
"1996",0.0584343434343434,0.0584343434343434,0.427878787878788,0.427878787878788,NA
"1997",0.0928080808080808,0.0928080808080808,0.370686868686869,0.498222222222222,0.508555555555556
"1998",0.0648989898989899,0.117676767676768,0.395353535353535,0.395353535353535,0.502131313131313
"1999",0.055989898989899,0.0776161616161616,0.43730303030303,0.437535353535354,0.437535353535354
"2000",0.105363636363636,0.105383838383838,0.465333333333333,0.466585858585859,0.466585858585859
"2001",0.0813030303030303,0.0817070707070707,0.449777777777778,0.449777777777778,0.449777777777778
"2002",0.0528686868686869,0.0528686868686869,0.327808080808081,0.327808080808081,0.844939393939394
"2003",0.0576363636363636,0.0704242424242424,0.354444444444444,0.493090909090909,0.493090909090909
"2004",0.048,0.069030303030303,0.465989898989899,0.465989898989899,0.510444444444444
"2005",0.102929292929293,0.29689898989899,0.401626262626263,0.401626262626263,0.401626262626263
"2006",0.187141414141414,0.200717171717172,0.321828282828283,0.561515151515152,0.596585858585859
"2007",0.051989898989899,0.319505050505051,0.326272727272727,0.770959595959596,NA
"2008",0.246343434343434,0.246343434343434,0.246343434343434,0.246343434343434,0.246343434343434
"2009",0.129969696969697,0.132878787878788,0.387656565656566,0.41659595959596,0.41659595959596
"2010",0.048040404040404,0.227111111111111,0.402848484848485,0.430828282828283,0.430828282828283
"2011",0.0503737373737374,0.213676767676768,0.387333333333333,0.387333333333333,0.415171717171717
"2012",0.0427575757575758,0.154,0.374212121212121,0.601141414141414,NA
"2013",0.176747474747475,0.176747474747475,0.185323232323232,0.189818181818182,0.221828282828283
"2014",0.0846363636363636,0.120373737373737,0.425444444444444,0.425444444444444,0.425444444444444
"2015",0.160090909090909,0.160090909090909,0.510353535353535,0.651171717171717,0.651171717171717
"2016",0.0638383838383838,0.0638383838383838,0.394191919191919,0.520080808080808,0.520161616161616
"2017",0.0984747474747475,0.0985555555555556,0.375,0.375,0.375
"2018",0.0598888888888889,0.0598888888888889,0.415545454545455,0.415545454545455,0.415545454545455
"2019",0.0517070707070707,0.113272727272727,0.342858585858586,0.349171717171717,NA
"2020",0.0519393939393939,0.0778080808080808,0.283565656565657,0.365888888888889,0.365888888888889
"2021",0.0752525252525253,0.0752828282828283,0.547292929292929,0.547292929292929,0.547292929292929
"2022",0.0572929292929293,0.291808080808081,0.358979797979798,0.358979797979798,0.42410101010101
"2023",0.037979797979798,0.0573939393939394,0.424989898989899,0.424989898989899,0.474090909090909
"2024",0.046010101010101,0.046010101010101,0.440080808080808,0.454828282828283,0.595020202020202
"2025",0.0648686868686869,0.0648686868686869,0.441727272727273,0.478848484848485,0.479787878787879
"2026",0.0556666666666667,0.0556666666666667,0.458151515151515,0.458151515151515,0.458151515151515
"2027",0.0743030303030303,0.118272727272727,0.377616161616162,0.53869696969697,0.53869696969697
"2028",0.153565656565657,0.169959595959596,0.401565656565657,0.401565656565657,0.502010101010101
"2029",0.0449292929292929,0.184363636363636,0.466141414141414,0.466151515151515,0.495474747474748
"2030",0.124040404040404,0.124040404040404,0.350020202020202,0.424818181818182,0.424828282828283
"2031",0.0684747474747475,0.0684747474747475,0.432111111111111,0.478919191919192,NA
"2032",0.0617878787878788,0.14449494949495,0.252313131313131,0.260131313131313,0.443979797979798
"2033",0.0544747474747475,0.0544747474747475,0.32830303030303,0.32830303030303,0.32830303030303
"2034",0.056949494949495,0.197242424242424,0.237363636363636,0.517575757575758,0.517575757575758
"2035",0.0762424242424243,0.125565656565657,0.329454545454545,0.329454545454545,0.329454545454545
"2036",0.101575757575758,0.132808080808081,0.351242424242424,0.351242424242424,0.351242424242424
"2037",0.0627171717171717,0.162050505050505,0.295,0.311090909090909,0.311090909090909
"2038",0.0534040404040404,0.101909090909091,0.254616161616162,0.254616161616162,0.497969696969697
"2039",0.0837171717171717,0.0837171717171717,0.156808080808081,0.218515151515152,0.218515151515152
"2040",0.0395353535353535,0.077969696969697,0.244919191919192,0.244919191919192,0.792353535353535
"2041",0.116575757575758,0.116575757575758,0.360373737373737,0.360373737373737,0.360373737373737
"2042",0.033,0.169555555555556,0.248606060606061,0.323242424242424,0.323242424242424
"2043",0.0791616161616162,0.0791616161616162,0.223585858585859,0.223606060606061,NA
"2044",0.0501919191919192,0.0719090909090909,0.385808080808081,0.425888888888889,0.425969696969697
"2045",0.0376868686868687,0.151626262626263,0.313616161616162,0.348484848484849,0.362232323232323
"2046",0.0521111111111111,0.0936767676767677,0.360787878787879,0.530414141414141,NA
"2047",0.0663838383838384,0.251565656565657,0.251565656565657,0.409808080808081,0.458828282828283
"2048",0.0947474747474748,0.119232323232323,0.470757575757576,NA,NA
"2049",0.0428585858585859,0.217212121212121,0.436575757575758,0.436575757575758,0.582191919191919
"2050",0.0488989898989899,0.0648383838383838,0.206818181818182,0.388191919191919,0.388191919191919
"2051",0.0739090909090909,0.0752222222222222,0.461282828282828,0.614969696969697,0.650383838383838
"2052",0.077010101010101,0.11410101010101,0.38189898989899,0.386444444444444,0.696868686868687
"2053",0.0573131313131313,0.0700606060606061,0.0791313131313131,0.452828282828283,0.452828282828283
"2054",0.0627070707070707,0.156717171717172,0.506454545454545,0.55630303030303,0.687606060606061
"2055",0.0465252525252525,0.0465252525252525,0.329757575757576,0.336727272727273,NA
"2056",0.0913939393939394,0.0913939393939394,0.492646464646465,0.527555555555556,NA
"2057",0.0796565656565657,0.12359595959596,0.457141414141414,0.457141414141414,0.457141414141414
"2058",0.0538787878787879,0.108444444444444,0.444858585858586,0.444858585858586,0.444858585858586
"2059",0.0662222222222222,0.0662222222222222,0.302636363636364,0.460050505050505,0.460050505050505
"2060",0.0784545454545455,0.157262626262626,0.431717171717172,0.600111111111111,0.634
"2061",0.106565656565657,0.174050505050505,0.317191919191919,0.339909090909091,0.339909090909091
"2062",0.0788282828282828,0.0788282828282828,0.55310101010101,0.55310101010101,0.634838383838384
"2063",0.148383838383838,0.148383838383838,0.233727272727273,0.35249494949495,0.35249494949495
"2064",0.0471414141414141,0.0471414141414141,0.443131313131313,0.443131313131313,0.689323232323232
"2065",0.0790707070707071,0.0790707070707071,0.48669696969697,0.48669696969697,NA
"2066",0.0545353535353535,0.153484848484849,0.349484848484849,0.356858585858586,0.356858585858586
"2067",0.0958484848484848,0.0958484848484848,0.322343434343434,0.322343434343434,0.51130303030303
"2068",0.108454545454545,0.11630303030303,0.27540404040404,0.408616161616162,0.448838383838384
"2069",0.191252525252525,0.191252525252525,0.337939393939394,0.337939393939394,0.337939393939394
"2070",0.0725050505050505,0.0725050505050505,0.401909090909091,0.401909090909091,0.401909090909091
"2071",0.0327272727272727,0.0429191919191919,0.441,NA,NA
"2072",0.0594646464646465,0.177646464646465,0.265464646464646,0.265464646464646,0.401161616161616
"2073",0.0604646464646465,0.0604646464646465,0.494434343434344,0.505272727272727,0.518939393939394
"2074",0.0584444444444445,0.100474747474747,0.100575757575758,0.560757575757576,0.560757575757576
"2075",0.042040404040404,0.045040404040404,0.348939393939394,0.348939393939394,NA
"2076",0.0683434343434343,0.120191919191919,0.453868686868687,0.453868686868687,0.453868686868687
"2077",0.0667777777777778,0.195121212121212,0.351676767676768,0.469151515151515,0.469151515151515
"2078",0.0584444444444445,0.0584444444444445,0.349959595959596,0.408030303030303,0.501212121212121
"2079",0.230323232323232,0.230323232323232,0.395545454545455,0.473424242424242,0.473444444444445
"2080",0.0567070707070707,0.0782525252525253,0.219010101010101,0.503555555555556,0.544969696969697
"2081",0.133858585858586,0.260979797979798,0.504414141414141,0.504414141414141,0.520969696969697
"2082",0.126818181818182,0.134171717171717,0.458020202020202,0.579474747474747,NA
"2083",0.0532222222222222,0.0532222222222222,0.191474747474747,0.272777777777778,0.440252525252525
"2084",0.0862424242424242,0.355333333333333,0.415969696969697,0.416232323232323,0.416232323232323
"2085",0.0618282828282828,0.0618282828282828,0.255848484848485,0.404454545454546,0.404454545454546
"2086",0.0635454545454545,0.177313131313131,0.330787878787879,0.381020202020202,NA
"2087",0.0409393939393939,0.0409393939393939,0.381393939393939,0.382212121212121,0.382212121212121
"2088",0.145313131313131,0.145424242424242,0.280868686868687,0.33649494949495,NA
"2089",0.0790909090909091,0.0801919191919192,0.28330303030303,0.472818181818182,0.472828282828283
"2090",0.0501515151515152,0.0666666666666667,0.349141414141414,0.349141414141414,0.359828282828283
"2091",0.0466666666666667,0.0466666666666667,0.353414141414141,0.418656565656566,0.557858585858586
"2092",0.0401010101010101,0.13279797979798,0.360515151515152,0.360535353535354,NA
"2093",0.0458686868686869,0.0538686868686869,0.36469696969697,0.391262626262626,0.610434343434343
"2094",0.148878787878788,0.232383838383838,0.499676767676768,0.499676767676768,0.499676767676768
"2095",0.183262626262626,0.183262626262626,0.409787878787879,0.550979797979798,0.550979797979798
"2096",0.128171717171717,0.229979797979798,0.388949494949495,0.388949494949495,0.440858585858586
"2097",0.118161616161616,0.118161616161616,0.32130303030303,0.32130303030303,0.322606060606061
"2098",0.0868888888888889,0.0868888888888889,0.363222222222222,0.363222222222222,0.693343434343434
"2099",0.133141414141414,0.197616161616162,0.197616161616162,0.197616161616162,0.617454545454545
"2100",0.122141414141414,0.258434343434343,0.424363636363636,0.426353535353535,0.426353535353535
"2101",0.0521212121212121,0.156909090909091,0.28520202020202,0.396191919191919,0.396191919191919
"2102",0.0740909090909091,0.0740909090909091,0.37540404040404,0.394666666666667,0.394666666666667
"2103",0.177878787878788,0.177878787878788,0.449323232323232,0.449323232323232,0.687
"2104",0.0426363636363636,0.149171717171717,0.549989898989899,0.789616161616162,NA
"2105",0.106909090909091,0.106949494949495,0.328161616161616,0.328161616161616,NA
"2106",0.0732121212121212,0.126686868686869,0.424080808080808,0.424080808080808,0.42410101010101
"2107",0.154111111111111,0.292616161616162,0.293545454545455,0.37559595959596,0.37559595959596
"2108",0.052989898989899,0.052989898989899,0.481707070707071,0.481717171717172,0.588979797979798
"2109",0.0864848484848485,0.0864848484848485,0.256212121212121,0.256212121212121,0.614929292929293
"2110",0.051030303030303,0.0998686868686869,0.478080808080808,0.478242424242424,NA
"2111",0.172707070707071,0.172707070707071,0.298555555555556,NA,NA
"2112",0.0590707070707071,0.134919191919192,0.452787878787879,0.474171717171717,0.474171717171717
"2113",0.0504141414141414,0.0668989898989899,0.457292929292929,0.457292929292929,0.748575757575758
"2114",0.0508383838383838,0.0675656565656566,0.418080808080808,0.418080808080808,0.58779797979798
"2115",0.073,0.36469696969697,0.36469696969697,0.370474747474748,0.370474747474748
"2116",0.0855050505050505,0.10159595959596,0.381666666666667,0.631212121212121,NA
"2117",0.0460909090909091,0.0610707070707071,0.547282828282828,0.547282828282828,0.547282828282828
"2118",0.0781010101010101,0.215464646464646,0.479181818181818,0.479181818181818,0.549343434343434
"2119",0.0507676767676768,0.250444444444444,0.375989898989899,0.375989898989899,0.563808080808081
"2120",0.049979797979798,0.0877070707070707,0.295828282828283,0.537818181818182,0.537818181818182
"2121",0.0385353535353535,0.151717171717172,0.343878787878788,0.352393939393939,0.498191919191919
"2122",0.0545050505050505,0.21010101010101,0.347626262626263,0.347626262626263,0.389444444444444
"2123",0.117737373737374,0.117737373737374,0.176444444444444,0.176444444444444,0.385858585858586
"2124",0.0667979797979798,0.139484848484848,0.544848484848485,0.544848484848485,0.544848484848485
"2125",0.0615555555555556,0.131484848484848,0.48210101010101,0.48210101010101,0.731888888888889
"2126",0.112515151515152,0.120585858585859,0.369707070707071,0.369707070707071,0.370111111111111
"2127",0.0559393939393939,0.0559393939393939,0.425909090909091,0.425909090909091,0.427363636363636
"2128",0.086020202020202,0.086020202020202,0.382565656565657,0.382565656565657,0.645646464646465
"2129",0.126767676767677,0.234282828282828,0.475141414141414,0.499212121212121,NA
"2130",0.133949494949495,0.133949494949495,0.133949494949495,0.308222222222222,0.308222222222222
"2131",0.0762525252525253,0.119858585858586,0.470565656565657,0.470565656565657,0.470565656565657
"2132",0.0546767676767677,0.103373737373737,0.316111111111111,0.451131313131313,0.566737373737374
"2133",0.186343434343434,0.186343434343434,0.26549494949495,0.555919191919192,0.555919191919192
"2134",0.0586767676767677,0.261232323232323,0.414555555555556,0.414555555555556,0.414555555555556
"2135",0.0687171717171717,0.129919191919192,0.354080808080808,0.502232323232323,0.502232323232323
"2136",0.0501414141414141,0.134131313131313,0.335606060606061,0.335606060606061,0.762707070707071
"2137",0.061979797979798,0.171878787878788,0.352727272727273,0.361747474747475,0.361747474747475
"2138",0.0466767676767677,0.059959595959596,0.326191919191919,0.32630303030303,0.393070707070707
"2139",0.0610505050505051,0.129444444444444,0.281252525252525,0.440070707070707,0.564353535353535
"2140",0.155252525252525,0.170949494949495,0.191262626262626,0.191262626262626,0.613313131313131
"2141",0.179141414141414,0.179141414141414,0.326535353535354,0.326535353535354,0.420575757575758
"2142",0.0400606060606061,0.113909090909091,0.465959595959596,0.617282828282828,0.617282828282828
"2143",0.0537676767676768,0.0655656565656566,0.324292929292929,0.324292929292929,0.78349494949495
"2144",0.0609191919191919,0.143626262626263,0.544484848484849,0.544484848484849,0.592989898989899
"2145",0.0623232323232323,0.0781010101010101,0.397868686868687,0.455222222222222,0.461343434343434
"2146",0.0887070707070707,0.0887070707070707,0.301565656565657,0.301565656565657,0.75889898989899
"2147",0.15920202020202,0.161040404040404,0.396676767676768,0.397353535353535,0.397353535353535
"2148",0.0354444444444444,0.110434343434343,0.397888888888889,NA,NA
"2149",0.0783333333333333,0.254737373737374,0.340212121212121,0.340212121212121,0.340212121212121
"2150",0.0734646464646465,0.11940404040404,0.404717171717172,0.404717171717172,0.404717171717172
"2151",0.0763737373737374,0.112848484848485,0.37240404040404,0.37240404040404,0.37240404040404
"2152",0.143787878787879,0.143787878787879,0.437242424242424,0.437373737373737,0.467505050505051
"2153",0.0467575757575758,0.0504949494949495,0.380292929292929,0.38320202020202,0.38320202020202
"2154",0.0372626262626263,0.125505050505051,0.418707070707071,0.418707070707071,NA
"2155",0.0548282828282828,0.066949494949495,0.330484848484848,0.330515151515152,0.334171717171717
"2156",0.157828282828283,0.157828282828283,0.549030303030303,0.567151515151515,NA
"2157",0.0535353535353535,0.063949494949495,0.466131313131313,0.466131313131313,0.466131313131313
"2158",0.0327777777777778,0.0541818181818182,0.420525252525253,0.420525252525253,NA
"2159",0.0336060606060606,0.0957171717171717,0.542686868686869,NA,NA
"2160",0.0558383838383838,0.0558383838383838,0.517535353535354,0.517535353535354,0.517535353535354
"2161",0.0631212121212121,0.075989898989899,0.30749494949495,0.30749494949495,NA
"2162",0.124676767676768,0.124676767676768,0.315444444444444,0.315444444444444,NA
"2163",0.0756363636363636,0.159868686868687,0.301717171717172,0.301717171717172,0.302868686868687
"2164",0.0747676767676768,0.158313131313131,0.34630303030303,0.478292929292929,0.480151515151515
"2165",0.058,0.058,0.413959595959596,0.413959595959596,0.466787878787879
"2166",0.209979797979798,0.209979797979798,0.361666666666667,0.469575757575758,0.574767676767677
"2167",0.120515151515152,0.120515151515152,0.318434343434343,0.495919191919192,0.521515151515152
"2168",0.0753232323232323,0.0753232323232323,0.442767676767677,0.444606060606061,NA
"2169",0.139292929292929,0.153515151515152,0.348414141414141,0.398707070707071,NA
"2170",0.150030303030303,0.151010101010101,0.407888888888889,0.407888888888889,0.409545454545455
"2171",0.0472626262626263,0.112343434343434,0.518141414141414,0.518141414141414,0.518141414141414
"2172",0.0552121212121212,0.171050505050505,0.231969696969697,0.524656565656566,0.526373737373737
"2173",0.0383232323232323,0.0795454545454546,0.323050505050505,0.323292929292929,0.323292929292929
"2174",0.0493232323232323,0.139727272727273,0.411232323232323,0.454111111111111,0.454111111111111
"2175",0.0637676767676768,0.0709090909090909,0.390606060606061,0.390606060606061,0.390606060606061
"2176",0.208292929292929,0.223919191919192,0.296161616161616,0.542656565656566,0.54289898989899
"2177",0.151,0.151,0.50910101010101,0.509151515151515,0.509151515151515
"2178",0.0405050505050505,0.0545252525252525,0.421878787878788,0.48430303030303,0.484474747474748
"2179",0.0593939393939394,0.0593939393939394,0.337262626262626,0.339040404040404,0.339040404040404
"2180",0.0481818181818182,0.0904545454545455,0.483828282828283,0.483828282828283,0.483828282828283
"2181",0.0438080808080808,0.0469393939393939,0.266666666666667,0.509282828282828,NA
"2182",0.0555858585858586,0.130181818181818,0.192909090909091,0.28330303030303,0.355565656565657
"2183",0.041030303030303,0.0584747474747475,0.29169696969697,0.333383838383838,0.333383838383838
"2184",0.05,0.0543333333333333,0.530808080808081,0.530808080808081,0.530808080808081
"2185",0.0627474747474747,0.0634343434343434,0.523484848484849,0.523484848484849,0.523747474747475
"2186",0.0502727272727273,0.133777777777778,0.342161616161616,0.342161616161616,0.695919191919192
"2187",0.0774141414141414,0.0774141414141414,0.289232323232323,0.332646464646465,0.514515151515152
"2188",0.056959595959596,0.137292929292929,0.339959595959596,0.340646464646465,0.589020202020202
"2189",0.0742727272727273,0.111515151515152,0.429353535353535,0.429353535353535,0.444333333333333
"2190",0.0687373737373737,0.185656565656566,0.395626262626263,0.395626262626263,0.55049494949495
"2191",0.184030303030303,0.184030303030303,0.253383838383838,0.410171717171717,0.410171717171717
"2192",0.052040404040404,0.052040404040404,0.435747474747475,0.471626262626263,0.471626262626263
"2193",0.117676767676768,0.127292929292929,0.234989898989899,0.356060606060606,0.356060606060606
"2194",0.0352727272727273,0.0352727272727273,0.286535353535354,0.331959595959596,0.331959595959596
"2195",0.0582020202020202,0.146121212121212,0.360747474747475,0.367414141414141,0.367414141414141
"2196",0.0452222222222222,0.196141414141414,0.278040404040404,0.322060606060606,0.328444444444444
"2197",0.0454242424242424,0.250292929292929,0.271090909090909,0.437151515151515,0.437151515151515
"2198",0.0621111111111111,0.12210101010101,0.154252525252525,0.154252525252525,0.397858585858586
"2199",0.0475353535353535,0.0475353535353535,0.390151515151515,0.390212121212121,0.630060606060606
"2200",0.0521818181818182,0.0521818181818182,0.483707070707071,0.483707070707071,0.483707070707071
"2201",0.142434343434343,0.142434343434343,0.23879797979798,0.589020202020202,0.619878787878788
"2202",0.182262626262626,0.182262626262626,0.185606060606061,0.448111111111111,0.46830303030303
"2203",0.0507777777777778,0.112919191919192,0.269040404040404,0.303868686868687,0.303868686868687
"2204",0.0400505050505051,0.062979797979798,0.415707070707071,0.420888888888889,0.420888888888889
"2205",0.0611212121212121,0.170626262626263,0.485222222222222,0.485222222222222,0.485222222222222
"2206",0.084959595959596,0.084959595959596,0.087979797979798,0.288121212121212,0.288121212121212
"2207",0.166979797979798,0.209151515151515,0.300676767676768,0.375909090909091,0.375909090909091
"2208",0.0313838383838384,0.250656565656566,0.346777777777778,0.42359595959596,0.611151515151515
"2209",0.0727373737373737,0.0727373737373737,0.401343434343434,0.401343434343434,NA
"2210",0.0514040404040404,0.055979797979798,0.398060606060606,0.398060606060606,0.398060606060606
"2211",0.0762222222222222,0.169717171717172,0.320232323232323,0.433141414141414,0.454040404040404
"2212",0.0576565656565657,0.0705959595959596,0.354464646464646,0.354464646464646,0.35540404040404
"2213",0.0522525252525253,0.0522525252525253,0.256737373737374,0.444959595959596,0.507040404040404
"2214",0.0691111111111111,0.296979797979798,0.481525252525253,0.481525252525253,0.481525252525253
"2215",0.0349292929292929,0.235474747474748,0.351262626262626,0.430131313131313,NA
"2216",0.0596363636363636,0.152555555555556,0.433474747474748,0.459020202020202,0.464777777777778
"2217",0.0431111111111111,0.169878787878788,0.29849494949495,0.29849494949495,NA
"2218",0.119393939393939,0.215676767676768,0.215727272727273,0.225828282828283,0.64949494949495
"2219",0.0458888888888889,0.211272727272727,0.368323232323232,0.368323232323232,0.368323232323232
"2220",0.0463333333333333,0.0463333333333333,0.546181818181818,0.547515151515152,0.547515151515152
"2221",0.0700909090909091,0.156070707070707,0.371969696969697,0.371969696969697,0.398727272727273
"2222",0.058030303030303,0.0711212121212121,0.440333333333333,0.440333333333333,0.440333333333333
"2223",0.0707676767676768,0.0707878787878788,0.407555555555556,0.407555555555556,0.580535353535354
"2224",0.0463030303030303,0.0463030303030303,0.421171717171717,0.421171717171717,0.421171717171717
"2225",0.0613939393939394,0.162515151515152,0.357191919191919,0.429383838383838,NA
"2226",0.0537272727272727,0.0537272727272727,0.50379797979798,0.50379797979798,0.50379797979798
"2227",0.0892323232323232,0.0892323232323232,0.352171717171717,0.412515151515152,0.475222222222222
"2228",0.113070707070707,0.113070707070707,0.440989898989899,0.440989898989899,0.440989898989899
"2229",0.108111111111111,0.108111111111111,0.28030303030303,0.460626262626263,0.502141414141414
"2230",0.211232323232323,0.234989898989899,0.31910101010101,0.442535353535354,0.61430303030303
"2231",0.040969696969697,0.154,0.295565656565657,0.378878787878788,0.628989898989899
"2232",0.069969696969697,0.326707070707071,0.348323232323232,0.348323232323232,0.348323232323232
"2233",0.0476161616161616,0.0615858585858586,0.346717171717172,0.346838383838384,0.346838383838384
"2234",0.053,0.167484848484848,0.167484848484848,0.345545454545455,0.688878787878788
"2235",0.0374242424242424,0.117484848484848,0.348444444444444,0.351474747474747,0.351474747474747
"2236",0.0613333333333333,0.130161616161616,0.223727272727273,0.324929292929293,0.507666666666667
"2237",0.046010101010101,0.170262626262626,0.339131313131313,0.339131313131313,0.369050505050505
"2238",0.137323232323232,0.137383838383838,0.573070707070707,0.573070707070707,0.573070707070707
"2239",0.0632020202020202,0.0632020202020202,0.431272727272727,0.431272727272727,0.431272727272727
"2240",0.108636363636364,0.108636363636364,0.447929292929293,0.447929292929293,0.447929292929293
"2241",0.097010101010101,0.097010101010101,0.482313131313131,0.484131313131313,0.628444444444444
"2242",0.168383838383838,0.185,0.255464646464647,0.255464646464647,0.255464646464647
"2243",0.0512323232323232,0.141070707070707,0.322444444444444,0.461888888888889,0.461888888888889
"2244",0.139444444444444,0.139444444444444,0.297111111111111,0.297111111111111,0.297111111111111
"2245",0.103080808080808,0.103080808080808,0.183858585858586,0.197666666666667,0.36349494949495
"2246",0.049040404040404,0.049040404040404,0.33540404040404,0.342646464646465,0.342646464646465
"2247",0.0591717171717172,0.102343434343434,0.486929292929293,0.486929292929293,0.561060606060606
"2248",0.0482525252525253,0.174090909090909,0.174090909090909,0.506737373737374,0.583242424242424
"2249",0.0581212121212121,0.160383838383838,0.491121212121212,0.491121212121212,0.797858585858586
"2250",NA,NA,NA,NA,NA
"2251",0.0498989898989899,0.322212121212121,0.357292929292929,0.380585858585859,0.380585858585859
"2252",0.163181818181818,0.163181818181818,0.406181818181818,0.406181818181818,0.406181818181818
"2253",0.0532323232323232,0.085020202020202,0.168646464646465,0.320575757575758,0.385444444444444
"2254",0.0804646464646465,0.0808686868686869,0.432727272727273,0.432747474747475,0.432747474747475
"2255",0.145606060606061,0.145606060606061,0.390464646464647,0.390464646464647,0.560888888888889
"2256",0.103030303030303,0.103030303030303,0.370050505050505,0.621010101010101,0.624717171717172
"2257",0.0474141414141414,0.0772222222222222,0.349535353535354,0.459313131313131,0.459313131313131
"2258",0.0557070707070707,0.128838383838384,0.323262626262626,0.323262626262626,0.38620202020202
"2259",0.0626666666666667,0.0626666666666667,0.511010101010101,0.511010101010101,0.709888888888889
"2260",0.0839191919191919,0.149111111111111,0.29120202020202,0.355676767676768,0.499939393939394
"2261",0.0611818181818182,0.194484848484849,0.235141414141414,0.235141414141414,0.235141414141414
"2262",0.0356161616161616,0.188121212121212,0.25069696969697,0.487939393939394,0.487939393939394
"2263",0.138919191919192,0.138919191919192,0.142838383838384,0.473454545454546,0.480686868686869
"2264",0.138636363636364,0.16810101010101,0.228717171717172,0.46489898989899,0.501444444444444
"2265",0.0503333333333333,0.189868686868687,0.284232323232323,0.425656565656566,0.877878787878788
"2266",0.0456767676767677,0.116838383838384,0.49069696969697,0.49069696969697,0.49069696969697
"2267",0.042,0.125212121212121,0.28040404040404,0.416959595959596,NA
"2268",0.190959595959596,0.253363636363636,0.281010101010101,0.490373737373737,0.490373737373737
"2269",0.0444242424242424,0.0614141414141414,0.253525252525253,0.44079797979798,0.447858585858586
"2270",0.0335151515151515,0.148686868686869,0.267060606060606,0.469777777777778,NA
"2271",0.0549191919191919,0.0549191919191919,0.357282828282828,0.635868686868687,NA
"2272",0.0481717171717172,0.113373737373737,0.434121212121212,0.434121212121212,0.509414141414141
"2273",0.0424444444444445,0.342272727272727,0.424909090909091,0.435161616161616,0.577020202020202
"2274",0.0757070707070707,0.133474747474747,0.133474747474747,0.323262626262626,0.459575757575758
"2275",0.0583838383838384,0.0641616161616162,0.361444444444444,0.366262626262626,0.366262626262626
"2276",0.0837575757575758,0.0837575757575758,0.490484848484849,0.545080808080808,NA
"2277",0.081020202020202,0.101555555555556,0.296030303030303,0.32569696969697,0.629777777777778
"2278",0.13420202020202,0.198070707070707,0.365676767676768,0.365676767676768,0.365676767676768
"2279",0.138606060606061,0.194090909090909,0.625777777777778,0.730030303030303,0.730030303030303
"2280",0.0558787878787879,0.089040404040404,0.538222222222222,0.64240404040404,NA
"2281",0.0433636363636364,0.0868181818181818,0.459808080808081,0.459808080808081,0.463616161616162
"2282",0.218313131313131,0.237717171717172,0.56220202020202,0.56220202020202,0.56220202020202
"2283",0.127787878787879,0.323161616161616,0.381070707070707,0.381070707070707,0.43769696969697
"2284",0.0973939393939394,0.0973939393939394,0.467656565656566,0.467656565656566,0.514212121212121
"2285",0.0630909090909091,0.0630909090909091,0.308767676767677,0.308767676767677,0.895676767676768
"2286",0.0787979797979798,0.0787979797979798,0.308535353535354,0.516575757575758,0.609575757575758
"2287",0.0476969696969697,0.0476969696969697,0.246414141414141,0.412626262626263,0.413141414141414
"2288",0.0634747474747475,0.0634747474747475,0.48979797979798,0.48979797979798,0.591181818181818
"2289",0.216848484848485,0.216848484848485,0.216848484848485,0.216848484848485,0.292191919191919
"2290",0.140464646464646,0.140464646464646,0.144141414141414,0.402505050505051,0.402505050505051
"2291",0.073020202020202,0.073020202020202,0.324444444444444,0.432545454545455,NA
"2292",0.0591717171717172,0.0591717171717172,0.482838383838384,0.482838383838384,0.482838383838384
"2293",0.154323232323232,0.170808080808081,0.470909090909091,0.470909090909091,0.470909090909091
"2294",0.175747474747475,0.175747474747475,0.464161616161616,0.46420202020202,0.46420202020202
"2295",0.059959595959596,0.059959595959596,0.398111111111111,0.398111111111111,0.612686868686869
"2296",0.112686868686869,0.112686868686869,0.346909090909091,0.346909090909091,NA
"2297",0.0410909090909091,0.233131313131313,0.432444444444444,0.443606060606061,0.443606060606061
"2298",0.0528787878787879,0.116626262626263,0.280575757575758,0.280575757575758,0.280575757575758
"2299",0.150676767676768,0.150676767676768,0.294050505050505,0.294050505050505,NA
"2300",0.0468080808080808,0.0504242424242424,0.323828282828283,0.506323232323232,0.75769696969697
"2301",0.0754242424242424,0.101080808080808,0.549565656565657,0.549565656565657,0.549565656565657
"2302",0.0941313131313131,0.0941313131313131,0.373818181818182,0.376656565656566,0.695373737373737
"2303",0.162363636363636,0.162363636363636,0.321979797979798,0.573969696969697,0.573969696969697
"2304",0.0447878787878788,0.089979797979798,0.311161616161616,0.311161616161616,0.311161616161616
"2305",0.0800404040404041,0.0805252525252525,0.290282828282828,0.290282828282828,0.581555555555556
"2306",0.0581515151515152,0.253010101010101,0.283989898989899,0.441050505050505,0.441131313131313
"2307",0.203070707070707,0.203070707070707,0.204717171717172,0.296868686868687,0.477676767676768
"2308",0.0474343434343434,0.270727272727273,0.302484848484849,0.325989898989899,0.325989898989899
"2309",0.0717474747474748,0.0717474747474748,0.293727272727273,0.561040404040404,0.566646464646465
"2310",0.0752626262626263,0.279828282828283,0.279929292929293,0.292181818181818,0.292181818181818
"2311",0.0517373737373737,0.0517373737373737,0.528282828282828,0.572080808080808,0.57220202020202
"2312",0.0666767676767677,0.152080808080808,0.319080808080808,0.319454545454545,0.499171717171717
"2313",0.0459090909090909,0.0657777777777778,0.279181818181818,0.41040404040404,0.626616161616162
"2314",0.0782727272727273,0.0782727272727273,0.142727272727273,0.214868686868687,0.306575757575758
"2315",0.11859595959596,0.11859595959596,0.356575757575758,0.35659595959596,0.402040404040404
"2316",0.0507171717171717,0.0553636363636364,0.33489898989899,0.33489898989899,0.352282828282828
"2317",0.0566969696969697,0.0566969696969697,0.384616161616162,0.447949494949495,0.447949494949495
"2318",0.110555555555556,0.110555555555556,0.375979797979798,0.375979797979798,0.506464646464647
"2319",0.100424242424242,0.174484848484848,0.445161616161616,0.445161616161616,0.649747474747475
"2320",0.0408585858585859,0.0757070707070707,0.292020202020202,0.443949494949495,NA
"2321",0.203979797979798,0.206434343434343,0.465525252525253,0.612040404040404,0.612040404040404
"2322",0.0759393939393939,0.120575757575758,0.486323232323232,0.495232323232323,0.495272727272727
"2323",0.0424040404040404,0.0695858585858586,0.328818181818182,0.328818181818182,0.328909090909091
"2324",0.0855151515151515,0.265727272727273,0.275030303030303,0.450434343434343,0.81359595959596
"2325",0.0612424242424242,0.112484848484848,0.348141414141414,0.524838383838384,NA
"2326",0.0756666666666667,0.19120202020202,0.290333333333333,0.290333333333333,0.463010101010101
"2327",0.0812626262626263,0.22630303030303,0.261979797979798,0.474606060606061,0.513606060606061
"2328",0.0822727272727273,0.0828686868686869,0.259191919191919,0.265868686868687,0.265868686868687
"2329",0.0597777777777778,0.152434343434343,0.479909090909091,0.479909090909091,0.688272727272727
"2330",0.0415959595959596,0.0474343434343434,0.298565656565657,0.365515151515152,0.425333333333333
"2331",0.0643030303030303,0.0643030303030303,0.470808080808081,0.470808080808081,0.470808080808081
"2332",0.0808484848484849,0.0808484848484849,0.566575757575758,0.566575757575758,NA
"2333",0.0629191919191919,0.0629191919191919,0.571777777777778,0.571777777777778,0.571777777777778
"2334",0.0590606060606061,0.0590606060606061,0.472555555555556,0.472555555555556,0.727191919191919
"2335",0.0383939393939394,0.117454545454545,0.193151515151515,0.193151515151515,0.193363636363636
"2336",0.075969696969697,0.075969696969697,0.268838383838384,0.396383838383838,NA
"2337",0.0462727272727273,0.049959595959596,0.370929292929293,0.479393939393939,NA
"2338",0.0658585858585859,0.135777777777778,0.387161616161616,0.387161616161616,0.387161616161616
"2339",0.0463232323232323,0.063979797979798,0.373858585858586,0.373858585858586,0.467383838383838
"2340",0.0648080808080808,0.102535353535354,0.134656565656566,0.385555555555556,0.402969696969697
"2341",0.0402525252525253,0.0664646464646465,0.393212121212121,0.400959595959596,NA
"2342",0.0561919191919192,0.131232323232323,0.440919191919192,0.440919191919192,0.440919191919192
"2343",0.0382323232323232,0.252505050505051,0.416010101010101,0.416010101010101,0.416010101010101
"2344",0.0332828282828283,0.16979797979798,0.379737373737374,0.38069696969697,0.38069696969697
"2345",0.0978484848484849,0.0978484848484849,0.482545454545455,0.482545454545455,0.541353535353535
"2346",0.0565050505050505,0.0565050505050505,0.405171717171717,0.406313131313131,0.505525252525253
"2347",0.0492222222222222,0.080030303030303,0.432646464646465,0.470767676767677,0.515080808080808
"2348",0.085010101010101,0.0851919191919192,0.441080808080808,0.499949494949495,NA
"2349",0.0443434343434343,0.27740404040404,0.277565656565657,0.437292929292929,0.462484848484848
"2350",0.0745656565656566,0.17089898989899,0.506414141414141,0.549313131313131,0.549313131313131
"2351",0.0738585858585859,0.150545454545455,0.34859595959596,0.457191919191919,0.652878787878788
"2352",0.0478181818181818,0.172979797979798,0.468424242424242,0.468424242424242,0.468424242424242
"2353",0.132010101010101,0.259141414141414,0.331151515151515,0.461373737373737,0.845636363636364
"2354",0.112151515151515,0.112151515151515,0.236161616161616,0.359323232323232,0.401939393939394
"2355",0.0607676767676768,0.182686868686869,0.412414141414141,0.412414141414141,0.646282828282828
"2356",0.0453636363636364,0.102818181818182,0.501373737373737,0.511232323232323,NA
"2357",0.0592121212121212,0.0592121212121212,0.495727272727273,0.495727272727273,0.495727272727273
"2358",0.0476969696969697,0.312545454545455,0.314121212121212,0.442838383838384,0.686868686868687
"2359",0.0611616161616162,0.141363636363636,0.274414141414141,0.380353535353535,0.455353535353535
"2360",0.182565656565657,0.18859595959596,0.18859595959596,0.227818181818182,0.288707070707071
"2361",0.109040404040404,0.350343434343434,0.378909090909091,0.378909090909091,0.378909090909091
"2362",0.11769696969697,0.11769696969697,0.352959595959596,0.352959595959596,0.509858585858586
"2363",0.0554242424242424,0.326181818181818,0.410474747474747,0.410474747474747,NA
"2364",0.0693434343434343,0.0693434343434343,0.432767676767677,0.553090909090909,0.553191919191919
"2365",0.221242424242424,0.221242424242424,0.454252525252525,0.464656565656566,0.505323232323232
"2366",0.0458787878787879,0.0576868686868687,0.453969696969697,0.453969696969697,0.615070707070707
"2367",0.139272727272727,0.139272727272727,0.296737373737374,0.32120202020202,0.32120202020202
"2368",0.0594141414141414,0.207676767676768,0.551070707070707,0.553525252525253,0.572989898989899
"2369",0.0443030303030303,0.206626262626263,0.488606060606061,0.490707070707071,0.49079797979798
"2370",0.0755959595959596,0.0755959595959596,0.428717171717172,0.47630303030303,0.507646464646465
"2371",0.0344747474747475,0.151525252525253,0.292121212121212,0.426989898989899,NA
"2372",0.121353535353535,0.121525252525253,0.351626262626263,0.351626262626263,0.393585858585859
"2373",0.0421212121212121,0.0482323232323232,0.505868686868687,0.505868686868687,NA
"2374",0.0763434343434344,0.0763434343434344,0.341929292929293,0.341929292929293,0.341929292929293
"2375",0.104111111111111,0.104111111111111,0.366777777777778,0.422979797979798,0.498888888888889
"2376",0.0554949494949495,0.111747474747475,0.301515151515152,0.301515151515152,0.301515151515152
"2377",0.120353535353535,0.128010101010101,0.342878787878788,0.342878787878788,0.41169696969697
"2378",0.0564343434343434,0.216212121212121,0.382494949494949,0.393747474747475,NA
"2379",0.0542525252525253,0.138454545454545,0.350616161616162,0.481979797979798,0.481979797979798
"2380",0.0430606060606061,0.14659595959596,0.217141414141414,0.399060606060606,0.511
"2381",0.0901717171717172,0.0901717171717172,0.234313131313131,0.234313131313131,0.356
"2382",0.0637575757575758,0.164373737373737,0.292979797979798,0.292979797979798,NA
"2383",0.202262626262626,0.202262626262626,0.337868686868687,0.337868686868687,0.337868686868687
"2384",0.108686868686869,0.126050505050505,0.408393939393939,0.573616161616162,0.573616161616162
"2385",0.166060606060606,0.166060606060606,0.382232323232323,0.505050505050505,0.505050505050505
"2386",0.10630303030303,0.25679797979798,0.373010101010101,0.415585858585859,0.755080808080808
"2387",0.0624545454545455,0.322050505050505,0.568515151515152,0.568515151515152,0.568515151515152
"2388",0.154343434343434,0.274505050505051,0.362414141414141,0.415737373737374,0.650939393939394
"2389",0.0840707070707071,0.0840707070707071,0.465080808080808,0.534363636363636,0.54069696969697
"2390",0.166606060606061,0.166606060606061,0.428313131313131,0.607909090909091,0.611717171717172
"2391",0.0830808080808081,0.0830808080808081,0.496,0.496,0.496090909090909
"2392",0.0477575757575758,0.0477575757575758,0.346262626262626,0.346262626262626,0.346262626262626
"2393",0.0526868686868687,0.0526868686868687,0.192818181818182,0.318161616161616,0.388252525252525
"2394",0.0525151515151515,0.21789898989899,0.403676767676768,0.594030303030303,NA
"2395",0.0678080808080808,0.276818181818182,0.367737373737374,0.367737373737374,0.367737373737374
"2396",0.0430808080808081,0.0430808080808081,0.426969696969697,0.45259595959596,NA
"2397",0.0542020202020202,0.189383838383838,0.429616161616162,0.429616161616162,NA
"2398",0.208010101010101,0.216222222222222,0.296414141414141,0.468909090909091,0.469787878787879
"2399",0.0967676767676768,0.214909090909091,0.368868686868687,0.368868686868687,0.368868686868687
"2400",0.0310505050505051,0.0457777777777778,0.36320202020202,0.426272727272727,NA
"2401",0.0428282828282828,0.127181818181818,0.457171717171717,0.496242424242424,0.496242424242424
"2402",0.0551717171717172,0.0551717171717172,0.380757575757576,0.388828282828283,0.388828282828283
"2403",0.120979797979798,0.132040404040404,0.132040404040404,0.393363636363636,0.637343434343434
"2404",0.0784848484848485,0.0784848484848485,0.338212121212121,0.338222222222222,0.429777777777778
"2405",0.0522727272727273,0.0522727272727273,0.42510101010101,0.426616161616162,0.548070707070707
"2406",0.0427878787878788,0.0661313131313131,0.422828282828283,0.422828282828283,0.498747474747475
"2407",0.0436363636363636,0.225414141414141,0.225414141414141,0.516080808080808,0.516262626262626
"2408",0.0660909090909091,0.0660909090909091,0.554808080808081,0.554808080808081,0.554808080808081
"2409",0.0774040404040404,0.28389898989899,0.285020202020202,0.285020202020202,0.561656565656566
"2410",0.0406868686868687,0.119828282828283,0.402040404040404,0.402040404040404,NA
"2411",0.0813434343434344,0.0813434343434344,0.325121212121212,0.325121212121212,0.33610101010101
"2412",0.0531717171717172,0.286040404040404,0.605686868686869,0.605686868686869,0.605757575757576
"2413",0.0601212121212121,0.153616161616162,0.344808080808081,0.344808080808081,0.344808080808081
"2414",0.0935656565656566,0.0935959595959596,0.471484848484849,0.540050505050505,NA
"2415",0.0498787878787879,0.150989898989899,0.507050505050505,0.507050505050505,0.547353535353535
"2416",0.184676767676768,0.184676767676768,0.507292929292929,0.507292929292929,NA
"2417",0.0801616161616162,0.0801616161616162,0.396757575757576,NA,NA
"2418",0.0774545454545455,0.0774545454545455,0.320191919191919,0.320191919191919,0.508464646464647
"2419",0.0968282828282828,0.0968282828282828,0.453262626262626,0.453262626262626,NA
"2420",0.0474343434343434,0.0613939393939394,0.532151515151515,0.532151515151515,0.532151515151515
"2421",0.0607979797979798,0.163606060606061,0.599909090909091,0.601242424242424,0.601242424242424
"2422",0.0960808080808081,0.0964848484848485,0.306747474747475,0.306747474747475,NA
"2423",0.0464343434343434,0.0464343434343434,0.236454545454545,0.256333333333333,NA
"2424",0.0547979797979798,0.273707070707071,0.541626262626263,0.541626262626263,0.541626262626263
"2425",0.165808080808081,0.166070707070707,0.17369696969697,0.233868686868687,0.568434343434344
"2426",0.131040404040404,0.131040404040404,0.136525252525253,0.38920202020202,0.38920202020202
"2427",0.0551212121212121,0.0551212121212121,0.316333333333333,0.316333333333333,0.316333333333333
"2428",0.115474747474747,0.115474747474747,0.43049494949495,0.526272727272727,0.55689898989899
"2429",0.0597676767676768,0.0754343434343434,0.312858585858586,0.312858585858586,0.792121212121212
"2430",0.044989898989899,0.090010101010101,0.405121212121212,0.405121212121212,0.434686868686869
"2431",0.148323232323232,0.185747474747475,0.290515151515152,0.53420202020202,0.53420202020202
"2432",0.0594242424242424,0.0922020202020202,0.294767676767677,0.390949494949495,0.397191919191919
"2433",0.104979797979798,0.141,0.31840404040404,0.31840404040404,0.388737373737374
"2434",0.13549494949495,0.13549494949495,0.317636363636364,0.499171717171717,0.649232323232323
"2435",0.0915757575757576,0.127868686868687,0.375414141414141,0.414171717171717,NA
"2436",0.0568686868686869,0.0568686868686869,0.605606060606061,0.605606060606061,0.605606060606061
"2437",0.0541515151515152,0.0541515151515152,0.257777777777778,0.257777777777778,0.598888888888889
"2438",0.220686868686869,0.332363636363636,0.332949494949495,0.498323232323232,0.499080808080808
"2439",0.0735454545454546,0.0918181818181818,0.380424242424242,0.733151515151515,NA
"2440",0.052010101010101,0.0623030303030303,0.432313131313131,0.432313131313131,0.432969696969697
"2441",0.101424242424242,0.101424242424242,0.445111111111111,0.445111111111111,0.596868686868687
"2442",0.0993535353535354,0.0993535353535354,0.449888888888889,0.449888888888889,NA
"2443",0.0337777777777778,0.194212121212121,0.412959595959596,0.412959595959596,NA
"2444",0.0534848484848485,0.0534848484848485,0.420020202020202,0.737070707070707,0.737070707070707
"2445",0.0523939393939394,0.106888888888889,0.416060606060606,0.416060606060606,0.571585858585859
"2446",0.0585353535353535,0.0644949494949495,0.614242424242424,0.614242424242424,0.614242424242424
"2447",0.292929292929293,0.319222222222222,0.367959595959596,0.569333333333333,0.62679797979798
"2448",0.0621111111111111,0.106383838383838,0.431030303030303,0.431080808080808,0.431080808080808
"2449",0.131767676767677,0.257121212121212,0.419666666666667,0.467646464646465,0.687525252525253
"2450",0.0603131313131313,0.0674242424242424,0.280272727272727,0.332464646464647,0.332464646464647
"2451",0.0699292929292929,0.173979797979798,0.473989898989899,0.47420202020202,0.47420202020202
"2452",0.0490606060606061,0.174383838383838,0.32820202020202,0.659282828282828,0.659545454545455
"2453",0.0883030303030303,0.0988383838383839,0.594717171717172,NA,NA
"2454",0.0456565656565657,0.0456565656565657,0.438484848484849,0.438484848484849,0.462636363636364
"2455",0.0510505050505051,0.154131313131313,0.340242424242424,0.340242424242424,0.340242424242424
"2456",0.047010101010101,0.0996363636363636,0.476686868686869,0.476686868686869,0.509919191919192
"2457",0.0728383838383838,0.305818181818182,0.326141414141414,0.403222222222222,0.409848484848485
"2458",0.105121212121212,0.141585858585859,0.297262626262626,0.555090909090909,0.569989898989899
"2459",0.0407070707070707,0.123848484848485,0.344141414141414,0.493818181818182,NA
"2460",0.0962626262626263,0.0982121212121212,0.407323232323232,0.409666666666667,0.46369696969697
"2461",0.0842020202020202,0.226777777777778,0.514020202020202,0.514020202020202,0.514020202020202
"2462",0.0937272727272727,0.0937272727272727,0.171626262626263,0.444656565656566,0.444656565656566
"2463",0.070969696969697,0.0711717171717172,0.363474747474748,0.363474747474748,0.364424242424242
"2464",0.0598686868686869,0.104090909090909,0.438777777777778,0.438777777777778,0.45010101010101
"2465",0.0617474747474748,0.0617474747474748,0.493111111111111,0.555444444444445,0.555444444444445
"2466",0.0541616161616162,0.0749090909090909,0.435505050505051,0.528686868686869,0.528686868686869
"2467",0.0462020202020202,0.159828282828283,0.398080808080808,0.398080808080808,0.398080808080808
"2468",0.104070707070707,0.104070707070707,0.263545454545455,0.434717171717172,0.434717171717172
"2469",0.0501414141414141,0.0546666666666667,0.279919191919192,0.421707070707071,0.421707070707071
"2470",0.101909090909091,0.101969696969697,0.526585858585859,0.616555555555556,NA
"2471",0.0625858585858586,0.0625858585858586,0.232343434343434,0.294424242424242,0.294424242424242
"2472",0.0751818181818182,0.101282828282828,0.506040404040404,0.630777777777778,0.655717171717172
"2473",0.0465050505050505,0.0641616161616162,0.373585858585859,0.373585858585859,0.429919191919192
"2474",0.086010101010101,0.086010101010101,0.381141414141414,0.381141414141414,0.381141414141414
"2475",0.0605959595959596,0.0605959595959596,0.353212121212121,0.37069696969697,0.37069696969697
"2476",0.050010101010101,0.0598383838383838,0.413434343434343,0.413434343434343,0.413434343434343
"2477",0.0926666666666667,0.278838383838384,0.278838383838384,0.509868686868687,0.509868686868687
"2478",0.0908787878787879,0.27389898989899,0.275818181818182,0.551676767676768,0.557515151515152
"2479",0.0683737373737374,0.183939393939394,0.318030303030303,0.32440404040404,0.505626262626263
"2480",0.047010101010101,0.0606969696969697,0.432818181818182,0.432818181818182,0.654444444444444
"2481",0.0797676767676768,0.124323232323232,0.180505050505051,0.180505050505051,0.180505050505051
"2482",0.0954141414141414,0.0954141414141414,0.381171717171717,0.381171717171717,0.460373737373737
"2483",0.0927272727272727,0.0927272727272727,0.500505050505051,0.647707070707071,0.647707070707071
"2484",0.0413434343434343,0.217585858585859,0.467949494949495,0.467949494949495,0.467949494949495
"2485",0.0393333333333333,0.0614141414141414,0.364808080808081,0.418040404040404,0.418040404040404
"2486",0.0793333333333333,0.225808080808081,0.324787878787879,0.324787878787879,0.324787878787879
"2487",0.0446161616161616,0.0446161616161616,0.503262626262626,0.503262626262626,0.503262626262626
"2488",0.0522626262626263,0.0522626262626263,0.334787878787879,0.334787878787879,0.621252525252525
"2489",0.0563737373737374,0.131525252525253,0.431050505050505,0.431050505050505,0.458131313131313
"2490",0.036969696969697,0.164333333333333,0.236787878787879,0.239686868686869,0.496505050505051
"2491",0.0444141414141414,0.0721717171717172,0.212414141414141,0.437626262626263,0.454808080808081
"2492",0.138737373737374,0.138737373737374,0.353171717171717,0.660525252525253,NA
"2493",0.113060606060606,0.113060606060606,0.424313131313131,0.424313131313131,0.424313131313131
"2494",0.0516767676767677,0.121050505050505,0.239242424242424,0.419232323232323,0.419232323232323
"2495",0.0437272727272727,0.231818181818182,0.488191919191919,0.488191919191919,0.492626262626263
"2496",0.0578383838383838,0.144686868686869,0.397989898989899,0.397989898989899,0.397989898989899
"2497",0.151373737373737,0.207646464646465,0.45389898989899,0.469808080808081,0.469808080808081
"2498",0.061979797979798,0.17259595959596,0.475878787878788,0.475878787878788,0.475878787878788
"2499",0.0538888888888889,0.103,0.376212121212121,0.376212121212121,0.376212121212121
"2500",0.0873838383838384,0.0873838383838384,0.443393939393939,0.443393939393939,0.619121212121212
"2501",0.0589393939393939,0.0741010101010101,0.452,0.588656565656566,0.588656565656566
"2502",0.161929292929293,0.222323232323232,0.520363636363636,0.520363636363636,0.53479797979798
"2503",0.0438181818181818,0.0438181818181818,0.264545454545455,0.467717171717172,NA
"2504",0.0748585858585859,0.0753333333333333,0.421282828282828,0.472191919191919,0.472191919191919
"2505",0.0573737373737374,0.0573737373737374,0.424232323232323,0.424232323232323,0.424282828282828
"2506",0.0546666666666667,0.129232323232323,0.471949494949495,0.471949494949495,0.471949494949495
"2507",0.11520202020202,0.11520202020202,0.343747474747475,0.344969696969697,0.344969696969697
"2508",0.0743838383838384,0.121919191919192,0.502707070707071,0.502707070707071,NA
"2509",0.0397373737373737,0.318838383838384,0.320545454545455,0.320545454545455,NA
"2510",0.0495757575757576,0.117868686868687,0.301979797979798,0.301979797979798,0.835151515151515
"2511",0.135121212121212,0.135191919191919,0.37349494949495,0.462666666666667,0.462666666666667
"2512",0.0414444444444445,0.0521919191919192,0.482525252525253,0.482525252525253,NA
"2513",0.0356161616161616,0.172464646464646,0.546121212121212,0.546121212121212,0.546121212121212
"2514",0.0775555555555556,0.232373737373737,0.416484848484849,0.417767676767677,0.418343434343434
"2515",0.0744343434343434,0.152464646464646,0.240414141414141,0.240414141414141,0.36940404040404
"2516",0.0691818181818182,0.0691818181818182,0.320525252525253,0.460959595959596,0.597090909090909
"2517",0.137848484848485,0.137848484848485,0.425585858585859,0.479030303030303,NA
"2518",0.0560909090909091,0.129626262626263,0.37710101010101,0.478323232323232,NA
"2519",0.0619191919191919,0.237383838383838,0.310464646464646,0.310474747474748,0.310474747474748
"2520",0.073979797979798,0.073979797979798,0.22640404040404,0.286838383838384,0.559616161616162
"2521",0.0683030303030303,0.161949494949495,0.273141414141414,0.286939393939394,0.56930303030303
"2522",0.0441313131313131,0.177919191919192,0.253878787878788,0.253878787878788,0.575424242424243
"2523",0.0751717171717172,0.112232323232323,0.383555555555556,0.443555555555556,NA
"2524",0.063989898989899,0.063989898989899,0.221343434343434,0.399222222222222,0.399222222222222
"2525",0.0814747474747475,0.116737373737374,0.166525252525253,0.348474747474747,0.413777777777778
"2526",0.0642222222222222,0.123222222222222,0.258737373737374,0.466858585858586,0.598989898989899
"2527",0.064010101010101,0.0711818181818182,0.414515151515152,0.414515151515152,0.415757575757576
"2528",0.0636565656565657,0.0642222222222222,0.411939393939394,NA,NA
"2529",0.0422727272727273,0.193707070707071,0.449606060606061,0.452939393939394,0.454949494949495
"2530",0.144171717171717,0.21689898989899,0.469818181818182,0.471232323232323,0.471232323232323
"2531",0.0686363636363636,0.256868686868687,0.505525252525253,0.506272727272727,0.506272727272727
"2532",0.0569292929292929,0.184343434343434,0.338929292929293,0.339111111111111,NA
"2533",0.055969696969697,0.055969696969697,0.472111111111111,0.472111111111111,0.472111111111111
"2534",0.0571515151515152,0.0626969696969697,0.359191919191919,0.359191919191919,0.586
"2535",0.143575757575758,0.143606060606061,0.250676767676768,0.31920202020202,0.31920202020202
"2536",0.0602626262626263,0.0757373737373737,0.514080808080808,0.51410101010101,0.51410101010101
"2537",0.0323232323232323,0.0421313131313131,0.378959595959596,NA,NA
"2538",0.116020202020202,0.116020202020202,0.404636363636364,0.404636363636364,0.463373737373737
"2539",0.0762020202020202,0.198212121212121,0.198222222222222,0.428707070707071,0.436464646464646
"2540",0.0485050505050505,0.114878787878788,0.375050505050505,0.375050505050505,NA
"2541",0.100414141414141,0.273868686868687,0.273868686868687,0.273868686868687,NA
"2542",0.130171717171717,0.130171717171717,0.378505050505051,0.378939393939394,0.379070707070707
"2543",0.051959595959596,0.130939393939394,0.394939393939394,0.50620202020202,0.617212121212121
"2544",0.209363636363636,0.228121212121212,0.312424242424242,0.312424242424242,0.756292929292929
"2545",0.0846969696969697,0.0846969696969697,0.422323232323232,0.547979797979798,0.547979797979798
"2546",0.0506969696969697,0.0506969696969697,0.371979797979798,0.411727272727273,0.414727272727273
"2547",0.0513737373737374,0.0513737373737374,0.156545454545455,0.50659595959596,0.512474747474748
"2548",0.0438989898989899,0.0978181818181818,0.307323232323232,0.307424242424242,0.451686868686869
"2549",0.038020202020202,0.101838383838384,0.102060606060606,0.452656565656566,0.462969696969697
"2550",0.125848484848485,0.125848484848485,0.147343434343434,0.20030303030303,0.283070707070707
"2551",0.0686767676767677,0.225545454545455,0.40730303030303,0.407757575757576,0.584949494949495
"2552",0.0988686868686869,0.0998282828282828,0.342070707070707,0.342070707070707,0.342070707070707
"2553",0.054040404040404,0.169030303030303,0.452,0.601040404040404,0.601040404040404
"2554",0.124979797979798,0.124979797979798,0.24869696969697,0.24869696969697,0.24869696969697
"2555",0.0558585858585859,0.0558585858585859,0.413363636363636,0.413909090909091,0.413909090909091
"2556",0.0333232323232323,0.120343434343434,0.49249494949495,NA,NA
"2557",0.0868686868686869,0.097979797979798,0.479070707070707,NA,NA
"2558",0.056989898989899,0.0717070707070707,0.354313131313131,0.449737373737374,0.449737373737374
"2559",0.0538484848484849,0.344323232323232,0.353070707070707,0.499656565656566,0.549747474747475
"2560",0.0573232323232323,0.132656565656566,0.423636363636364,0.423636363636364,0.424191919191919
"2561",0.0551010101010101,0.0551010101010101,0.190272727272727,0.279818181818182,0.501868686868687
"2562",0.144737373737374,0.144737373737374,0.447282828282828,0.447282828282828,0.447282828282828
"2563",0.0943535353535354,0.165515151515152,0.365484848484849,0.524353535353535,NA
"2564",0.0517676767676768,0.217676767676768,0.498575757575758,0.498575757575758,0.498575757575758
"2565",0.0581616161616162,0.102010101010101,0.461424242424242,0.461424242424242,0.562383838383838
"2566",0.153050505050505,0.236707070707071,0.432484848484849,0.432484848484849,0.461525252525253
"2567",0.0758383838383838,0.222686868686869,0.253767676767677,0.537878787878788,NA
"2568",0.0317272727272727,0.078959595959596,0.526959595959596,0.526959595959596,0.526959595959596
"2569",0.0474040404040404,0.076959595959596,0.393535353535354,0.404020202020202,0.404616161616162
"2570",0.0401919191919192,0.0626161616161616,0.525010101010101,0.525010101010101,NA
"2571",0.0516565656565657,0.0516565656565657,0.325252525252525,0.325252525252525,0.551616161616162
"2572",0.0708989898989899,0.0708989898989899,0.253929292929293,0.511050505050505,0.511050505050505
"2573",0.119373737373737,0.119373737373737,0.421292929292929,0.421292929292929,NA
"2574",0.15810101010101,0.15810101010101,0.268060606060606,0.521868686868687,0.521868686868687
"2575",0.0733838383838384,0.0734141414141414,0.356868686868687,0.356868686868687,NA
"2576",0.144343434343434,0.144343434343434,0.530212121212121,0.553989898989899,0.591727272727273
"2577",0.0781818181818182,0.199343434343434,0.414272727272727,0.414272727272727,0.466313131313131
"2578",0.150272727272727,0.150272727272727,0.404353535353535,0.404353535353535,NA
"2579",0.0364646464646465,0.0386868686868687,0.365959595959596,0.365959595959596,0.365959595959596
"2580",0.0843535353535354,0.288313131313131,0.330373737373737,0.330373737373737,NA
"2581",0.0477474747474748,0.0635656565656566,0.29959595959596,0.502242424242424,0.592464646464646
"2582",0.048989898989899,0.260787878787879,0.499757575757576,0.499757575757576,0.499757575757576
"2583",0.105020202020202,0.105020202020202,0.392040404040404,0.392040404040404,0.395646464646465
"2584",0.0485555555555556,0.0901919191919192,0.158252525252525,0.528575757575758,NA
"2585",0.0881919191919192,0.0881919191919192,0.254262626262626,0.25510101010101,0.25510101010101
"2586",0.0424343434343434,0.117030303030303,0.318171717171717,0.59679797979798,0.597040404040404
"2587",0.0665959595959596,0.0665959595959596,0.391686868686869,0.391686868686869,0.391686868686869
"2588",0.0707777777777778,0.257989898989899,0.41169696969697,0.41169696969697,0.507545454545455
"2589",0.0713737373737374,0.0713737373737374,0.367040404040404,0.374444444444444,0.400838383838384
"2590",0.0484747474747475,0.0484747474747475,0.363989898989899,0.363989898989899,0.496232323232323
"2591",0.0450707070707071,0.215171717171717,0.321212121212121,0.321212121212121,0.396373737373737
"2592",0.115171717171717,0.115171717171717,0.354080808080808,0.354080808080808,0.514727272727273
"2593",0.166979797979798,0.166979797979798,0.388818181818182,0.388818181818182,0.388818181818182
"2594",0.0951717171717172,0.0951717171717172,0.532212121212121,0.553616161616162,0.59289898989899
"2595",0.0466666666666667,0.0545858585858586,0.439989898989899,0.439989898989899,0.708656565656566
"2596",0.0906262626262626,0.285313131313131,0.325828282828283,0.493929292929293,0.493929292929293
"2597",0.0677272727272727,0.232969696969697,0.404767676767677,0.40530303030303,0.40530303030303
"2598",0.0553131313131313,0.0607676767676768,0.194686868686869,0.415808080808081,0.415808080808081
"2599",0.0903737373737374,0.0903737373737374,0.391393939393939,0.391393939393939,0.507747474747475
"2600",0.0705353535353535,0.133070707070707,0.423131313131313,0.423131313131313,0.423131313131313
"2601",0.060020202020202,0.060020202020202,0.432383838383838,0.432383838383838,0.574272727272727
"2602",0.0568181818181818,0.0623636363636364,0.417949494949495,0.649363636363636,NA
"2603",0.0536464646464647,0.0536464646464647,0.344606060606061,0.344606060606061,0.378353535353535
"2604",0.138989898989899,0.138989898989899,0.36959595959596,0.36959595959596,0.448929292929293
"2605",0.0636060606060606,0.174121212121212,0.45789898989899,0.467808080808081,0.467808080808081
"2606",0.0714141414141414,0.0807272727272727,0.334636363636364,0.40410101010101,0.452272727272727
"2607",0.0797474747474747,0.227393939393939,0.227393939393939,0.511535353535354,0.511535353535354
"2608",0.176868686868687,0.176868686868687,0.426949494949495,0.426949494949495,0.449949494949495
"2609",0.286727272727273,0.320757575757576,0.362808080808081,0.362808080808081,0.362808080808081
"2610",0.0550909090909091,0.159424242424242,0.368484848484849,0.505454545454545,0.505454545454545
"2611",0.269121212121212,0.269121212121212,0.404454545454546,0.404454545454546,0.404454545454546
"2612",NA,NA,NA,NA,NA
"2613",0.0624646464646465,0.191262626262626,0.351535353535354,0.409969696969697,0.409969696969697
"2614",0.0368989898989899,0.362353535353535,0.463686868686869,0.568070707070707,0.568070707070707
"2615",0.0387777777777778,0.252111111111111,0.425212121212121,0.425212121212121,0.425212121212121
"2616",0.12879797979798,0.12879797979798,0.321111111111111,0.623505050505051,0.649818181818182
"2617",0.0621919191919192,0.0621919191919192,0.194262626262626,0.194292929292929,0.431828282828283
"2618",0.172222222222222,0.241868686868687,0.241868686868687,0.286959595959596,0.50520202020202
"2619",0.0624747474747475,0.0624747474747475,0.437070707070707,0.481575757575758,0.481575757575758
"2620",0.133707070707071,0.133707070707071,0.133707070707071,0.233949494949495,0.257070707070707
"2621",0.0460707070707071,0.144929292929293,0.176121212121212,0.288030303030303,0.399535353535354
"2622",0.0491212121212121,0.0491212121212121,0.365535353535354,0.369949494949495,0.369949494949495
"2623",0.131707070707071,0.131707070707071,0.387606060606061,0.451929292929293,0.451929292929293
"2624",0.0475353535353535,0.130424242424242,0.197909090909091,0.487121212121212,0.487939393939394
"2625",0.0669292929292929,0.127989898989899,0.289363636363636,0.289363636363636,0.785909090909091
"2626",0.0447272727272727,0.0644141414141414,0.547808080808081,0.547808080808081,0.547808080808081
"2627",0.0530505050505051,0.0862020202020202,0.369878787878788,0.369959595959596,0.881292929292929
"2628",0.0372424242424242,0.0849090909090909,0.48320202020202,0.48320202020202,0.50630303030303
"2629",0.0582626262626263,0.158727272727273,0.236040404040404,0.398444444444444,0.467232323232323
"2630",0.0584747474747475,0.0642929292929293,0.319929292929293,0.321262626262626,0.324151515151515
"2631",0.0994747474747475,0.0994949494949495,0.466707070707071,0.466707070707071,0.466707070707071
"2632",0.0773333333333333,0.154858585858586,0.441707070707071,0.441707070707071,0.441707070707071
"2633",0.0731313131313131,0.161969696969697,0.412555555555556,0.412555555555556,0.694323232323232
"2634",0.132141414141414,0.143707070707071,0.470070707070707,0.470070707070707,0.512020202020202
"2635",0.0413838383838384,0.171505050505051,0.447737373737374,0.447737373737374,0.447737373737374
"2636",0.0554242424242424,0.0554242424242424,0.172646464646465,0.352353535353535,0.425959595959596
"2637",0.110727272727273,0.19530303030303,0.352151515151515,0.386030303030303,NA
"2638",0.0885454545454546,0.0910505050505051,0.402232323232323,0.402232323232323,0.623666666666667
"2639",0.060969696969697,0.060969696969697,0.445848484848485,0.487949494949495,NA
"2640",0.0453535353535354,0.174424242424242,0.225090909090909,0.22610101010101,0.22610101010101
"2641",0.0528282828282828,0.073020202020202,0.320919191919192,0.320919191919192,0.348777777777778
"2642",0.0507575757575758,0.0607474747474748,0.574353535353535,0.574353535353535,0.574353535353535
"2643",0.0616060606060606,0.25640404040404,0.394848484848485,0.448585858585859,0.508282828282828
"2644",0.081,0.081,0.443949494949495,0.446171717171717,0.51149494949495
"2645",0.079020202020202,0.157373737373737,0.41710101010101,0.507868686868687,0.507868686868687
"2646",0.0617373737373737,0.0898888888888889,0.290737373737374,0.290737373737374,0.495393939393939
"2647",0.0721616161616162,0.259393939393939,0.259393939393939,0.550343434343434,0.550343434343434
"2648",0.0553636363636364,0.0553636363636364,0.309252525252525,0.309252525252525,0.309252525252525
"2649",0.075030303030303,0.095989898989899,0.406636363636364,0.406636363636364,0.441939393939394
"2650",0.0402020202020202,0.0426868686868687,0.403030303030303,0.403030303030303,0.403030303030303
"2651",0.0511111111111111,0.0511111111111111,0.365646464646465,0.366030303030303,0.466585858585859
"2652",0.0590606060606061,0.0590606060606061,0.168222222222222,0.323141414141414,0.437888888888889
"2653",0.0841313131313131,0.0841313131313131,0.383707070707071,0.383707070707071,0.503787878787879
"2654",0.0464242424242424,0.0804141414141414,0.365606060606061,0.422323232323232,NA
"2655",0.0715959595959596,0.176585858585859,0.35420202020202,0.363515151515152,0.560979797979798
"2656",0.176212121212121,0.176222222222222,0.304606060606061,0.304606060606061,0.44140404040404
"2657",0.0543030303030303,0.138848484848485,0.220616161616162,0.252070707070707,0.438060606060606
"2658",0.0466565656565657,0.231050505050505,0.321171717171717,0.361323232323232,0.545363636363636
"2659",0.0547373737373737,0.126525252525253,0.275636363636364,0.382575757575758,0.382575757575758
"2660",0.102424242424242,0.102626262626263,0.338949494949495,0.338949494949495,0.588191919191919
"2661",0.0603131313131313,0.182434343434343,0.425767676767677,0.466838383838384,0.466838383838384
"2662",0.0887878787878788,0.0887878787878788,0.213454545454545,0.269989898989899,0.414717171717172
"2663",0.129020202020202,0.129020202020202,0.296646464646465,0.52489898989899,0.52489898989899
"2664",0.0749090909090909,0.0749090909090909,0.29479797979798,0.438383838383838,0.438383838383838
"2665",0.0854343434343434,0.129616161616162,0.129616161616162,0.19069696969697,0.37069696969697
"2666",0.11849494949495,0.11849494949495,0.455242424242424,0.455242424242424,0.462
"2667",0.167262626262626,0.17479797979798,0.37220202020202,0.43059595959596,0.43059595959596
"2668",0.157070707070707,0.222818181818182,0.392272727272727,0.392272727272727,0.418888888888889
"2669",0.0466060606060606,0.0934646464646465,0.288323232323232,0.38510101010101,0.46069696969697
"2670",0.0674747474747475,0.0674747474747475,0.254676767676768,0.254676767676768,0.558020202020202
"2671",0.0926161616161616,0.0926161616161616,0.442232323232323,0.442232323232323,0.442232323232323
"2672",0.214555555555556,0.216383838383838,0.412727272727273,0.412727272727273,0.591292929292929
"2673",0.0846161616161616,0.0882020202020202,0.151676767676768,0.409959595959596,0.542666666666667
"2674",NA,NA,NA,NA,NA
"2675",0.0521414141414141,0.0941313131313131,0.351616161616162,0.351757575757576,0.357222222222222
"2676",0.069,0.069,0.435222222222222,0.435222222222222,0.435222222222222
"2677",0.0473131313131313,0.130151515151515,0.455868686868687,0.490616161616162,0.490616161616162
"2678",0.0703333333333333,0.0703333333333333,0.313252525252525,0.532272727272727,NA
"2679",0.153757575757576,0.217838383838384,0.253282828282828,0.417939393939394,0.417939393939394
"2680",0.0410909090909091,0.15510101010101,0.453191919191919,0.453191919191919,0.453191919191919
"2681",0.0743030303030303,0.209393939393939,0.356080808080808,0.448121212121212,0.448121212121212
"2682",0.0942828282828283,0.0942828282828283,0.557313131313131,0.557313131313131,0.562959595959596
"2683",0.0597171717171717,0.169707070707071,0.473979797979798,0.473979797979798,0.589222222222222
"2684",0.0618484848484849,0.119818181818182,0.430030303030303,0.430030303030303,0.612121212121212
"2685",0.0664040404040404,0.212151515151515,0.281545454545455,0.560313131313131,0.560313131313131
"2686",0.0502828282828283,0.0652020202020202,0.387020202020202,0.43489898989899,0.562222222222222
"2687",0.0739191919191919,0.126171717171717,0.433464646464646,0.433464646464646,0.457373737373737
"2688",0.0918282828282828,0.13459595959596,0.479212121212121,0.479212121212121,0.479535353535354
"2689",0.0634848484848485,0.0634848484848485,0.335272727272727,0.335272727272727,0.513666666666667
"2690",0.0808383838383838,0.111060606060606,0.179363636363636,0.339323232323232,0.339323232323232
"2691",0.0486363636363636,0.0486363636363636,0.466363636363636,0.466363636363636,0.561747474747475
"2692",0.043969696969697,0.0508989898989899,0.501242424242424,0.501242424242424,0.501242424242424
"2693",0.131292929292929,0.194777777777778,0.194777777777778,0.412353535353535,0.412464646464646
"2694",0.0619090909090909,0.0619090909090909,0.513343434343434,0.513343434343434,0.513343434343434
"2695",0.0496060606060606,0.0496060606060606,0.30589898989899,0.30589898989899,0.30589898989899
"2696",0.0777373737373737,0.141040404040404,0.538323232323232,0.57279797979798,0.57279797979798
"2697",0.0597171717171717,0.22079797979798,0.421464646464646,0.422272727272727,NA
"2698",0.101575757575758,0.10230303030303,0.37440404040404,0.37440404040404,0.510858585858586
"2699",0.0496363636363636,0.28859595959596,0.360848484848485,0.510757575757576,0.698161616161616
"2700",0.110565656565657,0.145484848484848,0.360818181818182,NA,NA
"2701",0.076989898989899,0.142272727272727,0.284444444444444,0.416252525252525,0.457343434343434
"2702",0.0892727272727273,0.105919191919192,0.383363636363636,0.383363636363636,0.383363636363636
"2703",0.127252525252525,0.310212121212121,0.322363636363636,0.465767676767677,0.465767676767677
"2704",0.0487979797979798,0.0528282828282828,0.286535353535354,0.651171717171717,0.651171717171717
"2705",0.0745151515151515,0.0745151515151515,0.495787878787879,0.495787878787879,0.501676767676768
"2706",0.0727575757575758,0.0946666666666667,0.290959595959596,0.297121212121212,NA
"2707",0.0694545454545455,0.0694545454545455,0.443111111111111,0.57110101010101,0.780040404040404
"2708",0.0803939393939394,0.0803939393939394,0.432959595959596,0.604252525252525,0.658717171717172
"2709",0.159454545454545,0.192646464646465,0.528181818181818,0.528181818181818,0.564838383838384
"2710",0.127828282828283,0.27149494949495,0.43740404040404,0.43740404040404,NA
"2711",0.084010101010101,0.179929292929293,0.264171717171717,0.264171717171717,0.264171717171717
"2712",0.130919191919192,0.162161616161616,0.394686868686869,0.452858585858586,0.452858585858586
"2713",0.0618787878787879,0.193131313131313,0.351262626262626,0.380030303030303,0.615969696969697
"2714",0.155484848484849,0.155484848484849,0.381989898989899,0.381989898989899,0.381989898989899
"2715",0.0765252525252525,0.130191919191919,0.427838383838384,0.427838383838384,0.687686868686869
"2716",0.0504646464646465,0.120515151515152,0.120515151515152,0.281585858585859,0.363848484848485
"2717",0.0289292929292929,0.0538282828282828,0.218555555555556,0.26030303030303,0.26030303030303
"2718",0.0657373737373737,0.0657373737373737,0.501141414141414,0.632717171717172,0.879888888888889
"2719",0.105676767676768,0.105676767676768,0.434969696969697,0.434969696969697,0.435282828282828
"2720",0.0639191919191919,0.0639191919191919,0.339383838383838,0.340252525252525,0.340252525252525
"2721",0.0731515151515152,0.0731515151515152,0.325323232323232,0.325323232323232,NA
"2722",0.143484848484848,0.239858585858586,0.289040404040404,0.289040404040404,0.320434343434343
"2723",0.0475656565656566,0.0771717171717172,0.398878787878788,0.464272727272727,0.568828282828283
"2724",0.0634040404040404,0.0646565656565657,0.473515151515152,0.473515151515152,0.542585858585859
"2725",0.0625858585858586,0.0625858585858586,0.393060606060606,0.393060606060606,0.50879797979798
"2726",0.0447373737373737,0.154090909090909,0.252909090909091,0.280313131313131,0.28340404040404
"2727",0.0696565656565657,0.0696565656565657,0.445848484848485,0.445848484848485,0.445848484848485
"2728",0.130808080808081,0.130808080808081,0.154939393939394,0.404131313131313,0.404686868686869
"2729",0.0922323232323232,0.0922323232323232,0.411555555555556,0.42449494949495,0.42449494949495
"2730",0.103484848484848,0.103484848484848,0.475969696969697,0.475969696969697,0.475969696969697
"2731",0.0703131313131313,0.0824444444444444,0.333282828282828,0.768939393939394,NA
"2732",0.0492424242424242,0.0587575757575758,0.34969696969697,0.47110101010101,0.47110101010101
"2733",0.108060606060606,0.108060606060606,0.40369696969697,0.40369696969697,0.40369696969697
"2734",0.0692020202020202,0.0903838383838384,0.380949494949495,0.456,0.541424242424242
"2735",0.129080808080808,0.129080808080808,0.23549494949495,0.254484848484848,0.254484848484848
"2736",0.179919191919192,0.179919191919192,0.353939393939394,0.354737373737374,0.440727272727273
"2737",0.0463333333333333,0.158989898989899,0.558424242424242,0.559070707070707,0.559070707070707
"2738",0.0757474747474748,0.159818181818182,0.32479797979798,0.32479797979798,0.32479797979798
"2739",0.046969696969697,0.181888888888889,0.404575757575758,0.426939393939394,0.593262626262626
"2740",0.160151515151515,0.160151515151515,0.461828282828283,0.461828282828283,0.50349494949495
"2741",0.0748888888888889,0.127090909090909,0.366575757575758,0.366575757575758,0.473666666666667
"2742",0.0826262626262626,0.0826262626262626,0.400929292929293,0.407616161616162,0.407616161616162
"2743",0.0584444444444445,0.0584444444444445,0.215212121212121,0.338242424242424,0.341010101010101
"2744",0.0957474747474748,0.0957474747474748,0.434292929292929,0.434292929292929,0.513545454545455
"2745",0.0474545454545455,0.0731818181818182,0.33479797979798,NA,NA
"2746",0.0418989898989899,0.0578181818181818,0.44640404040404,0.468656565656566,0.468656565656566
"2747",0.0437272727272727,0.12959595959596,0.30740404040404,0.400878787878788,0.400878787878788
"2748",0.0509393939393939,0.212040404040404,0.253565656565657,0.549424242424242,0.631525252525253
"2749",0.0502828282828283,0.0502828282828283,0.386484848484849,0.392878787878788,0.423818181818182
"2750",0.150131313131313,0.207656565656566,0.409555555555556,0.476949494949495,NA
"2751",0.0749191919191919,0.0958383838383838,0.392171717171717,0.392171717171717,0.398707070707071
"2752",0.0483939393939394,0.230232323232323,0.373727272727273,0.373727272727273,0.879979797979798
"2753",0.130181818181818,0.21420202020202,0.252626262626263,0.252626262626263,0.262161616161616
"2754",0.0791515151515152,0.109757575757576,0.291949494949495,0.730252525252525,0.730252525252525
"2755",0.0325454545454546,0.0477070707070707,0.314141414141414,NA,NA
"2756",0.054020202020202,0.0646262626262626,0.475828282828283,0.475828282828283,0.475848484848485
"2757",0.0515353535353535,0.0515353535353535,0.300444444444444,0.497515151515152,0.497515151515152
"2758",0.0810909090909091,0.0864747474747475,0.320161616161616,0.320161616161616,0.389181818181818
"2759",0.0541010101010101,0.0661111111111111,0.332868686868687,0.332868686868687,0.332868686868687
"2760",0.126,0.126,0.512585858585859,0.514020202020202,0.549545454545455
"2761",0.0833232323232323,0.0885858585858586,0.305646464646465,0.568969696969697,0.617444444444444
"2762",0.0396565656565657,0.108414141414141,0.415464646464646,0.418666666666667,0.753858585858586
"2763",0.0567878787878788,0.0567878787878788,0.476656565656566,0.476656565656566,0.476656565656566
"2764",0.068040404040404,0.100292929292929,0.337737373737374,0.337737373737374,0.395717171717172
"2765",0.154828282828283,0.154828282828283,0.379737373737374,0.38679797979798,0.38679797979798
"2766",0.0565454545454546,0.142080808080808,0.197919191919192,0.452262626262626,0.452262626262626
"2767",0.0453030303030303,0.148636363636364,0.457545454545455,0.461939393939394,NA
"2768",0.0521212121212121,0.0623535353535354,0.357080808080808,0.401363636363636,0.401363636363636
"2769",0.125636363636364,0.125636363636364,0.387939393939394,0.433555555555556,0.482757575757576
"2770",0.141989898989899,0.147151515151515,0.377888888888889,0.478636363636364,NA
"2771",0.13789898989899,0.13789898989899,0.42049494949495,0.42049494949495,0.42049494949495
"2772",0.0866565656565657,0.0866565656565657,0.563171717171717,0.56379797979798,0.570909090909091
"2773",0.152313131313131,0.152313131313131,0.481181818181818,0.48149494949495,0.48149494949495
"2774",0.0457575757575758,0.0537171717171717,0.379989898989899,0.459353535353535,0.459353535353535
"2775",0.0899292929292929,0.0899292929292929,0.400747474747475,0.400747474747475,0.505535353535354
"2776",0.149919191919192,0.186959595959596,0.250191919191919,0.496232323232323,0.501808080808081
"2777",0.0595858585858586,0.196606060606061,0.296626262626263,0.55059595959596,0.552464646464647
"2778",0.0544747474747475,0.13989898989899,0.272888888888889,0.414030303030303,0.41610101010101
"2779",0.0859090909090909,0.0859090909090909,0.27689898989899,0.458848484848485,0.458848484848485
"2780",0.187808080808081,0.187808080808081,0.384333333333333,0.412808080808081,0.441878787878788
"2781",0.0640808080808081,0.160353535353535,0.42649494949495,0.472121212121212,0.472626262626263
"2782",0.0902222222222222,0.0913232323232323,0.391959595959596,0.498191919191919,0.649
"2783",0.0592121212121212,0.0592121212121212,0.305171717171717,0.569747474747475,0.569747474747475
"2784",0.0631010101010101,0.0631010101010101,0.434969696969697,0.434969696969697,0.434969696969697
"2785",0.0622727272727273,0.0622727272727273,0.25720202020202,0.466808080808081,0.466808080808081
"2786",0.142292929292929,0.198353535353535,0.298040404040404,0.347515151515152,0.512616161616162
"2787",0.0327878787878788,0.0537777777777778,0.232787878787879,0.302232323232323,0.302232323232323
"2788",0.0496363636363636,0.0801515151515152,0.313070707070707,0.313070707070707,0.506747474747475
"2789",0.148444444444444,0.148444444444444,0.50930303030303,0.513070707070707,0.513070707070707
"2790",0.0920707070707071,0.0920707070707071,0.0961414141414142,0.411787878787879,0.411787878787879
"2791",0.0453434343434343,0.0628282828282828,0.365969696969697,0.54989898989899,0.54989898989899
"2792",0.0606767676767677,0.0673333333333333,0.396141414141414,0.396141414141414,0.427838383838384
"2793",0.0401212121212121,0.253343434343434,0.451777777777778,0.451777777777778,0.451777777777778
"2794",0.0635050505050505,0.0635050505050505,0.351808080808081,0.42879797979798,0.597262626262626
"2795",0.0537070707070707,0.0537070707070707,0.319848484848485,0.319969696969697,0.394636363636364
"2796",0.0781414141414142,0.0902727272727273,0.197555555555556,0.361848484848485,0.680616161616162
"2797",0.0543939393939394,0.253656565656566,0.309,0.309,0.309
"2798",0.0501212121212121,0.169727272727273,0.306838383838384,0.306838383838384,NA
"2799",0.157282828282828,0.174171717171717,0.405131313131313,0.405131313131313,0.405131313131313
"2800",0.078010101010101,0.187151515151515,0.337646464646465,0.337646464646465,0.337646464646465
"2801",0.0595353535353535,0.0595353535353535,0.373646464646465,0.373646464646465,0.373646464646465
"2802",0.0655858585858586,0.0655858585858586,0.433535353535354,0.433535353535354,0.433535353535354
"2803",0.104575757575758,0.104575757575758,0.442383838383838,0.448353535353535,0.448353535353535
"2804",0.0907373737373737,0.19940404040404,0.309,0.562707070707071,0.562707070707071
"2805",0.0443535353535354,0.206454545454545,0.546161616161616,0.604292929292929,0.604292929292929
"2806",0.0917575757575758,0.0917575757575758,0.325606060606061,0.50769696969697,0.619343434343434
"2807",0.0737373737373737,0.188808080808081,0.280484848484849,0.280484848484849,0.299141414141414
"2808",0.212767676767677,0.228555555555556,0.228555555555556,0.43949494949495,0.43949494949495
"2809",0.0586666666666667,0.0586666666666667,0.505232323232323,0.505232323232323,0.524959595959596
"2810",0.11389898989899,0.11389898989899,0.203575757575758,0.203575757575758,0.390868686868687
"2811",0.0403535353535354,0.0660909090909091,0.316868686868687,0.316868686868687,0.655515151515152
"2812",0.100494949494949,0.135474747474747,0.332060606060606,0.332747474747475,0.640464646464647
"2813",0.0714141414141414,0.0714141414141414,0.655020202020202,0.710545454545455,0.710545454545455
"2814",0.125949494949495,0.125949494949495,0.415808080808081,0.423282828282828,0.423282828282828
"2815",0.0634343434343434,0.115323232323232,0.453040404040404,0.453040404040404,0.655686868686869
"2816",0.119545454545455,0.154909090909091,0.410363636363636,0.410363636363636,0.62849494949495
"2817",0.0924747474747475,0.0924747474747475,0.287888888888889,0.323121212121212,0.384969696969697
"2818",0.101313131313131,0.175646464646465,0.387191919191919,0.387191919191919,0.404070707070707
"2819",0.0575151515151515,0.159111111111111,0.262060606060606,0.262545454545455,0.420747474747475
"2820",0.0938181818181818,0.0957676767676768,0.503777777777778,0.567848484848485,0.568313131313131
"2821",0.0509292929292929,0.0553030303030303,0.317070707070707,0.354959595959596,0.442373737373737
"2822",0.0493636363636364,0.231444444444444,0.414979797979798,0.414979797979798,0.455646464646465
"2823",0.161383838383838,0.161383838383838,0.417737373737374,0.435747474747475,0.717252525252525
"2824",0.0562020202020202,0.078020202020202,0.31030303030303,0.31030303030303,NA
"2825",0.0491818181818182,0.0530808080808081,0.47020202020202,0.661181818181818,0.685707070707071
"2826",0.0403030303030303,0.0538989898989899,0.352313131313131,0.352313131313131,0.377525252525253
"2827",NA,NA,NA,NA,NA
"2828",0.0498282828282828,0.170636363636364,0.322616161616162,0.322979797979798,0.454272727272727
"2829",0.0472020202020202,0.121232323232323,0.121232323232323,0.273616161616162,0.566565656565657
"2830",0.0966565656565657,0.0981313131313131,0.401757575757576,0.440747474747475,NA
"2831",0.0368787878787879,0.207363636363636,0.410959595959596,0.410959595959596,0.434252525252525
"2832",0.0423838383838384,0.0521010101010101,0.256757575757576,0.320535353535354,0.507858585858586
"2833",0.0448686868686869,0.0618686868686869,0.452585858585859,0.452585858585859,0.627323232323232
"2834",0.0426666666666667,0.0455858585858586,0.484010101010101,0.484070707070707,0.879828282828283
"2835",0.116454545454545,0.116454545454545,0.316151515151515,0.445262626262626,0.446393939393939
"2836",0.112626262626263,0.112626262626263,0.325252525252525,0.325878787878788,0.433383838383838
"2837",0.0477474747474748,0.124747474747475,0.44689898989899,0.698363636363636,0.698363636363636
"2838",0.125323232323232,0.176929292929293,0.49610101010101,0.49610101010101,0.49610101010101
"2839",0.0862121212121212,0.0862121212121212,0.244626262626263,0.428030303030303,0.428030303030303
"2840",0.114878787878788,0.114878787878788,0.271393939393939,0.271393939393939,NA
"2841",0.0568989898989899,0.0694444444444444,0.396616161616162,0.396616161616162,0.405232323232323
"2842",0.0693939393939394,0.0693939393939394,0.348929292929293,0.369292929292929,0.370787878787879
"2843",0.0573232323232323,0.0908989898989899,0.273424242424242,0.446434343434343,0.446434343434343
"2844",0.0544242424242424,0.294434343434343,0.445626262626263,0.516737373737374,NA
"2845",0.0540808080808081,0.0540808080808081,0.323525252525253,0.323525252525253,0.332808080808081
"2846",0.048,0.172151515151515,0.416141414141414,0.416141414141414,0.566080808080808
"2847",0.0467373737373737,0.153929292929293,0.357333333333333,0.357333333333333,0.638636363636364
"2848",0.0586262626262626,0.216828282828283,0.408434343434343,0.408434343434343,0.408434343434343
"2849",0.101474747474747,0.101474747474747,0.127848484848485,0.139010101010101,0.503838383838384
"2850",0.0436060606060606,0.11920202020202,0.289606060606061,0.289606060606061,0.502575757575758
"2851",0.095010101010101,0.0951313131313131,0.248505050505051,0.248505050505051,0.328333333333333
"2852",0.0437272727272727,0.140505050505051,0.171212121212121,0.171212121212121,0.322626262626263
"2853",0.138030303030303,0.167464646464646,0.386040404040404,0.386040404040404,0.386040404040404
"2854",0.0468686868686869,0.0926565656565657,0.46979797979798,0.487646464646465,0.487646464646465
"2855",0.130565656565657,0.130565656565657,0.318242424242424,0.445787878787879,0.445787878787879
"2856",0.164111111111111,0.174424242424242,0.564212121212121,0.564212121212121,0.569868686868687
"2857",0.0523131313131313,0.0781717171717172,0.0781717171717172,0.212515151515152,0.327414141414141
"2858",0.0606262626262626,0.0606262626262626,0.344313131313131,0.344313131313131,NA
"2859",0.066989898989899,0.135818181818182,0.504777777777778,0.512767676767677,NA
"2860",0.048959595959596,0.114070707070707,0.236272727272727,0.236272727272727,0.236272727272727
"2861",0.103121212121212,0.138949494949495,0.501868686868687,0.544,0.724646464646465
"2862",0.0455959595959596,0.0488989898989899,0.324979797979798,0.324979797979798,0.510878787878788
"2863",0.0627777777777778,0.0627777777777778,0.367747474747475,0.367757575757576,0.367757575757576
"2864",0.0520707070707071,0.0636666666666667,0.529292929292929,0.529292929292929,0.586959595959596
"2865",0.0531414141414141,0.216949494949495,0.403585858585859,0.403585858585859,0.403585858585859
"2866",0.0581414141414141,0.0581414141414141,0.403717171717172,0.403717171717172,0.410757575757576
"2867",0.0510505050505051,0.0703434343434343,0.161838383838384,0.216131313131313,0.494575757575758
"2868",0.105111111111111,0.141454545454545,0.412272727272727,0.441767676767677,0.626858585858586
"2869",0.123585858585859,0.123585858585859,0.49679797979798,0.49679797979798,0.542111111111111
"2870",0.0618686868686869,0.0618686868686869,0.349353535353535,0.349353535353535,0.351929292929293
"2871",0.0593939393939394,0.0593939393939394,0.484737373737374,0.484747474747475,0.507838383838384
"2872",0.060969696969697,0.060969696969697,0.407727272727273,0.407727272727273,0.407727272727273
"2873",0.0537979797979798,0.0537979797979798,0.316626262626263,0.316626262626263,NA
"2874",0.0376464646464647,0.0584646464646465,0.344878787878788,0.576919191919192,0.576919191919192
"2875",0.0471414141414141,0.0471414141414141,0.34549494949495,0.497777777777778,0.696686868686869
"2876",0.109080808080808,0.109080808080808,0.281787878787879,0.308121212121212,0.430232323232323
"2877",0.0496464646464647,0.0496464646464647,0.322171717171717,0.459111111111111,0.68940404040404
"2878",0.0467272727272727,0.134585858585859,0.491818181818182,0.491818181818182,0.491818181818182
"2879",0.0468484848484849,0.152686868686869,0.414757575757576,0.414757575757576,0.624666666666667
"2880",0.0722424242424242,0.167070707070707,0.325171717171717,0.595444444444444,0.879040404040404
"2881",0.0509191919191919,0.0509191919191919,0.413888888888889,0.505020202020202,0.890080808080808
"2882",0.0487878787878788,0.0487878787878788,0.467171717171717,0.565181818181818,0.565181818181818
"2883",0.043959595959596,0.170333333333333,0.170333333333333,0.257212121212121,0.257212121212121
"2884",0.058949494949495,0.187818181818182,0.318666666666667,0.394939393939394,0.41949494949495
"2885",0.0874141414141414,0.0874141414141414,0.558262626262626,NA,NA
"2886",0.0982929292929293,0.0991818181818182,0.378636363636364,0.492161616161616,0.492161616161616
"2887",0.0450707070707071,0.0582424242424242,0.248313131313131,0.380060606060606,0.380060606060606
"2888",0.0613333333333333,0.128010101010101,0.168676767676768,0.408787878787879,0.680656565656566
"2889",0.059969696969697,0.0828181818181818,0.434050505050505,0.529868686868687,0.529868686868687
"2890",0.0717171717171717,0.201434343434343,0.263151515151515,0.419888888888889,0.419888888888889
"2891",0.0629191919191919,0.0629191919191919,0.447909090909091,0.447909090909091,0.447919191919192
"2892",0.112828282828283,0.112828282828283,0.259535353535354,0.432676767676768,0.573090909090909
"2893",0.0604646464646465,0.0604646464646465,0.381030303030303,0.381030303030303,0.398030303030303
"2894",0.0396464646464647,0.0477979797979798,0.465535353535354,NA,NA
"2895",0.0504747474747475,0.161474747474747,0.358979797979798,0.47930303030303,0.47930303030303
"2896",0.0563838383838384,0.0563838383838384,0.381393939393939,0.381818181818182,0.381818181818182
"2897",0.0540909090909091,0.217030303030303,0.325323232323232,0.325323232323232,0.325323232323232
"2898",0.0794040404040404,0.156070707070707,0.391484848484849,0.391484848484849,0.391484848484849
"2899",0.130989898989899,0.130989898989899,0.463707070707071,0.468111111111111,0.468111111111111
"2900",0.0445454545454545,0.0617373737373737,0.384575757575758,0.384575757575758,0.384575757575758
"2901",0.211838383838384,0.230747474747475,0.273141414141414,0.273141414141414,0.273141414141414
"2902",0.155818181818182,0.184818181818182,0.31940404040404,0.426323232323232,0.446060606060606
"2903",0.0382424242424242,0.0668383838383838,0.344373737373737,0.344373737373737,0.703878787878788
"2904",0.0318989898989899,0.0506262626262626,0.320646464646465,0.323181818181818,0.392151515151515
"2905",0.0440505050505051,0.156050505050505,0.368414141414141,0.368414141414141,NA
"2906",0.0598585858585859,0.104828282828283,0.318272727272727,0.321161616161616,NA
"2907",0.0608989898989899,0.0608989898989899,0.245676767676768,0.245848484848485,0.442656565656566
"2908",0.0741919191919192,0.189414141414141,0.349484848484849,0.349484848484849,0.45220202020202
"2909",0.138808080808081,0.138808080808081,0.249020202020202,0.249020202020202,0.548606060606061
"2910",0.0747575757575758,0.181383838383838,0.376343434343434,0.386222222222222,0.544515151515152
"2911",0.0698989898989899,0.101151515151515,0.304787878787879,0.304787878787879,0.304848484848485
"2912",0.0665656565656566,0.0665656565656566,0.343929292929293,0.343949494949495,0.343949494949495
"2913",0.139232323232323,0.252676767676768,0.341656565656566,0.346626262626263,0.346626262626263
"2914",0.0515757575757576,0.0515757575757576,0.413010101010101,0.422767676767677,NA
"2915",0.0656666666666667,0.109626262626263,0.290989898989899,0.290989898989899,0.291040404040404
"2916",0.0700808080808081,0.161808080808081,0.285212121212121,0.365333333333333,NA
"2917",0.124888888888889,0.124888888888889,0.359707070707071,0.39240404040404,0.503565656565657
"2918",0.158333333333333,0.158515151515152,0.323434343434343,0.363868686868687,0.505535353535354
"2919",0.050040404040404,0.0722020202020202,0.0722020202020202,0.353464646464646,0.356030303030303
"2920",0.0504242424242424,0.0504242424242424,0.283616161616162,0.471858585858586,NA
"2921",0.147282828282828,0.147282828282828,0.289121212121212,0.320010101010101,0.506141414141414
"2922",0.0917676767676768,0.0917676767676768,0.383373737373737,0.383373737373737,0.388505050505051
"2923",0.085959595959596,0.0882828282828283,0.318919191919192,0.407616161616162,0.407616161616162
"2924",0.053969696969697,0.150151515151515,0.360929292929293,0.397707070707071,0.467717171717172
"2925",0.0550808080808081,0.0550808080808081,0.355616161616162,0.355616161616162,0.355616161616162
"2926",0.0423737373737374,0.101191919191919,0.101868686868687,0.36149494949495,0.36149494949495
"2927",0.0927979797979798,0.187525252525253,0.402363636363636,0.449393939393939,0.449393939393939
"2928",0.158151515151515,0.158151515151515,0.380080808080808,0.380080808080808,0.380080808080808
"2929",0.0635858585858586,0.0635858585858586,0.441292929292929,0.48710101010101,0.48710101010101
"2930",0.226969696969697,0.226969696969697,0.331909090909091,0.560494949494949,0.663818181818182
"2931",0.174090909090909,0.186191919191919,0.511515151515152,0.511515151515152,0.639818181818182
"2932",0.0728686868686869,0.0728686868686869,0.502171717171717,0.502171717171717,0.502171717171717
"2933",0.126414141414141,0.126454545454545,0.506464646464647,0.517838383838384,0.517838383838384
"2934",0.113020202020202,0.194222222222222,0.352717171717172,0.352717171717172,0.352717171717172
"2935",0.0497272727272727,0.0497272727272727,0.346939393939394,0.371030303030303,0.371030303030303
"2936",0.0606060606060606,0.190353535353535,0.31320202020202,0.317767676767677,0.901282828282828
"2937",0.0518484848484849,0.068989898989899,0.352090909090909,0.352090909090909,NA
"2938",0.0475858585858586,0.0831818181818182,0.32610101010101,0.32610101010101,0.555363636363636
"2939",0.056040404040404,0.355737373737374,0.355737373737374,0.355737373737374,0.35889898989899
"2940",0.0466363636363636,0.066959595959596,0.449777777777778,0.459151515151515,0.504737373737374
"2941",0.0482020202020202,0.0690909090909091,0.330454545454546,0.330454545454546,0.356222222222222
"2942",0.0532222222222222,0.0532222222222222,0.375242424242424,0.375242424242424,0.497484848484849
"2943",0.130777777777778,0.130777777777778,0.395777777777778,0.598545454545455,0.689535353535354
"2944",0.0508989898989899,0.0953636363636364,0.219282828282828,0.261808080808081,0.401363636363636
"2945",0.0497676767676768,0.0864545454545455,0.295585858585859,0.496555555555556,0.510414141414141
"2946",0.156505050505051,0.156505050505051,0.555474747474748,0.555474747474748,0.555474747474748
"2947",0.163323232323232,0.163323232323232,0.383222222222222,0.383222222222222,0.388343434343434
"2948",0.0505252525252525,0.212606060606061,0.378535353535354,0.378535353535354,NA
"2949",0.0535252525252525,0.326747474747475,0.409434343434343,0.409434343434343,0.409434343434343
"2950",0.0498282828282828,0.0498282828282828,0.457949494949495,0.457949494949495,0.457989898989899
"2951",0.0521919191919192,0.0521919191919192,0.389313131313131,0.538020202020202,0.538020202020202
"2952",0.0587676767676768,0.117464646464646,0.347545454545455,0.591909090909091,0.591909090909091
"2953",0.150636363636364,0.268656565656566,0.320555555555556,0.451606060606061,0.452515151515152
"2954",0.0601616161616162,0.197131313131313,0.374030303030303,0.393767676767677,NA
"2955",0.0967777777777778,0.0967777777777778,0.398929292929293,0.445484848484849,0.445484848484849
"2956",0.0607272727272727,0.0607272727272727,0.461,0.461,0.461
"2957",0.0592323232323232,0.216656565656566,0.521979797979798,0.521979797979798,0.648050505050505
"2958",0.056010101010101,0.113252525252525,0.215464646464646,0.479545454545455,0.479545454545455
"2959",0.0381616161616162,0.167585858585859,0.313626262626263,0.313626262626263,0.386
"2960",0.0366060606060606,0.0545050505050505,0.28330303030303,0.465020202020202,0.465020202020202
"2961",0.0679090909090909,0.0884848484848485,0.278484848484849,0.278484848484849,0.414090909090909
"2962",0.058010101010101,0.0799090909090909,0.286353535353535,0.47640404040404,0.601282828282828
"2963",0.13210101010101,0.157484848484849,0.44010101010101,0.44010101010101,0.508989898989899
"2964",0.0564444444444444,0.0621919191919192,0.217030303030303,0.354484848484849,0.365757575757576
"2965",0.0409292929292929,0.0602424242424243,0.384454545454545,0.384454545454545,NA
"2966",0.0721414141414141,0.0883838383838384,0.542555555555556,0.542555555555556,0.54410101010101
"2967",0.124343434343434,0.124343434343434,0.173262626262626,0.381040404040404,0.381484848484849
"2968",0.0703535353535354,0.0703535353535354,0.359575757575758,0.359616161616162,0.359616161616162
"2969",0.0439292929292929,0.318767676767677,0.439252525252525,0.439252525252525,0.439282828282828
"2970",0.0753939393939394,0.140434343434343,0.462838383838384,0.462838383838384,0.462838383838384
"2971",0.0892424242424242,0.105878787878788,0.390929292929293,NA,NA
"2972",0.0636363636363636,0.146141414141414,0.333292929292929,0.428141414141414,0.580373737373737
"2973",0.066959595959596,0.280141414141414,0.494373737373737,0.494373737373737,0.494373737373737
"2974",0.0461818181818182,0.110323232323232,0.381717171717172,0.381717171717172,0.382050505050505
"2975",0.0684747474747475,0.198363636363636,0.38179797979798,0.496636363636364,0.52310101010101
"2976",0.0591212121212121,0.102444444444444,0.382383838383838,0.382383838383838,NA
"2977",0.0774343434343434,0.0774343434343434,0.307525252525253,0.307545454545455,0.642262626262626
"2978",0.0891818181818182,0.194323232323232,0.372707070707071,0.372707070707071,0.372707070707071
"2979",0.130717171717172,0.214878787878788,0.215050505050505,0.484353535353535,0.484353535353535
"2980",0.142353535353535,0.156151515151515,0.572161616161616,0.572161616161616,0.572161616161616
"2981",0.104242424242424,0.104242424242424,0.425868686868687,0.425868686868687,0.437151515151515
"2982",0.0549090909090909,0.0549090909090909,0.441686868686869,0.635171717171717,0.635616161616162
"2983",0.0548888888888889,0.0762323232323232,0.271434343434343,0.271434343434343,0.271434343434343
"2984",0.0608888888888889,0.0608888888888889,0.419555555555556,0.419555555555556,0.419555555555556
"2985",0.10630303030303,0.136686868686869,0.545636363636364,0.545636363636364,0.658686868686869
"2986",0.039949494949495,0.141141414141414,0.415666666666667,0.487606060606061,0.508353535353535
"2987",0.12740404040404,0.203131313131313,0.336181818181818,0.336181818181818,0.336181818181818
"2988",0.0568080808080808,0.21059595959596,0.21059595959596,0.480606060606061,NA
"2989",0.0555050505050505,0.212575757575758,0.359676767676768,0.359676767676768,0.594030303030303
"2990",0.0535050505050505,0.117070707070707,0.321505050505051,0.504838383838384,NA
"2991",0.148818181818182,0.195777777777778,0.363888888888889,0.363888888888889,NA
"2992",0.051979797979798,0.0564141414141414,0.233939393939394,0.479646464646465,0.479646464646465
"2993",0.150878787878788,0.152151515151515,0.504575757575758,0.582212121212121,0.58340404040404
"2994",0.0438080808080808,0.0438080808080808,0.353040404040404,0.396323232323232,NA
"2995",0.0613636363636364,0.172565656565657,0.391929292929293,0.408050505050505,0.456363636363636
"2996",0.133676767676768,0.133676767676768,0.507474747474748,0.507474747474748,NA
"2997",0.183515151515152,0.201212121212121,0.44210101010101,0.54789898989899,0.597828282828283
"2998",0.0555454545454546,0.193515151515152,0.361010101010101,0.367656565656566,0.367747474747475
"2999",0.0552828282828283,0.0552828282828283,0.362050505050505,0.366151515151515,0.727393939393939
"3000",0.0611717171717172,0.0611717171717172,0.395767676767677,0.397444444444444,0.550393939393939
"3001",0.0593939393939394,0.0662727272727273,0.466606060606061,0.466616161616162,0.535737373737374
"3002",0.083969696969697,0.0891212121212121,0.445565656565657,0.519030303030303,NA
"3003",0.0530808080808081,0.0530808080808081,0.422585858585859,0.569939393939394,0.658717171717172
"3004",0.0828282828282828,0.0889292929292929,0.413070707070707,0.575979797979798,0.575979797979798
"3005",0.0876363636363636,0.0876363636363636,0.35920202020202,0.36740404040404,0.367555555555556
"3006",0.0497373737373737,0.0497373737373737,0.250818181818182,0.333979797979798,0.333979797979798
"3007",0.0351414141414141,0.0550909090909091,0.344171717171717,0.714909090909091,NA
"3008",0.0701010101010101,0.213767676767677,0.255212121212121,0.567353535353535,0.567353535353535
"3009",0.0710606060606061,0.156838383838384,0.221151515151515,0.221151515151515,0.504141414141414
"3010",0.0511616161616162,0.0681919191919192,0.503535353535354,0.596282828282828,NA
"3011",0.134414141414141,0.134414141414141,0.364070707070707,0.365646464646465,0.365646464646465
"3012",0.0885959595959596,0.0885959595959596,0.384535353535354,0.384535353535354,0.462868686868687
"3013",0.059020202020202,0.12449494949495,0.159979797979798,0.356666666666667,0.698272727272727
"3014",0.0566262626262626,0.195,0.456313131313131,0.470767676767677,0.470767676767677
"3015",0.099010101010101,0.099010101010101,0.340626262626263,0.340626262626263,0.340626262626263
"3016",0.0493636363636364,0.091040404040404,0.31779797979798,0.471575757575758,NA
"3017",0.0873030303030303,0.0873030303030303,0.285353535353535,0.442262626262626,0.442262626262626
"3018",0.0565050505050505,0.0565050505050505,0.389515151515152,0.443757575757576,0.443757575757576
"3019",0.0892929292929293,0.0997373737373737,0.450626262626263,0.48459595959596,NA
"3020",0.0411111111111111,0.0411111111111111,0.507434343434343,0.589141414141414,0.598171717171717
"3021",0.111161616161616,0.111161616161616,0.264474747474747,0.31140404040404,0.317373737373737
"3022",0.159353535353535,0.159353535353535,0.343828282828283,0.343828282828283,0.343828282828283
"3023",0.0617070707070707,0.0617070707070707,0.352777777777778,0.357393939393939,NA
"3024",0.163909090909091,0.163909090909091,0.350707070707071,0.365333333333333,0.503727272727273
"3025",0.0814141414141414,0.0814141414141414,0.317686868686869,0.317686868686869,0.317686868686869
"3026",0.103272727272727,0.293656565656566,0.407252525252525,0.592929292929293,0.623232323232323
"3027",0.0469393939393939,0.141262626262626,0.421353535353535,0.427888888888889,0.427888888888889
"3028",0.0880808080808081,0.0926464646464647,0.286828282828283,0.286828282828283,NA
"3029",0.0356565656565657,0.10940404040404,0.366383838383838,0.370414141414141,0.583222222222222
"3030",0.0572626262626263,0.0903535353535354,0.302363636363636,0.302363636363636,0.332242424242424
"3031",0.0503939393939394,0.0503939393939394,0.435070707070707,0.435090909090909,0.454363636363636
"3032",0.181939393939394,0.181939393939394,0.46510101010101,0.46510101010101,0.478232323232323
"3033",0.060969696969697,0.060969696969697,0.376868686868687,0.376868686868687,0.376868686868687
"3034",0.140919191919192,0.144535353535354,0.438121212121212,0.438171717171717,0.438171717171717
"3035",0.0464040404040404,0.196454545454545,0.467464646464647,0.467464646464647,NA
"3036",0.0507272727272727,0.230414141414141,0.375575757575758,0.376040404040404,0.460282828282828
"3037",0.0810505050505051,0.0810505050505051,0.349464646464646,0.399505050505051,0.399505050505051
"3038",0.104020202020202,0.104323232323232,0.548606060606061,0.548606060606061,0.757505050505051
"3039",0.0512828282828283,0.170393939393939,0.519434343434343,0.519434343434343,0.519434343434343
"3040",0.0516161616161616,0.0618989898989899,0.287111111111111,0.355636363636364,0.384747474747475
"3041",0.0784747474747475,0.133050505050505,0.518676767676768,0.518676767676768,0.579676767676768
"3042",0.135575757575758,0.135575757575758,0.326444444444444,0.326444444444444,0.326444444444444
"3043",0.179141414141414,0.179141414141414,0.487757575757576,0.487757575757576,0.487757575757576
"3044",0.0703838383838384,0.116323232323232,0.508171717171717,NA,NA
"3045",0.157929292929293,0.174535353535354,0.243808080808081,0.243808080808081,0.454090909090909
"3046",0.146050505050505,0.402040404040404,0.515090909090909,0.515090909090909,0.515090909090909
"3047",0.12710101010101,0.197191919191919,0.358131313131313,0.388969696969697,0.388969696969697
"3048",0.12940404040404,0.12940404040404,0.469252525252525,0.469252525252525,0.469252525252525
"3049",0.0347878787878788,0.151626262626263,0.188464646464646,0.475292929292929,0.475292929292929
"3050",0.0474444444444444,0.255121212121212,0.437262626262626,0.437262626262626,0.507979797979798
"3051",0.0616969696969697,0.0616969696969697,0.356222222222222,0.356222222222222,0.356222222222222
"3052",0.0574141414141414,0.10120202020202,0.411868686868687,0.411868686868687,NA
"3053",0.049030303030303,0.0533939393939394,0.291747474747475,0.291747474747475,0.291828282828283
"3054",0.0553131313131313,0.151525252525253,0.393181818181818,0.555070707070707,0.555070707070707
"3055",0.132929292929293,0.158171717171717,0.28969696969697,0.459292929292929,0.460656565656566
"3056",0.0774343434343434,0.0920808080808081,0.0920808080808081,0.212676767676768,0.557060606060606
"3057",0.0442323232323232,0.169454545454545,0.216353535353535,0.425292929292929,0.425292929292929
"3058",0.0557373737373737,0.353888888888889,0.393555555555556,0.393555555555556,0.393555555555556
"3059",0.0683131313131313,0.111919191919192,0.560323232323232,0.560323232323232,0.575676767676768
"3060",0.118060606060606,0.118060606060606,0.254808080808081,0.255727272727273,0.255727272727273
"3061",0.139555555555556,0.205848484848485,0.487161616161616,0.487585858585859,0.487585858585859
"3062",0.0721818181818182,0.0941818181818182,0.243515151515152,0.243515151515152,0.348737373737374
"3063",0.0548181818181818,0.066939393939394,0.428050505050505,0.523393939393939,0.523393939393939
"3064",0.127686868686869,0.139111111111111,0.405676767676768,0.405676767676768,NA
"3065",0.0430505050505051,0.108333333333333,0.303252525252525,0.487989898989899,NA
"3066",0.0398888888888889,0.309383838383838,0.55179797979798,0.55179797979798,0.55179797979798
"3067",0.22110101010101,0.226646464646465,0.385515151515152,0.452858585858586,0.503020202020202
"3068",0.176929292929293,0.176929292929293,0.30389898989899,0.359292929292929,0.399171717171717
"3069",0.122131313131313,0.145868686868687,0.327878787878788,0.327878787878788,0.442111111111111
"3070",0.0837272727272727,0.0837272727272727,0.511222222222222,0.511222222222222,0.511222222222222
"3071",0.057979797979798,0.175626262626263,0.330212121212121,0.390373737373737,0.390373737373737
"3072",0.0591818181818182,0.0941414141414142,0.509393939393939,0.559919191919192,0.559919191919192
"3073",0.0754848484848485,0.138969696969697,0.251252525252525,0.424060606060606,0.500272727272727
"3074",0.0466060606060606,0.0466060606060606,0.154878787878788,0.369949494949495,NA
"3075",0.0954545454545455,0.259646464646465,0.355767676767677,0.511464646464647,0.718151515151515
"3076",0.146191919191919,0.158575757575758,0.301878787878788,0.301878787878788,0.301878787878788
"3077",0.0445555555555556,0.130272727272727,0.219565656565657,0.404181818181818,0.404181818181818
"3078",0.126727272727273,0.126939393939394,0.258585858585859,0.258585858585859,0.258585858585859
"3079",0.0902121212121212,0.0913030303030303,0.139232323232323,0.139232323232323,0.501242424242424
"3080",0.101353535353535,0.101353535353535,0.270191919191919,0.270191919191919,0.270191919191919
"3081",0.0513131313131313,0.0513131313131313,0.528111111111111,0.528111111111111,0.528111111111111
"3082",0.0946262626262626,0.0946262626262626,0.283030303030303,0.283030303030303,NA
"3083",0.198454545454545,0.198454545454545,0.428424242424242,0.428424242424242,0.428424242424242
"3084",0.0588585858585859,0.0588585858585859,0.67310101010101,0.67310101010101,0.67310101010101
"3085",0.148646464646465,0.148646464646465,0.333828282828283,0.333828282828283,0.336020202020202
"3086",0.0843838383838384,0.0843838383838384,0.468323232323232,0.468323232323232,0.468323232323232
"3087",0.0962525252525253,0.117373737373737,0.266878787878788,0.345929292929293,NA
"3088",0.047949494949495,0.0831818181818182,0.303555555555556,0.303555555555556,0.303555555555556
"3089",0.0552424242424242,0.0552424242424242,0.145080808080808,0.448353535353535,0.448353535353535
"3090",0.214727272727273,0.214727272727273,0.504,0.504,0.504
"3091",0.0605656565656566,0.0986262626262626,0.389232323232323,0.389232323232323,0.393575757575758
"3092",0.0538686868686869,0.0587070707070707,0.300868686868687,0.301707070707071,0.301707070707071
"3093",0.054949494949495,0.0606060606060606,0.353505050505051,0.360616161616162,0.360838383838384
"3094",0.112040404040404,0.155080808080808,0.33430303030303,0.33430303030303,0.33430303030303
"3095",0.127555555555556,0.127555555555556,0.402070707070707,0.404252525252525,0.404252525252525
"3096",0.058949494949495,0.160030303030303,0.517171717171717,0.517171717171717,0.517212121212121
"3097",0.0519292929292929,0.155393939393939,0.235444444444444,0.235444444444444,0.235444444444444
"3098",0.0527575757575758,0.102171717171717,0.379313131313131,0.379313131313131,0.459636363636364
"3099",0.0388080808080808,0.12059595959596,0.457111111111111,0.525383838383838,0.556141414141414
"3100",0.105919191919192,0.115969696969697,0.311777777777778,0.422929292929293,0.499393939393939
"3101",0.0458888888888889,0.0528888888888889,0.487333333333333,0.487333333333333,0.487808080808081
"3102",0.126858585858586,0.172040404040404,0.446686868686869,0.464656565656566,0.464656565656566
"3103",0.0415555555555556,0.0885858585858586,0.467474747474747,NA,NA
"3104",0.0476161616161616,0.0476161616161616,0.353484848484849,0.353484848484849,0.353484848484849
"3105",0.0357575757575758,0.156393939393939,0.427505050505051,0.526737373737374,NA
"3106",0.050040404040404,0.261808080808081,0.442656565656566,0.443171717171717,0.443171717171717
"3107",0.0468585858585859,0.130040404040404,0.182484848484848,0.182484848484848,0.506575757575758
"3108",0.0578585858585859,0.281828282828283,0.286,0.286,0.361525252525253
"3109",0.0513434343434344,0.0558484848484849,0.252232323232323,0.253060606060606,0.253848484848485
"3110",0.0551010101010101,0.0551010101010101,0.313545454545455,0.313545454545455,NA
"3111",0.0575151515151515,0.0575151515151515,0.410757575757576,0.410757575757576,0.61020202020202
"3112",0.0391616161616162,0.0612121212121212,0.407343434343434,0.449818181818182,NA
"3113",0.053,0.101070707070707,0.217858585858586,0.217858585858586,NA
"3114",0.0907070707070707,0.0907070707070707,0.376666666666667,0.377808080808081,0.377808080808081
"3115",0.0557777777777778,0.0614949494949495,0.336737373737374,0.336737373737374,0.336737373737374
"3116",0.0435050505050505,0.104111111111111,0.296979797979798,0.296979797979798,0.413141414141414
"3117",0.141969696969697,0.144959595959596,0.204787878787879,0.204787878787879,NA
"3118",0.0917373737373737,0.0917373737373737,0.389818181818182,NA,NA
"3119",0.0524343434343434,0.0524343434343434,0.315525252525253,0.315525252525253,0.454323232323232
"3120",0.0573030303030303,0.0573030303030303,0.359676767676768,0.359686868686869,0.359686868686869
"3121",0.218737373737374,0.328949494949495,0.559787878787879,0.559787878787879,0.55979797979798
"3122",0.141686868686869,0.162929292929293,0.284585858585859,0.457121212121212,0.632343434343434
"3123",0.060989898989899,0.089959595959596,0.522575757575758,0.620313131313131,NA
"3124",0.143212121212121,0.143212121212121,0.351525252525253,0.351525252525253,0.352777777777778
"3125",0.15220202020202,0.18130303030303,0.381848484848485,0.381848484848485,0.684141414141414
"3126",0.0473333333333333,0.0824040404040404,0.371787878787879,0.452434343434343,0.563525252525253
"3127",0.105323232323232,0.105363636363636,0.300707070707071,0.41959595959596,0.419828282828283
"3128",0.172737373737374,0.184646464646465,0.282080808080808,0.282080808080808,0.282080808080808
"3129",0.0562727272727273,0.144262626262626,0.406373737373737,0.414191919191919,0.420959595959596
"3130",0.111949494949495,0.295838383838384,0.40659595959596,0.40659595959596,0.503484848484849
"3131",0.0718181818181818,0.0981616161616162,0.377919191919192,0.377919191919192,0.649555555555556
"3132",0.0493838383838384,0.0493838383838384,0.285080808080808,0.408343434343434,NA
"3133",0.10440404040404,0.171585858585859,0.322606060606061,0.413878787878788,NA
"3134",0.0895454545454546,0.0917979797979798,0.153808080808081,0.282050505050505,0.438151515151515
"3135",0.0707878787878788,0.148070707070707,0.405555555555556,0.454848484848485,0.454848484848485
"3136",0.129535353535354,0.348464646464646,0.35489898989899,0.35489898989899,0.642888888888889
"3137",0.0812525252525253,0.0963434343434344,0.400272727272727,0.400272727272727,NA
"3138",0.12089898989899,0.172121212121212,0.454353535353535,0.454353535353535,0.454353535353535
"3139",0.094979797979798,0.094979797979798,0.179181818181818,0.179181818181818,0.407232323232323
"3140",0.0465555555555556,0.140505050505051,0.581555555555556,0.645444444444444,0.645444444444444
"3141",0.123717171717172,0.399666666666667,0.445626262626263,0.446020202020202,0.691848484848485
"3142",0.11630303030303,0.11630303030303,0.310363636363636,0.310434343434343,0.348808080808081
"3143",0.0582626262626263,0.0710909090909091,0.399171717171717,0.399171717171717,0.448737373737374
"3144",0.0489090909090909,0.141252525252525,0.366,0.366,0.366
"3145",NA,NA,NA,NA,NA
"3146",0.0887474747474748,0.0914747474747475,0.445535353535354,0.515656565656566,NA
"3147",0.0495757575757576,0.0805353535353535,0.365666666666667,0.365666666666667,0.365666666666667
"3148",0.0605656565656566,0.0762727272727273,0.28140404040404,0.326060606060606,0.410373737373737
"3149",0.105545454545455,0.197919191919192,0.355373737373737,0.510989898989899,NA
"3150",0.122242424242424,0.122606060606061,0.254656565656566,0.25469696969697,0.563686868686869
"3151",0.0934949494949495,0.0934949494949495,0.154545454545455,0.625434343434343,0.625434343434343
"3152",0.0545353535353535,0.0593838383838384,0.466616161616162,0.495848484848485,NA
"3153",0.0436868686868687,0.0436868686868687,0.335888888888889,0.335888888888889,NA
"3154",0.0671616161616162,0.0671616161616162,0.537585858585859,0.537585858585859,0.537585858585859
"3155",0.131676767676768,0.131676767676768,0.388525252525253,NA,NA
"3156",0.0556262626262626,0.256282828282828,0.571535353535354,0.571535353535354,0.571535353535354
"3157",0.104929292929293,0.130343434343434,0.313030303030303,NA,NA
"3158",0.0642222222222222,0.0715959595959596,0.288525252525253,0.288525252525253,0.433808080808081
"3159",0.0554949494949495,0.0554949494949495,0.23849494949495,0.505282828282828,0.630353535353535
"3160",0.0880707070707071,0.0902525252525253,0.331959595959596,0.331959595959596,0.503474747474748
"3161",0.0426565656565657,0.142666666666667,0.360343434343434,0.360343434343434,NA
"3162",0.0356565656565657,0.0738282828282828,0.257535353535354,0.257535353535354,0.257535353535354
"3163",0.0610909090909091,0.284828282828283,0.417282828282828,0.417282828282828,0.452656565656566
"3164",0.151292929292929,0.151292929292929,0.398474747474747,0.506666666666667,0.506666666666667
"3165",0.060040404040404,0.170252525252525,0.487131313131313,0.487131313131313,0.655686868686869
"3166",0.0608181818181818,0.230212121212121,0.368969696969697,0.391939393939394,0.391939393939394
"3167",0.135828282828283,0.135828282828283,0.37530303030303,0.37530303030303,0.733939393939394
"3168",0.0816767676767677,0.0816767676767677,0.162616161616162,0.162616161616162,0.301080808080808
"3169",0.057969696969697,0.179888888888889,0.495888888888889,0.495888888888889,0.495888888888889
"3170",0.0817272727272727,0.134525252525253,0.27920202020202,0.468484848484849,0.600717171717172
"3171",0.106747474747475,0.106747474747475,0.193777777777778,0.35710101010101,0.357121212121212
"3172",0.15659595959596,0.15659595959596,0.393060606060606,0.393060606060606,0.393121212121212
"3173",0.0800404040404041,0.0800404040404041,0.338767676767677,0.395020202020202,0.505141414141414
"3174",0.0692626262626263,0.184343434343434,0.464262626262626,0.518353535353535,0.518353535353535
"3175",0.220353535353535,0.220353535353535,0.474909090909091,0.474909090909091,0.477262626262626
"3176",0.0515959595959596,0.0616767676767677,0.230636363636364,0.230636363636364,0.230636363636364
"3177",0.141848484848485,0.184080808080808,0.397131313131313,0.448787878787879,NA
"3178",0.0934444444444445,0.0934444444444445,0.259262626262626,0.591464646464646,0.591464646464646
"3179",0.0978585858585859,0.211717171717172,0.211717171717172,0.648979797979798,0.648979797979798
"3180",0.106525252525253,0.106525252525253,0.445464646464647,0.445464646464647,0.445464646464647
"3181",0.0596767676767677,0.246313131313131,0.246313131313131,0.246313131313131,0.502969696969697
"3182",0.0877878787878788,0.0877878787878788,0.392828282828283,0.392858585858586,0.621484848484849
"3183",0.0791212121212121,0.0791212121212121,0.198434343434343,0.198434343434343,0.198434343434343
"3184",0.182636363636364,0.182636363636364,0.253161616161616,0.474242424242424,0.474242424242424
"3185",0.0487979797979798,0.0572828282828283,0.39179797979798,0.39179797979798,0.39179797979798
"3186",0.0637373737373737,0.0637373737373737,0.436464646464646,0.436464646464646,0.43659595959596
"3187",0.0482929292929293,0.078020202020202,0.255939393939394,0.423131313131313,0.596868686868687
"3188",0.167606060606061,0.19720202020202,0.19720202020202,0.564656565656566,0.569343434343434
"3189",0.078010101010101,0.172444444444444,0.37740404040404,0.37740404040404,0.463454545454546
"3190",0.0752020202020202,0.0752020202020202,0.272424242424242,0.378525252525253,0.385070707070707
"3191",0.111363636363636,0.119747474747475,0.322454545454545,0.645848484848485,0.645848484848485
"3192",0.143232323232323,0.206686868686869,0.206686868686869,0.474818181818182,NA
"3193",0.0592525252525253,0.0661313131313131,0.0661313131313131,0.302616161616162,0.34869696969697
"3194",0.136939393939394,0.136939393939394,0.385424242424242,0.385424242424242,0.537010101010101
"3195",0.0452525252525253,0.0523737373737374,0.283848484848485,0.283848484848485,0.283848484848485
"3196",0.172979797979798,0.175454545454545,0.471353535353535,0.471353535353535,NA
"3197",0.0790505050505051,0.199131313131313,0.397737373737374,0.398111111111111,0.509888888888889
"3198",0.0553131313131313,0.0553131313131313,0.556646464646465,0.556646464646465,0.556646464646465
"3199",0.0586363636363636,0.22820202020202,0.379777777777778,0.379777777777778,0.379777777777778
"3200",0.143252525252525,0.143252525252525,0.378111111111111,0.42569696969697,0.42569696969697
"3201",0.044040404040404,0.0607777777777778,0.484484848484849,0.484484848484849,0.484484848484849
"3202",0.12259595959596,0.12259595959596,0.406070707070707,0.406070707070707,0.407616161616162
"3203",0.0538989898989899,0.176525252525253,0.362545454545455,0.403141414141414,0.403141414141414
"3204",0.0582121212121212,0.122666666666667,0.357080808080808,0.506242424242424,0.589979797979798
"3205",0.138555555555556,0.138555555555556,0.374090909090909,0.374090909090909,0.374090909090909
"3206",0.0502020202020202,0.0720808080808081,0.375828282828283,0.375828282828283,0.385484848484849
"3207",0.0755757575757576,0.0755757575757576,0.238232323232323,0.238232323232323,NA
"3208",0.0409090909090909,0.157777777777778,0.25779797979798,0.32869696969697,0.507616161616162
"3209",0.136454545454545,0.189888888888889,0.189959595959596,0.215292929292929,0.27579797979798
"3210",0.104888888888889,0.105151515151515,0.519030303030303,NA,NA
"3211",0.0614848484848485,0.0614848484848485,0.258494949494949,0.565878787878788,0.565909090909091
"3212",0.156575757575758,0.156575757575758,0.197212121212121,0.224737373737374,0.224737373737374
"3213",0.0690707070707071,0.130323232323232,0.435454545454545,0.435454545454545,0.435474747474748
"3214",0.126787878787879,0.126787878787879,0.127252525252525,0.457757575757576,0.457757575757576
"3215",0.0542424242424242,0.110262626262626,0.298616161616162,0.328191919191919,0.328191919191919
"3216",0.0647575757575758,0.103030303030303,0.324232323232323,0.396333333333333,NA
"3217",0.0507878787878788,0.0507878787878788,0.292242424242424,0.292242424242424,0.504575757575758
"3218",0.056030303030303,0.056030303030303,0.443787878787879,0.443787878787879,0.503474747474748
"3219",0.0514444444444444,0.171555555555556,0.46430303030303,0.46430303030303,0.630161616161616
"3220",0.0679191919191919,0.154,0.321525252525253,0.369686868686869,0.369686868686869
"3221",0.0846565656565657,0.0846767676767677,0.321444444444444,0.376828282828283,0.397787878787879
"3222",0.047030303030303,0.262383838383838,0.445222222222222,0.445222222222222,0.510636363636364
"3223",0.0624949494949495,0.235444444444444,0.512727272727273,0.512727272727273,0.512727272727273
"3224",0.18840404040404,0.18840404040404,0.317484848484849,0.317484848484849,0.319828282828283
"3225",0.0682727272727273,0.130343434343434,0.508474747474748,0.508474747474748,0.570060606060606
"3226",0.045979797979798,0.045979797979798,0.254040404040404,0.409858585858586,NA
"3227",0.0463232323232323,0.16769696969697,0.248848484848485,0.283111111111111,0.283111111111111
"3228",0.0954040404040404,0.105424242424242,NA,NA,NA
"3229",0.172111111111111,0.172111111111111,0.467515151515152,0.587646464646465,0.587646464646465
"3230",0.0788888888888889,0.0788888888888889,0.256343434343434,0.256343434343434,0.635535353535354
"3231",0.0434949494949495,0.171323232323232,0.318040404040404,0.318040404040404,0.318040404040404
"3232",0.125242424242424,0.125242424242424,0.177323232323232,0.389171717171717,0.389171717171717
"3233",0.154020202020202,0.28079797979798,0.428838383838384,0.428838383838384,0.523474747474748
"3234",0.0814040404040404,0.159151515151515,0.354757575757576,0.445575757575758,0.460222222222222
"3235",0.105585858585859,0.105585858585859,0.394777777777778,0.394777777777778,0.394787878787879
"3236",0.186555555555556,0.186555555555556,0.382454545454545,0.382454545454545,0.570828282828283
"3237",0.103676767676768,0.104777777777778,0.278979797979798,0.442080808080808,0.442080808080808
"3238",0.0531515151515152,0.0648787878787879,0.345040404040404,0.410212121212121,0.429676767676768
"3239",0.0878181818181818,0.0878181818181818,0.451131313131313,0.451131313131313,0.451131313131313
"3240",0.0776565656565657,0.235848484848485,0.27240404040404,0.27240404040404,0.510181818181818
"3241",0.051989898989899,0.155464646464646,0.317565656565657,0.317565656565657,0.554040404040404
"3242",0.147090909090909,0.147090909090909,0.586676767676768,0.586676767676768,0.693353535353535
"3243",0.0885050505050505,0.0885050505050505,0.240585858585859,0.240585858585859,0.240585858585859
"3244",0.155040404040404,0.210858585858586,0.415131313131313,0.415151515151515,0.782686868686869
"3245",0.0622929292929293,0.21169696969697,0.478454545454546,0.478636363636364,0.550373737373737
"3246",0.0835757575757576,0.0843232323232323,0.292919191919192,0.292919191919192,0.292919191919192
"3247",0.0341616161616162,0.0772424242424243,0.320919191919192,0.320919191919192,0.320919191919192
"3248",0.173707070707071,0.173707070707071,0.330777777777778,0.331080808080808,0.470181818181818
"3249",0.129959595959596,0.129959595959596,0.461606060606061,0.529888888888889,0.529888888888889
"3250",0.0571515151515152,0.0571515151515152,0.282959595959596,0.370878787878788,0.375505050505051
"3251",0.0441616161616162,0.312373737373737,0.349171717171717,0.362242424242424,0.362242424242424
"3252",0.124090909090909,0.124090909090909,0.443646464646465,0.443646464646465,0.466464646464647
"3253",0.0688787878787879,0.155141414141414,0.207141414141414,0.207141414141414,0.361474747474748
"3254",0.222262626262626,0.222262626262626,0.412626262626263,0.435606060606061,0.435606060606061
"3255",0.043010101010101,0.104151515151515,0.403555555555556,0.403555555555556,0.778636363636364
"3256",0.0469292929292929,0.075949494949495,0.455717171717172,0.570484848484848,0.570484848484848
"3257",0.0506868686868687,0.0506868686868687,0.183070707070707,0.369808080808081,0.747868686868687
"3258",0.0615353535353535,0.0615353535353535,0.412333333333333,0.412333333333333,0.474505050505051
"3259",0.0658686868686869,0.0658686868686869,0.439505050505051,0.439505050505051,0.482777777777778
"3260",0.0737272727272727,0.110969696969697,0.364181818181818,0.364292929292929,0.364292929292929
"3261",0.148505050505051,0.148888888888889,0.387171717171717,0.387171717171717,0.387171717171717
"3262",0.0740808080808081,0.0853232323232323,0.412737373737374,0.412737373737374,0.532707070707071
"3263",0.056010101010101,0.0617373737373737,0.309616161616162,0.319222222222222,0.319222222222222
"3264",0.0545252525252525,0.128252525252525,0.33740404040404,0.338474747474747,NA
"3265",0.158151515151515,0.270555555555556,0.270565656565657,0.387838383838384,0.457666666666667
"3266",0.0352929292929293,0.043989898989899,0.301343434343434,0.339262626262626,NA
"3267",0.179545454545455,0.183767676767677,0.326272727272727,0.550252525252525,0.619949494949495
"3268",0.0443636363636364,0.0443636363636364,0.294131313131313,0.294131313131313,0.294131313131313
"3269",0.0625959595959596,0.0626161616161616,0.327676767676768,0.327676767676768,0.327676767676768
"3270",0.0549090909090909,0.0549090909090909,0.255232323232323,0.415030303030303,0.656959595959596
"3271",0.131212121212121,0.172686868686869,0.172686868686869,0.251030303030303,NA
"3272",0.056030303030303,0.0615757575757576,0.579777777777778,0.579777777777778,0.579777777777778
"3273",0.0811313131313131,0.0822828282828283,0.411151515151515,0.605828282828283,0.766616161616162
"3274",0.143242424242424,0.198838383838384,0.456717171717172,0.489777777777778,NA
"3275",0.139979797979798,0.139979797979798,0.484333333333333,0.484333333333333,0.484333333333333
"3276",0.0651818181818182,0.0651818181818182,0.255959595959596,0.35259595959596,0.35259595959596
"3277",0.0764545454545455,0.170737373737374,0.348383838383838,0.348383838383838,0.691323232323232
"3278",0.0549393939393939,0.197666666666667,0.200888888888889,0.200939393939394,0.467555555555556
"3279",0.0781616161616162,0.131474747474747,0.431585858585859,0.431585858585859,0.458949494949495
"3280",0.0886767676767677,0.0886767676767677,0.373636363636364,0.373636363636364,0.373636363636364
"3281",0.115434343434343,0.115434343434343,0.307818181818182,0.307818181818182,0.307818181818182
"3282",0.0397474747474748,0.234555555555556,0.334838383838384,0.334838383838384,0.334838383838384
"3283",0.0880606060606061,0.22979797979798,0.311535353535354,0.311535353535354,0.451646464646465
"3284",0.0593535353535354,0.11740404040404,0.497787878787879,0.501131313131313,0.548666666666667
"3285",0.066949494949495,0.210171717171717,0.378434343434343,0.378434343434343,0.395040404040404
"3286",0.0788282828282828,0.0788282828282828,0.388909090909091,0.388909090909091,0.388909090909091
"3287",0.0450606060606061,0.253616161616162,0.326838383838384,0.469343434343434,0.469343434343434
"3288",0.069959595959596,0.069959595959596,0.499767676767677,0.499767676767677,0.499767676767677
"3289",0.0540909090909091,0.0593939393939394,0.389212121212121,0.389212121212121,0.414606060606061
"3290",0.0669191919191919,0.280919191919192,0.414070707070707,0.414070707070707,0.414070707070707
"3291",0.0407979797979798,0.0602323232323232,0.303010101010101,0.303010101010101,0.303010101010101
"3292",0.0828383838383838,0.17869696969697,0.254474747474748,0.254494949494949,0.412686868686869
"3293",0.0902727272727273,0.15769696969697,0.288929292929293,0.288929292929293,0.296272727272727
"3294",0.0600505050505051,0.0600505050505051,0.245666666666667,0.370242424242424,0.681242424242424
"3295",0.0785151515151515,0.22549494949495,0.448787878787879,0.453212121212121,0.455909090909091
"3296",0.0601010101010101,0.256111111111111,0.633,0.731171717171717,0.80189898989899
"3297",0.0608282828282828,0.0608282828282828,0.535535353535354,0.535535353535354,0.535535353535354
"3298",0.0647070707070707,0.115191919191919,0.39089898989899,0.391252525252525,NA
"3299",0.0473737373737374,0.0473737373737374,0.294505050505051,0.456585858585859,0.456585858585859
"3300",0.0607979797979798,0.190353535353535,0.430252525252525,0.430252525252525,0.430252525252525
"3301",0.0523939393939394,0.157393939393939,0.381515151515152,0.381515151515152,0.543868686868687
"3302",0.15389898989899,0.165636363636364,0.484666666666667,0.484666666666667,0.484666666666667
"3303",0.0587878787878788,0.151383838383838,0.270464646464646,0.39189898989899,0.39189898989899
"3304",0.106050505050505,0.162626262626263,0.168020202020202,0.168020202020202,0.506464646464647
"3305",0.0576060606060606,0.197282828282828,0.396070707070707,0.461070707070707,0.785111111111111
"3306",0.076959595959596,0.283818181818182,0.361080808080808,0.361080808080808,0.41249494949495
"3307",0.0896363636363636,0.196131313131313,0.40859595959596,0.491575757575758,0.49179797979798
"3308",0.0512727272727273,0.113212121212121,0.249676767676768,0.263272727272727,0.382909090909091
"3309",0.0558787878787879,0.0558787878787879,0.543505050505051,0.543505050505051,0.543505050505051
"3310",0.127585858585859,0.127787878787879,0.345717171717172,0.345717171717172,0.75489898989899
"3311",0.0833232323232323,0.0833939393939394,0.375515151515152,0.38189898989899,0.38189898989899
"3312",0.0572525252525253,0.070030303030303,0.448444444444444,0.448444444444444,0.466343434343434
"3313",0.160767676767677,0.324767676767677,0.412828282828283,0.412828282828283,NA
"3314",0.129020202020202,0.129020202020202,0.425111111111111,0.46120202020202,0.46120202020202
"3315",0.11069696969697,0.136919191919192,0.453353535353535,0.453353535353535,0.453353535353535
"3316",0.0501212121212121,0.140525252525253,0.373929292929293,0.373929292929293,0.463868686868687
"3317",0.148727272727273,0.179525252525253,0.235767676767677,0.235767676767677,NA
"3318",0.0576262626262626,0.132888888888889,0.444575757575758,0.449737373737374,0.455020202020202
"3319",0.0608181818181818,0.140535353535354,0.375767676767677,0.375767676767677,0.453171717171717
"3320",0.0598181818181818,0.0755252525252525,0.351616161616162,0.351616161616162,0.455474747474748
"3321",0.0858080808080808,0.133828282828283,0.284090909090909,0.31459595959596,NA
"3322",NA,NA,NA,NA,NA
"3323",0.162656565656566,0.162656565656566,0.481848484848485,0.481848484848485,0.481848484848485
"3324",0.0538888888888889,0.0909393939393939,0.499323232323232,0.499323232323232,0.511030303030303
"3325",0.16220202020202,0.25730303030303,0.477414141414141,0.477414141414141,0.548131313131313
"3326",0.0517373737373737,0.0517373737373737,0.378646464646465,0.378666666666667,0.378666666666667
"3327",0.0446060606060606,0.0522525252525253,0.244020202020202,0.401353535353535,0.441323232323232
"3328",0.076949494949495,0.076949494949495,0.212565656565657,0.370363636363636,0.426464646464646
"3329",0.078030303030303,0.214232323232323,0.456222222222222,0.63149494949495,0.634070707070707
"3330",0.21030303030303,0.251636363636364,0.251636363636364,0.274606060606061,0.274606060606061
"3331",0.0761919191919192,0.298121212121212,0.298121212121212,0.429040404040404,0.429040404040404
"3332",0.0473030303030303,0.123919191919192,0.493161616161616,0.493161616161616,0.493161616161616
"3333",0.0831616161616162,0.32830303030303,0.32830303030303,0.32830303030303,0.32830303030303
"3334",0.0455858585858586,0.211808080808081,0.453828282828283,0.453828282828283,0.615868686868687
"3335",0.0544040404040404,0.215888888888889,0.309616161616162,0.309616161616162,0.309616161616162
"3336",0.131191919191919,0.220929292929293,0.448171717171717,0.448171717171717,0.448171717171717
"3337",0.0473232323232323,0.191080808080808,0.317313131313131,0.317313131313131,0.323535353535354
"3338",0.0924242424242424,0.0956868686868687,0.437656565656566,0.455888888888889,NA
"3339",0.0428585858585859,0.143212121212121,0.426313131313131,0.446818181818182,NA
"3340",0.0543333333333333,0.190222222222222,0.32469696969697,0.426111111111111,0.594343434343434
"3341",0.0894141414141414,0.0896060606060606,0.269393939393939,0.269393939393939,NA
"3342",0.0860505050505051,0.121505050505051,0.285131313131313,0.285131313131313,0.495838383838384
"3343",0.150656565656566,0.150656565656566,0.26210101010101,0.26210101010101,0.464878787878788
"3344",0.0554949494949495,0.183959595959596,0.445868686868687,0.445868686868687,0.445868686868687
"3345",0.0586363636363636,0.0808686868686869,0.353212121212121,0.353212121212121,0.617393939393939
"3346",0.044,0.050989898989899,0.444858585858586,0.444858585858586,0.444858585858586
"3347",0.0691616161616162,0.0782525252525253,0.503565656565657,0.505080808080808,0.505080808080808
"3348",0.0567373737373737,0.12110101010101,0.392929292929293,0.392929292929293,0.394181818181818
"3349",0.137707070707071,0.138232323232323,0.40030303030303,0.422333333333333,0.608858585858586
"3350",0.103989898989899,0.103989898989899,0.41669696969697,0.448818181818182,0.448818181818182
"3351",0.0534949494949495,0.126171717171717,0.407252525252525,0.407252525252525,0.407252525252525
"3352",0.0638787878787879,0.0638787878787879,0.322171717171717,0.442424242424242,0.442424242424242
"3353",0.0629494949494949,0.131464646464646,0.392323232323232,0.403020202020202,0.616525252525253
"3354",0.0770505050505051,0.170929292929293,0.321555555555556,0.321555555555556,0.355242424242424
"3355",0.0894343434343434,0.0894343434343434,0.43340404040404,0.43340404040404,0.43340404040404
"3356",0.116909090909091,0.116909090909091,0.44310101010101,0.44310101010101,0.44310101010101
"3357",0.051040404040404,0.264141414141414,0.305818181818182,0.416979797979798,0.416979797979798
"3358",0.0667676767676768,0.0667676767676768,0.359141414141414,0.483777777777778,NA
"3359",0.0331313131313131,0.118858585858586,0.460757575757576,0.460757575757576,NA
"3360",0.0884040404040404,0.0884040404040404,0.279464646464646,0.386272727272727,0.588656565656566
"3361",0.0586666666666667,0.138222222222222,0.188565656565657,0.504525252525253,0.504525252525253
"3362",0.0622424242424242,0.0622424242424242,0.412878787878788,0.433323232323232,0.433323232323232
"3363",0.0554848484848485,0.0554848484848485,0.279232323232323,0.279232323232323,0.279232323232323
"3364",0.0960808080808081,0.104212121212121,0.377808080808081,0.377808080808081,0.549959595959596
"3365",0.0661414141414142,0.232515151515152,0.43320202020202,0.43320202020202,0.43320202020202
"3366",0.0435959595959596,0.111666666666667,0.380252525252525,0.434939393939394,0.434939393939394
"3367",0.10859595959596,0.10859595959596,0.279939393939394,0.279979797979798,0.279979797979798
"3368",0.0498282828282828,0.173191919191919,0.429707070707071,0.446040404040404,0.652505050505051
"3369",0.0914040404040404,0.0914040404040404,0.358111111111111,0.358111111111111,0.557151515151515
"3370",0.0857474747474748,0.0857474747474748,0.396515151515152,0.43210101010101,0.43210101010101
"3371",0.0555858585858586,0.0555858585858586,0.253878787878788,0.253878787878788,NA
"3372",0.0846767676767677,0.0846767676767677,0.271141414141414,0.298858585858586,NA
"3373",0.142454545454545,0.142454545454545,0.177979797979798,0.178,0.178
"3374",0.137636363636364,0.277555555555556,0.499242424242424,0.499242424242424,NA
"3375",0.154111111111111,0.154111111111111,0.264434343434343,0.264434343434343,0.874767676767677
"3376",0.062989898989899,0.101,0.175171717171717,0.19640404040404,0.544929292929293
"3377",0.0292121212121212,0.162575757575758,0.371272727272727,0.372333333333333,0.63340404040404
"3378",0.064,0.064,0.35440404040404,0.355282828282828,0.355282828282828
"3379",0.11189898989899,0.11189898989899,0.325474747474748,0.325474747474748,0.325474747474748
"3380",0.0556262626262626,0.0556262626262626,0.409616161616162,0.409616161616162,0.409616161616162
"3381",0.113787878787879,0.113787878787879,0.342151515151515,0.402666666666667,0.402666666666667
"3382",0.0442727272727273,0.0557575757575758,0.464848484848485,0.54889898989899,0.54889898989899
"3383",0.116414141414141,0.208838383838384,0.462767676767677,0.462767676767677,NA
"3384",0.092020202020202,0.190666666666667,0.419414141414141,0.571606060606061,0.571606060606061
"3385",0.0902626262626263,0.0902626262626263,0.469878787878788,0.469878787878788,0.470454545454546
"3386",0.155161616161616,0.155161616161616,0.272353535353535,0.483171717171717,0.484121212121212
"3387",0.0873131313131313,0.0873131313131313,0.425171717171717,0.425171717171717,0.425171717171717
"3388",0.19459595959596,0.207333333333333,0.289535353535354,0.30430303030303,0.327979797979798
"3389",0.182030303030303,0.182030303030303,0.404181818181818,0.40440404040404,0.40440404040404
"3390",0.0742929292929293,0.10479797979798,0.328242424242424,0.332575757575758,0.332575757575758
"3391",0.115171717171717,0.14489898989899,0.325292929292929,0.325292929292929,0.50930303030303
"3392",0.0673434343434343,0.230030303030303,0.278757575757576,0.278757575757576,0.50110101010101
"3393",0.0996666666666667,0.0996666666666667,0.410343434343434,0.410343434343434,0.410343434343434
"3394",0.0644646464646465,0.146424242424242,0.402535353535354,0.497555555555556,0.497555555555556
"3395",0.0414040404040404,0.165747474747475,0.268131313131313,0.393323232323232,0.393323232323232
"3396",0.0238282828282828,0.0807272727272727,0.662707070707071,NA,NA
"3397",0.0530606060606061,0.0530606060606061,0.359232323232323,0.409111111111111,0.409111111111111
"3398",0.0583939393939394,0.192333333333333,0.432666666666667,0.43269696969697,0.432787878787879
"3399",0.101,0.101,0.403020202020202,0.403020202020202,0.403020202020202
"3400",0.042979797979798,0.042979797979798,0.496383838383838,0.496383838383838,0.496383838383838
"3401",0.045,0.0484141414141414,0.482474747474748,0.482474747474748,0.510858585858586
"3402",0.0418181818181818,0.224171717171717,0.400171717171717,0.400171717171717,0.400525252525253
"3403",0.142727272727273,0.142727272727273,0.418242424242424,0.418242424242424,0.418242424242424
"3404",0.0581414141414141,0.0581414141414141,0.51040404040404,0.624979797979798,0.624979797979798
"3405",0.151565656565657,0.170757575757576,0.457141414141414,0.473232323232323,0.473232323232323
"3406",0.139818181818182,0.222555555555556,0.223131313131313,0.223131313131313,0.756818181818182
"3407",0.150525252525253,0.150525252525253,0.423484848484849,0.504151515151515,0.564505050505051
"3408",0.145646464646465,0.23789898989899,0.23789898989899,0.400020202020202,0.510323232323232
"3409",0.0546969696969697,0.129393939393939,0.371121212121212,0.371121212121212,0.504545454545455
"3410",0.0371717171717172,0.051030303030303,0.288121212121212,0.296515151515152,NA
"3411",0.13879797979798,0.13879797979798,0.408454545454546,0.540040404040404,0.550111111111111
"3412",0.0571515151515152,0.0699191919191919,0.45559595959596,0.45559595959596,0.505979797979798
"3413",0.132383838383838,0.260474747474747,0.410090909090909,0.42530303030303,0.42530303030303
"3414",0.0661717171717172,0.0661717171717172,0.51289898989899,0.51289898989899,0.623212121212121
"3415",0.0558888888888889,0.0558888888888889,0.50279797979798,0.524080808080808,0.524080808080808
"3416",0.0417676767676768,0.0771616161616162,0.313212121212121,0.324151515151515,NA
"3417",0.119727272727273,0.119727272727273,0.480191919191919,0.480505050505051,NA
"3418",0.0511010101010101,0.0511010101010101,0.511050505050505,0.511050505050505,0.512959595959596
"3419",0.0730606060606061,0.0730606060606061,0.0806464646464646,0.190888888888889,0.726515151515152
"3420",0.0444040404040404,0.0514040404040404,0.433171717171717,0.433171717171717,0.503969696969697
"3421",0.0648787878787879,0.0648787878787879,0.141828282828283,0.422383838383838,0.422383838383838
"3422",0.0583838383838384,0.0583838383838384,0.417474747474747,0.451959595959596,0.647888888888889
"3423",0.112545454545455,0.112545454545455,0.296292929292929,0.296292929292929,NA
"3424",0.055949494949495,0.055949494949495,0.256111111111111,0.402626262626263,0.402626262626263
"3425",0.0461818181818182,0.186979797979798,0.238868686868687,0.238868686868687,0.276606060606061
"3426",0.0670707070707071,0.0838484848484849,0.521676767676768,0.561979797979798,NA
"3427",0.0658282828282828,0.0658282828282828,0.375373737373737,0.607242424242424,0.625090909090909
"3428",0.0461515151515152,0.196949494949495,0.27420202020202,0.443282828282828,NA
"3429",0.0951515151515152,0.157939393939394,0.354040404040404,0.481888888888889,NA
"3430",0.180272727272727,0.180272727272727,0.432262626262626,0.434363636363636,0.515606060606061
"3431",0.0747373737373737,0.252474747474748,0.308757575757576,0.308757575757576,0.348090909090909
"3432",0.0574242424242424,0.0574242424242424,0.329828282828283,0.535686868686869,0.536222222222222
"3433",0.0688383838383838,0.0688383838383838,0.377888888888889,0.378222222222222,0.666020202020202
"3434",0.0955858585858586,0.236545454545455,0.323333333333333,0.421707070707071,0.421707070707071
"3435",0.152131313131313,0.164484848484849,0.436484848484849,0.436484848484849,0.908656565656566
"3436",0.0844444444444444,0.0844444444444444,0.132414141414141,0.443141414141414,0.467757575757576
"3437",0.128808080808081,0.128808080808081,0.266676767676768,0.266676767676768,0.754181818181818
"3438",0.0783838383838384,0.0783838383838384,0.458464646464647,NA,NA
"3439",0.0695555555555556,0.0695555555555556,0.323555555555556,0.323555555555556,0.323919191919192
"3440",0.123292929292929,0.133242424242424,0.402282828282828,0.402282828282828,0.460343434343434
"3441",0.047979797979798,0.047979797979798,0.504343434343434,0.504555555555556,0.504555555555556
"3442",0.0448989898989899,0.0779090909090909,0.438636363636364,0.438636363636364,NA
"3443",0.0449292929292929,0.077979797979798,0.498626262626263,0.498626262626263,0.498626262626263
"3444",0.0721212121212121,0.0721212121212121,0.308313131313131,0.308383838383838,NA
"3445",0.185464646464646,0.185464646464646,0.418323232323232,0.418323232323232,0.418323232323232
"3446",0.128252525252525,0.230707070707071,0.454252525252525,0.454252525252525,0.567515151515152
"3447",0.101909090909091,0.124070707070707,0.322252525252525,0.322313131313131,0.35359595959596
"3448",0.0470606060606061,0.0552626262626263,0.486161616161616,0.486161616161616,NA
"3449",0.0455959595959596,0.0455959595959596,0.169444444444444,0.502393939393939,0.684464646464647
"3450",0.0873131313131313,0.0873535353535354,0.418434343434343,0.464828282828283,0.464828282828283
"3451",0.14410101010101,0.14410101010101,0.353222222222222,0.406888888888889,0.444777777777778
"3452",0.0566262626262626,0.0852222222222222,0.452505050505051,0.452505050505051,0.72069696969697
"3453",0.0588383838383838,0.115676767676768,0.237232323232323,0.405393939393939,0.405393939393939
"3454",0.113717171717172,0.173131313131313,0.625929292929293,0.64969696969697,0.64969696969697
"3455",0.0904343434343434,0.0904343434343434,0.319181818181818,0.319252525252525,0.404292929292929
"3456",0.0492727272727273,0.226242424242424,0.416393939393939,0.454323232323232,0.454848484848485
"3457",0.0521818181818182,0.0637373737373737,0.365333333333333,0.365333333333333,0.365333333333333
"3458",0.15369696969697,0.170191919191919,0.29910101010101,0.29910101010101,0.56479797979798
"3459",0.0286565656565657,0.122989898989899,0.277787878787879,0.536353535353535,0.53920202020202
"3460",0.105939393939394,0.105939393939394,0.241252525252525,0.599010101010101,0.729828282828283
"3461",0.164343434343434,0.164343434343434,0.597121212121212,0.597121212121212,0.597212121212121
"3462",0.123020202020202,0.123020202020202,0.276626262626263,0.276626262626263,0.546848484848485
"3463",0.143787878787879,0.143787878787879,0.307626262626263,0.473616161616162,0.474515151515152
"3464",0.0916868686868687,0.157353535353535,0.365555555555556,0.365555555555556,0.542292929292929
"3465",0.0958080808080808,0.101959595959596,0.462282828282828,NA,NA
"3466",0.0540606060606061,0.317848484848485,0.339646464646465,0.355757575757576,0.590888888888889
"3467",0.0566464646464647,0.131,0.473969696969697,0.533949494949495,0.533949494949495
"3468",0.0653333333333333,0.229949494949495,0.336010101010101,0.425525252525253,0.474727272727273
"3469",0.124484848484848,0.124484848484848,0.413909090909091,NA,NA
"3470",0.0418686868686869,0.13620202020202,0.376323232323232,0.385676767676768,0.557909090909091
"3471",0.0404747474747475,0.153939393939394,0.423727272727273,NA,NA
"3472",0.115090909090909,0.115090909090909,0.46759595959596,0.46759595959596,0.553424242424242
"3473",0.0507777777777778,0.0551414141414141,0.565090909090909,0.565090909090909,0.565090909090909
"3474",0.126828282828283,0.126828282828283,0.130414141414141,0.389323232323232,0.389323232323232
"3475",0.0765959595959596,0.0765959595959596,0.412060606060606,0.412060606060606,0.412060606060606
"3476",0.0555555555555556,0.0679292929292929,0.255323232323232,0.35140404040404,0.35140404040404
"3477",0.0667474747474747,0.170575757575758,0.325878787878788,0.332272727272727,0.332272727272727
"3478",0.0977676767676768,0.0977676767676768,0.501777777777778,0.50189898989899,0.511777777777778
"3479",0.156717171717172,0.275606060606061,0.641979797979798,0.641979797979798,0.641979797979798
"3480",0.0432727272727273,0.293282828282828,0.319474747474748,0.506777777777778,0.594010101010101
"3481",0.0456060606060606,0.0653131313131313,0.508959595959596,0.508959595959596,0.508959595959596
"3482",0.0574040404040404,0.20649494949495,0.441747474747475,0.441747474747475,0.441747474747475
"3483",0.0622727272727273,0.0622727272727273,0.522575757575758,0.522575757575758,0.623676767676768
"3484",0.121383838383838,0.121383838383838,0.213191919191919,0.218010101010101,0.218010101010101
"3485",0.0446161616161616,0.256282828282828,0.417252525252525,0.417252525252525,0.417252525252525
"3486",0.107555555555556,0.159272727272727,0.384353535353535,0.460737373737374,0.460737373737374
"3487",0.095979797979798,0.095979797979798,0.35410101010101,0.35410101010101,0.35410101010101
"3488",0.100464646464646,0.100464646464646,0.323,0.325252525252525,0.451323232323232
"3489",0.061959595959596,0.061959595959596,0.509151515151515,0.509151515151515,0.509151515151515
"3490",0.138181818181818,0.18410101010101,0.205050505050505,0.205050505050505,0.549757575757576
"3491",0.0466060606060606,0.0881919191919192,0.414222222222222,0.481424242424242,NA
"3492",0.0677777777777778,0.265373737373737,0.306545454545455,0.412313131313131,0.412616161616162
"3493",0.0825656565656566,0.251969696969697,0.501848484848485,0.501848484848485,0.501848484848485
"3494",0.0637777777777778,0.144535353535354,0.440272727272727,0.510848484848485,0.729858585858586
"3495",0.0650909090909091,0.065939393939394,0.38810101010101,0.38810101010101,NA
"3496",0.0564444444444444,0.0564444444444444,0.233828282828283,0.432919191919192,0.432919191919192
"3497",0.0452121212121212,0.215222222222222,0.430252525252525,0.46569696969697,0.570272727272727
"3498",0.0498989898989899,0.0966464646464647,0.260787878787879,0.260787878787879,0.260787878787879
"3499",0.0345656565656566,0.0568484848484849,0.402131313131313,NA,NA
"3500",0.0405757575757576,0.144757575757576,0.191555555555556,0.191555555555556,0.290585858585859
"3501",0.087989898989899,0.0881414141414141,0.349959595959596,0.349959595959596,0.349959595959596
"3502",0.153464646464646,0.153464646464646,0.471717171717172,0.471717171717172,0.510252525252525
"3503",0.0354444444444444,0.0682020202020202,0.410343434343434,0.503484848484849,0.754030303030303
"3504",0.0653737373737374,0.0653737373737374,0.42430303030303,0.42430303030303,NA
"3505",0.059010101010101,0.059010101010101,0.553919191919192,0.553919191919192,NA
"3506",0.054010101010101,0.0747070707070707,0.330868686868687,0.330868686868687,0.505818181818182
"3507",0.124949494949495,0.124949494949495,0.131474747474747,0.295090909090909,0.455525252525253
"3508",0.059040404040404,0.059989898989899,0.39069696969697,0.54269696969697,NA
"3509",0.057010101010101,0.121454545454545,0.34740404040404,0.410525252525253,NA
"3510",0.0905252525252525,0.0906868686868687,0.366020202020202,0.51140404040404,NA
"3511",0.141010101010101,0.183828282828283,0.185171717171717,0.353151515151515,0.353151515151515
"3512",0.0571414141414141,0.0947070707070707,0.358959595959596,0.360363636363636,NA
"3513",0.0606666666666667,0.104313131313131,0.473868686868687,0.473868686868687,0.473868686868687
"3514",0.131050505050505,0.131050505050505,0.484121212121212,0.484121212121212,0.484121212121212
"3515",0.184191919191919,0.184191919191919,0.554282828282828,0.554282828282828,0.554282828282828
"3516",0.0693434343434343,0.0694545454545455,0.435151515151515,0.435151515151515,0.435151515151515
"3517",0.171747474747475,0.171767676767677,0.254030303030303,0.254030303030303,0.435484848484849
"3518",0.0395858585858586,0.0478383838383838,0.155232323232323,0.255080808080808,0.362191919191919
"3519",0.0952121212121212,0.0952121212121212,0.473464646464646,0.568393939393939,0.572565656565657
"3520",0.0544040404040404,0.059959595959596,0.47949494949495,0.47949494949495,0.47949494949495
"3521",0.0409191919191919,0.210505050505051,0.388757575757576,0.421242424242424,0.442181818181818
"3522",0.066,0.066,0.405565656565657,0.422161616161616,0.608636363636364
"3523",0.130151515151515,0.130151515151515,0.441424242424242,0.441424242424242,NA
"3524",0.0910505050505051,0.0910505050505051,0.29179797979798,0.448191919191919,0.448191919191919
"3525",0.0413030303030303,0.103363636363636,0.221555555555556,0.221555555555556,0.581888888888889
"3526",0.0422020202020202,0.0732020202020202,0.425878787878788,0.425878787878788,0.443252525252525
"3527",0.0522121212121212,0.155707070707071,0.379939393939394,0.575040404040404,0.575040404040404
"3528",0.0462626262626263,0.0462626262626263,0.344616161616162,0.400060606060606,NA
"3529",0.0368888888888889,0.0764444444444445,0.342949494949495,0.342949494949495,0.345131313131313
"3530",0.150070707070707,0.150070707070707,0.373434343434343,0.426989898989899,0.426989898989899
"3531",0.14459595959596,0.14459595959596,0.318161616161616,0.350828282828283,0.350828282828283
"3532",0.11679797979798,0.11679797979798,0.463515151515152,0.463515151515152,0.463515151515152
"3533",0.0706161616161616,0.122686868686869,0.363434343434343,0.363434343434343,0.445141414141414
"3534",0.129494949494949,0.129565656565657,0.339858585858586,0.339858585858586,0.383646464646465
"3535",0.0577979797979798,0.176686868686869,0.363232323232323,0.381464646464647,0.381464646464647
"3536",0.130131313131313,0.130131313131313,0.254848484848485,0.477515151515152,0.477515151515152
"3537",0.0739090909090909,0.0740606060606061,0.351,0.351,0.841313131313131
"3538",0.0534444444444444,0.213272727272727,0.286606060606061,0.286606060606061,0.320010101010101
"3539",0.0611818181818182,0.130828282828283,0.256020202020202,0.374545454545455,0.414040404040404
"3540",0.124464646464646,0.124464646464646,0.163212121212121,0.186717171717172,0.186717171717172
"3541",0.0528585858585859,0.150838383838384,0.367939393939394,0.367939393939394,0.367939393939394
"3542",0.116343434343434,0.116343434343434,0.445141414141414,0.445141414141414,0.445141414141414
"3543",0.112010101010101,0.155060606060606,0.354363636363636,0.55379797979798,0.703393939393939
"3544",0.0415757575757576,0.0681515151515152,0.301858585858586,0.37020202020202,0.37020202020202
"3545",0.143959595959596,0.143959595959596,0.334777777777778,0.334777777777778,0.334777777777778
"3546",0.0708181818181818,0.135444444444444,0.268090909090909,0.316484848484849,0.386525252525253
"3547",0.132151515151515,0.199808080808081,0.257969696969697,0.615141414141414,0.61749494949495
"3548",0.101383838383838,0.101464646464646,0.328464646464647,0.328464646464647,0.328464646464647
"3549",0.0564343434343434,0.379818181818182,0.379818181818182,0.379818181818182,0.589424242424243
"3550",0.0566363636363636,0.0566363636363636,0.302161616161616,0.410060606060606,0.43910101010101
"3551",0.0511313131313131,0.0625454545454546,0.562272727272727,0.562272727272727,0.592171717171717
"3552",0.0441616161616162,0.182545454545455,0.182545454545455,0.414979797979798,0.414979797979798
"3553",0.0585454545454546,0.0585454545454546,0.29210101010101,0.442656565656566,NA
"3554",0.0485353535353535,0.0787777777777778,0.254676767676768,0.395686868686869,NA
"3555",0.170212121212121,0.189828282828283,0.237545454545455,0.479232323232323,0.479232323232323
"3556",0.099,0.099010101010101,0.506252525252525,0.597262626262626,0.708010101010101
"3557",0.0474949494949495,0.177838383838384,0.449757575757576,0.449757575757576,0.449808080808081
"3558",0.0696969696969697,0.0696969696969697,0.252393939393939,0.395323232323232,0.451989898989899
"3559",0.105464646464646,0.105464646464646,0.301979797979798,0.30420202020202,0.506848484848485
"3560",0.0777373737373737,0.192919191919192,0.395333333333333,0.395333333333333,0.395333333333333
"3561",0.0724242424242424,0.102929292929293,0.330444444444444,0.330444444444444,0.330444444444444
"3562",0.0543636363636364,0.251818181818182,0.459161616161616,0.594171717171717,NA
"3563",0.0686565656565657,0.257111111111111,0.284868686868687,0.469212121212121,0.469212121212121
"3564",0.0676969696969697,0.169141414141414,0.182545454545455,0.182545454545455,0.286535353535354
"3565",0.102757575757576,0.105626262626263,0.353232323232323,0.458787878787879,0.458848484848485
"3566",0.0382525252525253,0.0458888888888889,0.309484848484849,0.689090909090909,NA
"3567",0.0822727272727273,0.188636363636364,0.188636363636364,0.403676767676768,0.404060606060606
"3568",0.0454545454545455,0.0786161616161616,0.420252525252525,0.420252525252525,0.500565656565657
"3569",0.206383838383838,0.207282828282828,0.353262626262626,0.353262626262626,0.353262626262626
"3570",0.105090909090909,0.105090909090909,0.53959595959596,0.53959595959596,NA
"3571",0.0777373737373737,0.274767676767677,0.29340404040404,0.29340404040404,0.355353535353535
"3572",0.121414141414141,0.199030303030303,0.41510101010101,0.41510101010101,NA
"3573",0.0836565656565657,0.0836565656565657,0.0836565656565657,0.299010101010101,0.456878787878788
"3574",0.133080808080808,0.175646464646465,0.40740404040404,0.407606060606061,0.407606060606061
"3575",0.0787575757575758,0.142606060606061,0.493818181818182,0.493818181818182,0.493818181818182
"3576",0.0523333333333333,0.0523333333333333,0.323080808080808,0.342858585858586,0.353151515151515
"3577",0.0563232323232323,0.0894343434343434,0.306707070707071,0.430727272727273,0.457777777777778
"3578",0.074989898989899,0.074989898989899,0.606777777777778,0.606777777777778,0.606777777777778
"3579",0.161414141414141,0.270030303030303,0.435040404040404,0.44579797979798,0.83840404040404
"3580",0.0573636363636364,0.062979797979798,0.542939393939394,0.542939393939394,0.542939393939394
"3581",0.0596363636363636,0.210838383838384,0.495949494949495,0.506707070707071,0.612808080808081
"3582",0.0453434343434343,0.0486565656565657,0.156666666666667,0.503686868686869,0.559252525252525
"3583",0.0761212121212121,0.0764444444444445,0.385969696969697,0.385969696969697,0.385969696969697
"3584",0.0930808080808081,0.0931515151515152,0.341686868686869,0.341828282828283,0.391626262626263
"3585",0.0598686868686869,0.0667373737373737,0.502363636363636,0.502363636363636,0.502363636363636
"3586",0.0624545454545455,0.0624545454545455,0.379929292929293,0.399232323232323,0.399232323232323
"3587",0.0572727272727273,0.0572727272727273,0.213212121212121,0.37859595959596,0.37859595959596
"3588",0.082949494949495,0.082949494949495,0.324333333333333,0.409626262626263,0.409636363636364
"3589",0.0364444444444444,0.0564747474747475,0.375222222222222,0.378070707070707,0.445151515151515
"3590",0.0959090909090909,0.0959090909090909,0.284444444444444,0.335484848484848,0.335777777777778
"3591",0.0456565656565657,0.0456565656565657,0.358949494949495,0.358949494949495,0.358949494949495
"3592",0.0893535353535354,0.091979797979798,0.348737373737374,0.348737373737374,0.501656565656566
"3593",0.047020202020202,0.0761717171717172,0.435414141414141,0.573181818181818,0.573181818181818
"3594",0.0960404040404041,0.0960404040404041,0.387222222222222,0.423636363636364,0.700141414141414
"3595",0.046979797979798,0.046979797979798,0.312393939393939,0.312393939393939,0.327585858585859
"3596",0.0583939393939394,0.0583939393939394,0.424717171717172,0.424717171717172,0.756828282828283
"3597",0.0538888888888889,0.229191919191919,0.41520202020202,0.41520202020202,0.44389898989899
"3598",0.0797777777777778,0.222232323232323,0.258272727272727,0.583676767676768,0.728464646464646
"3599",0.0757070707070707,0.0757070707070707,0.367505050505051,0.636545454545455,NA
"3600",0.054969696969697,0.054969696969697,0.410292929292929,0.410292929292929,0.410292929292929
"3601",0.0568383838383838,0.0568383838383838,0.280686868686869,0.482969696969697,0.482969696969697
"3602",0.077959595959596,0.155858585858586,0.41140404040404,0.517747474747475,0.517747474747475
"3603",0.0825454545454545,0.0825454545454545,0.366414141414141,0.499020202020202,0.748828282828283
"3604",0.0634545454545455,0.101707070707071,0.458333333333333,0.727050505050505,0.727050505050505
"3605",0.0613434343434343,0.232050505050505,0.377565656565657,0.377828282828283,0.504959595959596
"3606",0.0587474747474747,0.11589898989899,0.378585858585859,0.378585858585859,0.378585858585859
"3607",0.247979797979798,0.247979797979798,0.508222222222222,0.508222222222222,0.539424242424242
"3608",0.0564848484848485,0.163030303030303,0.472636363636364,0.472636363636364,0.472717171717172
"3609",0.0537070707070707,0.0591212121212121,0.457717171717172,0.457717171717172,0.457717171717172
"3610",0.172929292929293,0.199272727272727,0.491676767676768,0.492828282828283,0.492828282828283
"3611",0.0402121212121212,0.062979797979798,0.258808080808081,0.455909090909091,0.455909090909091
"3612",0.10669696969697,0.258111111111111,0.307888888888889,0.466838383838384,0.593393939393939
"3613",0.091969696969697,0.091969696969697,0.280949494949495,0.280949494949495,0.280949494949495
"3614",0.0487676767676768,0.126181818181818,0.282060606060606,0.391565656565657,NA
"3615",0.0631010101010101,0.144474747474747,0.510454545454545,0.645565656565657,0.645949494949495
"3616",0.101363636363636,0.101363636363636,0.48189898989899,0.48189898989899,0.48189898989899
"3617",0.0809292929292929,0.0809292929292929,0.305868686868687,0.305868686868687,0.305868686868687
"3618",0.142333333333333,0.142333333333333,0.486858585858586,0.500535353535354,NA
"3619",0.0919090909090909,0.0919090909090909,0.219292929292929,0.219292929292929,0.383666666666667
"3620",0.092959595959596,0.092959595959596,0.480323232323232,0.480323232323232,0.572151515151515
"3621",0.155,0.159131313131313,0.322343434343434,0.470393939393939,NA
"3622",0.0606767676767677,0.15230303030303,0.495929292929293,0.501818181818182,0.501818181818182
"3623",0.188545454545455,0.188545454545455,0.45159595959596,0.45159595959596,0.496767676767677
"3624",0.0477171717171717,0.0614949494949495,0.414636363636364,0.414636363636364,0.419818181818182
"3625",0.128282828282828,0.182010101010101,0.272464646464646,0.510828282828283,0.510828282828283
"3626",0.0928080808080808,0.171323232323232,0.251888888888889,0.259525252525253,0.508121212121212
"3627",0.135121212121212,0.135121212121212,0.362111111111111,0.362111111111111,0.362111111111111
"3628",0.0595050505050505,0.126212121212121,0.414767676767677,0.414767676767677,0.532929292929293
"3629",0.0520505050505051,0.0520505050505051,0.523949494949495,0.523949494949495,0.549080808080808
"3630",0.0401717171717172,0.161272727272727,0.227474747474747,0.344252525252525,0.350212121212121
"3631",0.0350909090909091,0.374050505050505,0.374050505050505,0.377585858585859,0.384242424242424
"3632",0.0493333333333333,0.223565656565657,0.300616161616162,0.506818181818182,0.511484848484849
"3633",0.0582323232323232,0.0582323232323232,0.460868686868687,0.460868686868687,0.460868686868687
"3634",0.117282828282828,0.117282828282828,0.496151515151515,0.49689898989899,0.49689898989899
"3635",0.0447777777777778,0.0578080808080808,0.447272727272727,0.458111111111111,0.722030303030303
"3636",0.0493535353535354,0.176767676767677,0.367969696969697,0.367969696969697,0.367969696969697
"3637",0.0901818181818182,0.0904848484848485,0.498616161616162,0.498858585858586,0.498858585858586
"3638",0.109878787878788,0.109878787878788,0.259515151515152,0.259515151515152,0.259515151515152
"3639",0.0605454545454545,0.170212121212121,0.310707070707071,0.310727272727273,0.311676767676768
"3640",0.172121212121212,0.172121212121212,0.391737373737374,0.391777777777778,0.448363636363636
"3641",0.170626262626263,0.170626262626263,0.383171717171717,0.386050505050505,0.386050505050505
"3642",0.0523434343434343,0.0695353535353535,0.414686868686869,0.414686868686869,0.414686868686869
"3643",0.164383838383838,0.164383838383838,0.259343434343434,0.418888888888889,0.509505050505051
"3644",0.0778282828282828,0.0778282828282828,0.305676767676768,0.435959595959596,0.435959595959596
"3645",0.124878787878788,0.124878787878788,0.37330303030303,0.37330303030303,0.37330303030303
"3646",0.0973030303030303,0.0973030303030303,0.248505050505051,0.25030303030303,0.25030303030303
"3647",0.122373737373737,0.122373737373737,0.34049494949495,0.34049494949495,0.443040404040404
"3648",0.0915050505050505,0.0915050505050505,0.421545454545455,0.421545454545455,0.421666666666667
"3649",0.036030303030303,0.126434343434343,0.364666666666667,0.610282828282828,NA
"3650",0.0695050505050505,0.0695050505050505,0.358272727272727,0.358323232323232,0.358323232323232
"3651",0.284535353535354,0.284545454545455,0.344353535353535,0.344353535353535,0.454373737373737
"3652",0.103707070707071,0.103727272727273,0.600060606060606,0.600060606060606,NA
"3653",0.056949494949495,0.056949494949495,0.315363636363636,0.315363636363636,0.393191919191919
"3654",0.0537474747474748,0.0537474747474748,0.320313131313131,0.453636363636364,0.453636363636364
"3655",0.0468181818181818,0.218161616161616,0.218161616161616,0.218161616161616,0.461333333333333
"3656",0.0437777777777778,0.196474747474747,0.345111111111111,0.34549494949495,NA
"3657",0.0549292929292929,0.104050505050505,0.435767676767677,0.453444444444444,NA
"3658",0.0464242424242424,0.153191919191919,0.248707070707071,0.248707070707071,0.29469696969697
"3659",0.18079797979798,0.300191919191919,0.35820202020202,0.35820202020202,0.381262626262626
"3660",0.0464545454545455,0.248767676767677,0.248767676767677,0.502383838383838,0.651464646464647
"3661",0.0456161616161616,0.453212121212121,0.453282828282828,0.453282828282828,0.703373737373737
"3662",0.0522323232323232,0.247949494949495,0.351727272727273,0.351727272727273,0.593424242424243
"3663",0.0817070707070707,0.0817070707070707,0.48579797979798,0.49420202020202,0.49420202020202
"3664",0.0456565656565657,0.0456565656565657,0.483767676767677,0.483767676767677,0.483767676767677
"3665",0.0433636363636364,0.0639090909090909,0.414080808080808,0.414080808080808,0.561828282828283
"3666",0.116818181818182,0.116818181818182,0.557040404040404,NA,NA
"3667",0.118040404040404,0.209666666666667,0.36969696969697,0.36969696969697,NA
"3668",0.0561919191919192,0.0686262626262626,0.434979797979798,0.434989898989899,0.46269696969697
"3669",0.0577575757575758,0.157484848484849,0.557080808080808,0.649181818181818,0.649181818181818
"3670",0.0825757575757576,0.0825757575757576,0.330848484848485,0.330848484848485,NA
"3671",0.0587878787878788,0.0587878787878788,0.30149494949495,0.30220202020202,0.732242424242424
"3672",0.11940404040404,0.293565656565657,0.317070707070707,0.424,0.504979797979798
"3673",0.119666666666667,0.154111111111111,0.337757575757576,0.337757575757576,0.337757575757576
"3674",0.0466060606060606,0.190313131313131,0.45249494949495,0.45249494949495,0.452949494949495
"3675",0.0444343434343434,0.0476161616161616,0.289212121212121,0.440080808080808,NA
"3676",0.0456262626262626,0.0738383838383838,0.386787878787879,0.408040404040404,0.457353535353535
"3677",0.124656565656566,0.160535353535354,0.210707070707071,0.210707070707071,0.210707070707071
"3678",0.0482727272727273,0.0482727272727273,0.370979797979798,0.443959595959596,NA
"3679",0.162505050505051,0.162505050505051,0.176656565656566,0.176656565656566,0.176656565656566
"3680",0.18030303030303,0.18030303030303,0.46879797979798,0.46879797979798,0.471929292929293
"3681",0.0593636363636364,0.0727878787878788,0.435656565656566,0.436434343434343,0.436434343434343
"3682",0.132212121212121,0.132212121212121,0.303626262626263,0.303626262626263,0.306474747474748
"3683",0.0901818181818182,0.0902323232323232,0.30089898989899,0.30089898989899,0.30089898989899
"3684",0.146070707070707,0.146070707070707,0.496464646464646,0.510777777777778,0.510777777777778
"3685",0.0371313131313131,0.112707070707071,0.478767676767677,0.478767676767677,0.478767676767677
"3686",0.0464646464646465,0.251606060606061,0.371848484848485,0.371848484848485,0.371848484848485
"3687",0.0521717171717172,0.0521717171717172,0.351828282828283,0.487191919191919,0.487191919191919
"3688",0.144080808080808,0.144080808080808,0.178717171717172,0.178717171717172,0.54849494949495
"3689",0.0903636363636364,0.0906464646464647,0.476979797979798,0.476979797979798,0.476979797979798
"3690",0.155151515151515,0.15759595959596,0.579919191919192,0.579919191919192,0.579919191919192
"3691",0.171969696969697,0.171969696969697,0.278171717171717,0.278171717171717,0.278171717171717
"3692",0.0556363636363636,0.0556363636363636,0.336484848484848,0.336484848484848,0.336676767676768
"3693",0.0447474747474748,0.120060606060606,0.378484848484849,0.431090909090909,NA
"3694",0.156424242424242,0.156424242424242,0.176171717171717,0.335565656565657,0.335565656565657
"3695",0.122232323232323,0.122232323232323,0.148848484848485,0.401525252525253,0.401525252525253
"3696",0.0905151515151515,0.144181818181818,0.550585858585859,0.556010101010101,0.556090909090909
"3697",0.0436161616161616,0.153010101010101,0.348626262626263,0.501909090909091,0.613030303030303
"3698",0.0633838383838384,0.332313131313131,0.333606060606061,0.601464646464646,0.601464646464646
"3699",0.0644343434343434,0.157414141414141,0.434828282828283,0.434828282828283,0.434828282828283
"3700",0.0524646464646465,0.0787070707070707,0.270787878787879,0.270787878787879,0.505151515151515
"3701",0.0787777777777778,0.131949494949495,0.298939393939394,0.430141414141414,0.557252525252525
"3702",0.0978989898989899,0.0985151515151515,0.140030303030303,0.193050505050505,0.193050505050505
"3703",0.156131313131313,0.156131313131313,0.466222222222222,0.466222222222222,0.469585858585859
"3704",0.0486262626262626,0.0696464646464647,0.142676767676768,0.404959595959596,0.404959595959596
"3705",0.167979797979798,0.167979797979798,0.219282828282828,0.219282828282828,0.346919191919192
"3706",0.0354141414141414,0.0773838383838384,0.365121212121212,0.365121212121212,NA
"3707",0.0587070707070707,0.159232323232323,0.376535353535354,0.462808080808081,0.537717171717172
"3708",0.056030303030303,0.0615656565656566,0.393,0.397656565656566,0.397656565656566
"3709",0.0592323232323232,0.0744848484848485,0.360191919191919,0.360191919191919,0.360212121212121
"3710",0.187767676767677,0.228050505050505,0.558353535353535,0.580333333333333,0.580333333333333
"3711",0.0648585858585859,0.125848484848485,0.344868686868687,0.344868686868687,0.49689898989899
"3712",0.215111111111111,0.215111111111111,0.409717171717172,0.40979797979798,0.40979797979798
"3713",0.0568989898989899,0.236535353535354,0.236535353535354,0.489565656565657,0.489565656565657
"3714",0.0528686868686869,0.0528686868686869,0.298444444444444,0.433616161616162,0.433616161616162
"3715",0.0482525252525253,0.0482525252525253,0.270515151515152,0.270515151515152,0.646020202020202
"3716",0.0623636363636364,0.0623636363636364,0.420888888888889,0.420888888888889,0.420888888888889
"3717",0.041040404040404,0.196373737373737,0.420111111111111,0.420646464646465,0.647282828282828
"3718",0.152040404040404,0.152040404040404,0.542252525252525,0.542252525252525,0.542252525252525
"3719",0.0945757575757576,0.0957878787878788,0.319535353535354,0.382666666666667,0.508030303030303
"3720",0.186020202020202,0.186020202020202,0.351050505050505,0.351050505050505,0.351050505050505
"3721",0.116585858585859,0.169858585858586,0.169858585858586,0.28920202020202,0.448878787878788
"3722",0.0461616161616162,0.153414141414141,0.405161616161616,0.405161616161616,0.452535353535354
"3723",0.0963838383838384,0.137434343434343,0.248424242424242,0.558979797979798,0.558979797979798
"3724",0.128878787878788,0.128878787878788,0.39230303030303,0.532727272727273,0.532727272727273
"3725",0.233050505050505,0.233050505050505,0.472747474747475,0.472747474747475,0.878626262626263
"3726",0.0721616161616162,0.0721616161616162,0.136939393939394,0.475060606060606,0.475060606060606
"3727",0.136232323232323,0.200929292929293,0.342616161616162,0.342616161616162,0.401969696969697
"3728",0.103282828282828,0.103282828282828,0.237515151515152,0.353565656565657,0.544979797979798
"3729",0.0901313131313131,0.0901313131313131,0.438434343434343,0.439232323232323,NA
"3730",0.111545454545455,0.111585858585859,0.43630303030303,0.43630303030303,0.437454545454545
"3731",0.129515151515152,0.129515151515152,0.32659595959596,0.334070707070707,0.595656565656566
"3732",0.0440707070707071,0.0440707070707071,0.381111111111111,0.381111111111111,NA
"3733",0.0585151515151515,0.126191919191919,0.291393939393939,0.546989898989899,0.546989898989899
"3734",0.0540505050505051,0.065989898989899,0.44879797979798,0.44879797979798,0.50030303030303
"3735",0.0355050505050505,0.0737878787878788,0.253292929292929,0.253292929292929,0.757959595959596
"3736",0.0538484848484849,0.383424242424242,0.41449494949495,0.41449494949495,0.41449494949495
"3737",0.106525252525253,0.131868686868687,0.535191919191919,0.535191919191919,0.57220202020202
"3738",0.0841010101010101,0.0841010101010101,0.0864747474747475,0.360929292929293,0.690484848484849
"3739",0.0475454545454546,0.0557979797979798,0.37489898989899,0.37489898989899,0.37489898989899
"3740",0.0566666666666667,0.0566666666666667,0.33210101010101,0.33889898989899,0.462606060606061
"3741",0.0673737373737374,0.0673737373737374,0.406070707070707,0.408979797979798,0.408989898989899
"3742",0.0614646464646465,0.0614646464646465,0.244141414141414,0.244141414141414,0.506212121212121
"3743",0.0996161616161616,0.257676767676768,0.308525252525253,0.308525252525253,0.51459595959596
"3744",0.156181818181818,0.156181818181818,0.439161616161616,0.439161616161616,0.573222222222222
"3745",0.0424343434343434,0.0568383838383838,0.323929292929293,0.440939393939394,0.440939393939394
"3746",0.0872323232323232,0.0873535353535354,0.0873535353535354,0.465040404040404,0.465040404040404
"3747",0.110313131313131,0.189454545454545,0.189454545454545,0.189454545454545,0.502020202020202
"3748",0.177070707070707,0.177070707070707,0.337808080808081,0.337808080808081,0.337808080808081
"3749",0.0595858585858586,0.211181818181818,0.272414141414141,0.510333333333333,0.510343434343434
"3750",0.155484848484849,0.172161616161616,0.216151515151515,0.216151515151515,0.305979797979798
"3751",0.107828282828283,0.107828282828283,0.450313131313131,0.450484848484849,0.45049494949495
"3752",0.0381313131313131,0.147111111111111,0.291414141414141,0.291414141414141,0.291878787878788
"3753",0.0957979797979798,0.0957979797979798,0.331232323232323,0.363121212121212,0.363121212121212
"3754",0.0545151515151515,0.0545151515151515,0.443464646464647,0.443464646464647,0.443464646464647
"3755",0.145141414141414,0.145141414141414,0.328353535353535,0.328353535353535,0.432020202020202
"3756",0.0783333333333333,0.0783333333333333,0.30720202020202,0.307212121212121,0.414333333333333
"3757",0.185525252525253,0.185525252525253,0.396242424242424,0.396242424242424,0.396242424242424
"3758",0.0556666666666667,0.189,0.197606060606061,0.319282828282828,0.685626262626263
"3759",0.0942020202020202,0.0942020202020202,0.311424242424242,0.311424242424242,0.555212121212121
"3760",0.0525050505050505,0.347030303030303,0.349787878787879,0.349787878787879,0.557555555555556
"3761",0.116050505050505,0.116050505050505,0.60030303030303,0.60030303030303,NA
"3762",0.0822424242424243,0.159181818181818,0.301292929292929,0.416919191919192,0.418181818181818
"3763",0.0588282828282828,0.0588282828282828,0.118171717171717,0.512515151515152,0.512515151515152
"3764",0.0449393939393939,0.171969696969697,0.400030303030303,0.400030303030303,0.646525252525253
"3765",0.0478686868686869,0.182252525252525,0.367272727272727,0.57620202020202,NA
"3766",0.119484848484848,0.119484848484848,0.246444444444444,0.278181818181818,0.503393939393939
"3767",0.131434343434343,0.131434343434343,0.448656565656566,0.449050505050505,0.449050505050505
"3768",0.0353333333333333,0.0681111111111111,0.397565656565657,0.573646464646465,NA
"3769",0.0544343434343434,0.0544343434343434,0.236171717171717,0.509676767676768,0.509676767676768
"3770",0.0461111111111111,0.104040404040404,0.392757575757576,0.392777777777778,0.392777777777778
"3771",0.118505050505051,0.118505050505051,0.297090909090909,0.297090909090909,NA
"3772",0.0795656565656566,0.0795656565656566,0.420707070707071,NA,NA
"3773",0.039,0.353818181818182,0.392575757575758,0.392575757575758,0.503232323232323
"3774",0.0551414141414141,0.147686868686869,0.429989898989899,0.429989898989899,0.429989898989899
"3775",0.0552525252525253,0.0676666666666667,0.286747474747475,0.443353535353535,0.656151515151515
"3776",0.20049494949495,0.20049494949495,0.252757575757576,0.503343434343434,0.614252525252525
"3777",0.0521414141414141,0.194474747474747,0.382070707070707,0.460616161616162,0.51520202020202
"3778",0.0458888888888889,0.0706262626262626,0.459353535353535,0.525242424242424,0.525242424242424
"3779",0.0403535353535354,0.138858585858586,0.430717171717172,0.431181818181818,0.431181818181818
"3780",0.185181818181818,0.185181818181818,0.308606060606061,0.308606060606061,NA
"3781",0.128787878787879,0.12889898989899,0.384272727272727,0.384272727272727,NA
"3782",0.0720707070707071,0.259060606060606,0.417131313131313,0.417141414141414,0.417141414141414
"3783",0.0527676767676768,0.151747474747475,0.153434343434343,0.153474747474747,0.159060606060606
"3784",0.0532323232323232,0.173636363636364,0.213838383838384,0.230777777777778,NA
"3785",0.0906565656565657,0.0906565656565657,0.331929292929293,0.331929292929293,NA
"3786",0.0806464646464646,0.133212121212121,0.200454545454545,0.324151515151515,0.399141414141414
"3787",0.0553535353535354,0.156767676767677,0.199575757575758,0.560050505050505,0.586868686868687
"3788",0.0605252525252525,0.0605252525252525,0.498474747474748,0.511222222222222,0.511222222222222
"3789",0.117313131313131,0.263040404040404,0.291444444444444,0.331666666666667,0.463969696969697
"3790",0.0673030303030303,0.0673030303030303,0.447484848484849,0.447838383838384,0.447838383838384
"3791",0.0858989898989899,0.152525252525253,0.533575757575758,0.533575757575758,0.596717171717172
"3792",0.0612828282828283,0.326757575757576,0.461070707070707,0.650606060606061,0.650606060606061
"3793",0.0864747474747475,0.0864747474747475,0.26969696969697,0.349545454545455,0.536343434343434
"3794",0.0549393939393939,0.171484848484848,0.329040404040404,0.329040404040404,0.365949494949495
"3795",0.101838383838384,0.101838383838384,0.12369696969697,0.483181818181818,NA
"3796",0.0883636363636364,0.0883636363636364,0.430151515151515,0.646838383838384,0.646838383838384
"3797",0.0484040404040404,0.199191919191919,0.285292929292929,0.285292929292929,0.598343434343434
"3798",0.117868686868687,0.117868686868687,0.321535353535354,0.321535353535354,0.502626262626263
"3799",0.0878484848484849,0.0878787878787879,0.292282828282828,0.292282828282828,0.366121212121212
"3800",0.0568080808080808,0.0568080808080808,0.354585858585859,0.499565656565657,0.509585858585859
"3801",0.105444444444444,0.105444444444444,0.466989898989899,0.466989898989899,0.466989898989899
"3802",0.0611313131313131,0.12979797979798,0.30710101010101,0.308,0.506444444444444
"3803",0.141727272727273,0.141727272727273,0.531808080808081,0.531808080808081,0.535767676767677
"3804",NA,NA,NA,NA,NA
"3805",0.0906666666666667,0.0934040404040404,0.222606060606061,0.222606060606061,0.442646464646465
"3806",0.0704747474747475,0.0704747474747475,0.336282828282828,0.336282828282828,0.392656565656566
"3807",0.0422121212121212,0.0458686868686869,0.0458686868686869,0.556444444444445,NA
"3808",0.108232323232323,0.108232323232323,0.476808080808081,0.476808080808081,0.476808080808081
"3809",0.0686767676767677,0.0686767676767677,0.304535353535354,0.304535353535354,0.307020202020202
"3810",0.133262626262626,0.133262626262626,0.302,0.302,0.680686868686869
"3811",0.0573737373737374,0.175575757575758,0.385848484848485,0.385848484848485,0.385848484848485
"3812",0.0705151515151515,0.0705151515151515,0.323767676767677,0.352747474747475,0.502010101010101
"3813",0.0443333333333333,0.0612020202020202,0.249888888888889,0.249888888888889,0.249888888888889
"3814",0.0973535353535354,0.0992424242424243,0.276969696969697,0.382454545454545,0.755909090909091
"3815",0.0744242424242424,0.151878787878788,0.430020202020202,0.430020202020202,0.430020202020202
"3816",0.0585858585858586,0.116828282828283,0.318959595959596,0.318959595959596,NA
"3817",0.0782525252525253,0.214585858585859,0.448777777777778,0.453252525252525,0.463191919191919
"3818",0.0580505050505051,0.0580505050505051,0.272888888888889,0.272888888888889,0.272888888888889
"3819",0.0887474747474748,0.155262626262626,0.275161616161616,0.275161616161616,0.275161616161616
"3820",0.11940404040404,0.11940404040404,0.456909090909091,0.456909090909091,0.630555555555556
"3821",0.0995757575757576,0.0995757575757576,0.380959595959596,0.380959595959596,0.387787878787879
"3822",0.093,0.093,0.212505050505051,0.42079797979798,0.421353535353535
"3823",0.046040404040404,0.0636969696969697,0.410646464646465,0.410646464646465,0.410646464646465
"3824",0.0585959595959596,0.0585959595959596,0.257212121212121,0.554393939393939,0.554393939393939
"3825",0.151090909090909,0.193535353535354,0.346656565656566,0.407141414141414,0.407141414141414
"3826",0.0493737373737374,0.0493737373737374,0.251272727272727,0.490141414141414,0.49049494949495
"3827",0.0738888888888889,0.137828282828283,0.409333333333333,0.449040404040404,0.459707070707071
"3828",0.125838383838384,0.125838383838384,0.358727272727273,0.583858585858586,0.601262626262626
"3829",0.0551919191919192,0.0606565656565657,0.252818181818182,0.456727272727273,0.456727272727273
"3830",0.0640909090909091,0.0640909090909091,0.387040404040404,0.387040404040404,0.389363636363636
"3831",0.133676767676768,0.133676767676768,0.321252525252525,0.373262626262626,0.373585858585859
"3832",0.115212121212121,0.116050505050505,0.324242424242424,0.449707070707071,0.449838383838384
"3833",0.0359191919191919,0.146909090909091,0.396292929292929,0.396292929292929,NA
"3834",0.0606868686868687,0.0606868686868687,0.326808080808081,0.466808080808081,0.50940404040404
"3835",0.183080808080808,0.190737373737374,0.415131313131313,0.438474747474748,0.438474747474748
"3836",0.0711010101010101,0.197343434343434,0.287969696969697,0.609565656565657,0.625464646464647
"3837",0.107535353535354,0.123171717171717,0.192838383838384,0.192838383838384,0.524454545454546
"3838",0.0580808080808081,0.0580808080808081,0.407838383838384,0.407838383838384,0.407838383838384
"3839",0.0931212121212121,0.158424242424242,0.382777777777778,0.406646464646465,0.406646464646465
"3840",0.0566363636363636,0.200676767676768,0.419373737373737,0.422070707070707,NA
"3841",0.0562121212121212,0.057040404040404,0.446858585858586,0.451222222222222,NA
"3842",0.0607575757575758,0.120080808080808,0.322959595959596,0.339656565656566,0.339656565656566
"3843",0.0560505050505051,0.0560505050505051,0.442909090909091,0.446515151515152,0.454292929292929
"3844",0.044030303030303,0.087010101010101,0.282757575757576,0.283434343434343,NA
"3845",0.0486868686868687,0.0486868686868687,0.42469696969697,0.424707070707071,0.424707070707071
"3846",0.160252525252525,0.160252525252525,0.406525252525253,0.409525252525253,0.497444444444444
"3847",0.138393939393939,0.266333333333333,0.273464646464646,0.273464646464646,0.410636363636364
"3848",0.0468686868686869,0.0468686868686869,0.243959595959596,0.243959595959596,NA
"3849",0.117565656565657,0.124585858585859,0.215636363636364,0.50740404040404,0.598767676767677
"3850",0.0911818181818182,0.0913838383838384,0.258454545454545,0.258454545454545,NA
"3851",0.0481212121212121,0.068989898989899,0.435747474747475,0.436737373737374,0.619141414141414
"3852",0.0482222222222222,0.0482222222222222,0.282888888888889,0.404474747474747,0.404474747474747
"3853",0.0794444444444445,0.0794444444444445,0.258525252525253,0.25859595959596,NA
"3854",0.0564747474747475,0.178181818181818,0.299535353535354,0.299535353535354,0.457131313131313
"3855",0.0623737373737374,0.215292929292929,0.387979797979798,0.430686868686869,0.430767676767677
"3856",0.078989898989899,0.194070707070707,0.242060606060606,0.242060606060606,0.658333333333333
"3857",0.0520606060606061,0.0520606060606061,0.533717171717172,0.533717171717172,0.533717171717172
"3858",0.0727070707070707,0.0727070707070707,0.407616161616162,0.499767676767677,0.62510101010101
"3859",0.106676767676768,0.106676767676768,0.369333333333333,0.617030303030303,0.617030303030303
"3860",0.0607777777777778,0.0607777777777778,0.441717171717172,0.441727272727273,0.441727272727273
"3861",0.0405252525252525,0.0405252525252525,0.289444444444444,0.715050505050505,NA
"3862",0.0444444444444444,0.194888888888889,0.445747474747475,0.486636363636364,0.489060606060606
"3863",0.113616161616162,0.25759595959596,0.357363636363636,0.358242424242424,0.845979797979798
"3864",0.0535858585858586,0.194292929292929,0.367888888888889,0.367888888888889,0.367888888888889
"3865",0.0738181818181818,0.349373737373737,0.349373737373737,0.456505050505051,0.456505050505051
"3866",0.0809090909090909,0.080989898989899,0.327414141414141,0.332868686868687,0.502818181818182
"3867",0.0511111111111111,0.0511111111111111,0.305252525252525,0.305252525252525,0.684969696969697
"3868",0.131222222222222,0.194040404040404,0.234323232323232,0.234323232323232,0.382909090909091
"3869",0.057979797979798,0.115979797979798,0.375414141414141,0.375414141414141,0.375414141414141
"3870",0.0876262626262626,0.0876969696969697,0.531737373737374,0.532323232323232,0.560545454545455
"3871",0.0916161616161616,0.0916161616161616,0.382414141414141,0.382414141414141,0.382414141414141
"3872",0.0477474747474748,0.153969696969697,0.191020202020202,0.324323232323232,0.656060606060606
"3873",0.0451515151515152,0.121030303030303,0.411393939393939,0.421010101010101,0.421010101010101
"3874",0.0855151515151515,0.0855151515151515,0.44979797979798,0.44979797979798,NA
"3875",0.0921313131313131,0.0921515151515152,0.435808080808081,0.437787878787879,0.437787878787879
"3876",0.094040404040404,0.094040404040404,0.383090909090909,0.383090909090909,0.383090909090909
"3877",0.0484141414141414,0.0484141414141414,0.404121212121212,0.404121212121212,0.652060606060606
"3878",0.055959595959596,0.0772323232323232,0.393040404040404,0.552121212121212,0.552121212121212
"3879",0.0591111111111111,0.176878787878788,0.328282828282828,0.407171717171717,0.407171717171717
"3880",0.0767272727272727,0.129525252525253,0.426545454545455,0.426545454545455,0.702373737373737
"3881",0.057030303030303,0.0787979797979798,0.353090909090909,0.378414141414141,0.378414141414141
"3882",0.0564949494949495,0.173535353535354,0.414545454545455,0.441545454545455,NA
"3883",0.051959595959596,0.051959595959596,0.379757575757576,0.620585858585859,0.620656565656566
"3884",0.0480707070707071,0.051979797979798,0.174474747474747,0.237606060606061,NA
"3885",0.127525252525253,0.127525252525253,0.354040404040404,0.354040404040404,0.354040404040404
"3886",0.157111111111111,0.157111111111111,0.183686868686869,0.574222222222222,NA
"3887",0.0703737373737374,0.0703737373737374,0.0703737373737374,0.478575757575758,0.478575757575758
"3888",0.169434343434343,0.211424242424242,0.284,0.284,0.284
"3889",0.067979797979798,0.067979797979798,0.417939393939394,0.417939393939394,0.417939393939394
"3890",0.0685252525252525,0.257727272727273,0.570343434343434,NA,NA
"3891",0.0833434343434343,0.0833434343434343,0.363121212121212,0.363121212121212,0.363656565656566
"3892",0.114858585858586,0.144707070707071,0.440515151515152,0.440515151515152,0.440515151515152
"3893",0.0703333333333333,0.0703838383838384,0.422707070707071,0.422707070707071,0.552080808080808
"3894",0.164656565656566,0.164656565656566,0.164656565656566,0.428909090909091,0.428909090909091
"3895",0.0432323232323232,0.0987878787878788,0.220222222222222,0.252262626262626,0.334171717171717
"3896",0.0483838383838384,0.0522222222222222,0.500818181818182,0.500818181818182,0.500818181818182
"3897",0.0746666666666667,0.0746666666666667,0.255676767676768,0.432272727272727,0.45220202020202
"3898",0.0602020202020202,0.0754949494949495,0.252262626262626,0.611585858585859,0.678989898989899
"3899",0.117373737373737,0.117373737373737,0.427979797979798,0.427979797979798,0.451969696969697
"3900",0.0747171717171717,0.211717171717172,0.230424242424242,0.362989898989899,0.362989898989899
"3901",0.0428989898989899,0.0667070707070707,0.504191919191919,0.51589898989899,NA
"3902",0.0538585858585859,0.134585858585859,0.134585858585859,0.22930303030303,0.395373737373737
"3903",0.143919191919192,0.143919191919192,0.346434343434343,0.499868686868687,0.538383838383838
"3904",0.0455656565656566,0.137787878787879,0.701242424242424,0.710828282828283,NA
"3905",0.0505858585858586,0.0505858585858586,0.50110101010101,0.55179797979798,NA
"3906",0.116222222222222,0.261232323232323,0.357434343434343,0.378444444444444,0.378444444444444
"3907",0.055949494949495,0.0845353535353535,0.425646464646465,0.426949494949495,0.725646464646465
"3908",0.0963131313131313,0.0963131313131313,0.315959595959596,0.42510101010101,0.433313131313131
"3909",0.0566161616161616,0.132484848484848,0.300848484848485,0.739313131313131,0.739313131313131
"3910",0.0657171717171717,0.207818181818182,0.242676767676768,0.242676767676768,0.385383838383838
"3911",0.0924040404040404,0.186616161616162,0.320929292929293,0.486505050505051,0.488393939393939
"3912",0.073969696969697,0.319888888888889,0.322909090909091,0.447121212121212,0.447121212121212
"3913",0.066979797979798,0.153434343434343,0.500848484848485,0.503020202020202,NA
"3914",0.0854141414141414,0.0856262626262626,0.505,0.510737373737374,0.598686868686869
"3915",0.051,0.051,0.0658282828282828,0.578555555555556,0.734505050505051
"3916",0.058979797979798,0.0817676767676768,0.358555555555556,0.435818181818182,0.513616161616162
"3917",0.0477575757575758,0.0571313131313131,0.394383838383838,0.394383838383838,0.394383838383838
"3918",0.0834343434343434,0.0834343434343434,0.356505050505051,0.405838383838384,NA
"3919",0.148464646464646,0.148464646464646,0.254020202020202,0.254424242424242,0.254424242424242
"3920",0.0601414141414141,0.0601414141414141,0.488373737373737,0.488373737373737,0.558818181818182
"3921",0.105525252525253,0.14179797979798,0.356171717171717,0.356171717171717,0.356171717171717
"3922",0.10520202020202,0.10520202020202,0.318070707070707,0.318070707070707,0.396969696969697
"3923",0.11810101010101,0.11810101010101,0.33940404040404,0.33940404040404,0.704808080808081
"3924",0.0548585858585859,0.127626262626263,0.278525252525253,0.351565656565657,0.351565656565657
"3925",0.0599393939393939,0.238323232323232,0.574373737373737,0.574373737373737,0.574373737373737
"3926",0.0568484848484849,0.156363636363636,0.244232323232323,0.244232323232323,0.381222222222222
"3927",0.0603636363636364,0.171414141414141,0.390787878787879,0.390787878787879,0.404444444444444
"3928",0.144484848484848,0.144484848484848,0.419242424242424,0.419242424242424,0.554242424242424
"3929",0.0957777777777778,0.224646464646465,0.395656565656566,0.395656565656566,0.510010101010101
"3930",0.176505050505051,0.176505050505051,0.428949494949495,0.428949494949495,0.434878787878788
"3931",0.13459595959596,0.13459595959596,0.31179797979798,0.312717171717172,0.329242424242424
"3932",0.0704141414141414,0.192121212121212,0.569565656565657,0.569565656565657,0.569565656565657
"3933",0.145757575757576,0.145757575757576,0.462161616161616,0.509545454545455,0.509545454545455
"3934",0.0980404040404041,0.104191919191919,0.283777777777778,0.296121212121212,0.296121212121212
"3935",0.0757474747474748,0.0759090909090909,0.496161616161616,NA,NA
"3936",0.0883232323232323,0.0883232323232323,0.279222222222222,0.279222222222222,0.279222222222222
"3937",0.0561212121212121,0.0688080808080808,0.294848484848485,0.294848484848485,0.762919191919192
"3938",0.0410505050505051,0.0603535353535354,0.22959595959596,0.251757575757576,0.313686868686869
"3939",0.0484949494949495,0.0484949494949495,0.450272727272727,0.450272727272727,0.460838383838384
"3940",0.0767373737373737,0.0841818181818182,0.231656565656566,NA,NA
"3941",0.092959595959596,0.092959595959596,0.357959595959596,0.357959595959596,0.55089898989899
"3942",0.135191919191919,0.135191919191919,0.421919191919192,0.421929292929293,0.577212121212121
"3943",0.0904848484848485,0.131959595959596,0.274181818181818,0.370848484848485,0.50349494949495
"3944",0.0864040404040404,0.15330303030303,0.215171717171717,0.264747474747475,0.264747474747475
"3945",0.113636363636364,0.113636363636364,0.283949494949495,0.321424242424242,0.321424242424242
"3946",0.0994343434343434,0.0999191919191919,0.46369696969697,0.540838383838384,0.727414141414142
"3947",0.089,0.089,0.459939393939394,0.568464646464647,0.605434343434343
"3948",0.0523030303030303,0.0523030303030303,0.261545454545455,0.261545454545455,0.261545454545455
"3949",0.0439393939393939,0.111585858585859,0.344585858585859,0.634,NA
"3950",0.0792222222222222,0.110171717171717,0.474484848484849,0.474484848484849,0.474484848484849
"3951",0.12720202020202,0.196585858585859,0.535939393939394,0.535939393939394,0.536030303030303
"3952",0.107838383838384,0.107838383838384,0.401414141414141,0.401414141414141,0.418747474747475
"3953",0.0397272727272727,0.062010101010101,0.26769696969697,0.338040404040404,NA
"3954",0.102131313131313,0.102131313131313,0.441060606060606,0.460666666666667,0.721636363636364
"3955",0.0783232323232323,0.0783333333333333,0.436232323232323,0.436232323232323,0.436464646464646
"3956",0.0539393939393939,0.0539393939393939,0.236919191919192,0.297060606060606,0.297060606060606
"3957",0.131242424242424,0.234111111111111,0.320030303030303,0.508616161616162,0.591535353535354
"3958",0.0510606060606061,0.0613535353535354,0.280767676767677,0.280767676767677,0.383313131313131
"3959",0.111787878787879,0.129777777777778,0.480363636363636,0.480363636363636,0.480363636363636
"3960",0.0937474747474748,0.0937474747474748,0.515232323232323,0.556606060606061,0.556606060606061
"3961",0.141878787878788,0.141878787878788,0.432929292929293,0.432929292929293,0.432929292929293
"3962",0.0514444444444444,0.0514444444444444,0.17110101010101,0.266454545454545,0.266454545454545
"3963",0.154,0.154,0.316363636363636,0.42359595959596,0.42359595959596
"3964",0.0744848484848485,0.169191919191919,0.493363636363636,0.534848484848485,0.534848484848485
"3965",0.0675050505050505,0.0675050505050505,0.567646464646465,0.567646464646465,0.567646464646465
"3966",0.0638181818181818,0.114808080808081,0.287181818181818,0.508222222222222,0.632555555555556
"3967",0.0466161616161616,0.119121212121212,0.379646464646465,0.379646464646465,0.753767676767677
"3968",0.165707070707071,0.175565656565657,0.42549494949495,0.42549494949495,0.440313131313131
"3969",0.034030303030303,0.151040404040404,0.227656565656566,0.389929292929293,0.389929292929293
"3970",0.0430606060606061,0.0864040404040404,0.376161616161616,0.376161616161616,0.459666666666667
"3971",0.0698282828282828,0.0698282828282828,0.493010101010101,0.493010101010101,0.616989898989899
"3972",0.0434444444444444,0.0466666666666667,0.160090909090909,0.160090909090909,0.208949494949495
"3973",0.111949494949495,0.111949494949495,0.29949494949495,0.353666666666667,0.353666666666667
"3974",0.197454545454545,0.225626262626263,0.47640404040404,0.507777777777778,0.881626262626263
"3975",0.0667575757575758,0.0667575757575758,0.280171717171717,0.395484848484848,0.50189898989899
"3976",0.107232323232323,0.200252525252525,0.354252525252525,0.509141414141414,0.571262626262626
"3977",0.0731515151515152,0.0731616161616162,0.34920202020202,0.349393939393939,0.502565656565657
"3978",0.133555555555556,0.133555555555556,0.39820202020202,0.39820202020202,0.39820202020202
"3979",0.0537777777777778,0.16820202020202,0.338181818181818,0.338181818181818,0.338181818181818
"3980",0.0553131313131313,0.181484848484848,0.285717171717172,0.288313131313131,0.35130303030303
"3981",0.123343434343434,0.123343434343434,0.271242424242424,0.460717171717172,0.552525252525253
"3982",0.0414545454545455,0.170484848484848,0.396565656565657,0.495242424242424,0.495252525252525
"3983",0.0835353535353535,0.118181818181818,0.249757575757576,0.408363636363636,0.499434343434343
"3984",0.0683232323232323,0.140292929292929,0.230525252525253,0.230525252525253,0.55169696969697
"3985",0.119505050505051,0.119505050505051,0.261929292929293,0.28989898989899,0.55369696969697
"3986",0.040010101010101,0.0739191919191919,0.292151515151515,0.292151515151515,0.324232323232323
"3987",0.0906666666666667,0.095030303030303,0.330888888888889,0.427464646464646,NA
"3988",0.0548080808080808,0.0877171717171717,0.218767676767677,0.218767676767677,0.500565656565657
"3989",0.0414646464646465,0.0473030303030303,0.592343434343434,0.602474747474747,NA
"3990",0.0768888888888889,0.112616161616162,0.275717171717172,0.601131313131313,NA
"3991",0.123070707070707,0.12310101010101,0.375919191919192,0.375919191919192,NA
"3992",0.0416060606060606,0.0481111111111111,0.274737373737374,0.274737373737374,0.502787878787879
"3993",0.0663838383838384,0.0663838383838384,0.376424242424242,0.376424242424242,0.378868686868687
"3994",0.0697777777777778,0.0697777777777778,0.457535353535354,0.457535353535354,0.461141414141414
"3995",0.0624949494949495,0.0624949494949495,0.602676767676768,0.669505050505051,0.669505050505051
"3996",0.0403737373737374,0.131858585858586,0.47320202020202,0.47320202020202,0.539242424242424
"3997",0.102242424242424,0.102242424242424,0.423686868686869,0.498343434343434,0.498343434343434
"3998",0.0810707070707071,0.145525252525253,0.297191919191919,0.297191919191919,0.572333333333333
"3999",0.139707070707071,0.139707070707071,0.508828282828283,0.508828282828283,0.697080808080808
"4000",0.0467676767676768,0.260767676767677,0.261363636363636,0.261363636363636,NA
"4001",0.0848181818181818,0.0848181818181818,0.353181818181818,NA,NA
"4002",0.117313131313131,0.117313131313131,0.282,0.282,0.502222222222222
"4003",0.0416363636363636,0.0522828282828283,0.452323232323232,0.504474747474748,NA
"4004",0.112858585858586,0.130717171717172,0.38740404040404,0.38740404040404,0.388888888888889
"4005",0.0824747474747475,0.0824747474747475,0.340585858585859,0.349575757575758,NA
"4006",0.189313131313131,0.189313131313131,0.545888888888889,0.568626262626263,0.622333333333333
"4007",0.0778686868686869,0.175888888888889,0.370939393939394,0.371111111111111,0.387959595959596
"4008",0.0608181818181818,0.121181818181818,0.308979797979798,0.545282828282828,NA
"4009",0.0574747474747475,0.0792727272727273,0.442151515151515,0.442151515151515,0.442151515151515
"4010",0.0713535353535354,0.0713535353535354,0.393646464646465,0.407535353535354,0.561424242424242
"4011",0.0943939393939394,0.0943939393939394,0.458747474747475,0.47910101010101,0.47910101010101
"4012",0.06,0.0872525252525253,0.351858585858586,0.600262626262626,0.695616161616162
"4013",0.0819191919191919,0.0819191919191919,0.225565656565657,0.364464646464646,0.364464646464646
"4014",0.058949494949495,0.0656161616161616,0.410242424242424,0.442050505050505,0.442050505050505
"4015",0.0845656565656566,0.0846565656565657,0.381626262626263,0.381626262626263,0.381626262626263
"4016",0.139444444444444,0.230414141414141,0.539787878787879,0.539787878787879,0.540242424242424
"4017",0.102636363636364,0.102636363636364,0.360737373737374,0.418212121212121,NA
"4018",0.0601919191919192,0.253535353535354,0.313949494949495,0.348787878787879,0.356141414141414
"4019",0.0564646464646465,0.128848484848485,0.130636363636364,0.305555555555556,0.505232323232323
"4020",0.0627474747474747,0.0783535353535354,0.42669696969697,0.42669696969697,0.596929292929293
"4021",0.0618585858585859,0.0779393939393939,0.534636363636364,0.534636363636364,0.534636363636364
"4022",0.121070707070707,0.238919191919192,0.406060606060606,0.428323232323232,0.428323232323232
"4023",0.082020202020202,0.198191919191919,0.259767676767677,0.270080808080808,0.270080808080808
"4024",0.0886666666666667,0.234353535353535,0.234353535353535,0.398767676767677,0.398767676767677
"4025",0.132353535353535,0.132353535353535,0.461868686868687,0.503515151515152,0.544909090909091
"4026",0.124161616161616,0.124161616161616,0.525838383838384,0.525838383838384,0.83949494949495
"4027",0.14349494949495,0.14349494949495,0.298353535353535,0.390353535353535,0.390353535353535
"4028",0.0787171717171717,0.156555555555556,0.398949494949495,0.456434343434343,0.572616161616162
"4029",0.0532727272727273,0.0577474747474747,0.423828282828283,0.423828282828283,0.42410101010101
"4030",0.0567373737373737,0.107676767676768,0.440060606060606,0.440060606060606,0.558050505050505
"4031",0.0482121212121212,0.0725050505050505,0.320434343434343,0.391686868686869,0.784888888888889
"4032",0.0534848484848485,0.0737777777777778,0.382181818181818,0.400070707070707,0.400070707070707
"4033",0.195171717171717,0.19740404040404,0.346585858585859,0.390939393939394,0.39220202020202
"4034",0.0461818181818182,0.251868686868687,0.366777777777778,0.366777777777778,0.411070707070707
"4035",0.0476262626262626,0.183393939393939,0.379454545454545,0.379454545454545,0.379454545454545
"4036",0.0364040404040404,0.158626262626263,0.399545454545455,0.523555555555556,0.523555555555556
"4037",0.0506262626262626,0.0761717171717172,0.403757575757576,0.406747474747475,0.406747474747475
"4038",0.0552626262626263,0.252777777777778,0.315252525252525,0.503333333333333,0.503333333333333
"4039",0.155757575757576,0.155757575757576,0.395454545454546,0.395454545454546,0.553141414141414
"4040",0.0343232323232323,0.11179797979798,0.438646464646465,NA,NA
"4041",0.0518989898989899,0.0518989898989899,0.429878787878788,0.674131313131313,0.674191919191919
"4042",0.0822525252525253,0.0822525252525253,0.446686868686869,0.641020202020202,NA
"4043",0.0521616161616162,0.0521616161616162,0.214353535353535,0.435656565656566,0.435656565656566
"4044",0.083969696969697,0.083969696969697,0.362111111111111,0.362111111111111,NA
"4045",0.0578080808080808,0.0578080808080808,0.372242424242424,0.390555555555556,0.60579797979798
"4046",0.0954141414141414,0.103191919191919,0.395515151515152,0.547888888888889,0.661848484848485
"4047",0.058989898989899,0.058989898989899,0.489737373737374,0.489737373737374,NA
"4048",0.043040404040404,0.0743030303030303,0.118111111111111,0.307464646464646,0.688171717171717
"4049",0.0445858585858586,0.173292929292929,0.478757575757576,0.478757575757576,0.478757575757576
"4050",0.0721919191919192,0.148888888888889,0.335727272727273,0.335727272727273,0.355080808080808
"4051",0.0563737373737374,0.0941717171717172,0.556838383838384,0.560434343434344,NA
"4052",0.142575757575758,0.176747474747475,NA,NA,NA
"4053",0.0598080808080808,0.128252525252525,0.382969696969697,0.385565656565657,0.503555555555556
"4054",0.0662525252525253,0.0662525252525253,0.497868686868687,0.497868686868687,0.497868686868687
"4055",0.0654040404040404,0.0654040404040404,0.155434343434343,0.508727272727273,0.508727272727273
"4056",0.0671515151515152,0.0671515151515152,0.426212121212121,0.427767676767677,0.427767676767677
"4057",0.054020202020202,0.152979797979798,0.396707070707071,0.465212121212121,0.508090909090909
"4058",0.15110101010101,0.15110101010101,0.327313131313131,0.328373737373737,0.328373737373737
"4059",0.174979797979798,0.174979797979798,0.40010101010101,0.507585858585859,0.61989898989899
"4060",0.0832020202020202,0.24820202020202,0.316111111111111,0.498383838383838,0.547616161616162
"4061",0.057959595959596,0.057959595959596,0.416929292929293,0.416929292929293,0.417070707070707
"4062",0.0687878787878788,0.120181818181818,0.310686868686869,0.310686868686869,NA
"4063",0.0397676767676768,0.0623131313131313,0.291484848484849,0.291484848484849,0.291484848484849
"4064",0.0546363636363636,0.0546363636363636,0.233676767676768,0.234848484848485,0.234848484848485
"4065",0.0348888888888889,0.159474747474747,0.326606060606061,NA,NA
"4066",0.0501010101010101,0.231818181818182,0.414545454545455,0.441080808080808,0.441484848484849
"4067",0.035010101010101,0.114949494949495,0.493383838383838,NA,NA
"4068",0.0611010101010101,0.14959595959596,0.149626262626263,0.319050505050505,0.332343434343434
"4069",0.0612727272727273,0.142626262626263,0.422949494949495,0.422949494949495,0.508525252525253
"4070",0.0764646464646465,0.0764646464646465,0.327242424242424,0.330444444444444,0.531252525252525
"4071",0.0422626262626263,0.0447373737373737,0.44669696969697,0.44669696969697,NA
"4072",0.102717171717172,0.102717171717172,0.396222222222222,0.396222222222222,0.396222222222222
"4073",0.0428282828282828,0.109424242424242,0.322212121212121,0.322232323232323,0.322232323232323
"4074",0.113070707070707,0.113070707070707,0.294535353535354,0.426060606060606,0.816575757575758
"4075",0.0535454545454545,0.0662323232323232,0.49640404040404,0.599818181818182,NA
"4076",0.0425858585858586,0.0626868686868687,0.142636363636364,0.333080808080808,0.333080808080808
"4077",0.0368080808080808,0.0468686868686869,0.386454545454545,0.49830303030303,0.49830303030303
"4078",0.0502323232323232,0.0502323232323232,0.205505050505051,0.576333333333333,0.576333333333333
"4079",0.0581717171717172,0.0581717171717172,0.342141414141414,0.544878787878788,0.544878787878788
"4080",0.0427373737373737,0.0427373737373737,0.499262626262626,0.528373737373737,NA
"4081",0.113292929292929,0.114222222222222,0.523515151515152,0.524909090909091,NA
"4082",0.0471010101010101,0.0471010101010101,0.498616161616162,0.499868686868687,0.620393939393939
"4083",0.126787878787879,0.126787878787879,0.301828282828283,0.357777777777778,0.357777777777778
"4084",0.0612828282828283,0.120656565656566,0.459252525252525,0.459252525252525,0.459252525252525
"4085",0.0634242424242424,0.17389898989899,0.490525252525253,0.490525252525253,0.490525252525253
"4086",0.149585858585859,0.310393939393939,0.310393939393939,0.463242424242424,0.463242424242424
"4087",0.112555555555556,0.188545454545455,0.201818181818182,0.442838383838384,0.442838383838384
"4088",0.0675858585858586,0.111555555555556,0.473909090909091,0.473909090909091,0.504515151515152
"4089",0.0647474747474747,0.144747474747475,0.245656565656566,0.413070707070707,NA
"4090",0.0473131313131313,0.280020202020202,0.342383838383838,0.342383838383838,0.343161616161616
"4091",0.0612222222222222,0.154262626262626,0.409414141414141,0.518888888888889,0.518888888888889
"4092",0.104030303030303,0.104030303030303,0.416272727272727,0.416272727272727,0.417
"4093",0.0701010101010101,0.0793737373737374,0.354,0.362080808080808,0.463656565656566
"4094",0.0428888888888889,0.0795050505050505,0.32459595959596,0.339585858585859,0.339585858585859
"4095",0.104666666666667,0.104666666666667,0.323888888888889,0.335585858585859,0.335585858585859
"4096",0.0474343434343434,0.181979797979798,0.667868686868687,0.729626262626263,NA
"4097",0.0767979797979798,0.218505050505051,0.385626262626263,0.386010101010101,0.454616161616162
"4098",0.0699191919191919,0.319727272727273,0.421232323232323,0.421313131313131,0.450434343434343
"4099",0.0722323232323232,0.0722323232323232,0.310050505050505,0.31059595959596,0.352131313131313
"4100",0.0887575757575758,0.0887575757575758,0.532212121212121,0.532212121212121,0.694919191919192
"4101",0.0858686868686869,0.0862727272727273,0.515939393939394,0.515939393939394,0.664717171717172
"4102",0.0543232323232323,0.0543232323232323,0.195373737373737,0.422616161616162,0.422616161616162
"4103",0.166939393939394,0.166939393939394,0.322878787878788,0.366131313131313,0.401949494949495
"4104",0.0493737373737374,0.164313131313131,0.322282828282828,0.322282828282828,0.338363636363636
"4105",0.063030303030303,0.063030303030303,0.443353535353535,0.443353535353535,0.552606060606061
"4106",0.212363636363636,0.212363636363636,0.375979797979798,0.376414141414141,0.376777777777778
"4107",0.0504545454545455,0.0754343434343434,0.324383838383838,0.324383838383838,0.377868686868687
"4108",0.0505656565656566,0.190070707070707,0.436848484848485,0.527454545454546,0.617757575757576
"4109",0.051020202020202,0.104393939393939,0.279020202020202,0.282525252525253,0.282616161616162
"4110",0.0753535353535354,0.0767070707070707,0.284787878787879,0.514535353535354,0.602919191919192
"4111",0.086,0.086,0.412646464646465,0.412646464646465,0.456282828282828
"4112",0.0607070707070707,0.256676767676768,0.413040404040404,0.413040404040404,0.413040404040404
"4113",0.0512525252525253,0.282272727272727,0.299474747474748,0.299474747474748,0.356242424242424
"4114",0.0572424242424242,0.175121212121212,0.327636363636364,0.360707070707071,0.360707070707071
"4115",0.103838383838384,0.211787878787879,0.392161616161616,0.467727272727273,0.646424242424242
"4116",0.13610101010101,0.138323232323232,0.50120202020202,0.50120202020202,0.50120202020202
"4117",0.054,0.054,0.393939393939394,0.673020202020202,0.673050505050505
"4118",0.0752424242424242,0.112,0.322010101010101,0.420525252525253,0.420525252525253
"4119",0.108818181818182,0.108848484848485,0.284111111111111,NA,NA
"4120",0.167535353535354,0.184545454545455,0.472252525252525,0.472252525252525,0.597222222222222
"4121",0.0671717171717172,0.169050505050505,0.368676767676768,0.500929292929293,0.500929292929293
"4122",0.0398585858585859,0.044979797979798,0.393181818181818,0.393181818181818,0.393181818181818
"4123",0.0757272727272727,0.154353535353535,0.421585858585859,0.421585858585859,NA
"4124",0.189505050505051,0.189505050505051,0.40630303030303,0.40630303030303,0.40630303030303
"4125",0.214282828282828,0.224,0.384262626262626,0.384262626262626,0.384262626262626
"4126",0.0810606060606061,0.10749494949495,0.392585858585859,0.392585858585859,0.392585858585859
"4127",0.0542323232323232,0.065010101010101,0.497020202020202,0.504222222222222,0.504222222222222
"4128",0.0744141414141414,0.0744141414141414,0.251868686868687,0.463686868686869,0.463686868686869
"4129",0.109757575757576,0.149393939393939,0.356646464646465,0.356646464646465,NA
"4130",0.0551616161616162,0.0551616161616162,0.533050505050505,0.535777777777778,NA
"4131",0.179888888888889,0.180888888888889,0.490707070707071,0.490707070707071,0.490707070707071
"4132",0.122666666666667,0.223909090909091,0.366878787878788,0.366878787878788,0.367
"4133",0.0545252525252525,0.0686565656565657,0.386050505050505,0.386050505050505,0.386050505050505
"4134",0.0659292929292929,0.308656565656566,0.32120202020202,0.506515151515152,0.506979797979798
"4135",0.0345252525252525,0.192141414141414,0.283,0.283,0.394292929292929
"4136",0.0667373737373737,0.138606060606061,0.382313131313131,0.410666666666667,0.561535353535354
"4137",0.111040404040404,0.111040404040404,0.299949494949495,0.299949494949495,0.32120202020202
"4138",0.054979797979798,0.0604242424242424,0.485232323232323,0.485232323232323,0.485232323232323
"4139",0.0616464646464647,0.120737373737374,0.223848484848485,0.223848484848485,0.223848484848485
"4140",0.0427777777777778,0.0427777777777778,0.380747474747475,0.382040404040404,NA
"4141",0.0904242424242424,0.0904242424242424,0.543868686868687,0.547,0.547
"4142",0.0538484848484849,0.0743333333333333,0.310919191919192,0.310919191919192,0.311676767676768
"4143",0.0463333333333333,0.215989898989899,0.417353535353535,0.417353535353535,0.418464646464646
"4144",0.171838383838384,0.197565656565657,0.462505050505051,0.462505050505051,0.464484848484849
"4145",0.0552929292929293,0.0552929292929293,0.359424242424242,0.366676767676768,NA
"4146",0.037030303030303,0.0678080808080808,0.290626262626263,0.290626262626263,0.463151515151515
"4147",0.0536565656565657,0.118090909090909,0.45059595959596,0.460909090909091,0.752636363636364
"4148",0.146616161616162,0.146616161616162,0.447171717171717,0.450888888888889,0.51810101010101
"4149",0.161717171717172,0.161717171717172,0.271929292929293,0.352343434343434,0.502464646464647
"4150",0.155656565656566,0.155656565656566,0.155656565656566,0.395636363636364,0.569787878787879
"4151",0.0523636363636364,0.0523636363636364,0.152262626262626,0.409353535353535,0.64149494949495
"4152",0.148545454545455,0.153575757575758,0.421383838383838,0.421393939393939,0.421393939393939
"4153",0.0629393939393939,0.308212121212121,0.416686868686869,0.416686868686869,0.497414141414141
"4154",0.054959595959596,0.054959595959596,0.387989898989899,0.387989898989899,0.694131313131313
"4155",0.048949494949495,0.0574343434343434,0.0703535353535354,0.549444444444445,0.619353535353535
"4156",0.0610505050505051,0.0768181818181818,0.457656565656566,0.457656565656566,0.659292929292929
"4157",0.0663333333333333,0.0663333333333333,0.477252525252525,0.477252525252525,NA
"4158",0.0442929292929293,0.0557272727272727,0.402363636363636,0.402363636363636,0.402363636363636
"4159",0.062040404040404,0.162060606060606,0.324131313131313,0.394969696969697,0.555646464646465
"4160",0.176353535353535,0.287757575757576,0.504909090909091,0.504909090909091,0.507474747474748
"4161",0.0686969696969697,0.0686969696969697,0.506616161616162,0.50710101010101,0.50710101010101
"4162",0.0537575757575758,0.0537575757575758,0.388444444444444,0.388444444444444,0.388444444444444
"4163",0.112464646464646,0.112464646464646,0.503282828282828,0.503282828282828,0.503282828282828
"4164",0.041010101010101,0.152747474747475,0.549131313131313,0.582919191919192,NA
"4165",0.144737373737374,0.220717171717172,0.23930303030303,0.32920202020202,0.32920202020202
"4166",0.0922424242424243,0.276212121212121,0.280979797979798,0.505919191919192,0.656141414141414
"4167",0.0804646464646465,0.0804646464646465,0.555505050505051,0.555505050505051,0.555525252525253
"4168",0.0557676767676768,0.0557676767676768,0.422464646464646,0.424818181818182,NA
"4169",0.047969696969697,0.0779393939393939,0.273585858585859,0.273585858585859,0.281878787878788
"4170",0.0423434343434343,0.144545454545455,0.144545454545455,0.500818181818182,0.642535353535354
"4171",0.158161616161616,0.241242424242424,0.414464646464646,0.416171717171717,0.416171717171717
"4172",0.0596464646464646,0.0596464646464646,0.352151515151515,0.400919191919192,0.402282828282828
"4173",0.133959595959596,0.134060606060606,0.134060606060606,0.293333333333333,0.293333333333333
"4174",0.113575757575758,0.157030303030303,0.454060606060606,0.454060606060606,0.454060606060606
"4175",0.0363838383838384,0.0527373737373737,0.348222222222222,0.349333333333333,0.514808080808081
"4176",0.210575757575758,0.210575757575758,0.287646464646465,0.611919191919192,0.626464646464647
"4177",0.0465252525252525,0.0828181818181818,0.409616161616162,0.409616161616162,0.427131313131313
"4178",0.0582727272727273,0.0582727272727273,0.387808080808081,0.387808080808081,0.615767676767677
"4179",0.112686868686869,0.112686868686869,0.320181818181818,0.506636363636364,0.571030303030303
"4180",0.154888888888889,0.232585858585859,0.35569696969697,0.35569696969697,0.396373737373737
"4181",0.142515151515152,0.184414141414141,0.394242424242424,0.501909090909091,0.501909090909091
"4182",0.0733737373737374,0.0740606060606061,0.562323232323232,0.562323232323232,NA
"4183",0.0379191919191919,0.0494545454545455,0.346666666666667,0.346666666666667,0.346666666666667
"4184",0.0321818181818182,0.143616161616162,0.493515151515152,0.493515151515152,NA
"4185",0.0366363636363636,0.0705050505050505,0.35330303030303,0.35330303030303,0.354717171717172
"4186",0.0594040404040404,0.117707070707071,0.365393939393939,0.365393939393939,0.365393939393939
"4187",0.0587676767676768,0.0947979797979798,0.0947979797979798,0.497282828282828,0.622080808080808
"4188",0.0675151515151515,0.12079797979798,0.413757575757576,0.413757575757576,0.570979797979798
"4189",0.0467272727272727,0.155848484848485,0.240333333333333,0.50959595959596,0.733373737373737
"4190",0.0367070707070707,0.075969696969697,0.426393939393939,0.426393939393939,0.426393939393939
"4191",0.0804949494949495,0.215313131313131,0.215333333333333,0.215333333333333,0.361030303030303
"4192",0.0496969696969697,0.0496969696969697,0.492727272727273,0.492727272727273,0.492727272727273
"4193",0.063979797979798,0.063979797979798,0.276191919191919,0.276191919191919,0.394565656565657
"4194",0.0563434343434343,0.143878787878788,0.404969696969697,0.405727272727273,0.467858585858586
"4195",0.0533535353535354,0.152626262626263,0.422646464646465,0.426656565656566,0.426656565656566
"4196",0.0741616161616162,0.150868686868687,0.321707070707071,0.388383838383838,0.388383838383838
"4197",0.143484848484848,0.143484848484848,0.367343434343434,0.367343434343434,0.367343434343434
"4198",0.0528888888888889,0.0528888888888889,0.320262626262626,0.338464646464646,0.338464646464646
"4199",0.13059595959596,0.13059595959596,0.423989898989899,0.423989898989899,0.509020202020202
"4200",0.123383838383838,0.123383838383838,0.46630303030303,0.46630303030303,0.475858585858586
"4201",0.0885050505050505,0.223666666666667,0.39359595959596,0.39359595959596,0.39359595959596
"4202",0.110838383838384,0.158353535353535,0.470989898989899,0.513010101010101,0.513010101010101
"4203",0.118979797979798,0.292848484848485,0.298868686868687,0.298868686868687,0.388383838383838
"4204",0.0661818181818182,0.0661818181818182,0.316020202020202,0.466343434343434,0.466343434343434
"4205",0.0778383838383838,0.183181818181818,0.359222222222222,0.359222222222222,0.359222222222222
"4206",0.109040404040404,0.261181818181818,0.44630303030303,0.446343434343434,0.446343434343434
"4207",0.0770505050505051,0.16179797979798,0.255565656565657,0.506010101010101,0.506010101010101
"4208",0.0341111111111111,0.234575757575758,0.393272727272727,0.432343434343434,0.518232323232323
"4209",0.0423636363636364,0.0423636363636364,0.331757575757576,0.331757575757576,0.454212121212121
"4210",0.0431919191919192,0.0431919191919192,0.433434343434343,0.433434343434343,0.433434343434343
"4211",0.178535353535354,0.178555555555556,0.429686868686869,0.432787878787879,NA
"4212",0.0579090909090909,0.157656565656566,0.401656565656566,0.401656565656566,0.446636363636364
"4213",0.0741111111111111,0.0741111111111111,0.444585858585859,0.444585858585859,0.510737373737374
"4214",0.0466363636363636,0.103868686868687,0.341292929292929,0.341545454545455,NA
"4215",0.0938383838383838,0.0938383838383838,0.323050505050505,0.366414141414141,NA
"4216",0.157282828282828,0.157282828282828,0.409454545454546,0.450030303030303,0.699010101010101
"4217",0.0972121212121212,0.098010101010101,0.493959595959596,0.494828282828283,0.494828282828283
"4218",0.0917575757575758,0.0944949494949495,0.214373737373737,0.58520202020202,0.58520202020202
"4219",0.178393939393939,0.220242424242424,0.373424242424242,0.373424242424242,0.373424242424242
"4220",0.180939393939394,0.194828282828283,0.195606060606061,0.439929292929293,0.518141414141414
"4221",0.0482323232323232,0.138,0.371080808080808,0.531393939393939,NA
"4222",0.149575757575758,0.275393939393939,0.363737373737374,0.363989898989899,0.363989898989899
"4223",0.065939393939394,0.065939393939394,0.326606060606061,0.509575757575758,0.711393939393939
"4224",0.135080808080808,0.164313131313131,0.343545454545455,0.45269696969697,0.45269696969697
"4225",0.0462121212121212,0.158979797979798,0.440232323232323,0.440232323232323,0.440232323232323
"4226",0.0572626262626263,0.132707070707071,0.202151515151515,0.202151515151515,0.661323232323232
"4227",0.0744040404040404,0.234272727272727,0.506939393939394,0.506939393939394,0.506939393939394
"4228",0.0992121212121212,0.105444444444444,0.39749494949495,0.39749494949495,0.651111111111111
"4229",0.0464747474747475,0.259292929292929,0.526676767676768,0.534242424242424,0.558636363636364
"4230",0.202181818181818,0.308858585858586,0.324505050505051,0.454070707070707,NA
"4231",0.126222222222222,0.126222222222222,0.331343434343434,0.363787878787879,0.515717171717172
"4232",0.0713737373737374,0.0975858585858586,0.355737373737374,0.459515151515152,0.459515151515152
"4233",0.0607777777777778,0.154555555555556,0.354606060606061,0.354606060606061,0.595686868686869
"4234",0.0992121212121212,0.0999292929292929,0.48079797979798,0.48359595959596,0.660333333333333
"4235",0.0898282828282828,0.0898282828282828,0.504959595959596,0.524929292929293,0.524929292929293
"4236",0.147676767676768,0.163444444444444,0.350848484848485,0.350848484848485,0.526787878787879
"4237",0.136787878787879,0.146161616161616,0.391939393939394,0.649474747474748,0.649474747474748
"4238",0.117878787878788,0.117878787878788,0.51230303030303,0.51230303030303,0.561858585858586
"4239",0.0601111111111111,0.190545454545455,0.280444444444444,0.325333333333333,0.614666666666667
"4240",0.11459595959596,0.257212121212121,0.330575757575758,0.383848484848485,0.383848484848485
"4241",0.0674242424242424,0.118232323232323,0.438525252525253,0.443878787878788,0.443878787878788
"4242",0.099939393939394,0.099939393939394,0.434454545454545,0.438454545454545,0.45130303030303
"4243",0.0435151515151515,0.0435151515151515,0.256959595959596,0.426919191919192,0.55569696969697
"4244",0.192545454545455,0.192545454545455,0.472141414141414,0.472141414141414,0.472141414141414
"4245",0.0625656565656566,0.0786161616161616,0.469070707070707,0.469070707070707,0.594383838383838
"4246",0.051,0.128525252525253,0.279575757575758,0.568181818181818,0.568181818181818
"4247",0.135717171717172,0.135717171717172,0.511383838383838,0.702626262626263,NA
"4248",0.151888888888889,0.226151515151515,0.226151515151515,0.378787878787879,0.402050505050505
"4249",0.0627373737373737,0.157777777777778,0.174636363636364,0.257929292929293,0.374838383838384
"4250",0.0607070707070707,0.0741919191919192,0.339323232323232,0.518808080808081,0.606888888888889
"4251",0.0649292929292929,0.0650606060606061,0.363969696969697,0.363969696969697,NA
"4252",0.0512929292929293,0.139131313131313,0.288555555555556,0.469676767676768,NA
"4253",0.170656565656566,0.248777777777778,0.307393939393939,0.366151515151515,0.367727272727273
"4254",0.042,0.0581010101010101,0.198050505050505,0.198454545454545,0.497555555555556
"4255",0.0622828282828283,0.195030303030303,0.397010101010101,0.397010101010101,0.400616161616162
"4256",0.0603737373737374,0.18349494949495,0.430353535353535,0.430353535353535,0.464323232323232
"4257",0.0335151515151515,0.0582020202020202,0.0710707070707071,0.413111111111111,0.436757575757576
"4258",0.0484949494949495,0.0783333333333333,0.339878787878788,0.339878787878788,0.339878787878788
"4259",0.0378585858585859,0.0598282828282828,0.518767676767677,0.518767676767677,0.518767676767677
"4260",0.0683939393939394,0.154323232323232,0.17079797979798,0.295353535353535,0.594040404040404
"4261",0.0868888888888889,0.0868888888888889,0.590131313131313,0.590131313131313,0.726464646464646
"4262",0.0625252525252525,0.238909090909091,0.34559595959596,0.34559595959596,0.380161616161616
"4263",0.0553333333333333,0.141262626262626,0.38569696969697,0.38569696969697,0.38569696969697
"4264",0.0435151515151515,0.130040404040404,0.280848484848485,0.280848484848485,0.280848484848485
"4265",0.0804242424242424,0.0804242424242424,0.476111111111111,0.476515151515152,NA
"4266",0.137646464646465,0.137646464646465,0.507767676767677,0.668474747474748,0.668474747474748
"4267",0.0434747474747475,0.169767676767677,0.411848484848485,0.411848484848485,0.502323232323232
"4268",0.120242424242424,0.350787878787879,0.411444444444445,0.428,0.428070707070707
"4269",0.0506060606060606,0.169282828282828,0.419333333333333,0.419333333333333,0.419333333333333
"4270",0.040969696969697,0.0808484848484849,0.518474747474748,0.607515151515152,0.666171717171717
"4271",0.173929292929293,0.298989898989899,0.325525252525253,0.416464646464646,0.45769696969697
"4272",0.111868686868687,0.111868686868687,0.40440404040404,0.40440404040404,0.528313131313131
"4273",0.0473232323232323,0.0992020202020202,0.297555555555556,0.298575757575758,0.300383838383838
"4274",0.0475959595959596,0.0475959595959596,0.34469696969697,0.34469696969697,NA
"4275",0.0454747474747475,0.124868686868687,0.363313131313131,0.467515151515152,NA
"4276",0.0516262626262626,0.0516262626262626,0.28169696969697,0.359585858585859,0.359585858585859
"4277",0.0633434343434344,0.114161616161616,0.267060606060606,0.267060606060606,0.590979797979798
"4278",0.0467171717171717,0.111272727272727,0.424111111111111,0.424111111111111,0.704959595959596
"4279",0.0496161616161616,0.0536464646464647,0.313121212121212,0.313121212121212,NA
"4280",0.0497979797979798,0.0497979797979798,0.463717171717172,0.463717171717172,0.463777777777778
"4281",0.0775151515151515,0.197828282828283,0.44640404040404,0.44640404040404,NA
"4282",0.0624242424242424,0.0784040404040404,0.219707070707071,0.219707070707071,0.219707070707071
"4283",0.061020202020202,0.140363636363636,0.369585858585859,0.369585858585859,0.369585858585859
"4284",0.0738282828282828,0.0738282828282828,0.406989898989899,0.406989898989899,0.406989898989899
"4285",0.16379797979798,0.169828282828283,0.235161616161616,0.235161616161616,0.235191919191919
"4286",0.121131313131313,0.201707070707071,0.406676767676768,0.517535353535354,NA
"4287",0.0442929292929293,0.0511313131313131,0.497282828282828,0.511030303030303,0.554838383838384
"4288",0.129949494949495,0.171585858585859,0.473676767676768,0.473676767676768,0.476434343434343
"4289",0.0585353535353535,0.225282828282828,0.420949494949495,0.420949494949495,0.420949494949495
"4290",0.040949494949495,0.0714343434343434,0.276767676767677,0.65089898989899,NA
"4291",0.0794848484848485,0.143292929292929,0.290949494949495,0.290949494949495,0.290949494949495
"4292",0.0597878787878788,0.0597878787878788,0.25589898989899,0.324151515151515,0.398777777777778
"4293",0.0419090909090909,0.142424242424242,0.203717171717172,0.203717171717172,0.319272727272727
"4294",0.0551414141414141,0.0551414141414141,0.404848484848485,0.438242424242424,NA
"4295",0.0494848484848485,0.0743434343434344,0.388323232323232,0.574393939393939,0.575181818181818
"4296",0.104252525252525,0.294424242424242,0.516949494949495,0.516949494949495,0.532212121212121
"4297",0.0481010101010101,0.165636363636364,0.462555555555556,0.462565656565657,0.721363636363636
"4298",0.154181818181818,0.201818181818182,0.201818181818182,0.434838383838384,0.434838383838384
"4299",0.060989898989899,0.310414141414141,0.489272727272727,0.489272727272727,0.490646464646465
"4300",0.0824949494949495,0.0825353535353535,0.259030303030303,0.397626262626263,0.458262626262626
"4301",0.0668585858585859,0.103535353535354,0.274818181818182,0.347141414141414,0.347141414141414
"4302",0.0465959595959596,0.12810101010101,0.342111111111111,0.342111111111111,NA
"4303",0.0661414141414142,0.0661414141414142,0.408626262626263,0.408626262626263,0.408626262626263
"4304",0.0634747474747475,0.201454545454545,0.644828282828283,0.645090909090909,0.698181818181818
"4305",0.0342525252525253,0.0564444444444444,0.445111111111111,0.45289898989899,NA
"4306",0.0579090909090909,0.144393939393939,0.536515151515152,0.536515151515152,0.536515151515152
"4307",0.218626262626263,0.310979797979798,0.310979797979798,0.405333333333333,0.405333333333333
"4308",0.0594848484848485,0.127545454545455,0.456939393939394,0.456939393939394,0.457868686868687
"4309",0.119848484848485,0.119848484848485,0.279141414141414,0.357545454545455,0.641393939393939
"4310",0.0530505050505051,0.079959595959596,0.327878787878788,0.374525252525253,0.374525252525253
"4311",0.0855757575757576,0.0855757575757576,0.123646464646465,0.596151515151515,0.596151515151515
"4312",0.0466060606060606,0.0703131313131313,0.258949494949495,0.268323232323232,0.268323232323232
"4313",0.0541111111111111,0.0541111111111111,0.411676767676768,0.411676767676768,NA
"4314",0.048030303030303,0.120858585858586,0.274161616161616,0.32559595959596,0.421777777777778
"4315",0.0466464646464647,0.0878282828282828,0.376656565656566,0.376656565656566,0.507525252525253
"4316",0.103262626262626,0.103262626262626,0.417393939393939,0.48410101010101,0.573585858585859
"4317",0.0443535353535354,0.0773838383838384,0.395393939393939,0.464323232323232,0.537010101010101
"4318",0.0438484848484849,0.0515151515151515,0.352707070707071,0.396333333333333,0.58859595959596
"4319",0.118484848484848,0.251878787878788,0.407808080808081,0.407808080808081,NA
"4320",0.0903333333333333,0.174,0.445555555555556,0.598212121212121,0.737555555555556
"4321",0.0519292929292929,0.135030303030303,0.444535353535354,0.444535353535354,0.444535353535354
"4322",0.057,0.0627474747474747,0.414454545454545,0.414454545454545,0.414454545454545
"4323",0.0488888888888889,0.193787878787879,0.312525252525253,0.312525252525253,0.312525252525253
"4324",0.0555454545454546,0.129868686868687,0.418838383838384,0.418838383838384,0.418838383838384
"4325",0.104727272727273,0.105,0.221888888888889,0.221888888888889,0.221888888888889
"4326",0.0401212121212121,0.0552828282828283,0.409080808080808,NA,NA
"4327",0.190131313131313,0.190131313131313,0.286929292929293,0.288717171717172,0.317828282828283
"4328",0.105989898989899,0.256232323232323,0.318393939393939,0.37989898989899,0.37989898989899
"4329",0.119676767676768,0.253070707070707,0.42640404040404,0.54159595959596,0.54159595959596
"4330",0.0785353535353535,0.0785353535353535,0.435050505050505,0.435050505050505,0.435050505050505
"4331",0.0688686868686869,0.0688686868686869,0.171969696969697,0.216727272727273,0.216727272727273
"4332",0.132282828282828,0.132282828282828,0.193383838383838,0.25030303030303,0.35559595959596
"4333",0.156434343434343,0.156434343434343,0.467353535353535,0.467353535353535,0.54679797979798
"4334",0.0574545454545455,0.0705252525252525,0.448353535353535,0.448353535353535,0.50910101010101
"4335",0.0631010101010101,0.23549494949495,0.466313131313131,0.466313131313131,0.508878787878788
"4336",0.0705050505050505,0.0705050505050505,0.425010101010101,0.42510101010101,0.42510101010101
"4337",0.0704848484848485,0.0704848484848485,0.411454545454545,0.411454545454545,0.537292929292929
"4338",0.0728989898989899,0.104656565656566,0.372323232323232,NA,NA
"4339",0.141616161616162,0.192626262626263,0.420181818181818,0.420181818181818,0.553060606060606
"4340",0.0792828282828283,0.0792828282828283,0.431585858585859,NA,NA
"4341",0.0612525252525253,0.0612525252525253,0.492383838383838,0.492383838383838,0.507040404040404
"4342",0.0725858585858586,0.160454545454545,0.431727272727273,0.431727272727273,0.431757575757576
"4343",0.0424141414141414,0.0890505050505051,0.464272727272727,NA,NA
"4344",0.107505050505051,0.107505050505051,0.107535353535354,0.374969696969697,0.374969696969697
"4345",0.0514040404040404,0.15569696969697,0.297343434343434,0.483343434343434,0.483343434343434
"4346",0.0830808080808081,0.0834646464646465,0.458838383838384,0.46140404040404,0.46140404040404
"4347",0.134737373737374,0.260919191919192,0.443505050505051,0.46189898989899,0.46189898989899
"4348",0.0597676767676768,0.140939393939394,0.206111111111111,0.206222222222222,0.224383838383838
"4349",0.138191919191919,0.278636363636364,0.347222222222222,0.347222222222222,0.347222222222222
"4350",0.0551414141414141,0.0551414141414141,0.423333333333333,0.560383838383838,0.560383838383838
"4351",0.0351515151515152,0.0764747474747475,0.349676767676768,0.357919191919192,0.357919191919192
"4352",0.100353535353535,0.101212121212121,0.299080808080808,0.299080808080808,0.711666666666667
"4353",0.0576666666666667,0.0634949494949495,0.461161616161616,0.461161616161616,NA
"4354",0.128989898989899,0.128989898989899,0.389484848484849,0.389484848484849,0.389484848484849
"4355",0.0843333333333333,0.0843333333333333,0.238858585858586,0.430616161616162,0.446393939393939
"4356",0.0515959595959596,0.0515959595959596,0.396171717171717,0.418252525252525,NA
"4357",0.0552525252525253,0.196353535353535,0.503383838383838,0.595616161616162,0.595616161616162
"4358",0.0461111111111111,0.0461111111111111,0.362565656565657,0.682747474747475,NA
"4359",0.232424242424242,0.232424242424242,0.389959595959596,0.389959595959596,0.792555555555556
"4360",0.0798181818181818,0.080030303030303,0.295141414141414,0.295141414141414,NA
"4361",0.0524949494949495,0.078020202020202,0.114969696969697,0.460717171717172,0.512010101010101
"4362",0.0461212121212121,0.0461212121212121,0.369585858585859,0.476191919191919,NA
"4363",0.0639393939393939,0.0639393939393939,0.384262626262626,0.447585858585859,0.575161616161616
"4364",0.0751919191919192,0.0755454545454546,0.421676767676768,0.421676767676768,0.421676767676768
"4365",0.038030303030303,0.168262626262626,0.469060606060606,0.469060606060606,0.471767676767677
"4366",0.0548282828282828,0.0683636363636364,0.280141414141414,NA,NA
"4367",0.0446969696969697,0.0577575757575758,0.166010101010101,0.343121212121212,0.343121212121212
"4368",0.0416363636363636,0.111070707070707,0.339383838383838,0.349484848484849,0.749363636363636
"4369",0.0444747474747475,0.23959595959596,0.437515151515152,0.437515151515152,0.437515151515152
"4370",0.130808080808081,0.235111111111111,0.416747474747475,0.495474747474748,0.495474747474748
"4371",0.167434343434343,0.191828282828283,0.244555555555556,0.244555555555556,0.271222222222222
"4372",0.0546464646464647,0.109212121212121,0.431606060606061,0.431777777777778,NA
"4373",0.0963535353535354,0.0963535353535354,0.374232323232323,0.468272727272727,0.470747474747475
"4374",0.113030303030303,0.113040404040404,0.28940404040404,0.357090909090909,0.55320202020202
"4375",0.0725858585858586,0.290363636363636,0.435343434343434,0.441373737373737,0.441373737373737
"4376",0.0590808080808081,0.0590808080808081,0.190353535353535,0.326232323232323,0.326232323232323
"4377",0.111575757575758,0.171050505050505,0.47469696969697,0.47469696969697,0.481434343434343
"4378",0.0513030303030303,0.174313131313131,0.174525252525253,0.174525252525253,0.36020202020202
"4379",0.168747474747475,0.16920202020202,0.416858585858586,0.477262626262626,0.477262626262626
"4380",0.0598989898989899,0.0735151515151515,0.438777777777778,0.438777777777778,0.520636363636364
"4381",0.0422626262626263,0.0519393939393939,0.399424242424242,NA,NA
"4382",0.146222222222222,0.146222222222222,0.411383838383838,0.411383838383838,0.643353535353535
"4383",0.0548282828282828,0.302484848484849,0.31179797979798,0.31179797979798,0.51149494949495
"4384",0.0457070707070707,0.213646464646465,0.552090909090909,0.557484848484849,0.658888888888889
"4385",0.0517171717171717,0.0617575757575758,0.433969696969697,0.433969696969697,0.436525252525253
"4386",0.113313131313131,0.257454545454545,0.321,0.321,0.51230303030303
"4387",0.189616161616162,0.230151515151515,0.305040404040404,0.306080808080808,0.306080808080808
"4388",0.0866565656565657,0.0867070707070707,0.369757575757576,0.369757575757576,0.369757575757576
"4389",0.119353535353535,0.252070707070707,0.351232323232323,0.434636363636364,0.53649494949495
"4390",0.0533030303030303,0.188070707070707,0.347474747474747,0.5,0.579181818181818
"4391",0.0632222222222222,0.197676767676768,0.285343434343434,0.296949494949495,NA
"4392",0.0518989898989899,0.0518989898989899,0.35640404040404,0.356515151515152,0.406626262626263
"4393",0.135030303030303,0.135080808080808,0.449787878787879,0.449787878787879,0.449787878787879
"4394",0.106353535353535,0.106353535353535,0.364090909090909,0.364090909090909,0.364090909090909
"4395",0.107454545454545,0.107454545454545,0.405464646464646,0.405464646464646,0.504464646464647
"4396",0.0526060606060606,0.113040404040404,0.325858585858586,0.325858585858586,0.325858585858586
"4397",0.125222222222222,0.202858585858586,0.249575757575758,0.276757575757576,0.608424242424242
"4398",0.0460505050505051,0.221010101010101,0.32669696969697,0.32669696969697,0.346191919191919
"4399",0.0558282828282828,0.162555555555556,0.162555555555556,0.613121212121212,NA
"4400",0.112979797979798,0.112979797979798,0.216727272727273,0.488222222222222,0.488222222222222
"4401",0.0405959595959596,0.127,0.337474747474747,0.337474747474747,NA
"4402",0.170919191919192,0.237575757575758,0.482828282828283,0.497020202020202,NA
"4403",0.154838383838384,0.280878787878788,0.280878787878788,0.280878787878788,0.422282828282828
"4404",0.0407676767676768,0.12869696969697,0.390464646464647,0.390464646464647,0.390464646464647
"4405",0.0492020202020202,0.0577272727272727,0.488282828282828,0.488282828282828,0.509979797979798
"4406",0.0423232323232323,0.211232323232323,0.378333333333333,0.441030303030303,0.554151515151515
"4407",0.0873131313131313,0.0873131313131313,0.580313131313131,0.580313131313131,0.611050505050505
"4408",0.125585858585859,0.125585858585859,0.325585858585859,0.39279797979798,NA
"4409",0.0436666666666667,0.0875050505050505,0.436818181818182,0.462323232323232,0.543636363636364
"4410",0.0528888888888889,0.139111111111111,0.502363636363636,0.502363636363636,0.559737373737374
"4411",0.0514848484848485,0.0775959595959596,0.465878787878788,0.465878787878788,0.513777777777778
"4412",0.0621414141414141,0.0780606060606061,0.311878787878788,0.507484848484849,0.507484848484849
"4413",0.0692323232323232,0.0783535353535354,0.423868686868687,0.423868686868687,0.423868686868687
"4414",0.0803030303030303,0.123575757575758,0.404555555555556,0.408,0.453929292929293
"4415",0.0807575757575758,0.0807575757575758,0.276626262626263,0.546323232323232,0.574343434343434
"4416",0.0585252525252525,0.0585252525252525,0.319343434343434,0.319343434343434,0.319343434343434
"4417",0.15489898989899,0.15489898989899,0.292929292929293,0.292929292929293,0.370969696969697
"4418",0.072949494949495,0.072949494949495,0.389222222222222,0.39010101010101,0.50389898989899
"4419",0.107050505050505,0.13259595959596,0.258686868686869,0.45530303030303,0.45530303030303
"4420",0.0704040404040404,0.0704040404040404,0.253979797979798,0.539989898989899,0.539989898989899
"4421",0.047,0.047,0.481777777777778,0.481777777777778,0.481777777777778
"4422",0.16869696969697,0.193858585858586,0.248959595959596,0.248959595959596,0.248959595959596
"4423",0.148414141414141,0.148414141414141,0.280747474747475,0.458757575757576,0.458757575757576
"4424",0.0733838383838384,0.151010101010101,0.351616161616162,0.378575757575758,0.408989898989899
"4425",0.0934444444444445,0.213626262626263,0.403010101010101,0.405434343434343,0.405434343434343
"4426",0.160949494949495,0.160949494949495,0.385353535353535,0.401323232323232,0.554141414141414
"4427",0.108949494949495,0.259787878787879,0.308555555555556,0.308555555555556,NA
"4428",0.0816060606060606,0.259737373737374,0.46779797979798,0.46779797979798,0.46779797979798
"4429",0.0317878787878788,0.0641818181818182,0.28820202020202,0.329646464646465,0.329646464646465
"4430",0.0688080808080808,0.0688080808080808,0.326686868686869,0.326686868686869,0.689252525252525
"4431",0.170646464646465,0.170646464646465,0.266646464646465,0.310040404040404,0.310131313131313
"4432",0.0608787878787879,0.0608787878787879,0.366505050505051,0.366505050505051,0.366505050505051
"4433",0.0604343434343434,0.171121212121212,0.18669696969697,0.18669696969697,0.47110101010101
"4434",0.128525252525253,0.128525252525253,0.429919191919192,0.429919191919192,0.429919191919192
"4435",0.0836767676767677,0.0836767676767677,0.256757575757576,0.286585858585859,0.509454545454545
"4436",0.160787878787879,0.160787878787879,0.45849494949495,0.458505050505051,0.542848484848485
"4437",0.0537272727272727,0.0537272727272727,0.398010101010101,0.398010101010101,0.398010101010101
"4438",0.0509292929292929,0.0966262626262626,0.389929292929293,0.52630303030303,0.52630303030303
"4439",0.163717171717172,0.163717171717172,0.366848484848485,0.366848484848485,0.510535353535354
"4440",0.0786060606060606,0.195484848484849,0.503141414141414,0.513191919191919,0.513191919191919
"4441",0.0682020202020202,0.11320202020202,0.252787878787879,0.252787878787879,0.365565656565657
"4442",0.0375353535353535,0.0821616161616162,0.215424242424242,0.565111111111111,NA
"4443",0.135232323232323,0.135232323232323,0.331686868686869,0.462989898989899,0.462989898989899
"4444",0.0738787878787879,0.0995757575757576,0.43449494949495,0.43449494949495,NA
"4445",0.067020202020202,0.067020202020202,0.367757575757576,0.429707070707071,0.429707070707071
"4446",0.0494646464646465,0.0580707070707071,0.359505050505051,0.418686868686869,0.794878787878788
"4447",0.113232323232323,0.121707070707071,0.456969696969697,0.555636363636364,0.570737373737374
"4448",0.0568484848484849,0.0694343434343434,0.380565656565657,0.380565656565657,0.380565656565657
"4449",0.0548888888888889,0.252484848484848,0.486858585858586,0.492919191919192,0.492919191919192
"4450",0.128111111111111,0.142292929292929,0.190838383838384,0.269222222222222,0.610343434343434
"4451",0.0846363636363636,0.0883131313131313,0.408555555555556,0.409010101010101,0.409505050505051
"4452",0.0733434343434343,0.149515151515152,0.477484848484849,0.477484848484849,0.83359595959596
"4453",0.0905050505050505,0.257323232323232,0.325434343434343,0.434252525252525,0.434252525252525
"4454",0.0551111111111111,0.32779797979798,0.394323232323232,0.394323232323232,0.394323232323232
"4455",0.0549393939393939,0.190535353535354,0.303292929292929,0.41179797979798,0.45269696969697
"4456",0.179909090909091,0.179909090909091,0.28949494949495,0.28949494949495,0.501
"4457",0.0600505050505051,0.0600505050505051,0.357939393939394,0.526464646464647,NA
"4458",0.0801313131313131,0.0801313131313131,0.286929292929293,0.413909090909091,0.41430303030303
"4459",0.164565656565657,0.247373737373737,0.399929292929293,0.399929292929293,0.399929292929293
"4460",0.0990505050505051,0.104454545454545,0.289272727272727,0.291868686868687,0.362808080808081
"4461",0.0384646464646465,0.057949494949495,0.389363636363636,0.389363636363636,0.389363636363636
"4462",0.0660404040404041,0.0660404040404041,0.0660404040404041,0.560252525252525,0.560252525252525
"4463",0.0614343434343434,0.0614343434343434,0.511939393939394,0.511939393939394,0.511939393939394
"4464",0.0585555555555556,0.126959595959596,0.127474747474747,0.204919191919192,0.215020202020202
"4465",0.0721111111111111,0.0721111111111111,0.378626262626263,0.647464646464647,0.647464646464647
"4466",0.0847474747474748,0.151676767676768,0.514676767676768,0.514676767676768,0.580272727272727
"4467",0.0968989898989899,0.0968989898989899,0.408252525252525,0.445656565656566,0.445656565656566
"4468",0.169474747474748,0.179111111111111,0.287505050505051,0.398757575757576,0.45969696969697
"4469",0.0499191919191919,0.0644949494949495,0.416414141414141,0.41759595959596,0.41759595959596
"4470",0.0546464646464647,0.0546464646464647,0.331909090909091,0.331909090909091,0.457949494949495
"4471",0.134474747474747,0.250888888888889,0.29110101010101,0.482646464646465,NA
"4472",0.0715757575757576,0.0930909090909091,0.434737373737374,0.434737373737374,0.633828282828283
"4473",0.0467474747474748,0.0467474747474748,0.386424242424242,0.386424242424242,0.386424242424242
"4474",0.0430707070707071,0.0430707070707071,0.441171717171717,0.634787878787879,0.634787878787879
"4475",0.0635555555555556,0.133707070707071,0.370878787878788,0.523191919191919,NA
"4476",0.0506666666666667,0.212383838383838,0.376454545454545,0.376454545454545,NA
"4477",0.0847070707070707,0.0851212121212121,0.278282828282828,0.278282828282828,0.278282828282828
"4478",0.0504343434343434,0.0543636363636364,0.427161616161616,0.427242424242424,0.45120202020202
"4479",0.0467373737373737,0.102262626262626,0.124575757575758,0.607292929292929,NA
"4480",0.0672525252525253,0.0672525252525253,0.38759595959596,0.418585858585859,NA
"4481",0.049979797979798,0.049979797979798,0.256989898989899,0.460060606060606,0.460060606060606
"4482",0.0451212121212121,0.0451212121212121,0.379989898989899,0.379989898989899,0.422929292929293
"4483",0.162686868686869,0.185010101010101,0.427969696969697,0.42810101010101,NA
"4484",0.152383838383838,0.152383838383838,0.363545454545455,0.604040404040404,0.604040404040404
"4485",0.0841414141414141,0.103676767676768,0.385434343434343,0.385434343434343,0.756464646464647
"4486",0.0502424242424242,0.053979797979798,0.326555555555556,0.454939393939394,0.454989898989899
"4487",0.0804646464646465,0.0804646464646465,0.381474747474748,0.391282828282828,0.391282828282828
"4488",0.105161616161616,0.105161616161616,0.347070707070707,0.347070707070707,0.402060606060606
"4489",0.0896262626262626,0.0896262626262626,0.359535353535354,0.359535353535354,0.633808080808081
"4490",0.190222222222222,0.213515151515152,0.473535353535354,0.473535353535354,0.473535353535354
"4491",0.283,0.283,0.33459595959596,0.334656565656566,0.652313131313131
"4492",0.0504444444444445,0.0671616161616162,0.345030303030303,0.345030303030303,0.345030303030303
"4493",0.206747474747475,0.206747474747475,0.256616161616162,0.256616161616162,0.511242424242424
"4494",0.116555555555556,0.116555555555556,0.443060606060606,0.443191919191919,NA
"4495",0.106555555555556,0.106888888888889,0.510838383838384,0.510838383838384,0.519626262626263
"4496",0.0741818181818182,0.0923939393939394,0.397010101010101,0.445767676767677,0.600777777777778
"4497",0.158888888888889,0.179262626262626,0.443535353535354,NA,NA
"4498",0.0434545454545455,0.0434545454545455,0.527141414141414,0.527141414141414,0.57969696969697
"4499",0.0428585858585859,0.0631414141414142,0.257949494949495,0.573313131313131,0.838888888888889
"4500",0.0751818181818182,0.111767676767677,0.128888888888889,0.392161616161616,NA
"4501",0.0593838383838384,0.060020202020202,0.235646464646465,NA,NA
"4502",0.0752929292929293,0.167969696969697,0.421474747474748,0.537424242424242,NA
"4503",0.0464242424242424,0.0543636363636364,0.350252525252525,0.350252525252525,0.500373737373737
"4504",0.0884040404040404,0.155363636363636,0.253131313131313,0.253131313131313,0.429646464646465
"4505",0.0448989898989899,0.0448989898989899,0.576454545454546,0.576454545454546,0.578232323232323
"4506",0.0575858585858586,0.13230303030303,0.353909090909091,0.353909090909091,0.382262626262626
"4507",0.0751111111111111,0.0751111111111111,0.283373737373737,0.367575757575758,0.584535353535354
"4508",0.0532020202020202,0.109181818181818,0.310707070707071,0.347848484848485,0.449818181818182
"4509",0.0797373737373737,0.133383838383838,0.159151515151515,0.328777777777778,0.461565656565657
"4510",0.0961616161616162,0.167727272727273,0.361070707070707,0.361070707070707,0.366606060606061
"4511",0.0483838383838384,0.0483838383838384,0.527474747474748,0.527474747474748,0.824141414141414
"4512",0.099030303030303,0.099030303030303,0.347141414141414,0.607767676767677,NA
"4513",0.0611111111111111,0.0681414141414141,0.155353535353535,0.356616161616162,0.356616161616162
"4514",0.0456060606060606,0.143959595959596,0.355525252525253,0.355525252525253,0.508272727272727
"4515",0.188232323232323,0.260505050505051,0.356868686868687,0.357111111111111,0.418575757575758
"4516",0.0615252525252525,0.129707070707071,0.461606060606061,0.461606060606061,0.553272727272727
"4517",0.075030303030303,0.087030303030303,0.277545454545455,0.529343434343434,NA
"4518",0.0818383838383838,0.0818383838383838,0.389707070707071,0.545646464646465,0.545646464646465
"4519",0.050969696969697,0.0766565656565657,0.242232323232323,0.242232323232323,0.411646464646465
"4520",0.0392929292929293,0.0578181818181818,0.233585858585859,0.233585858585859,0.291555555555556
"4521",0.229090909090909,0.229090909090909,0.38049494949495,0.385555555555556,0.385555555555556
"4522",0.129939393939394,0.213454545454545,0.455555555555556,0.610404040404041,0.610404040404041
"4523",0.0517878787878788,0.0517878787878788,0.475262626262626,0.475979797979798,0.841515151515152
"4524",0.0455050505050505,0.168636363636364,0.274333333333333,0.274333333333333,NA
"4525",0.0653131313131313,0.0653131313131313,0.229454545454545,0.320707070707071,0.330666666666667
"4526",0.0906868686868687,0.0906868686868687,0.321080808080808,0.589111111111111,0.589111111111111
"4527",0.091,0.091010101010101,0.307353535353535,0.307353535353535,0.589727272727273
"4528",0.068989898989899,0.275121212121212,0.312030303030303,0.312030303030303,0.312030303030303
"4529",0.271727272727273,0.302737373737374,0.437646464646465,0.437646464646465,0.437646464646465
"4530",NA,NA,NA,NA,NA
"4531",0.054959595959596,0.193858585858586,0.455626262626263,0.455626262626263,0.455626262626263
"4532",0.0488383838383838,0.185444444444444,0.257141414141414,0.462383838383838,0.462383838383838
"4533",0.055989898989899,0.15620202020202,0.369515151515152,0.369646464646465,0.39589898989899
"4534",0.152363636363636,0.152363636363636,0.583292929292929,0.583383838383838,0.87340404040404
"4535",0.0472020202020202,0.15169696969697,0.40579797979798,0.407141414141414,0.547646464646465
"4536",0.0688181818181818,0.0688181818181818,0.274969696969697,0.323929292929293,0.323929292929293
"4537",0.0502929292929293,0.0548181818181818,0.35589898989899,0.35589898989899,0.603505050505051
"4538",0.0713636363636364,0.123727272727273,0.55910101010101,0.55910101010101,0.55910101010101
"4539",0.0578080808080808,0.175030303030303,0.326484848484848,0.326484848484848,0.466606060606061
"4540",0.140212121212121,0.140212121212121,0.622050505050505,0.622050505050505,0.622050505050505
"4541",0.0496666666666667,0.190707070707071,0.525424242424242,0.525424242424242,0.563262626262626
"4542",0.0449191919191919,0.192272727272727,0.365656565656566,0.365656565656566,0.365656565656566
"4543",0.0598686868686869,0.236080808080808,0.360020202020202,0.360363636363636,0.501434343434343
"4544",0.17459595959596,0.300919191919192,0.437141414141414,0.451444444444444,0.574787878787879
"4545",0.0434848484848485,0.280434343434343,0.489222222222222,0.511535353535354,0.613555555555556
"4546",0.0555252525252525,0.067989898989899,0.522747474747475,0.522747474747475,0.781141414141414
"4547",0.119262626262626,0.196313131313131,0.299282828282828,0.299282828282828,0.299282828282828
"4548",0.129343434343434,0.191565656565657,0.303141414141414,0.303141414141414,0.437818181818182
"4549",0.0685757575757576,0.0685757575757576,0.39330303030303,0.39330303030303,NA
"4550",0.0538686868686869,0.0806969696969697,0.509686868686869,0.50979797979798,0.50979797979798
"4551",0.081969696969697,0.135171717171717,0.327434343434343,0.327919191919192,0.327939393939394
"4552",0.124868686868687,0.124868686868687,0.377767676767677,0.583616161616162,NA
"4553",0.0530808080808081,0.0530808080808081,0.472323232323232,0.47330303030303,0.689141414141414
"4554",0.0762222222222222,0.155686868686869,0.368838383838384,0.369020202020202,0.795878787878788
"4555",0.0972525252525253,0.0972525252525253,0.377474747474748,0.422070707070707,0.509727272727273
"4556",0.0742525252525253,0.10479797979798,0.446282828282828,0.446282828282828,0.446282828282828
"4557",0.0436565656565657,0.0436565656565657,0.35779797979798,0.42879797979798,NA
"4558",0.0564646464646465,0.0564646464646465,0.416858585858586,0.416858585858586,0.50720202020202
"4559",0.121585858585859,0.156575757575758,0.39659595959596,0.453313131313131,0.453313131313131
"4560",0.0622121212121212,0.104161616161616,0.117787878787879,0.117787878787879,0.257232323232323
"4561",0.0545959595959596,0.220080808080808,0.220080808080808,0.220080808080808,0.220080808080808
"4562",0.0684949494949495,0.19740404040404,0.28269696969697,0.504767676767677,0.546262626262626
"4563",0.0681111111111111,0.0874444444444444,0.504191919191919,0.504191919191919,0.696373737373737
"4564",0.0670909090909091,0.0670909090909091,0.350313131313131,0.370373737373737,0.444565656565657
"4565",0.0339090909090909,0.0537979797979798,0.42189898989899,0.444,NA
"4566",0.0708181818181818,0.0708181818181818,0.18089898989899,NA,NA
"4567",0.106555555555556,0.106555555555556,0.460323232323232,0.460323232323232,0.460323232323232
"4568",0.0435050505050505,0.170515151515152,0.344606060606061,0.367909090909091,0.838333333333333
"4569",0.0781616161616162,0.0782424242424243,0.34749494949495,0.34749494949495,0.351929292929293
"4570",0.0904848484848485,0.0904848484848485,0.349949494949495,0.349949494949495,0.349949494949495
"4571",0.0477070707070707,0.164969696969697,0.48949494949495,0.490777777777778,0.490777777777778
"4572",0.0555959595959596,0.170242424242424,0.304424242424242,0.304424242424242,0.304424242424242
"4573",0.0881717171717172,0.0881717171717172,0.278929292929293,0.278929292929293,0.500737373737374
"4574",0.112343434343434,0.13010101010101,0.412353535353535,0.412353535353535,0.689050505050505
"4575",0.0532222222222222,0.214979797979798,0.417767676767677,0.417767676767677,0.417767676767677
"4576",0.0476969696969697,0.0476969696969697,0.43520202020202,0.455717171717172,0.510161616161616
"4577",0.0411717171717172,0.0440707070707071,0.308424242424242,0.347888888888889,0.347888888888889
"4578",0.166525252525253,0.176222222222222,0.349555555555556,0.36840404040404,0.36840404040404
"4579",0.0740606060606061,0.11779797979798,0.349484848484849,0.408666666666667,0.498757575757576
"4580",0.0368484848484849,0.103050505050505,0.486,0.534626262626263,NA
"4581",0.15230303030303,0.171565656565657,0.325151515151515,0.395757575757576,0.395757575757576
"4582",0.091959595959596,0.091959595959596,0.498787878787879,0.498787878787879,0.498787878787879
"4583",0.0531717171717172,0.122575757575758,0.294828282828283,0.294828282828283,0.294828282828283
"4584",0.0756060606060606,0.196080808080808,0.451636363636364,0.451707070707071,0.451707070707071
"4585",0.0654040404040404,0.147353535353535,0.439989898989899,0.439989898989899,0.471585858585859
"4586",0.0536464646464647,0.173545454545455,0.35530303030303,0.46320202020202,0.657676767676768
"4587",0.0444646464646465,0.0520808080808081,0.186212121212121,0.262787878787879,0.262787878787879
"4588",0.0503131313131313,0.0503131313131313,0.318929292929293,0.429353535353535,0.506313131313131
"4589",0.0530707070707071,0.0734141414141414,0.386929292929293,0.437939393939394,0.437939393939394
"4590",0.115818181818182,0.115818181818182,0.115818181818182,0.548070707070707,0.548070707070707
"4591",0.106545454545455,0.28120202020202,0.28120202020202,0.482848484848485,0.591333333333333
"4592",0.0689393939393939,0.0689393939393939,0.330151515151515,0.330151515151515,0.392070707070707
"4593",0.0704141414141414,0.0704141414141414,0.373888888888889,0.416979797979798,0.50930303030303
"4594",0.0372727272727273,0.0898989898989899,0.399070707070707,NA,NA
"4595",0.0427979797979798,0.167676767676768,0.373727272727273,0.373727272727273,0.373919191919192
"4596",0.0607676767676768,0.230141414141414,0.451616161616162,0.50120202020202,0.543424242424242
"4597",0.039020202020202,0.120656565656566,0.213707070707071,0.213707070707071,0.213707070707071
"4598",0.0546868686868687,0.139565656565657,0.348919191919192,0.460838383838384,0.585282828282828
"4599",0.0483535353535354,0.0522525252525253,0.399353535353535,0.65540404040404,0.65540404040404
"4600",0.10659595959596,0.222484848484849,0.330333333333333,0.330333333333333,0.689727272727273
"4601",0.048969696969697,0.175030303030303,0.467242424242424,0.650161616161616,0.650161616161616
"4602",0.0478585858585859,0.218272727272727,0.406030303030303,0.406030303030303,0.406030303030303
"4603",0.0844747474747475,0.0878181818181818,0.151878787878788,0.501707070707071,0.689666666666667
"4604",0.0744646464646465,0.259686868686869,0.336292929292929,NA,NA
"4605",0.052020202020202,0.052020202020202,0.210373737373737,0.463333333333333,0.463343434343434
"4606",0.0581818181818182,0.207979797979798,0.399323232323232,0.399323232323232,0.399323232323232
"4607",0.0901010101010101,0.164222222222222,0.371777777777778,NA,NA
"4608",0.0975757575757576,0.143939393939394,0.371838383838384,NA,NA
"4609",0.0848787878787879,0.0848787878787879,0.362626262626263,0.363515151515152,0.363565656565657
"4610",0.116070707070707,0.116070707070707,0.395676767676768,0.395676767676768,0.395676767676768
"4611",0.045979797979798,0.237525252525253,0.237525252525253,0.376323232323232,0.376555555555556
"4612",0.0631515151515152,0.0631515151515152,0.362313131313131,0.362313131313131,0.460535353535354
"4613",0.0431515151515152,0.196707070707071,0.362666666666667,0.362666666666667,0.362666666666667
"4614",0.0484646464646465,0.084020202020202,0.276434343434343,0.276434343434343,0.276434343434343
"4615",0.0797676767676768,0.176080808080808,0.541242424242424,0.541242424242424,0.541242424242424
"4616",0.0392121212121212,0.0613636363636364,0.396606060606061,0.396606060606061,0.396606060606061
"4617",0.123676767676768,0.176383838383838,0.454252525252525,0.454252525252525,0.454252525252525
"4618",0.121838383838384,0.122080808080808,0.32230303030303,0.504040404040404,0.554171717171717
"4619",0.158767676767677,0.158767676767677,0.433787878787879,0.458252525252525,0.499727272727273
"4620",0.130939393939394,0.130939393939394,0.283464646464646,0.418010101010101,0.418010101010101
"4621",0.0359191919191919,0.0738686868686869,0.335717171717172,0.335717171717172,NA
"4622",0.0736464646464647,0.126727272727273,0.350252525252525,0.38889898989899,0.608525252525253
"4623",0.053030303030303,0.053030303030303,0.369414141414141,0.372010101010101,0.372010101010101
"4624",0.0750808080808081,0.253020202020202,0.349161616161616,0.462707070707071,0.462707070707071
"4625",0.145464646464646,0.167909090909091,0.167909090909091,0.167909090909091,0.225636363636364
"4626",NA,NA,NA,NA,NA
"4627",0.113757575757576,0.113757575757576,0.379626262626263,0.382141414141414,0.382141414141414
"4628",0.0558989898989899,0.0772828282828283,0.350747474747475,0.360787878787879,0.360787878787879
"4629",0.0460505050505051,0.0541515151515152,0.473737373737374,0.473737373737374,0.544909090909091
"4630",0.0616565656565657,0.0628888888888889,0.481868686868687,0.483121212121212,0.584010101010101
"4631",0.0577777777777778,0.158777777777778,0.385555555555556,0.385555555555556,0.385555555555556
"4632",0.0928484848484849,0.0928484848484849,0.189525252525253,0.218777777777778,NA
"4633",0.0815555555555556,0.201525252525253,0.380313131313131,0.380313131313131,0.390363636363636
"4634",0.111676767676768,0.111676767676768,0.383121212121212,0.383121212121212,0.383121212121212
"4635",0.0662828282828283,0.138858585858586,0.350767676767677,0.529979797979798,0.529979797979798
"4636",0.0919292929292929,0.0919292929292929,0.42459595959596,0.42459595959596,0.42459595959596
"4637",0.117888888888889,0.117888888888889,0.39220202020202,0.39220202020202,0.39220202020202
"4638",0.142292929292929,0.142292929292929,0.595888888888889,0.595888888888889,0.595888888888889
"4639",0.0408080808080808,0.142868686868687,0.267505050505051,0.515474747474748,NA
"4640",0.0491515151515152,0.326737373737374,0.326747474747475,0.469838383838384,0.469838383838384
"4641",0.0421010101010101,0.156222222222222,0.351565656565657,0.466666666666667,0.466666666666667
"4642",0.180878787878788,0.246555555555556,0.43130303030303,0.455909090909091,NA
"4643",0.0758282828282828,0.308282828282828,0.328,0.468343434343434,0.468555555555556
"4644",0.0994848484848485,0.0994848484848485,0.404646464646465,0.405383838383838,0.414888888888889
"4645",0.0477272727272727,0.0770606060606061,0.216979797979798,0.575777777777778,0.575777777777778
"4646",0.0544444444444444,0.0544444444444444,0.257010101010101,0.374252525252525,0.374252525252525
"4647",0.0423131313131313,0.238929292929293,0.330232323232323,0.330232323232323,0.442808080808081
"4648",0.066959595959596,0.066959595959596,0.528808080808081,0.532676767676768,0.532676767676768
"4649",0.136,0.136,0.454707070707071,0.590626262626263,0.590626262626263
"4650",0.0868383838383838,0.0868383838383838,0.407626262626263,0.407626262626263,NA
"4651",0.0468080808080808,0.102323232323232,0.33049494949495,0.33049494949495,0.405040404040404
"4652",0.096949494949495,0.216393939393939,0.353434343434343,0.618323232323232,0.619222222222222
"4653",0.132292929292929,0.330676767676768,0.365262626262626,0.365262626262626,0.365262626262626
"4654",0.11659595959596,0.127111111111111,0.377050505050505,NA,NA
"4655",0.0577272727272727,0.0797575757575758,0.350010101010101,0.350010101010101,0.350050505050505
"4656",0.0568585858585859,0.184444444444444,0.293505050505051,0.293505050505051,0.293505050505051
"4657",0.0856161616161616,0.0856161616161616,0.252484848484848,0.308040404040404,0.308040404040404
"4658",0.0458787878787879,0.172646464646465,0.335272727272727,0.335272727272727,0.335272727272727
"4659",0.041020202020202,0.134020202020202,0.511222222222222,0.540141414141414,0.540181818181818
"4660",0.216707070707071,0.218454545454545,0.566222222222222,0.566222222222222,0.566222222222222
"4661",0.127545454545455,0.215676767676768,0.414121212121212,0.414121212121212,0.414121212121212
"4662",0.0446363636363636,0.0575959595959596,0.273393939393939,0.273393939393939,0.553242424242424
"4663",0.0733838383838384,0.0773636363636364,0.373707070707071,0.373707070707071,0.373707070707071
"4664",0.181474747474747,0.181474747474747,0.239666666666667,0.239666666666667,0.32779797979798
"4665",0.0717373737373737,0.0717373737373737,0.236909090909091,0.503252525252525,0.503252525252525
"4666",0.081010101010101,0.134686868686869,0.452,0.452242424242424,NA
"4667",0.0544646464646465,0.117969696969697,0.250828282828283,0.330616161616162,0.330616161616162
"4668",0.125626262626263,0.125626262626263,0.229747474747475,0.514505050505051,0.519636363636364
"4669",0.0784545454545455,0.0784545454545455,0.368777777777778,0.368777777777778,0.599
"4670",0.0757474747474748,0.170919191919192,0.30510101010101,0.30510101010101,0.30510101010101
"4671",0.0567777777777778,0.0623434343434343,0.215010101010101,0.352777777777778,0.396010101010101
"4672",0.0465252525252525,0.0643838383838384,0.487333333333333,0.501070707070707,0.502979797979798
"4673",0.0738686868686869,0.16969696969697,0.416858585858586,0.416858585858586,0.416858585858586
"4674",0.0535757575757576,0.064010101010101,0.636272727272727,0.636272727272727,0.636272727272727
"4675",0.0663232323232323,0.111808080808081,0.111808080808081,0.232515151515152,0.255383838383838
"4676",0.0622424242424242,0.112838383838384,0.213656565656566,0.597484848484849,0.649666666666667
"4677",0.143454545454545,0.143454545454545,0.431707070707071,0.431707070707071,0.431828282828283
"4678",0.067949494949495,0.067949494949495,0.391838383838384,0.391838383838384,0.39189898989899
"4679",0.0598484848484849,0.0598484848484849,0.0786161616161616,0.38579797979798,0.588424242424243
"4680",0.0745656565656566,0.101252525252525,0.383727272727273,0.54859595959596,0.576353535353535
"4681",0.0442727272727273,0.221858585858586,0.273626262626263,0.273626262626263,0.49210101010101
"4682",0.0472121212121212,0.112676767676768,0.214464646464646,0.320787878787879,0.320787878787879
"4683",0.088969696969697,0.0892626262626263,0.257838383838384,0.257838383838384,0.41130303030303
"4684",0.0396060606060606,0.0727676767676768,0.259919191919192,0.387515151515152,NA
"4685",0.0606666666666667,0.139656565656566,0.377686868686869,0.377686868686869,0.384858585858586
"4686",0.0492525252525253,0.187606060606061,0.351353535353535,0.351353535353535,NA
"4687",0.0290505050505051,0.0514848484848485,0.309030303030303,0.314676767676768,0.491242424242424
"4688",0.0553434343434343,0.17059595959596,0.374787878787879,0.374787878787879,0.378828282828283
"4689",0.0456565656565657,0.0633434343434344,0.350939393939394,0.350939393939394,NA
"4690",0.108020202020202,0.108020202020202,0.530343434343434,0.530676767676768,0.698787878787879
"4691",0.0681010101010101,0.119989898989899,0.355909090909091,0.364444444444444,0.364444444444444
"4692",0.0757878787878788,0.0757878787878788,0.366131313131313,0.366131313131313,0.366131313131313
"4693",0.0848282828282828,0.0848282828282828,0.656363636363636,0.656363636363636,0.659757575757576
"4694",0.0468181818181818,0.231686868686869,0.454868686868687,0.55489898989899,0.55489898989899
"4695",0.0558383838383838,0.0683838383838384,0.326757575757576,0.443323232323232,0.443323232323232
"4696",0.0688484848484849,0.0688585858585859,0.347919191919192,0.406929292929293,0.559181818181818
"4697",0.116808080808081,0.116808080808081,0.390878787878788,0.467888888888889,0.732121212121212
"4698",0.0528383838383838,0.057949494949495,0.434626262626263,0.434626262626263,0.435020202020202
"4699",0.0738787878787879,0.22789898989899,0.269979797979798,0.407131313131313,0.722848484848485
"4700",0.0526363636363636,0.073010101010101,0.253111111111111,0.304676767676768,0.305252525252525
"4701",0.0539090909090909,0.137585858585859,0.382515151515152,0.382515151515152,0.382515151515152
"4702",0.0414545454545455,0.287484848484849,0.354959595959596,0.39989898989899,0.39989898989899
"4703",0.164454545454545,0.164454545454545,0.523464646464647,0.523464646464647,0.523464646464647
"4704",0.118717171717172,0.152969696969697,0.323858585858586,0.514888888888889,0.514919191919192
"4705",0.0821212121212121,0.219676767676768,0.219676767676768,0.371545454545455,0.575040404040404
"4706",0.0624444444444444,0.0624444444444444,0.309333333333333,0.309333333333333,0.507717171717172
"4707",0.0491717171717172,0.0491717171717172,0.252414141414141,0.489222222222222,NA
"4708",0.0552424242424242,0.0606262626262626,0.502747474747475,0.515777777777778,0.51579797979798
"4709",0.068959595959596,0.12220202020202,0.398383838383838,0.472878787878788,0.472878787878788
"4710",0.0573636363636364,0.0866767676767677,0.302414141414141,0.387888888888889,0.387888888888889
"4711",0.118060606060606,0.168555555555556,0.486292929292929,0.486292929292929,0.486292929292929
"4712",0.0510505050505051,0.0553838383838384,0.394545454545455,0.505727272727273,0.687656565656566
"4713",0.0562121212121212,0.30510101010101,0.435444444444444,0.435444444444444,0.437666666666667
"4714",0.0901616161616162,0.0901616161616162,0.0902424242424242,0.586787878787879,0.617888888888889
"4715",0.113484848484848,0.173636363636364,0.499292929292929,0.548272727272727,NA
"4716",0.0719191919191919,0.0830707070707071,0.414707070707071,0.421868686868687,0.499656565656566
"4717",0.114939393939394,0.201080808080808,0.412818181818182,0.412818181818182,0.412969696969697
"4718",0.0785454545454546,0.0785454545454546,0.277818181818182,0.418222222222222,0.539545454545455
"4719",0.0586565656565657,0.0808080808080808,0.389323232323232,0.389323232323232,0.432717171717172
"4720",0.0767070707070707,0.0768383838383838,0.505747474747475,0.507030303030303,0.507030303030303
"4721",0.0515656565656566,0.0515656565656566,0.463252525252525,0.463252525252525,0.463252525252525
"4722",0.0978484848484849,0.0978686868686869,0.194090909090909,0.197191919191919,0.425343434343434
"4723",0.0960909090909091,0.0960909090909091,0.445313131313131,0.565989898989899,0.595939393939394
"4724",0.116424242424242,0.116424242424242,0.119151515151515,0.463545454545455,0.821676767676768
"4725",0.0412020202020202,0.0672828282828283,0.477727272727273,0.695060606060606,NA
"4726",0.0482828282828283,0.154868686868687,0.424636363636364,0.424636363636364,0.502848484848485
"4727",0.0765353535353535,0.154464646464646,0.433818181818182,0.433818181818182,0.540121212121212
"4728",0.11079797979798,0.11079797979798,0.11079797979798,0.362262626262626,NA
"4729",0.0406060606060606,0.174616161616162,0.174616161616162,0.344646464646465,NA
"4730",0.0518282828282828,0.148656565656566,0.364181818181818,0.388454545454545,0.463919191919192
"4731",0.0413737373737374,0.0508383838383838,0.314606060606061,0.384272727272727,NA
"4732",0.100888888888889,0.119030303030303,0.362,0.597707070707071,0.597707070707071
"4733",0.0388181818181818,0.0477070707070707,0.283515151515152,0.28449494949495,0.718414141414142
"4734",0.0698787878787879,0.126393939393939,0.606919191919192,0.674121212121212,0.674121212121212
"4735",0.0470505050505051,0.0722626262626263,0.330646464646465,0.39949494949495,0.39949494949495
"4736",0.0761616161616162,0.112868686868687,0.478656565656566,0.478656565656566,0.478656565656566
"4737",0.0501111111111111,0.145030303030303,0.308383838383838,0.308383838383838,NA
"4738",0.0702727272727273,0.0702727272727273,0.457080808080808,0.457080808080808,0.457080808080808
"4739",0.042959595959596,0.279484848484849,0.415575757575758,0.41720202020202,0.652888888888889
"4740",0.0381313131313131,0.0788181818181818,0.459424242424242,0.459424242424242,0.706737373737374
"4741",0.0497575757575758,0.0497575757575758,0.361676767676768,0.668818181818182,NA
"4742",0.100535353535354,0.100535353535354,0.406555555555556,0.406555555555556,0.803050505050505
"4743",0.0601919191919192,0.0601919191919192,0.216161616161616,0.216181818181818,0.505787878787879
"4744",0.0780505050505051,0.152575757575758,0.185787878787879,0.185787878787879,0.215979797979798
"4745",0.171242424242424,0.171242424242424,0.325030303030303,0.558111111111111,0.558444444444445
"4746",NA,NA,NA,NA,NA
"4747",0.055020202020202,0.12059595959596,0.471161616161616,0.471161616161616,0.471161616161616
"4748",0.0430606060606061,0.282414141414141,0.348888888888889,0.348888888888889,0.362464646464646
"4749",0.21110101010101,0.21110101010101,0.297686868686869,0.297686868686869,NA
"4750",0.0756565656565657,0.19740404040404,0.414707070707071,0.429272727272727,0.583242424242424
"4751",0.0840707070707071,0.0840707070707071,0.433747474747475,0.478606060606061,NA
"4752",0.0550505050505051,0.0550505050505051,0.473212121212121,0.48520202020202,0.48520202020202
"4753",0.154484848484849,0.154484848484849,0.36959595959596,0.36979797979798,0.566777777777778
"4754",0.0602121212121212,0.067,0.521444444444444,0.521444444444444,0.521444444444444
"4755",0.151858585858586,0.151858585858586,0.36369696969697,0.531343434343434,0.531343434343434
"4756",0.0498282828282828,0.168979797979798,0.390828282828283,0.479333333333333,0.479333333333333
"4757",0.0898989898989899,0.0933333333333333,0.0933333333333333,0.308,0.308
"4758",0.0582727272727273,0.20230303030303,0.514626262626263,0.514626262626263,0.514626262626263
"4759",0.0573333333333333,0.0573333333333333,0.351111111111111,0.465282828282828,0.465282828282828
"4760",0.0591111111111111,0.137232323232323,0.343333333333333,0.343333333333333,0.534323232323232
"4761",0.0771818181818182,0.0785353535353535,0.464757575757576,NA,NA
"4762",0.0447777777777778,0.0482020202020202,0.52120202020202,0.52120202020202,0.521222222222222
"4763",0.0445353535353535,0.222161616161616,0.506565656565657,0.506565656565657,0.506565656565657
"4764",0.0533636363636364,0.235212121212121,0.365777777777778,0.415717171717172,0.415717171717172
"4765",0.201262626262626,0.201262626262626,0.274151515151515,0.274151515151515,0.274151515151515
"4766",0.0676666666666667,0.0676666666666667,0.271262626262626,0.392919191919192,0.500464646464647
"4767",0.113343434343434,0.113353535353535,0.279525252525253,0.279525252525253,0.279525252525253
"4768",0.115,0.115,0.510090909090909,0.510090909090909,0.510090909090909
"4769",0.0755252525252525,0.0755252525252525,0.390949494949495,0.483060606060606,0.483060606060606
"4770",0.0492020202020202,0.053,0.481969696969697,0.489333333333333,0.489333333333333
"4771",0.0520909090909091,0.233121212121212,0.436121212121212,0.436121212121212,0.436121212121212
"4772",0.145747474747475,0.145747474747475,0.377030303030303,0.387535353535354,0.387535353535354
"4773",0.101969696969697,0.101969696969697,0.293606060606061,0.472777777777778,0.472808080808081
"4774",0.0770505050505051,0.144757575757576,0.43379797979798,0.471050505050505,0.471111111111111
"4775",0.0429191919191919,0.136111111111111,0.136111111111111,0.504353535353535,0.504353535353535
"4776",0.0933838383838384,0.190111111111111,0.399535353535354,0.399535353535354,0.399535353535354
"4777",0.0902222222222222,0.199353535353535,0.349313131313131,0.428434343434343,0.571333333333333
"4778",0.0561313131313131,0.0617878787878788,0.439353535353535,0.484747474747475,0.484747474747475
"4779",0.0975757575757576,0.0975757575757576,0.433717171717172,0.433717171717172,NA
"4780",0.168676767676768,0.168676767676768,0.573888888888889,0.573919191919192,0.595919191919192
"4781",0.0461414141414141,0.0747272727272727,0.377818181818182,0.378010101010101,NA
"4782",0.0480909090909091,0.143434343434343,0.340484848484849,0.340484848484849,0.468070707070707
"4783",0.0943333333333333,0.0943333333333333,0.440323232323232,0.440323232323232,0.440323232323232
"4784",0.052959595959596,0.0634242424242424,0.235676767676768,0.235676767676768,0.236787878787879
"4785",0.0588989898989899,0.0588989898989899,0.419717171717172,0.420262626262626,0.420262626262626
"4786",0.0614040404040404,0.130232323232323,0.355979797979798,0.355979797979798,0.355979797979798
"4787",0.0425555555555556,0.0569191919191919,0.194191919191919,0.294555555555556,0.294555555555556
"4788",0.059979797979798,0.25330303030303,0.327050505050505,0.327050505050505,0.327050505050505
"4789",0.25389898989899,0.25389898989899,0.441222222222222,0.585242424242424,0.585242424242424
"4790",0.186030303030303,0.186030303030303,0.294060606060606,0.294060606060606,0.569434343434344
"4791",0.0602020202020202,0.066959595959596,0.458909090909091,0.661313131313131,0.661313131313131
"4792",0.0412626262626263,0.0587474747474747,0.287959595959596,0.393717171717172,0.393717171717172
"4793",0.0484141414141414,0.0484141414141414,0.125616161616162,0.178373737373737,0.187919191919192
"4794",0.147737373737374,0.147737373737374,0.247181818181818,0.247181818181818,0.393424242424242
"4795",0.0413636363636364,0.150363636363636,0.356727272727273,NA,NA
"4796",0.0481919191919192,0.0693434343434343,0.409929292929293,0.409929292929293,0.430989898989899
"4797",0.0616767676767677,0.0616767676767677,0.606535353535354,0.606535353535354,0.775383838383838
"4798",0.0592323232323232,0.0660707070707071,0.353444444444444,0.353444444444444,0.353444444444444
"4799",0.0630808080808081,0.0630808080808081,0.394181818181818,0.394181818181818,0.502787878787879
"4800",0.119191919191919,0.142767676767677,0.442242424242424,0.449949494949495,NA
"4801",0.0987777777777778,0.0987777777777778,0.282959595959596,0.282959595959596,0.373535353535354
"4802",0.0991010101010101,0.0992020202020202,0.289161616161616,0.289161616161616,0.289161616161616
"4803",0.183454545454545,0.218484848484849,0.218484848484849,0.382181818181818,NA
"4804",0.113212121212121,0.131080808080808,0.327575757575758,0.52259595959596,NA
"4805",0.172949494949495,0.256353535353535,0.562343434343434,0.563222222222222,0.563222222222222
"4806",0.131565656565657,0.185242424242424,0.479010101010101,0.479010101010101,0.508111111111111
"4807",0.093020202020202,0.0930505050505051,0.413323232323232,0.413323232323232,0.417545454545455
"4808",0.0391010101010101,0.105515151515152,0.306323232323232,0.595252525252525,0.595252525252525
"4809",0.112010101010101,0.112010101010101,0.293737373737374,0.439040404040404,0.552212121212121
"4810",0.0518484848484849,0.477505050505051,0.477828282828283,0.509777777777778,0.571010101010101
"4811",0.0384040404040404,0.0666565656565657,0.189888888888889,0.390414141414141,0.466323232323232
"4812",0.123575757575758,0.123575757575758,0.232030303030303,0.232030303030303,0.38659595959596
"4813",0.0586666666666667,0.156868686868687,0.336818181818182,0.336818181818182,0.339343434343434
"4814",0.147313131313131,0.303262626262626,0.449222222222222,0.449222222222222,0.449222222222222
"4815",0.0385050505050505,0.0407575757575758,0.301030303030303,0.627656565656566,NA
"4816",0.0566161616161616,0.0566161616161616,0.440676767676768,0.440676767676768,0.440676767676768
"4817",0.0606060606060606,0.0606060606060606,0.48059595959596,0.48059595959596,0.48059595959596
"4818",0.0444747474747475,0.154313131313131,0.465878787878788,0.511777777777778,0.511777777777778
"4819",0.0454040404040404,0.049020202020202,0.229646464646465,0.229646464646465,0.229646464646465
"4820",0.0685757575757576,0.0775959595959596,0.35149494949495,0.35149494949495,0.352515151515152
"4821",0.0549090909090909,0.067030303030303,0.400707070707071,0.400707070707071,0.400777777777778
"4822",0.0448181818181818,0.15889898989899,0.443727272727273,NA,NA
"4823",0.0488181818181818,0.0678080808080808,0.289919191919192,0.511030303030303,NA
"4824",0.121757575757576,0.201616161616162,0.470373737373737,0.470373737373737,NA
"4825",0.0604242424242424,0.0758989898989899,0.270454545454546,0.292444444444444,0.548828282828283
"4826",0.0623131313131313,0.0623131313131313,0.394818181818182,0.394818181818182,0.394818181818182
"4827",0.0579292929292929,0.0579292929292929,0.32620202020202,0.367606060606061,0.375858585858586
"4828",0.0554141414141414,0.212212121212121,0.552474747474748,0.552474747474748,0.552474747474748
"4829",0.0857878787878788,0.19720202020202,0.205585858585859,0.602090909090909,NA
"4830",0.0413333333333333,0.0607979797979798,0.44459595959596,0.558767676767677,0.558767676767677
"4831",0.103141414141414,0.103141414141414,0.444888888888889,0.482757575757576,0.482757575757576
"4832",0.0572727272727273,0.127717171717172,0.572686868686869,0.587252525252525,NA
"4833",0.0517373737373737,0.130858585858586,0.257444444444444,0.257444444444444,0.257444444444444
"4834",0.0650808080808081,0.267888888888889,0.270858585858586,0.278121212121212,0.587626262626263
"4835",0.0446868686868687,0.0552626262626263,0.177949494949495,0.487848484848485,NA
"4836",0.0706868686868687,0.156171717171717,0.427777777777778,0.427777777777778,0.427777777777778
"4837",0.0885050505050505,0.0886464646464647,0.153292929292929,0.230757575757576,0.353737373737374
"4838",0.0463737373737374,0.190676767676768,0.384040404040404,0.384040404040404,0.391464646464647
"4839",0.0605555555555556,0.0675151515151515,0.529585858585859,0.529717171717172,0.529717171717172
"4840",0.0612222222222222,0.203919191919192,0.325030303030303,0.325030303030303,0.495949494949495
"4841",0.0782626262626263,0.224686868686869,0.35610101010101,0.40859595959596,0.40859595959596
"4842",0.0436060606060606,0.355616161616162,0.378414141414141,0.378414141414141,0.378414141414141
"4843",0.0756464646464647,0.103919191919192,0.465808080808081,NA,NA
"4844",0.0554444444444444,0.104565656565657,0.392535353535354,0.608434343434343,0.608434343434343
"4845",0.0452626262626263,0.057040404040404,0.156464646464646,0.208828282828283,NA
"4846",0.100868686868687,0.100868686868687,0.372525252525253,0.372525252525253,0.502414141414141
"4847",0.220979797979798,0.220979797979798,0.493020202020202,0.493020202020202,0.597909090909091
"4848",0.0482424242424242,0.0518888888888889,0.398353535353535,0.398828282828283,0.398828282828283
"4849",0.0569292929292929,0.0787474747474748,0.43749494949495,0.43810101010101,0.43810101010101
"4850",0.0784444444444445,0.186232323232323,0.338151515151515,0.338151515151515,0.401939393939394
"4851",0.0774040404040404,0.183565656565657,0.28210101010101,0.28210101010101,0.56720202020202
"4852",0.066979797979798,0.129444444444444,0.322868686868687,0.503838383838384,0.63359595959596
"4853",0.0785050505050505,0.0785050505050505,0.257444444444444,0.316494949494949,0.316494949494949
"4854",0.127686868686869,0.127686868686869,0.289414141414141,0.384171717171717,0.384585858585859
"4855",0.0811010101010101,0.13489898989899,0.326808080808081,0.326808080808081,0.623989898989899
"4856",0.102141414141414,0.102141414141414,0.429141414141414,0.429141414141414,0.429141414141414
"4857",0.0341414141414141,0.0704242424242424,0.366333333333333,0.366333333333333,NA
"4858",0.0583333333333333,0.0583333333333333,0.434222222222222,0.434222222222222,NA
"4859",0.0592020202020202,0.22789898989899,0.372444444444444,0.386141414141414,0.387010101010101
"4860",0.0859393939393939,0.0866363636363637,0.296505050505051,0.296505050505051,0.408444444444444
"4861",0.0763434343434344,0.120888888888889,0.362414141414141,0.362414141414141,0.507666666666667
"4862",0.210868686868687,0.210868686868687,0.215555555555556,0.215555555555556,0.215555555555556
"4863",0.0613636363636364,0.0613636363636364,0.210676767676768,0.210676767676768,0.569575757575758
"4864",0.0613131313131313,0.0613131313131313,0.376616161616162,0.376989898989899,0.376989898989899
"4865",0.107888888888889,0.108030303030303,0.227545454545455,0.503757575757576,0.50379797979798
"4866",0.0569393939393939,0.0569393939393939,0.425262626262626,0.425262626262626,0.636828282828283
"4867",0.0547878787878788,0.0758383838383838,0.209,0.209868686868687,0.351505050505051
"4868",0.0391212121212121,0.170767676767677,0.190868686868687,0.199262626262626,NA
"4869",0.0637878787878788,0.0637878787878788,0.213676767676768,0.529808080808081,0.529808080808081
"4870",0.0523232323232323,0.20749494949495,0.463444444444444,0.463444444444444,0.463454545454546
"4871",0.176131313131313,0.176131313131313,0.364919191919192,0.379555555555556,0.379555555555556
"4872",0.0605959595959596,0.0605959595959596,0.367151515151515,0.696414141414141,0.696414141414141
"4873",0.092020202020202,0.092020202020202,0.467373737373737,0.467373737373737,0.542848484848485
"4874",0.0393838383838384,0.0528181818181818,0.406717171717172,0.491969696969697,NA
"4875",0.145727272727273,0.159676767676768,0.419191919191919,0.419191919191919,0.639131313131313
"4876",0.0513232323232323,0.0513232323232323,0.389656565656566,0.389686868686869,0.54949494949495
"4877",0.18589898989899,0.18589898989899,0.504676767676768,0.597828282828283,NA
"4878",0.0478282828282828,0.0686363636363636,0.603747474747475,0.604818181818182,0.777252525252525
"4879",0.0482020202020202,0.200848484848485,0.278989898989899,0.278989898989899,0.368646464646465
"4880",0.0911515151515152,0.0937373737373737,0.503373737373737,0.549515151515152,0.549515151515152
"4881",0.0372828282828283,0.315060606060606,0.33289898989899,0.791171717171717,NA
"4882",0.125686868686869,0.125686868686869,0.386232323232323,0.386232323232323,0.618484848484849
"4883",0.144121212121212,0.258050505050505,0.358474747474748,0.557888888888889,0.557888888888889
"4884",0.0709393939393939,0.123272727272727,0.359373737373737,0.366666666666667,0.473535353535354
"4885",0.0455959595959596,0.0576565656565657,0.510777777777778,0.510818181818182,NA
"4886",0.0608989898989899,0.0764141414141414,0.48779797979798,0.499737373737374,0.499737373737374
"4887",0.0903939393939394,0.0917575757575758,0.437393939393939,0.437393939393939,0.437393939393939
"4888",0.0368080808080808,0.0471111111111111,0.335141414141414,NA,NA
"4889",0.108010101010101,0.108010101010101,0.389666666666667,0.454969696969697,0.50710101010101
"4890",0.0398282828282828,0.0565858585858586,0.412747474747475,0.552636363636364,0.552636363636364
"4891",0.0551212121212121,0.111636363636364,0.396080808080808,0.396080808080808,0.596242424242424
"4892",0.0596565656565657,0.0596565656565657,0.381636363636364,0.381838383838384,0.381838383838384
"4893",0.0793030303030303,0.144535353535354,0.353070707070707,0.386222222222222,0.386222222222222
"4894",0.0503434343434343,0.15930303030303,0.474959595959596,0.474959595959596,NA
"4895",0.0570505050505051,0.121979797979798,0.546313131313131,0.552858585858586,0.552858585858586
"4896",0.120171717171717,0.171060606060606,0.233454545454545,0.24859595959596,0.411676767676768
"4897",0.0465252525252525,0.145292929292929,0.290020202020202,0.644787878787879,0.645828282828283
"4898",0.0441010101010101,0.0678484848484849,0.308686868686869,0.308686868686869,0.308686868686869
"4899",0.15230303030303,0.15230303030303,0.15230303030303,0.369323232323232,0.552616161616162
"4900",0.0371717171717172,0.25869696969697,0.368707070707071,0.368707070707071,0.458333333333333
"4901",0.0581010101010101,0.0998383838383839,0.0998383838383839,0.294080808080808,0.294080808080808
"4902",0.0830404040404041,0.0938282828282828,0.394535353535354,0.394535353535354,0.394535353535354
"4903",0.0665353535353535,0.0777272727272727,0.28879797979798,0.28879797979798,0.290878787878788
"4904",0.0434141414141414,0.311616161616162,0.482222222222222,0.482222222222222,0.482222222222222
"4905",0.0494040404040404,0.353585858585859,0.432020202020202,0.432020202020202,0.432020202020202
"4906",0.047040404040404,0.0675858585858586,0.439888888888889,0.501313131313131,NA
"4907",0.0555959595959596,0.0680606060606061,0.324676767676768,0.411888888888889,0.60989898989899
"4908",0.0506868686868687,0.0606969696969697,0.427141414141414,0.501181818181818,0.507010101010101
"4909",0.0447171717171717,0.0952828282828283,0.178505050505051,0.448464646464647,0.451040404040404
"4910",0.0578686868686869,0.249343434343434,0.44069696969697,0.44069696969697,0.44069696969697
"4911",0.0447171717171717,0.0524040404040404,0.317606060606061,0.317606060606061,0.317606060606061
"4912",0.0781616161616162,0.131656565656566,0.437575757575758,0.437575757575758,0.441121212121212
"4913",0.0846060606060606,0.108181818181818,0.316989898989899,0.323505050505051,0.539979797979798
"4914",0.179292929292929,0.330616161616162,0.415060606060606,0.415060606060606,0.561818181818182
"4915",0.0457878787878788,0.0798080808080808,0.274787878787879,0.274787878787879,0.448030303030303
"4916",0.0435151515151515,0.346060606060606,0.48469696969697,0.489010101010101,NA
"4917",0.0520606060606061,0.188555555555556,0.188555555555556,0.626848484848485,NA
"4918",0.0758686868686869,0.119464646464646,0.425161616161616,0.592353535353535,0.732676767676768
"4919",0.0389191919191919,0.0507878787878788,0.380515151515152,0.387282828282828,0.589090909090909
"4920",0.142969696969697,0.142969696969697,0.471262626262626,0.471262626262626,0.471262626262626
"4921",0.0971717171717172,0.0977272727272727,0.349010101010101,0.353969696969697,0.615585858585859
"4922",0.122040404040404,0.122040404040404,0.414121212121212,0.428737373737374,0.691111111111111
"4923",0.0748989898989899,0.0782929292929293,0.331656565656566,0.335292929292929,NA
"4924",0.0577676767676768,0.0577676767676768,0.393030303030303,0.394727272727273,0.394727272727273
"4925",0.080979797979798,0.236909090909091,0.236949494949495,0.236949494949495,0.320161616161616
"4926",0.0832828282828283,0.0832929292929293,0.424373737373737,0.560747474747475,0.560747474747475
"4927",0.0398888888888889,0.0398888888888889,0.568717171717172,0.568717171717172,NA
"4928",0.128888888888889,0.129090909090909,0.380636363636364,0.50679797979798,0.513010101010101
"4929",0.161151515151515,0.161151515151515,0.425565656565657,0.642252525252525,0.642252525252525
"4930",0.0674141414141414,0.0674141414141414,0.35710101010101,0.35710101010101,0.415252525252525
"4931",0.0461010101010101,0.144727272727273,0.310505050505051,0.339222222222222,NA
"4932",0.052040404040404,0.155060606060606,0.385464646464647,0.385464646464647,0.626727272727273
"4933",0.0517070707070707,0.0517070707070707,0.321787878787879,0.346979797979798,0.424060606060606
"4934",0.0512424242424242,0.14249494949495,0.483414141414141,0.483414141414141,0.570909090909091
"4935",0.0747777777777778,0.101151515151515,0.531636363636364,0.531636363636364,0.573535353535354
"4936",0.0744646464646465,0.186313131313131,0.308292929292929,0.322191919191919,NA
"4937",0.121585858585859,0.142676767676768,0.415939393939394,0.415939393939394,0.415939393939394
"4938",0.062010101010101,0.062010101010101,0.494181818181818,0.494181818181818,0.494181818181818
"4939",0.0754545454545455,0.119929292929293,0.418343434343434,0.449050505050505,0.457272727272727
"4940",0.0789393939393939,0.132616161616162,0.336171717171717,0.336181818181818,0.398424242424242
"4941",0.0742525252525253,0.0742525252525253,0.322848484848485,0.322848484848485,0.322848484848485
"4942",0.0567272727272727,0.129979797979798,0.465282828282828,0.465282828282828,0.465444444444444
"4943",0.0465151515151515,0.242363636363636,0.242363636363636,0.281747474747475,0.354131313131313
"4944",0.0436464646464646,0.0547474747474748,0.464474747474748,0.464474747474748,0.464474747474748
"4945",0.0645959595959596,0.0645959595959596,0.404626262626263,0.404626262626263,0.404626262626263
"4946",0.0597373737373737,0.128474747474747,0.294929292929293,0.395313131313131,0.395313131313131
"4947",0.0797373737373737,0.0797373737373737,0.359636363636364,0.359636363636364,0.359636363636364
"4948",0.055989898989899,0.129161616161616,0.31630303030303,0.316666666666667,0.316666666666667
"4949",0.0527575757575758,0.0527575757575758,0.358606060606061,0.358606060606061,0.358606060606061
"4950",0.0737575757575758,0.135787878787879,0.402363636363636,0.557989898989899,NA
"4951",0.0894545454545455,0.0921919191919192,0.292959595959596,0.292959595959596,0.411191919191919
"4952",0.0834747474747475,0.0834747474747475,0.291525252525253,0.329737373737374,0.332333333333333
"4953",0.103606060606061,0.103606060606061,0.236232323232323,0.236232323232323,0.325323232323232
"4954",0.102545454545455,0.102636363636364,0.337333333333333,0.337333333333333,0.337333333333333
"4955",0.0600909090909091,0.0600909090909091,0.322060606060606,0.421909090909091,NA
"4956",0.0475858585858586,0.0612121212121212,0.500585858585859,0.543717171717172,0.543717171717172
"4957",0.0893636363636364,0.0893636363636364,0.566,0.566,0.572393939393939
"4958",0.180343434343434,0.180343434343434,0.592888888888889,0.592888888888889,0.654242424242424
"4959",0.0788585858585859,0.0788585858585859,0.465717171717172,0.465717171717172,NA
"4960",0.0546060606060606,0.27740404040404,0.456808080808081,0.456808080808081,0.456818181818182
"4961",0.0714444444444444,0.0807878787878788,0.570060606060606,0.570060606060606,0.570060606060606
"4962",0.0548686868686869,0.189020202020202,0.463505050505051,0.548686868686869,NA
"4963",0.0570808080808081,0.0570808080808081,0.514707070707071,0.514707070707071,0.532959595959596
"4964",0.159444444444444,0.159444444444444,0.391727272727273,0.680434343434344,0.680434343434344
"4965",0.036969696969697,0.051,0.329262626262626,0.483545454545455,NA
"4966",0.135454545454545,0.135454545454545,0.493191919191919,0.493191919191919,0.493191919191919
"4967",0.052010101010101,0.125505050505051,0.318959595959596,0.318959595959596,0.498555555555556
"4968",0.126727272727273,0.126727272727273,0.410171717171717,0.410171717171717,0.410242424242424
"4969",0.204323232323232,0.204323232323232,0.254282828282828,0.322535353535354,0.622333333333333
"4970",0.056040404040404,0.157666666666667,0.531656565656566,NA,NA
"4971",0.162525252525253,0.162525252525253,0.65740404040404,0.65740404040404,0.65740404040404
"4972",0.112545454545455,0.112565656565657,0.413242424242424,0.413242424242424,0.654434343434343
"4973",0.0562929292929293,0.0777979797979798,0.425161616161616,0.425161616161616,0.425161616161616
"4974",0.0847070707070707,0.0943030303030303,0.421666666666667,0.421666666666667,0.575818181818182
"4975",0.0397676767676768,0.0594343434343434,0.284606060606061,0.638505050505051,0.795919191919192
"4976",0.0790909090909091,0.0790909090909091,0.352373737373737,0.548747474747475,0.695929292929293
"4977",0.0627070707070707,0.090969696969697,0.18559595959596,0.357555555555556,0.506969696969697
"4978",0.122888888888889,0.223979797979798,0.365636363636364,0.428939393939394,0.429646464646465
"4979",0.0531111111111111,0.0531111111111111,0.304121212121212,0.304121212121212,0.304121212121212
"4980",0.0357777777777778,0.262414141414141,0.262414141414141,0.262414141414141,0.386333333333333
"4981",0.174787878787879,0.174787878787879,0.372353535353535,0.372353535353535,0.372353535353535
"4982",0.152747474747475,0.152747474747475,0.45259595959596,0.461262626262626,0.461262626262626
"4983",0.12,0.12,0.484808080808081,0.484808080808081,0.793555555555556
"4984",0.130282828282828,0.130282828282828,0.480969696969697,0.480969696969697,0.480969696969697
"4985",0.0443535353535354,0.192323232323232,0.352212121212121,0.37279797979798,0.590161616161616
"4986",0.0793131313131313,0.156464646464646,0.297858585858586,0.484909090909091,0.48969696969697
"4987",0.0592626262626263,0.0592626262626263,0.523484848484849,0.523484848484849,0.523484848484849
"4988",0.0456363636363636,0.0534848484848485,0.394949494949495,0.45710101010101,0.45710101010101
"4989",0.105525252525253,0.105525252525253,0.240323232323232,0.343373737373737,0.343373737373737
"4990",0.0765555555555556,0.146979797979798,0.595666666666667,0.595666666666667,0.595666666666667
"4991",0.0578888888888889,0.132323232323232,0.615545454545455,0.615545454545455,0.615545454545455
"4992",0.137,0.197808080808081,0.558666666666667,0.558666666666667,0.558666666666667
"4993",0.0512828282828283,0.0831818181818182,0.428363636363636,0.431151515151515,0.468484848484849
"4994",0.0547575757575758,0.0547575757575758,0.428909090909091,0.559565656565657,NA
"4995",0.0441616161616162,0.187252525252525,0.564262626262626,0.577929292929293,0.594373737373737
"4996",0.126656565656566,0.269121212121212,0.404151515151515,0.404151515151515,0.404262626262626
"4997",0.0438888888888889,0.0765858585858586,0.371414141414141,0.371444444444444,NA
"4998",0.0475151515151515,0.104141414141414,0.452626262626263,0.452626262626263,0.500050505050505
"4999",0.129585858585859,0.170777777777778,0.321252525252525,0.321252525252525,0.321252525252525
"5000",0.146080808080808,0.241030303030303,0.496121212121212,0.496121212121212,0.546353535353535
